TIMESTAMP,ta,rh,ppfd_in,ws,precip,swc_shallow,sw_in,vpd,ext_rad,interpolated
2008-06-15 22:00:00+00:00,5.101,73.795,,3.797,0.0,,,0.2303626001590074,65.91385678709244,False
2008-06-15 22:30:00+00:00,4.342,76.5,,4.101,0.0,,,0.195881419498461,67.1753048166877,False
2008-06-15 23:00:00+00:00,4.061,75.355,,3.343,0.0,,,0.2014020062346413,74.89267824276835,False
2008-06-15 23:30:00+00:00,4.459,73.84,,3.213,0.0,,,0.2198537838611317,89.73780417196267,False
2008-06-16 00:00:00+00:00,4.328,73.835,,3.134,0.0,,,0.217880622055536,111.45675381439176,False
2008-06-16 00:30:00+00:00,4.279,72.165,,3.026,0.0,,,0.2309895872373525,139.67802051404226,False
2008-06-16 01:00:00+00:00,4.204,70.285,,3.121,0.0,,,0.245292837801395,173.9188744479565,False
2008-06-16 01:30:00+00:00,4.205,71.1,,2.934,0.0,,,0.2385819291114446,213.5936198145628,False
2008-06-16 02:00:00+00:00,4.215,69.665,,3.069,0.0,,,0.2506048022836862,258.0236132702764,False
2008-06-16 02:30:00+00:00,4.698,65.64,,2.597,0.0,,,0.293651847703363,306.4488722470122,False
2008-06-16 03:00:00+00:00,5.332,63.6,,2.38,0.0,,,0.325185597039411,358.0410745880374,False
2008-06-16 03:30:00+00:00,5.641,62.315,,2.276,0.0,,,0.3439884069515295,411.9177271411836,False
2008-06-16 04:00:00+00:00,6.027,60.365,,2.473,0.0,,,0.3716160997575009,467.157260952963,False
2008-06-16 04:30:00+00:00,6.884,56.06,,2.604,0.0,,,0.4371057164361859,522.814794857843,False
2008-06-16 05:00:00+00:00,9.94,46.55,,2.123,0.0,,,0.6544663083195585,577.938297823806,False
2008-06-16 05:30:00+00:00,10.58,41.28,,2.182,0.0,,,0.7504696633703718,631.5848735946498,False
2008-06-16 06:00:00+00:00,11.35,38.945,,1.599,0.0,,,0.8213474726425745,682.8368890777624,False
2008-06-16 06:30:00+00:00,12.13,36.6,,1.619,0.0,,,0.8980504247277696,730.8176705986355,False
2008-06-16 07:00:00+00:00,12.22,37.405,,1.234,0.0,,,0.8919227917752288,774.7064995355914,False
2008-06-16 07:30:00+00:00,12.79,36.45,,1.349,0.0,,,0.9401025011754373,813.7526508320575,False
2008-06-16 08:00:00+00:00,11.74,38.285,,1.121,0.0,,,0.8519558262648869,847.2882342557322,False
2008-06-16 08:30:00+00:00,13.0,36.715,,1.004,0.0,,,0.9491535577765204,874.739618753245,False
2008-06-16 09:00:00+00:00,14.56,32.0,,1.449,0.0,,,1.1288134125537987,895.6372444852386,False
2008-06-16 09:30:00+00:00,14.04,33.3,,1.317,0.0,,,1.0705528822843482,909.6236547058184,False
2008-06-16 10:00:00+00:00,14.61,31.83,,1.01,0.0,,,1.1352987036180224,916.4596101003316,False
2008-06-16 10:30:00+00:00,17.58,27.32,,0.762,0.0,,,1.4632059121093457,916.0281809950868,False
2008-06-16 11:00:00+00:00,16.49,30.605,,1.377,0.0,,,1.3038091594464165,908.3367474416356,False
2008-06-16 11:30:00+00:00,19.1,23.235,,1.127,0.0,,,1.700059013720725,893.5168729642537,False
2008-06-16 12:00:00+00:00,18.43,25.39,,1.682,0.0,,,1.5845502532248443,871.8220541306283,False
2008-06-16 12:30:00+00:00,17.78,26.87,,1.721,0.0,,,1.490950964943377,843.6233844400763,False
2008-06-16 13:00:00+00:00,17.3,27.955,,0.984,0.0,,,1.4249892105517474,809.4032066995763,False
2008-06-16 13:30:00+00:00,20.04,24.425,,1.424,0.0,,,1.7743530330044175,769.7468624649309,False
2008-06-16 14:00:00+00:00,19.47,24.53,,1.969,0.0,,,1.710330735612869,725.3326796746076,False
2008-06-16 14:30:00+00:00,18.36,26.925,,1.743,0.0,,,1.5451533918746736,676.9203697393908,False
2008-06-16 15:00:00+00:00,17.71,29.895,,1.684,0.0,,,1.422986335161165,625.3380325577167,False
2008-06-16 15:30:00+00:00,15.47,34.05,,1.717,0.0,,,1.1608752689667754,571.4679917380433,False
2008-06-16 16:00:00+00:00,15.09,35.485,,1.439,0.0,,,1.1082135483706763,516.2317023189107,False
2008-06-16 16:30:00+00:00,15.2,35.705,,1.843,0.0,,,1.1122797164966125,460.5739891426358,False
2008-06-16 17:00:00+00:00,14.72,37.805,,0.376,0.0,,,1.0431776028772568,405.44688548746,False
2008-06-16 17:30:00+00:00,13.2,36.695,,3.367,0.0,,,0.9619571886558692,351.79334840086307,False
2008-06-16 18:00:00+00:00,12.42,34.195,,3.799,0.0,,,0.9500896001821446,300.531129285432,False
2008-06-16 18:30:00+00:00,11.22,41.1,,3.668,0.0,,,0.7855482049366406,252.5370756332894,False
2008-06-16 19:00:00+00:00,9.52,47.89,,3.685,0.0,,,0.6202922635515123,208.63213242995224,False
2008-06-16 19:30:00+00:00,8.37,53.13,,2.853,0.0,,,0.5161454137080503,169.567299780607,False
2008-06-16 20:00:00+00:00,8.44,53.86,,2.485,0.0,,,0.5105298589406105,136.01078695536452,False
2008-06-16 20:30:00+00:00,8.16,57.015,,2.365,0.0,,,0.4666460277716913,108.536582585163,False
2008-06-16 21:00:00+00:00,7.798,59.53,,2.116,0.0,,,0.4286272439799387,87.61463651638039,False
2008-06-16 21:30:00+00:00,7.691,60.31,,2.247,0.0,,,0.4173031821903964,73.60282126464514,False
2008-06-16 22:00:00+00:00,7.268,64.415,,1.491,0.0,,,0.3634582551564692,66.7408105679954,False
2008-06-16 22:30:00+00:00,6.998,66.29,,1.686,0.0,,,0.3379804029411141,67.74361201145477,False
2008-06-16 23:00:00+00:00,6.28,70.375,,2.491,0.0,,,0.2826723387923194,75.35810493180081,False
2008-06-16 23:30:00+00:00,4.73,78.165,,1.549,0.0,,,0.1870280961687622,90.10036973472602,False
2008-06-17 00:00:00+00:00,4.473,81.405,,1.025,0.0,,,0.1564297788179482,111.71823763448792,False
2008-06-17 00:30:00+00:00,5.386,77.735,,1.23,0.0,,,0.1996583727576605,139.84193173309572,False
2008-06-17 01:00:00+00:00,7.988,68.26,,2.065,0.0,,,0.3405541255019264,173.99039211648446,False
2008-06-17 01:30:00+00:00,6.368,68.14,,3.06,0.0,,,0.3058536614001175,213.5795044607424,False
2008-06-17 02:00:00+00:00,7.617,62.44,,3.116,0.0,,,0.392914514169878,257.9320913967679,False
2008-06-17 02:30:00+00:00,6.429,64.21,,2.894,0.0,,,0.345032915131646,306.2894957294022,False
2008-06-17 03:00:00+00:00,6.949,63.435,,2.789,0.0,,,0.3653714541181473,357.8245573783058,False
2008-06-17 03:30:00+00:00,6.692,65.65,,2.825,0.0,,,0.3372165682277352,411.65576206806816,False
2008-06-17 04:00:00+00:00,8.17,57.595,,2.722,0.0,,,0.4606631789291663,466.8623197522854,False
2008-06-17 04:30:00+00:00,9.44,54.28,,2.857,0.0,,,0.5413032850134067,522.4999148528248,False
2008-06-17 05:00:00+00:00,8.38,58.065,,2.275,0.0,,,0.4621139138967896,577.6168589045192,False
2008-06-17 05:30:00+00:00,8.93,54.89,,2.065,0.0,,,0.5159981323902454,631.2703693120368,False
2008-06-17 06:00:00+00:00,11.25,45.395,,1.645,0.0,,,0.7297183473658624,682.5426957686237,False
2008-06-17 06:30:00+00:00,12.39,44.03,,1.171,0.0,,,0.8064990518779264,730.5568184924601,False
2008-06-17 07:00:00+00:00,14.05,37.78,,1.271,0.0,,,0.9992962107049244,774.4914497601127,False
2008-06-17 07:30:00+00:00,16.52,31.4,,0.042,0.0,,,1.2913360400404696,813.5950821342492,False
2008-06-17 08:00:00+00:00,14.75,34.94,,1.244,0.0,,,1.0933469202699142,847.1988430888845,False
2008-06-17 08:30:00+00:00,16.56,31.765,,0.894,0.0,,,1.2877388207669087,874.7279361524398,False
2008-06-17 09:00:00+00:00,16.29,31.915,,0.88,0.0,,,1.263000399642709,895.7114728665792,False
2008-06-17 09:30:00+00:00,15.87,34.14,,1.054,0.0,,,1.1893891563538057,909.7905273841138,False
2008-06-17 10:00:00+00:00,20.38,25.94,,1.08,0.0,,,1.7757124314306174,916.7242759314177,False
2008-06-17 10:30:00+00:00,16.53,32.57,,0.881,0.0,,,1.2701198635337625,916.3941161192536,False
2008-06-17 11:00:00+00:00,19.87,27.705,,1.868,0.0,,,1.679567463995352,908.8056956410214,False
2008-06-17 11:30:00+00:00,18.59,31.47,,1.983,0.0,,,1.4700861184634813,894.0888156575548,False
2008-06-17 12:00:00+00:00,19.05,30.98,,2.323,0.0,,,1.5237770469320684,872.4952105213728,False
2008-06-17 12:30:00+00:00,17.32,35.215,,2.986,0.0,,,1.283014404013457,844.3942418187657,False
2008-06-17 13:00:00+00:00,18.25,31.755,,0.846,0.0,,,1.4330984224010954,810.2665803839286,False
2008-06-17 13:30:00+00:00,18.34,33.78,,1.752,0.0,,,1.3984505974309462,770.695984355318,False
2008-06-17 14:00:00+00:00,14.61,48.185,,0.454,0.0,,,0.8629236075688402,726.3593139118725,False
2008-06-17 14:30:00+00:00,14.28,52.015,,2.044,0.0,,,0.7822546436218283,678.0149534884031,False
2008-06-17 15:00:00+00:00,14.68,49.99,,2.128,0.0,,,0.8366384008004801,626.4898395098301,False
2008-06-17 15:30:00+00:00,14.19,51.55,,2.038,0.0,,,0.7852407485470841,572.6653155366108,False
2008-06-17 16:00:00+00:00,15.09,48.685,,2.096,0.0,,,0.8814690883459856,517.462056770908,False
2008-06-17 16:30:00+00:00,12.01,70.73,,2.329,0.0,,,0.4113356832175717,461.8243217917802,False
2008-06-17 17:00:00+00:00,10.1,86.3,,0.949,1.5,,,0.1695591263141564,406.7038008954517,False
2008-06-17 17:30:00+00:00,9.41,92.1,,2.965,0.5,,,0.0933433357567515,353.0433373166981,False
2008-06-17 18:00:00+00:00,9.61,94.45,,1.944,0.0,,,0.0664660538116044,301.76079978192377,False
2008-06-17 18:30:00+00:00,10.12,95.35,,0.439,0.0,,,0.0576282927696776,253.7333822557416,False
2008-06-17 19:00:00+00:00,10.38,95.2,,1.005,0.0,,,0.060531849956536,209.7825994356658,False
2008-06-17 19:30:00+00:00,9.93,95.5,,1.333,0.0,,,0.0550630903312209,170.66023464875988,False
2008-06-17 20:00:00+00:00,9.43,95.7,,1.566,0.0,,,0.0508756747451996,137.035480512936,False
2008-06-17 20:30:00+00:00,9.36,94.85,,1.88,0.0,,,0.060645597845914,109.48349232333038,False
2008-06-17 21:00:00+00:00,8.69,92.6,,2.637,0.0,,,0.0832809534586128,88.47554995918165,False
2008-06-17 21:30:00+00:00,8.44,90.8,,2.083,0.0,,,0.1017961573960472,74.37099659286528,False
2008-06-17 22:00:00+00:00,8.21,89.65,,1.78,0.0,,,0.1127430294009224,67.41109209011483,False
2008-06-17 22:30:00+00:00,7.954,88.95,,2.051,0.0,,,0.1182862331419754,68.15500701526042,False
2008-06-17 23:00:00+00:00,7.249,93.35,,1.023,1.0,,,0.0678333057919474,75.66688045592721,False
2008-06-17 23:30:00+00:00,6.666,97.1,,1.263,2.0,,,0.0284185285137004,90.30696630490333,False
2008-06-18 00:00:00+00:00,6.615,97.4,,1.091,0.5,,,0.0253892133747679,111.8248439706368,False
2008-06-18 00:30:00+00:00,6.624,97.55,,1.12,0.0,,,0.0239393096068177,139.8524474376856,False
2008-06-18 01:00:00+00:00,6.896,97.85,,0.999,0.0,,,0.0214054127548536,173.91036108625408,False
2008-06-18 01:30:00+00:00,6.854,98.0,,1.554,0.0,,,0.0198545244874501,213.41602015897777,False
2008-06-18 02:00:00+00:00,7.048,97.15,,2.158,0.0,,,0.0286728337735857,257.69367560494305,False
2008-06-18 02:30:00+00:00,7.159,96.5,,1.435,0.0,,,0.0354818314187383,305.98595285089954,False
2008-06-18 03:00:00+00:00,7.218,96.05,,1.302,0.0,,,0.0402063262677118,357.46680678548887,False
2008-06-18 03:30:00+00:00,7.07,95.55,,1.531,0.0,,,0.0448376133420662,411.2556513598508,False
2008-06-18 04:00:00+00:00,7.131,94.55,,2.41,0.0,,,0.0551441258675542,466.43242211607,False
2008-06-18 04:30:00+00:00,7.217,93.2,,2.057,0.0,,,0.0692112029855542,522.0533139972326,False
2008-06-18 05:00:00+00:00,7.77,91.1,,2.107,0.0,,,0.0940818287338627,577.1669252418362,False
2008-06-18 05:30:00+00:00,8.26,89.2,,2.152,0.0,,,0.1180459805323694,630.8305312196268,False
2008-06-18 06:00:00+00:00,8.79,88.1,,2.13,0.0,,,0.1348356856905193,682.1262098428923,False
2008-06-18 06:30:00+00:00,8.7,89.25,,2.173,0.0,,,0.1210645338147797,730.1765427263607,False
2008-06-18 07:00:00+00:00,9.21,87.75,,2.402,0.0,,,0.1428012512429714,774.1596235256267,False
2008-06-18 07:30:00+00:00,10.71,81.67,,2.029,0.0,,,0.2363074018313053,813.3231167348783,False
2008-06-18 08:00:00+00:00,12.62,74.145,,1.983,0.0,,,0.3782326347096915,846.9971264667232,False
2008-06-18 08:30:00+00:00,15.17,64.395,,2.308,0.0,,,0.6147657940430752,874.6056550922741,False
2008-06-18 09:00:00+00:00,17.64,58.35,,2.03,0.0,,,0.8416850734591204,895.6764557403767,False
2008-06-18 09:30:00+00:00,15.48,63.75,,1.538,0.0,,,0.6384949874569515,909.8491101279584,False
2008-06-18 10:00:00+00:00,12.02,82.34,,1.994,0.5,,,0.2483424574138995,916.8811935494908,False
2008-06-18 10:30:00+00:00,10.16,95.05,,2.396,1.5,,,0.0615109040376106,916.6524215729016,False
2008-06-18 11:00:00+00:00,11.69,94.1,,2.277,0.5,,,0.0811786452791978,909.1667075123888,False
2008-06-18 11:30:00+00:00,11.16,95.05,,2.188,0.5,,,0.0657554103652331,894.5520954850001,False
2008-06-18 12:00:00+00:00,13.59,86.99,,2.293,0.0,,,0.2027909702319594,873.0585701961978,False
2008-06-18 12:30:00+00:00,13.14,84.16,,2.791,0.0,,,0.2397558776604199,845.0537809184377,False
2008-06-18 13:00:00+00:00,11.39,92.85,,2.026,0.5,,,0.0964415558303167,811.0167528046936,False
2008-06-18 13:30:00+00:00,11.0,95.6,,1.167,1.5,,,0.0578306607917225,771.529693105743,False
2008-06-18 14:00:00+00:00,11.07,96.6,,2.072,1.0,,,0.0448959063926174,727.2680324468773,False
2008-06-18 14:30:00+00:00,11.36,95.85,,1.658,0.0,,,0.0558652749565758,678.9888715091691,False
2008-06-18 15:00:00+00:00,10.97,96.45,,1.239,0.5,,,0.0465657665883479,627.5180307362247,False
2008-06-18 15:30:00+00:00,11.13,96.8,,1.562,0.0,,,0.0424238743785667,573.7359245825359,False
2008-06-18 16:00:00+00:00,10.2,96.9,,2.489,0.5,,,0.0386253416488312,518.5625019261764,False
2008-06-18 16:30:00+00:00,8.83,97.25,,3.223,0.5,,,0.0312440604328643,462.9415102415821,False
2008-06-18 17:00:00+00:00,8.4,97.55,,3.181,1.5,,,0.0270351613513673,407.8243526955417,False
2008-06-18 17:30:00+00:00,8.44,97.0,,2.966,0.0,,,0.0331943991508849,354.1538142925955,False
2008-06-18 18:00:00+00:00,8.19,96.95,,2.492,0.0,,,0.0331785788397362,302.84793543562705,False
2008-06-18 18:30:00+00:00,8.1,97.0,,2.675,0.0,,,0.0324352045902962,254.78430874638897,False
2008-06-18 19:00:00+00:00,7.55,97.3,,2.419,0.0,,,0.0281154417448113,210.7850677502594,False
2008-06-18 19:30:00+00:00,7.185,97.4,,2.91,0.0,,,0.026405033833728,171.60282419548432,False
2008-06-18 20:00:00+00:00,6.838,97.05,,2.966,0.0,,,0.0292531778657685,137.9077945503831,False
2008-06-18 20:30:00+00:00,6.544,97.25,,3.003,0.0,,,0.026722724076802,110.276335881171,False
2008-06-18 21:00:00+00:00,6.43,97.2,,2.722,0.0,,,0.0269952197871415,89.1810872053006,False
2008-06-18 21:30:00+00:00,6.268,97.45,,2.756,0.0,,,0.024311098347456,74.982884953448,False
2008-06-18 22:00:00+00:00,6.032,97.6,,2.852,0.0,,,0.0225101006410111,67.92459082693229,False
2008-06-18 22:30:00+00:00,5.736,97.9,7.1,3.541,0.0,,3.3583,0.0192958055816716,68.40950760538853,False
2008-06-18 23:00:00+00:00,5.549,98.3,7.1,3.302,0.0,,3.3583,0.0154185767494657,75.81910022483679,False
2008-06-18 23:30:00+00:00,5.519,98.9,9.1,2.633,0.0,,4.3043,0.0099559130097759,90.35776605807398,False
2008-06-19 00:00:00+00:00,5.477,99.2,9.1,2.964,0.0,,4.3043,0.0072195191591649,111.77681958670846,False
2008-06-19 00:30:00+00:00,5.422,99.2,8.7,2.872,0.0,,4.115099999999999,0.0071919116745779,139.70988552822612,False
2008-06-19 01:00:00+00:00,5.468,99.1,8.7,2.913,0.0,,4.115099999999999,0.0081168695976268,173.67916572698178,False
2008-06-19 01:30:00+00:00,5.354,98.8,22.3,3.322,0.0,,10.5479,0.0107368609189005,213.10361194498077,False
2008-06-19 02:00:00+00:00,5.392,97.4,22.3,3.449,0.0,,10.5479,0.0233248998054956,257.3088647560272,False
2008-06-19 02:30:00+00:00,5.378,96.75,58.2,3.245,0.0,,27.5286,0.0291276888315269,305.5387885371832,False
2008-06-19 03:00:00+00:00,5.192,96.65,58.2,3.2,0.0,,27.5286,0.0296368904815919,356.9684052504678,False
2008-06-19 03:30:00+00:00,5.178,96.7,29.7,2.913,0.0,,14.0481,0.0291660278531526,410.71800578089113,False
2008-06-19 04:00:00+00:00,5.22,96.35,29.7,3.339,0.0,,14.0481,0.0323541137179747,465.8681974549773,False
2008-06-19 04:30:00+00:00,5.325,95.85,74.8,2.721,0.0,,35.380399999999995,0.0370566391237603,521.475630350397,False
2008-06-19 05:00:00+00:00,5.467,95.3,74.8,3.251,0.0,,35.380399999999995,0.0423851445512952,576.5891333964321,False
2008-06-19 05:30:00+00:00,5.55,93.3,103.5,3.541,0.0,,48.9555,0.0607715616035419,630.265984255718,False
2008-06-19 06:00:00+00:00,5.427,91.7,103.5,3.938,0.0,,48.9555,0.0746420826030805,681.5880346891191,False
2008-06-19 06:30:00+00:00,5.177,92.55,165.8,3.656,0.0,,78.4234,0.0658399203834397,729.6774155778511,False
2008-06-19 07:00:00+00:00,5.399,91.9,165.8,3.153,0.0,,78.4234,0.0727014923792636,773.7115529666613,False
2008-06-19 07:30:00+00:00,5.381,91.5,189.7,3.53,0.0,,89.72809999999998,0.0761960404921892,812.937238277273,False
2008-06-19 08:00:00+00:00,5.861,89.6,189.7,3.561,0.0,,89.72809999999998,0.0963934718728594,846.6835120195519,False
2008-06-19 08:30:00+00:00,5.941,88.6,275.9,4.032,0.0,,130.5007,0.1062503328651291,874.3731406232306,False
2008-06-19 09:00:00+00:00,,,,,0.0,,,,,False
2008-06-19 09:30:00+00:00,,,,,0.0,,,,,False
2008-06-19 10:00:00+00:00,,,,,0.0,,,,,False
2008-06-19 10:30:00+00:00,,,,,0.0,,,,,False
2008-06-19 11:00:00+00:00,5.941,88.6,275.9,4.148,0.0,,130.5007,0.1062503328651291,909.419776931585,False
2008-06-19 11:30:00+00:00,5.941,88.6,269.4,3.645,0.0,,127.42619999999998,0.1062503328651291,894.9066293322664,False
2008-06-19 12:00:00+00:00,5.941,88.6,269.4,4.237,0.0,,127.42619999999998,0.1062503328651291,873.5119752011012,False
2008-06-19 12:30:00+00:00,5.941,88.6,241.8,4.267,0.0,,114.3714,0.1062503328651291,845.6017723742034,False
2008-06-19 13:00:00+00:00,8.74,78.89,241.8,4.168,0.0,,114.3714,0.2383825515982097,811.6534278348391,False
2008-06-19 13:30:00+00:00,8.66,78.615,255.5,3.946,0.0,,120.8515,0.2401815124927145,772.2476316165623,False
2008-06-19 14:00:00+00:00,8.13,78.565,255.5,3.692,0.0,,120.8515,0.2322237384942208,728.0584240390314,False
2008-06-19 14:30:00+00:00,8.14,80.995,279.2,3.825,0.0,,132.0616,0.2060377801325504,679.8416661774606,False
2008-06-19 15:00:00+00:00,7.96,78.435,279.2,3.795,0.0,,132.0616,0.2309400021624663,628.4221107796317,False
2008-06-19 15:30:00+00:00,7.382,84.835,172.1,4.202,0.0,,81.40329999999999,0.1561081191220606,574.6792947835662,False
2008-06-19 16:00:00+00:00,6.508,89.95,172.1,4.356,0.0,,81.40329999999999,0.0974169882540775,519.5324947459969,False
2008-06-19 16:30:00+00:00,5.601,90.05,112.4,4.554,0.0,,53.1652,0.0905711679518912,463.9250025204431,False
2008-06-19 17:00:00+00:00,5.589,89.0,112.4,4.519,0.0,,53.1652,0.1000453652722314,408.8079901511024,False
2008-06-19 17:30:00+00:00,5.021,91.85,103.1,4.542,0.5,,48.7663,0.0712454756709123,355.12423997519176,False
2008-06-19 18:00:00+00:00,4.236,93.3,103.1,3.72,0.5,,48.7663,0.0554321917890851,303.7920182320138,False
2008-06-19 18:30:00+00:00,3.968,93.85,43.9,3.49,0.5,,20.7647,0.0499301109483849,255.68936802233657,False
2008-06-19 19:00:00+00:00,3.758,95.65,43.9,3.696,0.5,,20.7647,0.0347967371004243,211.6390902886196,False
2008-06-19 19:30:00+00:00,3.681,95.85,22.7,3.695,1.0,,10.7371,0.0330167147919956,172.39466971803284,False
2008-06-19 20:00:00+00:00,3.721,95.6,22.7,3.543,0.5,,10.7371,0.0351047935212197,138.6273863070681,False
2008-06-19 20:30:00+00:00,3.805,94.8,34.1,3.338,0.5,,16.1293,0.0417344327423657,110.91483304586362,False
2008-06-19 21:00:00+00:00,3.657,94.55,34.1,2.867,0.5,,16.1293,0.0432857826584561,89.73103612842228,False
2008-06-19 21:30:00+00:00,3.602,94.4,17.8,2.391,1.0,,8.4194,0.0443044453884863,75.43834668357087,False
2008-06-19 22:00:00+00:00,3.568,94.3,17.8,2.033,0.5,,8.4194,0.0449872376508179,68.28124271945042,False
2008-06-19 22:30:00+00:00,3.496,94.2,7.1,2.338,1.0,,3.3583,0.0455437668767311,68.50717809410715,False
2008-06-19 23:00:00+00:00,3.329,95.25,7.1,2.686,0.5,,3.3583,0.0368599946145576,75.81490596697395,False
2008-06-19 23:30:00+00:00,3.24,95.9,5.5,2.604,0.5,,2.6015,0.0316157620825976,90.25298689178948,False
2008-06-20 00:00:00+00:00,3.245,95.55,5.5,2.544,1.0,,2.6015,0.0343268459133005,111.5744560016678,False
2008-06-20 00:30:00+00:00,3.237,95.8,3.9,2.227,0.5,,1.8447,0.0323799840401049,139.41460734005184,False
2008-06-20 01:00:00+00:00,3.225,95.3,3.9,1.845,0.0,,1.8447,0.0362038988047347,173.29723219281,False
2008-06-20 01:30:00+00:00,3.153,95.55,5.5,1.821,0.5,,2.6015,0.0341033919482534,212.6427646868304,False
2008-06-20 02:00:00+00:00,3.133,95.45,5.5,1.631,0.0,,2.6015,0.0348202655490216,256.77819532388423,False
2008-06-20 02:30:00+00:00,3.11,95.45,6.3,1.902,0.0,,2.9799,0.0347634231322595,304.9485828777761,False
2008-06-20 03:00:00+00:00,3.105,95.65,6.3,1.967,0.0,,2.9799,0.0332235570483871,356.329967742568,False
2008-06-20 03:30:00+00:00,3.191,95.05,14.9,1.994,0.0,,7.0477,0.0380377269054786,410.0434658478914,False
2008-06-20 04:00:00+00:00,3.236,94.85,14.9,1.925,0.0,,7.0477,0.0397012105378994,465.17030206328025,False
2008-06-20 04:30:00+00:00,3.169,95.75,14.5,2.137,0.0,,6.858499999999999,0.0326076820151169,520.7675259438109,False
2008-06-20 05:00:00+00:00,3.297,95.5,14.5,1.975,0.0,,6.858499999999999,0.0348408362966121,575.8841409974901,False
2008-06-20 05:30:00+00:00,3.666,94.3,84.9,2.606,0.0,,40.1577,0.0453001892419027,629.5773715815635,False
2008-06-20 06:00:00+00:00,3.747,93.55,84.9,2.729,0.0,,40.1577,0.0515550758240792,680.9287891808964,False
2008-06-20 06:30:00+00:00,3.936,92.95,140.0,2.829,0.0,,66.22,0.0571079031358095,729.0600222265977,False
2008-06-20 07:00:00+00:00,4.303,92.3,140.0,2.44,0.0,,66.22,0.0640066432834247,773.147780736907,False
2008-06-20 07:30:00+00:00,4.405,92.9,177.4,2.092,0.0,,83.9102,0.0594438481273784,812.4379387821311,False
2008-06-20 08:00:00+00:00,4.817,90.7,177.4,1.853,0.0,,83.9102,0.0801463134612219,846.2584338916281,False
2008-06-20 08:30:00+00:00,4.745,89.0,266.7,1.794,0.0,,126.1491,0.0943197952553622,874.0307627569924,False
2008-06-20 09:00:00+00:00,5.264,84.11,266.7,2.274,0.0,,126.1491,0.1412843283171029,895.2798765962447,False
2008-06-20 09:30:00+00:00,5.711,81.545,341.7,1.819,0.0,,161.6241,0.1692789923527227,909.6423069176182,False
2008-06-20 10:00:00+00:00,6.006,80.265,341.7,1.836,0.0,,161.6241,0.1847653236363848,916.8723826908576,False
2008-06-20 10:30:00+00:00,6.483,78.78,536.6,2.346,0.0,,253.8118,0.2053355971950794,916.8464325805328,False
2008-06-20 11:00:00+00:00,6.725,77.165,536.6,2.422,0.0,,253.8118,0.2246834723763227,909.564900361636,False
2008-06-20 11:30:00+00:00,7.184,75.26,474.6,2.26,0.0,,224.4858,0.2512368015074501,895.1523373329358,False
2008-06-20 12:00:00+00:00,7.791,71.865,474.6,2.686,0.0,,224.4858,0.2978419036617017,873.855271857754,False
2008-06-20 12:30:00+00:00,7.931,71.945,594.3,3.163,0.0,,281.10389999999995,0.2998476350677264,846.0379924737553,False
2008-06-20 13:00:00+00:00,7.903,74.27,594.3,3.152,0.0,,281.10389999999995,0.2744733797805716,812.1763167020591,False
2008-06-20 13:30:00+00:00,7.874,74.66,423.1,2.826,0.0,,200.1263,0.2697784787785127,772.849452140648,False
2008-06-20 14:00:00+00:00,8.35,73.59,423.1,2.983,0.0,,200.1263,0.2904389716718114,728.7300890589524,False
2008-06-20 14:30:00+00:00,8.58,74.015,459.9,3.141,0.0,,217.5327,0.2902656063347474,680.5728939606283,False
2008-06-20 15:00:00+00:00,8.84,72.5,459.9,3.32,0.0,,217.5327,0.3126523020947893,629.2016009333597,False
2008-06-20 15:30:00+00:00,8.92,73.475,425.2,3.076,0.0,,201.1196,0.3032052740959186,575.494921589445,False
2008-06-20 16:00:00+00:00,8.67,74.49,425.2,3.519,0.0,,201.1196,0.2867050568546403,520.3715146090295,False
2008-06-20 16:30:00+00:00,8.73,74.1,345.6,3.523,0.0,,163.46880000000002,0.2922749473530696,464.7742719836376,False
2008-06-20 17:00:00+00:00,8.37,75.805,345.6,3.874,0.0,,163.46880000000002,0.2664420372235176,409.6541907452919,False
2008-06-20 17:30:00+00:00,8.35,75.94,269.0,3.92,0.0,,127.237,0.2645952918751905,355.9541060572033,False
2008-06-20 18:00:00+00:00,8.19,76.445,269.0,3.914,0.0,,127.237,0.2562365326458979,304.5925639131973,False
2008-06-20 18:30:00+00:00,7.856,77.345,197.8,3.585,0.0,,93.5594,0.2408967905671196,256.44810930509374,False
2008-06-20 19:00:00+00:00,7.602,78.165,197.8,4.143,0.0,,93.5594,0.2281812515133177,212.3442586107976,False
2008-06-20 19:30:00+00:00,7.059,79.81,177.9,3.782,0.0,,84.1467,0.2032780334686442,173.03541325195786,False
2008-06-20 20:00:00+00:00,6.497,81.05,177.9,3.328,0.0,,84.1467,0.1835472877165664,139.19395556986487,False
2008-06-20 20:30:00+00:00,6.393,81.8,139.3,4.136,0.0,,65.8889,0.1750208498637797,111.39874764598176,False
2008-06-20 21:00:00+00:00,5.975,84.3,139.3,4.247,0.0,,65.8889,0.1466727243508601,90.12522979630184,False
2008-06-20 21:30:00+00:00,5.761,85.6,45.2,3.438,0.0,,21.3796,0.1325441483801708,75.73728810591354,False
2008-06-20 22:00:00+00:00,5.555,86.6,45.2,3.724,0.0,,21.3796,0.1215854280670284,68.48103011067442,False
2008-06-20 22:30:00+00:00,5.464,87.85,43.4,3.553,0.0,,20.5282,0.109547214995254,68.44812914673061,False
2008-06-20 23:00:00+00:00,5.259,89.6,43.4,3.411,0.0,,20.5282,0.0924382956591355,75.6544854665424,False
2008-06-20 23:30:00+00:00,5.145,91.8,21.4,3.376,0.0,,10.1222,0.0723063497703716,89.99289208379186,False
2008-06-21 00:00:00+00:00,5.054,92.95,21.4,2.974,0.0,,10.1222,0.0617718484762803,111.21808907253968,False
2008-06-21 00:30:00+00:00,5.084,92.95,11.3,2.157,0.0,,5.3449,0.061901487297832,138.9670171560397,False
2008-06-21 01:00:00+00:00,5.188,93.4,11.3,2.745,0.0,,5.3449,0.0583727949542049,172.7650278706884,False
2008-06-21 01:30:00+00:00,5.329,93.5,8.2,2.928,0.0,,3.8786,0.0580567104784184,212.0340024761893,False
2008-06-21 02:00:00+00:00,5.449,93.3,8.2,3.404,0.0,,3.8786,0.0603456672515374,256.10224073721935,False
2008-06-21 02:30:00+00:00,5.654,92.75,14.6,2.429,0.0,,6.905799999999999,0.066237805598803,304.21595042811,False
2008-06-21 03:00:00+00:00,5.89,92.05,14.6,3.09,0.0,,6.905799999999999,0.0738338721149066,355.5521410312198,False
2008-06-21 03:30:00+00:00,5.875,92.35,36.4,2.834,0.0,,17.2172,0.0709737558965233,409.23270108117873,False
2008-06-21 04:00:00+00:00,5.594,93.7,36.4,2.375,0.0,,17.2172,0.0573186463657191,464.3394183603219,False
2008-06-21 04:30:00+00:00,5.581,94.55,19.7,2.931,0.0,,9.3181,0.049540346390715,519.9296860233791,False
2008-06-21 05:00:00+00:00,5.733,94.9,19.7,2.561,0.0,,9.3181,0.0468514732441918,575.0526259963441,False
2008-06-21 05:30:00+00:00,5.996,94.85,91.0,3.074,0.0,,43.043,0.048182510060742,628.7653538569983,False
2008-06-21 06:00:00+00:00,6.148,95.0,91.0,2.65,0.0,,43.043,0.0472744940520475,680.1491069844045,False
2008-06-21 06:30:00+00:00,6.484,94.35,95.0,2.931,0.0,,44.935,0.054676072124827,728.3249601035174,False
2008-06-21 07:00:00+00:00,6.969,93.6,95.0,2.917,0.0,,44.935,0.0640392921588112,772.4688594086717,False
2008-06-21 07:30:00+00:00,7.688,91.95,198.4,2.793,0.0,,93.8432,0.0846208515865732,811.8257181053423,False
2008-06-21 08:00:00+00:00,8.49,89.7,198.4,4.252,0.0,,93.8432,0.1143552424930131,845.7223322643139,False
2008-06-21 08:30:00+00:00,9.35,86.8,386.1,5.229,0.0,,182.6253,0.1553363431906959,873.5788960608392,False
2008-06-21 09:00:00+00:00,9.33,86.9,386.1,5.723,0.0,,182.6253,0.1539517237350049,894.9189194291359,False
2008-06-21 09:30:00+00:00,10.16,82.075,168.2,5.458,0.0,,79.55859999999998,0.2227440312877112,909.377378489423,False
2008-06-21 10:00:00+00:00,13.0,76.18,168.2,5.04,0.0,,79.55859999999998,0.3572542900566756,916.7069593332448,False
2008-06-21 10:30:00+00:00,14.3,69.905,1142.0,4.049,0.0,,540.1659999999999,0.4912468427903106,916.7822883662116,False
2008-06-21 11:00:00+00:00,14.55,68.915,1142.0,3.67,0.0,,540.1659999999999,0.5156836147528141,909.6020768473784,False
2008-06-21 11:30:00+00:00,14.56,69.62,545.4,4.237,0.0,,257.9742,0.504313992255653,895.2891429424541,False
2008-06-21 12:00:00+00:00,14.96,71.055,545.4,4.288,0.0,,257.9742,0.4930600598044904,874.0883109133501,False
2008-06-21 12:30:00+00:00,14.1,78.535,194.8,5.424,0.0,,92.1404,0.3458633145585015,846.3622233784439,False
2008-06-21 13:00:00+00:00,14.22,80.58,194.8,5.473,0.0,,92.1404,0.3153573889553459,812.5851382751158,False
2008-06-21 13:30:00+00:00,15.65,76.045,282.6,5.152,0.5,,133.6698,0.4265603810780689,773.3348166279743,False
2008-06-21 14:00:00+00:00,16.2,72.78,282.6,4.954,0.0,,133.6698,0.5020501163821008,729.282639883341,False
2008-06-21 14:30:00+00:00,17.52,68.11,552.8,5.279,0.5,,261.47439999999995,0.6395878027434373,681.1821258538928,False
2008-06-21 15:00:00+00:00,17.24,66.905,552.8,5.895,3.0,,261.47439999999995,0.6521110741904121,629.8560397094366,False
2008-06-21 15:30:00+00:00,18.58,62.22,425.3,3.958,1.0,,201.1669,0.8099385928518834,576.1823204818241,False
2008-06-21 16:00:00+00:00,18.7,59.455,425.3,3.798,0.5,,201.1669,0.8757676289103099,521.0790638125601,False
2008-06-21 16:30:00+00:00,17.04,73.61,109.8,4.179,0.0,,51.9354,0.513449527646262,465.4888178151073,False
2008-06-21 17:00:00+00:00,13.37,90.65,109.8,3.944,0.0,,51.9354,0.1436652899567504,410.36246067289017,False
2008-06-21 17:30:00+00:00,12.87,93.25,100.4,3.863,0.0,,47.4892,0.1003786178908054,356.6429357487224,False
2008-06-21 18:00:00+00:00,13.27,94.1,100.4,3.213,0.0,,47.4892,0.0900650481432042,305.2491224185154,False
2008-06-21 18:30:00+00:00,14.07,90.35,295.8,2.957,0.0,,139.9134,0.1551870095305403,257.0601185208548,False
2008-06-21 19:00:00+00:00,13.86,85.9,295.8,2.819,0.0,,139.9134,0.2236776280009173,212.90020327300917,False
2008-06-21 19:30:00+00:00,13.39,80.19,192.3,2.53,0.0,,90.9579,0.3047836300131167,173.52473786474445,False
2008-06-21 20:00:00+00:00,13.01,80.845,192.3,2.473,0.0,,90.9579,0.2874763830339585,139.60724490225618,False
2008-06-21 20:30:00+00:00,12.57,82.35,98.2,2.106,0.0,,46.4486,0.2573551342873355,111.72788771000582,False
2008-06-21 21:00:00+00:00,12.51,82.6,98.2,1.891,0.0,,46.4486,0.2527115071742194,90.36354655379029,False
2008-06-21 21:30:00+00:00,12.07,82.3,38.7,1.691,0.0,,18.3051,0.2497274309044946,75.87966153265361,False
2008-06-21 22:00:00+00:00,11.81,82.2,38.7,1.679,0.0,,18.3051,0.2468633076518316,68.52398166831598,False
2008-06-21 22:30:00+00:00,11.6,83.0,25.4,1.836,0.0,,12.0142,0.232515246249375,68.2325175879634,False
2008-06-21 23:00:00+00:00,11.34,82.75,25.4,1.826,0.0,,12.0142,0.2319031304063348,75.33807228907729,False
2008-06-21 23:30:00+00:00,11.01,84.75,34.3,1.802,0.0,,16.223899999999997,0.2005692264613416,89.57778993937727,False
2008-06-22 00:00:00+00:00,10.56,87.65,34.3,2.09,0.0,,16.223899999999997,0.1576282450350186,110.70809856752368,False
2008-06-22 00:30:00+00:00,10.35,89.25,18.3,2.353,0.0,,8.655899999999999,0.1352943614081791,138.36756171060165,False
2008-06-22 01:00:00+00:00,10.16,90.2,18.3,2.497,0.0,,8.655899999999999,0.1217791635492089,172.0830608215332,False
2008-06-22 01:30:00+00:00,10.15,90.25,8.1,2.151,1.0,,3.8313,0.1210766886827604,211.27788801407303,False
2008-06-22 02:00:00+00:00,10.34,88.95,8.1,2.364,0.0,,3.8313,0.1389770123233908,255.28161071825056,False
2008-06-22 02:30:00+00:00,10.39,87.9,13.5,2.283,0.0,,6.3855,0.1526927878736367,303.34153951029145,False
2008-06-22 03:00:00+00:00,10.58,88.0,13.5,2.432,0.0,,6.3855,0.1533657350211931,354.635602958497,False
2008-06-22 03:30:00+00:00,10.41,91.15,15.7,2.004,0.0,,7.426099999999999,0.111829721437032,408.28640925933007,False
2008-06-22 04:00:00+00:00,9.99,92.55,15.7,2.252,0.0,,7.426099999999999,0.0915278122626911,463.37625413778994,False
2008-06-22 04:30:00+00:00,10.03,92.0,64.0,2.33,0.0,,30.272,0.0985489827999784,518.9628182999712,False
2008-06-22 05:00:00+00:00,11.32,87.85,64.0,2.49,0.0,,30.272,0.1631238126534397,574.0952859309818,False
2008-06-22 05:30:00+00:00,12.11,84.2,216.0,2.278,0.0,,102.168,0.2235094127366531,627.8306085291646,False
2008-06-22 06:00:00+00:00,13.23,79.955,216.0,2.49,0.0,,102.168,0.3051935176643991,679.2496358814384,False
2008-06-22 06:30:00+00:00,13.29,78.525,265.9,2.578,0.0,,125.77069999999998,0.3282500670872229,727.4728382574343,False
2008-06-22 07:00:00+00:00,14.08,76.4,265.9,2.825,0.0,,125.77069999999998,0.3797711139342772,771.6753508918181,False
2008-06-22 07:30:00+00:00,14.25,74.37,357.3,3.26,0.0,,169.0029,0.4170104385583817,811.1010834169713,False
2008-06-22 08:00:00+00:00,15.08,69.82,357.3,3.029,0.0,,169.0029,0.518086641299852,845.0756529019031,False
2008-06-22 08:30:00+00:00,15.09,70.135,427.9,3.469,0.0,,202.3967,0.513009340805863,873.0179192758911,False
2008-06-22 09:00:00+00:00,15.66,68.43,427.9,4.28,0.0,,202.3967,0.5625190606792496,894.4499258215346,False
2008-06-22 09:30:00+00:00,15.87,65.52,552.8,4.459,0.0,,261.47439999999995,0.6226865792754207,909.0050747034084,False
2008-06-22 10:00:00+00:00,16.83,58.495,552.8,4.126,0.0,,261.47439999999995,0.7968443349731384,916.4343976885212,False
2008-06-22 10:30:00+00:00,17.44,54.565,1182.0,3.968,0.0,,559.086,0.9066544537006525,916.6108147965856,False
2008-06-22 11:00:00+00:00,17.9,48.685,1182.0,3.925,0.0,,559.086,1.0541303156627682,909.5313080350288,False
2008-06-22 11:30:00+00:00,18.35,48.685,1377.0,4.487,0.0,,651.3209999999999,1.084363043897525,895.3169730362605,False
2008-06-22 12:00:00+00:00,18.14,48.89,1377.0,4.244,0.0,,651.3209999999999,1.0658862292356073,874.2109477136036,False
2008-06-22 12:30:00+00:00,18.57,46.32,639.5,4.682,0.0,,302.4835,1.150087067686873,846.5742533660973,False
2008-06-22 13:00:00+00:00,18.46,47.45,639.5,4.637,0.0,,302.4835,1.1181454933980792,812.8796193703545,False
2008-06-22 13:30:00+00:00,17.83,49.035,410.1,3.963,0.0,,193.9773,1.042336081874234,773.7033970885516,False
2008-06-22 14:00:00+00:00,17.55,50.22,410.1,3.299,0.0,,193.9773,1.000283445660195,729.7157013060984,False
2008-06-22 14:30:00+00:00,16.88,53.31,507.7,2.813,0.0,,240.1421,0.8992392914716528,681.6689478306788,False
2008-06-22 15:00:00+00:00,16.44,57.29,507.7,2.277,0.0,,240.1421,0.7998946585280288,630.3849833184581,False
2008-06-22 15:30:00+00:00,16.08,61.48,345.7,3.053,0.0,,163.5161,0.7050473971772243,576.7410274734408,False
2008-06-22 16:00:00+00:00,16.59,59.835,345.7,3.109,0.0,,163.5161,0.7594465428495615,521.6546680804253,False
2008-06-22 16:30:00+00:00,16.66,54.885,404.4,3.474,0.0,,191.2812,0.8568476345908559,466.0681655335878,False
2008-06-22 17:00:00+00:00,16.4,56.095,404.4,4.202,4.5,,191.2812,0.82018290224548,410.9323353339729,False
2008-06-22 17:30:00+00:00,17.68,50.55,655.7,1.122,2.5,,310.1461,1.0018357867029584,357.19028424800376,False
2008-06-22 18:00:00+00:00,16.52,53.555,655.7,0.424,0.5,,310.1461,0.874287206700869,305.76127832245385,False
2008-06-22 18:30:00+00:00,17.26,47.86,614.3,1.674,0.5,,290.5639,1.0286788667408138,257.525018696036,False
2008-06-22 19:00:00+00:00,13.41,70.595,614.3,2.808,2.0,,290.5639,0.4529968402530636,213.30659417209225,False
2008-06-22 19:30:00+00:00,10.74,90.35,31.1,1.15,0.0,,14.7103,0.1246553980982825,173.8623679412694,False
2008-06-22 20:00:00+00:00,10.73,91.2,31.1,2.232,0.0,,14.7103,0.1135996082379752,139.86703986392297,False
2008-06-22 20:30:00+00:00,11.24,87.35,46.1,2.323,0.0,,21.8053,0.1689370737400991,111.90210561427692,False
2008-06-22 21:00:00+00:00,10.89,88.0,46.1,2.233,0.0,,21.8053,0.1565692292750605,90.44591009461602,False
2008-06-22 21:30:00+00:00,10.5,89.0,8.6,2.075,0.0,,4.067799999999999,0.1398360553000888,75.86546525778839,False
2008-06-22 22:00:00+00:00,10.23,87.9,8.6,2.089,0.0,,4.067799999999999,0.1510666355855383,68.41017229575155,False
2008-06-22 22:30:00+00:00,10.42,86.75,35.0,2.089,0.0,,16.555,0.1675406608431441,67.86054619676554,False
2008-06-22 23:00:00+00:00,10.34,88.2,35.0,2.059,0.0,,16.555,0.1484098412141188,74.86594549587551,False
2008-06-22 23:30:00+00:00,10.39,87.25,33.0,1.719,0.0,,15.609,0.1608952930073444,89.00803342831297,False
2008-06-23 00:00:00+00:00,10.2,87.0,33.0,1.917,0.0,,15.609,0.1619772391725186,110.0449077295681,False
2008-06-23 00:30:00+00:00,9.74,89.8,16.8,1.911,0.0,,7.9464,0.1232267187287216,137.6167296853928,False
2008-06-23 01:00:00+00:00,9.78,89.75,16.8,1.668,0.0,,7.9464,0.1241641779885381,171.2518792146876,False
2008-06-23 01:30:00+00:00,9.54,90.75,23.1,1.971,0.0,,10.9263,0.110255940097681,210.3750219917035,False
2008-06-23 02:00:00+00:00,9.76,89.1,23.1,1.938,0.0,,10.9263,0.131860624488353,254.31695061847444,False
2008-06-23 02:30:00+00:00,9.6,88.95,29.4,2.412,0.0,,13.906199999999998,0.1322442760358245,302.3260315130904,False
2008-06-23 03:00:00+00:00,9.71,87.3,29.4,2.946,0.0,,13.906199999999998,0.1531201610629341,353.5810617132596,False
2008-06-23 03:30:00+00:00,10.17,82.97,58.4,2.748,0.0,,27.6232,0.2117641927201549,407.20531567778414,False
2008-06-23 04:00:00+00:00,10.77,80.585,58.4,2.692,0.0,,27.6232,0.2512984877484194,462.2815418133465,False
2008-06-23 04:30:00+00:00,11.61,76.22,108.1,3.028,0.0,,51.1313,0.3254632318169488,517.8676522088143,False
2008-06-23 05:00:00+00:00,12.47,71.205,108.1,2.81,0.0,,51.1313,0.4171102073980224,573.0128372017666,False
2008-06-23 05:30:00+00:00,13.02,69.805,140.1,2.649,0.0,,66.26729999999999,0.4534603791426385,626.7738291349001,False
2008-06-23 06:00:00+00:00,13.55,68.975,140.1,3.119,0.0,,66.26729999999999,0.4823374770308827,678.2310371082875,False
2008-06-23 06:30:00+00:00,13.97,67.71,349.6,3.541,0.0,,165.3608,0.5159125604370937,726.5042767396551,False
2008-06-23 07:00:00+00:00,13.92,67.235,349.6,4.638,0.0,,165.3608,0.5218039698130252,770.7678258725526,False
2008-06-23 07:30:00+00:00,14.94,63.585,459.9,4.066,0.0,,217.5327,0.6195078139405904,810.264548701774,False
2008-06-23 08:00:00+00:00,15.76,59.405,459.9,3.924,0.0,,217.5327,0.7279762091802336,844.3188467202957,False
2008-06-23 08:30:00+00:00,15.72,58.865,733.0,4.076,0.0,,346.709,0.7357726116683255,872.3482149593325,False
2008-06-23 09:00:00+00:00,15.05,63.45,733.0,3.812,0.0,,346.709,0.6262267585888146,893.8732058496967,False
2008-06-23 09:30:00+00:00,14.6,64.04,427.3,4.184,0.0,,202.1129,0.5984885639408539,908.525630270608,False
2008-06-23 10:00:00+00:00,14.9,62.925,427.3,3.773,0.0,,202.1129,0.6291117150838281,916.0548555051256,False
2008-06-23 10:30:00+00:00,15.12,61.975,505.4,3.438,0.0,,239.0542,0.6544411909671637,916.3320923741816,False
2008-06-23 11:00:00+00:00,15.87,58.685,505.4,3.28,0.0,,239.0542,0.7461222744421117,909.352598216556,False
2008-06-23 11:30:00+00:00,15.77,59.16,311.0,3.394,0.0,,147.10299999999998,0.7328387911930266,895.2357580319385,False
2008-06-23 12:00:00+00:00,16.37,56.56,311.0,2.81,0.0,,147.10299999999998,0.8099467059966163,874.2230423985945,False
2008-06-23 12:30:00+00:00,16.01,58.34,318.7,3.693,0.0,,150.74509999999998,0.7591177142548573,846.6738770953297,False
2008-06-23 13:00:00+00:00,14.03,67.16,318.7,4.088,0.0,,150.74509999999998,0.5267487021667554,813.0594950780129,False
2008-06-23 13:30:00+00:00,15.11,61.485,295.3,2.836,0.0,,139.6769,0.6624479771034277,773.9548759732918,False
2008-06-23 14:00:00+00:00,17.09,50.56,295.3,2.582,0.0,,139.6769,0.9649678783830944,730.0289109653279,False
2008-06-23 14:30:00+00:00,17.61,48.11,802.0,2.29,0.0,,379.346,1.0466376247227709,682.0329613065364,False
2008-06-23 15:00:00+00:00,17.42,45.305,802.0,2.538,0.0,,379.346,1.090059185195721,630.7880061606245,False
2008-06-23 15:30:00+00:00,16.57,49.715,857.0,2.373,0.0,,405.361,0.9495882909686096,577.1705996160388,False
2008-06-23 16:00:00+00:00,17.73,45.355,857.0,2.684,0.0,,405.361,1.1105796673166832,522.0978770773283,False
2008-06-23 16:30:00+00:00,18.19,42.66,766.0,2.172,0.0,,362.318,1.1995730903221655,466.51186750261655,False
2008-06-23 17:00:00+00:00,18.51,41.835,766.0,2.144,0.0,,362.318,1.241503455173646,411.36337982900255,False
2008-06-23 17:30:00+00:00,19.09,38.52,786.0,1.828,0.0,,371.778,1.3607044041073597,357.5957392113942,False
2008-06-23 18:00:00+00:00,19.0,36.31,786.0,1.533,0.0,,371.778,1.4017253123576083,306.1286512694845,False
2008-06-23 18:30:00+00:00,18.29,36.295,132.2,2.303,0.0,,62.53059999999999,1.341124316321471,257.842470347748,False
2008-06-23 19:00:00+00:00,19.1,33.88,132.2,2.184,0.0,,62.53059999999999,1.4643118867610805,213.56314088308457,False
2008-06-23 19:30:00+00:00,19.02,33.14,331.8,1.666,0.0,,156.9414,1.4733299782503742,174.048069460829,False
2008-06-23 20:00:00+00:00,17.81,37.225,331.8,1.447,0.0,,156.9414,1.2822577930949346,139.97316922063084,False
2008-06-23 20:30:00+00:00,16.63,48.035,94.8,0.961,0.0,,44.8404,0.9850656812814084,111.92129822026448,False
2008-06-23 21:00:00+00:00,17.31,48.98,94.8,1.436,0.0,,44.8404,1.0097709325760629,90.37228952179792,False
2008-06-23 21:30:00+00:00,15.93,51.87,87.7,1.181,0.0,,41.4821,0.8725388284122526,75.69474353775924,False
2008-06-23 22:00:00+00:00,14.7,58.12,87.7,1.037,0.0,,41.4821,0.7015337656570425,68.13972303125826,False
2008-06-23 22:30:00+00:00,14.2,61.055,38.3,0.751,0.0,,18.1159,0.6316003432711658,67.33429069710026,False
2008-06-23 23:00:00+00:00,13.79,66.045,38.3,0.6,0.0,,18.1159,0.5362040242352364,74.244267844771,False
2008-06-23 23:30:00+00:00,13.98,69.25,25.9,0.923,0.0,,12.250699999999998,0.4916264928655456,88.29376973030284,False
2008-06-24 00:00:00+00:00,13.59,69.555,25.9,1.21,0.0,,12.250699999999998,0.4745558100470406,109.24247739690938,False
2008-06-24 00:30:00+00:00,12.78,75.095,23.5,1.338,0.0,,11.1155,0.3681809994976314,136.7320595835067,False
2008-06-24 01:00:00+00:00,12.39,75.535,23.5,1.018,0.0,,11.1155,0.3525281276432637,170.29230203092723,False
2008-06-24 01:30:00+00:00,12.65,72.72,37.2,0.472,0.0,,17.5956,0.399865874188796,209.3491505702596,False
2008-06-24 02:00:00+00:00,12.15,75.56,37.2,0.343,0.0,,17.5956,0.3466452930651652,253.2345304153044,False
2008-06-24 02:30:00+00:00,11.52,77.185,32.1,1.814,0.0,,15.1833,0.3103999171558038,301.1977736985929,False
2008-06-24 03:00:00+00:00,12.31,74.01,32.1,2.191,0.0,,15.1833,0.3725359334987029,352.4184597812565,False
2008-06-24 03:30:00+00:00,13.01,72.13,71.8,2.654,0.0,,33.9614,0.4182702581653054,406.0204487009542,False
2008-06-24 04:00:00+00:00,14.34,67.385,71.8,2.431,0.0,,33.9614,0.5337625301464088,461.08686771340194,False
2008-06-24 04:30:00+00:00,15.88,57.32,147.0,2.851,0.0,,69.53099999999999,0.7712665388337184,516.6757945797866,False
2008-06-24 05:00:00+00:00,15.94,56.705,147.0,2.779,0.0,,69.53099999999999,0.7853881464226149,571.8363693346193,False
2008-06-24 05:30:00+00:00,16.7,54.055,224.4,2.915,0.0,,106.1412,0.8748328833071929,625.6250589389824,False
2008-06-24 06:00:00+00:00,17.38,50.98,224.4,3.225,0.0,,106.1412,0.9744910789746668,677.1217966090145,False
2008-06-24 06:30:00+00:00,17.58,50.335,255.6,3.073,0.0,,120.8988,0.9998640839971198,725.4457197530951,False
2008-06-24 07:00:00+00:00,17.72,50.995,255.6,3.697,0.0,,120.8988,0.9953273003074814,769.7702373169752,False
2008-06-24 07:30:00+00:00,18.44,48.985,397.3,3.5,0.0,,187.9229,1.084124343627063,809.3371688065085,False
2008-06-24 08:00:00+00:00,19.01,47.565,397.3,3.801,0.0,,187.9229,1.1547392908379654,843.4697131368835,False
2008-06-24 08:30:00+00:00,19.79,44.07,737.0,3.758,0.0,,348.601,1.292944966132331,871.5840254731229,False
2008-06-24 09:00:00+00:00,19.99,41.445,737.0,3.73,0.0,,348.601,1.3705080471018507,893.1992040370599,False
2008-06-24 09:30:00+00:00,20.67,37.615,946.0,3.704,0.0,,447.458,1.5227713554711473,907.945516054044,False
2008-06-24 10:00:00+00:00,20.91,34.79,946.0,3.524,0.0,,447.458,1.6154073828501443,915.5707221321336,False
2008-06-24 10:30:00+00:00,21.3,33.78,1093.0,3.589,0.0,,516.9889999999999,1.680169216606833,915.9443908934616,False
2008-06-24 11:00:00+00:00,21.08,34.42,1093.0,3.85,0.0,,516.9889999999999,1.6416280491495978,909.060130054428,False
2008-06-24 11:30:00+00:00,20.92,35.435,374.2,3.546,0.0,,176.99659999999997,1.600412664171175,895.0356957910084,False
2008-06-24 12:00:00+00:00,20.62,36.11,374.2,3.474,0.0,,176.99659999999997,1.554711365745207,874.1109785178047,False
2008-06-24 12:30:00+00:00,21.3,34.335,543.2,3.537,0.0,,256.9336,1.6660874601100526,846.6438995338921,False
2008-06-24 13:00:00+00:00,21.46,33.22,543.2,4.05,0.0,,256.9336,1.7110634112161065,813.104288723559,False
2008-06-24 13:30:00+00:00,22.03,32.07,488.3,4.359,0.0,,230.9659,1.8021857247580413,774.0658480346317,False
2008-06-24 14:00:00+00:00,19.99,43.92,488.3,4.07,0.0,,230.9659,1.3125794770979726,730.1963382002243,False
2008-06-24 14:30:00+00:00,19.7,44.295,207.2,4.634,0.0,,98.0056,1.2805736441382252,682.2461565616475,False
2008-06-24 15:00:00+00:00,21.62,37.41,207.2,3.9,0.0,,98.0056,1.619478400921626,631.0355013708646,False
2008-06-24 15:30:00+00:00,20.4,41.56,269.0,4.95,0.0,,127.237,1.402927604831307,577.4403421295019,False
2008-06-24 16:00:00+00:00,20.52,40.72,269.0,3.894,0.0,,127.237,1.433666828059835,522.377435944548,False
2008-06-24 16:30:00+00:00,20.63,39.285,522.5,4.916,0.0,,247.1425,1.4783608516524942,466.7886461989395,False
2008-06-24 17:00:00+00:00,19.96,44.74,522.5,3.803,0.0,,247.1425,1.2909864012262062,411.62483176965264,False
2008-06-24 17:30:00+00:00,20.79,42.53,620.3,2.677,0.0,,293.4019,1.41320087494498,357.82958237155367,False
2008-06-24 18:00:00+00:00,19.49,45.97,620.3,2.4,0.0,,293.4019,1.2259724125918223,306.3230782377159,False
2008-06-24 18:30:00+00:00,17.92,51.545,348.0,2.234,0.0,,164.60399999999998,0.9966330723861578,257.98635022006664,False
2008-06-24 19:00:00+00:00,17.55,52.39,348.0,2.629,0.0,,164.60399999999998,0.9566792858152248,213.6462095450744,False
2008-06-24 19:30:00+00:00,16.43,57.34,107.2,2.28,0.0,,50.7056,0.7984495596608041,174.06110500461622,False
2008-06-24 20:00:00+00:00,16.1,60.295,107.2,2.146,0.0,,50.7056,0.7276657654338055,139.9081494985293,False
2008-06-24 20:30:00+00:00,16.07,61.82,81.3,2.48,0.0,,38.4549,0.6983780358039857,111.77153784302976,False
2008-06-24 21:00:00+00:00,16.05,61.45,81.3,2.164,0.0,,38.4549,0.7042456773672203,90.1325539616514,False
2008-06-24 21:30:00+00:00,15.82,62.95,39.8,2.66,0.0,,18.8254,0.66696181845143,75.3613383885683,False
2008-06-24 22:00:00+00:00,15.32,64.44,39.8,2.269,0.0,,18.8254,0.6199390609685592,67.71055690359474,False
2008-06-24 22:30:00+00:00,16.19,61.53,91.9,2.015,0.0,,43.4687,0.7090943359029463,66.65033527553464,False
2008-06-24 23:00:00+00:00,15.71,66.025,91.9,1.524,0.0,,43.4687,0.6073141424336573,73.46167745571772,False
2008-06-24 23:30:00+00:00,14.19,72.055,26.4,1.759,0.0,,12.487199999999998,0.4529113048121416,87.41588845035866,False
2008-06-25 00:00:00+00:00,13.2,77.475,26.4,1.932,0.0,,12.487199999999998,0.342280794162759,108.27427875409867,False
2008-06-25 00:30:00+00:00,12.85,81.535,25.0,1.823,0.0,,11.825,0.2742315653580734,135.6800611602642,False
2008-06-25 01:00:00+00:00,12.1,86.05,25.0,1.779,0.0,,11.825,0.1972089115580524,169.16445366750102,False
2008-06-25 01:30:00+00:00,11.51,88.4,25.1,1.247,0.0,,11.8723,0.1577143947475647,208.1546980863992,False
2008-06-25 02:00:00+00:00,12.25,85.75,25.1,1.13,0.0,,11.8723,0.2034514465311974,251.98385718648015,False
2008-06-25 02:30:00+00:00,12.86,83.6,43.4,1.296,0.0,,20.5282,0.2437230724326945,299.9022228015371,False
2008-06-25 03:00:00+00:00,13.07,82.3,43.4,1.812,0.0,,20.5282,0.2666850804938904,351.09013975552693,False
2008-06-25 03:30:00+00:00,12.73,83.4,54.0,2.299,0.0,,25.542,0.2446011156055554,404.6720262529332,False
2008-06-25 04:00:00+00:00,12.56,85.45,54.0,2.565,0.0,,25.542,0.2120146080920346,459.7313509119344,False
2008-06-25 04:30:00+00:00,12.6,86.1,69.8,2.25,0.0,,33.0154,0.2030760904907742,515.3263102546241,False
2008-06-25 05:00:00+00:00,12.88,85.45,69.8,2.256,0.0,,33.0154,0.2165135353961155,570.50593848736,False
2008-06-25 05:30:00+00:00,14.71,78.345,189.6,2.21,0.0,,89.68079999999999,0.3629782005499174,624.3263740093162,False
2008-06-25 06:00:00+00:00,15.96,69.615,189.6,2.141,0.0,,89.68079999999999,0.5519009831722816,675.8670044067202,False
2008-06-25 06:30:00+00:00,16.83,64.45,207.1,3.132,0.0,,97.9583,0.6825157477001581,724.2462137685355,False
2008-06-25 07:00:00+00:00,17.51,60.39,207.1,3.32,0.0,,97.9583,0.7939191434513031,768.6364629613923,False
2008-06-25 07:30:00+00:00,16.96,62.6,364.6,3.469,0.0,,172.4558,0.7239810332473747,808.2784449118569,False
2008-06-25 08:00:00+00:00,16.69,65.735,364.6,3.386,0.0,,172.4558,0.6520209671147289,842.4940727657446,False
2008-06-25 08:30:00+00:00,17.57,63.54,563.2,3.674,0.0,,266.3936,0.7335557092697195,870.6980787583688,False
2008-06-25 09:00:00+00:00,16.86,65.715,563.2,3.734,0.0,,266.3936,0.6594840383598009,892.408025393524,False
2008-06-25 09:30:00+00:00,18.28,60.19,627.0,4.105,0.0,,296.571,0.8375584848239931,907.2525576867824,False
2008-06-25 10:00:00+00:00,19.15,53.03,627.0,4.094,0.0,,296.571,1.0434581584946188,914.9777553157388,False
2008-06-25 10:30:00+00:00,19.23,50.16,901.0,3.956,0.0,,426.173,1.1127494255949315,915.4514760212722,False
2008-06-25 11:00:00+00:00,19.05,48.925,901.0,3.929,0.0,,426.173,1.1275994301949497,908.6656159641316,False
2008-06-25 11:30:00+00:00,19.71,47.115,607.2,3.711,0.0,,287.2056,1.2165008056468511,894.7362483720348,False
2008-06-25 12:00:00+00:00,18.64,50.915,607.2,3.738,0.0,,287.2056,1.056258079389525,873.90163810495,False
2008-06-25 12:30:00+00:00,20.03,47.485,585.9,3.178,0.0,,277.1307,1.2321864677650456,846.5181660991491,False
2008-06-25 13:00:00+00:00,19.73,46.76,585.9,2.775,0.0,,277.1307,1.2261875390464452,813.0542334027606,False
2008-06-25 13:30:00+00:00,19.7,45.055,508.6,1.984,0.0,,240.5678,1.2631023943483488,774.0822490751989,False
2008-06-25 14:00:00+00:00,19.81,40.855,508.6,2.636,0.0,,240.5678,1.368963523364338,730.2688389988429,False
2008-06-25 14:30:00+00:00,20.89,36.905,291.5,2.226,0.0,,137.87949999999998,1.561093169632454,682.3634430833437,False
2008-06-25 15:00:00+00:00,19.34,44.75,291.5,1.898,0.0,,137.87949999999998,1.242012845893588,631.1854959098207,False
2008-06-25 15:30:00+00:00,17.56,54.105,321.6,0.964,0.0,,152.1168,0.9228002389144552,577.6104100930125,False
2008-06-25 16:00:00+00:00,17.27,60.36,321.6,0.51,0.0,,152.1168,0.7825592051592519,522.5546021194276,False
2008-06-25 16:30:00+00:00,17.02,57.975,259.7,2.876,1.5,,122.83809999999998,0.8166115658127431,466.95981679822427,False
2008-06-25 17:00:00+00:00,17.49,55.275,259.7,0.929,0.5,,122.83809999999998,0.8953096620579866,411.77701845931296,False
2008-06-25 17:30:00+00:00,18.59,51.19,252.0,0.372,0.0,,119.196,1.0470582729053337,357.95012444386424,False
2008-06-25 18:00:00+00:00,17.82,60.09,252.0,0.94,0.5,,119.196,0.8157252827920293,306.399859130601,False
2008-06-25 18:30:00+00:00,13.38,81.94,17.1,0.213,0.0,,8.0883,0.2776779917389598,258.0080046791181,False
2008-06-25 19:00:00+00:00,12.9,91.25,17.1,1.127,0.0,,8.0883,0.1303764888923692,213.6023178859573,False
2008-06-25 19:30:00+00:00,13.96,86.75,227.6,1.261,0.0,,107.6548,0.2115640197753838,173.94237115523282,False
2008-06-25 20:00:00+00:00,13.96,85.95,227.6,0.795,0.0,,107.6548,0.2243376964410674,139.70655977819118,False
2008-06-25 20:30:00+00:00,13.48,89.15,41.6,1.433,0.0,,19.6768,0.1679139977898819,111.48049776655022,False
2008-06-25 21:00:00+00:00,13.34,88.9,41.6,1.942,0.0,,19.6768,0.1702208173553838,89.74700073262947,False
2008-06-25 21:30:00+00:00,12.99,90.45,45.4,2.024,0.5,,21.4742,0.1431379272332455,74.87782716267921,False
2008-06-25 22:00:00+00:00,12.83,91.25,45.4,2.358,0.0,,21.4742,0.1297797052478702,67.12731935196653,False
2008-06-25 22:30:00+00:00,12.74,91.1,11.3,2.352,0.0,,5.3449,0.1312276327100253,65.81262120194515,False
2008-06-25 23:00:00+00:00,12.74,90.35,11.3,2.157,0.0,,5.3449,0.1422861410844655,72.53021441562171,False
2008-06-25 23:30:00+00:00,12.66,90.7,7.4,2.017,0.0,,3.5002,0.1364074377452068,86.39432614941977,False
2008-06-26 00:00:00+00:00,12.52,90.95,7.4,1.818,0.0,,3.5002,0.1315254509781342,107.16780742536268,False
2008-06-26 00:30:00+00:00,12.53,91.15,5.0,1.921,0.5,,2.365,0.12870336999903,134.49532239640274,False
2008-06-26 01:00:00+00:00,12.44,92.45,5.0,1.88,1.0,,2.365,0.1091500446283517,167.90942644228133,False
2008-06-26 01:30:00+00:00,12.45,93.25,7.3,1.542,0.5,,3.4529,0.097648674316829,206.83856192144864,False
2008-06-26 02:00:00+00:00,12.52,93.2,7.3,1.354,0.0,,3.4529,0.0988257532211394,250.61683481016743,False
2008-06-26 02:30:00+00:00,12.54,93.55,13.1,1.242,0.5,,6.1963,0.0938624243169359,298.4954049971049,False
2008-06-26 03:00:00+00:00,12.55,93.85,13.1,1.08,0.5,,6.1963,0.0895555591214575,349.6552953996234,False
2008-06-26 03:30:00+00:00,12.54,94.25,24.3,0.546,0.0,,11.4939,0.083675804623625,403.2214007986012,False
2008-06-26 04:00:00+00:00,12.59,94.35,24.3,1.181,0.5,,11.4939,0.0824911153839215,458.2774567668082,False
2008-06-26 04:30:00+00:00,12.58,94.6,16.5,1.594,0.5,,7.8045,0.0787892921955667,513.881712643134,False
2008-06-26 05:00:00+00:00,12.71,94.35,16.5,1.897,0.0,,7.8045,0.0831436027679757,569.0830404619956,False
2008-06-26 05:30:00+00:00,12.78,94.55,45.2,2.064,0.0,,21.3796,0.0805696224558157,622.9372042897704,False
2008-06-26 06:00:00+00:00,12.73,94.8,45.2,2.1,0.0,,21.3796,0.0766220362137885,674.5230116764125,False
2008-06-26 06:30:00+00:00,12.93,93.85,92.5,1.979,0.0,,43.7525,0.0918163292103313,722.9580709465354,False
2008-06-26 07:00:00+00:00,12.93,93.45,92.5,1.787,0.0,,43.7525,0.0977881229801088,767.413884796379,False
2008-06-26 07:30:00+00:00,13.26,91.7,138.1,1.989,0.0,,65.3213,0.1266189311918781,807.1300220157774,False
2008-06-26 08:00:00+00:00,13.01,90.85,138.1,2.44,0.0,,65.3213,0.1373223129606223,841.4271249228594,False
2008-06-26 08:30:00+00:00,12.71,90.95,105.1,2.6,0.0,,49.71229999999999,0.1331769212478193,869.7185300148429,False
2008-06-26 09:00:00+00:00,13.2,89.65,105.1,3.086,0.0,,49.71229999999999,0.1572744159637981,891.5203030592915,False
2008-06-26 09:30:00+00:00,13.76,86.6,276.8,2.667,0.5,,130.9264,0.2111949170506606,906.4595169718292,False
2008-06-26 10:00:00+00:00,14.21,85.2,276.8,2.237,0.5,,130.9264,0.2401783982115051,914.2806308837866,False
2008-06-26 10:30:00+00:00,14.56,82.3,327.7,2.328,0.0,,155.00209999999998,0.2938234912088565,914.8498612829676,False
2008-06-26 11:00:00+00:00,14.59,78.725,327.7,3.128,0.0,,155.00209999999998,0.3538547620590647,908.1574704569456,False
2008-06-26 11:30:00+00:00,13.69,82.96,117.7,3.506,0.0,,55.6721,0.2673434551338331,894.3179330933992,False
2008-06-26 12:00:00+00:00,13.3,90.15,117.7,4.146,0.0,,55.6721,0.1506577703066628,873.5679781868714,False
2008-06-26 12:30:00+00:00,13.54,87.15,164.0,3.828,0.0,,77.572,0.1996453792209836,846.2625397448295,False
2008-06-26 13:00:00+00:00,13.07,81.235,164.0,5.388,0.0,,77.572,0.2827313861846244,812.8686855566849,False
2008-06-26 13:30:00+00:00,12.74,78.425,178.0,5.092,0.0,,84.194,0.3181164242380668,773.9576278752311,False
2008-06-26 14:00:00+00:00,11.61,79.08,178.0,4.609,1.0,,84.194,0.2863200508667187,730.1949526697181,False
2008-06-26 14:30:00+00:00,10.82,81.69,143.9,6.311,0.0,,68.0647,0.2377870456377256,682.3292345815225,False
2008-06-26 15:00:00+00:00,11.28,80.44,143.9,5.013,0.5,,68.0647,0.2619128474150166,631.1792323268737,False
2008-06-26 15:30:00+00:00,10.63,82.7,241.5,5.365,0.5,,114.2295,0.2218415095268702,577.6198835727699,False
2008-06-26 16:00:00+00:00,9.66,88.5,241.5,5.501,1.0,,114.2295,0.1381865976192456,522.5673388479996,False
2008-06-26 16:30:00+00:00,9.51,89.2,74.1,4.698,0.0,,35.049299999999995,0.1284714200625259,466.9632904888935,False
2008-06-26 17:00:00+00:00,8.99,90.5,74.1,5.606,0.0,,35.049299999999995,0.109109373834783,411.75886467809886,False
2008-06-26 17:30:00+00:00,8.84,92.9,96.3,5.836,0.5,,45.5499,0.0807211398135637,357.898352108393,False
2008-06-26 18:00:00+00:00,8.64,92.75,96.3,5.44,0.0,,45.5499,0.0813165804564507,306.3030555640577,False
2008-06-26 18:30:00+00:00,8.58,91.95,30.8,4.475,0.0,,14.5684,0.0899225757550401,257.8555307124382,False
2008-06-26 19:00:00+00:00,8.35,90.8,30.8,3.859,0.5,,14.5684,0.1011752570761327,213.3844896726097,False
2008-06-26 19:30:00+00:00,7.833,90.85,33.1,4.017,0.0,,15.6563,0.0971417494486134,173.65062559115236,False
2008-06-26 20:00:00+00:00,7.543,91.65,33.1,3.913,0.0,,15.6563,0.0869079505425494,139.3336007009257,False
2008-06-26 20:30:00+00:00,7.315,91.8,15.7,3.075,0.5,,7.426099999999999,0.0840236824054785,111.0204204372112,False
2008-06-26 21:00:00+00:00,6.429,93.2,15.7,3.019,0.0,,7.426099999999999,0.0655552898266328,89.19539247663072,False
2008-06-26 21:30:00+00:00,5.825,94.1,15.4,2.908,0.0,,7.2842,0.0545482405209726,74.23184245374902,False
2008-06-26 22:00:00+00:00,5.554,94.2,15.4,2.56,0.5,,7.2842,0.0526228659058779,66.38572806171402,False
2008-06-26 22:30:00+00:00,5.354,94.75,11.8,2.469,0.0,,5.5814,0.0469737665201897,64.81970682605579,False
2008-06-26 23:00:00+00:00,5.325,94.9,11.8,1.764,0.0,,5.5814,0.04553948422438,71.44450011730173,False
2008-06-26 23:30:00+00:00,5.289,94.95,9.3,1.206,0.0,,4.3989,0.0449799425526967,85.21986326929218,False
2008-06-27 00:00:00+00:00,5.335,94.85,9.3,1.384,0.0,,4.3989,0.0460180270279117,105.9101646108432,False
2008-06-27 00:30:00+00:00,5.419,95.35,9.7,1.221,0.5,,4.5881,0.0417942493362142,133.1614898976029,False
2008-06-27 01:00:00+00:00,5.522,95.8,9.7,1.085,0.0,,4.5881,0.0380214262942157,166.50769610917018,False
2008-06-27 01:30:00+00:00,5.649,96.5,6.9,0.864,0.0,,3.2637,0.031965754705812,205.378384962564,False
2008-06-27 02:00:00+00:00,5.583,96.95,6.9,0.521,0.0,,3.2637,0.027728272637374,249.10865975306496,False
2008-06-27 02:30:00+00:00,5.642,97.35,9.8,0.551,0.0,,4.6354,0.0241908631949998,296.9504986289032,False
2008-06-27 03:00:00+00:00,5.757,97.45,9.8,0.333,0.5,,4.6354,0.0234648372558534,348.0855497565652,False
2008-06-27 03:30:00+00:00,5.909,97.4,9.8,1.852,0.0,,4.6354,0.0241787877562403,401.6391295112557,False
2008-06-27 04:00:00+00:00,6.125,97.4,9.8,2.752,0.0,,4.6354,0.0245436066149988,456.6951842489535,False
2008-06-27 04:30:00+00:00,6.372,97.4,21.8,2.651,0.0,,10.3114,0.0249667118480573,512.3119597337669,False
2008-06-27 05:00:00+00:00,7.081,97.35,21.8,1.868,1.0,,10.3114,0.02672124354528,567.5381101895655,False
2008-06-27 05:30:00+00:00,8.18,95.55,65.2,2.467,0.0,,30.8396,0.0483751371916421,621.4289714246815,False
2008-06-27 06:00:00+00:00,8.85,92.9,65.2,0.994,0.5,,30.8396,0.0807758288583013,673.062719671886,False
2008-06-27 06:30:00+00:00,8.95,93.05,133.2,1.797,0.5,,63.00359999999999,0.0796063886241504,721.5561397405417,False
2008-06-27 07:00:00+00:00,9.01,93.55,133.2,2.208,0.0,,63.00359999999999,0.07417980680677,766.0797327604308,False
2008-06-27 07:30:00+00:00,9.52,92.95,208.4,1.968,0.0,,98.5732,0.0839197938598764,805.8719050933728,False
2008-06-27 08:00:00+00:00,9.34,91.75,208.4,1.797,0.5,,98.5732,0.0970197527797841,840.2519957053413,False
2008-06-27 08:30:00+00:00,7.769,95.35,60.3,1.437,1.0,,28.5219,0.0491517540565943,868.6319191603554,False
2008-06-27 09:00:00+00:00,7.971,95.95,60.3,1.389,0.5,,28.5219,0.0434040876789066,890.5262250776176,False
2008-06-27 09:30:00+00:00,8.31,95.1,204.6,1.561,0.0,,96.7758,0.0537404151443088,905.5604019801968,False
2008-06-27 10:00:00+00:00,8.62,94.8,204.6,1.367,0.5,,96.7758,0.0582445276028535,913.4772834938988,False
2008-06-27 10:30:00+00:00,8.75,94.85,110.6,1.359,0.5,,52.31379999999999,0.0581952903650877,914.1414473148252,False
2008-06-27 11:00:00+00:00,8.97,94.95,110.6,1.527,0.0,,52.31379999999999,0.0579218219711862,907.5415316986556,False
2008-06-27 11:30:00+00:00,9.64,93.05,267.5,1.59,0.5,,126.5275,0.0834004687007377,893.790429846135,False
2008-06-27 12:00:00+00:00,9.75,92.75,267.5,1.825,1.5,,126.5275,0.0876465225835838,873.1233588587169,False
2008-06-27 12:30:00+00:00,10.24,91.85,267.5,2.905,1.5,,126.5275,0.1018196493027105,845.893836294593,False
2008-06-27 13:00:00+00:00,10.83,90.85,267.5,3.777,0.0,,126.5275,0.1189077997975591,812.5676331467113,False
2008-06-27 13:30:00+00:00,10.83,89.65,252.7,3.699,0.5,,119.5271,0.1345022653447799,773.7148066784845,False
2008-06-27 14:00:00+00:00,10.3,92.4,252.7,3.778,0.0,,119.5271,0.0953305039265647,729.9999493978189,False
2008-06-27 14:30:00+00:00,9.72,93.1,137.9,3.83,0.0,,65.2267,0.0832472296515864,682.170820963734,False
2008-06-27 15:00:00+00:00,9.3,92.25,137.9,4.435,0.0,,65.2267,0.0908941544097774,631.0455574807097,False
2008-06-27 15:30:00+00:00,9.04,92.6,150.4,3.678,0.0,,71.1392,0.0852783540681272,577.4986769701032,False
2008-06-27 16:00:00+00:00,8.86,92.55,150.4,3.5,0.0,,71.1392,0.084815155049758,522.446120400293,False
2008-06-27 16:30:00+00:00,9.11,90.9,217.9,4.013,0.0,,103.0667,0.1053667421896498,466.829584154234,False
2008-06-27 17:00:00+00:00,8.72,89.95,217.9,4.03,0.0,,103.0667,0.1133348464359614,411.6004119336919,False
2008-06-27 17:30:00+00:00,8.43,91.45,106.7,3.705,0.0,,50.4691,0.0945397695887052,357.703321635496,False
2008-06-27 18:00:00+00:00,8.5,91.9,106.7,3.505,0.0,,50.4691,0.089990954830875,306.0602455582804,False
2008-06-27 18:30:00+00:00,8.63,89.8,161.7,4.063,0.0,,76.48409999999998,0.1143264257353544,257.5545603596744,False
2008-06-27 19:00:00+00:00,8.3,88.05,161.7,3.627,0.0,,76.48409999999998,0.1309716784892074,213.01597651726487,False
2008-06-27 19:30:00+00:00,8.23,88.4,69.3,3.878,0.0,,32.7789,0.1265314986731979,173.20634576584428,False
2008-06-27 20:00:00+00:00,8.09,88.35,69.3,3.642,0.0,,32.7789,0.1258709038920632,138.80662928098496,False
2008-06-27 20:30:00+00:00,7.759,87.5,34.4,3.707,0.5,,16.271199999999997,0.1320381130693494,110.40524952438096,False
2008-06-27 21:00:00+00:00,7.49,88.45,34.4,3.915,0.0,,16.271199999999997,0.1197785093501212,88.48802499815224,False
2008-06-27 21:30:00+00:00,7.167,89.35,20.0,3.532,0.0,,9.46,0.108025477060235,73.42986007927618,False
2008-06-27 22:00:00+00:00,6.934,90.45,20.0,3.5,0.0,,9.46,0.0953288178731567,65.48833208391682,False
2008-06-27 22:30:00+00:00,6.656,91.85,7.6,2.897,0.0,,3.5948,0.0798108068412959,63.67202263553538,False
2008-06-27 23:00:00+00:00,6.341,92.6,7.6,2.928,0.0,,3.5948,0.0709069703854742,70.20503852009521,False
2008-06-27 23:30:00+00:00,6.251,93.15,6.2,2.473,0.0,,2.9326,0.0652295114286121,83.89307302201183,False
2008-06-28 00:00:00+00:00,6.208,93.85,6.2,3.456,0.0,,2.9326,0.0583896952411968,104.501987375094,False
2008-06-28 00:30:00+00:00,6.238,94.2,6.2,2.907,0.0,,2.9326,0.0551811633664989,131.67925809234936,False
2008-06-28 01:00:00+00:00,6.397,94.4,6.2,2.117,0.0,,2.9326,0.0538674591485871,164.96000699505817,False
2008-06-28 01:30:00+00:00,6.516,94.4,6.2,1.81,1.5,,2.9326,0.0543120953163255,203.77495312060125,False
2008-06-28 02:00:00+00:00,6.703,94.65,6.2,2.416,0.5,,2.9326,0.0525612023338812,247.4601504891288,False
2008-06-28 02:30:00+00:00,6.728,95.4,6.2,2.195,0.0,,2.9326,0.0452707555612035,295.26834516128173,False
2008-06-28 03:00:00+00:00,6.756,95.8,6.2,1.893,1.0,,2.9326,0.0414140046100747,346.38175732028225,False
2008-06-28 03:30:00+00:00,6.696,96.15,5.8,2.047,0.0,,2.7434,0.0378061678522643,399.9260697359829,False
2008-06-28 04:00:00+00:00,6.738,95.95,5.8,2.648,0.0,,2.7434,0.0398854275423291,454.9853833326205,False
2008-06-28 04:30:00+00:00,6.67,96.5,15.9,3.019,0.0,,7.5207,0.0343076858619223,510.6178840390567,False
2008-06-28 05:00:00+00:00,6.783,95.95,15.9,2.477,0.0,,7.5207,0.0400092925608533,565.8719529334986,False
2008-06-28 05:30:00+00:00,6.849,95.0,15.9,2.159,0.0,,7.5207,0.049619226211323,619.8024441115723,False
2008-06-28 06:00:00+00:00,6.963,93.25,15.9,2.441,0.0,,7.5207,0.0675135707640938,671.4868518375462,False
2008-06-28 06:30:00+00:00,6.861,92.7,15.9,2.507,0.0,,7.5207,0.0725039488242689,720.0410904323243,False
2008-06-28 07:00:00+00:00,6.82,92.6,15.9,2.351,0.0,,7.5207,0.0732899479821595,764.6346169756678,False
2008-06-28 07:30:00+00:00,6.814,93.95,15.9,2.424,0.0,,7.5207,0.0598947288482857,804.5046381416921,False
2008-06-28 08:00:00+00:00,6.949,92.65,15.9,2.262,0.0,,7.5207,0.0734440089639923,838.9691581527202,False
2008-06-28 08:30:00+00:00,7.049,92.5,15.9,2.467,0.0,,7.5207,0.0754600126778963,867.4386446594957,False
2008-06-28 09:00:00+00:00,7.136,92.0,15.9,1.919,0.0,,7.5207,0.0809733120897399,889.4261129969184,False
2008-06-28 09:30:00+00:00,7.158,90.85,15.9,2.102,0.5,,7.5207,0.0927532747084243,904.5554563184512,False
2008-06-28 10:00:00+00:00,7.191,92.65,15.9,2.119,0.0,,7.5207,0.0746757569217066,912.5678791174888,False
2008-06-28 10:30:00+00:00,7.446,92.3,15.9,1.803,0.0,,7.5207,0.0796120208695077,913.326324086265,False
2008-06-28 11:00:00+00:00,7.584,91.8,15.9,2.007,0.0,,7.5207,0.0855865792768423,906.8178165877024,False
2008-06-28 11:30:00+00:00,7.59,92.0,15.9,1.892,0.0,,7.5207,0.0835333939966063,893.1536866357918,False
2008-06-28 12:00:00+00:00,7.862,92.1,15.9,1.841,0.0,,7.5207,0.084037275110972,872.5676645862645,False
2008-06-28 12:30:00+00:00,8.05,91.5,182.2,1.893,0.0,,86.18059999999998,0.0915870902131546,845.4118831104728,False
2008-06-28 13:00:00+00:00,8.23,89.65,182.2,1.728,0.0,,86.18059999999998,0.1128966389023791,812.1508538395349,False
2008-06-28 13:30:00+00:00,8.39,88.35,250.3,1.902,0.0,,118.3919,0.1284675900292956,773.3535217099361,False
2008-06-28 14:00:00+00:00,8.39,89.2,250.3,1.869,0.0,,118.3919,0.119094418224583,729.6835329237651,False
2008-06-28 14:30:00+00:00,8.26,90.75,250.3,1.793,0.0,,118.3919,0.1011041962892979,681.8878829938676,False
2008-06-28 15:00:00+00:00,8.53,89.35,250.3,1.745,0.0,,118.3919,0.1185627495618067,630.7841390535855,False
2008-06-28 15:30:00+00:00,8.57,88.95,250.3,1.782,0.0,,118.3919,0.1233503380237272,577.2464549989695,False
2008-06-28 16:00:00+00:00,8.49,89.1,250.3,1.855,0.0,,118.3919,0.1210167129294994,522.1906186804813,False
2008-06-28 16:30:00+00:00,8.17,90.4,94.4,1.759,0.0,,44.6512,0.1042887989086191,466.5583869187553,False
2008-06-28 17:00:00+00:00,8.41,89.15,94.4,1.638,0.0,,44.6512,0.1198085535962144,411.3013763012825,False
2008-06-28 17:30:00+00:00,8.48,88.85,137.5,1.582,0.0,,65.0375,0.1237082635866573,357.3647853155184,False
2008-06-28 18:00:00+00:00,8.79,88.0,137.5,1.408,0.0,,65.0375,0.1359687586795152,305.6712262592792,False
2008-06-28 18:30:00+00:00,8.84,86.85,137.3,1.195,0.0,,64.94290000000001,0.1495046462744174,257.10494349170267,False
2008-06-28 19:00:00+00:00,8.67,88.15,137.3,1.294,0.0,,64.94290000000001,0.133181298460505,212.4966879795432,False
2008-06-28 19:30:00+00:00,8.46,88.5,51.0,1.394,0.0,,24.123,0.1274182363178612,172.60950686762516,False
2008-06-28 20:00:00+00:00,8.16,90.05,51.0,1.492,0.0,,24.123,0.1080174008684036,138.125691150553,False
2008-06-28 20:30:00+00:00,7.978,91.4,20.2,1.589,0.0,,9.5546,0.0922107255736269,109.63510471277256,False
2008-06-28 21:00:00+00:00,8.0,91.4,20.2,1.512,0.0,,9.5546,0.0923491972178216,87.62509437559982,False
2008-06-28 21:30:00+00:00,7.823,92.25,14.9,1.498,0.0,,7.0477,0.0822223554806782,72.4721535457026,False
2008-06-28 22:00:00+00:00,7.822,92.05,14.9,1.387,0.0,,7.0477,0.0843384621051242,64.43548206366631,False
2008-06-28 22:30:00+00:00,7.913,91.4,31.5,1.25,0.0,,14.8995,0.0918026703135099,62.371609194459815,False
2008-06-28 23:00:00+00:00,7.845,92.25,31.5,1.831,0.0,,14.8995,0.0823459860503196,68.81796304073366,False
2008-06-28 23:30:00+00:00,7.587,93.3,11.1,1.782,0.0,,5.250299999999999,0.069944856291111,82.42408155978043,False
2008-06-29 00:00:00+00:00,7.471,93.35,11.1,1.643,0.0,,5.250299999999999,0.0688736937132221,102.95722619422178,False
2008-06-29 00:30:00+00:00,7.334,94.95,11.1,1.228,0.0,,5.250299999999999,0.0518137657327988,130.0661679560645,False
2008-06-29 01:00:00+00:00,7.071,96.2,11.1,1.335,0.0,,5.250299999999999,0.0382909305893499,163.28719533724666,False
2008-06-29 01:30:00+00:00,6.775,95.25,11.1,1.38,0.0,,5.250299999999999,0.0468986235153283,202.05204629504152,False
2008-06-29 02:00:00+00:00,6.575,94.3,11.1,1.237,0.5,,5.250299999999999,0.0555075566681303,245.69762863273613,False
2008-06-29 02:30:00+00:00,6.624,94.4,11.1,1.384,0.0,,5.250299999999999,0.0547184219584402,293.4773625043561,False
2008-06-29 03:00:00+00:00,6.503,95.3,11.1,1.004,0.0,,5.250299999999999,0.0455424670969901,344.5739510249811,False
2008-06-29 03:30:00+00:00,6.463,95.3,11.1,0.677,0.0,,5.250299999999999,0.0454168275944967,398.11336053934286,False
2008-06-29 04:00:00+00:00,6.315,95.4,11.1,0.7,0.5,,5.250299999999999,0.0439981274577777,453.1797714097392,False
2008-06-29 04:30:00+00:00,6.243,95.45,11.1,0.641,0.0,,5.250299999999999,0.0433036523883863,508.8312435824124,False
2008-06-29 05:00:00+00:00,6.312,94.95,11.1,0.282,0.0,,5.250299999999999,0.0482922712328408,564.1158289651818,False
2008-06-29 05:30:00+00:00,6.408,94.7,11.1,0.762,0.0,,5.250299999999999,0.0510204738634753,618.0878550057154,False
2008-06-29 06:00:00+00:00,6.438,94.5,11.1,0.44,0.0,,5.250299999999999,0.0530556421413476,669.8241009311059,False
2008-06-29 06:30:00+00:00,6.677,93.7,113.6,0.385,0.0,,53.7328,0.0617836491456882,718.4395899456092,False
2008-06-29 07:00:00+00:00,7.128,92.25,113.6,0.629,0.0,,53.7328,0.0783998003365099,763.1027272520429,False
2008-06-29 07:30:00+00:00,7.318,91.35,113.6,0.666,0.0,,53.7328,0.0886529777851278,803.0495249526099,False
2008-06-29 08:00:00+00:00,7.487,91.35,113.6,0.433,0.0,,53.7328,0.0896858219215496,837.5966705037789,False
2008-06-29 08:30:00+00:00,7.688,90.05,113.6,0.421,0.0,,53.7328,0.1045934749424104,866.1532151815956,False
2008-06-29 09:00:00+00:00,8.17,89.1,113.6,0.38,0.0,,53.7328,0.1184112404274947,888.2306826190002,False
2008-06-29 09:30:00+00:00,8.85,85.55,113.6,0.584,0.0,,53.7328,0.1643958770425993,903.4514245020468,False
2008-06-29 10:00:00+00:00,8.98,84.7,113.6,1.389,0.0,,53.7328,0.1756046816656203,911.5550804953064,False
2008-06-29 10:30:00+00:00,9.52,83.855,113.6,1.645,0.0,,53.7328,0.1921822796975468,912.403031894631,False
2008-06-29 11:00:00+00:00,9.75,82.805,113.6,1.926,0.0,,53.7328,0.2078733732172032,905.9807728239092,False
2008-06-29 11:30:00+00:00,10.43,78.815,113.6,2.018,0.0,,53.7328,0.2680545379698169,892.3981584139176,False
2008-06-29 12:00:00+00:00,11.43,75.94,113.6,1.702,0.0,,53.7328,0.3253912650707354,871.887525716725,False
2008-06-29 12:30:00+00:00,12.27,72.775,474.5,2.461,0.0,,224.4385,0.3892117024524775,844.7997194972138,False
2008-06-29 13:00:00+00:00,12.17,72.11,474.5,2.568,0.0,,224.4385,0.3961002973361007,811.5980908814519,False
2008-06-29 13:30:00+00:00,11.68,71.535,249.9,2.191,0.0,,118.2027,0.3913934871380889,772.8505715172585,False
2008-06-29 14:00:00+00:00,13.48,65.79,249.9,2.163,0.0,,118.2027,0.5294320612342732,729.2199588217002,False
2008-06-29 14:30:00+00:00,13.94,63.055,300.9,2.297,0.0,,142.32569999999998,0.5891383384770553,681.4525784908087,False
2008-06-29 15:00:00+00:00,14.12,61.415,300.9,2.704,0.0,,142.32569999999998,0.6225234291113818,630.3655182047535,False
2008-06-29 15:30:00+00:00,14.48,58.575,585.7,2.827,0.0,,277.03610000000003,0.6841145574656701,576.8326509023366,False
2008-06-29 16:00:00+00:00,15.09,55.99,585.7,2.825,0.0,,277.03610000000003,0.7559866428550487,521.769686704059,False
2008-06-29 16:30:00+00:00,15.19,55.485,815.0,2.735,0.0,,385.495,0.7695978510451045,466.118509178417,False
2008-06-29 17:00:00+00:00,15.45,55.235,815.0,2.783,0.0,,385.495,0.786958512029023,410.8310638884907,False
2008-06-29 17:30:00+00:00,15.2,55.285,530.2,2.928,0.0,,250.7846,0.7735529593770282,356.853074813991,False
2008-06-29 18:00:00+00:00,15.1,56.895,530.2,3.056,0.0,,250.7846,0.7409177095701911,305.10786718889443,False
2008-06-29 18:30:00+00:00,14.69,58.28,351.8,2.595,0.0,,166.4014,0.6984024173624085,256.4805734745612,False
2008-06-29 19:00:00+00:00,14.69,57.625,351.8,2.793,0.0,,166.4014,0.709367268354076,211.8029926344254,False
2008-06-29 19:30:00+00:00,14.62,57.685,287.9,2.986,0.0,,136.17669999999998,0.7051667810122939,171.83936170194596,False
2008-06-29 20:00:00+00:00,14.2,59.625,287.9,2.491,0.0,,136.17669999999998,0.6547917283238753,137.27328302783238,False
2008-06-29 20:30:00+00:00,14.06,60.52,137.4,2.116,0.0,,64.9902,0.6344878319861341,108.69603082465146,False
2008-06-29 21:00:00+00:00,13.71,59.96,137.4,2.152,0.0,,64.9902,0.6290128113589325,86.59643703298646,False
2008-06-29 21:30:00+00:00,13.35,61.65,86.6,2.51,0.0,,40.9618,0.5884893403919562,71.35252951851085,False
2008-06-29 22:00:00+00:00,12.57,67.51,86.6,2.713,0.0,,40.9618,0.4737375814728343,63.22506563470704,False
2008-06-29 22:30:00+00:00,10.97,73.78,38.7,2.575,0.0,,18.3051,0.3439308168863335,60.91732103141828,False
2008-06-29 23:00:00+00:00,10.56,76.57,38.7,2.383,0.0,,18.3051,0.2990469458437644,67.27818432278852,False
2008-06-29 23:30:00+00:00,10.85,76.88,37.8,2.798,0.0,,17.879399999999997,0.3008540158429336,80.8039478891707,False
2008-06-30 00:00:00+00:00,10.67,78.16,37.8,2.551,0.0,,17.879399999999997,0.2808074384272479,101.26324657288905,False
2008-06-30 00:30:00+00:00,10.13,80.17,32.5,3.173,0.0,,15.3725,0.2459215448947497,128.30611280937094,False
2008-06-30 01:00:00+00:00,10.19,79.585,32.5,2.445,0.0,,15.3725,0.254196243197372,161.46996298785436,False
2008-06-30 01:30:00+00:00,9.96,80.12,35.2,1.872,0.0,,16.6496,0.24374680181835,200.18751018154856,False
2008-06-30 02:00:00+00:00,10.29,80.275,35.2,1.303,0.0,,16.6496,0.2472547535262392,243.7964678964087,False
2008-06-30 02:30:00+00:00,10.38,79.685,33.7,1.406,0.0,,15.9401,0.2561884441389649,291.5508788510837,False
2008-06-30 03:00:00+00:00,10.3,80.89,33.7,1.419,0.0,,15.9401,0.2397060434258754,342.63387500325007,False
2008-06-30 03:30:00+00:00,10.2,81.15,34.7,2.197,0.0,,16.4131,0.2348669968001518,396.1716505552122,False
2008-06-30 04:00:00+00:00,10.51,80.79,34.7,2.449,0.0,,16.4131,0.2443678139946274,451.2484089225168,False
2008-06-30 04:30:00+00:00,10.6,80.75,97.9,2.943,0.0,,46.3067,0.2463529373861535,506.9220279890423,False
2008-06-30 05:00:00+00:00,10.89,79.58,97.9,2.969,0.0,,46.3067,0.2664286384830613,562.2401756851317,False
2008-06-30 05:30:00+00:00,11.44,76.765,146.0,2.577,0.0,,69.05799999999999,0.3144422613320661,616.2566002218381,False
2008-06-30 06:00:00+00:00,11.94,74.515,146.0,2.813,0.0,,69.05799999999999,0.3564932978050832,668.0473163268188,False
2008-06-30 06:30:00+00:00,13.66,66.645,156.9,2.537,0.0,,74.2137,0.5222910164374901,716.7264106060203,False
2008-06-30 07:00:00+00:00,15.4,59.38,156.9,2.88,0.0,,74.2137,0.7118016645786136,761.4611956701419,False
2008-06-30 07:30:00+00:00,15.55,56.24,220.8,2.825,0.0,,104.4384,0.7742428853332372,801.4864538045845,False
2008-06-30 08:00:00+00:00,17.09,53.27,220.8,2.669,0.0,,104.4384,0.9120742102921112,836.117526535136,False
2008-06-30 08:30:00+00:00,16.68,53.935,224.9,3.196,0.0,,106.3777,0.8760035402229494,864.7620261833712,False
2008-06-30 09:00:00+00:00,18.31,47.735,224.9,3.036,0.0,,106.3777,1.1016699680508948,886.9299690771005,False
2008-06-30 09:30:00+00:00,19.53,42.99,1115.0,2.845,0.0,,527.395,1.296810371230223,902.2421570798308,False
2008-06-30 10:00:00+00:00,18.83,43.71,1115.0,3.224,0.0,,527.395,1.2257801150371257,910.43666406658,False
2008-06-30 10:30:00+00:00,19.8,42.055,302.9,3.027,0.0,,143.27169999999998,1.3403570656565955,911.37331638941,False
2008-06-30 11:00:00+00:00,20.43,39.93,302.9,3.245,0.0,,143.27169999999998,1.4447300849940763,905.0360906901424,False
2008-06-30 11:30:00+00:00,20.9,35.835,164.9,3.186,0.0,,77.9977,1.5885433837620826,891.5333880426747,False
2008-06-30 12:00:00+00:00,21.1,34.2,164.9,3.598,0.0,,77.9977,1.649158642039577,871.0961797341417,False
2008-06-30 12:30:00+00:00,21.62,31.23,165.4,3.634,0.0,,78.2342,1.7793821637862313,844.0740564011264,False
2008-06-30 13:00:00+00:00,21.84,30.37,165.4,3.381,0.0,,78.2342,1.8260068071685875,810.9292481016332,False
2008-06-30 13:30:00+00:00,22.15,30.335,178.0,3.502,0.0,,84.194,1.8617732752860336,772.2287176121245,False
2008-06-30 14:00:00+00:00,22.15,29.72,178.0,3.253,0.0,,84.194,1.878208939741656,728.6344621976816,False
2008-06-30 14:30:00+00:00,21.97,29.355,163.1,3.44,0.0,,77.1463,1.8673732572125448,680.8921897487545,False
2008-06-30 15:00:00+00:00,22.11,30.175,163.1,2.883,0.0,,77.1463,1.8615099070325296,629.8185629856829,False
2008-06-30 15:30:00+00:00,22.1,30.245,772.0,2.861,0.0,,365.156,1.858511544877568,576.2872299263364,False
2008-06-30 16:00:00+00:00,22.22,28.655,772.0,3.013,0.0,,365.156,1.91481115512972,521.2138795743456,False
2008-06-30 16:30:00+00:00,22.58,28.095,845.0,3.104,0.0,,399.685,1.9725188570313064,465.54057845975007,False
2008-06-30 17:00:00+00:00,22.49,27.54,845.0,3.006,0.0,,399.685,1.976914944463965,410.2196559656046,False
2008-06-30 17:30:00+00:00,22.49,27.29,722.0,2.483,0.0,,341.506,1.9837356556993504,356.19741409255107,False
2008-06-30 18:00:00+00:00,22.39,27.895,722.0,1.67,0.0,,341.506,1.9553164927512008,304.39794031694265,False
2008-06-30 18:30:00+00:00,22.42,28.505,459.3,1.965,0.0,,217.2489,1.9423118528480376,255.7073004344683,False
2008-06-30 19:00:00+00:00,22.09,29.28,459.3,2.215,0.0,,217.2489,1.8830752018708372,210.95838178188853,False
2008-06-30 19:30:00+00:00,21.02,31.63,360.4,2.364,0.0,,170.46919999999997,1.705174623684587,170.9166461043002,False
2008-06-30 20:00:00+00:00,20.6,35.19,360.4,2.353,0.0,,170.46919999999997,1.575156487346819,136.2670357755883,False
2008-06-30 20:30:00+00:00,20.37,35.85,142.6,2.326,0.0,,67.4498,1.5371544033078697,107.6022573509658,False
2008-06-30 21:00:00+00:00,20.04,36.645,142.6,2.588,0.0,,67.4498,1.4874513583327138,85.41264287046013,False
2008-06-30 21:30:00+00:00,18.98,38.905,79.2,2.377,0.0,,37.4616,1.342935839379199,70.07776234389388,False
2008-06-30 22:00:00+00:00,18.49,41.335,79.2,2.467,0.0,,37.4616,1.2506077010087486,61.85993089279151,False
2008-06-30 22:30:00+00:00,17.59,42.065,47.9,2.053,0.0,,22.6567,1.1670933903475749,59.309723491838426,False
2008-06-30 23:00:00+00:00,17.23,38.33,47.9,2.033,0.0,,22.6567,1.2143903437672654,65.58633878866618,False
2008-06-30 23:30:00+00:00,16.71,36.965,39.8,1.588,0.0,,18.8254,1.2010043929422778,79.03337421061124,False
2008-07-01 00:00:00+00:00,15.64,39.89,39.8,1.469,0.0,,18.8254,1.0696771673963958,99.42081006889832,False
2008-07-01 00:30:00+00:00,14.58,49.5,29.7,1.435,0.0,,14.0481,0.8393945285651444,126.3999061356817,False
2008-07-01 01:00:00+00:00,14.35,62.96,29.7,0.851,0.0,,14.0481,0.6065728126537266,159.50916704084187,False
2008-07-01 01:30:00+00:00,13.81,68.96,32.1,0.658,0.0,,15.1833,0.4908095979694362,198.18223642909447,False
2008-07-01 02:00:00+00:00,13.23,72.655,32.1,0.939,0.0,,15.1833,0.4163390741099024,241.7575848435912,False
2008-07-01 02:30:00+00:00,13.08,74.58,37.7,1.122,0.0,,17.8321,0.3832526435263337,289.4898256190967,False
2008-07-01 03:00:00+00:00,13.91,72.675,37.7,1.061,0.0,,17.8321,0.4348857116295951,340.5624652193452,False
2008-07-01 03:30:00+00:00,14.8,71.83,71.5,0.699,0.0,,33.8195,0.4749328742590936,394.1018699160397,False
2008-07-01 04:00:00+00:00,15.03,71.525,71.5,0.822,0.0,,33.8195,0.4872463347313784,449.1922098999797,False
2008-07-01 04:30:00+00:00,15.4,70.035,79.4,2.013,0.0,,37.5562,0.5250895341973945,504.891125195457,False
2008-07-01 05:00:00+00:00,16.16,65.6,79.4,2.631,0.0,,37.5562,0.6328616456013565,560.2458454013669,False
2008-07-01 05:30:00+00:00,15.39,68.45,83.3,2.675,0.0,,39.4009,0.5525092370673278,614.3094875195209,False
2008-07-01 06:00:00+00:00,15.56,69.92,83.3,2.711,0.0,,39.4009,0.5325449677888954,666.1572530840874,False
2008-07-01 06:30:00+00:00,16.46,66.56,211.6,2.9,0.0,,100.0868,0.6270795083475571,714.9022475282084,False
2008-07-01 07:00:00+00:00,16.46,66.625,211.6,3.094,0.0,,100.0868,0.6258606038008288,759.7106511857722,False
2008-07-01 07:30:00+00:00,16.96,64.58,259.2,3.455,0.0,,122.6016,0.6856526256048668,799.8159824166001,False
2008-07-01 08:00:00+00:00,16.8,64.355,259.2,4.068,0.0,,122.6016,0.6830373129176032,834.532208873185,False
2008-07-01 08:30:00+00:00,16.88,65.25,214.6,3.996,0.0,,101.5058,0.669277476518311,863.2654826301601,False
2008-07-01 09:00:00+00:00,17.06,62.615,214.6,3.915,0.0,,101.5058,0.7282931575514526,885.524298437482,False
2008-07-01 09:30:00+00:00,18.67,58.36,710.0,3.869,0.0,0.1095,335.83,0.8977330905283454,900.9279013316274,False
2008-07-01 10:00:00+00:00,17.83,58.575,710.0,4.273,0.0,0.1095,335.83,0.8472240202421298,909.2127997851284,False
2008-07-01 10:30:00+00:00,19.12,55.385,587.2,4.409,0.0,0.1095,277.7456,0.9892890424035088,910.2372729807486,False
2008-07-01 11:00:00+00:00,19.09,53.965,587.2,3.597,0.0,0.1095,277.7456,1.018868367649354,903.9837951085708,False
2008-07-01 11:30:00+00:00,20.15,50.915,175.5,3.473,0.0,0.1095,83.0115,1.1602890996166473,890.5593352150524,False
2008-07-01 12:00:00+00:00,20.66,50.355,175.5,3.06,0.0,0.1095,83.0115,1.211051326207682,870.1935274733869,False
2008-07-01 12:30:00+00:00,19.43,53.025,302.6,2.421,0.0,0.1095,143.12980000000002,1.0619212808292544,843.2347431725252,False
2008-07-01 13:00:00+00:00,18.38,57.375,302.6,4.546,0.0,0.1085,143.12980000000002,0.902426633840576,810.144131615025,False
2008-07-01 13:30:00+00:00,18.48,58.525,225.5,3.784,0.0,0.1085,106.6615,0.8836012016128348,771.487731857157,False
2008-07-01 14:00:00+00:00,18.56,54.865,225.5,3.138,0.0,0.1085,106.6615,0.9664062084784728,727.926790224711,False
2008-07-01 14:30:00+00:00,18.56,58.475,429.1,2.728,0.0,0.1085,202.9643,0.8891108409675105,680.2064492294264,False
2008-07-01 15:00:00+00:00,21.16,47.99,429.1,3.225,0.0,0.1085,202.9643,1.3083455545244778,629.1430013697343,False
2008-07-01 15:30:00+00:00,20.23,49.7,245.3,3.734,0.0,0.1085,116.0269,1.1949047292246704,575.6099258483491,False
2008-07-01 16:00:00+00:00,18.6,49.9,245.3,3.551,0.0,0.1085,116.0269,1.075404017324058,520.5229470585301,False
2008-07-01 16:30:00+00:00,18.97,49.405,322.6,2.61,0.0,0.108,152.5898,1.1114402672143353,464.8243704246336,False
2008-07-01 17:00:00+00:00,18.67,52.465,322.6,2.842,0.0,0.1075,152.5898,1.0248257074511264,409.4669635439057,False
2008-07-01 17:30:00+00:00,18.27,56.55,211.7,2.919,0.0,0.1075,100.1341,0.9135665136064536,355.3976583550241,False
2008-07-01 18:00:00+00:00,18.39,54.14,211.7,2.491,0.0,0.1075,100.1341,0.9715248170563467,303.54135312037835,False
2008-07-01 18:30:00+00:00,18.25,53.155,361.7,1.041,0.0,0.1075,171.08409999999998,0.9837130280222628,254.78509130195107,False
2008-07-01 19:00:00+00:00,18.62,51.605,361.7,1.577,0.0,0.1075,171.08409999999998,1.0401072553044224,209.96288796399372,False
2008-07-01 19:30:00+00:00,17.56,55.03,185.0,2.25,0.0,0.1075,87.505,0.9042014760645612,169.84146325921424,False
2008-07-01 20:00:00+00:00,17.58,57.565,185.0,1.787,0.0,0.107,87.505,0.8543085151397921,135.1071270393543,False
2008-07-01 20:30:00+00:00,16.06,65.585,63.7,1.808,0.0,0.107,30.1301,0.6291077174794439,106.35403894000714,False
2008-07-01 21:00:00+00:00,15.35,71.615,63.7,0.329,0.0,0.107,30.1301,0.4958076825332805,84.0740447614589,False
2008-07-01 21:30:00+00:00,16.6,66.55,99.7,0.154,0.0,0.1065,47.1581,0.6328806216467695,68.64826300346455,False
2008-07-01 22:00:00+00:00,15.17,70.315,99.7,0.97,0.0,0.1065,47.1581,0.5125494339606428,60.34056547436952,False
2008-07-01 22:30:00+00:00,14.12,76.295,34.5,0.373,0.0,0.1065,16.3185,0.3824521935230089,57.54942586657442,False
2008-07-01 23:00:00+00:00,13.9,79.36,34.5,1.191,0.0,0.1065,16.3185,0.3282784697576437,63.743105625695335,False
2008-07-01 23:30:00+00:00,13.44,82.45,33.5,1.413,0.0,0.1065,15.8455,0.2708951184093158,77.1131039710171,False
2008-07-02 00:00:00+00:00,12.87,85.7,33.5,0.587,0.0,0.1065,15.8455,0.2126539608649655,97.4307176561667,False
2008-07-02 00:30:00+00:00,12.66,87.05,18.4,1.384,0.0,0.1065,8.703199999999999,0.1899436901935945,124.34839872366504,False
2008-07-02 01:00:00+00:00,12.9,86.55,18.4,1.371,0.0,0.1065,8.703199999999999,0.2004072886402704,157.40569954041086,False
2008-07-02 01:30:00+00:00,13.57,83.95,18.8,0.482,0.0,0.1065,8.8924,0.2498505727200147,196.03714907831295,False
2008-07-02 02:00:00+00:00,13.82,84.3,18.8,0.392,0.0,0.106,8.8924,0.2484125040490728,239.58192571133068,False
2008-07-02 02:30:00+00:00,13.57,84.75,28.7,0.429,0.0,0.1065,13.5751,0.2373969616187055,287.2951610690562,False
2008-07-02 03:00:00+00:00,14.03,81.9,28.7,0.245,0.0,0.106,13.5751,0.2903213005243077,338.360681586352,False
2008-07-02 03:30:00+00:00,13.96,82.2,28.7,0.632,0.0,0.1055,13.5751,0.284214305811459,391.9049697953713,False
2008-07-02 04:00:00+00:00,13.34,85.2,28.7,0.373,0.0,0.1055,13.5751,0.2269610898071785,447.0121065413693,False
2008-07-02 04:30:00+00:00,13.36,86.4,89.4,0.991,0.0,0.1055,42.2862,0.2088313314512885,502.7394385239591,False
2008-07-02 05:00:00+00:00,13.53,86.65,89.4,1.338,0.0,0.1055,42.2862,0.2072785186147074,558.1337031581071,False
2008-07-02 05:30:00+00:00,13.97,84.55,108.2,1.599,0.0,0.1055,51.1786,0.2468519374033168,612.2473349257664,False
2008-07-02 06:00:00+00:00,16.12,76.415,108.2,0.914,0.0,0.1055,51.1786,0.4327900246986363,664.1546742846522,False
2008-07-02 06:30:00+00:00,16.59,71.37,204.0,1.175,0.0,0.1055,96.492,0.5413408321121113,712.9678018668487,False
2008-07-02 07:00:00+00:00,16.44,70.775,204.0,1.399,0.0,0.1055,96.492,0.5473407023058213,757.8517271097367,False
2008-07-02 07:30:00+00:00,17.61,67.21,317.6,1.515,0.0,0.1055,150.22480000000002,0.6613846158153722,798.0386715043503,False
2008-07-02 08:00:00+00:00,17.36,66.99,317.6,1.527,0.0,0.1055,150.22480000000002,0.6553918077769267,832.8412021332211,False
2008-07-02 08:30:00+00:00,17.84,63.965,306.0,1.272,0.0,0.105,144.738,0.7374520643207503,861.6639908367105,False
2008-07-02 09:00:00+00:00,18.26,62.16,306.0,1.141,0.0,0.1045,144.738,0.7951131282014037,884.0139978559477,False
2008-07-02 09:30:00+00:00,19.53,56.94,481.4,1.323,0.0,0.1045,227.7022,0.9794887666229328,899.5089057513901,False
2008-07-02 10:00:00+00:00,21.1,52.345,481.4,2.582,0.0,0.1045,227.7022,1.1943868554163537,907.8836593261404,False
2008-07-02 10:30:00+00:00,21.71,50.255,270.2,2.086,0.0,0.1045,127.8046,1.2942203512218318,908.9949996815816,False
2008-07-02 11:00:00+00:00,21.96,48.325,270.2,1.624,0.0,0.1045,127.8046,1.365102978512987,902.823914844824,False
2008-07-02 11:30:00+00:00,22.81,45.305,411.2,2.433,0.0,0.104,194.4976,1.5214756178974127,889.4759650462439,False
2008-07-02 12:00:00+00:00,23.29,42.805,411.2,3.804,0.0,0.104,194.4976,1.63786358784933,869.1794770813094,False
2008-07-02 12:30:00+00:00,23.37,41.095,1448.0,3.515,0.0,0.104,684.904,1.6949919470205468,842.2816386420831,False
2008-07-02 13:00:00+00:00,23.42,41.66,1448.0,3.181,0.0,0.104,684.904,1.683802411190691,809.2425594266034,False
2008-07-02 13:30:00+00:00,21.53,47.435,499.6,3.995,0.0,0.1035,236.3108,1.3526225241011662,770.6274006144992,False
2008-07-02 14:00:00+00:00,19.98,56.64,499.6,3.888,0.0,0.1035,236.3108,1.0142335208951752,727.0967073396114,False
2008-07-02 14:30:00+00:00,18.86,64.625,311.8,3.471,0.0,0.1035,147.4814,0.7717769645772552,679.3951095297184,False
2008-07-02 15:00:00+00:00,19.47,61.365,311.8,3.453,0.0,0.103,147.4814,0.8755615207420591,628.3385843942855,False
2008-07-02 15:30:00+00:00,20.11,56.215,432.3,3.419,0.0,0.103,204.4779,1.0324483277201892,574.8004984455184,False
2008-07-02 16:00:00+00:00,20.79,53.75,432.3,2.997,0.0,0.103,204.4779,1.1372984246773157,519.6966678153285,False
2008-07-02 16:30:00+00:00,20.62,55.45,744.0,3.053,0.0,0.103,351.912,1.084088141241962,463.969692424165,False
2008-07-02 17:00:00+00:00,20.29,53.715,744.0,2.575,0.0,0.103,351.912,1.103609893739338,408.57283197908026,False
2008-07-02 17:30:00+00:00,20.97,49.035,544.6,2.838,0.0,0.103,257.5958,1.267188848766882,354.4536996161755,False
2008-07-02 18:00:00+00:00,20.19,50.625,544.6,2.811,0.0,0.103,257.5958,1.1700344077975915,302.538052122231,False
2008-07-02 18:30:00+00:00,21.22,46.76,325.3,2.14,0.0,0.103,153.8669,1.3442250142989345,253.7139540183678,False
2008-07-02 19:00:00+00:00,19.77,52.665,325.3,2.072,0.0,0.1025,153.8669,1.0928961525034344,208.81658639381143,False
2008-07-02 19:30:00+00:00,19.39,54.29,180.6,2.164,0.0,0.102,85.4238,1.0307567816999872,168.61396034882205,False
2008-07-02 20:00:00+00:00,18.89,55.74,180.6,2.076,0.0,0.102,85.4238,0.9674323823955184,133.79377943206205,False
2008-07-02 20:30:00+00:00,18.3,57.365,133.3,1.94,0.0,0.102,63.050900000000006,0.8981198899164735,104.95167580336384,False
2008-07-02 21:00:00+00:00,17.23,60.89,133.3,1.947,0.0,0.102,63.050900000000006,0.7701444194055092,82.58102135404272,False
2008-07-02 21:30:00+00:00,16.32,62.63,33.2,1.997,0.0,0.102,15.7036,0.6945536174133163,67.06448807624902,False
2008-07-02 22:00:00+00:00,15.99,60.03,33.2,2.508,0.0,0.102,15.7036,0.7273926390794669,58.66750205029269,False
2008-07-02 22:30:00+00:00,16.33,62.905,34.6,2.452,0.0,0.102,16.3658,0.6898821192046111,55.63845772215485,False
2008-07-02 23:00:00+00:00,15.5,69.24,34.6,2.209,0.0,0.102,16.3658,0.5424918141012615,61.7546144059195,False
2008-07-02 23:30:00+00:00,15.0,69.495,28.8,1.468,0.0,0.102,13.6224,0.5209746860626356,75.05326827039158,False
2008-07-03 00:00:00+00:00,14.32,72.74,28.8,1.083,0.0,0.1015,13.6224,0.4455474467684912,95.3069350387946,False
2008-07-03 00:30:00+00:00,13.55,76.035,20.6,1.012,0.0,0.102,9.7438,0.3725775225477875,122.16915836763468,False
2008-07-03 01:00:00+00:00,13.3,77.64,20.6,1.275,0.0,0.101,9.7438,0.3420007861986786,155.18043624536438,False
2008-07-03 01:30:00+00:00,12.58,80.775,25.1,1.807,0.0,0.1015,11.8723,0.2805044708258832,193.7760811469852,False
2008-07-03 02:00:00+00:00,12.09,82.25,25.1,2.234,0.0,0.1015,11.8723,0.2507634641091129,237.29587949087863,False
2008-07-03 02:30:00+00:00,11.57,84.95,36.6,2.58,0.0,0.101,17.311799999999998,0.2054358191235321,284.9953851650769,False
2008-07-03 03:00:00+00:00,12.1,83.5,36.6,2.188,0.0,0.101,17.311799999999998,0.233257852380492,336.0586539380973,False
2008-07-03 03:30:00+00:00,12.54,81.3,62.8,2.365,0.0,0.101,29.7044,0.2721282689498762,389.6122009211371,False
2008-07-03 04:00:00+00:00,12.09,82.5,62.8,2.417,0.0,0.101,29.7044,0.2472315843329283,444.73994232717047,False
2008-07-03 04:30:00+00:00,12.46,80.68,78.0,2.316,0.0,0.101,36.894,0.279676058593744,500.4988659346303,False
2008-07-03 05:00:00+00:00,13.17,77.74,78.0,2.794,0.0,0.101,36.894,0.337591242292072,555.9351621981259,False
2008-07-03 05:30:00+00:00,13.42,76.115,114.5,2.166,0.0,0.101,54.1585,0.3681990078412733,610.1005400684645,False
2008-07-03 06:00:00+00:00,13.52,76.605,114.5,2.516,0.0,0.101,54.1585,0.3630052886264875,662.0684484243702,False
2008-07-03 06:30:00+00:00,13.37,77.775,185.5,2.342,0.0,0.101,87.7415,0.3414931624907786,710.9499256327357,False
2008-07-03 07:00:00+00:00,13.59,76.71,185.5,2.384,0.0,0.101,87.7415,0.3630285700770433,755.9088061149279,False
2008-07-03 07:30:00+00:00,14.01,75.07,213.6,2.751,0.0,0.101,101.0328,0.3993545210481097,796.1760237958131,False
2008-07-03 08:00:00+00:00,14.36,73.2,213.6,2.637,0.0,0.101,101.0328,0.4391652786518289,831.0627677602881,False
2008-07-03 08:30:00+00:00,14.68,72.47,261.1,2.588,0.0,0.101,123.5003,0.4605609912824878,859.9722650760899,False
2008-07-03 09:00:00+00:00,15.03,72.18,261.1,2.34,0.0,0.101,123.5003,0.4760383856796117,882.4099892251661,False
2008-07-03 09:30:00+00:00,14.43,74.625,255.9,2.415,0.0,0.1005,121.0407,0.4177027149538088,897.9921195170558,False
2008-07-03 10:00:00+00:00,14.39,74.52,255.9,2.582,0.0,0.1,121.0407,0.4183465671396861,906.4521067763352,False
2008-07-03 10:30:00+00:00,14.28,74.47,224.1,2.782,0.0,0.1,105.9993,0.4161917484977654,907.6452329900118,False
2008-07-03 11:00:00+00:00,15.35,68.455,224.1,2.481,0.0,0.1,105.9993,0.5510041692975984,901.551086915963,False
2008-07-03 11:30:00+00:00,14.46,73.575,357.0,2.501,0.0,0.1,168.861,0.4358322382443864,888.273913302965,False
2008-07-03 12:00:00+00:00,14.44,72.27,357.0,2.373,0.0,0.1,168.861,0.4567643238952921,868.040829746796,False
2008-07-03 12:30:00+00:00,14.6,70.87,461.3,1.961,0.0,0.1,218.1949,0.4848156804114872,841.1979416830898,False
2008-07-03 13:00:00+00:00,14.44,71.19,461.3,2.35,0.0,0.1,218.1949,0.4745539189117695,808.2044219721009,False
2008-07-03 13:30:00+00:00,14.54,70.55,331.6,2.9,0.0,0.1,156.8468,0.4882440389581406,769.6246563482957,False
2008-07-03 14:00:00+00:00,14.42,69.655,331.6,3.132,0.0,0.1,156.8468,0.4991916446283214,726.1185890930956,False
2008-07-03 14:30:00+00:00,14.82,68.02,312.4,3.694,0.0,0.1,147.7652,0.5398638778875825,678.4304340761905,False
2008-07-03 15:00:00+00:00,14.95,65.905,312.4,3.744,0.0,0.0995,147.7652,0.5804129292911199,627.3759442731251,False
2008-07-03 15:30:00+00:00,14.75,65.925,324.2,4.08,0.0,0.0995,153.3466,0.5726375085797314,573.8284575255091,False
2008-07-03 16:00:00+00:00,14.2,69.215,324.2,3.809,0.0,0.0995,153.3466,0.4992634887046562,518.7039572444089,False
2008-07-03 16:30:00+00:00,14.95,65.69,659.1,3.822,0.0,0.099,311.7543,0.5840729609613823,462.9454036077046,False
2008-07-03 17:00:00+00:00,14.46,66.16,659.1,3.123,0.0,0.099,311.7543,0.5581291558066239,407.50660328170886,False
2008-07-03 17:30:00+00:00,14.09,68.695,590.7,3.522,0.0,0.099,279.4011,0.5040869859849844,353.33589359141007,False
2008-07-03 18:00:00+00:00,12.84,72.07,590.7,3.72,0.0,0.099,279.4011,0.4145284836987422,301.3599202381416,False
2008-07-03 18:30:00+00:00,11.66,76.26,202.2,3.681,0.0,0.099,95.6406,0.3259930102575926,252.4677860635124,False
2008-07-03 19:00:00+00:00,11.0,78.13,202.2,3.659,0.0,0.099,95.6406,0.287444670798857,207.4958420114759,False
2008-07-03 19:30:00+00:00,10.34,80.96,98.1,3.664,0.0,0.099,46.40129999999999,0.239468082772612,167.21338045549206,False
2008-07-03 20:00:00+00:00,9.64,82.05,98.1,3.788,0.0,0.099,46.40129999999999,0.2154012105292435,132.30947562172886,False
2008-07-03 20:30:00+00:00,8.7,83.9,39.1,3.333,0.0,0.0985,18.4943,0.1813152552946932,103.38119621760228,False
2008-07-03 21:00:00+00:00,8.11,83.15,39.1,3.359,0.0,0.0985,18.4943,0.1823019143049764,80.92339190195324,False
2008-07-03 21:30:00+00:00,7.638,83.25,36.2,3.624,0.0,0.0985,17.122600000000002,0.1754733729303692,65.32022831125664,False
2008-07-03 22:00:00+00:00,7.169,83.3,36.2,3.659,0.0,0.0985,17.122600000000002,0.1694153292495607,56.83861544554335,False
2008-07-03 22:30:00+00:00,6.853,81.165,20.0,3.084,0.0,0.0985,9.46,0.1869671109571167,53.57604868404548,False
2008-07-03 23:00:00+00:00,6.555,79.675,20.0,3.139,0.0,0.0985,9.46,0.1976552430761869,59.61613727204488,False
2008-07-03 23:30:00+00:00,6.03,79.795,20.1,3.539,0.0,0.0985,9.5073,0.1894806369180175,72.84526940807083,False
2008-07-04 00:00:00+00:00,5.396,81.25,20.1,3.548,0.0,0.0985,9.5073,0.1682553103486515,93.03714851203132,False
2008-07-04 00:30:00+00:00,5.128,83.1,23.0,2.817,0.0,0.0985,10.879,0.1488447903207866,119.84637276741287,False
2008-07-04 01:00:00+00:00,5.026,83.75,23.0,3.181,0.0,0.0985,10.879,0.1421035254322239,152.81434352019133,False
2008-07-04 01:30:00+00:00,4.746,84.45,14.0,3.179,0.0,0.098,6.622,0.1333432356548394,191.37711003394165,False
2008-07-04 02:00:00+00:00,4.562,84.05,14.0,3.175,0.0,0.098,6.622,0.1350198253722547,234.87501640995885,False
2008-07-04 02:30:00+00:00,4.645,84.1,17.2,3.049,0.0,0.098,8.135599999999998,0.1353825913269671,282.56398565306773,False
2008-07-04 03:00:00+00:00,4.712,84.75,17.2,2.368,0.0,0.098,8.135599999999998,0.1304594718165452,333.6282478585259,False
2008-07-04 03:30:00+00:00,4.913,82.8,23.2,3.17,0.0,0.098,10.9736,0.1492270592611242,387.1942947920248,False
2008-07-04 04:00:00+00:00,5.179,81.025,23.2,4.134,0.0,0.098,10.9736,0.1677163694502811,442.3458221557405,False
2008-07-04 04:30:00+00:00,5.336,78.285,76.6,4.678,0.0,0.098,36.23179999999999,0.1940487643154374,498.1394039377742,False
2008-07-04 05:00:00+00:00,5.97,73.94,76.6,4.636,0.0,0.098,36.23179999999999,0.2433736243472044,553.6206307188818,False
2008-07-04 05:30:00+00:00,6.758,74.475,206.5,4.416,0.0,0.098,97.6745,0.2517233712092259,607.8404358738109,False
2008-07-04 06:00:00+00:00,5.872,78.725,206.5,4.708,0.0,0.098,97.6745,0.1973401630563521,659.8713303899052,False
2008-07-04 06:30:00+00:00,5.359,76.79,165.6,5.463,0.0,0.098,78.32879999999999,0.2077411854554513,708.8232685887452,False
2008-07-04 07:00:00+00:00,5.524,75.59,165.6,4.73,0.0,0.0975,78.32879999999999,0.2210076785915036,753.8588733500194,False
2008-07-04 07:30:00+00:00,5.671,77.26,161.5,4.836,0.0,0.0975,76.3895,0.2080040456229765,794.2077603929429,False
2008-07-04 08:00:00+00:00,6.03,74.425,161.5,5.056,0.0,0.0975,76.3895,0.2398400044136748,829.179716581963,False
2008-07-04 08:30:00+00:00,6.161,73.16,163.3,4.606,0.0,0.0975,77.2409,0.2539980513723547,858.176506826309,False
2008-07-04 09:00:00+00:00,6.364,73.355,163.3,5.322,0.0,0.0975,77.2409,0.2557193220578931,880.7021076021937,False
2008-07-04 09:30:00+00:00,5.729,77.765,115.2,4.861,0.0,0.0975,54.4896,0.2042064617181397,896.3711920405748,False
2008-07-04 10:00:00+00:00,6.005,75.84,115.2,4.934,0.0,0.0975,54.4896,0.2261778924502606,904.9157214321564,False
2008-07-04 10:30:00+00:00,6.362,72.99,208.7,4.305,0.0,0.0975,98.7151,0.2591864875431399,906.1895303929188,False
2008-07-04 11:00:00+00:00,6.652,70.52,208.7,4.117,0.0,0.0975,98.7151,0.2886102601259145,900.1708272540939,False
2008-07-04 11:30:00+00:00,5.875,75.04,218.7,4.249,0.0,0.0975,103.44509999999998,0.2315692741408134,886.9625669027744,False
2008-07-04 12:00:00+00:00,5.93,76.53,218.7,3.977,0.0,0.0975,103.44509999999998,0.2185783270924347,866.7906896934211,False
2008-07-04 12:30:00+00:00,5.82,77.0,186.7,5.377,0.0,0.0975,88.30909999999999,0.2125718610562816,840.0002565537931,False
2008-07-04 13:00:00+00:00,6.02,76.44,186.7,5.193,0.0,0.097,88.30909999999999,0.2207903982249322,807.0495463967637,False
2008-07-04 13:30:00+00:00,6.519,73.79,169.6,4.997,0.0,0.097,80.2208,0.254252661538266,768.5022168066861,False
2008-07-04 14:00:00+00:00,6.768,73.33,169.6,5.889,0.0,0.097,80.2208,0.2631964620837395,725.0176620988403,False
2008-07-04 14:30:00+00:00,7.281,75.25,269.7,6.398,0.0,0.097,127.5681,0.2530172549357221,677.339733686686,False
2008-07-04 15:00:00+00:00,6.53,80.285,269.7,5.438,0.0,0.097,127.5681,0.1913925761265887,626.2840157064189,False
2008-07-04 15:30:00+00:00,7.285,73.99,319.9,5.19,0.0,0.097,151.31269999999998,0.265971113002977,572.7238735623838,False
2008-07-04 16:00:00+00:00,7.61,67.15,319.9,5.271,0.0,0.0965,151.31269999999998,0.3434787416937918,517.5755140478348,False
2008-07-04 16:30:00+00:00,7.649,64.6,262.7,5.244,0.0,0.0965,124.2571,0.3711303311490579,461.7823126038419,False
2008-07-04 17:00:00+00:00,7.253,71.305,262.7,4.861,0.0,0.0965,124.2571,0.292783622612179,406.29867581587007,False
2008-07-04 17:30:00+00:00,5.961,79.85,151.1,3.889,0.0,0.0965,71.4703,0.1880628609038395,352.0737151982023,False
2008-07-04 18:00:00+00:00,5.934,77.505,151.1,4.05,0.0,0.0965,71.4703,0.2095562087716835,300.03501154458667,False
2008-07-04 18:30:00+00:00,5.299,81.72,63.9,4.289,0.0,0.0965,30.2247,0.1629320925128439,251.0727475749596,False
2008-07-04 19:00:00+00:00,4.985,88.5,63.9,4.544,0.0,0.0965,30.2247,0.1002776932928203,206.02448030770137,False
2008-07-04 19:30:00+00:00,4.6,91.25,60.2,4.466,0.0,0.0965,28.4746,0.074268201944359,165.6608136444642,False
2008-07-04 20:00:00+00:00,4.523,91.05,60.2,5.098,0.0,0.0965,28.4746,0.0755563606098763,130.67221625536635,False
2008-07-04 20:30:00+00:00,4.452,90.7,24.3,4.102,0.0,0.0965,11.4939,0.078120607677842,101.65721026101735,False
2008-07-04 21:00:00+00:00,4.462,90.3,24.3,3.977,0.0,0.0965,11.4939,0.0815378869901303,79.11213275899038,False
2008-07-04 21:30:00+00:00,4.506,89.15,14.9,4.286,0.0,0.0965,7.0477,0.0914870009861728,63.42264533728598,False
2008-07-04 22:00:00+00:00,4.565,88.25,14.9,4.205,0.0,0.0965,7.0477,0.0994869589367171,54.85713681604041,False
2008-07-04 22:30:00+00:00,4.656,88.25,8.7,4.366,0.0,0.0965,4.115099999999999,0.1001240897647615,51.362940173410685,False
2008-07-04 23:00:00+00:00,4.71,88.65,8.7,2.789,0.0,0.0965,4.115099999999999,0.0970824555434947,57.32848217143716,False
2008-07-04 23:30:00+00:00,4.617,89.4,5.6,3.269,0.0,0.0965,2.6488,0.0900779836416163,70.48997519542877,False
2008-07-05 00:00:00+00:00,4.503,91.0,5.6,3.893,0.0,0.096,2.6488,0.0758718515827466,90.62227806850645,False
2008-07-05 00:30:00+00:00,4.365,92.2,1.4,3.887,0.0,0.096,0.6621999999999999,0.0651211732802575,117.3810055261152,False
2008-07-05 01:00:00+00:00,4.291,93.65,1.4,4.518,0.0,0.096,0.6621999999999999,0.0527401664029044,150.30841926730912,False
2008-07-05 01:30:00+00:00,4.223,94.95,2.9,4.426,0.0,0.096,1.3717,0.0417427732461719,188.84125804951933,False
2008-07-05 02:00:00+00:00,4.253,94.75,2.9,4.498,0.0,0.096,1.3717,0.0434876628983029,232.3203728853028,False
2008-07-05 02:30:00+00:00,4.221,95.35,4.1,4.605,0.0,0.096,1.9393,0.0384310050505321,280.0020025213005,False
2008-07-05 03:00:00+00:00,4.26,95.6,4.1,4.792,0.0,0.096,1.9393,0.0364647582641786,331.0704963201497,False
2008-07-05 03:30:00+00:00,4.363,94.6,11.6,5.156,0.0,0.096,5.4868,0.0450775511965804,384.6522669064969,False
2008-07-05 04:00:00+00:00,4.454,94.1,11.6,5.133,0.0,0.096,5.4868,0.0495673486120614,439.8307339014162,False
2008-07-05 04:30:00+00:00,4.515,93.6,24.0,5.449,0.0,0.096,11.352,0.0539987930469699,495.6620031154295,False
2008-07-05 05:00:00+00:00,4.556,94.2,24.0,4.073,0.0,0.096,11.352,0.0490774480484934,551.1910129892187,False
2008-07-05 05:30:00+00:00,4.616,93.2,36.6,4.942,0.0,0.096,17.311799999999998,0.0577818229050347,605.4678720779182,False
2008-07-05 06:00:00+00:00,4.814,91.8,36.6,5.08,0.0,0.096,17.311799999999998,0.0706517970237612,657.5641081066742,False
2008-07-05 06:30:00+00:00,4.861,91.15,77.8,4.771,0.0,0.096,36.7994,0.0765035915562109,706.5885506372595,False
2008-07-05 07:00:00+00:00,4.972,90.55,77.8,4.729,0.0,0.096,36.7994,0.0823272219126002,751.7025756531771,False
2008-07-05 07:30:00+00:00,5.131,89.15,49.0,4.787,0.0,0.096,23.177,0.095580142747206,792.1344512851199,False
2008-07-05 08:00:00+00:00,5.063,88.8,49.0,4.962,0.0,0.096,23.177,0.0981957458184948,827.1925392747743,False
2008-07-05 08:30:00+00:00,5.238,89.2,93.3,5.06,0.0,0.096,44.1309,0.0958530553067025,856.2771263485599,False
2008-07-05 09:00:00+00:00,5.042,91.6,93.3,4.638,0.0,0.096,44.1309,0.0735387947889292,878.89068310979,False
2008-07-05 09:30:00+00:00,5.006,91.85,106.5,4.525,0.0,0.096,50.3745,0.0711707980867947,894.6463749566432,False
2008-07-05 10:00:00+00:00,4.986,91.05,106.5,4.719,0.0,0.096,50.3745,0.0780476625574564,903.2746794346303,False
2008-07-05 10:30:00+00:00,5.143,89.55,149.2,4.52,0.0,0.096,70.57159999999999,0.0921336368486709,904.6279968236266,False
2008-07-05 11:00:00+00:00,5.186,89.15,149.2,4.434,0.5,0.096,70.57159999999999,0.09594793929556,898.6831750878185,False
2008-07-05 11:30:00+00:00,5.333,89.35,149.5,5.016,0.0,0.096,70.7135,0.0951502226179101,885.5419059941719,False
2008-07-05 12:00:00+00:00,5.438,88.75,149.5,4.438,0.0,0.096,70.7135,0.101249062626683,865.4289856213529,False
2008-07-05 12:30:00+00:00,5.697,89.5,255.2,4.546,0.0,0.096,120.7096,0.0962178542791998,838.6884690132317,False
2008-07-05 13:00:00+00:00,5.577,90.05,255.2,4.196,0.0,0.096,120.7096,0.0904200483844167,805.7777847545836,False
2008-07-05 13:30:00+00:00,5.587,89.5,158.8,4.0,0.0,0.096,75.11240000000001,0.0954845600745597,767.2599101446032,False
2008-07-05 14:00:00+00:00,5.687,89.85,158.8,4.615,0.0,0.096,75.11240000000001,0.0929459540903947,723.7937408199879,False
2008-07-05 14:30:00+00:00,6.053,87.95,252.0,4.097,0.0,0.096,119.196,0.1131841013730253,676.1228195657923,False
2008-07-05 15:00:00+00:00,5.958,89.1,252.0,4.419,0.0,0.096,119.196,0.1017101070414742,625.0626171204004,False
2008-07-05 15:30:00+00:00,5.941,90.55,153.2,4.297,0.0,0.096,72.46359999999999,0.0880759338224096,571.4865825513436,False
2008-07-05 16:00:00+00:00,5.763,89.8,153.2,3.996,0.0,0.096,72.46359999999999,0.0938984855352637,516.3112018270175,False
2008-07-05 16:30:00+00:00,6.175,86.0,153.2,3.988,0.0,0.096,72.46359999999999,0.1326163057550664,460.4803201755148,False
2008-07-05 17:00:00+00:00,6.625,83.85,153.2,4.156,0.0,0.096,72.46359999999999,0.1578149065586501,404.9489964160154,False
2008-07-05 17:30:00+00:00,6.027,89.05,153.2,3.852,0.0,0.096,72.46359999999999,0.10266674132319,350.66716545492176,False
2008-07-05 18:00:00+00:00,5.694,90.7,153.2,4.141,0.0,0.0955,72.46359999999999,0.085203756677065,298.5633884203516,False
2008-07-05 18:30:00+00:00,5.622,89.4,112.5,4.008,0.0,0.0955,53.2125,0.0966289393609439,249.52896841019475,False
2008-07-05 19:00:00+00:00,5.813,88.8,112.5,4.144,0.0,0.0955,53.2125,0.1034629449584583,204.40270357471545,False
2008-07-05 19:30:00+00:00,5.653,89.45,84.9,3.949,0.0,0.095,40.1577,0.0963807246968803,163.95653835264716,False
2008-07-05 20:00:00+00:00,5.294,91.0,84.9,3.654,0.0,0.095,40.1577,0.0801902363720368,128.88235831578697,False
2008-07-05 20:30:00+00:00,5.151,90.7,52.0,4.072,0.0,0.095,24.596,0.0820403512157999,99.78015451477894,False
2008-07-05 21:00:00+00:00,4.909,92.7,52.0,3.867,0.0,0.095,24.596,0.0633170154033494,77.14775979154527,False
2008-07-05 21:30:00+00:00,4.925,92.15,23.0,4.029,0.0,0.095,10.879,0.0681637448558454,61.37233263372155,False
2008-07-05 22:00:00+00:00,4.885,92.05,23.0,4.101,0.0,0.095,10.879,0.0688391130605132,52.72373425271501,False
2008-07-05 22:30:00+00:00,4.737,93.15,11.9,4.038,0.0,0.095,5.6287,0.0587025912354625,49.00116599537432,False
2008-07-05 23:00:00+00:00,4.623,92.6,11.9,4.094,0.0,0.095,5.6287,0.0629111020864427,54.89778970924274,False
2008-07-05 23:30:00+00:00,4.576,91.0,6.3,3.721,0.0,0.095,2.9799,0.0762616222159799,67.99753554536895,False
2008-07-06 00:00:00+00:00,4.558,89.45,6.3,3.377,0.0,0.095,2.9799,0.0892827169606152,88.076316855563,False
2008-07-06 00:30:00+00:00,4.504,88.25,7.5,3.603,0.0,0.095,3.5475,0.0990618726253704,114.79066121318536,False
2008-07-06 01:00:00+00:00,4.549,88.85,7.5,4.0,0.0,0.095,3.5475,0.0943008220680134,147.68358589345937,False
2008-07-06 01:30:00+00:00,4.424,91.15,7.5,4.436,0.0,0.095,3.5475,0.0741944888759742,186.19241510356267,False
2008-07-06 02:00:00+00:00,4.353,93.05,7.5,4.589,0.0,0.095,3.5475,0.057975706889594,229.6584052401216,False
2008-07-06 02:30:00+00:00,4.436,93.05,7.5,4.032,0.0,0.095,3.5475,0.0583148723191563,277.33801352301083,False
2008-07-06 03:00:00+00:00,4.477,92.85,7.5,4.109,0.0,0.095,3.5475,0.0601660213673838,328.41561724183623,False
2008-07-06 03:30:00+00:00,4.522,89.3,7.5,5.137,0.0,0.095,3.5475,0.0903236094828277,382.0174660368052,False
2008-07-06 04:00:00+00:00,4.098,87.6,7.5,4.695,0.0,0.095,3.5475,0.1015988834168919,437.2266285424549,False
2008-07-06 04:30:00+00:00,4.048,89.7,48.9,4.548,0.0,0.095,23.1297,0.0840957954812937,493.0986777127519,False
2008-07-06 05:00:00+00:00,4.16,90.95,48.9,4.186,0.0,0.095,23.1297,0.0744753194871029,548.6778465095558,False
2008-07-06 05:30:00+00:00,4.371,90.05,48.9,4.414,0.0,0.095,23.1297,0.0831062839929931,603.0133775898039,False
2008-07-06 06:00:00+00:00,4.827,87.1,48.9,4.389,0.0,0.095,23.1297,0.1112485695568781,655.1757873081175,False
2008-07-06 06:30:00+00:00,5.198,85.35,48.9,4.694,0.0,0.095,23.1297,0.129660400449996,704.2727658166667,False
2008-07-06 07:00:00+00:00,5.078,86.0,48.9,4.687,0.0,0.095,23.1297,0.1228734135379135,749.4644412690894,False
2008-07-06 07:30:00+00:00,5.33,84.9,48.9,4.987,0.0,0.095,23.1297,0.1348796092341066,789.9777470126749,False
2008-07-06 08:00:00+00:00,5.705,82.115,48.9,4.957,0.0,0.095,23.1297,0.1639822464658087,825.1196459973856,False
2008-07-06 08:30:00+00:00,6.059,79.075,48.9,4.625,0.0,0.095,23.1297,0.1966275875845656,854.2889861790003,False
2008-07-06 09:00:00+00:00,6.43,80.24,48.9,4.375,0.0,0.095,23.1297,0.1905091224978271,876.986784111819,False
2008-07-06 09:30:00+00:00,7.041,77.215,48.9,5.297,0.0,0.095,23.1297,0.2291214813579559,892.8247608145342,False
2008-07-06 10:00:00+00:00,7.512,75.615,48.9,4.876,0.0,0.095,23.1297,0.253264313476908,901.5319838896156,False
2008-07-06 10:30:00+00:00,8.3,73.095,441.0,5.218,0.0,0.095,208.593,0.294878076129885,902.9595022717228,False
2008-07-06 11:00:00+00:00,8.77,69.16,441.0,5.248,0.0,0.095,208.593,0.3489664427049336,897.0828943193693,False
2008-07-06 11:30:00+00:00,9.3,67.76,417.8,4.799,0.0,0.095,197.6194,0.3781196823446742,884.0026856590978,False
2008-07-06 12:00:00+00:00,10.46,64.54,417.8,5.103,0.0,0.0945,197.6194,0.4495772573616106,863.942629632287,False
2008-07-06 12:30:00+00:00,10.72,62.75,353.6,5.197,0.0,0.094,167.2528,0.4805413894602144,837.2458797578367,False
2008-07-06 13:00:00+00:00,11.08,62.31,353.6,5.405,0.0,0.094,167.2528,0.4980154050644551,804.3691196840573,False
2008-07-06 13:30:00+00:00,10.75,63.39,399.4,4.994,0.0,0.094,188.9162,0.4732309027833578,765.8747510431858,False
2008-07-06 14:00:00+00:00,10.74,62.41,399.4,4.98,0.0,0.094,188.9162,0.4855747579807708,722.4212728443329,False
2008-07-06 14:30:00+00:00,10.69,61.6,328.2,5.184,0.0,0.094,155.2386,0.4943865973995342,674.7520169772172,False
2008-07-06 15:00:00+00:00,10.86,60.72,328.2,5.046,0.0,0.094,155.2386,0.5114801617104141,623.6824325201419,False
2008-07-06 15:30:00+00:00,10.42,61.85,811.0,4.593,0.0,0.094,383.603,0.4823906574464868,570.0861363707993,False
2008-07-06 16:00:00+00:00,10.57,61.095,811.0,4.431,0.0,0.094,383.603,0.4968925896874647,514.8799688223714,False
2008-07-06 16:30:00+00:00,10.22,61.535,927.0,4.467,0.0,0.094,438.471,0.4799081202642181,459.0083097297726,False
2008-07-06 17:00:00+00:00,8.94,66.87,927.0,4.36,0.0,0.094,438.471,0.3792194973235331,403.4269235595148,False
2008-07-06 17:30:00+00:00,8.27,68.705,328.7,3.928,0.0,0.094,155.4751,0.3422929472167624,349.0866096763141,False
2008-07-06 18:00:00+00:00,7.975,69.165,328.7,3.851,0.0,0.094,155.4751,0.3305506880781068,296.91693755164727,False
2008-07-06 18:30:00+00:00,8.03,68.495,163.2,3.881,0.0,0.094,77.19359999999999,0.3390022869585158,247.81034512679244,False
2008-07-06 19:00:00+00:00,7.974,70.205,163.2,3.349,0.0,0.094,77.19359999999999,0.3193801179372635,202.6068723513349,False
2008-07-06 19:30:00+00:00,7.19,73.99,104.1,3.616,0.0,0.094,49.23929999999999,0.2642425964555251,162.07979105242725,False
2008-07-06 20:00:00+00:00,6.511,74.33,104.1,3.102,0.0,0.0935,49.23929999999999,0.2488768307546838,126.9223769577803,False
2008-07-06 20:30:00+00:00,5.84,75.83,59.8,2.819,0.0,0.0935,28.2854,0.2236957520357918,97.736050157078,False
2008-07-06 21:00:00+00:00,5.55,77.27,59.8,2.775,0.0,0.0935,28.2854,0.206169790335598,75.02008687793729,False
2008-07-06 21:30:00+00:00,5.199,78.765,30.7,3.136,0.0,0.0935,14.5211,0.187954321643863,59.16307857303394,False
2008-07-06 22:00:00+00:00,4.918,80.345,30.7,2.936,0.0,0.0935,14.5211,0.1705862902020984,50.43628442485768,False
2008-07-06 22:30:00+00:00,4.663,80.585,17.5,2.846,0.0,0.0935,8.2775,0.16552030775366,46.49022240900035,False
2008-07-06 23:00:00+00:00,4.533,81.8,17.5,3.044,0.0,0.0935,8.2775,0.1537532328424496,52.319585585930696,False
2008-07-06 23:30:00+00:00,4.11,84.0,13.2,2.96,0.0,0.0935,6.243599999999999,0.1312062076508191,65.35959007887605,False
2008-07-07 00:00:00+00:00,3.856,83.85,13.2,3.046,0.0,0.093,6.243599999999999,0.1300851360480011,85.38716937269476,False
2008-07-07 00:30:00+00:00,3.59,85.1,7.3,2.991,0.0,0.093,3.4529,0.117781430535281,112.05972406248122,False
2008-07-07 01:00:00+00:00,3.18,85.6,7.3,3.19,0.0,0.093,3.4529,0.1105688225845172,144.9209824464323,False
2008-07-07 01:30:00+00:00,3.025,84.85,11.8,3.041,0.0,0.093,5.5814,0.1150536359920507,183.40880565669863,False
2008-07-07 02:00:00+00:00,3.09,85.45,11.8,2.721,0.0,0.093,5.5814,0.1110087019610738,226.86480381180095,False
2008-07-07 02:30:00+00:00,3.076,85.9,26.7,2.989,0.0,0.093,12.6291,0.1074684801666656,274.54559869390346,False
2008-07-07 03:00:00+00:00,2.781,89.25,26.7,2.906,0.0,0.093,12.6291,0.0802333557751952,325.63554028766185,False
2008-07-07 03:30:00+00:00,2.331,92.6,31.1,2.614,0.0,0.093,14.7103,0.0534846808796457,379.26065964681567,False
2008-07-07 04:00:00+00:00,2.62,89.95,31.1,2.889,0.0,0.093,14.7103,0.0741528885846524,434.5036194049978,False
2008-07-07 04:30:00+00:00,2.765,87.9,77.1,3.223,0.0,0.093,36.46829999999999,0.0902062884480293,490.41940618096186,False
2008-07-07 05:00:00+00:00,3.079,86.5,77.1,3.085,0.0,0.093,36.46829999999999,0.1029172910828862,546.0514964367741,False
2008-07-07 05:30:00+00:00,3.638,82.465,158.3,2.603,0.0,0.093,74.8759,0.1390820191772122,600.4482192479733,False
2008-07-07 06:00:00+00:00,3.173,86.0,158.3,2.822,0.0,0.093,74.8759,0.1074440524885338,652.6790360762218,False
2008-07-07 06:30:00+00:00,3.326,82.505,199.2,3.189,0.0,0.093,94.2216,0.1357323023513767,701.8504590540308,False
2008-07-07 07:00:00+00:00,3.315,80.12,199.2,2.917,0.0,0.093,94.2216,0.1541156954140147,747.1213354748959,False
2008-07-07 07:30:00+00:00,3.589,79.88,240.2,2.888,0.0,0.093,113.6146,0.1590332024301041,787.7172370237424,False
2008-07-07 08:00:00+00:00,3.885,79.785,240.2,2.819,0.0,0.093,113.6146,0.1631615852531268,822.9437075970391,False
2008-07-07 08:30:00+00:00,3.856,78.145,216.5,2.977,0.0,0.093,102.4045,0.1760378110420473,852.1981430872983,False
2008-07-07 09:00:00+00:00,4.617,74.745,216.5,2.534,0.0,0.093,102.4045,0.2146150449876434,874.9800999085885,False
2008-07-07 09:30:00+00:00,5.041,71.685,306.4,2.88,0.0,0.093,144.92719999999997,0.2478696944467806,890.8998559184441,False
2008-07-07 10:00:00+00:00,5.974,70.09,306.4,2.478,0.0,0.093,144.92719999999997,0.2794061739235236,899.685077286515,False
2008-07-07 10:30:00+00:00,6.139,69.615,367.3,2.738,0.0,0.093,173.7329,0.2871080814532833,901.1854772610964,False
2008-07-07 11:00:00+00:00,6.868,67.81,367.3,2.304,0.0,0.093,173.7329,0.3198667300239473,895.3753871359953,False
2008-07-07 11:30:00+00:00,7.986,62.755,571.7,2.996,0.0,0.093,270.4141,0.3995654763523947,882.3541954352661,False
2008-07-07 12:00:00+00:00,8.96,61.17,571.7,2.725,0.0,0.093,270.4141,0.4450659603282015,862.3446478006592,False
2008-07-07 12:30:00+00:00,8.92,59.15,540.6,3.005,0.0,0.093,255.7038,0.4669532684945624,835.6890366626444,False
2008-07-07 13:00:00+00:00,9.73,56.32,540.6,3.197,0.0,0.093,255.7038,0.527345625096394,802.8433458744311,False
2008-07-07 13:30:00+00:00,9.6,59.035,398.3,3.32,0.0,0.093,188.3959,0.4902612459554349,764.369450472025,False
2008-07-07 14:00:00+00:00,9.94,57.025,398.3,2.979,0.0,0.0925,188.3959,0.5262056052391586,720.9255049935613,False
2008-07-07 14:30:00+00:00,10.21,56.25,395.7,3.785,0.0,0.093,187.1661,0.5454809273044732,673.2546847789431,False
2008-07-07 15:00:00+00:00,10.83,55.385,395.7,3.802,0.0,0.0925,187.1661,0.5797892336577161,622.1724728456846,False
2008-07-07 15:30:00+00:00,10.86,53.715,645.6,3.834,0.0,0.0925,305.3688,0.6026949919747077,568.5527098175368,False
2008-07-07 16:00:00+00:00,11.58,51.885,645.6,3.903,0.0,0.0925,305.3688,0.6572154992000073,513.3126455424085,False
2008-07-07 16:30:00+00:00,11.69,51.75,870.0,3.683,0.0,0.0925,411.51,0.6638762092747953,457.3972481143324,False
2008-07-07 17:00:00+00:00,11.6,52.73,870.0,3.826,0.0,0.0925,411.51,0.646529158247527,401.7630387175651,False
2008-07-07 17:30:00+00:00,11.47,52.82,619.8,3.794,0.0,0.092,293.1654,0.6397641938496736,347.3617288229558,False
2008-07-07 18:00:00+00:00,11.54,53.495,619.8,4.007,0.0,0.092,293.1654,0.6335432386263145,295.1239396482176,False
2008-07-07 18:30:00+00:00,11.14,55.705,417.9,3.354,0.0,0.092,197.6667,0.5876296857396838,245.9432823864869,False
2008-07-07 19:00:00+00:00,11.04,56.115,417.9,3.332,0.0,0.092,197.6667,0.5783321690063629,200.6610715368544,False
2008-07-07 19:30:00+00:00,11.12,56.57,306.0,3.146,0.0,0.092,144.738,0.5753889061748351,160.051932840221,False
2008-07-07 20:00:00+00:00,10.31,60.115,306.0,3.423,0.0,0.0915,144.738,0.5006319098106177,124.81055202084634,False
2008-07-07 20:30:00+00:00,9.11,64.575,104.8,3.379,0.0,0.0915,49.5704,0.4101776749525657,95.53979101872368,False
2008-07-07 21:00:00+00:00,8.66,67.18,104.8,2.876,0.0,0.0915,49.5704,0.3686115146135555,72.7403750052043,False
2008-07-07 21:30:00+00:00,8.26,69.515,71.8,2.601,0.0,0.0915,33.9614,0.3332066404193781,56.80232660371711,False
2008-07-07 22:00:00+00:00,7.425,72.995,71.8,3.845,0.0,0.0915,33.9614,0.278809256377812,47.99829384883997,False
2008-07-07 22:30:00+00:00,6.433,76.305,39.4,4.233,0.0,0.0915,18.6362,0.2284944047680641,43.83098067694929,False
2008-07-07 23:00:00+00:00,5.223,80.425,39.4,4.01,0.0,0.0915,18.6362,0.1735518896068114,49.59480349178272,False
2008-07-07 23:30:00+00:00,5.143,81.865,38.2,4.356,0.0,0.0915,18.0686,0.1598893305503012,62.57712727548768,False
2008-07-08 00:00:00+00:00,4.734,82.1,38.2,4.169,0.0,0.0915,18.0686,0.1533657662063537,82.55587031642573,False
2008-07-08 00:30:00+00:00,4.321,81.1,18.9,4.593,0.0,0.0915,8.939699999999998,0.1573062203993771,109.18926562932656,False
2008-07-08 01:00:00+00:00,4.032,82.15,18.9,4.196,0.0,0.0915,8.939699999999998,0.1455745585475795,142.02170735757963,False
2008-07-08 01:30:00+00:00,3.826,83.1,24.5,5.043,0.0,0.0915,11.5885,0.1358382093037287,180.49154458085616,False
2008-07-08 02:00:00+00:00,3.386,84.65,24.5,4.717,0.0,0.0915,11.5885,0.1195982929614671,223.94068920428285,False
2008-07-08 02:30:00+00:00,3.116,85.15,25.7,4.667,0.0,0.0915,12.1561,0.113507015148232,271.6258735723188,False
2008-07-08 03:00:00+00:00,3.11,85.9,25.7,5.16,0.0,0.0915,12.1561,0.1077284101461228,322.7313652291422,False
2008-07-08 03:30:00+00:00,3.219,88.05,43.4,5.532,0.0,0.0915,20.5282,0.0920111476865659,376.3829213200342,False
2008-07-08 04:00:00+00:00,3.28,89.3,43.4,5.871,0.0,0.0915,20.5282,0.0827439266190547,431.6627439221039,False
2008-07-08 04:30:00+00:00,3.508,89.6,43.0,5.356,0.0,0.0915,20.339,0.0817341040184764,487.6251804695897,False
2008-07-08 05:00:00+00:00,3.814,88.0,43.0,5.411,0.0,0.0915,20.339,0.0963714652370274,543.3129006928104,False
2008-07-08 05:30:00+00:00,4.216,85.05,140.6,4.867,0.0,0.0915,66.5038,0.1235142739050673,597.7732733378109,False
2008-07-08 06:00:00+00:00,4.987,81.76,140.6,5.41,0.0,0.0915,66.5038,0.1590713878253567,650.0746625157091,False
2008-07-08 06:30:00+00:00,5.41,80.44,206.8,4.974,0.0,0.0915,97.8164,0.1756952693569488,699.3223649056355,False
2008-07-08 07:00:00+00:00,6.049,78.65,206.8,5.254,0.0,0.0915,97.8164,0.2004822149687487,744.6739151781292,False
2008-07-08 07:30:00+00:00,6.478,77.585,236.0,4.796,0.0,0.0915,111.628,0.2168241419453008,785.3534978135444,False
2008-07-08 08:00:00+00:00,6.905,75.925,236.0,5.075,0.0,0.0915,111.628,0.2398393585088262,820.665218776074,False
2008-07-08 08:30:00+00:00,7.568,72.96,364.1,4.497,0.0,0.0915,172.2193,0.2819180807423306,850.0050100079045,False
2008-07-08 09:00:00+00:00,7.906,72.84,364.1,4.918,0.0,0.0915,172.2193,0.2897871593641415,872.8709630955168,False
2008-07-08 09:30:00+00:00,8.08,70.935,380.5,4.95,0.0,0.0915,179.9765,0.3138150495053337,888.8719153316991,False
2008-07-08 10:00:00+00:00,8.94,67.895,380.5,4.749,0.0,0.0915,179.9765,0.3674869291147611,897.7341412922217,False
2008-07-08 10:30:00+00:00,8.44,69.53,418.1,4.994,0.0,0.0915,197.7613,0.3371444473758214,899.3060354543695,False
2008-07-08 11:00:00+00:00,9.83,65.19,418.1,4.992,0.0,0.0915,197.7613,0.423092777746801,893.560705751043,False
2008-07-08 11:30:00+00:00,10.16,62.535,404.4,4.778,0.0,0.0915,191.2812,0.4655567716705218,880.5964336909859,False
2008-07-08 12:00:00+00:00,11.16,60.15,404.4,4.174,0.0,0.091,191.2812,0.5293642632433416,860.6349931717184,False
2008-07-08 12:30:00+00:00,11.13,60.2,279.1,4.027,0.0,0.091,132.0143,0.5276469375834234,834.0178567424463,False
2008-07-08 13:00:00+00:00,11.56,59.065,279.1,4.482,0.0,0.091,132.0143,0.5584017886869677,801.2003542129839,False
2008-07-08 13:30:00+00:00,11.88,59.095,134.2,4.748,0.0,0.091,63.47659999999999,0.5699306221142363,762.7438835336039,False
2008-07-08 14:00:00+00:00,12.1,58.555,134.2,4.557,0.0,0.0905,63.47659999999999,0.5859013146611813,719.3063071898631,False
2008-07-08 14:30:00+00:00,12.36,56.885,119.9,4.37,0.0,0.0905,56.7127,0.6200398743047567,671.630698396786,False
2008-07-08 15:00:00+00:00,12.74,56.31,119.9,3.913,0.0,0.0905,56.7127,0.6441949745057305,620.5326296063027,False
2008-07-08 15:30:00+00:00,11.92,60.45,960.0,3.762,0.0,0.0905,454.08,0.5525093099396677,566.8862207784734,False
2008-07-08 16:00:00+00:00,11.52,61.97,960.0,3.75,0.0,0.0905,454.08,0.517401220663389,511.6091860836548,False
2008-07-08 16:30:00+00:00,11.43,61.82,856.0,4.015,0.0,0.0905,404.888,0.5163523898753398,455.6471348366193,False
2008-07-08 17:00:00+00:00,11.51,62.39,856.0,3.541,0.0,0.0905,404.888,0.5113481367634405,399.95739522172784,False
2008-07-08 17:30:00+00:00,12.1,59.745,715.0,3.47,0.0,0.0905,338.195,0.5690784756107096,345.4926375319298,False
2008-07-08 18:00:00+00:00,12.31,58.595,715.0,3.604,0.0,0.0905,338.195,0.5934917401505886,293.18457707452194,False
2008-07-08 18:30:00+00:00,11.86,59.845,444.9,3.259,0.0,0.0905,210.4377,0.5587420110652837,243.92803553412867,False
2008-07-08 19:00:00+00:00,11.35,60.55,444.9,3.17,0.0,0.0905,210.4377,0.5307044107075517,198.5656334515242,False
2008-07-08 19:30:00+00:00,11.11,61.18,311.4,2.996,0.0,0.0905,147.29219999999998,0.5139708249179548,157.873375681145,False
2008-07-08 20:00:00+00:00,10.48,63.235,311.4,2.746,0.0,0.0905,147.29219999999998,0.4667460577304819,122.54737641431072,False
2008-07-08 20:30:00+00:00,9.69,68.44,175.6,2.763,0.0,0.09,83.05879999999999,0.3799981599146249,93.19195086136428,False
2008-07-08 21:00:00+00:00,8.41,73.225,175.6,2.16,0.0,0.0895,83.05879999999999,0.2956565919390457,70.30927730698001,False
2008-07-08 21:30:00+00:00,7.806,75.865,77.8,2.056,0.0,0.0895,36.7994,0.255759169707335,54.29080638932033,False
2008-07-08 22:00:00+00:00,7.371,77.57,77.8,2.138,0.0,0.09,36.7994,0.2307197927484122,45.41056456435592,False
2008-07-08 22:30:00+00:00,7.192,78.16,32.1,1.873,0.0,0.09,15.1833,0.2219089131803228,41.02549058699396,False
2008-07-08 23:00:00+00:00,6.022,81.885,32.1,1.918,0.0,0.09,15.1833,0.1697866165468961,46.72960779977716,False
2008-07-08 23:30:00+00:00,6.074,82.4,19.1,1.594,0.0,0.09,9.0343,0.1655553130053978,59.66032936690311,False
2008-07-09 00:00:00+00:00,5.987,82.5,19.1,2.031,0.0,0.0895,9.0343,0.1636248226392471,79.5964543213648,False
2008-07-09 00:30:00+00:00,5.845,83.4,11.9,1.7,0.0,0.0895,5.6287,0.1536879953415444,106.19694159785364,False
2008-07-09 01:00:00+00:00,5.74,83.15,11.9,1.723,0.0,0.0895,5.6287,0.1548689119715007,139.0067440685744,False
2008-07-09 01:30:00+00:00,5.64,83.05,10.7,1.938,0.0,0.0895,5.0611,0.1547087168627936,177.4645928631846,False
2008-07-09 02:00:00+00:00,5.47,84.2,10.7,2.022,0.0,0.0895,5.0611,0.1425160060618514,220.91259881006863,False
2008-07-09 02:30:00+00:00,5.446,84.45,15.2,2.012,0.0,0.0895,7.1896,0.1400267223125132,268.60750675114906,False
2008-07-09 03:00:00+00:00,5.43,84.55,15.2,1.551,0.0,0.0895,7.1896,0.1389712344439065,319.7334102065062,False
2008-07-09 03:30:00+00:00,5.366,84.35,23.1,1.766,0.0,0.0895,10.9263,0.1401437497558582,373.4157088830991,False
2008-07-09 04:00:00+00:00,5.293,84.6,23.1,1.561,0.0,0.0895,10.9263,0.1372048338893751,428.73607026046346,False
2008-07-09 04:30:00+00:00,5.199,84.35,40.0,1.214,0.0,0.0895,18.92,0.1385206090758868,484.7481393093013,False
2008-07-09 05:00:00+00:00,5.125,84.7,40.0,1.297,0.0,0.0895,18.92,0.1347247417957597,540.4937276005334,False
2008-07-09 05:30:00+00:00,5.131,85.0,64.1,1.299,0.0,0.0895,30.319299999999995,0.1321384461942942,595.0192048608834,False
2008-07-09 06:00:00+00:00,5.109,85.25,64.1,1.518,0.0,0.0895,30.319299999999995,0.1297366117277849,647.3918125679141,False
2008-07-09 06:30:00+00:00,5.141,85.1,86.3,1.325,0.0,0.0895,40.8199,0.131349229813136,696.7156205102889,False
2008-07-09 07:00:00+00:00,5.284,83.85,86.3,0.539,0.5,0.0895,40.8199,0.143796585196976,742.1468533466964,False
2008-07-09 07:30:00+00:00,5.524,82.6,125.0,1.198,0.0,0.0895,59.125,0.1575392710975897,782.9083249736902,False
2008-07-09 08:00:00+00:00,5.611,81.5,125.0,1.313,0.0,0.0895,59.125,0.1685158492733691,818.302733775065,False
2008-07-09 08:30:00+00:00,6.035,80.65,196.7,1.164,0.0,0.0895,93.0391,0.1815254338008823,847.724591311556,False
2008-07-09 09:00:00+00:00,6.181,80.045,196.7,1.245,0.0,0.0895,93.0391,0.1891041426645458,870.670580387169,False
2008-07-09 09:30:00+00:00,6.393,78.7,211.5,0.597,0.0,0.0895,100.0395,0.2048320935218959,886.748165296389,False
2008-07-09 10:00:00+00:00,6.836,76.46,211.5,0.6,0.0,0.0895,100.0395,0.2333982967917234,895.682306956016,False
2008-07-09 10:30:00+00:00,7.293,73.245,280.8,0.663,0.0,0.0895,132.8184,0.2737394725988861,897.3201680447405,False
2008-07-09 11:00:00+00:00,8.5,69.175,280.8,0.883,0.0,0.0895,132.8184,0.3424655781063856,891.6337276579619,False
2008-07-09 11:30:00+00:00,9.48,65.205,530.7,1.41,0.0,0.0895,251.0211,0.4130683303087947,878.7202607469831,False
2008-07-09 12:00:00+00:00,10.59,61.975,530.7,0.582,0.0,0.0895,251.0211,0.4863022593305658,858.800674138467,False
2008-07-09 12:30:00+00:00,11.92,57.025,461.9,0.6,0.0,0.0895,218.4787,0.6003561970836213,832.2157275972306,False
2008-07-09 13:00:00+00:00,12.95,53.885,461.9,1.103,0.0,0.0895,218.4787,0.6893756869120878,799.4202045758602,False
2008-07-09 13:30:00+00:00,13.85,50.47,164.2,1.386,0.0,0.0895,77.66659999999999,0.7852164496666085,760.9751323690983,False
2008-07-09 14:00:00+00:00,14.01,50.195,164.2,1.126,0.0,0.0895,77.66659999999999,0.797827995218656,717.5381847597148,False
2008-07-09 14:30:00+00:00,14.32,49.54,136.6,1.543,0.0,0.089,64.61179999999999,0.8247367631672069,669.8524313347641,False
2008-07-09 15:00:00+00:00,15.02,47.85,136.6,1.056,0.0,0.089,64.61179999999999,0.8917834973791642,618.7336259344722,False
2008-07-09 15:30:00+00:00,15.01,47.345,874.0,1.421,0.0,0.089,413.402,0.8998393558818002,565.0562516874156,False
2008-07-09 16:00:00+00:00,15.29,45.76,874.0,1.813,0.0,0.089,413.402,0.9437775097656792,509.7385613566614,False
2008-07-09 16:30:00+00:00,15.1,45.49,709.0,1.448,0.0,0.089,335.357,0.936954514526647,453.7268689091599,False
2008-07-09 17:00:00+00:00,15.38,44.885,709.0,2.348,0.0,0.089,335.357,0.9645640430075656,397.97936103009937,False
2008-07-09 17:30:00+00:00,15.75,43.48,715.0,2.726,0.0,0.089,338.195,1.012904956075081,343.44970551676096,False
2008-07-09 18:00:00+00:00,16.16,42.535,715.0,2.746,0.0,0.089,338.195,1.0571916995488937,291.0707369613725,False
2008-07-09 18:30:00+00:00,16.09,43.095,451.6,2.199,0.0,0.0885,213.6068,1.0422210194185637,241.73849881068085,False
2008-07-09 19:00:00+00:00,15.75,44.805,451.6,3.417,0.0,0.0885,213.6068,0.9891593957990814,196.29691479396,False
2008-07-09 19:30:00+00:00,15.13,46.985,272.2,3.953,0.0,0.0885,128.7506,0.9130187038105534,155.52335194482524,False
2008-07-09 20:00:00+00:00,14.51,47.73,272.2,4.082,0.0,0.088,128.7506,0.8648914113752645,120.11532219024872,False
2008-07-09 20:30:00+00:00,12.57,53.825,80.2,3.784,0.0,0.088,37.9346,0.6732789419670091,90.6785500030186,False
2008-07-09 21:00:00+00:00,11.0,64.955,80.2,3.212,0.0,0.088,37.9346,0.4606080698740716,67.71661024520807,False
2008-07-09 21:30:00+00:00,8.67,73.655,51.0,3.131,0.0,0.088,24.123,0.2960895618516462,51.62231346907394,False
2008-07-09 22:00:00+00:00,8.61,73.38,51.0,2.804,0.0,0.088,24.123,0.2979649220770238,42.670986048654335,False
2008-07-09 22:30:00+00:00,7.987,75.24,70.5,2.831,0.0,0.088,33.3465,0.2656441407620162,38.07349909860109,False
2008-07-09 23:00:00+00:00,7.408,78.72,70.5,2.965,0.0,0.088,33.3465,0.2194465036144337,43.71975934234181,False
2008-07-09 23:30:00+00:00,7.174,79.04,29.5,3.021,0.0,0.088,13.9535,0.2127044748587741,56.60105269255882,False
2008-07-10 00:00:00+00:00,6.864,80.565,29.5,2.951,0.0,0.088,13.9535,0.193069220887668,76.49702166331038,False
2008-07-10 00:30:00+00:00,7.024,80.115,11.9,2.48,0.0,0.088,5.6287,0.1997260873752663,103.06730886729636,False
2008-07-10 01:00:00+00:00,7.044,80.12,11.9,3.195,0.0,0.088,5.6287,0.1999506040995061,135.8573794100187,False
2008-07-10 01:30:00+00:00,6.961,79.48,13.1,2.925,0.0,0.088,6.1963,0.2052130201689026,174.30629652032314,False
2008-07-10 02:00:00+00:00,6.882,79.245,13.1,3.406,0.0,0.088,6.1963,0.2064378761379865,217.75631740217497,False
2008-07-10 02:30:00+00:00,6.85,79.12,13.4,2.341,0.0,0.088,6.3382,0.2072241563284682,265.4641451536079,False
2008-07-10 03:00:00+00:00,6.856,78.985,13.4,2.971,0.0,0.088,6.3382,0.2086501454542991,316.61364426863486,False
2008-07-10 03:30:00+00:00,6.68,79.5,29.6,3.111,0.0,0.088,14.0008,0.2010836237200954,370.32980219978487,False
2008-07-10 04:00:00+00:00,6.486,78.6,29.6,2.563,0.0,0.088,14.0008,0.2071202779161534,425.6936981425115,False
2008-07-10 04:30:00+00:00,6.354,77.635,33.5,2.421,0.0,0.088,15.8455,0.2144946545109709,481.7582229718752,False
2008-07-10 05:00:00+00:00,6.507,75.775,33.5,2.456,0.0,0.088,15.8455,0.2348023476783446,537.5642814114017,False
2008-07-10 05:30:00+00:00,6.223,77.5,77.2,2.681,0.0,0.088,36.5156,0.2138427456750627,592.1571992644142,False
2008-07-10 06:00:00+00:00,6.252,76.57,77.2,2.457,0.0,0.088,36.5156,0.2231289360053901,644.6030550293732,False
2008-07-10 06:30:00+00:00,6.577,73.865,133.8,2.438,0.0,0.088,63.287400000000005,0.2545421460339949,694.0046565143612,False
2008-07-10 07:00:00+00:00,6.603,74.525,133.8,2.302,0.0,0.088,63.287400000000005,0.2485595988540305,739.5168891380558,False
2008-07-10 07:30:00+00:00,6.694,74.39,168.3,2.586,0.0,0.088,79.6059,0.2514499912192686,780.3611733530502,False
2008-07-10 08:00:00+00:00,7.03,72.645,168.3,2.337,0.0,0.088,79.6059,0.2748685623422487,815.8387838671127,False
2008-07-10 08:30:00+00:00,7.212,73.08,205.9,2.295,0.0,0.088,97.3907,0.2739009121609137,845.3428028088881,False
2008-07-10 09:00:00+00:00,7.533,70.075,205.9,2.145,0.0,0.088,97.3907,0.3112503619693079,868.3685023534093,False
2008-07-10 09:30:00+00:00,7.719,68.38,226.4,2.138,0.0,0.088,107.0872,0.3330917141540141,884.5219791897788,False
2008-07-10 10:00:00+00:00,8.03,66.27,226.4,2.11,0.0,0.088,107.0872,0.3629438863390173,893.526893118894,False
2008-07-10 10:30:00+00:00,8.43,64.365,331.7,2.406,0.0,0.088,156.89409999999998,0.3940262794495335,895.229194501577,False
2008-07-10 11:00:00+00:00,8.86,62.88,331.7,1.977,0.0,0.088,156.89409999999998,0.4225957792546331,889.5997596821827,False
2008-07-10 11:30:00+00:00,9.19,62.91,367.0,3.089,0.0,0.088,173.59099999999998,0.4317836542473483,876.7348893009166,False
2008-07-10 12:00:00+00:00,9.79,60.395,367.0,2.858,0.0,0.0875,173.59099999999998,0.4800808083814502,856.854660967731,False
2008-07-10 12:30:00+00:00,9.82,60.73,370.7,2.498,0.0,0.0875,175.34109999999998,0.4769805944373375,830.299164476192,False
2008-07-10 13:00:00+00:00,10.18,58.58,370.7,2.28,0.0,0.0875,175.34109999999998,0.5153934770674037,797.5226839591829,False
2008-07-10 13:30:00+00:00,10.26,58.445,411.4,1.702,0.0,0.0875,194.5922,0.5198509069977806,759.0859265102773,False
2008-07-10 14:00:00+00:00,10.15,58.68,411.4,0.941,0.0,0.0875,194.5922,0.5131167975765804,715.6464302138784,False
2008-07-10 14:30:00+00:00,10.87,56.705,319.3,0.843,0.0,0.087,151.0289,0.5641367167265289,667.9473156723682,False
2008-07-10 15:00:00+00:00,10.27,59.015,319.3,0.896,0.0,0.087,151.0289,0.5130635818374513,616.8045734568249,False
2008-07-10 15:30:00+00:00,10.11,60.59,373.8,1.165,0.0,0.087,176.8074,0.4880880206845824,563.0931049538206,False
2008-07-10 16:00:00+00:00,10.09,60.55,373.8,1.247,0.0,0.087,176.8074,0.4879288254439806,507.7317554072632,False
2008-07-10 16:30:00+00:00,10.1,60.2,236.4,0.928,0.0,0.087,111.8172,0.4925878268104691,451.6675951949203,False
2008-07-10 17:00:00+00:00,10.13,60.96,236.4,1.43,0.0,0.087,111.8172,0.4841541660459419,395.8597182401368,False
2008-07-10 17:30:00+00:00,10.19,60.885,168.1,0.952,0.0,0.087,79.51129999999999,0.4870382587639091,341.2628347202222,False
2008-07-10 18:00:00+00:00,9.97,61.865,168.1,0.359,0.0,0.087,79.51129999999999,0.4678835125292915,288.81093875205363,False
2008-07-10 18:30:00+00:00,9.94,61.375,109.7,0.61,0.0,0.087,51.8881,0.4729422106425248,239.4013304535696,False
2008-07-10 19:00:00+00:00,9.76,63.91,109.7,0.914,0.0,0.087,51.8881,0.4365917374114365,193.8792657174398,False
2008-07-10 19:30:00+00:00,9.69,64.215,81.6,0.763,0.0,0.087,38.5968,0.4308692697257558,153.0234962957213,False
2008-07-10 20:00:00+00:00,9.55,65.09,81.6,0.856,0.0,0.087,38.5968,0.4163921783012127,117.53294756356878,False
2008-07-10 20:30:00+00:00,9.42,67.975,43.3,0.42,0.0,0.087,20.4809,0.3786501442049081,88.01476186836904,False
2008-07-10 21:00:00+00:00,9.11,71.05,43.3,0.189,0.0,0.087,20.4809,0.3352051853176225,64.9739120096372,False
2008-07-10 21:30:00+00:00,8.81,72.455,22.7,1.137,0.0,0.087,10.7371,0.3125281607694641,48.804562534845736,False
2008-07-10 22:00:00+00:00,8.54,75.66,22.7,1.178,0.0,0.087,10.7371,0.271152815190647,39.78332663661515,False
2008-07-10 22:30:00+00:00,8.33,77.05,12.4,1.705,0.0,0.087,5.8652,0.2520452119820877,34.977075992860165,False
2008-07-10 23:00:00+00:00,8.13,78.34,12.4,1.022,0.0,0.087,5.8652,0.2346613564630194,40.57144835133663,False
2008-07-10 23:30:00+00:00,7.806,78.715,10.6,1.077,0.0,0.087,5.0138,0.2255576518425781,53.40951154849815,False
2008-07-11 00:00:00+00:00,7.75,78.03,10.6,1.187,0.0,0.087,5.0138,0.2319274951894181,73.27164547886328,False
2008-07-11 00:30:00+00:00,7.811,78.775,4.8,1.121,0.0,0.087,2.2704,0.2249986645620639,99.81806818213894,False
2008-07-11 01:00:00+00:00,7.822,79.325,4.8,1.479,0.0,0.087,2.2704,0.2193330445312507,132.5946484496527,False
2008-07-11 01:30:00+00:00,7.578,80.755,5.2,1.241,0.0,0.087,2.4596,0.2007850620556553,171.04067462537787,False
2008-07-11 02:00:00+00:00,7.563,80.755,5.2,1.026,0.0,0.0865,2.4596,0.2005790308741854,214.49844670188523,False
2008-07-11 02:30:00+00:00,7.495,82.0,18.2,1.059,0.0,0.0865,8.6086,0.1867317401056571,262.2245276199553,False
2008-07-11 03:00:00+00:00,7.516,80.665,18.2,0.976,0.0,0.0865,8.6086,0.2008696718968244,313.4024612961015,False
2008-07-11 03:30:00+00:00,8.03,76.945,48.7,1.171,0.0,0.0865,23.0351,0.2480780106595329,367.1567398105519,False
2008-07-11 04:00:00+00:00,8.49,75.325,48.7,1.21,0.0,0.0865,23.0351,0.2739529717004951,422.5677808181067,False
2008-07-11 04:30:00+00:00,8.55,76.1,52.9,1.418,0.0,0.0865,25.0217,0.2664319539474724,478.6876589622219,False
2008-07-11 05:00:00+00:00,8.65,76.72,52.9,1.343,0.0,0.0865,25.0217,0.2612875392865222,534.5563221731005,False
2008-07-11 05:30:00+00:00,8.79,77.195,72.4,1.231,0.0,0.0865,34.245200000000004,0.2583972951405288,589.2180154355257,False
2008-07-11 06:00:00+00:00,8.93,75.635,72.4,1.562,0.0,0.0865,34.245200000000004,0.2787030480090517,641.7376310622662,False
2008-07-11 06:30:00+00:00,9.14,71.885,92.3,1.408,0.0,0.0865,43.6579,0.3261975015681271,691.2167057660179,False
2008-07-11 07:00:00+00:00,9.56,69.03,92.3,1.064,0.0,0.0865,43.6579,0.3696462849011659,736.8087908645874,False
2008-07-11 07:30:00+00:00,9.99,65.865,158.0,1.242,0.0,0.0865,74.734,0.4193693787365048,777.7339326774836,False
2008-07-11 08:00:00+00:00,10.27,65.21,158.0,0.771,0.0,0.0865,74.734,0.4355125536690235,813.2920153941488,False
2008-07-11 08:30:00+00:00,10.5,65.58,204.1,0.599,0.0,0.0865,96.5393,0.4375597294026417,842.874738153209,False
2008-07-11 09:00:00+00:00,11.05,65.77,204.1,0.739,0.0,0.0865,96.5393,0.4513952969435285,865.9760214369924,False
2008-07-11 09:30:00+00:00,12.33,60.31,407.0,0.804,0.0,0.0865,192.511,0.5696587783860488,882.2006647550278,False
2008-07-11 10:00:00+00:00,12.05,53.69,407.0,0.144,0.0,0.0865,192.511,0.6525213869464231,891.2711075056983,False
2008-07-11 10:30:00+00:00,11.95,55.205,210.3,1.057,0.0,0.086,99.4719,0.6270223867872514,893.0321773542604,False
2008-07-11 11:00:00+00:00,12.41,53.655,210.3,1.398,0.0,0.0865,99.4719,0.6686869920439369,887.4537448932958,False
2008-07-11 11:30:00+00:00,13.02,51.285,379.7,1.357,0.0,0.086,179.5981,0.731588752109079,874.6312391692152,False
2008-07-11 12:00:00+00:00,13.27,49.27,379.7,1.661,0.0,0.086,179.5981,0.7744067614075841,854.784015252989,False
2008-07-11 12:30:00+00:00,13.53,49.75,305.9,1.397,0.0,0.086,144.6907,0.7802056599542359,828.2516017788629,False
2008-07-11 13:00:00+00:00,14.51,46.86,305.9,2.877,0.0,0.086,144.6907,0.8792869638508044,795.4878926426734,False
2008-07-11 13:30:00+00:00,13.88,48.85,368.2,2.4,0.0,0.086,174.15859999999998,0.812482013056154,757.0533822212855,False
2008-07-11 14:00:00+00:00,14.57,46.05,368.2,2.126,0.0,0.086,174.15859999999998,0.896159808319358,713.6055769446604,False
2008-07-11 14:30:00+00:00,14.56,46.305,303.7,1.86,0.0,0.086,143.65009999999998,0.8913475909864151,665.8877472498936,False
2008-07-11 15:00:00+00:00,15.84,44.95,303.7,1.895,0.0,0.086,143.65009999999998,0.9922610534486516,614.716212338299,False
2008-07-11 15:30:00+00:00,15.51,45.165,1262.0,1.577,0.0,0.086,596.9259999999999,0.9677058377411768,560.9663752565272,False
2008-07-11 16:00:00+00:00,14.35,47.935,1262.0,1.48,0.0,0.086,596.9259999999999,0.8526245542876969,505.5577472015845,False
2008-07-11 16:30:00+00:00,14.28,48.445,351.2,1.389,0.0,0.0854999999999999,166.11759999999998,0.8404530197337365,449.4382172415284,False
2008-07-11 17:00:00+00:00,14.96,46.505,351.2,1.477,0.0,0.0854999999999999,166.11759999999998,0.9112540300307902,393.5678365529157,False
2008-07-11 17:30:00+00:00,14.63,46.47,316.5,1.939,0.0,0.0854999999999999,149.7045,0.8926380045050383,338.90239458171413,False
2008-07-11 18:00:00+00:00,13.79,50.525,316.5,1.439,0.0,0.0854999999999999,149.7045,0.7812897687833403,286.3770680943446,False
2008-07-11 18:30:00+00:00,13.91,50.285,256.1,1.95,0.0,0.0849999999999999,121.1353,0.7912293926318508,236.89042283917345,False
2008-07-11 19:00:00+00:00,13.48,52.435,256.1,1.761,0.0,0.0849999999999999,121.1353,0.7361132999885475,191.2890415066628,False
2008-07-11 19:30:00+00:00,13.16,53.85,121.5,1.489,0.0,0.0849999999999999,57.4695,0.6994453135809662,150.3530409628476,False
2008-07-11 20:00:00+00:00,12.72,57.445,121.5,1.472,0.0,0.0849999999999999,57.4695,0.6266369141786666,114.78272651796752,False
2008-07-11 20:30:00+00:00,12.47,59.675,100.9,1.47,0.0,0.0849999999999999,47.7257,0.5841281164551224,85.18661154075778,False
2008-07-11 21:00:00+00:00,11.98,62.67,100.9,1.415,0.0,0.0849999999999999,47.7257,0.5235662935436589,62.071007372163685,False
2008-07-11 21:30:00+00:00,11.63,66.355,43.2,1.663,0.0,0.0849999999999999,20.4336,0.4610899768915845,45.83136162864396,False
2008-07-11 22:00:00+00:00,11.27,69.195,43.2,1.926,0.0,0.0849999999999999,20.4336,0.4122121822818989,36.74549307553759,False
2008-07-11 22:30:00+00:00,10.83,72.17,12.3,2.036,0.0,0.0849999999999999,5.8179,0.3616616468159639,31.737170306994184,False
2008-07-11 23:00:00+00:00,10.38,75.545,12.3,1.657,0.0,0.0849999999999999,5.8179,0.3083971647264773,37.28569375025454,False
2008-07-11 23:30:00+00:00,10.19,76.07,11.0,1.179,0.0,0.0849999999999999,5.202999999999999,0.2979630712570714,50.08678721361655,False
2008-07-12 00:00:00+00:00,9.95,78.415,11.0,1.191,0.0,0.0849999999999999,5.202999999999999,0.2644740892357218,69.92146080569128,False
2008-07-12 00:30:00+00:00,9.8,80.55,8.6,0.876,0.0,0.0849999999999999,4.067799999999999,0.2359259889914138,96.45039882514976,False
2008-07-12 01:00:00+00:00,9.72,82.0,8.6,0.311,0.0,0.0849999999999999,4.067799999999999,0.2171666860476165,129.21976444904502,False
2008-07-12 01:30:00+00:00,9.43,83.75,6.2,0.753,0.0,0.0849999999999999,2.9326,0.1922627243277897,167.66896357692892,False
2008-07-12 02:00:00+00:00,9.28,84.9,6.2,0.792,0.0,0.0849999999999999,2.9326,0.1768581477049356,211.14023501453903,False
2008-07-12 02:30:00+00:00,9.17,87.15,9.6,1.113,0.0,0.0849999999999999,4.5408,0.1493914819699285,258.8899029369149,False
2008-07-12 03:00:00+00:00,9.03,88.95,9.6,1.173,0.0,0.0849999999999999,4.5408,0.127255244534202,310.10109913323134,False
2008-07-12 03:30:00+00:00,9.05,89.4,22.9,2.113,0.0,0.0849999999999999,10.8317,0.1222381051055001,363.8977373916001,False
2008-07-12 04:00:00+00:00,9.24,88.8,22.9,1.437,0.0,0.0849999999999999,10.8317,0.1308258622946381,419.3595009605261,False
2008-07-12 04:30:00+00:00,10.9,80.995,75.8,1.28,0.0,0.0849999999999999,35.85339999999999,0.2481317158493457,475.5375866928466,False
2008-07-12 05:00:00+00:00,12.57,71.76,75.8,1.597,0.0,0.0849999999999999,35.85339999999999,0.4117682148597366,531.4709365323334,False
2008-07-12 05:30:00+00:00,13.17,68.955,159.9,2.01,0.0,0.0849999999999999,75.6327,0.4708230061526224,586.2026786657792,False
2008-07-12 06:00:00+00:00,11.91,72.32,159.9,2.019,0.0,0.0849999999999999,75.6327,0.3864313515888142,638.7964970762737,False
2008-07-12 06:30:00+00:00,12.08,74.36,175.5,1.66,0.0,0.0849999999999999,83.0115,0.3619907520987085,688.3526494575337,False
2008-07-12 07:00:00+00:00,11.99,73.67,175.5,1.814,0.0,0.0849999999999999,83.0115,0.3695313001138708,734.0233594646721,False
2008-07-12 07:30:00+00:00,11.92,72.775,181.0,1.862,0.0,0.0849999999999999,85.613,0.3803303656917182,775.0273199796335,False
2008-07-12 08:00:00+00:00,12.31,70.025,181.0,1.846,0.0,0.0849999999999999,85.613,0.4296561987927519,810.6630592774179,False
2008-07-12 08:30:00+00:00,12.96,68.4,254.5,1.778,0.0,0.0849999999999999,120.3785,0.4726996354785019,840.3209414316659,False
2008-07-12 09:00:00+00:00,13.56,66.74,254.5,1.585,0.0,0.0849999999999999,120.3785,0.5174215602190568,863.4935956623448,False
2008-07-12 09:30:00+00:00,13.31,67.36,256.1,1.808,0.0,0.0849999999999999,121.1353,0.4995616444679108,879.7845962047298,False
2008-07-12 10:00:00+00:00,14.1,63.95,256.1,1.941,0.0,0.0849999999999999,121.1353,0.5808699040220814,888.9152442076312,False
2008-07-12 10:30:00+00:00,14.55,61.67,397.4,2.108,0.0,0.0849999999999999,187.9702,0.6358743108726191,890.7293356378582,False
2008-07-12 11:00:00+00:00,15.06,58.7,397.4,2.255,0.0,0.0849999999999999,187.9702,0.7080663467016326,885.1958336220202,False
2008-07-12 11:30:00+00:00,14.53,60.47,202.8,2.479,0.0,0.0844999999999999,95.9244,0.6549341436194782,872.4093995061903,False
2008-07-12 12:00:00+00:00,14.79,57.225,202.8,2.575,0.0,0.0844999999999999,95.9244,0.7207010530312665,852.5887735457393,False
2008-07-12 12:30:00+00:00,15.24,56.855,381.9,2.293,0.0,0.0844999999999999,180.6387,0.7483150143014493,826.0730329248177,False
2008-07-12 13:00:00+00:00,15.16,57.75,381.9,2.375,0.0,0.0839999999999999,180.6387,0.7290310116652705,793.3157911184866,False
2008-07-12 13:30:00+00:00,15.49,58.545,395.5,2.254,0.0,0.0839999999999999,187.0715,0.7306427855216316,754.8774378287821,False
2008-07-12 14:00:00+00:00,14.81,61.43,395.5,2.222,0.0,0.0839999999999999,187.0715,0.6506916712450213,711.4155522470134,False
2008-07-12 14:30:00+00:00,14.71,62.19,239.9,2.111,0.0,0.0839999999999999,113.4727,0.6337661400504445,663.6736536443258,False
2008-07-12 15:00:00+00:00,15.03,61.095,239.9,2.367,0.0,0.0839999999999999,113.4727,0.6657179509297376,612.4684817369516,False
2008-07-12 15:30:00+00:00,15.78,58.845,397.2,2.35,0.0,0.0839999999999999,187.8756,0.7389641601656101,558.6760244245904,False
2008-07-12 16:00:00+00:00,15.81,56.735,397.2,2.263,0.0,0.0839999999999999,187.8756,0.7783438603378728,503.2165319298411,False
2008-07-12 16:30:00+00:00,15.51,58.765,292.8,2.274,0.0,0.0839999999999999,138.49439999999998,0.7276985541945368,447.03877370729566,False
2008-07-12 17:00:00+00:00,14.89,63.83,292.8,1.795,0.0,0.0839999999999999,138.49439999999998,0.613359505378003,391.1038074451601,False
2008-07-12 17:30:00+00:00,14.8,65.87,178.6,2.318,0.0,0.0839999999999999,84.47779999999999,0.57541565489751,336.3685378299064,False
2008-07-12 18:00:00+00:00,14.65,66.635,178.6,2.754,0.0,0.0839999999999999,84.47779999999999,0.557096526515193,283.769346341309,False
2008-07-12 18:30:00+00:00,14.47,68.185,200.6,1.487,0.0,0.0839999999999999,94.8838,0.5250700830074653,234.20607213039597,False
2008-07-12 19:00:00+00:00,13.91,71.02,200.6,2.077,0.0,0.0834999999999999,94.8838,0.4612255415562916,188.52661802739797,False
2008-07-12 19:30:00+00:00,14.08,71.715,136.4,1.413,0.0,0.0834999999999999,64.5172,0.4551621168487725,147.5124450325209,False
2008-07-12 20:00:00+00:00,13.73,73.845,136.4,1.072,0.0,0.0834999999999999,64.5172,0.4114201056409093,111.8652034432059,False
2008-07-12 20:30:00+00:00,12.64,78.76,71.6,0.985,0.0,0.0834999999999999,33.8668,0.3111281724168614,82.19472932698065,False
2008-07-12 21:00:00+00:00,12.99,80.225,71.6,0.612,0.0,0.0834999999999999,33.8668,0.296392933092925,59.00861169158394,False
2008-07-12 21:30:00+00:00,12.57,82.05,41.4,0.533,0.0,0.0834999999999999,19.5822,0.2617294425188481,42.70350883381961,False
2008-07-12 22:00:00+00:00,12.26,83.45,41.4,0.596,0.0,0.0834999999999999,19.5822,0.2364449099533898,33.558362424750136,False
2008-07-12 22:30:00+00:00,11.89,85.15,20.5,0.586,0.0,0.0834999999999999,9.6965,0.2070422425705434,28.35274878733929,False
2008-07-12 23:00:00+00:00,11.47,84.8,20.5,0.582,0.0,0.0834999999999999,9.6965,0.2061130933979449,33.85338631019882,False
2008-07-12 23:30:00+00:00,10.99,86.95,11.9,0.528,0.0,0.0834999999999999,5.6287,0.1714063822584189,46.61586061236222,False
2008-07-13 00:00:00+00:00,10.68,88.85,11.9,0.719,0.0,0.0834999999999999,5.6287,0.1434566213647279,66.42184016868316,False
2008-07-13 00:30:00+00:00,10.47,90.4,8.2,0.975,0.0,0.0834999999999999,3.8786,0.1217943354604119,92.93249653211056,False
2008-07-13 01:00:00+00:00,10.03,90.55,8.2,1.405,0.0,0.0834999999999999,3.8786,0.1164109859324745,125.69430074664578,False
2008-07-13 01:30:00+00:00,9.9,92.1,7.2,1.225,0.0,0.0834999999999999,3.4056,0.0964718188080941,164.1467820066297,False
2008-07-13 02:00:00+00:00,9.92,92.15,7.2,1.258,0.0,0.0834999999999999,3.4056,0.0959900425995099,207.63211583333583,False
2008-07-13 02:30:00+00:00,9.79,92.75,17.2,1.195,0.0,0.0834999999999999,8.135599999999998,0.0878824860690699,255.4063777414652,False
2008-07-13 03:00:00+00:00,9.83,92.55,17.2,1.437,0.0,0.0834999999999999,8.135599999999998,0.0905498763060519,306.65226987516,False
2008-07-13 03:30:00+00:00,9.91,91.95,30.0,1.531,0.0,0.0834999999999999,14.19,0.0983695860274948,360.4931028942061,False
2008-07-13 04:00:00+00:00,9.98,91.1,30.0,1.382,0.0,0.0834999999999999,14.19,0.1092686100180565,416.0077939164937,False
2008-07-13 04:30:00+00:00,10.16,89.6,52.4,1.244,0.0,0.0834999999999999,24.7852,0.129235030705283,472.24662394018543,False
2008-07-13 05:00:00+00:00,10.45,88.3,52.4,1.103,0.0,0.0834999999999999,24.7852,0.1482385593136286,528.2474851758717,False
2008-07-13 05:30:00+00:00,10.66,87.6,94.2,1.136,0.0,0.0834999999999999,44.5566,0.1593264494745827,583.0523403373837,False
2008-07-13 06:00:00+00:00,10.8,87.05,94.2,0.813,0.0,0.0834999999999999,44.5566,0.1679541500487022,635.7236123135476,False
2008-07-13 06:30:00+00:00,11.2,85.15,140.1,1.23,0.0,0.0834999999999999,66.26729999999999,0.1977912200700469,685.360223833472,False
2008-07-13 07:00:00+00:00,11.61,84.1,140.1,0.936,0.0,0.0834999999999999,66.26729999999999,0.2176141878002307,731.1130127257017,False
2008-07-13 07:30:00+00:00,12.18,82.1,195.3,0.852,0.0,0.0834999999999999,92.3769,0.2543875920085544,772.1992590528171,False
2008-07-13 08:00:00+00:00,12.53,80.375,195.3,0.77,0.0,0.0834999999999999,92.3769,0.2854015408170585,807.9160755965758,False
2008-07-13 08:30:00+00:00,12.91,79.065,191.9,0.712,0.0,0.0834999999999999,90.7687,0.312139509543364,837.6524326134685,False
2008-07-13 09:00:00+00:00,13.42,76.625,191.9,0.778,0.0,0.0834999999999999,90.7687,0.3603371073179721,860.8996111446592,False
2008-07-13 09:30:00+00:00,13.85,74.59,242.6,0.863,0.0,0.0834999999999999,114.7498,0.4028336358980117,877.2599060474345,False
2008-07-13 10:00:00+00:00,14.26,71.97,242.6,0.717,0.0,0.083,114.7498,0.4563550745031886,886.4534298581999,False
2008-07-13 10:30:00+00:00,14.67,70.955,281.9,0.939,0.0,0.083,133.3387,0.4855923136062497,888.3229010868926,False
2008-07-13 11:00:00+00:00,14.79,70.265,281.9,1.37,0.0,0.083,133.3387,0.500994642007825,882.8363350240694,False
2008-07-13 11:30:00+00:00,15.09,68.24,198.7,1.347,0.0,0.083,93.9851,0.5455609129078927,870.0875910247612,False
2008-07-13 12:00:00+00:00,16.5,63.14,198.7,1.286,0.0,0.083,93.9851,0.6929751110818586,850.2947669036251,False
2008-07-13 12:30:00+00:00,17.32,60.67,520.9,0.704,0.0,0.083,246.3857,0.778898765298283,823.7964679066442,False
2008-07-13 13:00:00+00:00,17.33,60.095,520.9,1.701,0.0,0.083,246.3857,0.7907860886535906,791.0460140856164,False
2008-07-13 13:30:00+00:00,17.02,61.475,407.5,0.908,0.0,0.083,192.7475,0.7486010844244123,752.6036851707397,False
2008-07-13 14:00:00+00:00,16.92,62.375,407.5,0.737,0.0,0.083,192.7475,0.7264908985782306,709.1271356103788,False
2008-07-13 14:30:00+00:00,17.88,60.315,430.0,0.747,1.0,0.083,203.39,0.814197081414031,661.3601437516285,False
2008-07-13 15:00:00+00:00,17.64,59.955,430.0,0.971,3.0,0.0835,203.39,0.809250390556314,610.1198876340311,False
2008-07-13 15:30:00+00:00,17.5,57.935,310.1,1.084,1.0,0.084,146.6773,0.8425934543917654,556.2829650756397,False
2008-07-13 16:00:00+00:00,17.85,58.115,310.1,1.075,0.0,0.084,146.6773,0.8577116192885034,500.77039721287946,False
2008-07-13 16:30:00+00:00,17.25,67.07,358.1,1.057,0.0,0.084,169.3813,0.6492705915572645,444.53187204679415,False
2008-07-13 17:00:00+00:00,15.59,69.93,358.1,1.222,0.0,0.0849999999999999,169.3813,0.5333930809350794,388.5294975503172,False
2008-07-13 17:30:00+00:00,15.3,72.905,287.2,0.797,0.0,0.0854999999999999,135.8456,0.4717568584341219,333.7213422819972,False
2008-07-13 18:00:00+00:00,15.79,77.8,287.2,1.197,0.0,0.0854999999999999,135.8456,0.3988703690936157,281.0450450870926,False
2008-07-13 18:30:00+00:00,15.86,76.72,198.4,0.989,0.0,0.086,93.8432,0.4201529054839863,231.4017742856171,False
2008-07-13 19:00:00+00:00,16.35,73.98,198.4,0.674,0.0,0.086,93.8432,0.4845297040188115,185.64081076843445,False
2008-07-13 19:30:00+00:00,15.84,77.08,132.5,0.738,0.0,0.086,62.6725,0.4131266729344796,144.5450187491804,False
2008-07-13 20:00:00+00:00,15.45,78.77,132.5,0.547,0.0,0.086,62.6725,0.3732185683095311,108.81745273469168,False
2008-07-13 20:30:00+00:00,14.92,81.19,80.0,0.856,0.0,0.0865,37.84,0.3195916206535271,79.0693298387721,False
2008-07-13 21:00:00+00:00,14.87,83.85,80.0,0.592,0.0,0.0865,37.84,0.2735136513765662,55.80957320678886,False
2008-07-13 21:30:00+00:00,14.42,85.6,45.3,1.034,0.0,0.0865,21.4269,0.2368877799521447,39.43610544069973,False
2008-07-13 22:00:00+00:00,13.84,88.7,45.3,1.362,0.0,0.0865,21.4269,0.1790264117409346,30.2290409761649,False
2008-07-13 22:30:00+00:00,13.56,88.1,20.7,1.288,0.0,0.0865,9.791099999999998,0.1851267759051948,24.827987591093883,False
2008-07-13 23:00:00+00:00,13.24,89.1,20.7,0.819,0.0,0.0865,9.791099999999998,0.1660655446026318,30.29097208982826,False
2008-07-13 23:30:00+00:00,12.78,90.0,13.4,0.358,0.0,0.086,6.3382,0.1478341696436985,43.02517704534506,False
2008-07-14 00:00:00+00:00,12.55,90.45,13.4,0.039,0.0,0.086,6.3382,0.1390659495300678,62.81275217663482,False
2008-07-14 00:30:00+00:00,12.37,90.95,9.9,0.192,0.0,0.086,4.6827,0.1302343679144577,89.31518015558144,False
2008-07-14 01:00:00+00:00,11.98,92.45,9.9,0.0,0.0,0.086,4.6827,0.1058913880593256,122.07906775971762,False
2008-07-14 01:30:00+00:00,11.56,93.6,10.7,0.0,0.0,0.086,5.0611,0.0873035653498618,160.54390229397492,False
2008-07-14 02:00:00+00:00,11.27,93.4,10.7,0.0,0.0,0.086,5.0611,0.0883168447674251,204.05164058944263,False
2008-07-14 02:30:00+00:00,11.09,94.75,12.3,0.128,0.0,0.086,5.8179,0.0694168227812,251.85796653558845,False
2008-07-14 03:00:00+00:00,11.01,95.1,12.3,0.237,0.0,0.086,5.8179,0.0644451940761032,303.1450245576237,False
2008-07-14 03:30:00+00:00,11.02,94.95,18.6,0.844,0.0,0.086,8.7978,0.0664622114882513,357.0354112000538,False
2008-07-14 04:00:00+00:00,11.2,94.85,18.6,0.863,0.0,0.086,8.7978,0.068594261505774,412.6071854539738,False
2008-07-14 04:30:00+00:00,11.45,93.65,50.5,1.038,0.0,0.086,23.8865,0.0859923668419806,468.909641036856,False
2008-07-14 05:00:00+00:00,11.91,92.1,50.5,0.775,0.0,0.086,23.8865,0.1102892947092353,524.9795707978247,False
2008-07-14 05:30:00+00:00,12.03,90.45,77.7,0.617,0.0,0.086,36.7521,0.1343848264406928,579.8577450020454,False
2008-07-14 06:00:00+00:00,12.4,89.05,77.7,0.532,0.0,0.086,36.7521,0.1578877377540191,632.6053215881076,False
2008-07-14 06:30:00+00:00,12.67,87.5,146.8,1.101,0.0,0.086,69.4364,0.1834637303362482,682.3199076560617,False
2008-07-14 07:00:00+00:00,13.29,85.4,146.8,1.144,0.0,0.086,69.4364,0.2231641899638393,728.1509974094927,False
2008-07-14 07:30:00+00:00,14.26,82.145,221.0,0.992,0.0,0.086,104.533,0.2906963915538506,769.3145224425523,False
2008-07-14 08:00:00+00:00,15.18,78.945,221.0,0.951,1.5,0.086,104.533,0.3637754141035109,805.1062654478912,False
2008-07-14 08:30:00+00:00,16.19,72.975,271.9,0.98,0.0,0.0865,128.60869999999997,0.4981355453022388,834.9139078654733,False
2008-07-14 09:00:00+00:00,16.49,71.345,271.9,1.244,0.0,0.0865,128.60869999999997,0.5383767052948635,858.2275053622201,False
2008-07-14 09:30:00+00:00,16.32,72.765,311.0,0.479,0.0,0.0865,147.10299999999998,0.5061859183904649,874.648211928237,False
2008-07-14 10:00:00+00:00,15.98,76.77,311.0,0.602,0.0,0.0865,147.10299999999998,0.4224802162146066,883.8951033375165,False
2008-07-14 10:30:00+00:00,15.62,76.77,200.3,0.702,0.0,0.0865,94.7419,0.4128558618573663,885.8099832363357,False
2008-07-14 11:00:00+00:00,17.88,66.72,200.3,0.764,0.0,0.0865,94.7419,0.6827889345964204,880.3600896351769,False
2008-07-14 11:30:00+00:00,19.15,56.805,712.0,1.315,0.0,0.0865,336.776,0.959594957551098,867.6386554993248,False
2008-07-14 12:00:00+00:00,19.93,49.49,712.0,1.043,0.0,0.086,336.776,1.177826028460954,847.8633138448255,False
2008-07-14 12:30:00+00:00,20.29,48.76,910.0,0.591,0.0,0.086,430.43,1.22175588106738,821.3723746222684,False
2008-07-14 13:00:00+00:00,19.66,49.43,910.0,1.975,0.0,0.086,430.43,1.1596450428786649,788.6190370798525,False
2008-07-14 13:30:00+00:00,19.58,48.665,396.5,0.907,0.5,0.086,187.5445,1.1713539647684597,750.1636366168018,False
2008-07-14 14:00:00+00:00,19.0,53.865,396.5,2.298,0.5,0.0865,187.5445,1.015365006839665,706.6640587638257,False
2008-07-14 14:30:00+00:00,18.6,52.73,268.3,1.603,1.5,0.0895,126.9059,1.0146576426927791,658.8644842839492,False
2008-07-14 15:00:00+00:00,18.27,54.05,268.3,2.159,0.0,0.094,126.9059,0.9661307548956624,607.5826579383834,False
2008-07-14 15:30:00+00:00,17.3,65.99,196.7,1.618,0.0,0.095,93.0391,0.6726890561574702,553.6958987188685,False
2008-07-14 16:00:00+00:00,14.34,78.02,196.7,2.293,0.0,0.095,93.0391,0.3597148677791834,498.1260908795456,False
2008-07-14 16:30:00+00:00,13.32,83.02,47.2,1.929,0.0,0.095,22.3256,0.2600520194888605,441.82391253762216,False
2008-07-14 17:00:00+00:00,15.45,79.865,47.2,2.486,0.0,0.095,22.3256,0.3539687175182482,385.7525716563788,False
2008-07-14 17:30:00+00:00,16.98,70.215,457.1,2.23,0.0,0.0945,216.2083,0.577303270742418,330.87132765192524,False
2008-07-14 18:00:00+00:00,17.38,66.33,457.1,1.437,0.0,0.0945,216.2083,0.6693413837021018,278.11908053308497,False
2008-07-14 18:30:00+00:00,16.68,70.5,254.2,1.032,0.0,0.094,120.23659999999998,0.5609921727249975,228.39830832905253,False
2008-07-14 19:00:00+00:00,17.24,67.055,254.2,0.665,0.0,0.0935,120.23659999999998,0.6491554415834151,182.55962760112303,False
2008-07-14 19:30:00+00:00,17.39,63.32,260.2,0.664,0.0,0.0935,123.0746,0.7296395945567371,141.38724117603107,False
2008-07-14 20:00:00+00:00,16.43,67.87,260.2,0.202,0.0,0.0935,123.0746,0.6013639088584536,105.58552205994656,False
2008-07-14 20:30:00+00:00,16.72,69.825,115.6,0.521,0.0,0.0925,54.6788,0.5752890280129985,75.7669630552835,False
2008-07-14 21:00:00+00:00,14.74,79.51,115.6,1.465,0.0,0.0925,54.6788,0.3441165231536637,52.44169823845756,False
2008-07-14 21:30:00+00:00,12.82,86.35,36.2,0.944,0.0,0.0925,17.122600000000002,0.2023236480694763,36.008775565808364,False
2008-07-14 22:00:00+00:00,11.64,90.5,36.2,1.665,0.0,0.0925,17.122600000000002,0.1302795508428274,26.749329917232117,False
2008-07-14 22:30:00+00:00,11.14,92.75,23.7,0.766,0.0,0.0925,11.2101,0.0961804994155707,21.161002363718477,False
2008-07-14 23:00:00+00:00,11.84,91.0,23.7,1.229,0.0,0.092,11.2101,0.1250662746808603,26.584399904896685,False
2008-07-14 23:30:00+00:00,11.72,89.45,19.0,1.239,0.0,0.092,8.987,0.1454468269720631,39.28876996234288,False
2008-07-15 00:00:00+00:00,9.87,93.95,19.0,1.316,0.0,0.092,8.987,0.0737316311607787,59.05677022209412,False
2008-07-15 00:30:00+00:00,10.04,94.3,11.4,0.71,0.0,0.092,5.3922,0.0702632594507521,85.55021439733748,False
2008-07-15 01:00:00+00:00,9.23,95.85,11.4,0.329,0.0,0.0915,5.3922,0.0484429390807151,118.3158577819374,False
2008-07-15 01:30:00+00:00,9.05,95.7,13.0,0.641,0.0,0.0915,6.149,0.0495871558446839,156.79315121851013,False
2008-07-15 02:00:00+00:00,9.41,96.15,13.0,0.302,0.0,0.0915,6.149,0.0454901066662649,200.32383082947732,False
2008-07-15 02:30:00+00:00,8.48,96.1,19.5,0.305,0.0,0.0915,9.2235,0.043270154976499,248.16317945336053,False
2008-07-15 03:00:00+00:00,9.02,94.3,19.5,0.689,0.0,0.0915,9.2235,0.0655985991694917,299.49276712888513,False
2008-07-15 03:30:00+00:00,11.19,87.05,44.8,0.575,0.0,0.0915,21.1904,0.1723700445578836,353.43445266560303,False
2008-07-15 04:00:00+00:00,11.6,85.8,44.8,0.701,0.0,0.091,21.1904,0.1942186174553603,409.0654067651341,False
2008-07-15 04:30:00+00:00,11.94,85.1,67.0,0.172,0.0,0.091,31.691,0.2084265307944179,465.43389967977816,False
2008-07-15 05:00:00+00:00,12.8,82.85,67.0,1.708,0.0,0.091,31.691,0.2538683623697025,521.5755833154424,False
2008-07-15 05:30:00+00:00,14.8,76.185,141.0,1.8,0.0,0.091,66.693,0.4015096343798477,576.5299892263755,False
2008-07-15 06:00:00+00:00,16.43,70.575,141.0,1.882,0.0,0.0905,66.693,0.5507355436713353,629.3569602552674,False
2008-07-15 06:30:00+00:00,16.41,70.815,207.5,2.179,0.0,0.0905,98.1475,0.5455481466093999,679.1527347071398,False
2008-07-15 07:00:00+00:00,17.87,64.67,207.5,1.882,0.0,0.0905,98.1475,0.7243915151855842,725.0654078892209,False
2008-07-15 07:30:00+00:00,17.78,61.46,125.8,2.47,0.0,0.0905,59.5034,0.7857411484878674,766.3095065008882,False
2008-07-15 08:00:00+00:00,17.88,62.775,125.8,2.415,0.0,0.0905,59.5034,0.7637265051187425,802.179426534192,False
2008-07-15 08:30:00+00:00,18.21,65.405,134.0,2.246,0.0,0.09,63.382,0.7246492250538282,832.0615047886158,False
2008-07-15 09:00:00+00:00,19.32,60.5,134.0,2.858,0.0,0.09,63.382,0.8868502280055683,855.444517478996,False
2008-07-15 09:30:00+00:00,20.01,57.175,192.8,2.891,0.0,0.09,91.1944,1.0035817353678451,871.9284263247293,False
2008-07-15 10:00:00+00:00,20.4,53.95,192.8,2.812,0.0,0.09,91.1944,1.1054896680780577,881.2312224899647,False
2008-07-15 10:30:00+00:00,20.9,49.325,334.5,3.2,0.0,0.0895,158.2185,1.2545692507152424,883.1937512862877,False
2008-07-15 11:00:00+00:00,21.42,46.15,334.5,3.221,0.0,0.089,158.2185,1.3763913554290248,877.78243509421,False
2008-07-15 11:30:00+00:00,21.67,44.305,1041.0,3.049,0.0,0.089,492.393,1.4454850813612077,865.0898479169243,False
2008-07-15 12:00:00+00:00,21.47,43.12,1041.0,2.849,0.0,0.089,492.393,1.4582940065582406,845.3331317339492,False
2008-07-15 12:30:00+00:00,21.49,41.185,1309.0,2.913,0.0,0.089,619.1569999999999,1.5097504535094943,818.8502817447546,False
2008-07-15 13:00:00+00:00,22.41,37.095,1309.0,2.555,0.0,0.0885,619.1569999999999,1.7079085315623035,786.094364051508,False
2008-07-15 13:30:00+00:00,22.45,38.84,269.3,2.869,0.0,0.0885,127.3789,1.66457048296866,747.6257647020716,False
2008-07-15 14:00:00+00:00,20.92,42.72,269.3,2.929,0.0,0.0885,127.3789,1.4198348548551831,704.1026026939142,False
2008-07-15 14:30:00+00:00,22.34,39.955,306.2,2.361,0.0,0.0885,144.8326,1.6233373232977466,656.2694709510168,False
2008-07-15 15:00:00+00:00,21.67,41.255,306.2,2.014,0.0,0.0885,144.8326,1.5246435246353196,604.944697890894,False
2008-07-15 15:30:00+00:00,22.56,38.635,740.0,2.481,0.0,0.088,350.02,1.681340797940113,551.0063475091275,False
2008-07-15 16:00:00+00:00,23.12,37.23,740.0,2.518,0.0,0.0875,350.02,1.779155295921828,495.3771974906685,False
2008-07-15 16:30:00+00:00,21.65,40.02,460.3,2.68,0.0,0.0875,217.7219,1.5547946959454535,439.0089523412553,False
2008-07-15 17:00:00+00:00,22.78,39.4,460.3,2.868,0.0,0.0875,217.7219,1.6826771138548529,382.865961620277,False
2008-07-15 17:30:00+00:00,21.16,44.105,204.5,2.908,0.0,0.0875,96.7285,1.406075269566347,327.9087218233984,False
2008-07-15 18:00:00+00:00,21.54,44.14,204.5,2.843,0.0,0.0875,96.7285,1.4382902800170736,275.0774441652302,False
2008-07-15 18:30:00+00:00,22.67,39.715,254.0,2.886,0.0,0.0875,120.142,1.6628079568845209,225.2759693850117,False
2008-07-15 19:00:00+00:00,22.34,39.9,254.0,3.031,0.0,0.087,120.142,1.6248242673027655,179.35630476241687,False
2008-07-15 19:30:00+00:00,22.2,40.055,315.6,3.293,0.0,0.087,149.2788,1.6068925218300532,138.10404788557685,False
2008-07-15 20:00:00+00:00,21.43,46.27,315.6,3.629,0.0,0.087,149.2788,1.3741652623058649,102.22494654367642,False
2008-07-15 20:30:00+00:00,21.16,47.67,124.7,3.082,0.0,0.087,58.9831,1.3163953637428558,72.33282467995222,False
2008-07-15 21:00:00+00:00,19.72,56.45,124.7,2.724,0.0,0.087,58.9831,1.0023918843614987,48.93908097040204,False
2008-07-15 21:30:00+00:00,19.0,62.36,86.6,2.308,0.0,0.087,40.9618,0.828402272839384,32.443939689482455,False
2008-07-15 22:00:00+00:00,17.41,70.465,86.6,2.454,0.0,0.0865,40.9618,0.5882541330534286,23.129603546082567,False
2008-07-15 22:30:00+00:00,15.92,77.905,49.8,2.312,0.0,0.087,23.5554,0.4002996282123029,17.355907663487795,False
2008-07-15 23:00:00+00:00,14.9,82.8,49.8,2.268,0.0,0.087,23.5554,0.2918603236531853,22.7500810457501,False
2008-07-15 23:30:00+00:00,14.23,83.3,18.8,2.423,0.0,0.0865,8.8924,0.2713637242178098,35.43507810515702,False
2008-07-16 00:00:00+00:00,13.57,85.9,18.8,2.353,0.0,0.0865,8.8924,0.2194948956605735,55.193885455955744,False
2008-07-16 00:30:00+00:00,12.92,88.55,11.6,2.422,0.0,0.0865,5.4868,0.170830649631592,81.68847014192201,False
2008-07-16 01:00:00+00:00,12.51,89.6,11.6,1.966,0.0,0.0865,5.4868,0.1510459583110278,114.4655626326791,False
2008-07-16 01:30:00+00:00,12.45,89.85,14.9,1.857,0.0,0.0865,7.0477,0.1468346732319725,152.9644113059316,False
2008-07-16 02:00:00+00:00,12.13,90.0,14.9,2.102,0.0,0.0865,7.0477,0.1416483319759889,196.5263757538454,False
2008-07-16 02:30:00+00:00,12.13,89.4,27.3,1.972,0.0,0.0865,12.9129,0.1501472318945482,244.4061947926533,False
2008-07-16 03:00:00+00:00,12.99,86.55,27.3,2.001,0.0,0.0865,12.9129,0.2015921592970843,295.7847364034416,False
2008-07-16 03:30:00+00:00,13.1,86.05,50.9,1.84,0.0,0.0865,24.0757,0.2105969465105002,349.7830114785792,False
2008-07-16 04:00:00+00:00,13.25,85.65,50.9,1.993,0.0,0.0865,24.0757,0.218770473130936,405.47721162655193,False
2008-07-16 04:30:00+00:00,13.73,82.7,83.8,2.044,0.0,0.0865,39.6374,0.2721302935418744,461.9145137679575,False
2008-07-16 05:00:00+00:00,13.69,83.25,83.8,2.446,0.0,0.0865,39.6374,0.262793595862189,518.129381136513,False
2008-07-16 05:30:00+00:00,13.74,83.1,76.3,2.765,0.0,0.0865,36.0899,0.2660113332137257,573.1600818059841,False
2008-07-16 06:00:00+00:00,14.27,80.83,76.3,2.882,0.0,0.0865,36.0899,0.3123081679836023,626.0651421420249,False
2008-07-16 06:30:00+00:00,14.58,79.655,129.4,3.233,0.0,0.0865,61.2062,0.3381679541318389,675.9394536906882,False
2008-07-16 07:00:00+00:00,15.26,75.51,129.4,3.291,0.0,0.086,61.2062,0.4253057173443735,721.9297579441882,False
2008-07-16 07:30:00+00:00,16.14,71.545,283.4,3.871,0.0,0.086,134.04819999999998,0.5228227557299169,763.2492440670231,False
2008-07-16 08:00:00+00:00,16.93,67.49,283.4,3.675,0.0,0.086,134.04819999999998,0.6281251039776262,799.1910098412674,False
2008-07-16 08:30:00+00:00,16.8,65.745,278.4,3.501,0.0,0.086,131.68319999999997,0.6564018278578341,829.1401555371706,False
2008-07-16 09:00:00+00:00,17.27,63.88,278.4,3.099,0.0,0.086,131.68319999999997,0.7130685794740711,852.5843038032897,False
2008-07-16 09:30:00+00:00,16.69,66.7,260.0,3.136,0.0,0.086,122.98,0.6336581994723616,869.1223655978721,False
2008-07-16 10:00:00+00:00,16.46,68.76,260.0,3.252,0.0,0.086,122.98,0.5858242775352176,878.4714021899055,False
2008-07-16 10:30:00+00:00,16.32,72.68,147.1,3.661,0.0,0.086,69.5783,0.5077657165569119,880.4714658308839,False
2008-07-16 11:00:00+00:00,16.34,75.43,147.1,3.872,0.0,0.086,69.5783,0.4572371208210278,875.0883362793321,False
2008-07-16 11:30:00+00:00,15.78,77.27,223.0,3.588,0.0,0.086,105.479,0.408131584511343,862.4141063582089,False
2008-07-16 12:00:00+00:00,16.24,73.27,223.0,2.726,0.0,0.0854999999999999,105.479,0.4942721873315641,842.6656065243764,False
2008-07-16 12:30:00+00:00,17.3,66.225,557.0,2.165,0.0,0.0854999999999999,263.461,0.6680409547697311,816.1806953999002,False
2008-07-16 13:00:00+00:00,17.61,63.34,557.0,1.783,0.0,0.0854999999999999,263.461,0.7394437333269757,783.4124797245842,False
2008-07-16 13:30:00+00:00,17.0,65.74,349.0,2.749,0.0,0.0849999999999999,165.077,0.6648819017785726,744.9215626130891,False
2008-07-16 14:00:00+00:00,17.06,66.38,349.0,2.681,0.0,0.0849999999999999,165.077,0.6549475981511259,701.3664527324141,False
2008-07-16 14:30:00+00:00,17.54,65.01,316.9,2.694,0.0,0.0849999999999999,149.8937,0.7026482596988085,653.4922984789439,False
2008-07-16 15:00:00+00:00,16.89,68.745,316.9,2.561,0.0,0.0849999999999999,149.8937,0.602346656629102,602.1181398910858,False
2008-07-16 15:30:00+00:00,17.84,63.105,408.7,2.426,0.0,0.0849999999999999,193.3151,0.755051863830001,548.1228963924216,False
2008-07-16 16:00:00+00:00,17.29,64.78,408.7,2.724,0.0,0.0849999999999999,193.3151,0.6961813421676558,492.430330088577,False
2008-07-16 16:30:00+00:00,18.91,61.095,606.9,2.597,0.0,0.0849999999999999,287.0637,0.8514459575775801,435.9932418679318,False
2008-07-16 17:00:00+00:00,17.85,61.365,606.9,2.422,0.0,0.0849999999999999,287.0637,0.7911588494977041,379.7771706817433,False
2008-07-16 17:30:00+00:00,18.16,61.045,370.2,1.716,0.0,0.0849999999999999,175.10459999999998,0.813418164182646,324.7438748799205,False
2008-07-16 18:00:00+00:00,17.6,62.41,370.2,1.498,0.0,0.0849999999999999,175.10459999999998,0.7577238752875601,271.8348782073115,False
2008-07-16 18:30:00+00:00,17.63,61.82,182.4,1.033,1.0,0.0849999999999999,86.2752,0.7710749297309253,221.95536195998145,False
2008-07-16 19:00:00+00:00,17.31,61.855,182.4,1.648,2.0,0.0865,86.2752,0.7549531991986264,175.95867887899757,False
2008-07-16 19:30:00+00:00,16.99,64.47,106.0,0.701,1.5,0.0905,50.138,0.6890916726430794,134.631753722932,False
2008-07-16 20:00:00+00:00,16.48,68.49,106.0,1.027,1.5,0.0965,50.138,0.591640329730942,98.68162029122676,False
2008-07-16 20:30:00+00:00,15.63,78.285,33.5,1.381,0.5,0.106,15.8455,0.3861779443551977,68.7233252281623,False
2008-07-16 21:00:00+00:00,14.26,87.95,33.5,0.975,0.0,0.1075,15.8455,0.1961854672766114,45.26940555443123,False
2008-07-16 21:30:00+00:00,13.62,92.5,7.0,0.811,0.5,0.1065,3.311,0.1171335793242298,28.72111994980883,False
2008-07-16 22:00:00+00:00,12.93,93.6,7.0,0.514,0.0,0.106,3.311,0.0955487003164423,19.361583807051144,False
2008-07-16 22:30:00+00:00,12.13,95.4,1.7,0.251,0.0,0.106,0.8040999999999999,0.0651582327089548,13.411044792847711,False
2008-07-16 23:00:00+00:00,11.75,95.3,1.7,0.222,0.0,0.1065,0.8040999999999999,0.0649249229653608,18.77415518257501,False
2008-07-16 23:30:00+00:00,11.74,95.75,4.1,0.25,0.0,0.1055,1.9393,0.0586698900044683,31.43828850792125,False
2008-07-17 00:00:00+00:00,11.72,96.2,4.1,0.088,0.0,0.1055,1.9393,0.0523884305681364,51.18678575960011,False
2008-07-17 00:30:00+00:00,11.79,96.15,0.5,0.232,0.0,0.105,0.2365,0.0533240399980649,77.68178633221025,False
2008-07-17 01:00:00+00:00,11.83,95.9,0.5,0.74,0.0,0.1045,0.2365,0.0569369933898362,110.4700081395789,False
2008-07-17 01:30:00+00:00,11.64,96.1,8.0,1.324,0.0,0.1045,3.784,0.0534831840302134,148.9905024036036,False
2008-07-17 02:00:00+00:00,11.43,95.3,8.0,1.939,0.0,0.104,3.784,0.0635635472083315,192.58425044788103,False
2008-07-17 02:30:00+00:00,10.57,95.35,10.3,2.413,0.0,0.1035,4.8719,0.0593895525522867,240.50543831382316,False
2008-07-17 03:00:00+00:00,10.34,96.85,10.3,1.262,0.0,0.1035,4.8719,0.0396178813410572,291.9342163116345,False
2008-07-17 03:30:00+00:00,10.79,95.35,28.2,1.854,0.0,0.103,13.3386,0.0602676768066739,345.9907252138131,False
2008-07-17 04:00:00+00:00,11.28,94.95,28.2,2.011,0.0,0.103,13.3386,0.067620648233427,401.7501491280505,False
2008-07-17 04:30:00+00:00,11.5,94.5,41.5,2.316,0.0,0.103,19.6295,0.0747288383554019,458.2585375213059,False
2008-07-17 05:00:00+00:00,11.63,92.85,41.5,2.259,0.0,0.103,19.6295,0.0979876158351859,514.5491257076152,False
2008-07-17 05:30:00+00:00,12.05,91.35,98.8,2.632,0.0,0.102,46.7324,0.1218810191553997,569.6588745836452,False
2008-07-17 06:00:00+00:00,12.33,87.95,98.8,2.261,0.0,0.102,46.7324,0.1729500700315415,622.6449466448059,False
2008-07-17 06:30:00+00:00,12.07,90.25,80.2,2.581,0.0,0.102,37.9346,0.1375617204134928,672.6008364041714,False
2008-07-17 07:00:00+00:00,12.22,89.1,80.2,2.906,0.0,0.1015,37.9346,0.1553152556969406,718.6718792487591,False
2008-07-17 07:30:00+00:00,11.85,86.75,151.7,2.77,0.0,0.1015,71.7541,0.1842470700493679,760.0698734010891,False
2008-07-17 08:00:00+00:00,11.84,85.6,151.7,2.146,0.0,0.1015,71.7541,0.2001060394893766,796.0865648268729,False
2008-07-17 08:30:00+00:00,11.95,84.95,146.7,2.784,0.0,0.101,69.38909999999998,0.210663844651147,826.1057643823284,False
2008-07-17 09:00:00+00:00,12.15,82.065,146.7,2.107,0.0,0.1005,69.38909999999998,0.2543814783602185,849.6138898945421,False
2008-07-17 09:30:00+00:00,12.25,81.09,255.7,2.321,0.0,0.1005,120.9461,0.2699836388705223,866.2087528145972,False
2008-07-17 10:00:00+00:00,13.29,77.345,255.7,2.187,0.0,0.1,120.9461,0.3462866249062182,875.6064391156017,False
2008-07-17 10:30:00+00:00,14.61,68.735,380.5,2.379,0.0,0.1,179.9765,0.5206852569842668,877.6461667117953,False
2008-07-17 11:00:00+00:00,15.0,64.46,380.5,2.7,0.0,0.1,179.9765,0.6069641154783176,872.293036293204,False
2008-07-17 11:30:00+00:00,15.72,62.665,1331.0,2.243,0.0,0.099,629.563,0.6678028553941152,859.6386285105101,False
2008-07-17 12:00:00+00:00,16.56,60.805,1331.0,2.207,0.0,0.099,629.563,0.7396925782949951,839.8994372901847,False
2008-07-17 12:30:00+00:00,17.17,57.595,1254.0,2.223,0.0,0.099,593.1419999999999,0.8318633023736759,813.4131660803002,False
2008-07-17 13:00:00+00:00,17.62,54.405,1254.0,2.792,0.0,0.0985,593.1419999999999,0.9202459110724056,780.6329503893704,False
2008-07-17 13:30:00+00:00,18.55,52.365,165.0,3.143,0.0,0.0985,78.045,1.0192963387438891,742.1196054584818,False
2008-07-17 14:00:00+00:00,19.2,48.645,165.0,3.439,2.5,0.1005,78.045,1.1444331099504292,698.5320316939991,False
2008-07-17 14:30:00+00:00,19.3,46.705,406.6,1.373,0.5,0.109,192.3218,1.195085421729422,650.6159420062271,False
2008-07-17 15:00:00+00:00,20.09,45.105,406.6,1.574,0.0,0.109,192.3218,1.2928210384082526,599.1911039091242,False
2008-07-17 15:30:00+00:00,18.64,50.945,265.8,1.527,0.0,0.109,125.7234,1.0556125106336591,545.1373146467924,False
2008-07-17 16:00:00+00:00,12.31,75.04,265.8,1.373,0.0,0.109,125.7234,0.3577721008129136,489.37934928851234,False
2008-07-17 16:30:00+00:00,12.55,84.925,131.7,1.092,0.0,0.108,62.29409999999999,0.2195203339440601,432.87113930561566,False
2008-07-17 17:00:00+00:00,13.08,83.455,131.7,1.845,0.0,0.108,62.29409999999999,0.2494459082275056,376.5794523091597,False
2008-07-17 17:30:00+00:00,14.48,76.25,289.9,1.275,0.0,0.107,137.12269999999998,0.3922201747690927,321.46735216202427,False
2008-07-17 18:00:00+00:00,16.26,71.21,289.9,1.58,0.0,0.107,137.12269999999998,0.5330437781586038,268.4777224372042,False
2008-07-17 18:30:00+00:00,17.5,63.715,287.3,1.241,0.0,0.106,135.8929,0.7268157254868706,218.51713511063835,False
2008-07-17 19:00:00+00:00,18.04,61.08,287.3,1.373,0.0,0.106,135.8929,0.8065811494921524,172.44034047092876,False
2008-07-17 19:30:00+00:00,18.15,57.715,318.2,1.896,0.0,0.106,150.50859999999997,0.8823972780041834,131.03564360093594,False
2008-07-17 20:00:00+00:00,17.45,60.335,318.2,1.031,0.0,0.105,150.50859999999997,0.7920144407847186,95.01141761844816,False
2008-07-17 20:30:00+00:00,14.66,72.24,80.9,1.705,0.0,0.105,38.2657,0.4638091853695215,64.98398441561872,False
2008-07-17 21:00:00+00:00,13.42,80.105,80.9,1.632,0.0,0.105,38.2657,0.3066911978648579,41.467070241251335,False
2008-07-17 21:30:00+00:00,13.62,77.55,11.5,1.321,0.0,0.1045,5.4395,0.3506198474438616,24.863016527231505,False
2008-07-17 22:00:00+00:00,12.9,80.755,11.5,0.917,0.0,0.1045,5.4395,0.2867537747124166,15.45589633118112,False
2008-07-17 22:30:00+00:00,12.14,85.05,30.9,1.104,0.0,0.104,14.6157,0.2119039194276721,9.330492609851763,False
2008-07-17 23:00:00+00:00,11.61,86.8,30.9,0.563,0.0,0.104,14.6157,0.1806608351549085,14.673026187292656,False
2008-07-17 23:30:00+00:00,11.53,89.15,16.5,0.321,0.0,0.104,7.8045,0.147712965612667,27.326861690306007,False
2008-07-18 00:00:00+00:00,11.47,90.15,16.5,0.733,0.0,0.1035,7.8045,0.1335667085506418,47.07551366797888,False
2008-07-18 00:30:00+00:00,11.51,89.1,8.1,1.336,0.0,0.1035,3.8313,0.14819714678866,73.58111474151318,False
2008-07-18 01:00:00+00:00,10.9,90.1,8.1,1.236,0.0,0.1035,3.8313,0.1292556688717982,106.3901959047774,False
2008-07-18 01:30:00+00:00,10.43,91.4,9.7,0.94,0.0,0.103,4.5881,0.1088160975473412,144.9414446049251,False
2008-07-18 02:00:00+00:00,9.97,93.8,9.7,0.707,0.0,0.103,4.5881,0.0760686450159069,188.57530787666397,False
2008-07-18 02:30:00+00:00,10.12,94.45,13.7,0.837,0.0,0.103,6.480099999999999,0.0687821558863893,236.54527623723183,False
2008-07-18 03:00:00+00:00,10.14,93.8,13.7,1.001,0.0,0.1025,6.480099999999999,0.0769407814929858,288.03065529351096,False
2008-07-18 03:30:00+00:00,10.18,93.45,34.9,1.539,0.0,0.1025,16.5077,0.0815023484981046,342.15060655989726,False
2008-07-18 04:00:00+00:00,10.22,93.4,34.9,1.309,0.0,0.1025,16.5077,0.0823448224033234,397.9792172707096,False
2008-07-18 04:30:00+00:00,10.17,93.6,46.7,1.293,0.0,0.102,22.0891,0.0795825504056954,454.5613413659739,False
2008-07-18 05:00:00+00:00,10.18,94.0,46.7,1.215,0.0,0.102,22.0891,0.0746586398455921,510.9289406352696,False
2008-07-18 05:30:00+00:00,10.5,93.15,64.3,1.195,0.0,0.102,30.4139,0.0870797253459643,566.1176464469862,False
2008-07-18 06:00:00+00:00,11.06,91.0,64.3,1.092,0.0,0.102,30.4139,0.1187630931088865,619.1832587157634,False
2008-07-18 06:30:00+00:00,11.76,89.25,147.0,1.487,0.0,0.1015,69.53099999999999,0.148596734989356,669.2178998344335,False
2008-07-18 07:00:00+00:00,12.05,89.2,147.0,1.786,0.0,0.1015,69.53099999999999,0.1521751453038516,715.3655471990918,False
2008-07-18 07:30:00+00:00,12.5,88.6,109.9,2.249,0.0,0.1015,51.9827,0.1654608103720185,756.8366785871482,False
2008-07-18 08:00:00+00:00,13.74,82.615,109.9,2.136,0.0,0.101,51.9827,0.2736453862674924,792.9217798252051,False
2008-07-18 08:30:00+00:00,14.43,78.105,177.8,2.136,0.0,0.101,84.0994,0.3604177711887149,823.0034836482122,False
2008-07-18 09:00:00+00:00,14.42,80.575,177.8,2.22,0.5,0.1015,84.0994,0.3195517448312783,846.5671320690316,False
2008-07-18 09:30:00+00:00,14.45,81.265,230.2,1.241,0.0,0.102,108.8846,0.3087998207003076,863.2095815487966,False
2008-07-18 10:00:00+00:00,13.66,85.05,230.2,1.184,0.0,0.102,108.8846,0.2340953588889366,872.6461003214902,False
2008-07-18 10:30:00+00:00,13.5,89.05,238.9,1.456,0.0,0.102,112.9997,0.1696827515628123,874.7152398662928,False
2008-07-18 11:00:00+00:00,13.2,87.85,238.9,1.025,0.0,0.102,112.9997,0.1846264883053284,869.3815971806973,False
2008-07-18 11:30:00+00:00,13.52,86.35,247.9,1.642,0.0,0.1015,117.2567,0.2117983410879058,856.7364205926788,False
2008-07-18 12:00:00+00:00,13.85,83.85,247.9,2.168,0.0,0.1015,117.2567,0.2560316103798856,836.9960487441807,False
2008-07-18 12:30:00+00:00,13.91,82.745,224.0,2.431,0.0,0.1015,105.952,0.2746185893565842,810.4982094496513,False
2008-07-18 13:00:00+00:00,14.93,79.685,224.0,2.862,0.0,0.101,105.952,0.3453849180641525,777.6962417479713,False
2008-07-18 13:30:00+00:00,15.15,74.995,447.9,2.922,0.0,0.101,211.8567,0.4311880443417534,739.1513399975361,False
2008-07-18 14:00:00+00:00,14.87,74.705,447.9,3.063,0.0,0.101,211.8567,0.4283918149579094,695.5229527046803,False
2008-07-18 14:30:00+00:00,15.05,72.055,269.8,3.145,0.0,0.101,127.6154,0.4787936188444439,647.5575003456643,False
2008-07-18 15:00:00+00:00,15.45,67.595,269.8,3.182,0.0,0.1005,127.6154,0.5696725250150898,596.0756052026102,False
2008-07-18 15:30:00+00:00,15.33,65.4,205.1,3.892,0.0,0.1,97.0123,0.6035905126305707,541.9580516915869,False
2008-07-18 16:00:00+00:00,15.48,64.655,205.1,3.537,0.0,0.1,97.0123,0.6225546298390607,486.1307173808043,False
2008-07-18 16:30:00+00:00,15.42,65.115,324.0,3.549,0.0,0.1,153.25199999999998,0.612090362982614,429.548732507504,False
2008-07-18 17:00:00+00:00,15.15,63.88,324.0,3.055,0.0,0.1,153.25199999999998,0.622855915281909,373.1801390020029,False
2008-07-18 17:30:00+00:00,16.52,59.37,673.9,3.074,0.0,0.0995,318.7547,0.764824829545835,317.9893285904697,False
2008-07-18 18:00:00+00:00,16.0,64.1,673.9,2.809,0.0,0.0995,318.7547,0.6537425709538955,264.92054332816485,False
2008-07-18 18:30:00+00:00,16.29,61.655,239.7,2.205,0.0,0.0995,113.3781,0.7113130693148223,214.8817208472909,False
2008-07-18 19:00:00+00:00,15.82,60.975,239.7,1.339,0.0,0.0995,113.3781,0.702515113766992,168.72896070658908,False
2008-07-18 19:30:00+00:00,15.54,64.12,165.0,1.127,0.0,0.099,78.045,0.6344154904559521,127.25187760372025,False
2008-07-18 20:00:00+00:00,14.88,65.045,165.0,1.268,0.0,0.099,78.045,0.5923738160159052,91.16009203927408,False
2008-07-18 20:30:00+00:00,14.22,71.545,105.6,1.538,0.0,0.0985,49.94879999999999,0.4620748971536747,61.07108956114262,False
2008-07-18 21:00:00+00:00,13.97,76.345,105.6,1.311,0.0,0.0985,49.94879999999999,0.3779470925097383,37.49965630367388,False
2008-07-18 21:30:00+00:00,13.67,73.545,56.4,1.364,0.0,0.0985,26.6772,0.4145168456785414,20.84907156829243,False
2008-07-18 22:00:00+00:00,12.98,74.9,56.4,1.034,0.0,0.0985,26.6772,0.3759591920902158,11.404208131644046,False
2008-07-18 22:30:00+00:00,12.25,75.29,29.5,1.202,0.0,0.0985,13.9535,0.3527919469323431,5.113689528065152,False
2008-07-18 23:00:00+00:00,11.17,77.92,29.5,0.424,0.0,0.098,13.9535,0.2935039588011667,10.437998861906268,False
2008-07-18 23:30:00+00:00,10.56,82.7,13.9,0.535,0.0,0.098,6.5747,0.2208071772555322,23.084130272766668,False
2008-07-19 00:00:00+00:00,9.32,88.05,13.9,0.421,0.0,0.098,6.5747,0.1403421697374155,42.835727441262165,False
2008-07-19 00:30:00+00:00,8.29,92.2,9.1,0.927,0.0,0.098,4.3043,0.0854296480928915,69.35486838914285,False
2008-07-19 01:00:00+00:00,7.681,92.0,9.1,0.548,0.0,0.098,4.3043,0.0840550133313178,102.18784678478082,False
2008-07-19 01:30:00+00:00,7.005,94.75,11.0,0.68,0.0,0.098,5.202999999999999,0.0526624580458097,140.77293418010112,False
2008-07-19 02:00:00+00:00,7.331,93.1,11.0,0.033,0.0,0.098,5.202999999999999,0.0707804826665045,184.4499903797124,False
2008-07-19 02:30:00+00:00,7.118,93.8,18.5,0.278,0.0,0.098,8.750499999999999,0.0626767679417176,232.47175752358737,False
2008-07-19 03:00:00+00:00,8.27,90.7,18.5,1.058,0.0,0.098,8.750499999999999,0.1017199044293302,284.01664465794533,False
2008-07-19 03:30:00+00:00,9.01,87.6,35.5,1.119,0.0,0.098,16.7915,0.1426092409928602,338.202784068566,False
2008-07-19 04:00:00+00:00,10.0,85.2,35.5,1.098,0.0,0.098,16.7915,0.1819490941325718,394.1031188916658,False
2008-07-19 04:30:00+00:00,8.74,90.15,46.8,0.965,0.0,0.098,22.1364,0.1112301342132811,450.7612638735947,False
2008-07-19 05:00:00+00:00,10.67,84.45,46.8,1.084,0.0,0.098,22.1364,0.1999338675615249,507.2078679223112,False
2008-07-19 05:30:00+00:00,11.5,79.745,100.2,1.537,0.0,0.097,47.3946,0.2752059310706663,562.4771985080075,False
2008-07-19 06:00:00+00:00,12.47,76.18,100.2,1.46,0.0,0.097,47.3946,0.3450448043139743,615.6236641745079,False
2008-07-19 06:30:00+00:00,13.63,70.69,85.6,1.481,0.0,0.097,40.4888,0.4580563084772739,665.7379924810352,False
2008-07-19 07:00:00+00:00,14.79,66.735,85.6,1.966,0.0,0.097,40.4888,0.5604703805747535,711.962786588961,False
2008-07-19 07:30:00+00:00,15.03,65.005,91.8,1.791,0.0,0.097,43.4214,0.5988124840711008,753.5071943380865,False
2008-07-19 08:00:00+00:00,15.17,65.465,91.8,2.411,0.0,0.097,43.4214,0.5962908776092569,789.6604388408886,False
2008-07-19 08:30:00+00:00,15.94,62.815,111.7,2.603,0.0,0.0965,52.8341,0.6745503689738984,819.803979100768,False
2008-07-19 09:00:00+00:00,16.48,62.45,111.7,3.153,0.0,0.0965,52.8341,0.7050490124213541,843.4220925985542,False
2008-07-19 09:30:00+00:00,17.16,61.2,370.2,2.348,0.0,0.0965,175.10459999999998,0.7606618538972986,860.1106987895193,False
2008-07-19 10:00:00+00:00,17.47,60.99,370.2,1.636,0.0,0.0965,175.10459999999998,0.7799203921336643,869.5842725486417,False
2008-07-19 10:30:00+00:00,17.92,59.29,801.0,1.846,2.5,0.097,378.873,0.8373322129159113,871.6807292804298,False
2008-07-19 11:00:00+00:00,18.31,57.72,801.0,0.657,0.0,0.1,378.873,0.8912007318318538,866.3641981118424,False
2008-07-19 11:30:00+00:00,16.55,66.055,232.1,1.882,0.0,0.1005,109.7833,0.640206500394089,853.7256357190763,False
2008-07-19 12:00:00+00:00,16.38,70.67,232.1,2.768,0.0,0.1005,109.7833,0.5472117485700491,833.9812702832181,False
2008-07-19 12:30:00+00:00,15.66,71.05,146.2,2.845,0.0,0.1005,69.15259999999999,0.515835502270012,807.4689021936409,False
2008-07-19 13:00:00+00:00,15.86,75.79,146.2,2.985,0.0,0.1005,69.15259999999999,0.4369373643370836,774.6421247867692,False
2008-07-19 13:30:00+00:00,17.42,65.775,223.1,3.26,0.0,0.0995,105.5263,0.6820966379618528,736.0625639935475,False
2008-07-19 14:00:00+00:00,17.6,57.465,223.1,3.86,0.0,0.0995,105.5263,0.8574031666761471,692.3902696635752,False
2008-07-19 14:30:00+00:00,19.52,52.06,585.4,3.555,0.0,0.0995,276.8942,1.0898169788198178,644.372422956577,False
2008-07-19 15:00:00+00:00,19.68,47.365,585.4,3.475,0.0,0.099,276.8942,1.2084979587733389,592.8305530024608,False
2008-07-19 15:30:00+00:00,18.91,48.9,171.4,2.707,0.5,0.099,81.0722,1.1183366773477534,538.6464815363271,False
2008-07-19 16:00:00+00:00,19.2,51.35,171.4,0.905,0.0,0.0995,81.0722,1.0841528731202097,482.7472359778235,False
2008-07-19 16:30:00+00:00,18.67,50.54,449.9,1.191,0.0,0.099,212.8027,1.0663275374047063,426.0891890738933,False
2008-07-19 17:00:00+00:00,18.1,54.73,449.9,1.455,0.0,0.099,212.8027,0.941724417065442,369.6416964564797,False
2008-07-19 17:30:00+00:00,14.31,72.09,38.7,1.799,0.0,0.099,18.3051,0.4558758792721716,314.3705120578302,False
2008-07-19 18:00:00+00:00,14.21,83.12,38.7,1.763,0.0,0.099,18.3051,0.2739332001223112,261.22126512684315,False
2008-07-19 18:30:00+00:00,15.84,77.42,247.6,1.885,0.0,0.099,117.1148,0.4069982667914724,211.1032815365739,False
2008-07-19 19:00:00+00:00,17.33,66.495,247.6,1.489,0.0,0.099,117.1148,0.6639591003718468,164.8740261831059,False
2008-07-19 19:30:00+00:00,16.94,62.715,139.0,1.215,0.0,0.0985,65.747,0.7208399024407478,123.32443265014972,False
2008-07-19 20:00:00+00:00,16.85,60.03,139.0,1.819,0.0,0.0985,65.747,0.7683491536553433,87.16537113423648,False
2008-07-19 20:30:00+00:00,17.04,59.945,88.0,1.708,0.0,0.0985,41.624,0.7793187127651011,57.01548615119314,False
2008-07-19 21:00:00+00:00,14.6,68.76,88.0,1.681,0.0,0.0985,41.624,0.5199327791299297,33.39061210972194,False
2008-07-19 21:30:00+00:00,14.19,72.21,49.0,1.866,0.0,0.0985,23.177,0.4503991827063667,16.694947842510164,False
2008-07-19 22:00:00+00:00,13.58,74.46,49.0,2.305,0.0,0.098,23.177,0.3978407077945814,7.214141091808562,False
2008-07-19 22:30:00+00:00,13.82,72.285,26.2,2.62,0.0,0.098,12.3926,0.438519270682806,0.7620044361901006,False
2008-07-19 23:00:00+00:00,12.72,74.28,26.2,2.391,0.0,0.0975,12.3926,0.3787357873969053,6.070482044412108,False
2008-07-19 23:30:00+00:00,12.28,76.305,13.4,1.908,0.0,0.0975,6.3382,0.3389695769689976,18.711532012591803,False
2008-07-20 00:00:00+00:00,11.73,80.715,13.4,1.395,0.0,0.0975,6.3382,0.2660472184285146,38.46888223357866,False
2008-07-20 00:30:00+00:00,12.59,80.95,8.6,1.298,0.0,0.0975,4.067799999999999,0.2781337607192392,65.00450801028548,False
2008-07-20 01:00:00+00:00,12.08,81.565,8.6,1.104,0.0,0.0975,4.067799999999999,0.2602690918463218,97.86441519081228,False
2008-07-20 01:30:00+00:00,11.77,83.45,10.0,0.506,0.0,0.097,4.73,0.2289211902747389,136.4864074275431,False
2008-07-20 02:00:00+00:00,11.34,85.7,10.0,0.873,0.0,0.097,4.73,0.1922443341919181,180.2097046733661,False
2008-07-20 02:30:00+00:00,11.03,87.15,18.4,0.621,0.0,0.097,8.703199999999999,0.1692292649585859,228.2862483551556,False
2008-07-20 03:00:00+00:00,10.99,87.7,18.4,1.267,0.0,0.097,8.703199999999999,0.1615554407493145,279.89349980718004,False
2008-07-20 03:30:00+00:00,11.39,86.5,26.1,1.295,0.0,0.097,12.3453,0.1820924480712274,334.14851299840655,False
2008-07-20 04:00:00+00:00,12.49,82.75,26.1,1.436,0.0,0.097,12.3453,0.2502037981133782,390.1230407856675,False
2008-07-20 04:30:00+00:00,13.09,81.295,60.7,2.04,0.0,0.097,28.7111,0.2821963951477766,446.8594162413442,False
2008-07-20 05:00:00+00:00,13.2,81.175,60.7,1.587,0.0,0.097,28.7111,0.2860570899051692,503.3869373433485,False
2008-07-20 05:30:00+00:00,13.57,80.365,74.3,1.713,0.0,0.0965,35.143899999999995,0.3056583174677563,558.7384747024205,False
2008-07-20 06:00:00+00:00,14.22,76.635,74.3,1.454,0.0,0.0965,35.143899999999995,0.3794194332101777,611.9670181854467,False
2008-07-20 06:30:00+00:00,14.84,75.875,182.4,2.084,0.0,0.0965,86.2752,0.4077870858994129,662.1618793384051,False
2008-07-20 07:00:00+00:00,15.58,73.365,182.4,2.705,0.0,0.0965,86.2752,0.4721588934381007,708.4642724010702,False
2008-07-20 07:30:00+00:00,17.07,66.83,88.0,3.179,0.0,0.0965,41.624,0.6465908007946716,750.0820073365069,False
2008-07-20 08:00:00+00:00,17.53,65.78,88.0,3.11,0.0,0.096,41.624,0.6867518834702228,786.3030434908998,False
2008-07-20 08:30:00+00:00,18.15,63.535,94.3,3.535,0.0,0.096,44.6039,0.7609463578673893,816.5076719919809,False
2008-07-20 09:00:00+00:00,18.59,61.11,94.3,3.071,0.0,0.096,44.6039,0.8342572471478883,840.1791184549801,False
2008-07-20 09:30:00+00:00,18.66,58.495,151.1,2.798,0.0,0.096,71.4703,0.8942628671589833,856.9123845917709,False
2008-07-20 10:00:00+00:00,19.56,53.125,151.1,2.8,0.0,0.0955,71.4703,1.0682582844489312,866.4211774490192,False
2008-07-20 10:30:00+00:00,20.28,50.335,1126.0,2.991,0.0,0.0955,532.598,1.183470597508305,868.5428077199352,False
2008-07-20 11:00:00+00:00,20.05,50.91,1126.0,2.688,0.0,0.0955,532.598,1.153250630106044,863.2409733210898,False
2008-07-20 11:30:00+00:00,19.94,51.94,719.0,2.759,0.0,0.0955,340.087,1.1213897167694178,850.6063806067946,False
2008-07-20 12:00:00+00:00,20.93,47.005,719.0,2.493,0.0,0.095,340.087,1.314427571463031,830.8551925894174,False
2008-07-20 12:30:00+00:00,21.55,42.82,1339.0,2.075,0.0,0.0945,633.347,1.4731786362003656,804.3253307118921,False
2008-07-20 13:00:00+00:00,21.67,42.99,1339.0,2.765,0.0,0.0945,633.347,1.4796140495269312,771.4706934424003,False
2008-07-20 13:30:00+00:00,21.91,40.695,384.4,2.185,0.0,0.0945,181.8212,1.561895761202286,732.8533906026933,False
2008-07-20 14:00:00+00:00,22.21,41.66,384.4,2.637,0.0,0.0945,181.8212,1.5648206584201714,689.1341262904069,False
2008-07-20 14:30:00+00:00,22.49,39.465,564.9,2.715,0.0,0.094,267.1977,1.6515670185361044,641.0608949321311,False
2008-07-20 15:00:00+00:00,22.82,37.165,564.9,2.612,0.0,0.094,267.1977,1.7489686211889122,589.4561838647974,False
2008-07-20 15:30:00+00:00,23.02,37.365,179.4,2.346,0.0,0.094,84.8562,1.7646303461221609,535.2029013954024,False
2008-07-20 16:00:00+00:00,22.5,39.295,179.4,1.643,0.0,0.094,84.8562,1.6572109812046738,479.2292710953244,False
2008-07-20 16:30:00+00:00,22.72,38.315,401.0,1.868,0.0,0.094,189.673,1.70658831061125,422.492950772686,False
2008-07-20 17:00:00+00:00,22.56,39.325,401.0,1.324,0.0,0.0935,189.673,1.6624354748637875,365.9646478318585,False
2008-07-20 17:30:00+00:00,22.57,39.295,452.3,0.546,0.0,0.0935,213.9379,1.6642670566963114,310.61151134582855,False
2008-07-20 18:00:00+00:00,22.91,38.805,452.3,0.172,0.0,0.0935,213.9379,1.712626532759064,257.38058498813984,False
2008-07-20 18:30:00+00:00,21.65,43.33,234.5,0.646,0.0,0.0935,110.9185,1.4689932547387274,207.18260393024207,False
2008-07-20 19:00:00+00:00,21.25,45.88,234.5,0.858,0.0,0.0935,110.9185,1.3689594708108237,160.8764129255477,False
2008-07-20 19:30:00+00:00,20.71,51.635,150.7,1.052,0.0,0.093,71.2811,1.1834650607431587,119.25427217428596,False
2008-07-20 20:00:00+00:00,20.73,53.715,150.7,1.249,0.0,0.093,71.2811,1.1339639696372483,83.0283023742734,False
2008-07-20 20:30:00+00:00,20.33,58.85,97.4,1.581,0.0,0.093,46.0702,0.9835990103888842,52.818300872835145,False
2008-07-20 21:00:00+00:00,20.52,57.565,97.4,1.031,0.0,0.093,46.0702,1.0262761782847354,29.14113737717931,False
2008-07-20 21:30:00+00:00,19.09,62.24,45.4,0.538,0.0,0.093,21.4742,0.8357221584107659,12.401910655870545,False
2008-07-20 22:00:00+00:00,17.02,70.72,45.4,0.985,0.0,0.093,21.4742,0.5689562557286645,2.887017535433325,False
2008-07-20 22:30:00+00:00,17.4,65.805,19.8,2.068,0.0,0.0925,9.3654,0.6806379468228971,0.0,False
2008-07-20 23:00:00+00:00,17.49,68.22,19.8,1.733,0.0,0.0925,9.3654,0.6361753171649593,1.5769163180025825,False
2008-07-20 23:30:00+00:00,16.08,75.605,7.9,0.732,0.0,0.0925,3.7367,0.4465117148011003,14.219564920436028,False
2008-07-21 00:00:00+00:00,15.57,77.705,7.9,1.731,0.0,0.0925,3.7367,0.3949703102313295,33.98936734871759,False
2008-07-21 00:30:00+00:00,15.85,74.68,6.3,1.018,0.0,0.0925,2.9799,0.4566781374732111,60.54808149490844,False
2008-07-21 01:00:00+00:00,15.82,73.79,6.3,1.237,0.0,0.0925,2.9799,0.4718237317574082,93.44131230279422,False
2008-07-21 01:30:00+00:00,14.8,78.965,9.1,1.157,0.0,0.0925,4.3043,0.3546401494511902,132.106285985723,False
2008-07-21 02:00:00+00:00,14.92,79.49,9.1,1.02,0.0,0.0925,4.3043,0.3484754991814908,175.88147852630817,False
2008-07-21 02:30:00+00:00,14.92,78.61,14.3,0.833,0.0,0.0925,6.7639,0.3634271539489071,224.0179337248736,False
2008-07-21 03:00:00+00:00,13.94,82.6,14.3,0.978,0.0,0.0925,6.7639,0.2774666961564694,275.6920771564155,False
2008-07-21 03:30:00+00:00,13.59,83.0,29.2,1.075,0.0,0.0925,13.8116,0.2649843577204696,330.0198068018083,False
2008-07-21 04:00:00+00:00,13.88,82.4,29.2,1.233,0.0,0.0925,13.8116,0.2795637034171711,386.07161927561344,False
2008-07-21 04:30:00+00:00,14.0,82.9,59.5,1.583,0.0,0.0925,28.1435,0.2737476525856023,442.8885128541514,False
2008-07-21 05:00:00+00:00,14.61,81.475,59.5,2.214,0.0,0.0925,28.1435,0.3085141335561664,499.4983952167389,False
2008-07-21 05:30:00+00:00,15.37,79.33,88.9,1.973,0.0,0.0925,42.0497,0.3615120582380162,554.9327151771374,False
2008-07-21 06:00:00+00:00,15.21,80.745,88.9,2.233,0.5,0.0925,42.0497,0.3333186894830038,608.243033849364,False
2008-07-21 06:30:00+00:00,15.35,80.445,86.9,3.084,0.0,0.0925,41.1037,0.3415719299608351,658.5172517280997,False
2008-07-21 07:00:00+00:00,15.23,81.715,86.9,3.36,0.0,0.0925,41.1037,0.3169346275366201,704.8952140499676,False
2008-07-21 07:30:00+00:00,14.8,85.15,84.8,3.79,1.5,0.0925,40.1104,0.2503639752484038,746.5834274390778,False
2008-07-21 08:00:00+00:00,14.54,88.55,84.8,4.184,1.0,0.097,40.1104,0.1898266297477321,782.8686360446173,False
2008-07-21 08:30:00+00:00,14.57,89.6,64.9,3.884,0.0,0.1015,30.6977,0.1727536979892739,813.1300248913535,False
2008-07-21 09:00:00+00:00,14.76,87.85,64.9,3.91,0.5,0.1035,30.6977,0.2043151362408369,836.8498416506587,False
2008-07-21 09:30:00+00:00,14.25,89.45,37.3,3.595,0.0,0.104,17.642899999999997,0.1716527556297668,853.6222550990602,False
2008-07-21 10:00:00+00:00,13.67,92.7,37.3,3.657,0.0,0.104,17.642899999999997,0.1143818927784294,863.1602986999593,False
2008-07-21 10:30:00+00:00,13.62,93.15,115.1,3.664,0.0,0.104,54.4423,0.1069820024494631,865.3007805059466,False
2008-07-21 11:00:00+00:00,13.71,93.05,115.1,4.233,0.0,0.1045,54.4423,0.1091817941794351,860.0070753738429,False
2008-07-21 11:30:00+00:00,13.82,92.4,111.3,3.407,0.0,0.1045,52.64489999999999,0.1202506389027358,847.369751716433,False
2008-07-21 12:00:00+00:00,13.93,92.15,111.3,3.144,0.5,0.1045,52.64489999999999,0.1250976290672198,827.6050220643576,False
2008-07-21 12:30:00+00:00,13.97,92.5,82.8,3.052,0.0,0.1045,39.16439999999999,0.1198310375744255,801.0510439446333,False
2008-07-21 13:00:00+00:00,13.95,92.95,82.8,3.63,0.0,0.1045,39.16439999999999,0.1124949175260158,768.162134361933,False
2008-07-21 13:30:00+00:00,14.11,92.9,142.2,3.778,0.0,0.105,67.2606,0.1144758195766797,729.5009968655469,False
2008-07-21 14:00:00+00:00,14.1,93.55,142.2,3.265,0.0,0.105,67.2606,0.1039281797764889,685.7290941885926,False
2008-07-21 14:30:00+00:00,14.04,94.2,85.7,2.918,0.0,0.105,40.5361,0.0930915549812475,637.595331174011,False
2008-07-21 15:00:00+00:00,14.18,92.3,85.7,2.825,0.0,0.105,40.5361,0.1247148438497983,585.9232416121789,False
2008-07-21 15:30:00+00:00,13.89,91.75,104.3,2.501,0.0,0.105,49.33389999999999,0.1311306977800227,531.5968982123616,False
2008-07-21 16:00:00+00:00,13.66,92.2,104.3,2.517,0.0,0.105,49.33389999999999,0.122136708985532,475.5457867768301,False
2008-07-21 16:30:00+00:00,13.49,92.3,100.5,2.66,0.0,0.1045,47.5365,0.1192425096251105,418.7289033687173,False
2008-07-21 17:00:00+00:00,13.42,92.95,100.5,2.36,0.0,0.1045,47.5365,0.1086792131162226,362.1183465594161,False
2008-07-21 17:30:00+00:00,13.24,93.25,73.5,2.564,0.0,0.1045,34.7655,0.1028387546851159,306.6826854802567,False
2008-07-21 18:00:00+00:00,13.06,93.7,73.5,2.352,0.0,0.104,34.7655,0.0948597161957085,253.37038823995564,False
2008-07-21 18:30:00+00:00,12.8,94.35,31.6,2.498,0.0,0.104,14.9468,0.083635932792351,203.09359423681465,False
2008-07-21 19:00:00+00:00,12.81,94.4,31.6,2.534,0.0,0.104,14.9468,0.0829501670505681,156.71250801127135,False
2008-07-21 19:30:00+00:00,12.8,95.1,35.7,3.039,0.0,0.104,16.8861,0.072533817819915,115.0206816510293,False
2008-07-21 20:00:00+00:00,12.87,95.5,35.7,2.87,0.0,0.104,16.8861,0.0669190785938703,78.73143755853056,False
2008-07-21 20:30:00+00:00,12.82,96.35,27.4,3.011,0.0,0.104,12.9602,0.0541011952713252,48.46566388051219,False
2008-07-21 21:00:00+00:00,12.74,97.0,27.4,2.827,0.0,0.1035,12.9602,0.0442340334977613,24.7411914140436,False
2008-07-21 21:30:00+00:00,12.66,97.25,19.4,2.353,0.0,0.1035,9.1762,0.0403355326665933,7.963933746094334,False
2008-07-21 22:00:00+00:00,12.55,97.4,19.4,2.463,0.0,0.103,9.1762,0.037860886783055,0.0,False
2008-07-21 22:30:00+00:00,12.39,97.45,5.4,3.469,0.0,0.103,2.5542,0.0367441947880777,0.0,False
2008-07-21 23:00:00+00:00,12.24,97.6,5.4,3.076,0.0,0.103,2.5542,0.0342429429847858,0.0,False
2008-07-21 23:30:00+00:00,12.21,97.4,3.5,3.391,0.0,0.103,1.6555,0.0370232738769953,9.609746009718869,False
2008-07-22 00:00:00+00:00,12.1,96.75,3.5,2.927,0.0,0.103,1.6555,0.0459447284991877,29.3987294538754,False
2008-07-22 00:30:00+00:00,12.0,96.0,2.0,3.343,0.0,0.103,0.946,0.0561755095182744,55.98715257703911,False
2008-07-22 01:00:00+00:00,11.85,96.05,2.0,3.053,0.0,0.1025,0.946,0.0549264850335851,88.9201060463355,False
2008-07-22 01:30:00+00:00,11.76,96.65,2.3,3.137,1.0,0.1025,1.0879,0.0463068895083108,127.6341290306652,False
2008-07-22 02:00:00+00:00,11.54,96.7,2.3,3.165,1.5,0.107,1.0879,0.0449562990531519,171.46684958129964,False
2008-07-22 02:30:00+00:00,11.36,96.9,5.4,2.398,2.5,0.118,2.5542,0.04173068731696,219.66831733649155,False
2008-07-22 03:00:00+00:00,11.23,97.0,5.4,1.575,5.5,0.129,2.5542,0.040037528444714,271.4138346566013,False
2008-07-22 03:30:00+00:00,11.15,97.15,5.1,2.558,5.0,0.154,2.4123,0.0378340234902059,325.81806665858045,False
2008-07-22 04:00:00+00:00,11.0,97.15,5.1,3.127,0.5,0.1585,2.4123,0.0374584961946383,381.95018873710313,False
2008-07-22 04:30:00+00:00,10.94,97.15,10.9,3.223,0.5,0.1595,5.1557,0.0373092034743599,438.8498124082734,False
2008-07-22 05:00:00+00:00,10.87,97.25,10.9,2.779,0.0,0.159,5.1557,0.0358326820879536,495.543416994824,False
2008-07-22 05:30:00+00:00,10.85,97.3,8.3,1.845,3.0,0.158,3.9259,0.0351343357602042,551.0610060164248,False
2008-07-22 06:00:00+00:00,10.97,97.2,8.3,1.469,2.5,0.166,3.9259,0.0367279285767251,604.4527033037984,False
2008-07-22 06:30:00+00:00,11.05,96.75,8.3,1.49,1.0,0.1704999999999999,3.9259,0.0428581570279423,654.8050048859102,False
2008-07-22 07:00:00+00:00,11.03,96.9,8.3,1.333,0.5,0.1709999999999999,3.9259,0.040825737071721,701.2564085886908,False
2008-07-22 07:30:00+00:00,11.09,96.85,8.3,0.745,1.5,0.1705,3.9259,0.0416500936687201,743.0121539302653,False
2008-07-22 08:00:00+00:00,11.11,96.85,8.3,0.592,0.0,0.17,3.9259,0.0417055151594941,779.3578201193845,False
2008-07-22 08:30:00+00:00,11.27,96.35,8.3,0.325,0.0,0.1675,3.9259,0.0488418914244095,809.6715495007337,False
2008-07-22 09:00:00+00:00,11.5,96.15,8.3,0.779,0.0,0.165,3.9259,0.0523101868487812,833.4346873081727,False
2008-07-22 09:30:00+00:00,11.84,94.4,73.3,0.921,0.0,0.1625,34.6709,0.0778190153569796,850.2406556827331,False
2008-07-22 10:00:00+00:00,12.63,92.5,73.3,0.308,0.0,0.1605,34.6709,0.109789527403031,859.8019101227643,False
2008-07-22 10:30:00+00:00,13.56,89.85,361.2,0.056,0.0,0.1585,170.8476,0.1579022500367838,861.9548593419114,False
2008-07-22 11:00:00+00:00,13.36,91.65,361.2,0.927,0.0,0.1575,170.8476,0.1282162954131072,856.6626643554708,False
2008-07-22 11:30:00+00:00,13.27,93.15,361.2,1.283,0.0,0.1555,170.8476,0.1045670474204995,844.0158689009139,False
2008-07-22 12:00:00+00:00,14.04,89.85,361.2,1.738,0.0,0.1545,170.8476,0.1629102212171835,824.2308504030439,False
2008-07-22 12:30:00+00:00,14.29,90.15,361.2,2.26,0.0,0.1525,170.8476,0.1606794289050813,797.6461179836996,False
2008-07-22 13:00:00+00:00,14.83,90.05,361.2,3.318,0.0,0.1515,170.8476,0.1680773028549285,764.7165208519466,False
2008-07-22 13:30:00+00:00,15.99,85.45,281.8,2.978,0.0,0.1505,133.2914,0.2647876632125655,726.0054661633137,False
2008-07-22 14:00:00+00:00,17.49,79.72,281.8,3.323,0.0,0.1495,133.2914,0.4059671312808489,682.1752794936793,False
2008-07-22 14:30:00+00:00,17.57,78.325,350.6,2.964,0.0,0.1485,165.8338,0.4360894130121,633.975872852923,False
2008-07-22 15:00:00+00:00,17.92,76.48,350.6,2.879,0.0,0.1475,165.8338,0.4837645209477335,582.2319141206605,False
2008-07-22 15:30:00+00:00,18.64,71.985,433.6,2.567,0.0,0.1465,205.0928,0.6028536231862596,527.8287174269444,False
2008-07-22 16:00:00+00:00,18.03,70.45,433.6,2.537,0.0,0.1455,205.0928,0.6120115652099906,471.6970958852394,False
2008-07-22 16:30:00+00:00,18.36,66.33,274.1,2.101,0.0,0.1445,129.6493,0.7119440944840268,414.79743583895214,False
2008-07-22 17:00:00+00:00,18.62,64.975,274.1,2.083,0.5,0.1435,129.6493,0.752758686166699,358.1032651030489,False
2008-07-22 17:30:00+00:00,17.24,74.15,84.9,1.795,0.0,0.143,40.1577,0.5093540192724627,302.5845963401213,False
2008-07-22 18:00:00+00:00,16.28,81.065,84.9,1.606,0.0,0.1425,40.1577,0.3510269281588838,249.1913305582628,False
2008-07-22 18:30:00+00:00,16.52,80.23,165.7,0.885,0.0,0.142,78.3761,0.3721532581865901,198.837004689843,False
2008-07-22 19:00:00+00:00,16.49,83.29,165.7,1.811,0.0,0.1415,78.3761,0.3139513085142965,152.38316132389727,False
2008-07-22 19:30:00+00:00,15.64,88.35,106.7,2.109,0.0,0.1405,50.4691,0.2073155714551325,110.62460802032636,False
2008-07-22 20:00:00+00:00,15.75,87.45,106.7,1.559,0.5,0.14,50.4691,0.2249107784632388,74.27581841442607,False
2008-07-22 20:30:00+00:00,15.67,88.65,74.5,1.08,0.0,0.1395,35.238499999999995,0.2023656613726807,43.95870778498674,False
2008-07-22 21:00:00+00:00,15.31,87.9,74.5,0.769,0.0,0.139,35.238499999999995,0.2108111316507139,20.191992243279767,False
2008-07-22 21:30:00+00:00,14.94,88.9,40.8,1.989,0.0,0.1385,19.2984,0.1888380264929439,3.382313605317532,False
2008-07-22 22:00:00+00:00,14.82,90.5,40.8,1.799,1.0,0.138,19.2984,0.1603723214487814,0.0,False
2008-07-22 22:30:00+00:00,14.17,92.7,6.0,2.107,0.0,0.1395,2.838,0.1181594973118011,0.0,False
2008-07-22 23:00:00+00:00,13.87,94.6,6.0,2.244,0.0,0.1395,2.838,0.0857194839374578,0.0,False
2008-07-22 23:30:00+00:00,13.2,93.6,2.2,2.455,0.0,0.1395,1.0406,0.0972518127698849,4.874591455411927,False
2008-07-23 00:00:00+00:00,12.71,93.8,2.2,2.474,0.5,0.1395,1.0406,0.0912372278161856,24.6856228730148,False
2008-07-23 00:30:00+00:00,12.17,93.85,1.0,2.883,0.0,0.1395,0.473,0.0873437371321987,51.30672212883704,False
2008-07-23 01:00:00+00:00,11.67,94.9,1.0,3.335,0.0,0.139,0.473,0.0700785613977539,84.28241475405216,False
2008-07-23 01:30:00+00:00,11.36,96.5,1.8,3.125,0.5,0.139,0.8513999999999999,0.0471152921320518,123.04850114757734,False
2008-07-23 02:00:00+00:00,11.07,96.85,1.8,2.719,1.5,0.14,0.8513999999999999,0.041594736804925,166.9417097246723,False
2008-07-23 02:30:00+00:00,10.53,96.4,4.7,2.748,1.5,0.1475,2.2231,0.0458563399567291,215.21104516473795,False
2008-07-23 03:00:00+00:00,9.94,95.45,4.7,3.192,0.5,0.151,2.2231,0.0557122863022262,267.03063759635154,False
2008-07-23 03:30:00+00:00,9.63,95.05,10.0,2.442,0.5,0.152,4.73,0.0593603771096951,321.51387287662897,False
2008-07-23 04:00:00+00:00,9.36,95.75,10.0,2.614,0.0,0.1525,4.73,0.0500473380281814,377.72856220258416,False
2008-07-23 04:30:00+00:00,9.25,96.35,16.0,2.484,0.5,0.153,7.568,0.042664004771881,434.7128915091056,False
2008-07-23 05:00:00+00:00,9.27,96.15,16.0,2.089,0.5,0.1535,7.568,0.0450625490843727,491.4918777655818,False
2008-07-23 05:30:00+00:00,9.29,96.0,40.5,1.707,1.0,0.1545,19.1565,0.0468814668279846,547.0940506102382,False
2008-07-23 06:00:00+00:00,9.46,95.25,40.5,1.486,0.0,0.1565,19.1565,0.056313614995722,600.5680739048506,False
2008-07-23 06:30:00+00:00,9.62,93.85,95.4,1.183,0.0,0.1565,45.1242,0.0737011576964528,650.9990228202222,False
2008-07-23 07:00:00+00:00,9.57,92.85,95.4,1.264,0.5,0.1565,45.1242,0.085397190780683,697.5240379558844,False
2008-07-23 07:30:00+00:00,9.57,94.05,100.7,1.909,0.0,0.156,47.6311,0.0710647951251838,739.3470886558875,False
2008-07-23 08:00:00+00:00,9.81,93.95,100.7,2.78,0.0,0.155,47.6311,0.0734350475679377,775.7525929231838,False
2008-07-23 08:30:00+00:00,10.47,91.4,191.9,2.8,0.0,0.154,90.7687,0.109107425516619,806.1176608982753,False
2008-07-23 09:00:00+00:00,10.73,91.5,191.9,2.938,0.0,0.1535,90.7687,0.1097268943207715,829.9227524174373,False
2008-07-23 09:30:00+00:00,10.92,89.9,162.5,3.144,0.0,0.1525,76.8625,0.1320426348822187,846.7605663003216,False
2008-07-23 10:00:00+00:00,10.95,88.6,162.5,4.972,0.0,0.1515,76.8625,0.1493361971138855,856.3430092709447,False
2008-07-23 10:30:00+00:00,10.65,88.4,193.2,5.136,0.0,0.15,91.3836,0.1489478976875756,858.506125272731,False
2008-07-23 11:00:00+00:00,10.75,88.4,193.2,4.906,0.0,0.149,91.3836,0.1499447820892365,853.2129008352186,False
2008-07-23 11:30:00+00:00,11.18,85.0,314.1,3.905,0.0,0.148,148.5693,0.1995238106731321,840.553898490024,False
2008-07-23 12:00:00+00:00,11.52,80.23,314.1,4.225,0.0,0.1475,148.5693,0.2689724462928004,820.7457073951298,False
2008-07-23 12:30:00+00:00,11.8,77.03,328.3,4.976,0.0,0.1465,155.2859,0.3183540913174532,794.1272376735134,False
2008-07-23 13:00:00+00:00,11.47,76.02,328.3,4.808,0.0,0.1455,155.2859,0.3251705249791263,761.1539218657815,False
2008-07-23 13:30:00+00:00,11.28,77.06,124.5,4.366,0.0,0.145,58.8885,0.3071718159356074,722.3899227051786,False
2008-07-23 14:00:00+00:00,10.87,81.82,124.5,4.992,0.0,0.1445,58.8885,0.2368866037669084,678.4984805351219,False
2008-07-23 14:30:00+00:00,10.72,82.035,124.4,4.487,0.0,0.1435,58.8412,0.2317564043396712,630.2305655196798,False
2008-07-23 15:00:00+00:00,10.98,82.45,124.4,3.951,0.0,0.143,58.8412,0.2303586756295341,578.4120288025492,False
2008-07-23 15:30:00+00:00,11.19,81.685,136.1,4.452,0.0,0.1425,64.3753,0.2437804915890067,523.9294724528726,False
2008-07-23 16:00:00+00:00,11.01,82.75,136.1,4.75,0.0,0.142,64.3753,0.2268733873087307,467.71507995813465,False
2008-07-23 16:30:00+00:00,10.53,86.7,121.8,3.905,0.0,0.141,57.6114,0.169413700395694,410.730666809474,False
2008-07-23 17:00:00+00:00,10.22,87.0,121.8,4.002,0.0,0.141,57.6114,0.1621943471580614,353.95122406931995,False
2008-07-23 17:30:00+00:00,10.1,85.6,50.2,3.791,0.0,0.14,23.7446,0.1782227313083104,298.34823648685835,False
2008-07-23 18:00:00+00:00,10.2,84.75,50.2,4.611,0.0,0.14,23.7446,0.1900117613369929,244.87306058452128,False
2008-07-23 18:30:00+00:00,9.93,84.8,110.3,4.066,0.0,0.139,52.1719,0.1859908828965685,194.44064711338584,False
2008-07-23 19:00:00+00:00,9.63,85.85,110.3,2.034,0.0,0.139,52.1719,0.1696867345660983,147.91388638372598,False
2008-07-23 19:30:00+00:00,9.65,87.85,58.4,2.144,0.0,0.138,27.6232,0.145898952915747,106.08884432010588,False
2008-07-23 20:00:00+00:00,9.87,86.35,58.4,1.631,0.0,0.138,27.6232,0.1663531843544843,69.68114185081924,False
2008-07-23 20:30:00+00:00,10.06,84.1,30.2,1.818,0.0,0.137,14.2846,0.1962605652018077,39.31371067983822,False
2008-07-23 21:00:00+00:00,9.91,85.1,30.2,2.668,0.0,0.137,14.2846,0.1820753828334998,15.506134939844909,False
2008-07-23 21:30:00+00:00,10.03,84.2,30.2,1.933,0.0,0.1365,14.2846,0.1946342410299573,0.0,False
2008-07-23 22:00:00+00:00,9.63,84.85,30.2,2.066,0.0,0.136,14.2846,0.1816787299417943,0.0,False
2008-07-23 22:30:00+00:00,9.34,84.1,30.2,2.852,0.0,0.1355,14.2846,0.1869835235392202,0.0,False
2008-07-23 23:00:00+00:00,9.27,82.3,30.2,3.475,0.0,0.135,14.2846,0.2071706802060776,0.0,False
2008-07-23 23:30:00+00:00,9.17,83.3,30.2,2.813,0.0,0.135,14.2846,0.194150797579596,0.0247301456375474,False
2008-07-24 00:00:00+00:00,9.08,84.85,30.2,3.078,0.0,0.134,14.2846,0.1750629301824036,19.86457715575717,False
2008-07-24 00:30:00+00:00,9.49,85.1,30.2,3.513,0.0,0.134,14.2846,0.1770043424448305,46.5249864571853,False
2008-07-24 01:00:00+00:00,9.9,84.65,30.2,3.362,0.0,0.1335,14.2846,0.1874484074309169,79.54980485415437,False
2008-07-24 01:30:00+00:00,9.97,84.75,30.2,3.784,0.0,0.133,14.2846,0.187104328466545,118.37398459569872,False
2008-07-24 02:00:00+00:00,10.05,84.8,30.2,4.496,0.0,0.1325,14.2846,0.1874943904030628,162.3332511655907,False
2008-07-24 02:30:00+00:00,10.28,83.95,30.2,4.077,0.0,0.132,14.2846,0.2010536640680843,210.67546884295024,False
2008-07-24 03:00:00+00:00,10.3,83.9,30.2,4.165,0.0,0.132,14.2846,0.2019501464760121,262.5735095725689,False
2008-07-24 03:30:00+00:00,10.45,83.0,30.2,4.416,0.0,0.1315,14.2846,0.2153893596864689,317.13940496255026,False
2008-07-24 04:00:00+00:00,10.79,82.45,30.2,4.217,0.0,0.131,14.2846,0.2274618769800268,373.4395392718182,False
2008-07-24 04:30:00+00:00,10.65,85.25,30.2,4.614,0.0,0.131,14.2846,0.1893949561113569,430.5106234387228,False
2008-07-24 05:00:00+00:00,10.64,86.85,30.2,4.792,0.0,0.13,14.2846,0.168737773100687,487.3761768378151,False
2008-07-24 05:30:00+00:00,10.82,86.4,30.2,5.003,0.0,0.13,14.2846,0.1766195423633569,543.0632347641316,False
2008-07-24 06:00:00+00:00,11.05,85.7,30.2,4.893,0.0,0.1295,14.2846,0.1885758909229464,596.6189957817809,False
2008-07-24 06:30:00+00:00,11.18,84.8,30.2,5.815,0.0,0.129,14.2846,0.2021841281487739,647.1271241017687,False
2008-07-24 07:00:00+00:00,11.35,83.95,30.2,5.72,0.0,0.129,14.2846,0.2159139617707529,693.7234280562169,False
2008-07-24 07:30:00+00:00,11.47,83.3,30.2,5.645,0.5,0.1285,14.2846,0.2264532012990579,735.6106464102629,False
2008-07-24 08:00:00+00:00,11.68,82.35,30.2,5.442,0.0,0.128,14.2846,0.2426873370099165,772.0720895174263,False
2008-07-24 08:30:00+00:00,11.96,80.14,30.2,5.444,0.0,0.128,14.2846,0.2781758996527189,802.4839019173689,False
2008-07-24 09:00:00+00:00,12.24,78.5,30.2,6.025,0.0,0.1275,14.2846,0.3067596975720399,826.3257365613923,False
2008-07-24 09:30:00+00:00,12.17,78.55,370.9,6.715,0.0,0.127,175.43569999999997,0.3046379124366927,843.189658027828,False
2008-07-24 10:00:00+00:00,12.05,79.205,370.9,6.972,0.0,0.127,175.43569999999997,0.2930076061660735,852.7871223908658,False
2008-07-24 10:30:00+00:00,12.0,78.125,202.1,7.63,0.0,0.1265,95.5933,0.3072098176780633,854.9539143145714,False
2008-07-24 11:00:00+00:00,12.77,75.17,202.1,6.519,0.0,0.126,95.5933,0.3668315626308163,849.6529568953728,False
2008-07-24 11:30:00+00:00,13.24,71.625,397.6,5.297,0.0,0.126,188.0648,0.4323036539540985,836.9749461733774,False
2008-07-24 12:00:00+00:00,13.92,68.055,397.6,5.843,0.0,0.125,188.0648,0.5087449356226793,817.1367994526271,False
2008-07-24 12:30:00+00:00,13.49,67.95,414.5,5.955,0.0,0.125,196.0585,0.4963275887642582,790.4779439761003,False
2008-07-24 13:00:00+00:00,13.31,68.965,414.5,5.455,0.0,0.125,196.0585,0.474996802575417,757.454509452779,False
2008-07-24 13:30:00+00:00,13.04,72.8,212.9,5.552,0.0,0.124,100.7017,0.4090173609229056,718.6315237992777,False
2008-07-24 14:00:00+00:00,13.22,75.225,212.9,6.355,0.0,0.124,100.7017,0.3769633191811356,674.6732456237827,False
2008-07-24 14:30:00+00:00,12.12,81.61,261.5,6.204,0.0,0.124,123.6895,0.2603195821428234,626.3317988604914,False
2008-07-24 15:00:00+00:00,12.6,78.655,261.5,5.898,0.0,0.1235,123.6895,0.3118459821241421,574.4343040134174,False
2008-07-24 15:30:00+00:00,13.36,74.005,421.5,5.343,0.0,0.123,199.3695,0.3991595927261949,519.8687261917129,False
2008-07-24 16:00:00+00:00,14.12,64.86,421.5,4.449,0.0,0.123,199.3695,0.5669424206031866,463.5686820747292,False
2008-07-24 16:30:00+00:00,12.94,68.775,524.3,4.484,0.0,0.123,247.9939,0.466478614335626,406.4974657584629,False
2008-07-24 17:00:00+00:00,12.7,70.755,524.3,3.853,0.0,0.122,247.9939,0.4300777803921161,349.6315668001215,False
2008-07-24 17:30:00+00:00,11.9,72.765,138.9,4.333,0.0,0.122,65.69969999999999,0.3799677875217153,293.9439624668987,False
2008-07-24 18:00:00+00:00,11.61,73.91,138.9,2.572,0.0,0.122,65.69969999999999,0.3570788779690578,240.38747005861947,False
2008-07-24 18:30:00+00:00,11.79,73.94,80.1,2.516,0.0,0.122,37.8873,0.360941423986902,189.87844414691645,False
2008-07-24 19:00:00+00:00,11.8,73.905,80.1,2.093,0.0,0.121,37.8873,0.3616652160613383,143.2810976722986,False
2008-07-24 19:30:00+00:00,11.54,74.395,113.8,2.051,0.0,0.121,53.8274,0.3488200112896845,101.39271516686664,False
2008-07-24 20:00:00+00:00,11.2,77.215,113.8,1.418,0.0,0.121,53.8274,0.303479659885254,64.93001110676401,False
2008-07-24 20:30:00+00:00,11.28,77.505,41.8,1.106,0.0,0.1205,19.7714,0.3012131647546422,34.516866805310855,False
2008-07-24 21:00:00+00:00,11.46,76.405,41.8,1.206,0.0,0.12,19.7714,0.3197378709207126,10.673655671705813,False
2008-07-24 21:30:00+00:00,10.89,77.315,49.7,0.464,0.0,0.12,23.5081,0.2959810805087289,0.0,False
2008-07-24 22:00:00+00:00,10.41,79.755,49.7,1.43,0.0,0.12,23.5081,0.2558183853664086,0.0,False
2008-07-24 22:30:00+00:00,10.16,80.98,18.4,0.607,0.0,0.12,8.703199999999999,0.2363509888475462,0.0,False
2008-07-24 23:00:00+00:00,9.86,82.85,18.4,0.75,0.0,0.1195,8.703199999999999,0.2088675188810074,0.0,False
2008-07-24 23:30:00+00:00,9.21,85.25,7.3,1.268,0.0,0.119,3.4529,0.1719443637415369,0.0,False
2008-07-25 00:00:00+00:00,8.59,87.85,7.3,1.052,0.0,0.119,3.4529,0.1358138009559281,14.924281539093668,False
2008-07-25 00:30:00+00:00,8.52,88.3,4.9,0.714,0.0,0.119,2.3177,0.1301636153380909,41.62696374404545,False
2008-07-25 01:00:00+00:00,8.15,90.65,4.9,1.119,0.0,0.1185,2.3177,0.1014346741241425,74.70389490905096,False
2008-07-25 01:30:00+00:00,8.52,89.15,4.2,0.963,0.0,0.1185,1.9866,0.1207072843092551,113.58912792704496,False
2008-07-25 02:00:00+00:00,8.71,88.3,4.2,1.219,0.0,0.1185,1.9866,0.1318526334172397,157.61733459097223,False
2008-07-25 02:30:00+00:00,8.27,89.25,11.3,0.927,0.0,0.118,5.3449,0.117579459421,206.0351893376825,False
2008-07-25 03:00:00+00:00,7.055,91.9,11.3,1.046,0.0,0.118,5.3449,0.0815304322915827,258.01425865190873,False
2008-07-25 03:30:00+00:00,8.4,89.5,24.0,1.527,0.0,0.118,11.352,0.1158649772201454,312.66517559340843,False
2008-07-25 04:00:00+00:00,8.88,85.85,24.0,1.754,0.0,0.1175,11.352,0.1613101820386164,369.0528569212751,False
2008-07-25 04:30:00+00:00,8.88,87.1,28.9,1.64,0.0,0.1175,13.6697,0.1470601659574665,426.2125024499472,False
2008-07-25 05:00:00+00:00,9.26,86.25,28.9,1.623,0.0,0.1175,13.6697,0.1608290884351526,483.1661028869987,False
2008-07-25 05:30:00+00:00,9.81,84.8,41.9,1.784,0.0,0.117,19.8187,0.1844979707491991,538.9391737018497,False
2008-07-25 06:00:00+00:00,10.94,81.355,41.9,2.038,0.0,0.117,19.8187,0.2440807364138396,592.5774287069823,False
2008-07-25 06:30:00+00:00,11.75,77.435,198.7,1.778,0.0,0.1165,93.9851,0.3117086993007161,643.1631080636628,False
2008-07-25 07:00:00+00:00,11.7,77.805,198.7,2.478,0.0,0.1165,93.9851,0.3055851847647566,689.830681337168,False
2008-07-25 07:30:00+00:00,11.89,78.53,82.3,2.413,0.0,0.1165,38.9279,0.2993398618174793,731.7816569184025,False
2008-07-25 08:00:00+00:00,12.57,76.73,82.3,1.858,0.0,0.116,38.9279,0.339300508491008,768.2982444188889,False
2008-07-25 08:30:00+00:00,12.59,76.1,75.0,2.343,0.0,0.116,35.475,0.3489447181726939,798.7556362713483,False
2008-07-25 09:00:00+00:00,12.9,75.225,75.0,2.162,0.0,0.116,35.475,0.3691517156923939,822.6326983932587,False
2008-07-25 09:30:00+00:00,12.64,78.35,117.7,1.896,0.0,0.116,55.6721,0.3171339422234017,839.5208869916673,False
2008-07-25 10:00:00+00:00,12.48,82.5,117.7,2.03,1.0,0.1155,55.6721,0.2536631183742904,849.1312389382321,False
2008-07-25 10:30:00+00:00,13.07,81.415,257.7,2.621,0.0,0.1155,121.8921,0.2800193345185848,851.2993161047762,False
2008-07-25 11:00:00+00:00,13.27,82.365,257.7,2.246,0.0,0.1155,121.8921,0.2692029023737975,845.9880190575717,False
2008-07-25 11:30:00+00:00,13.21,87.25,227.2,3.151,0.0,0.1155,107.4656,0.1938705206879591,833.2882219640733,False
2008-07-25 12:00:00+00:00,13.48,90.1,227.2,4.033,0.0,0.1155,107.4656,0.153211850517957,813.4172178453158,False
2008-07-25 12:30:00+00:00,13.39,88.85,242.7,5.652,0.0,0.115,114.7971,0.171546566110361,786.7150007725376,False
2008-07-25 13:00:00+00:00,14.24,84.255,242.7,4.166,0.0,0.115,114.7971,0.2560115130027965,753.6384486171216,False
2008-07-25 13:30:00+00:00,15.3,78.605,318.0,3.849,0.0,0.115,150.414,0.3725129354566539,714.7535058849071,False
2008-07-25 14:00:00+00:00,15.2,73.385,318.0,3.282,0.0,0.1145,150.414,0.4604296547874226,670.7255003852482,False
2008-07-25 14:30:00+00:00,14.42,72.29,205.2,2.678,0.0,0.1145,97.0596,0.4558444710051337,622.307759415992,False
2008-07-25 15:00:00+00:00,14.03,76.375,205.2,3.158,0.0,0.1145,97.0596,0.3789414765130813,570.3287202413807,False
2008-07-25 15:30:00+00:00,13.39,78.76,295.2,3.451,0.0,0.1145,139.62959999999998,0.3267846694335485,515.6777554034509,False
2008-07-25 16:00:00+00:00,13.76,77.445,295.2,3.417,0.0,0.114,139.62959999999998,0.3554851756774366,459.2899553972978,False
2008-07-25 16:30:00+00:00,13.79,77.77,186.4,3.123,0.0,0.1135,88.1672,0.3510474292077545,402.1301290809354,False
2008-07-25 17:00:00+00:00,14.05,73.945,186.4,2.139,0.0,0.1135,88.1672,0.4184613109919127,345.1762955754724,False
2008-07-25 17:30:00+00:00,13.9,74.045,142.8,2.183,0.0,0.1135,67.5444,0.4128133567131608,289.4029501129895,False
2008-07-25 18:00:00+00:00,13.47,73.76,142.8,2.223,0.0,0.1135,67.5444,0.4058240233806334,235.76439015737503,False
2008-07-25 18:30:00+00:00,12.81,77.46,61.9,2.378,0.0,0.1135,29.2787,0.3338744223785373,185.17838709291797,False
2008-07-25 19:00:00+00:00,12.47,79.665,61.9,2.124,0.0,0.1135,29.2787,0.2945628083847466,138.5104828632809,False
2008-07-25 19:30:00+00:00,12.14,80.81,70.5,1.567,0.0,0.113,33.3465,0.2720024223288979,96.55918025062844,False
2008-07-25 20:00:00+00:00,11.77,81.9,70.5,1.21,0.0,0.1125,33.3465,0.2503609392128564,60.04228019497461,False
2008-07-25 20:30:00+00:00,11.5,82.9,31.8,1.19,0.0,0.1125,15.0414,0.2323387519777039,29.58459992813958,False
2008-07-25 21:00:00+00:00,11.27,83.8,31.8,0.834,0.0,0.1125,15.0414,0.21677770988368,5.707282070717811,False
2008-07-25 21:30:00+00:00,11.21,83.7,35.2,0.993,0.0,0.1125,16.6496,0.2172484401662509,0.0,False
2008-07-25 22:00:00+00:00,10.84,85.7,35.2,2.301,0.0,0.1125,16.6496,0.1859579138446926,0.0,False
2008-07-25 22:30:00+00:00,10.76,85.6,8.0,1.384,0.0,0.1125,3.784,0.1862625001715283,0.0,False
2008-07-25 23:00:00+00:00,10.64,85.75,8.0,0.333,0.0,0.112,3.784,0.1828527198999839,0.0,False
2008-07-25 23:30:00+00:00,10.45,85.15,8.0,0.238,0.0,0.1125,3.784,0.1881489406672978,0.0,False
2008-07-26 00:00:00+00:00,10.51,81.9,8.0,0.099,0.0,0.112,3.784,0.2302476539980611,9.879367293037214,False
2008-07-26 00:30:00+00:00,10.19,84.35,0.8,1.817,0.0,0.112,0.3784,0.1948651092842945,36.63095706521387,False
2008-07-26 01:00:00+00:00,9.88,86.6,0.8,2.755,0.0,0.1115,0.3784,0.1634161315420492,69.76636214499919,False
2008-07-26 01:30:00+00:00,9.65,88.05,2.3,2.54,0.0,0.1115,1.0879,0.1434973240611667,108.7186271380908,False
2008-07-26 02:00:00+00:00,9.33,89.5,2.3,2.806,0.0,0.1115,1.0879,0.1233964197875995,152.82126774477734,False
2008-07-26 02:30:00+00:00,9.8,86.45,2.9,3.338,0.0,0.1115,1.3717,0.164359750685535,201.31967444116043,False
2008-07-26 03:00:00+00:00,10.01,84.15,2.9,2.365,0.0,0.1115,1.3717,0.194988410164208,253.38402402914707,False
2008-07-26 03:30:00+00:00,10.06,83.95,2.9,2.722,0.0,0.1115,1.3717,0.1981120799678624,308.123478136536,False
2008-07-26 04:00:00+00:00,10.07,83.6,2.9,3.717,0.0,0.111,1.3717,0.2025680629649195,364.6014257275022,False
2008-07-26 04:30:00+00:00,10.23,82.45,49.6,3.888,0.0,0.111,23.4608,0.2191090458286113,421.8515088201688,False
2008-07-26 05:00:00+00:00,10.44,81.55,49.6,3.897,0.0,0.111,23.4608,0.2336046008971897,478.8941572064865,False
2008-07-26 05:30:00+00:00,10.79,79.375,89.0,3.715,0.0,0.1105,42.097,0.2673163084166983,534.7533492597336,False
2008-07-26 06:00:00+00:00,11.2,75.275,89.0,4.378,0.0,0.1105,42.097,0.3293190515981085,588.4733120462555,False
2008-07-26 06:30:00+00:00,10.96,73.97,152.2,5.149,0.0,0.1105,71.99059999999999,0.3412113743405993,639.134874995694,False
2008-07-26 07:00:00+00:00,10.82,73.465,152.2,5.374,0.0,0.1105,71.99059999999999,0.3446029085743881,685.87119731157,False
2008-07-26 07:30:00+00:00,11.2,69.245,135.8,4.446,0.0,0.1105,64.2334,0.4096342742932186,727.8826000187298,False
2008-07-26 08:00:00+00:00,11.5,65.715,135.8,4.903,0.0,0.1095,64.2334,0.4658324041845369,764.4502488639905,False
2008-07-26 08:30:00+00:00,11.75,63.74,197.1,4.913,0.0,0.1095,93.2283,0.5008888737710598,794.9484539480553,False
2008-07-26 09:00:00+00:00,12.51,64.11,197.1,4.759,0.0,0.1095,93.2283,0.5212537926714215,818.8553756346676,False
2008-07-26 09:30:00+00:00,11.37,66.745,207.3,4.423,0.0,0.1095,98.0529,0.4479596812567006,835.7619535518542,False
2008-07-26 10:00:00+00:00,11.66,65.12,207.3,4.486,0.0,0.1095,98.0529,0.4789652989799846,845.3789059034387,False
2008-07-26 10:30:00+00:00,11.96,68.145,417.6,5.283,0.0,0.1095,197.5248,0.4461879800320926,847.5416793265048,False
2008-07-26 11:00:00+00:00,10.78,71.875,417.6,5.911,0.0,0.1095,197.5248,0.3642793323544733,842.213264597329,False
2008-07-26 11:30:00+00:00,10.38,68.715,118.7,5.345,0.0,0.109,56.1451,0.3945289428937986,829.48483000443,False
2008-07-26 12:00:00+00:00,10.9,65.795,118.7,4.541,0.0,0.1085,56.1451,0.4465848640161469,809.5741615479737,False
2008-07-26 12:30:00+00:00,11.54,66.35,229.9,5.556,0.0,0.1085,108.7427,0.4584180191328992,782.8219366509308,False
2008-07-26 13:00:00+00:00,11.92,65.255,229.9,5.715,0.0,0.1085,108.7427,0.4853839689975666,749.685895137073,False
2008-07-26 13:30:00+00:00,11.34,67.68,353.3,4.924,0.0,0.1085,167.1109,0.4344990825932022,710.733007209674,False
2008-07-26 14:00:00+00:00,11.59,67.005,353.3,5.457,0.0,0.1085,167.1109,0.450985994279268,666.6297724373256,False
2008-07-26 14:30:00+00:00,11.55,65.905,170.3,4.267,0.0,0.108,80.5519,0.4647881161291557,618.1308157327916,False
2008-07-26 15:00:00+00:00,11.8,65.89,170.3,4.939,0.0,0.108,80.5519,0.4727495888044548,566.0659754503814,False
2008-07-26 15:30:00+00:00,10.83,71.14,213.5,5.095,0.0,0.108,100.9855,0.3750468964106619,511.32610452843255,False
2008-07-26 16:00:00+00:00,11.08,68.54,213.5,4.836,0.0,0.108,100.9855,0.4156955331209274,454.8478276240541,False
2008-07-26 16:30:00+00:00,10.39,70.025,156.4,4.893,0.0,0.108,73.9772,0.3782616790506,397.5975150514866,False
2008-07-26 17:00:00+00:00,10.52,67.935,156.4,4.556,0.0,0.108,73.9772,0.4081671221729145,340.5547477366856,False
2008-07-26 17:30:00+00:00,10.35,67.385,112.3,4.25,0.0,0.1075,53.1179,0.4104767997514196,284.6955561101448,False
2008-07-26 18:00:00+00:00,10.22,67.47,112.3,3.408,0.0,0.1075,53.1179,0.4058601625424415,230.9757197287547,False
2008-07-26 18:30:00+00:00,9.72,71.46,115.1,4.375,0.0,0.107,54.4423,0.3443298455443876,180.31441337865604,False
2008-07-26 19:00:00+00:00,9.6,72.455,115.1,3.13,0.0,0.107,54.4423,0.3296532654666776,133.57847948332537,False
2008-07-26 19:30:00+00:00,9.16,75.715,70.6,3.107,0.0,0.107,33.3938,0.2821418120827596,91.56759592520788,False
2008-07-26 20:00:00+00:00,9.26,76.78,70.6,2.704,0.0,0.107,33.3938,0.2715964678883087,55.00059306858743,False
2008-07-26 20:30:00+00:00,9.05,79.545,66.8,3.439,0.0,0.107,31.5964,0.2358849471634912,24.503154108641077,False
2008-07-26 21:00:00+00:00,8.38,85.6,66.8,3.491,0.0,0.107,31.5964,0.1586846395639387,0.5971092023726139,False
2008-07-26 21:30:00+00:00,7.498,91.55,7.8,3.046,0.0,0.107,3.6894,0.0876781902185104,0.0,False
2008-07-26 22:00:00+00:00,7.237,91.05,7.8,2.675,0.0,0.1065,3.6894,0.0912192942122774,0.0,False
2008-07-26 22:30:00+00:00,7.06,87.85,12.6,3.472,0.0,0.107,5.9598,0.1223376856596605,0.0,False
2008-07-26 23:00:00+00:00,6.894,88.25,12.6,2.996,0.0,0.1065,5.9598,0.1169669674484278,0.0,False
2008-07-26 23:30:00+00:00,6.742,87.25,4.5,3.087,0.0,0.1065,2.1285,0.1255998536221357,0.0,False
2008-07-27 00:00:00+00:00,6.659,86.45,4.5,3.193,0.0,0.1065,2.1285,0.1327190423363043,4.718545225203227,False
2008-07-27 00:30:00+00:00,6.71,85.9,3.1,2.553,0.0,0.1065,1.4663,0.1385926471592882,31.52198857463358,False
2008-07-27 01:00:00+00:00,6.729,84.25,3.1,2.309,0.0,0.106,1.4663,0.1550138140935947,64.71881225597775,False
2008-07-27 01:30:00+00:00,6.598,84.5,2.7,2.293,0.0,0.106,1.2771,0.151181350793075,103.74100211997428,False
2008-07-27 02:00:00+00:00,6.395,85.75,2.7,2.704,0.0,0.106,1.2771,0.1370544991881938,147.92086818021778,False
2008-07-27 02:30:00+00:00,6.436,84.1,6.4,2.139,0.0,0.106,3.0272,0.1533578457270155,196.5024690819708,False
2008-07-27 03:00:00+00:00,6.38,84.25,6.4,2.105,0.0,0.106,3.0272,0.1513243176262008,248.6545466192017,False
2008-07-27 03:30:00+00:00,6.346,85.2,14.5,1.947,0.0,0.106,6.858499999999999,0.1418629769969842,303.48474898508,False
2008-07-27 04:00:00+00:00,6.326,86.5,14.5,2.794,0.0,0.106,6.858499999999999,0.129223205467525,360.05489938952013,False
2008-07-27 04:30:00+00:00,6.372,85.9,28.7,3.247,0.0,0.106,13.5751,0.1353963988683112,417.3970487899838,False
2008-07-27 05:00:00+00:00,6.649,84.65,28.7,3.095,0.0,0.1055,13.5751,0.1502459624759573,474.5300380648747,False
2008-07-27 05:30:00+00:00,6.681,85.75,57.9,2.833,0.0,0.1055,27.3867,0.1397872789369373,530.4762862410948,False
2008-07-27 06:00:00+00:00,7.19,81.615,57.9,2.87,0.0,0.1055,27.3867,0.1867781674676983,584.2785175192109,False
2008-07-27 06:30:00+00:00,7.437,79.305,121.3,2.735,0.0,0.1055,57.3749,0.2138383258639984,635.0161408861085,False
2008-07-27 07:00:00+00:00,7.468,80.475,121.3,3.002,0.0,0.1055,57.3749,0.2021778265607169,681.821002049043,False
2008-07-27 07:30:00+00:00,7.679,77.87,177.1,2.661,0.0,0.105,83.7683,0.2324853829639127,723.8922381644284,False
2008-07-27 08:00:00+00:00,8.63,73.875,177.1,3.067,0.0,0.105,83.7683,0.2928213600329543,760.5099811858881,False
2008-07-27 08:30:00+00:00,9.16,71.93,429.7,2.41,0.0,0.105,203.2481,0.32611573667544,791.0476753566381,False
2008-07-27 09:00:00+00:00,9.07,72.875,429.7,2.3,0.0,0.105,203.2481,0.3132259433763145,814.9827980835445,False
2008-07-27 09:30:00+00:00,9.13,71.455,279.1,1.567,0.0,0.105,132.0143,0.3309627779398375,831.9058007491109,False
2008-07-27 10:00:00+00:00,9.59,70.56,279.1,1.486,0.0,0.105,132.0143,0.3520951807687835,841.5271164753436,False
2008-07-27 10:30:00+00:00,9.55,70.625,254.1,1.145,0.0,0.105,120.1893,0.350372965843544,843.6821149288496,False
2008-07-27 11:00:00+00:00,10.25,68.58,254.1,1.203,0.0,0.1045,120.1893,0.3927995181432773,838.3339193838228,False
2008-07-27 11:30:00+00:00,10.27,69.435,301.8,1.188,0.0,0.105,142.7514,0.3826226272748979,825.5740378376785,False
2008-07-27 12:00:00+00:00,9.85,71.8,301.8,0.921,0.0,0.1045,142.7514,0.343213359307348,805.6207973769959,False
2008-07-27 12:30:00+00:00,9.87,71.395,123.9,1.071,0.0,0.104,58.6047,0.3486104643560456,778.8156085793518,False
2008-07-27 13:00:00+00:00,9.93,72.36,123.9,1.097,0.0,0.104,58.6047,0.3382097370566548,745.6171238662512,False
2008-07-27 13:30:00+00:00,10.71,68.18,275.0,0.931,0.0,0.104,130.075,0.4102183047611639,706.593389758468,False
2008-07-27 14:00:00+00:00,11.41,65.205,275.0,1.021,0.5,0.104,130.075,0.4699494054698568,662.4121273110035,False
2008-07-27 14:30:00+00:00,11.41,64.455,234.3,0.808,1.0,0.104,110.8239,0.4800790808284542,613.8293070334021,False
2008-07-27 15:00:00+00:00,10.84,67.19,234.3,0.608,0.0,0.104,110.8239,0.4266628778492564,561.6762137838069,False
2008-07-27 15:30:00+00:00,10.6,71.615,105.9,0.286,0.0,0.104,50.0907,0.3632586040366737,506.84522296355664,False
2008-07-27 16:00:00+00:00,9.98,81.915,105.9,0.337,0.0,0.104,50.0907,0.222036271031073,450.27453138962574,False
2008-07-27 16:30:00+00:00,9.35,89.3,82.2,0.245,0.0,0.104,38.8806,0.125916581222761,392.9321041093026,False
2008-07-27 17:00:00+00:00,9.42,89.3,82.2,0.271,0.0,0.104,38.8806,0.1265123042308358,335.799111837626,False
2008-07-27 17:30:00+00:00,9.61,88.5,95.7,0.24,0.0,0.104,45.2661,0.1377224538438649,279.8531424143447,False
2008-07-27 18:00:00+00:00,9.56,89.35,95.7,0.253,0.0,0.104,45.2661,0.1271143989085379,226.05147354467,False
2008-07-27 18:30:00+00:00,9.56,89.35,76.9,0.577,0.0,0.104,36.3737,0.1271143989085379,175.31469303969388,False
2008-07-27 19:00:00+00:00,9.74,90.65,76.9,0.734,0.0,0.104,36.3737,0.1129578255013281,128.5109468272151,False
2008-07-27 19:30:00+00:00,9.72,91.7,28.0,0.728,0.0,0.104,13.244,0.1001379718997342,86.44108426232641,False
2008-07-27 20:00:00+00:00,9.69,93.1,28.0,0.514,0.0,0.1035,13.244,0.0830794456087108,49.82495491440276,False
2008-07-27 20:30:00+00:00,9.69,93.25,15.0,0.532,0.0,0.1035,7.095,0.0812733707041736,19.289091304782144,False
2008-07-27 21:00:00+00:00,9.52,94.45,15.0,0.644,0.0,0.1035,7.095,0.066064518570541,0.0,False
2008-07-27 21:30:00+00:00,9.36,95.65,11.4,0.642,0.0,0.1035,5.3922,0.0512249224523739,0.0,False
2008-07-27 22:00:00+00:00,9.29,96.1,11.4,0.639,0.0,0.1035,5.3922,0.0457094301572849,0.0,False
2008-07-27 22:30:00+00:00,9.29,96.3,5.6,1.017,0.0,0.1035,2.6488,0.0433653568158857,0.0,False
2008-07-27 23:00:00+00:00,9.3,96.65,5.6,1.204,0.0,0.1035,2.6488,0.0392897312610005,0.0,False
2008-07-27 23:30:00+00:00,9.29,96.75,1.5,1.175,0.0,0.1035,0.7095,0.0380911917977374,0.0,False
2008-07-28 00:00:00+00:00,9.29,96.9,1.5,1.07,0.0,0.1035,0.7095,0.0363331367916879,0.0,False
2008-07-28 00:30:00+00:00,9.26,96.9,0.6,1.207,0.5,0.1035,0.2838,0.0362596490290161,26.335226171406998,False
2008-07-28 01:00:00+00:00,9.23,96.95,0.6,1.164,0.0,0.1035,0.2838,0.0356026419749833,59.603199365854415,False
2008-07-28 01:30:00+00:00,9.16,96.85,0.6,1.279,0.0,0.1035,0.2838,0.0365965290533537,98.70429169973823,False
2008-07-28 02:00:00+00:00,9.16,96.9,0.6,1.108,0.0,0.1035,0.2838,0.0360156317667923,142.9694538012729,False
2008-07-28 02:30:00+00:00,9.13,96.95,0.6,1.657,0.0,0.1035,0.2838,0.0353629873083378,191.64127429665012,False
2008-07-28 03:00:00+00:00,8.92,96.85,0.6,2.107,0.0,0.1035,0.2838,0.0360074123808537,243.88693966033927,False
2008-07-28 03:30:00+00:00,8.91,96.9,0.6,1.566,0.0,0.1035,0.2838,0.0354118882110173,298.81248427648575,False
2008-07-28 04:00:00+00:00,8.91,95.95,0.6,1.434,0.0,0.104,0.2838,0.0462639184692324,355.47808688278985,False
2008-07-28 04:30:00+00:00,8.87,95.2,0.6,1.331,0.0,0.104,0.2838,0.0546830228318724,412.91415166351015,False
2008-07-28 05:00:00+00:00,8.83,94.0,0.6,2.034,0.0,0.104,0.2838,0.0681688591262496,470.1378988315524,False
2008-07-28 05:30:00+00:00,8.96,92.65,0.6,1.85,0.0,0.104,0.2838,0.0842450375589049,526.1701808213874,False
2008-07-28 06:00:00+00:00,8.98,91.4,0.6,2.522,0.0,0.104,0.2838,0.0987058994983224,580.0522363535292,False
2008-07-28 06:30:00+00:00,9.18,89.35,0.6,2.219,0.0,0.1035,0.2838,0.1238983879662483,630.8620956939201,False
2008-07-28 07:00:00+00:00,9.42,88.65,0.6,2.514,0.0,0.1035,0.2838,0.1341976311233631,677.7303563993379,False
2008-07-28 07:30:00+00:00,9.77,85.05,201.2,2.032,0.0,0.103,95.1676,0.1809763170663522,719.8550596109105,False
2008-07-28 08:00:00+00:00,9.52,82.545,201.2,2.041,0.0,0.103,95.1676,0.2077758867835664,756.5154123478038,False
2008-07-28 08:30:00+00:00,9.7,81.855,172.4,2.21,0.0,0.103,81.5452,0.2186218485784543,787.084120998593,False
2008-07-28 09:00:00+00:00,10.0,78.71,172.4,2.188,0.0,0.103,81.5452,0.261736230681247,811.0381249709991,False
2008-07-28 09:30:00+00:00,9.84,77.56,172.4,2.212,0.0,0.103,81.5452,0.2729268084856759,827.9675468350781,False
2008-07-28 10:00:00+00:00,9.85,77.245,172.4,1.577,0.0,0.103,81.5452,0.276943971313429,837.5827058119331,False
2008-07-28 10:30:00+00:00,10.04,75.745,172.4,2.332,0.0,0.103,81.5452,0.2989886592943842,839.7190745976933,False
2008-07-28 11:00:00+00:00,10.54,73.705,172.4,2.296,0.0,0.103,81.5452,0.3351661505953315,834.3400947036708,False
2008-07-28 11:30:00+00:00,10.84,72.17,261.4,2.169,0.0,0.103,123.6422,0.3619027092515941,821.5378021362136,False
2008-07-28 12:00:00+00:00,11.46,69.85,261.4,1.908,0.0,0.103,123.6422,0.4085652387480181,801.5312527067744,False
2008-07-28 12:30:00+00:00,11.54,69.895,350.7,1.483,0.0,0.1025,165.88109999999998,0.4101240554530737,774.6627739130837,False
2008-07-28 13:00:00+00:00,11.82,68.595,350.7,2.067,0.0,0.1025,165.88109999999998,0.435835314299088,741.3921075217411,False
2008-07-28 13:30:00+00:00,13.23,63.93,731.0,2.07,0.0,0.1025,345.763,0.5491808521903158,702.2885430747764,False
2008-07-28 14:00:00+00:00,13.58,61.345,731.0,1.969,0.0,0.1025,345.763,0.6021351824510393,658.021176920056,False
2008-07-28 14:30:00+00:00,14.19,58.03,200.0,2.143,0.0,0.1025,94.6,0.6802178372862975,609.3474634397799,False
2008-07-28 15:00:00+00:00,14.47,59.265,200.0,2.553,0.0,0.1025,94.6,0.6722844517148862,557.1002543737152,False
2008-07-28 15:30:00+00:00,15.23,56.205,846.0,2.526,0.0,0.1025,400.158,0.75910046557103,502.1735480043702,False
2008-07-28 16:00:00+00:00,15.29,53.675,846.0,2.303,0.0,0.102,400.158,0.8060562894523432,445.5071920471494,False
2008-07-28 16:30:00+00:00,15.52,52.39,908.0,2.335,0.0,0.1015,429.484,0.8407411942367012,388.07080199228056,False
2008-07-28 17:00:00+00:00,15.65,52.005,908.0,2.802,0.0,0.1015,429.484,0.8546343347878071,330.84717006998164,False
2008-07-28 17:30:00+00:00,15.82,51.89,899.0,2.707,0.0,0.1015,425.227,0.8660602722185775,274.81544872695207,False
2008-07-28 18:00:00+00:00,15.78,52.145,899.0,2.924,0.0,0.1015,425.227,0.8592669149489799,220.93439636105236,False
2008-07-28 18:30:00+00:00,15.3,52.655,386.4,2.559,0.0,0.1015,182.7672,0.8243339532224951,170.12597199635252,False
2008-07-28 19:00:00+00:00,14.35,57.26,386.4,1.867,0.0,0.1015,182.7672,0.6999169009940681,123.25955961048544,False
2008-07-28 19:30:00+00:00,12.91,62.565,304.2,1.872,0.0,0.1015,143.8866,0.5581534530573602,81.13709205281872,False
2008-07-28 20:00:00+00:00,12.74,63.39,304.2,1.425,0.0,0.1015,143.8866,0.5398026554510138,44.47932909963045,False
2008-07-28 20:30:00+00:00,12.14,67.97,317.9,1.593,0.0,0.1015,150.36669999999998,0.4539988320580825,13.91352444439767,False
2008-07-28 21:00:00+00:00,11.58,70.485,317.9,1.27,0.0,0.1015,150.36669999999998,0.4031531842229703,0.0,False
2008-07-28 21:30:00+00:00,10.71,74.055,128.0,1.165,0.0,0.101,60.544,0.3344787528921558,0.0,False
2008-07-28 22:00:00+00:00,8.37,82.29,128.0,1.369,0.0,0.101,60.544,0.1950274221627815,0.0,False
2008-07-28 22:30:00+00:00,8.36,83.65,15.4,1.823,0.0,0.101,7.2842,0.1799283400632866,0.0,False
2008-07-28 23:00:00+00:00,8.32,83.65,15.4,1.769,0.0,0.101,7.2842,0.1794395281628375,0.0,False
2008-07-28 23:30:00+00:00,6.924,88.95,6.4,1.936,0.0,0.101,3.0272,0.1102260597895653,0.0,False
2008-07-29 00:00:00+00:00,5.82,93.0,6.4,1.478,0.0,0.101,3.0272,0.0646957837997378,0.0,False
2008-07-29 00:30:00+00:00,5.685,94.7,2.8,1.124,0.0,0.101,1.3243999999999998,0.0485266074035123,21.022218637450376,False
2008-07-29 01:00:00+00:00,5.496,94.3,2.8,0.332,0.0,0.101,1.3243999999999998,0.0515071803508627,54.36082705797825,False
2008-07-29 01:30:00+00:00,4.959,95.3,3.4,0.491,0.0,0.1005,1.6082,0.0409086006878841,93.54057535058048,False
2008-07-29 02:00:00+00:00,4.723,96.05,3.4,0.466,0.0,0.1005,1.6082,0.0338172038932323,137.89105889966967,False
2008-07-29 02:30:00+00:00,5.191,96.95,5.9,0.814,0.0,0.1005,2.7907,0.0269809569569449,186.6533957940952,False
2008-07-29 03:00:00+00:00,5.345,97.1,5.9,1.112,0.0,0.1005,2.7907,0.0259311377829775,238.99321202102595,False
2008-07-29 03:30:00+00:00,5.343,97.1,12.0,0.967,0.0,0.1005,5.676,0.0259275220915713,294.01491842821247,False
2008-07-29 04:00:00+00:00,5.38,97.15,12.0,0.963,0.0,0.1005,5.676,0.0255463035053766,350.7770351623927,False
2008-07-29 04:30:00+00:00,5.449,97.25,26.7,1.035,0.0,0.1005,12.6291,0.0247687440211533,408.3083013676362,False
2008-07-29 05:00:00+00:00,5.159,97.3,26.7,1.246,0.0,0.1005,12.6291,0.0238314763992857,465.6242944904584,False
2008-07-29 05:30:00+00:00,5.068,97.25,64.9,1.369,0.0,0.1005,30.6977,0.0241189888295001,521.7442748178242,False
2008-07-29 06:00:00+00:00,5.117,96.95,64.9,1.393,0.0,0.1005,30.6977,0.0268418890936282,575.7079670198704,False
2008-07-29 06:30:00+00:00,5.522,97.1,102.5,1.145,0.0,0.1005,48.4825,0.0262528895841013,626.591991546344,False
2008-07-29 07:00:00+00:00,5.988,96.8,102.5,1.201,0.0,0.1005,48.4825,0.0299220425572951,673.5256647168309,False
2008-07-29 07:30:00+00:00,6.38,95.65,158.5,1.39,0.0,0.1005,74.9705,0.0417943353443792,715.7058971464327,False
2008-07-29 08:00:00+00:00,6.726,94.05,158.5,1.048,0.0,0.1005,74.9705,0.0585486668223723,752.4109355766607,False
2008-07-29 08:30:00+00:00,7.209,91.6,201.6,1.024,0.0,0.1005,95.3568,0.0854492526710238,783.012712971531,False
2008-07-29 09:00:00+00:00,8.11,85.85,201.6,0.797,0.0,0.1005,95.3568,0.1530903315973542,806.987595552357,False
2008-07-29 09:30:00+00:00,10.02,79.045,149.9,0.698,0.0,0.1005,70.9027,0.2579636554516107,823.9253428747728,False
2008-07-29 10:00:00+00:00,11.44,74.51,149.9,0.568,0.0,0.1005,70.9027,0.3449594681021892,833.5361276278601,False
2008-07-29 10:30:00+00:00,12.98,69.965,473.3,0.396,0.0,0.1005,223.8709,0.4498778619294677,835.655495035521,False
2008-07-29 11:00:00+00:00,13.79,66.55,473.3,0.255,0.0,0.1,223.8709,0.5282292625730719,830.2471769956214,False
2008-07-29 11:30:00+00:00,14.19,66.095,354.0,0.426,0.0,0.1,167.44199999999998,0.5495064515890378,817.4037128003399,False
2008-07-29 12:00:00+00:00,14.8,64.505,354.0,0.781,0.0,0.1,167.44199999999998,0.5984289091880202,797.3448658129042,False
2008-07-29 12:30:00+00:00,15.76,63.34,370.0,1.373,0.0,0.1,175.01,0.6574112040533897,770.4138631897366,False
2008-07-29 13:00:00+00:00,15.68,63.135,370.0,1.611,0.0,0.1,175.01,0.657708528411289,737.071522987201,False
2008-07-29 13:30:00+00:00,15.61,64.065,377.3,1.719,0.0,0.1,178.4629,0.6382465633365799,697.888369141746,False
2008-07-29 14:00:00+00:00,15.19,66.395,377.3,2.067,0.0,0.1,178.4629,0.5809802490030493,653.5348692422141,False
2008-07-29 14:30:00+00:00,14.78,68.27,147.3,1.878,0.0,0.0995,69.6729,0.5342628068167335,604.7699621346087,False
2008-07-29 15:00:00+00:00,14.93,68.135,147.3,1.619,0.0,0.0995,69.6729,0.5417519278421966,552.4280716629202,False
2008-07-29 15:30:00+00:00,15.02,68.625,221.7,1.152,0.0,0.0995,104.8641,0.5365236285766304,497.4048287541364,False
2008-07-29 16:00:00+00:00,14.63,71.48,221.7,1.207,0.0,0.099,104.8641,0.4755844552304071,440.6417461575212,False
2008-07-29 16:30:00+00:00,14.35,74.025,136.7,1.681,0.0,0.099,64.6591,0.4253706481825202,383.1101080703549,False
2008-07-29 17:00:00+00:00,14.9,70.485,136.7,1.916,0.0,0.099,64.6591,0.5008289216641723,325.7943503168521,False
2008-07-29 17:30:00+00:00,15.35,69.96,375.2,2.21,0.0,0.099,177.4696,0.5247159691139598,269.6752154648491,False
2008-07-29 18:00:00+00:00,14.76,73.925,375.2,2.121,0.0,0.099,177.4696,0.4384787800394913,215.7129711164487,False
2008-07-29 18:30:00+00:00,14.79,73.96,171.7,2.302,0.0,0.099,81.21409999999999,0.4387388760007992,164.83097852842056,False
2008-07-29 19:00:00+00:00,15.35,71.16,171.7,2.044,0.0,0.099,81.21409999999999,0.5037552779376363,117.89989272411913,False
2008-07-29 19:30:00+00:00,16.35,68.39,563.8,1.342,0.0,0.099,266.6774,0.5886235182180874,75.72276445346523,False
2008-07-29 20:00:00+00:00,15.92,69.1,563.8,1.287,0.0,0.099,266.6774,0.5598216117565135,39.02129892665675,False
2008-07-29 20:30:00+00:00,15.11,71.56,258.6,0.817,0.0,0.099,122.3178,0.4891605989568086,8.423506453440572,False
2008-07-29 21:00:00+00:00,12.77,80.1,258.6,0.835,0.0,0.099,122.3178,0.2939971041624345,0.0,False
2008-07-29 21:30:00+00:00,11.95,85.95,32.2,0.684,0.0,0.099,15.2306,0.1966662469999079,0.0,False
2008-07-29 22:00:00+00:00,12.1,87.35,32.2,0.688,0.0,0.099,15.2306,0.1788310201583773,0.0,False
2008-07-29 22:30:00+00:00,12.11,88.7,4.9,1.219,0.0,0.099,2.3177,0.1598516686027962,0.0,False
2008-07-29 23:00:00+00:00,11.98,89.8,4.9,0.314,0.0,0.099,2.3177,0.1430585640006783,0.0,False
2008-07-29 23:30:00+00:00,11.91,90.3,1.3,0.769,0.0,0.099,0.6149,0.1354185010986812,0.0,False
2008-07-30 00:00:00+00:00,11.83,90.95,1.3,0.71,0.0,0.099,0.6149,0.1256779976043949,0.0,False
2008-07-30 00:30:00+00:00,11.82,91.75,0.6,0.917,0.0,0.099,0.2838,0.1144926394831229,15.635052112226578,False
2008-07-30 01:00:00+00:00,11.98,90.95,0.6,0.208,0.0,0.099,0.2838,0.1269294121770724,49.05398346551654,False
2008-07-30 01:30:00+00:00,12.05,90.85,0.8,0.796,0.0,0.0985,0.3784,0.1289261647713187,88.3212945613282,False
2008-07-30 02:00:00+00:00,12.0,91.25,0.8,0.426,0.0,0.099,0.3784,0.1228839270712253,132.7650730677049,False
2008-07-30 02:30:00+00:00,11.43,93.3,5.9,1.03,0.0,0.099,2.7907,0.0906118651693237,181.6248300283993,False
2008-07-30 03:00:00+00:00,11.42,93.25,5.9,0.859,0.0,0.0985,2.7907,0.0912275580767606,234.0645127374509,False
2008-07-30 03:30:00+00:00,11.12,93.65,18.7,1.117,0.0,0.0985,8.845099999999999,0.0841289328623116,289.18681062636574,False
2008-07-30 04:00:00+00:00,11.56,93.05,18.7,1.338,0.0,0.0985,8.845099999999999,0.0948062154971155,346.0485093732036,False
2008-07-30 04:30:00+00:00,11.94,91.8,41.5,1.472,0.0,0.098,19.6295,0.1147045337257871,403.6766305061439,False
2008-07-30 05:00:00+00:00,11.94,92.55,41.5,1.471,0.0,0.098,19.6295,0.1042132653972089,461.08508033261614,False
2008-07-30 05:30:00+00:00,12.31,92.0,55.5,1.841,0.0,0.0985,26.2515,0.114670545132344,517.2915233092818,False
2008-07-30 06:00:00+00:00,12.53,91.3,55.5,2.137,0.0,0.098,26.2515,0.1265219569481992,571.334191127311,False
2008-07-30 06:30:00+00:00,12.99,89.3,98.1,2.328,0.0,0.098,46.40129999999999,0.1603744315597621,622.2883398866135,False
2008-07-30 07:00:00+00:00,14.61,83.645,98.1,2.264,0.0,0.098,46.40129999999999,0.2723750960491825,669.2820737539927,False
2008-07-30 07:30:00+00:00,16.03,78.005,152.0,1.852,0.0,0.098,71.896,0.4012997088438742,711.5112643399126,False
2008-07-30 08:00:00+00:00,16.25,76.0,152.0,1.694,0.0,0.098,71.896,0.4440741231335514,748.2533105014628,False
2008-07-30 08:30:00+00:00,16.21,76.505,185.2,1.802,0.0,0.098,87.5996,0.4336221911339541,778.8795031206677,False
2008-07-30 09:00:00+00:00,16.93,72.965,185.2,1.859,0.0,0.098,87.5996,0.5223427310376845,802.8657832775347,False
2008-07-30 09:30:00+00:00,17.98,67.355,279.0,1.288,0.0,0.098,131.96699999999998,0.6739893429988489,819.801709728017,False
2008-07-30 10:00:00+00:00,18.5,66.195,279.0,1.395,0.5,0.098,131.96699999999998,0.72109928166181,829.3974822381468,False
2008-07-30 10:30:00+00:00,18.61,63.725,295.0,0.645,1.0,0.098,139.535,0.7791358934350493,831.4889005921186,False
2008-07-30 11:00:00+00:00,18.49,63.07,295.0,1.301,0.0,0.098,139.535,0.7872657018367525,826.0401744155145,False
2008-07-30 11:30:00+00:00,18.2,64.995,233.4,1.521,0.0,0.0985,110.3982,0.7327770421658433,813.1445357301826,False
2008-07-30 12:00:00+00:00,16.73,77.42,233.4,2.909,0.5,0.0985,110.3982,0.4307633062491635,793.0226437555606,False
2008-07-30 12:30:00+00:00,15.73,86.0,122.3,2.785,0.0,0.0985,57.8479,0.2505753330452158,766.0188092489898,False
2008-07-30 13:00:00+00:00,15.67,86.45,122.3,3.076,0.0,0.0985,57.8479,0.2415907234889713,732.5951029883936,False
2008-07-30 13:30:00+00:00,17.4,83.085,427.1,3.446,0.0,0.0985,202.0183,0.3366863831118382,693.3234492061029,False
2008-07-30 14:00:00+00:00,18.87,73.135,427.1,3.457,0.0,0.0985,202.0183,0.5864804127675716,648.8758392632502,False
2008-07-30 14:30:00+00:00,18.13,68.155,339.4,3.486,0.0,0.0985,160.53619999999998,0.6637023381135334,600.0128330196803,False
2008-07-30 15:00:00+00:00,18.71,68.08,339.4,3.8,0.0,0.0985,160.53619999999998,0.6898999500145037,547.5705446546518,False
2008-07-30 15:30:00+00:00,18.7,63.88,463.8,3.727,0.0,0.098,219.3774,0.7801881059622738,492.4463356273154,False
2008-07-30 16:00:00+00:00,18.87,62.005,463.8,3.453,0.0,0.0975,219.3774,0.8294555474819985,435.58345958887975,False
2008-07-30 16:30:00+00:00,18.71,63.825,801.0,3.327,0.0,0.098,378.873,0.7818649966094822,377.9549219926915,False
2008-07-30 17:00:00+00:00,17.61,66.645,801.0,3.381,0.0,0.0975,378.873,0.6727808435657741,320.5468305864195,False
2008-07-30 17:30:00+00:00,15.46,73.065,224.3,3.259,0.0,0.0975,106.0939,0.4738152066651305,264.34152168297067,False
2008-07-30 18:00:00+00:00,14.8,73.915,224.3,3.234,0.0,0.0975,106.0939,0.4397807605626003,210.3007509439149,False
2008-07-30 18:30:00+00:00,14.02,76.78,170.9,3.346,0.0,0.0975,80.8357,0.3722035860664818,159.34923630597592,False
2008-07-30 19:00:00+00:00,13.55,78.15,170.9,2.731,0.0,0.0975,80.8357,0.3396961764101461,112.35883465593228,False
2008-07-30 19:30:00+00:00,13.26,78.325,178.2,2.38,0.0,0.0975,84.28859999999999,0.3306584739257782,70.13362301543718,False
2008-07-30 20:00:00+00:00,12.53,81.01,178.2,2.829,0.0,0.0975,84.28859999999999,0.2761668922352071,33.39613952022694,False
2008-07-30 20:30:00+00:00,11.99,82.85,76.2,2.774,0.0,0.0975,36.0426,0.2406935737543824,2.7750196330810883,False
2008-07-30 21:00:00+00:00,11.26,85.1,76.2,2.708,0.0,0.0975,36.0426,0.1992496247169394,0.0,False
2008-07-30 21:30:00+00:00,10.64,86.25,3.8,2.858,0.0,0.0975,1.7974,0.1764368349912125,0.0,False
2008-07-30 22:00:00+00:00,10.09,88.35,3.8,2.87,0.0,0.0975,1.7974,0.1440905149916952,0.0,False
2008-07-30 22:30:00+00:00,9.57,89.8,1.5,2.758,0.0,0.0975,0.7095,0.1218253630717436,0.0,False
2008-07-30 23:00:00+00:00,9.09,89.85,1.5,2.707,0.0,0.0975,0.7095,0.1173656910102684,0.0,False
2008-07-30 23:30:00+00:00,8.74,89.1,0.8,2.647,0.0,0.0975,0.3784,0.1230871535964229,0.0,False
2008-07-31 00:00:00+00:00,8.44,86.8,0.8,2.537,0.0,0.0975,0.3784,0.1460553562638938,0.0,False
2008-07-31 00:30:00+00:00,8.08,85.05,0.7,2.442,0.0,0.097,0.3310999999999999,0.1614152757648285,10.141971058104378,False
2008-07-31 01:00:00+00:00,7.725,84.75,0.7,2.608,0.0,0.097,0.3310999999999999,0.1607126019743549,43.64405532284768,False
2008-07-31 01:30:00+00:00,7.295,85.2,1.3,2.088,0.0,0.097,0.6149,0.1514445928245088,83.00165663534735,False
2008-07-31 02:00:00+00:00,6.966,86.15,1.3,1.925,0.0,0.097,0.6149,0.1385564353479261,127.54130822011764,False
2008-07-31 02:30:00+00:00,6.857,85.25,4.4,1.934,0.0,0.0975,2.0812,0.1464573658833812,176.50086989960047,False
2008-07-31 03:00:00+00:00,6.592,84.9,4.4,2.324,0.0,0.0975,2.0812,0.1472189358590083,229.04256940651743,False
2008-07-31 03:30:00+00:00,6.387,86.15,23.9,2.271,0.0,0.097,11.3047,0.1331337211391283,284.2673378963551,False
2008-07-31 04:00:00+00:00,6.411,87.2,23.9,2.277,0.0,0.097,11.3047,0.1232448057898704,341.2301943590789,False
2008-07-31 04:30:00+00:00,6.562,86.15,36.4,2.559,0.0,0.097,17.2172,0.1347526715924064,398.9564156803821,False
2008-07-31 05:00:00+00:00,6.593,84.2,36.4,2.292,0.0,0.097,17.2172,0.1540542842458161,456.4582156583285,False
2008-07-31 05:30:00+00:00,6.783,79.99,72.8,2.649,0.0,0.097,34.4344,0.1976755417636234,512.7516475721966,False
2008-07-31 06:00:00+00:00,6.864,80.595,72.8,2.661,0.0,0.097,34.4344,0.1927711979071365,566.8734410738359,False
2008-07-31 06:30:00+00:00,7.039,79.64,87.3,3.028,0.0,0.097,41.2929,0.2047080107615423,617.8974852956893,False
2008-07-31 07:00:00+00:00,7.464,76.745,87.3,3.202,0.0,0.097,41.2929,0.2407353253971634,664.950676122508,False
2008-07-31 07:30:00+00:00,6.598,82.645,90.4,3.329,0.0,0.097,42.7592,0.1692743447105689,707.2278564536266,False
2008-07-31 08:00:00+00:00,6.849,82.38,90.4,2.487,0.0,0.0965,42.7592,0.1748581531687022,744.0055938025291,False
2008-07-31 08:30:00+00:00,6.771,79.845,141.7,2.877,0.0,0.0965,67.02409999999999,0.1989434302593996,774.6545594747604,False
2008-07-31 09:00:00+00:00,7.505,71.62,141.7,2.951,0.0,0.0965,67.02409999999999,0.2946154043834648,798.650297494427,False
2008-07-31 09:30:00+00:00,7.353,68.995,235.0,2.556,0.0,0.0965,111.155,0.3185307368476318,815.582199002742,False
2008-07-31 10:00:00+00:00,7.391,69.515,235.0,2.707,0.0,0.0965,111.155,0.314005464428289,825.1605285592868,False
2008-07-31 10:30:00+00:00,7.576,70.475,200.9,2.675,0.0,0.0965,95.0257,0.307995196875057,827.2213821113613,False
2008-07-31 11:00:00+00:00,7.645,71.945,200.9,2.453,0.0,0.0965,95.0257,0.2940455670915429,821.7294917891157,False
2008-07-31 11:30:00+00:00,7.719,71.545,212.7,3.178,0.0,0.0965,100.6071,0.2997509401091862,808.7788295283747,False
2008-07-31 12:00:00+00:00,8.13,68.115,212.7,3.57,0.0,0.0965,100.6071,0.3454375508228706,788.5909991886325,False
2008-07-31 12:30:00+00:00,8.18,70.43,263.7,3.514,0.0,0.096,124.7301,0.3214500689341255,761.5114446761435,False
2008-07-31 13:00:00+00:00,8.78,68.435,263.7,3.541,0.0,0.096,124.7301,0.3574122204503757,728.003538953933,False
2008-07-31 13:30:00+00:00,8.78,66.78,243.4,3.44,0.0,0.096,115.1282,0.3761518759183108,688.6406550821054,False
2008-07-31 14:00:00+00:00,9.61,61.02,243.4,3.721,0.0,0.096,115.1282,0.466819239202944,644.0963549629384,False
2008-07-31 14:30:00+00:00,9.21,60.105,269.3,3.893,0.0,0.096,127.3789,0.4650657892521095,595.132863674692,False
2008-07-31 15:00:00+00:00,9.07,60.26,269.3,3.95,0.0,0.096,127.3789,0.4588976586092069,542.5880266148232,False
2008-07-31 15:30:00+00:00,9.1,59.72,289.4,3.906,0.0,0.096,136.88619999999997,0.466077473320615,487.3609726352591,False
2008-07-31 16:00:00+00:00,8.51,62.825,289.4,4.207,0.0,0.096,136.88619999999997,0.4132946470096307,430.3967284957616,False
2008-07-31 16:30:00+00:00,8.73,62.71,493.0,3.593,0.0,0.096,233.189,0.420808215706408,372.670047906177,False
2008-07-31 17:00:00+00:00,8.6,60.88,493.0,3.48,0.0,0.096,233.189,0.4375837799404803,315.1687318689132,False
2008-07-31 17:30:00+00:00,8.16,61.605,322.4,3.066,0.0,0.0955,152.49519999999998,0.4168168951097845,258.87672573816434,False
2008-07-31 18:00:00+00:00,7.689,62.3,322.4,2.753,0.0,0.0955,152.49519999999998,0.3963259936201669,204.7572822334685,False
2008-07-31 18:30:00+00:00,7.635,59.67,233.2,2.795,0.0,0.0955,110.3036,0.4224112822521035,153.7364785175848,False
2008-07-31 19:00:00+00:00,7.361,62.895,233.2,2.33,0.0,0.095,110.3036,0.3814084097787692,106.68736939009672,False
2008-07-31 19:30:00+00:00,6.274,69.685,72.2,2.235,0.0,0.095,34.1506,0.2891360565881813,64.41504776404672,False
2008-07-31 20:00:00+00:00,6.168,70.695,72.2,1.977,0.0,0.095,34.1506,0.2774598285271465,27.642868067929825,False
2008-07-31 20:30:00+00:00,5.631,74.885,46.2,1.615,0.0,0.0955,21.8526,0.2290901450244098,0.0,False
2008-07-31 21:00:00+00:00,5.202,78.125,46.2,1.163,0.0,0.095,21.8526,0.1936596135694114,0.0,False
2008-07-31 21:30:00+00:00,4.859,79.74,35.6,1.293,0.0,0.095,16.8388,0.1751125164807262,0.0,False
2008-07-31 22:00:00+00:00,4.449,82.7,35.6,1.665,0.0,0.095,16.8388,0.1452905093270133,0.0,False
2008-07-31 22:30:00+00:00,4.199,85.95,5.9,1.319,0.0,0.095,2.7907,0.1159398149967654,0.0,False
2008-07-31 23:00:00+00:00,3.991,87.45,5.9,1.129,0.0,0.095,2.7907,0.1020553043131304,0.0,False
2008-07-31 23:30:00+00:00,4.182,83.85,5.9,0.826,0.0,0.095,2.7907,0.1331095003180497,0.0,False
2008-08-01 00:00:00+00:00,3.914,84.25,5.9,0.995,0.0,0.095,2.7907,0.1273836045282631,0.0,False
2008-08-01 00:30:00+00:00,3.585,87.15,0.9,1.586,0.0,0.095,0.4256999999999999,0.1015406734281238,4.544736940605356,False
2008-08-01 01:00:00+00:00,3.176,89.4,0.9,2.13,0.0,0.095,0.4256999999999999,0.0813678269848182,38.132760448576384,False
2008-08-01 01:30:00+00:00,2.931,91.2,0.9,1.794,0.0,0.095,0.4256999999999999,0.0663845476456892,77.58332436376146,False
2008-08-01 02:00:00+00:00,2.861,91.35,0.9,1.953,0.0,0.095,0.4256999999999999,0.0649287202349365,122.2213616915163,False
2008-08-01 02:30:00+00:00,3.318,88.6,0.9,1.818,0.0,0.095,0.4256999999999999,0.0883950078856072,171.2830379884616,False
2008-08-01 03:00:00+00:00,3.651,88.9,0.9,2.381,0.0,0.095,0.4256999999999999,0.088122636157267,223.92882185001076,False
2008-08-01 03:30:00+00:00,3.483,90.4,8.8,2.926,0.0,0.095,4.1624,0.0753134220916141,279.2578507263501,False
2008-08-01 04:00:00+00:00,3.712,88.75,8.8,3.046,0.0,0.095,4.1624,0.0896994971238208,336.3233462439049,False
2008-08-01 04:30:00+00:00,3.967,86.4,8.8,3.299,0.0,0.095,4.1624,0.1104067669871068,394.1488152500176,False
2008-08-01 05:00:00+00:00,4.355,83.75,8.8,3.034,0.0,0.095,4.1624,0.1355737712257638,451.7447593526321,False
2008-08-01 05:30:00+00:00,4.568,83.45,8.8,3.332,0.0,0.095,4.1624,0.1401579444779579,508.1256070253917,False
2008-08-01 06:00:00+00:00,4.844,82.16,8.8,3.674,0.0,0.095,4.1624,0.1540339761184608,562.3265785391511,False
2008-08-01 06:30:00+00:00,5.075,79.16,66.7,3.967,0.0,0.095,31.5491,0.1828675134388997,613.420195129938,False
2008-08-01 07:00:00+00:00,5.299,78.175,66.7,4.09,0.0,0.095,31.5491,0.1945291531232396,660.5321499007455,False
2008-08-01 07:30:00+00:00,5.506,78.05,98.7,4.538,0.0,0.095,46.6851,0.1984859852106326,702.8562688756671,False
2008-08-01 08:00:00+00:00,5.443,80.235,98.7,4.385,0.0,0.095,46.6851,0.1779453259429947,739.6683061937672,False
2008-08-01 08:30:00+00:00,5.918,77.945,126.9,3.487,0.0,0.095,60.0237,0.2052293477449151,770.3383373794576,False
2008-08-01 09:00:00+00:00,6.262,76.585,126.9,3.534,0.0,0.095,60.0237,0.2231404331065715,794.3415386153449,False
2008-08-01 09:30:00+00:00,6.802,74.53,117.2,5.075,0.0,0.095,55.4356,0.2519435335900129,811.2671675614383,False
2008-08-01 10:00:00+00:00,6.834,75.085,117.2,4.693,0.0,0.0945,55.4356,0.2469973550494006,820.8255920393874,False
2008-08-01 10:30:00+00:00,6.61,75.93,79.9,3.803,0.0,0.0945,37.7927,0.234964461135289,822.8532463045769,False
2008-08-01 11:00:00+00:00,7.008,74.105,79.9,5.584,0.0,0.0945,37.7927,0.2598048952244606,817.3154300916863,False
2008-08-01 11:30:00+00:00,7.244,72.465,168.8,5.307,0.0,0.0945,79.8424,0.2807743272478498,804.3069025332992,False
2008-08-01 12:00:00+00:00,6.734,70.4,168.8,5.79,0.0,0.0945,79.8424,0.2914279595807618,784.0502607849473,False
2008-08-01 12:30:00+00:00,6.672,68.575,44.9,5.315,0.0,0.0945,21.2377,0.3080764924849857,756.892131097825,False
2008-08-01 13:00:00+00:00,7.418,67.16,44.9,5.203,0.0,0.094,21.2377,0.3388892754414183,723.2972375136312,False
2008-08-01 13:30:00+00:00,7.107,69.995,105.8,5.159,0.0,0.094,50.0434,0.3030960806242281,683.8404496739603,False
2008-08-01 14:00:00+00:00,7.569,68.57,105.8,5.623,0.0,0.094,50.0434,0.3277104943132935,639.1969458182658,False
2008-08-01 14:30:00+00:00,7.168,70.245,274.4,4.519,0.0,0.0945,129.79119999999998,0.3018327522210977,590.1306592970801,False
2008-08-01 15:00:00+00:00,7.042,71.85,274.4,3.848,0.0,0.094,129.79119999999998,0.2830903269539428,537.4812063001855,False
2008-08-01 15:30:00+00:00,7.324,72.135,234.9,4.493,0.5,0.094,111.1077,0.2857031210277557,482.1495184888481,False
2008-08-01 16:00:00+00:00,7.393,71.93,234.9,5.583,0.0,0.094,111.1077,0.2891698145362139,425.0824263834107,False
2008-08-01 16:30:00+00:00,7.017,76.0,234.9,5.545,0.0,0.094,111.1077,0.2409413934693151,367.2564573125693,False
2008-08-01 17:00:00+00:00,6.461,84.55,234.9,5.091,0.0,0.094,111.1077,0.1492751177868763,309.6611251714051,False
2008-08-01 17:30:00+00:00,6.151,89.4,234.9,5.255,0.0,0.094,111.1077,0.1002427522956228,253.2819979322232,False
2008-08-01 18:00:00+00:00,6.395,86.6,234.9,4.726,0.0,0.094,111.1077,0.128879318534863,199.08383265541943,False
2008-08-01 18:30:00+00:00,6.746,78.88,247.8,4.584,0.0,0.094,117.2094,0.2081098222857171,147.99406659353488,False
2008-08-01 19:00:00+00:00,6.912,76.4,247.8,4.428,0.0,0.094,117.2094,0.2352206134582788,100.88694688845553,False
2008-08-01 19:30:00+00:00,6.985,71.89,128.4,4.123,0.0,0.094,60.7332,0.2815822881097871,58.568570434810894,False
2008-08-01 20:00:00+00:00,6.903,73.68,128.4,4.283,0.0,0.094,60.7332,0.2621683522403363,21.76308990835195,False
2008-08-01 20:30:00+00:00,6.693,74.0,128.4,4.339,0.0,0.094,60.7332,0.2552615798045876,0.0,False
2008-08-01 21:00:00+00:00,6.249,76.54,128.4,3.828,0.0,0.094,60.7332,0.2233682582329795,0.0,False
2008-08-01 21:30:00+00:00,5.944,77.345,128.4,4.131,0.0,0.094,60.7332,0.2111931860038093,0.0,False
2008-08-01 22:00:00+00:00,5.825,78.595,128.4,3.797,0.0,0.094,60.7332,0.1978991675171895,0.0,False
2008-08-01 22:30:00+00:00,5.616,77.605,128.4,3.371,0.0,0.0935,60.7332,0.2040662346754718,0.0,False
2008-08-01 23:00:00+00:00,5.376,79.095,128.4,3.281,0.0,0.0935,60.7332,0.1873321399495229,0.0,False
2008-08-01 23:30:00+00:00,5.156,80.575,1.5,3.605,0.0,0.0935,0.7095,0.1714183184171734,0.0,False
2008-08-02 00:00:00+00:00,4.889,81.85,1.5,3.629,0.0,0.0935,0.7095,0.1572049982019824,0.0,False
2008-08-02 00:30:00+00:00,4.806,82.5,1.5,3.002,0.0,0.0935,0.7095,0.150696819311978,0.0,False
2008-08-02 01:00:00+00:00,4.955,80.76,1.5,2.849,0.0,0.0935,0.7095,0.1674172955929334,32.542229025832995,False
2008-08-02 01:30:00+00:00,5.004,78.645,1.5,3.206,0.0,0.0935,0.7095,0.1864588800490853,72.09145136043587,False
2008-08-02 02:00:00+00:00,4.873,79.35,1.5,3.634,0.0,0.0935,0.7095,0.1786583915560957,116.83299854371128,False
2008-08-02 02:30:00+00:00,4.723,79.99,1.5,3.125,0.0,0.0935,0.7095,0.1713119620009062,166.00125414614254,False
2008-08-02 03:00:00+00:00,4.706,81.33,1.5,2.851,0.0,0.0935,0.7095,0.159649456213863,218.75485118991253,False
2008-08-02 03:30:00+00:00,4.341,85.05,1.5,3.164,0.0,0.0935,0.7095,0.1246051631018225,274.19106957694567,False
2008-08-02 04:00:00+00:00,4.386,83.3,1.5,3.35,0.0,0.0935,0.7095,0.1396320572178628,331.3612834133245,False
2008-08-02 04:30:00+00:00,4.366,83.2,1.5,2.813,0.0,0.0935,0.7095,0.1402708486263905,389.2871938962624,False
2008-08-02 05:00:00+00:00,4.52,82.95,1.5,2.549,0.0,0.0935,0.7095,0.1439066660878796,446.9775699868076,False
2008-08-02 05:30:00+00:00,4.67,82.3,1.5,3.494,0.0,0.0935,0.7095,0.1509733598131359,503.4452104017631,False
2008-08-02 06:00:00+00:00,4.623,82.4,1.5,4.033,0.0,0.0935,0.7095,0.14962640496235,557.7238366704897,False
2008-08-02 06:30:00+00:00,4.615,81.9,1.5,4.159,0.0,0.0935,0.7095,0.1537908283372316,608.88462818114,False
2008-08-02 07:00:00+00:00,4.709,82.2,1.5,3.654,0.0,0.0935,0.7095,0.1522419900997335,656.0521162670287,False
2008-08-02 07:30:00+00:00,4.805,81.01,1.5,4.054,0.0,0.0935,0.7095,0.1635161245555026,698.4191653510545,False
2008-08-02 08:00:00+00:00,4.826,81.5,1.5,4.363,0.0,0.0935,0.7095,0.1595313507709903,735.2607847881253,False
2008-08-02 08:30:00+00:00,5.038,80.795,1.5,4.72,0.0,0.0935,0.7095,0.1680854440658734,765.9465350542973,False
2008-08-02 09:00:00+00:00,5.227,81.24,1.5,4.533,0.0,0.0935,0.7095,0.1663725411083297,789.9513159843488,False
2008-08-02 09:30:00+00:00,5.638,79.84,1.5,4.411,0.5,0.0935,0.7095,0.1839819419159781,806.8643524459254,False
2008-08-02 10:00:00+00:00,6.151,79.435,1.5,4.125,0.5,0.0935,0.7095,0.1944803963169325,816.3962236834448,False
2008-08-02 10:30:00+00:00,7.315,73.87,1.5,4.234,0.0,0.0935,0.7095,0.267748636738433,818.38381604181,False
2008-08-02 11:00:00+00:00,6.843,79.595,1.5,4.193,0.0,0.0935,0.7095,0.2024124213325299,812.7931143149456,False
2008-08-02 11:30:00+00:00,6.212,86.05,1.5,3.893,0.0,0.0935,0.7095,0.1324815952113985,799.7197839498592,False
2008-08-02 12:00:00+00:00,6.315,85.15,1.5,4.565,0.0,0.0935,0.7095,0.1420374332060871,779.3875341398762,False
2008-08-02 12:30:00+00:00,6.179,84.55,1.5,3.732,0.0,0.0935,0.7095,0.1463921049009182,752.1442898145165,False
2008-08-02 13:00:00+00:00,7.174,81.805,1.5,3.518,0.0,0.0935,0.7095,0.1846449389339406,718.4562380278493,False
2008-08-02 13:30:00+00:00,6.774,80.615,1.5,3.795,0.0,0.0935,0.7095,0.1913825648475965,678.8998506210239,False
2008-08-02 14:00:00+00:00,6.452,82.405,1.5,4.444,0.5,0.0935,0.7095,0.1698940639102628,634.1520196650538,False
2008-08-02 14:30:00+00:00,6.213,84.0,1.5,3.662,0.0,0.0935,0.7095,0.1519607349584048,584.9784744845874,False
2008-08-02 15:00:00+00:00,6.548,82.25,1.5,4.07,0.0,0.0935,0.7095,0.1725306680794005,532.2206784696656,False
2008-08-02 15:30:00+00:00,6.691,79.92,1.5,3.799,0.0,0.0935,0.7095,0.1971133002683483,476.78142989678463,False
2008-08-02 16:00:00+00:00,6.53,79.505,1.5,3.671,0.0,0.093,0.7095,0.1989647906525202,419.6094131584573,False
2008-08-02 16:30:00+00:00,6.403,80.865,1.5,3.243,0.0,0.093,0.7095,0.1841395249678359,361.682964761412,False
2008-08-02 17:00:00+00:00,6.756,79.095,1.5,3.124,0.0,0.093,0.7095,0.2061332777080026,303.99333189134614,False
2008-08-02 17:30:00+00:00,6.665,80.29,1.5,3.041,0.0,0.093,0.7095,0.193134680133244,247.52771002590643,False
2008-08-02 18:00:00+00:00,6.531,81.565,1.5,3.362,0.0,0.093,0.7095,0.1789787335466846,193.252349858975,False
2008-08-02 18:30:00+00:00,6.144,86.25,1.5,3.507,0.0,0.093,0.7095,0.1299688484058817,142.0960226138758,False
2008-08-02 19:00:00+00:00,5.988,89.55,1.5,3.67,0.0,0.093,0.7095,0.0977141702261669,94.93412669103472,False
2008-08-02 19:30:00+00:00,6.131,88.2,1.5,3.63,0.0,0.093,0.7095,0.1114365188137817,52.57370762106903,False
2008-08-02 20:00:00+00:00,6.013,88.7,1.5,3.027,0.0,0.093,0.7095,0.1058455407796862,15.739647666667588,False
2008-08-02 20:30:00+00:00,5.685,90.8,1.5,2.954,0.0,0.093,0.7095,0.0842348656815687,0.0,False
2008-08-02 21:00:00+00:00,5.567,89.9,1.5,2.504,0.0,0.093,0.7095,0.0917193154755335,0.0,False
2008-08-02 21:30:00+00:00,5.184,92.35,1.5,2.293,0.0,0.093,0.7095,0.0676404842902164,0.0,False
2008-08-02 22:00:00+00:00,5.077,93.95,1.5,2.086,0.0,0.093,0.7095,0.0530951577093909,0.0,False
2008-08-02 22:30:00+00:00,4.992,94.8,1.5,2.076,0.5,0.093,0.7095,0.0453651580616573,0.0,False
2008-08-02 23:00:00+00:00,4.976,95.7,1.5,1.347,0.0,0.0935,0.7095,0.0374715452044438,0.0,False
2008-08-02 23:30:00+00:00,4.958,96.3,1.5,0.952,0.0,0.0935,0.7095,0.0322023905549398,0.0,False
2008-08-03 00:00:00+00:00,4.866,96.4,1.5,0.672,0.0,0.0935,0.7095,0.0311309993908057,0.0,False
2008-08-03 00:30:00+00:00,4.827,95.95,1.5,0.565,0.0,0.0935,0.7095,0.0349268764887873,0.0,False
2008-08-03 01:00:00+00:00,4.659,95.85,1.5,0.52,0.0,0.0935,0.7095,0.0353704164872872,26.8743708565742,False
2008-08-03 01:30:00+00:00,4.606,96.6,1.5,0.564,0.0,0.0935,0.7095,0.0288706513700632,66.52789585511233,False
2008-08-03 02:00:00+00:00,4.621,96.95,1.5,1.148,0.0,0.0935,0.7095,0.0259259384921308,111.37801248848191,False
2008-08-03 02:30:00+00:00,4.409,96.9,1.5,1.224,0.0,0.0935,0.7095,0.0259616525794956,160.65723573446957,False
2008-08-03 03:00:00+00:00,4.104,96.9,1.5,0.981,0.0,0.0935,0.7095,0.0254104597936632,213.52228792396875,False
2008-08-03 03:30:00+00:00,4.383,97.2,1.5,1.101,0.0,0.0935,0.7095,0.0234064270733172,269.0685290671723,False
2008-08-03 04:00:00+00:00,4.4,97.1,1.5,1.32,0.0,0.0935,0.7095,0.0242713519774637,326.3454372480738,False
2008-08-03 04:30:00+00:00,4.37,96.7,1.5,1.63,0.0,0.0935,0.7095,0.0275609507686738,384.3728741841047,False
2008-08-03 05:00:00+00:00,4.573,95.95,1.5,1.593,0.0,0.0935,0.7095,0.0343105063061685,442.157857611042,False
2008-08-03 05:30:00+00:00,4.759,93.45,1.5,1.568,0.0,0.0935,0.7095,0.0562182711750582,498.7115534799178,False
2008-08-03 06:00:00+00:00,4.992,90.6,1.5,1.274,0.0,0.0935,0.7095,0.0820062472653036,553.0661971907012,False
2008-08-03 06:30:00+00:00,5.109,88.55,1.5,1.599,0.0,0.0935,0.7095,0.1007107935107212,604.2916543011269,False
2008-08-03 07:00:00+00:00,5.38,85.85,1.5,1.231,0.0,0.0935,0.7095,0.1268351560003792,651.5113373181307,False
2008-08-03 07:30:00+00:00,5.809,83.8,1.5,1.523,0.0,0.0935,0.7095,0.1496101916184231,693.9172061976378,False
2008-08-03 08:00:00+00:00,6.224,83.65,1.5,1.968,0.0,0.0935,0.7095,0.1554031507075463,730.7835958577145,False
2008-08-03 08:30:00+00:00,6.286,82.365,1.5,1.905,0.0,0.0935,0.7095,0.1683374253000913,761.4796340823776,False
2008-08-03 09:00:00+00:00,6.987,80.315,1.5,1.944,0.0,0.0935,0.7095,0.1972148643015395,785.4800373143722,False
2008-08-03 09:30:00+00:00,7.538,78.31,1.5,2.356,0.0,0.0935,0.7095,0.2256752460638126,802.3740995931239,False
2008-08-03 10:00:00+00:00,7.311,82.4,1.5,3.017,0.0,0.0935,0.7095,0.1802940414131431,811.8727208131277,False
2008-08-03 10:30:00+00:00,7.573,81.545,1.5,2.43,0.0,0.0935,0.7095,0.1924770331908794,813.813354029653,False
2008-08-03 11:00:00+00:00,7.757,78.21,1.5,3.076,0.0,0.0935,0.7095,0.2301373824754997,808.1627871483653,False
2008-08-03 11:30:00+00:00,8.28,72.47,1.5,2.877,0.0,0.0935,0.7095,0.3013177587276698,795.0177113941467,False
2008-08-03 12:00:00+00:00,8.77,68.265,1.5,2.661,0.0,0.0935,0.7095,0.3590937113891397,774.6030668277223,False
2008-08-03 12:30:00+00:00,9.65,66.27,1.5,2.431,0.0,0.0935,0.7095,0.4050347063249501,747.2681932186771,False
2008-08-03 13:00:00+00:00,9.7,62.19,1.5,2.479,0.0,0.0935,0.7095,0.4555575692891353,713.4808521390524,False
2008-08-03 13:30:00+00:00,9.64,64.69,259.5,2.941,0.0,0.0935,122.7435,0.4237223812695035,673.8192225703123,False
2008-08-03 14:00:00+00:00,10.33,60.015,259.5,2.947,0.0,0.093,122.7435,0.5025592025971168,628.962006994737,False
2008-08-03 14:30:00+00:00,10.49,60.925,331.3,2.643,0.0,0.093,156.7049,0.4964040112126898,579.6768172765766,False
2008-08-03 15:00:00+00:00,10.09,60.79,331.3,2.369,0.0,0.093,156.7049,0.4849604371523061,526.8070390756257,False
2008-08-03 15:30:00+00:00,9.63,65.45,165.6,2.835,0.0,0.093,78.32879999999999,0.4143234402302962,471.2573995722344,False
2008-08-03 16:00:00+00:00,9.56,67.61,165.6,3.438,0.0,0.093,78.32879999999999,0.3865948714223042,413.9784854725164,False
2008-08-03 16:30:00+00:00,9.3,66.855,165.3,3.489,0.0,0.093,78.18690000000001,0.3887337739241385,355.9504762264054,False
2008-08-03 17:00:00+00:00,8.76,72.585,165.3,2.718,0.0,0.093,78.18690000000001,0.3100010865445036,298.1663708211395,False
2008-08-03 17:30:00+00:00,8.4,79.8,59.7,3.123,0.0,0.093,28.2381,0.2229021466520894,241.61499517955664,False
2008-08-03 18:00:00+00:00,8.11,81.15,59.7,3.578,0.0,0.093,28.2381,0.2039401237180299,187.2640809474176,False
2008-08-03 18:30:00+00:00,8.24,78.07,103.5,3.269,0.0,0.093,48.9555,0.239372862930929,136.0437052330026,False
2008-08-03 19:00:00+00:00,8.26,77.52,103.5,2.847,0.0,0.093,48.9555,0.2457105224414505,88.83037468579283,False
2008-08-03 19:30:00+00:00,8.04,80.815,36.9,2.498,0.0,0.093,17.453699999999998,0.2065765669172853,46.43202627563289,False
2008-08-03 20:00:00+00:00,7.575,83.55,36.9,2.38,0.0,0.093,17.453699999999998,0.1715893054555944,9.574201447079746,False
2008-08-03 20:30:00+00:00,7.461,81.68,76.3,2.26,0.0,0.093,36.0899,0.1896093261436554,0.0,False
2008-08-03 21:00:00+00:00,6.672,84.3,76.3,2.926,0.0,0.093,36.0899,0.1539157018938513,0.0,False
2008-08-03 21:30:00+00:00,6.371,85.25,13.0,3.505,0.0,0.0925,6.149,0.1416282860584023,0.0,False
2008-08-03 22:00:00+00:00,6.115,86.1,13.0,2.34,0.0,0.0925,6.149,0.1311230332992403,0.0,False
2008-08-03 22:30:00+00:00,5.997,86.25,2.8,1.774,0.0,0.0925,1.3243999999999998,0.1286515448145548,0.0,False
2008-08-03 23:00:00+00:00,5.889,85.25,2.8,2.774,0.0,0.0925,1.3243999999999998,0.1369778654394928,0.0,False
2008-08-03 23:30:00+00:00,5.494,84.4,1.2,2.815,0.0,0.0925,0.5676,0.1409473890203625,0.0,False
2008-08-04 00:00:00+00:00,5.001,85.95,1.2,1.997,0.0,0.0925,0.5676,0.1226503298563969,0.0,False
2008-08-04 00:30:00+00:00,5.166,87.0,0.3,1.812,0.0,0.0925,0.1419,0.1148002456736417,0.0,False
2008-08-04 01:00:00+00:00,4.991,88.5,0.3,1.849,0.0,0.0925,0.1419,0.1003197764895184,21.13112316606815,False
2008-08-04 01:30:00+00:00,4.669,89.6,0.6,1.652,0.0,0.0925,0.2838,0.0887012912187144,60.89453950504933,False
2008-08-04 02:00:00+00:00,3.931,91.65,0.6,0.206,0.0,0.0925,0.2838,0.0676145830390945,105.85821669363638,False
2008-08-04 02:30:00+00:00,3.289,93.95,3.0,0.738,0.0,0.0925,1.419,0.0468149959557169,155.25271569191816,False
2008-08-04 03:00:00+00:00,2.435,95.7,3.0,0.576,0.0,0.0925,1.419,0.0313108301548624,208.23277440587933,False
2008-08-04 03:30:00+00:00,1.99,96.95,13.5,0.425,0.0,0.0925,6.3855,0.0215125569050019,263.8917721735436,False
2008-08-04 04:00:00+00:00,1.596,96.65,13.5,0.613,0.0,0.093,6.3855,0.0229691509174362,321.2772442699923,False
2008-08-04 04:30:00+00:00,2.168,95.75,39.8,1.454,0.0,0.093,18.8254,0.0303613408758021,379.4071809403647,False
2008-08-04 05:00:00+00:00,2.336,94.05,39.8,1.448,0.0,0.093,18.8254,0.0430199531618914,437.2868320444336,False
2008-08-04 05:30:00+00:00,2.726,95.85,58.9,1.726,0.0,0.093,27.8597,0.0308526575214369,493.92572974340976,False
2008-08-04 06:00:00+00:00,3.681,94.7,58.9,2.539,0.0,0.093,27.8597,0.0421659249150785,548.3546379278796,False
2008-08-04 06:30:00+00:00,4.571,92.4,90.4,2.268,0.0,0.093,42.7592,0.0643761119867374,599.6421383388184,False
2008-08-04 07:00:00+00:00,5.424,89.45,90.4,2.413,0.0,0.093,42.7592,0.0948565527506558,646.9105695502083,False
2008-08-04 07:30:00+00:00,6.055,86.8,126.2,2.684,0.0,0.0925,59.6926,0.1240030918243023,689.3510460555815,False
2008-08-04 08:00:00+00:00,7.284,82.31,126.2,2.575,0.0,0.0925,59.6926,0.180880669257425,726.2373004417417,False
2008-08-04 08:30:00+00:00,7.759,79.15,143.8,2.249,0.0,0.0925,68.0174,0.2202395725996748,756.9381117728956,False
2008-08-04 09:00:00+00:00,8.84,75.49,143.8,2.618,0.0,0.0925,68.0174,0.2786584699761195,780.9281075011272,False
2008-08-04 09:30:00+00:00,9.86,69.765,165.3,3.07,0.0,0.0925,78.18690000000001,0.3682279552983823,797.7967540521447,False
2008-08-04 10:00:00+00:00,10.3,66.985,165.3,2.744,0.0,0.0925,78.18690000000001,0.4141232351494127,807.2553822313313,False
2008-08-04 10:30:00+00:00,11.78,63.79,177.5,2.14,0.0,0.092,83.9575,0.5011914955981319,809.142127223997,False
2008-08-04 11:00:00+00:00,11.14,63.525,177.5,2.345,0.0,0.092,83.9575,0.4838874091286818,803.4246986503767,False
2008-08-04 11:30:00+00:00,12.08,58.645,345.7,1.674,0.0,0.092,163.5161,0.5838583289017977,790.2009332690426,False
2008-08-04 12:00:00+00:00,12.42,57.28,345.7,2.101,0.0,0.092,163.5161,0.6167894190377817,769.6971208670192,False
2008-08-04 12:30:00+00:00,12.83,55.5,172.5,2.142,0.0,0.092,81.5925,0.6600225009748825,742.2641319814571,False
2008-08-04 13:00:00+00:00,11.91,58.755,172.5,2.165,0.0,0.092,81.5925,0.5758078430737227,708.3714137141623,False
2008-08-04 13:30:00+00:00,12.35,55.755,289.0,1.874,0.0,0.092,136.697,0.6358718615857712,668.5989563828812,False
2008-08-04 14:00:00+00:00,12.7,55.285,289.0,2.164,0.0,0.092,136.697,0.6575800290727806,623.6273684778843,False
2008-08-04 14:30:00+00:00,13.05,53.785,332.0,1.14,0.0,0.092,157.036,0.6954085463576711,574.2262297642757,False
2008-08-04 15:00:00+00:00,13.5,53.765,332.0,0.3,0.0,0.092,157.036,0.7164641112791436,521.240921836467,False
2008-08-04 15:30:00+00:00,14.06,51.235,381.0,1.712,0.0,0.092,180.213,0.7837081845694994,465.5781614863458,False
2008-08-04 16:00:00+00:00,13.57,54.165,381.0,0.825,0.0,0.092,180.213,0.713514081035631,408.19048444526777,False
2008-08-04 16:30:00+00:00,13.25,54.215,567.8,0.706,0.0,0.092,268.5694,0.6980073945853597,350.05994502261774,False
2008-08-04 17:00:00+00:00,12.32,61.445,567.8,1.354,0.0,0.0915,268.5694,0.5530043044557552,292.1813105819488,False
2008-08-04 17:30:00+00:00,11.14,73.72,83.8,1.296,0.0,0.092,39.6374,0.3486377275367172,235.5450384411988,False
2008-08-04 18:00:00+00:00,10.75,75.695,83.8,0.959,0.0,0.0915,39.6374,0.3141730972999049,181.12032650713212,False
2008-08-04 18:30:00+00:00,11.7,70.23,231.3,0.087,0.0,0.0915,109.4049,0.4098792949063664,129.83852769289786,False
2008-08-04 19:00:00+00:00,12.58,64.695,231.3,0.515,0.0,0.0915,109.4049,0.5151214742526821,82.57721194314628,False
2008-08-04 19:30:00+00:00,13.56,57.885,404.3,0.338,0.0,0.0915,191.2339,0.6551776611132164,40.1451486088686,False
2008-08-04 20:00:00+00:00,12.91,59.02,404.3,0.498,0.0,0.0915,191.2339,0.6110091760729429,3.2684661654560565,False
2008-08-04 20:30:00+00:00,13.66,57.085,141.8,0.703,0.0,0.0915,67.0714,0.6719867777069372,0.0,False
2008-08-04 21:00:00+00:00,11.0,70.045,141.8,0.748,0.0,0.091,67.0714,0.3937085100036471,0.0,False
2008-08-04 21:30:00+00:00,8.47,80.265,43.5,0.586,0.0,0.091,20.5755,0.218809381861447,0.0,False
2008-08-04 22:00:00+00:00,6.798,86.75,43.5,0.621,0.0,0.091,20.5755,0.1310299240017861,0.0,False
2008-08-04 22:30:00+00:00,5.582,91.75,8.8,1.038,0.0,0.091,4.1624,0.0749974859137252,0.0,False
2008-08-04 23:00:00+00:00,4.983,91.55,8.8,0.971,0.0,0.091,4.1624,0.0736720002761515,0.0,False
2008-08-04 23:30:00+00:00,4.228,91.8,2.0,1.125,0.0,0.091,0.946,0.0678042000314797,0.0,False
2008-08-05 00:00:00+00:00,3.486,95.8,2.0,1.065,0.0,0.091,0.946,0.0329566231231633,0.0,False
2008-08-05 00:30:00+00:00,3.888,95.0,0.6,0.882,0.0,0.091,0.2838,0.0403651090653345,0.0,False
2008-08-05 01:00:00+00:00,3.727,92.2,0.6,0.752,0.0,0.091,0.2838,0.0622576195620223,15.293873374465967,False
2008-08-05 01:30:00+00:00,3.497,92.0,0.9,0.884,0.0,0.091,0.4256999999999999,0.0628234371778631,55.169621161901496,False
2008-08-05 02:00:00+00:00,3.035,93.15,0.9,0.719,0.0,0.0915,0.4256999999999999,0.0520579452423514,100.24909354072504,False
2008-08-05 02:30:00+00:00,2.621,94.4,3.5,0.393,0.0,0.0915,1.6555,0.0413219700956027,149.76085920898805,False
2008-08-05 03:00:00+00:00,2.785,93.5,3.5,0.296,0.0,0.091,1.6555,0.0485270176228276,202.85763757914717,False
2008-08-05 03:30:00+00:00,3.016,92.2,13.1,0.158,0.0,0.091,6.1963,0.0591976455014605,258.630798007292,False
2008-08-05 04:00:00+00:00,3.459,89.0,13.1,0.01,0.0,0.091,6.1963,0.0861500662558738,316.12590891012536,False
2008-08-05 04:30:00+00:00,4.12,83.65,35.4,0.329,0.0,0.091,16.7442,0.1341708242307651,374.35907068272286,False
2008-08-05 05:00:00+00:00,5.636,81.395,35.4,0.099,0.0,0.091,16.7442,0.1697672576025578,432.3337529170468,False
2008-08-05 05:30:00+00:00,5.424,81.745,51.6,0.131,1.0,0.091,24.4068,0.1641333052571775,489.0578477903015,False
2008-08-05 06:00:00+00:00,6.982,76.36,51.6,0.554,0.0,0.0915,24.4068,0.2367567400716616,543.5606477927417,False
2008-08-05 06:30:00+00:00,6.637,78.465,55.9,0.898,0.0,0.0915,26.4407,0.2106104214039459,594.9094572584255,False
2008-08-05 07:00:00+00:00,8.95,71.35,55.9,0.931,0.0,0.0915,26.4407,0.3281615876376848,642.2255534288072,False
2008-08-05 07:30:00+00:00,10.5,64.285,64.8,1.204,0.0,0.091,30.6504,0.4540222468220613,684.6992239097092,False
2008-08-05 08:00:00+00:00,11.39,64.825,64.8,1.237,0.0,0.091,30.6504,0.474451989696698,721.6036231871307,False
2008-08-05 08:30:00+00:00,12.4,62.385,87.5,0.576,0.0,0.091,41.3875,0.5423696123851531,752.3072110762665,False
2008-08-05 09:00:00+00:00,12.88,60.585,87.5,0.433,0.0,0.091,41.3875,0.586521030765491,776.2845602446122,False
2008-08-05 09:30:00+00:00,13.55,57.845,97.6,0.847,0.0,0.091,46.16479999999999,0.6553726460672638,793.1253478594496,False
2008-08-05 10:00:00+00:00,14.5,52.64,97.6,1.002,0.0,0.091,46.16479999999999,0.7831408489129443,802.5413774843886,False
2008-08-05 10:30:00+00:00,13.13,55.15,163.9,0.54,0.0,0.091,77.5247,0.6784104227469941,804.3715110573678,False
2008-08-05 11:00:00+00:00,13.54,52.905,163.9,1.217,0.0,0.091,77.5247,0.7316964306935586,798.5844265466981,False
2008-08-05 11:30:00+00:00,14.34,48.95,339.4,1.299,0.0,0.0905,160.53619999999998,0.8354615104698504,785.2791540904088,False
2008-08-05 12:00:00+00:00,13.6,51.96,339.4,1.308,0.0,0.0905,160.53619999999998,0.7493026748456743,764.6833814405086,False
2008-08-05 12:30:00+00:00,14.47,46.825,352.3,1.345,0.0,0.0905,166.6379,0.8775923829615581,737.1495577073011,False
2008-08-05 13:00:00+00:00,14.38,45.68,352.3,2.317,0.0,0.0905,166.6379,0.8912824917361046,703.148862076329,False
2008-08-05 13:30:00+00:00,15.19,42.84,137.5,1.98,0.0,0.0905,65.0375,0.9882110112487512,663.263140707019,False
2008-08-05 14:00:00+00:00,16.47,38.12,137.5,0.862,0.0,0.0905,65.0375,1.1611362130954552,618.1749497925499,False
2008-08-05 14:30:00+00:00,14.72,44.52,188.5,1.101,0.0,0.0905,89.1605,0.930548973512826,568.6558751697319,False
2008-08-05 15:00:00+00:00,14.36,47.735,188.5,1.678,0.0,0.0905,89.1605,0.8564542271917104,515.5533283611072,False
2008-08-05 15:30:00+00:00,15.47,45.525,367.7,0.686,0.0,0.09,173.92209999999997,0.9588882528728596,459.7760450046152,False
2008-08-05 16:00:00+00:00,15.84,43.99,367.7,0.61,0.0,0.09,173.92209999999997,1.0095647884406718,402.2785338323608,False
2008-08-05 16:30:00+00:00,16.81,40.93,546.3,0.475,0.0,0.09,258.39989999999995,1.132631293286955,344.04474231959585,False
2008-08-05 17:00:00+00:00,14.94,46.89,546.3,0.506,0.0,0.09,258.39989999999995,0.9035304132468698,286.0712185307148,False
2008-08-05 17:30:00+00:00,13.8,57.005,81.5,0.518,0.0,0.09,38.5495,0.6794019655548398,229.35005731091692,False
2008-08-05 18:00:00+00:00,14.04,57.615,81.5,1.019,0.0,0.09,38.5495,0.6802906134276175,174.85192266339686,False
2008-08-05 18:30:00+00:00,14.07,54.66,146.3,1.222,0.0,0.09,69.1999,0.7291377214626631,123.50943684845132,False
2008-08-05 19:00:00+00:00,14.04,59.945,146.3,1.406,0.0,0.0895,69.1999,0.6428934887541164,76.20122046611074,False
2008-08-05 19:30:00+00:00,13.14,66.7,77.9,1.255,0.0,0.0895,36.8467,0.5040322428088373,33.73685664382164,False
2008-08-05 20:00:00+00:00,12.56,63.055,77.9,0.848,0.0,0.0895,36.8467,0.5383422471450323,0.0,False
2008-08-05 20:30:00+00:00,11.73,67.835,37.5,1.391,0.0,0.0895,17.7375,0.4437339269252359,0.0,False
2008-08-05 21:00:00+00:00,11.21,70.44,37.5,1.129,0.0,0.0895,17.7375,0.393979379835238,0.0,False
2008-08-05 21:30:00+00:00,10.75,73.535,11.3,1.433,0.0,0.0895,5.3449,0.3420938498268661,0.0,False
2008-08-05 22:00:00+00:00,10.45,74.04,11.3,0.867,0.0,0.0895,5.3449,0.3289122222035724,0.0,False
2008-08-05 22:30:00+00:00,9.96,76.945,3.1,0.133,0.0,0.0895,1.4663,0.2826751768572465,0.0,False
2008-08-05 23:00:00+00:00,9.75,76.945,3.1,0.44,0.0,0.0895,1.4663,0.2787159418157965,0.0,False
2008-08-05 23:30:00+00:00,9.54,77.47,0.5,0.606,0.0,0.0895,0.2365,0.268547711394676,0.0,False
2008-08-06 00:00:00+00:00,9.35,78.525,0.5,0.769,0.0,0.0895,0.2365,0.2527157553045601,0.0,False
2008-08-06 00:30:00+00:00,8.6,81.385,0.2,0.291,0.0,0.0895,0.0946,0.208221422893457,0.0,False
2008-08-06 01:00:00+00:00,7.617,86.7,0.2,0.606,0.0,0.0895,0.0946,0.139131071311485,9.364418418597088,False
2008-08-06 01:30:00+00:00,7.794,84.45,0.3,1.184,0.0,0.0895,0.1419,0.1646486914315824,49.35486779458994,False
2008-08-06 02:00:00+00:00,7.774,85.15,0.3,1.342,0.0,0.0895,0.1419,0.1570221423297408,94.55229062957083,False
2008-08-06 02:30:00+00:00,7.263,88.2,1.7,1.414,0.0,0.0895,0.8040999999999999,0.1204815580830349,144.1832264849247,False
2008-08-06 03:00:00+00:00,7.521,86.05,1.7,0.766,0.0,0.0895,0.8040999999999999,0.1449749904664444,197.3983437195912,False
2008-08-06 03:30:00+00:00,7.684,86.3,8.5,0.605,0.0,0.0895,4.0205,0.1439737421960568,253.286974019416,False
2008-08-06 04:00:00+00:00,8.18,83.65,8.5,0.915,0.0,0.0895,4.0205,0.1777378636142358,310.89269659949485,False
2008-08-06 04:30:00+00:00,8.63,81.355,31.6,1.057,0.0,0.0895,14.9468,0.2089819811603611,369.22970538874233,False
2008-08-06 05:00:00+00:00,8.99,81.685,31.6,1.373,0.0,0.0895,14.9468,0.2103513875562159,427.29967910603,False
2008-08-06 05:30:00+00:00,9.31,79.95,64.8,1.51,0.0,0.0895,30.6504,0.2353106888852296,484.10886553110976,False
2008-08-06 06:00:00+00:00,9.61,79.275,64.8,1.591,0.0,0.0895,30.6504,0.2481998135577479,538.6850876069366,False
2008-08-06 06:30:00+00:00,10.1,77.555,94.2,1.416,0.0,0.0895,44.5566,0.2777923058482657,590.094380347781,False
2008-08-06 07:00:00+00:00,10.59,74.145,94.2,1.651,0.0,0.0895,44.5566,0.3306599583166807,637.4569738445089,False
2008-08-06 07:30:00+00:00,11.11,71.81,148.4,1.719,0.0,0.0895,70.1932,0.3732312610622654,679.96234884837,False
2008-08-06 08:00:00+00:00,11.53,69.145,148.4,2.401,0.0,0.0895,70.1932,0.4200630003667138,716.8831072851498,False
2008-08-06 08:30:00+00:00,12.32,65.56,203.7,2.775,0.0,0.0895,96.35009999999998,0.4939817986112361,747.5874203311017,False
2008-08-06 09:00:00+00:00,13.65,60.68,203.7,2.453,0.0,0.089,96.35009999999998,0.6152934464015893,771.5498410238806,False
2008-08-06 09:30:00+00:00,14.02,57.455,224.4,1.93,0.0,0.0895,106.1412,0.6819725051334398,788.3602963692497,False
2008-08-06 10:00:00+00:00,15.1,52.485,224.4,2.009,0.0,0.089,106.1412,0.8167197533981588,797.7311050582023,False
2008-08-06 10:30:00+00:00,14.97,51.3,291.7,3.213,0.0,0.089,137.9741,0.8301089486025368,799.5019006968046,False
2008-08-06 11:00:00+00:00,14.68,49.425,291.7,2.257,0.0,0.089,137.9741,0.8460905243048247,793.6423762939161,False
2008-08-06 11:30:00+00:00,15.06,47.295,300.2,1.564,0.0,0.089,141.9946,0.9035989540656066,780.2528030367496,False
2008-08-06 12:00:00+00:00,13.98,57.685,300.2,2.966,0.0,0.089,141.9946,0.6765260177432704,759.5623144729283,False
2008-08-06 12:30:00+00:00,14.13,63.865,270.6,2.059,0.0,0.089,127.9938,0.5833739289193972,731.9249854584949,False
2008-08-06 13:00:00+00:00,13.97,60.62,270.6,1.454,0.0,0.089,127.9938,0.6291928346241172,697.8137729696266,False
2008-08-06 13:30:00+00:00,14.47,60.52,327.3,0.71,0.0,0.089,154.81289999999998,0.6515721162072837,657.8124224662512,False
2008-08-06 14:00:00+00:00,14.74,61.92,327.3,0.843,0.0,0.089,154.81289999999998,0.6395293900288684,612.6054783114487,False
2008-08-06 14:30:00+00:00,14.62,59.465,393.4,1.017,1.5,0.089,186.0782,0.675503614990744,562.9665691963381,False
2008-08-06 15:00:00+00:00,14.77,60.515,393.4,1.752,0.0,0.089,186.0782,0.6644108563078269,509.7451690406489,False
2008-08-06 15:30:00+00:00,14.03,60.885,212.5,2.159,0.0,0.089,100.5125,0.6273987662988013,453.8520599284832,False
2008-08-06 16:00:00+00:00,13.05,66.645,212.5,1.698,0.0,0.0885,100.5125,0.5019009426324812,396.2437458519447,False
2008-08-06 16:30:00+00:00,12.1,77.685,95.5,2.842,0.0,0.0885,45.1715,0.3154635742951927,337.90608399026576,False
2008-08-06 17:00:00+00:00,11.72,80.31,95.5,2.572,0.0,0.0885,45.1715,0.2714547889175284,279.8374136432331,False
2008-08-06 17:30:00+00:00,12.86,74.67,442.4,1.793,0.0,0.0885,209.2552,0.3764332576048872,223.0314715348779,False
2008-08-06 18:00:00+00:00,11.5,76.39,442.4,1.827,0.0,0.0885,209.2552,0.3207905224674614,168.46038585968756,False
2008-08-06 18:30:00+00:00,10.94,73.995,187.8,2.079,0.0,0.0885,88.8294,0.3404301180178009,117.05804009690402,False
2008-08-06 19:00:00+00:00,9.81,76.73,187.8,1.777,0.0,0.0885,88.8294,0.282451827587754,69.70409129068334,False
2008-08-06 19:30:00+00:00,9.23,80.07,90.8,1.393,0.0,0.0885,42.9484,0.2326428375611209,27.208916294859208,False
2008-08-06 20:00:00+00:00,8.86,79.65,90.8,1.034,0.0,0.0885,42.9484,0.2316762960083992,0.0,False
2008-08-06 20:30:00+00:00,8.38,80.275,52.8,0.892,0.0,0.0885,24.9744,0.2173648969026868,0.0,False
2008-08-06 21:00:00+00:00,8.07,81.85,52.8,0.697,0.0,0.0885,24.9744,0.1958321801678982,0.0,False
2008-08-06 21:30:00+00:00,7.624,82.15,10.4,0.36,0.0,0.0885,4.9192,0.186817990188573,0.0,False
2008-08-06 22:00:00+00:00,7.263,84.05,10.4,0.397,0.0,0.0885,4.9192,0.1628543094427463,0.0,False
2008-08-06 22:30:00+00:00,6.958,85.2,3.3,0.832,0.0,0.0885,1.5608999999999995,0.1479788487970053,0.0,False
2008-08-06 23:00:00+00:00,6.758,85.85,3.3,0.958,0.0,0.0885,1.5608999999999995,0.1395449834519313,0.0,False
2008-08-06 23:30:00+00:00,6.362,87.35,0.4,1.284,0.0,0.0885,0.1892,0.1213887103821074,0.0,False
2008-08-07 00:00:00+00:00,6.148,88.9,0.4,1.174,0.0,0.0885,0.1892,0.1049493767955454,0.0,False
2008-08-07 00:30:00+00:00,6.056,90.5,0.0,1.2,0.0,0.0885,0.0,0.0892508351489488,0.0,False
2008-08-07 01:00:00+00:00,5.953,91.1,0.0,1.138,0.0,0.0885,0.0,0.0830189030623925,3.385972734476541,False
2008-08-07 01:30:00+00:00,5.591,91.95,0.3,0.935,0.0,0.0885,0.1419,0.0732252064830789,43.49960807980461,False
2008-08-07 02:00:00+00:00,5.148,92.75,0.3,1.108,0.0,0.0885,0.1419,0.0639427899594828,88.82242729019487,False
2008-08-07 02:30:00+00:00,4.498,93.4,2.1,0.335,0.0,0.0885,0.9933,0.0556198274692931,138.57881338683265,False
2008-08-07 03:00:00+00:00,3.835,93.6,2.1,0.133,0.0,0.0885,0.9933,0.0514743905375903,191.91727623102844,False
2008-08-07 03:30:00+00:00,2.969,92.95,8.6,0.921,0.0,0.0885,4.067799999999999,0.0533270343242361,247.925024191952,False
2008-08-07 04:00:00+00:00,2.453,95.7,8.6,0.3,0.0,0.0885,4.067799999999999,0.0313511201427213,305.64358489961865,False
2008-08-07 04:30:00+00:00,3.895,96.3,24.1,0.19,0.0,0.0885,11.3993,0.0298849410566206,364.0852077630191,False
2008-08-07 05:00:00+00:00,4.732,93.7,24.1,0.234,0.0,0.0885,11.3993,0.0539703304523576,422.24976755448336,False
2008-08-07 05:30:00+00:00,5.445,89.45,57.8,0.455,0.0,0.0885,27.3394,0.0949954348627712,479.1418797857952,False
2008-08-07 06:00:00+00:00,6.078,88.8,57.8,0.775,0.0,0.0885,27.3394,0.10538258809158,533.7879349767096,False
2008-08-07 06:30:00+00:00,6.759,86.15,87.1,0.935,0.0,0.0885,41.1983,0.1365958444844275,585.2527603039017,False
2008-08-07 07:00:00+00:00,7.301,83.55,87.1,2.059,0.0,0.0885,41.1983,0.1683979148982467,632.6556234947016,False
2008-08-07 07:30:00+00:00,7.69,78.975,109.8,2.202,0.0,0.0885,51.9354,0.2210430715764863,675.1853050856607,False
2008-08-07 08:00:00+00:00,8.08,78.575,109.8,1.94,0.0,0.0885,51.9354,0.2313259052348795,712.1139811088783,False
2008-08-07 08:30:00+00:00,8.25,74.08,179.8,2.206,0.0,0.0885,85.0454,0.2831176043575832,742.8096786260274,False
2008-08-07 09:00:00+00:00,8.39,71.58,179.8,2.308,0.0,0.0885,85.0454,0.313394756105801,766.7470909527653,False
2008-08-07 09:30:00+00:00,8.26,69.62,212.3,2.871,0.0,0.0885,100.4179,0.3320589711642023,783.5165674870397,False
2008-08-07 10:00:00+00:00,8.37,69.665,212.3,2.624,0.0,0.0885,100.4179,0.3340574167875763,792.8311242928324,False
2008-08-07 10:30:00+00:00,8.76,66.745,253.8,2.32,0.0,0.0885,120.0474,0.3760381591478191,794.5313554621282,False
2008-08-07 11:00:00+00:00,9.03,63.385,253.8,2.581,0.0,0.0885,120.0474,0.4216697537212497,788.5881612022079,False
2008-08-07 11:30:00+00:00,9.32,60.85,294.5,2.629,0.0,0.0885,139.2985,0.4597820874660933,775.103245958289,False
2008-08-07 12:00:00+00:00,9.83,58.185,294.5,2.134,0.0,0.0885,139.2985,0.5082339701661155,754.3073780435077,False
2008-08-07 12:30:00+00:00,10.43,56.125,326.5,2.191,0.0,0.0885,154.4345,0.5551518930104187,726.5564405562832,False
2008-08-07 13:00:00+00:00,10.96,54.28,326.5,2.674,0.0,0.0885,154.4345,0.5993155603093432,692.3253411634726,False
2008-08-07 13:30:00+00:00,11.35,51.2,375.5,1.954,0.0,0.0885,177.61149999999998,0.6564860644493921,652.1998849699212,False
2008-08-07 14:00:00+00:00,11.06,52.145,375.5,2.399,0.0,0.088,177.61149999999998,0.6314897578584185,606.8667495534211,False
2008-08-07 14:30:00+00:00,12.13,48.16,315.4,2.541,0.0,0.088,149.18419999999998,0.7343049529635265,557.1017337227211,False
2008-08-07 15:00:00+00:00,13.01,45.0,315.4,2.083,0.0,0.088,149.18419999999998,0.8254346680693145,503.7564810988762,False
2008-08-07 15:30:00+00:00,12.61,46.755,342.0,1.915,0.0,0.088,161.766,0.778409392738293,447.7439057214633,False
2008-08-07 16:00:00+00:00,12.83,45.775,342.0,2.421,0.0,0.088,161.766,0.804263373378944,390.0225690943332,False
2008-08-07 16:30:00+00:00,12.5,46.45,455.7,1.601,0.0,0.0875,215.5461,0.777230385563297,331.5802760303032,False
2008-08-07 17:00:00+00:00,13.14,45.05,455.7,1.419,0.0,0.0875,215.5461,0.8317288811515201,273.41717002393364,False
2008-08-07 17:30:00+00:00,13.96,43.635,684.3,2.13,0.0,0.0875,323.67389999999995,0.8999853565765672,216.5286174463779,False
2008-08-07 18:00:00+00:00,12.86,49.73,684.3,1.879,0.0,0.0875,323.67389999999995,0.7470706616580214,161.8881734712228,False
2008-08-07 18:30:00+00:00,11.42,54.12,180.4,1.541,0.0,0.0875,85.3292,0.6200770910461891,110.43092124178162,False
2008-08-07 19:00:00+00:00,11.27,56.99,180.4,1.113,0.0,0.087,85.3292,0.575531438401054,63.03746940359714,False
2008-08-07 19:30:00+00:00,11.95,53.41,310.8,1.052,0.0,0.087,147.0084,0.6521480745712253,20.518881859414197,False
2008-08-07 20:00:00+00:00,11.35,55.775,310.8,1.439,0.0,0.087,147.0084,0.5949404959072616,0.0,False
2008-08-07 20:30:00+00:00,10.35,60.54,105.6,1.298,0.0,0.087,49.94879999999999,0.4966246977829533,0.0,False
2008-08-07 21:00:00+00:00,9.11,65.425,105.6,0.769,0.0,0.087,49.94879999999999,0.4003357265062798,0.0,False
2008-08-07 21:30:00+00:00,7.675,71.83,32.6,0.926,0.0,0.087,15.4198,0.2958573014349153,0.0,False
2008-08-07 22:00:00+00:00,5.975,77.4,32.6,1.198,0.0,0.087,15.4198,0.2111339853713018,0.0,False
2008-08-07 22:30:00+00:00,5.965,77.35,4.1,1.332,0.0,0.087,1.9393,0.2114543824101108,0.0,False
2008-08-07 23:00:00+00:00,5.736,78.11,4.1,0.327,0.0,0.087,1.9393,0.2011358019918064,0.0,False
2008-08-07 23:30:00+00:00,4.993,81.3,0.5,0.516,0.0,0.087,0.2365,0.163151495961162,0.0,False
2008-08-08 00:00:00+00:00,4.107,83.5,0.5,0.428,0.0,0.087,0.2365,0.135277808899944,0.0,False
2008-08-08 00:30:00+00:00,3.526,86.8,0.1,1.074,0.0,0.087,0.0473,0.1038717257617463,0.0,False
2008-08-08 01:00:00+00:00,3.063,89.05,0.1,0.77,0.0,0.087,0.0473,0.0833824959440697,0.0,False
2008-08-08 01:30:00+00:00,2.507,90.55,0.2,0.201,0.0,0.087,0.0946,0.0691657905936193,37.53439907306509,False
2008-08-08 02:00:00+00:00,1.709,93.6,0.2,0.284,0.0,0.087,0.0946,0.0442394475756514,82.98192033196656,False
2008-08-08 02:30:00+00:00,1.536,94.15,1.3,0.857,0.0,0.087,0.6149,0.039937466186866,132.8632451845698,False
2008-08-08 03:00:00+00:00,2.116,93.0,1.3,0.743,0.0,0.087,0.6149,0.0498210119909542,186.32473378740016,False
2008-08-08 03:30:00+00:00,2.759,89.4,5.7,0.098,0.0,0.087,2.6961,0.078989915347868,242.4514767152585,False
2008-08-08 04:00:00+00:00,2.845,89.2,5.7,0.239,0.0,0.087,2.6961,0.080974779858633,300.2829521694334,False
2008-08-08 04:30:00+00:00,3.662,86.95,29.9,0.794,0.0,0.087,14.142699999999998,0.1036842607504306,358.82946379164554,False
2008-08-08 05:00:00+00:00,4.027,85.4,29.9,1.057,0.0,0.087,14.142699999999998,0.1190274260318182,417.089077776853,False
2008-08-08 05:30:00+00:00,5.217,82.45,65.9,1.024,0.0,0.087,31.1707,0.1555331002866581,474.0647694326583,False
2008-08-08 06:00:00+00:00,5.964,76.0,65.9,0.86,0.0,0.087,31.1707,0.2240420831570707,528.7814857484866,False
2008-08-08 06:30:00+00:00,6.183,74.32,92.7,0.148,0.0,0.0875,43.8471,0.2433909738955392,580.3028319741466,False
2008-08-08 07:00:00+00:00,6.337,74.69,92.7,0.465,0.0,0.0875,43.8471,0.2424539342674118,627.7470966417178,False
2008-08-08 07:30:00+00:00,7.082,70.88,119.6,0.552,0.0,0.087,56.57079999999999,0.2936513537912185,670.3023407854679,False
2008-08-08 08:00:00+00:00,7.88,64.985,119.6,0.626,0.0,0.087,56.57079999999999,0.3729346346603116,707.2402931290213,False
2008-08-08 08:30:00+00:00,8.74,60.585,188.1,1.296,0.0,0.087,88.9713,0.4450899228443125,737.9288134425526,False
2008-08-08 09:00:00+00:00,9.07,59.35,188.1,1.086,0.0,0.087,88.9713,0.4694058838063478,761.8427107759506,False
2008-08-08 09:30:00+00:00,10.29,54.47,142.9,0.903,0.0,0.087,67.5917,0.5707228860861688,778.5727314274442,False
2008-08-08 10:00:00+00:00,11.21,50.77,142.9,0.964,0.0,0.087,67.5917,0.6561436018027325,787.8325628290597,False
2008-08-08 10:30:00+00:00,10.76,52.79,196.5,0.538,0.0,0.087,92.9445,0.6106564328540174,789.463733484663,False
2008-08-08 11:00:00+00:00,12.17,47.145,196.5,1.012,0.0,0.087,92.9445,0.7506590611581069,783.4383251021278,False
2008-08-08 11:30:00+00:00,11.84,47.43,125.0,0.628,0.0,0.087,59.125,0.7305260066636478,769.8594505020613,False
2008-08-08 12:00:00+00:00,12.76,44.115,125.0,0.241,0.0,0.087,59.125,0.8250881664685132,748.9594891209332,False
2008-08-08 12:30:00+00:00,11.19,48.335,199.4,2.014,0.0,0.087,94.3162,0.6876832704311241,721.0961103019781,False
2008-08-08 13:00:00+00:00,13.46,41.94,199.4,2.574,0.0,0.087,94.3162,0.8973620274887235,686.7461524260339,False
2008-08-08 13:30:00+00:00,14.55,37.815,236.8,2.711,0.0,0.087,112.0064,1.0316160715265803,646.4974626288468,False
2008-08-08 14:00:00+00:00,14.34,39.15,236.8,2.119,0.0,0.0865,112.0064,0.9958439355943272,601.0388367532272,False
2008-08-08 14:30:00+00:00,12.3,47.465,348.5,1.986,0.0,0.0865,164.8405,0.7525315098123448,551.1482316963333,False
2008-08-08 15:00:00+00:00,11.49,55.315,348.5,3.272,0.0,0.086,164.8405,0.6067356003723823,497.679451878308,False
2008-08-08 15:30:00+00:00,12.04,56.77,277.9,3.338,0.0,0.086,131.4467,0.608721531246709,441.5475376719692,False
2008-08-08 16:00:00+00:00,12.79,53.325,277.9,2.844,0.0,0.086,131.4467,0.6904686741520619,383.71310584781696,False
2008-08-08 16:30:00+00:00,12.45,51.875,751.0,2.131,0.0,0.086,355.223,0.6961988817033177,325.16591002386525,False
2008-08-08 17:00:00+00:00,12.03,54.49,751.0,2.172,0.0,0.086,355.223,0.6404035027555951,266.90790245881914,False
2008-08-08 17:30:00+00:00,11.36,57.5,497.3,1.348,0.0,0.086,235.2229,0.5721142616034862,209.93608706129183,False
2008-08-08 18:00:00+00:00,10.5,57.67,497.3,1.284,0.0,0.086,235.2229,0.5381145655320693,155.22545706162617,False
2008-08-08 18:30:00+00:00,10.82,55.605,262.5,1.133,0.0,0.086,124.1625,0.5765459252368557,103.71230934414568,False
2008-08-08 19:00:00+00:00,9.78,60.655,262.5,1.711,0.0,0.086,124.1625,0.476608739800881,56.278220992580486,False
2008-08-08 19:30:00+00:00,9.29,66.87,97.5,1.704,0.0,0.086,46.1175,0.388295749002782,13.734962268709038,False
2008-08-08 20:00:00+00:00,9.16,69.73,97.5,1.416,0.0,0.0854999999999999,46.1175,0.3516752172841315,0.0,False
2008-08-08 20:30:00+00:00,8.79,73.535,40.6,2.002,0.0,0.0854999999999999,19.2038,0.2998677665377808,0.0,False
2008-08-08 21:00:00+00:00,8.38,72.895,40.6,2.028,0.0,0.086,19.2038,0.2986907746792054,0.0,False
2008-08-08 21:30:00+00:00,7.972,72.255,12.4,2.543,0.0,0.086,5.8652,0.2973650779555263,0.0,False
2008-08-08 22:00:00+00:00,7.586,78.725,12.4,2.24,0.0,0.0854999999999999,5.8652,0.2220858186773256,0.0,False
2008-08-08 22:30:00+00:00,7.449,86.6,2.3,1.403,0.0,0.0854999999999999,1.0879,0.1385740743589199,0.0,False
2008-08-08 23:00:00+00:00,7.049,89.65,2.3,0.416,0.0,0.0854999999999999,1.0879,0.1041348174954969,0.0,False
2008-08-08 23:30:00+00:00,6.562,89.8,0.2,1.003,0.0,0.0854999999999999,0.0946,0.099240234674552,0.0,False
2008-08-09 00:00:00+00:00,6.197,90.35,0.2,1.484,0.0,0.0854999999999999,0.0946,0.0915498637144122,0.0,False
2008-08-09 00:30:00+00:00,5.868,91.4,0.0,1.44,0.0,0.086,0.0,0.0797487300374257,0.0,False
2008-08-09 01:00:00+00:00,5.512,92.0,0.0,1.252,0.0,0.086,0.0,0.0723713608509427,0.0,False
2008-08-09 01:30:00+00:00,5.209,93.3,0.1,1.561,0.0,0.086,0.0473,0.0593441626833446,31.532601416976448,False
2008-08-09 02:00:00+00:00,5.16,93.75,0.1,0.87,0.0,0.0854999999999999,0.0473,0.0551693069426914,77.11210287062828,False
2008-08-09 02:30:00+00:00,5.208,93.3,1.1,0.425,0.0,0.0854999999999999,0.5203,0.0593400205465985,127.1244570419498,False
2008-08-09 03:00:00+00:00,4.944,94.15,1.1,0.573,0.0,0.086,0.5203,0.0508647532230379,180.71377020396145,False
2008-08-09 03:30:00+00:00,4.598,95.25,8.0,0.61,0.0,0.086,3.784,0.0403113672024364,236.96293307484652,False
2008-08-09 04:00:00+00:00,4.358,94.95,8.0,1.072,0.0,0.086,3.784,0.0421410432707736,294.9093158847994,False
2008-08-09 04:30:00+00:00,4.323,94.05,32.4,1.517,0.0,0.086,15.3252,0.0495292940394214,353.5612424864805,False
2008-08-09 05:00:00+00:00,5.236,92.55,32.4,1.824,0.0,0.086,15.3252,0.0661116298346675,411.914961577103,False
2008-08-09 05:30:00+00:00,5.694,90.75,66.4,2.028,0.0,0.086,31.4072,0.0847456719637475,468.9718245924691,False
2008-08-09 06:00:00+00:00,6.163,89.1,66.4,2.066,0.0,0.086,31.4072,0.1031655076349417,523.7553762956852,False
2008-08-09 06:30:00+00:00,6.358,87.1,87.1,1.732,0.0,0.086,41.1983,0.1237534695924745,575.3280655769082,False
2008-08-09 07:00:00+00:00,6.844,83.54,87.1,1.355,0.0,0.086,41.1983,0.1632902658706003,622.8072904796487,False
2008-08-09 07:30:00+00:00,7.57,78.115,163.3,1.899,0.0,0.086,77.2409,0.228203470028583,665.3805028622812,False
2008-08-09 08:00:00+00:00,7.932,72.38,163.3,1.027,0.0,0.086,77.2409,0.29521856520526,702.3191141963724,False
2008-08-09 08:30:00+00:00,9.27,66.235,148.4,0.892,0.0,0.086,70.1932,0.3952044077490514,732.990964519697,False
2008-08-09 09:00:00+00:00,10.35,61.595,148.4,0.651,0.0,0.086,70.1932,0.4833469720819645,756.871141151339,False
2008-08-09 09:30:00+00:00,8.43,71.63,140.5,1.421,0.0,0.0854999999999999,66.45649999999999,0.3136951185066162,773.550962017713,False
2008-08-09 10:00:00+00:00,7.817,78.83,140.5,1.412,0.0,0.0854999999999999,66.45649999999999,0.224507621586433,782.7449698481736,False
2008-08-09 10:30:00+00:00,9.14,67.555,215.4,2.103,0.0,0.0854999999999999,101.8842,0.3764352814646233,784.2958175403302,False
2008-08-09 11:00:00+00:00,9.68,63.925,215.4,2.462,0.0,0.0854999999999999,101.8842,0.4340689534800866,778.1769610848152,False
2008-08-09 11:30:00+00:00,10.66,61.905,225.2,2.449,0.0,0.0854999999999999,106.51959999999998,0.4894791203817921,764.4931139601147,False
2008-08-09 12:00:00+00:00,9.61,62.99,225.2,2.536,0.0,0.0854999999999999,106.51959999999998,0.4432267840662124,743.4784552176254,False
2008-08-09 12:30:00+00:00,10.3,56.265,230.3,2.82,0.0,0.0854999999999999,108.9319,0.5485894196353039,715.4926219199547,False
2008-08-09 13:00:00+00:00,11.57,51.825,230.3,2.011,0.0,0.0854999999999999,108.9319,0.6575993745033994,681.0145545135656,False
2008-08-09 13:30:00+00:00,11.14,50.61,218.0,1.373,0.0,0.0854999999999999,103.114,0.6552213608462123,640.6343004615477,False
2008-08-09 14:00:00+00:00,11.54,52.21,218.0,2.841,0.0,0.0854999999999999,103.114,0.6510489490151933,595.0429164041839,False
2008-08-09 14:30:00+00:00,10.47,54.775,248.9,2.016,0.0,0.0854999999999999,117.7297,0.5737655022080346,545.0206416568245,False
2008-08-09 15:00:00+00:00,12.16,48.38,248.9,1.656,0.0,0.0849999999999999,117.7297,0.7326362307865872,491.4235454388104,False
2008-08-09 15:30:00+00:00,12.89,43.67,317.7,2.27,0.0,0.0849999999999999,150.2721,0.83877679273242,435.1688763477557,False
2008-08-09 16:00:00+00:00,11.44,53.645,317.7,2.482,0.0,0.0849999999999999,150.2721,0.6273282127845031,377.2193648034839,False
2008-08-09 16:30:00+00:00,10.68,52.615,234.3,2.454,0.0,0.0849999999999999,110.8239,0.6096584756383524,318.566747105188,False
2008-08-09 17:00:00+00:00,11.81,52.21,234.3,3.034,0.0,0.0849999999999999,110.8239,0.6627863748697214,260.21479306665424,False
2008-08-09 17:30:00+00:00,9.91,58.865,71.6,2.93,0.0,0.0849999999999999,33.8668,0.502662474688323,203.16212769106255,False
2008-08-09 18:00:00+00:00,9.81,58.95,71.6,3.314,0.0,0.0844999999999999,33.8668,0.4982659012667514,148.3851408717462,False
2008-08-09 18:30:00+00:00,9.74,60.37,136.5,3.138,0.0,0.0844999999999999,64.5645,0.4787720454136511,96.8212775996305,False
2008-08-09 19:00:00+00:00,9.96,58.075,136.5,2.328,0.0,0.0844999999999999,64.5645,0.5140384640962942,49.3529946465401,False
2008-08-09 19:30:00+00:00,10.87,55.82,389.6,2.479,0.0,0.0844999999999999,184.2808,0.5756683253257431,6.792658288138456,False
2008-08-09 20:00:00+00:00,9.5,61.49,389.6,2.51,0.0,0.0844999999999999,184.2808,0.4577873013347057,0.0,False
2008-08-09 20:30:00+00:00,8.37,65.31,115.9,2.0,0.0,0.0844999999999999,54.8207,0.3820158822601294,0.0,False
2008-08-09 21:00:00+00:00,7.362,71.54,115.9,1.188,0.0,0.0844999999999999,54.8207,0.2925650883177382,0.0,False
2008-08-09 21:30:00+00:00,5.911,79.08,25.9,0.854,0.0,0.0844999999999999,12.250699999999998,0.1945732485360026,0.0,False
2008-08-09 22:00:00+00:00,4.977,85.45,25.9,1.023,0.0,0.0844999999999999,12.250699999999998,0.1268021195806356,0.0,False
2008-08-09 22:30:00+00:00,4.43,88.0,4.0,1.206,0.0,0.0844999999999999,1.892,0.1006451151791136,0.0,False
2008-08-09 23:00:00+00:00,3.405,91.7,4.0,1.074,0.0,0.0844999999999999,1.892,0.064755921439398,0.0,False
2008-08-09 23:30:00+00:00,2.411,94.3,0.4,1.156,0.0,0.0844999999999999,0.1892,0.0414339378540628,0.0,False
2008-08-10 00:00:00+00:00,1.669,96.2,0.4,1.203,0.0,0.0844999999999999,0.1892,0.0261917365214426,0.0,False
2008-08-10 00:30:00+00:00,1.57,97.55,0.0,0.855,0.0,0.0844999999999999,0.0,0.016766932748025,0.0,False
2008-08-10 01:00:00+00:00,1.053,97.7,0.0,1.056,0.0,0.0844999999999999,0.0,0.0151642142400336,0.0,False
2008-08-10 01:30:00+00:00,0.824,98.25,0.1,1.081,0.0,0.0844999999999999,0.0473,0.0113483764242773,25.44838939364682,False
2008-08-10 02:00:00+00:00,0.808,98.5,0.1,0.958,0.0,0.0844999999999999,0.0473,0.0097159129338641,71.16168689365895,False
2008-08-10 02:30:00+00:00,0.308,98.3,1.1,0.897,0.0,0.0844999999999999,0.5203,0.0106188536741111,121.30659825437937,False
2008-08-10 03:00:00+00:00,-0.816,98.7,1.1,0.54,0.0,0.0844999999999999,0.5203,0.0074797794391744,175.02494978213363,False
2008-08-10 03:30:00+00:00,-0.64,99.15,7.0,0.828,0.0,0.0844999999999999,3.311,0.0049542105890586,231.3974116413752,False
2008-08-10 04:00:00+00:00,-0.495,99.2,7.0,0.963,0.0,0.0844999999999999,3.311,0.0047126059936084,289.4592311331714,False
2008-08-10 04:30:00+00:00,-0.351,99.2,25.3,0.86,0.0,0.0844999999999999,11.9669,0.0047625466294048,348.21674335665983,False
2008-08-10 05:00:00+00:00,0.374,99.05,25.3,0.814,0.0,0.0844999999999999,11.9669,0.0059626177830887,406.6643766922936,False
2008-08-10 05:30:00+00:00,0.514,98.65,52.1,0.97,0.0,0.0849999999999999,24.6433,0.0085598319639637,463.80186207699234,False
2008-08-10 06:00:00+00:00,1.154,98.25,52.1,1.032,0.0,0.0849999999999999,24.6433,0.0116225019472932,518.6513515528236,False
2008-08-10 06:30:00+00:00,2.216,96.95,77.2,1.114,0.0,0.0849999999999999,36.5156,0.0218637329567905,570.2741531234257,False
2008-08-10 07:00:00+00:00,3.995,90.65,77.2,0.846,0.0,0.0849999999999999,36.5156,0.076054683729341,617.7867955179258,False
2008-08-10 07:30:00+00:00,6.091,79.915,67.2,1.304,0.0,0.0849999999999999,31.7856,0.1891532856576149,660.3761479298271,False
2008-08-10 08:00:00+00:00,8.06,71.97,67.2,1.312,0.0,0.0849999999999999,31.7856,0.302227857594802,697.313335970783,False
2008-08-10 08:30:00+00:00,8.53,69.275,204.5,1.718,0.0,0.0849999999999999,96.7285,0.3420507493226769,727.9662156803944,False
2008-08-10 09:00:00+00:00,8.1,71.97,204.5,1.407,0.0,0.0844999999999999,96.7285,0.3030529282220014,751.8101921100009,False
2008-08-10 09:30:00+00:00,9.84,62.915,143.4,0.768,0.0,0.0844999999999999,67.8282,0.4510468223124463,768.437197329039,False
2008-08-10 10:00:00+00:00,10.4,58.86,143.4,1.361,0.0,0.0844999999999999,67.8282,0.5195027639905736,777.5626742018186,False
2008-08-10 10:30:00+00:00,11.46,53.57,266.2,1.272,0.0,0.0844999999999999,125.91259999999998,0.6291769165860854,779.0304464114304,False
2008-08-10 11:00:00+00:00,12.58,48.02,266.2,1.618,0.0,0.0844999999999999,125.91259999999998,0.7584198904306587,772.8153913821359,False
2008-08-10 11:30:00+00:00,12.51,48.795,281.2,1.047,0.0,0.0844999999999999,133.0076,0.7436834899342473,759.0238703525138,False
2008-08-10 12:00:00+00:00,11.19,53.22,281.2,1.399,0.0,0.0844999999999999,133.0076,0.622661828912571,737.8919082357322,False
2008-08-10 12:30:00+00:00,11.28,51.245,288.4,1.687,0.0,0.0844999999999999,136.4132,0.6528405355684631,709.7811544134204,False
2008-08-10 13:00:00+00:00,12.81,46.5,288.4,1.611,0.0,0.0844999999999999,136.4132,0.792470345929536,675.1726935868113,False
2008-08-10 13:30:00+00:00,12.3,48.745,365.1,1.907,0.0,0.0844999999999999,172.6923,0.7341962983807317,634.6588126030334,False
2008-08-10 14:00:00+00:00,11.79,49.655,365.1,1.895,0.0,0.0844999999999999,172.6923,0.6972983879746959,588.9328641562067,False
2008-08-10 14:30:00+00:00,13.31,47.045,500.2,1.228,0.0,0.0844999999999999,236.5946,0.8104867304778864,538.7774008331766,False
2008-08-10 15:00:00+00:00,11.41,54.135,500.2,1.485,0.0,0.0834999999999999,236.5946,0.6194634137627528,485.0507825756186,False
2008-08-10 15:30:00+00:00,12.17,52.18,303.3,2.614,0.0,0.0834999999999999,143.4609,0.6791508145791443,428.6724867564567,False
2008-08-10 16:00:00+00:00,12.51,50.455,303.3,2.082,0.0,0.0834999999999999,143.4609,0.7195742312038333,370.6073722724574,False
2008-08-10 16:30:00+00:00,13.09,48.935,710.0,1.786,0.0,0.0834999999999999,335.83,0.7704014390922865,311.849166956382,False
2008-08-10 17:00:00+00:00,12.05,53.105,710.0,1.707,0.0,0.0834999999999999,335.83,0.6607642073170483,253.4034609046452,False
2008-08-10 17:30:00+00:00,10.93,56.775,183.4,1.711,0.0,0.0834999999999999,86.7482,0.5654796447268318,196.27049677275852,False
2008-08-10 18:00:00+00:00,10.83,58.09,183.4,1.504,0.0,0.0834999999999999,86.7482,0.5446367092366887,141.4280515659409,False
2008-08-10 18:30:00+00:00,10.98,57.28,157.2,1.343,0.0,0.0834999999999999,74.3556,0.5607363317888148,89.81470288723035,False
2008-08-10 19:00:00+00:00,10.4,59.795,157.2,1.416,0.0,0.0834999999999999,74.3556,0.5076958829907879,42.31376602588719,False
2008-08-10 19:30:00+00:00,10.16,62.045,96.3,1.229,0.0,0.0834999999999999,45.5499,0.4716457298479821,0.0,False
2008-08-10 20:00:00+00:00,8.65,69.615,96.3,1.499,0.0,0.0834999999999999,45.5499,0.3410318677500421,0.0,False
2008-08-10 20:30:00+00:00,7.232,77.47,45.9,1.712,0.0,0.0834999999999999,21.7107,0.2295492227321869,0.0,False
2008-08-10 21:00:00+00:00,6.911,80.615,45.9,1.617,0.0,0.0834999999999999,21.7107,0.1931965172935659,0.0,False
2008-08-10 21:30:00+00:00,6.727,81.45,9.9,1.065,0.0,0.0834999999999999,4.6827,0.1825466603444658,0.0,False
2008-08-10 22:00:00+00:00,6.022,83.25,9.9,1.581,0.0,0.0834999999999999,4.6827,0.1569928692884632,0.0,False
2008-08-10 22:30:00+00:00,6.027,83.9,1.7,1.788,0.0,0.0834999999999999,0.8040999999999999,0.1509529255984801,0.0,False
2008-08-10 23:00:00+00:00,6.476,84.2,1.7,2.068,0.0,0.0834999999999999,0.8040999999999999,0.1528150012265382,0.0,False
2008-08-10 23:30:00+00:00,6.084,85.65,0.2,1.738,0.0,0.0834999999999999,0.0946,0.1350775904800936,0.0,False
2008-08-11 00:00:00+00:00,5.147,88.85,0.2,1.717,0.0,0.0834999999999999,0.0946,0.0983327336487567,0.0,False
2008-08-11 00:30:00+00:00,5.1,90.05,0.0,2.001,0.0,0.0834999999999999,0.0,0.0874622301589856,0.0,False
2008-08-11 01:00:00+00:00,5.487,89.65,0.0,1.899,0.0,0.0834999999999999,0.0,0.0934675989470066,0.0,False
2008-08-11 01:30:00+00:00,5.779,89.3,0.0,2.119,0.0,0.0834999999999999,0.0,0.0986109060486437,19.283536408905093,False
2008-08-11 02:00:00+00:00,5.967,90.7,0.0,2.349,0.0,0.0834999999999999,0.0,0.0868343742604561,65.13235380478467,False
2008-08-11 02:30:00+00:00,6.169,92.15,0.5,2.434,0.0,0.0834999999999999,0.2365,0.0743289704077198,115.41125178844422,False
2008-08-11 03:00:00+00:00,6.219,93.2,0.5,2.783,0.0,0.0834999999999999,0.2365,0.0646101395575326,169.2597523136646,False
2008-08-11 03:30:00+00:00,6.573,93.4,4.2,2.498,0.0,0.0834999999999999,1.9866,0.0642630373406964,225.7562860735957,False
2008-08-11 04:00:00+00:00,6.796,91.9,4.2,2.729,0.0,0.0834999999999999,1.9866,0.0800902774323354,283.93396431306155,False
2008-08-11 04:30:00+00:00,6.719,91.75,24.4,3.225,0.0,0.0834999999999999,11.541199999999998,0.0811417654867793,342.7971262640896,False
2008-08-11 05:00:00+00:00,7.484,89.35,24.4,2.832,0.0,0.0834999999999999,11.541199999999998,0.110399741379837,401.3383790101352,False
2008-08-11 05:30:00+00:00,6.952,91.0,50.5,2.867,0.0,0.0834999999999999,23.8865,0.0899500022561596,458.555838157099,False
2008-08-11 06:00:00+00:00,8.28,82.985,50.5,2.634,0.0,0.0834999999999999,23.8865,0.1862303546949256,513.4702742515705,False
2008-08-11 06:30:00+00:00,9.19,76.52,99.3,2.83,0.0,0.0834999999999999,46.9689,0.2733426854065176,565.1418714995009,False
2008-08-11 07:00:00+00:00,9.27,77.11,99.3,3.091,0.0,0.0834999999999999,46.9689,0.2679173372834528,612.6863119732194,False
2008-08-11 07:30:00+00:00,9.73,78.14,166.2,3.402,0.0,0.0834999999999999,78.61259999999999,0.2639142711677467,655.2899100376461,False
2008-08-11 08:00:00+00:00,9.46,81.15,166.2,2.933,0.0,0.0834999999999999,78.61259999999999,0.2234761352988126,692.2235379810953,False
2008-08-11 08:30:00+00:00,9.41,84.15,138.8,3.496,0.0,0.0834999999999999,65.6524,0.1872774521195582,722.8551045229474,False
2008-08-11 09:00:00+00:00,9.69,81.23,138.8,3.189,0.0,0.0834999999999999,65.6524,0.2260001730544204,746.660372636469,False
2008-08-11 09:30:00+00:00,9.94,78.445,223.4,3.695,0.0,0.0834999999999999,105.6682,0.2639293035702168,763.2319315459971,False
2008-08-11 10:00:00+00:00,10.37,76.575,223.4,3.692,0.0,0.0834999999999999,105.6682,0.2952105273768119,772.2861693471414,False
2008-08-11 10:30:00+00:00,11.25,68.875,271.2,3.088,0.0,0.0834999999999999,128.27759999999998,0.4159414625357104,773.6681269161866,False
2008-08-11 11:00:00+00:00,12.13,65.53,271.2,2.84,0.0,0.0829999999999999,128.27759999999998,0.4882618003212338,767.3541500347316,False
2008-08-11 11:30:00+00:00,12.61,61.74,114.3,2.909,0.0,0.0829999999999999,54.0639,0.5593378414154774,753.4522943372399,False
2008-08-11 12:00:00+00:00,12.55,58.225,114.3,3.113,0.0,0.0829999999999999,54.0639,0.6083225174469725,732.2004761478166,False
2008-08-11 12:30:00+00:00,13.93,53.41,117.7,2.906,0.0,0.0829999999999999,55.6721,0.7424584125148761,703.9624008498239,False
2008-08-11 13:00:00+00:00,14.36,52.275,117.7,3.13,0.0,0.0829999999999999,55.6721,0.7820583180469604,669.2213384679114,False
2008-08-11 13:30:00+00:00,14.76,51.6,197.3,3.189,0.0,0.0829999999999999,93.3229,0.8138973328441564,628.5718529853053,False
2008-08-11 14:00:00+00:00,15.12,49.245,197.3,3.008,0.0,0.0825,93.3229,0.8735348493764206,582.7096269398728,False
2008-08-11 14:30:00+00:00,15.62,47.63,260.4,3.207,0.0,0.0825,123.1692,0.9307473734597618,532.419555440324,False
2008-08-11 15:00:00+00:00,15.73,45.995,260.4,3.447,0.0,0.0829999999999999,123.1692,0.96659434722192,478.56231336207406,False
2008-08-11 15:30:00+00:00,15.76,45.71,301.9,3.411,0.0,0.0825,142.79869999999997,0.9735639462099982,422.0596256127882,False
2008-08-11 16:00:00+00:00,15.89,45.17,301.9,3.473,0.0,0.0825,142.79869999999997,0.9914621377281752,363.8784925541576,False
2008-08-11 16:30:00+00:00,16.26,44.61,522.5,3.572,0.0,0.0825,247.1425,1.025539939986282,305.0146405487093,False
2008-08-11 17:00:00+00:00,15.84,44.615,522.5,3.245,0.0,0.082,247.1425,0.9982993359719086,246.4754808619929,False
2008-08-11 17:30:00+00:00,15.6,44.19,494.6,2.848,0.0,0.082,233.9458,0.9906139201796936,189.2628685657149,False
2008-08-11 18:00:00+00:00,15.51,43.935,494.6,2.67,0.0,0.082,233.9458,0.9894123788266448,134.35595651006253,False
2008-08-11 18:30:00+00:00,15.14,44.43,178.8,2.575,0.0,0.082,84.5724,0.95763671493759,82.69443780746653,False
2008-08-11 19:00:00+00:00,14.74,47.62,178.8,2.698,0.0,0.082,84.5724,0.8796887985743732,35.16246362124126,False
2008-08-11 19:30:00+00:00,14.29,51.035,274.0,2.74,0.0,0.082,129.602,0.7987480442982047,0.0,False
2008-08-11 20:00:00+00:00,13.62,54.935,274.0,2.795,0.0,0.082,129.602,0.7038166336328563,0.0,False
2008-08-11 20:30:00+00:00,12.38,59.97,81.2,3.085,0.0,0.082,38.4076,0.5764324118547426,0.0,False
2008-08-11 21:00:00+00:00,11.13,64.65,81.2,2.853,0.0,0.082,38.4076,0.4686512372757289,0.0,False
2008-08-11 21:30:00+00:00,9.85,69.055,17.5,2.441,0.0,0.082,8.2775,0.3766218937505631,0.0,False
2008-08-11 22:00:00+00:00,8.97,72.775,17.5,1.889,0.0,0.082,8.2775,0.312261703597138,0.0,False
2008-08-11 22:30:00+00:00,8.6,74.11,2.5,2.474,0.0,0.082,1.1825,0.2895972408655172,0.0,False
2008-08-11 23:00:00+00:00,8.04,76.41,2.5,2.637,0.0,0.082,1.1825,0.254007881864934,0.0,False
2008-08-11 23:30:00+00:00,7.563,78.885,0.1,3.229,0.0,0.082,0.0473,0.2200689133233788,0.0,False
2008-08-12 00:00:00+00:00,6.928,81.3,0.1,2.99,0.0,0.082,0.0473,0.1865877582726427,0.0,False
2008-08-12 00:30:00+00:00,7.009,81.7,0.0,3.076,0.0,0.082,0.0,0.1836167801773936,0.0,False
2008-08-12 01:00:00+00:00,7.175,81.9,0.0,3.233,0.0,0.082,0.0,0.1836934815916886,0.0,False
2008-08-12 01:30:00+00:00,7.231,82.05,0.0,2.91,0.0,0.082,0.0,0.1828728694765506,13.063987256476972,False
2008-08-12 02:00:00+00:00,7.346,82.6,0.0,2.443,0.0,0.082,0.0,0.1786736070365812,59.052640325557,False
2008-08-12 02:30:00+00:00,7.452,83.4,0.4,2.591,0.0,0.082,0.1892,0.1717016776969961,109.46908068809692,False
2008-08-12 03:00:00+00:00,7.421,84.65,0.4,2.575,0.0,0.082,0.1892,0.1584354429080207,163.4504651812422,False
2008-08-12 03:30:00+00:00,7.442,85.8,4.1,2.82,0.0,0.082,1.9393,0.1467767422029416,220.07293832313624,False
2008-08-12 04:00:00+00:00,7.519,87.25,4.1,3.166,0.0,0.082,1.9393,0.1324858790865752,278.3674434567,False
2008-08-12 04:30:00+00:00,7.697,88.5,19.8,3.498,0.0,0.082,9.3654,0.1209613441218692,337.33630750216605,False
2008-08-12 05:00:00+00:00,7.901,89.15,19.8,3.358,0.0,0.082,9.3654,0.1157259875130838,395.9703154817813,False
2008-08-12 05:30:00+00:00,8.3,88.4,64.3,3.405,0.0,0.082,30.4139,0.1271356879058414,453.2659825974175,False
2008-08-12 06:00:00+00:00,8.42,88.2,64.3,3.038,0.0,0.082,30.4139,0.1303872949210931,508.2427282605592,False
2008-08-12 06:30:00+00:00,9.05,85.7,107.5,3.017,0.0,0.082,50.8475,0.1649061229253446,559.9596581513134,False
2008-08-12 07:00:00+00:00,9.16,84.85,107.5,2.666,0.0,0.082,50.8475,0.1760118778280342,607.531667091204,False
2008-08-12 07:30:00+00:00,9.47,83.55,120.9,2.775,0.0,0.082,57.1857,0.1951543976982717,650.1445871376884,False
2008-08-12 08:00:00+00:00,10.11,81.235,120.9,2.693,0.0,0.082,57.1857,0.2324022255302255,687.0691216484673,False
2008-08-12 08:30:00+00:00,10.15,80.66,286.4,2.376,0.0,0.082,135.4672,0.2401664778589318,717.6733268404787,False
2008-08-12 09:00:00+00:00,9.31,84.25,286.4,2.89,0.0,0.082,135.4672,0.1848450548599683,741.4334272269474,False
2008-08-12 09:30:00+00:00,9.92,83.3,172.5,2.836,0.0,0.082,81.5925,0.2042081161034163,757.9427798301142,False
2008-08-12 10:00:00+00:00,10.55,81.05,172.5,2.697,0.0,0.082,81.5925,0.2417053457420437,766.9188337495989,False
2008-08-12 10:30:00+00:00,10.51,81.33,236.1,2.631,0.0,0.082,111.6753,0.2374985469692709,768.2079659744932,False
2008-08-12 11:00:00+00:00,10.39,82.5,236.1,2.578,0.0,0.082,111.6753,0.2208366766767473,761.7881106738425,False
2008-08-12 11:30:00+00:00,10.83,84.65,252.3,2.832,0.0,0.082,119.3379,0.1994792051248669,747.7691369634898,False
2008-08-12 12:00:00+00:00,10.49,88.1,252.3,2.548,0.0,0.082,119.3379,0.1511761416105185,726.3909686807118,False
2008-08-12 12:30:00+00:00,10.68,86.4,154.4,1.858,0.0,0.082,73.0312,0.1749784798708787,698.0194783423368,False
2008-08-12 13:00:00+00:00,11.47,83.25,154.4,1.858,0.0,0.082,73.0312,0.2271312048957616,663.1402255557598,False
2008-08-12 13:30:00+00:00,11.3,83.45,171.6,2.004,0.0,0.082,81.1668,0.2219026883317888,622.3501470433438,False
2008-08-12 14:00:00+00:00,11.09,85.55,171.6,1.835,0.0,0.082,81.1668,0.1910615407977791,576.3473404979568,False
2008-08-12 14:30:00+00:00,11.08,85.3,128.3,1.151,0.0,0.082,60.6859,0.1942379000914696,525.919117110661,False
2008-08-12 15:00:00+00:00,11.29,84.1,128.3,1.426,0.0,0.082,60.6859,0.2130460049359994,471.9285272426806,False
2008-08-12 15:30:00+00:00,11.31,81.99,98.5,0.916,0.0,0.082,46.5905,0.2416387331480798,415.2995898453952,False
2008-08-12 16:00:00+00:00,11.79,80.29,98.5,0.948,0.0,0.0815,46.5905,0.2729913839900934,357.0014784171659,False
2008-08-12 16:30:00+00:00,11.78,79.825,204.5,1.053,0.0,0.0815,96.7285,0.2792471257578655,298.031934144741,False
2008-08-12 17:00:00+00:00,11.66,80.665,204.5,0.704,0.0,0.0815,96.7285,0.2655044167367545,239.40019010348783,False
2008-08-12 17:30:00+00:00,11.77,80.14,97.4,0.342,0.0,0.0815,46.0702,0.2747054283296868,182.1096987594597,False
2008-08-12 18:00:00+00:00,11.86,80.28,97.4,0.312,0.0,0.0815,46.0702,0.2743965249211156,127.14095838308688,False
2008-08-12 18:30:00+00:00,11.78,80.735,80.7,0.108,0.0,0.0815,38.1711,0.2666515924523063,75.43473229183311,False
2008-08-12 19:00:00+00:00,11.74,81.15,80.7,0.342,0.0,0.0815,38.1711,0.2602182180198186,27.875948116906343,False
2008-08-12 19:30:00+00:00,11.71,82.35,39.6,0.133,0.0,0.081,18.7308,0.2431695494455518,0.0,False
2008-08-12 20:00:00+00:00,11.71,83.5,39.6,0.529,0.0,0.081,18.7308,0.2273256411247368,0.0,False
2008-08-12 20:30:00+00:00,11.55,84.8,20.8,0.377,0.0,0.0815,9.8384,0.2072086630052256,0.0,False
2008-08-12 21:00:00+00:00,11.26,87.1,20.8,0.376,0.0,0.0815,9.8384,0.1725047086475515,0.0,False
2008-08-12 21:30:00+00:00,11.03,88.45,20.8,0.911,0.0,0.0815,9.8384,0.1521087945736705,0.0,False
2008-08-12 22:00:00+00:00,10.77,90.2,20.8,0.946,0.0,0.0815,9.8384,0.1268465196978886,0.0,False
2008-08-12 22:30:00+00:00,10.58,91.9,0.4,0.648,0.0,0.0815,0.1892,0.1035218711393053,0.0,False
2008-08-12 23:00:00+00:00,10.27,92.55,0.4,0.718,0.0,0.0815,0.1892,0.0932615270144933,0.0,False
2008-08-12 23:30:00+00:00,9.95,94.05,0.0,1.144,0.0,0.0815,0.0,0.0729034436392191,0.0,False
2008-08-13 00:00:00+00:00,10.14,94.9,0.0,1.187,0.0,0.0815,0.0,0.063289997679714,0.0,False
2008-08-13 00:30:00+00:00,10.16,94.1,0.0,1.643,0.0,0.0815,0.0,0.0733160270347278,0.0,False
2008-08-13 01:00:00+00:00,10.1,93.85,0.0,1.626,0.0,0.0815,0.0,0.0761159581629243,0.0,False
2008-08-13 01:30:00+00:00,10.12,94.35,0.0,1.971,0.0,0.081,0.0,0.0700214740104685,6.791761639497096,False
2008-08-13 02:00:00+00:00,10.05,95.5,0.0,1.422,0.0,0.081,0.0,0.0555082076851173,52.92446778904551,False
2008-08-13 02:30:00+00:00,9.95,96.4,0.1,2.035,0.0,0.081,0.0473,0.0441096465716282,103.4818982403432,False
2008-08-13 03:00:00+00:00,9.94,96.15,0.1,1.686,0.0,0.0815,0.0473,0.0471411653326529,157.5987858100164,False
2008-08-13 03:30:00+00:00,9.9,94.3,2.4,2.224,0.0,0.081,1.1352,0.069606249013435,214.34894413285883,False
2008-08-13 04:00:00+00:00,9.8,93.2,2.4,2.114,0.0,0.0815,1.1352,0.08248312211525,272.7611189002425,False
2008-08-13 04:30:00+00:00,9.68,92.95,27.3,2.278,0.0,0.0815,12.9129,0.0848284441312435,331.83561043672086,False
2008-08-13 05:00:00+00:00,9.63,92.65,27.3,2.112,0.0,0.0815,12.9129,0.0881411660113653,390.56138312715353,False
2008-08-13 05:30:00+00:00,9.81,91.75,27.3,2.401,0.0,0.0815,12.9129,0.1001387012290061,447.9333688742384,False
2008-08-13 06:00:00+00:00,9.94,90.95,27.3,1.988,0.0,0.0815,12.9129,0.1108123496780543,502.9696684447572,False
2008-08-13 06:30:00+00:00,10.01,90.4,27.3,2.419,0.0,0.0815,12.9129,0.1181002358092364,554.7283563102138,False
2008-08-13 07:00:00+00:00,10.21,89.1,27.3,2.535,0.0,0.0815,12.9129,0.1359026767455717,602.3236013729731,False
2008-08-13 07:30:00+00:00,10.32,89.0,63.9,2.649,0.0,0.0815,30.2247,0.1381631504093776,644.9408276767028,False
2008-08-13 08:00:00+00:00,10.61,87.15,63.9,2.778,0.0,0.0815,30.2247,0.1645584021077591,681.8506556301675,False
2008-08-13 08:30:00+00:00,10.88,86.5,100.6,2.632,0.0,0.0815,47.5838,0.1760231041479987,712.4213851435716,False
2008-08-13 09:00:00+00:00,10.98,85.25,100.6,2.936,0.0,0.0815,47.5838,0.1936062943325144,736.129807031178,False
2008-08-13 09:30:00+00:00,11.2,85.1,134.7,2.779,0.0,0.0815,63.71309999999999,0.1984571837739866,752.5701576445991,False
2008-08-13 10:00:00+00:00,11.09,86.8,134.7,2.442,0.0,0.0815,63.71309999999999,0.1745337258498743,761.4610634787016,False
2008-08-13 10:30:00+00:00,10.94,89.1,208.4,2.519,0.0,0.0815,98.5732,0.1426913396036928,762.650356892833,False
2008-08-13 11:00:00+00:00,11.02,88.9,208.4,2.47,0.0,0.0815,98.5732,0.1460852569345722,756.1176805248757,False
2008-08-13 11:30:00+00:00,10.93,88.7,127.8,2.485,0.0,0.0815,60.4494,0.1478292651339085,741.974835821325,False
2008-08-13 12:00:00+00:00,11.2,87.55,127.8,1.975,0.0,0.0815,60.4494,0.1658249622809486,720.4638697151508,False
2008-08-13 12:30:00+00:00,11.72,85.3,183.3,2.52,0.0,0.081,86.7009,0.2026605077241071,691.9529321940668,False
2008-08-13 13:00:00+00:00,12.02,84.55,183.3,2.585,0.0,0.081,86.7009,0.2172644941701443,656.9299756522827,False
2008-08-13 13:30:00+00:00,12.31,83.95,151.8,2.635,0.0,0.081,71.8014,0.2300577811717654,615.9944038562155,False
2008-08-13 14:00:00+00:00,12.18,85.8,151.8,2.924,0.0,0.081,71.8014,0.2018046819285738,569.8468134463864,False
2008-08-13 14:30:00+00:00,12.49,85.45,122.7,3.131,0.0,0.081,58.0371,0.2110414644956319,519.2770035436771,False
2008-08-13 15:00:00+00:00,12.28,86.4,122.7,3.228,0.0,0.081,58.0371,0.1945552330355926,465.150458669302,False
2008-08-13 15:30:00+00:00,12.66,83.7,204.4,3.163,0.0,0.081,96.6812,0.2390797027147173,408.3935363168309,False
2008-08-13 16:00:00+00:00,12.38,82.8,204.4,3.182,0.0,0.081,96.6812,0.2476801769648157,349.97761268458686,False
2008-08-13 16:30:00+00:00,12.08,84.7,123.9,3.179,0.0,0.081,58.6047,0.2160085221181842,290.90245790797206,False
2008-08-13 17:00:00+00:00,11.38,89.05,123.9,3.236,0.0,0.081,58.6047,0.1475992672237141,232.17912531843567,False
2008-08-13 17:30:00+00:00,10.85,90.95,94.7,3.963,0.0,0.081,44.7931,0.1177650883814251,174.8126475738332,False
2008-08-13 18:00:00+00:00,10.45,90.5,94.7,3.656,0.0,0.081,44.7931,0.1203646421777325,119.78483581045408,False
2008-08-13 18:30:00+00:00,10.12,90.75,61.9,3.429,0.0,0.081,29.2787,0.1146369264773155,68.03747620466116,False
2008-08-13 19:00:00+00:00,10.0,90.05,61.9,2.66,0.0,0.081,29.2787,0.1223238842310195,20.456211530718925,False
2008-08-13 19:30:00+00:00,9.72,90.3,43.4,2.944,0.0,0.081,20.5282,0.1170287141478821,0.0,False
2008-08-13 20:00:00+00:00,9.4,91.0,43.4,3.198,0.0,0.081,20.5282,0.106268842109681,0.0,False
2008-08-13 20:30:00+00:00,8.97,93.1,16.0,2.882,0.0,0.081,7.568,0.0791407072477595,0.0,False
2008-08-13 21:00:00+00:00,8.43,95.8,16.0,3.291,0.0,0.0805,7.568,0.0464405885698903,0.0,False
2008-08-13 21:30:00+00:00,8.13,97.05,3.0,3.534,1.0,0.0805,1.419,0.0319598800353605,0.0,False
2008-08-13 22:00:00+00:00,8.07,97.15,3.0,3.915,0.0,0.0805,1.419,0.0307505076296699,0.0,False
2008-08-13 22:30:00+00:00,8.01,97.25,3.0,3.814,0.0,0.0805,1.419,0.0295504125566079,0.0,False
2008-08-13 23:00:00+00:00,7.883,97.55,3.0,3.881,1.0,0.081,1.419,0.0260995859240115,0.0,False
2008-08-13 23:30:00+00:00,7.904,98.1,3.0,4.19,1.0,0.0824999999999999,1.419,0.0202695304312003,0.0,False
2008-08-14 00:00:00+00:00,7.885,98.7,3.0,3.849,1.0,0.0865,1.419,0.0138506508194327,0.0,False
2008-08-14 00:30:00+00:00,7.898,98.8,3.0,4.264,1.0,0.092,1.419,0.0127965668964344,0.0,False
2008-08-14 01:00:00+00:00,7.966,98.75,3.0,4.128,1.5,0.097,1.419,0.0133917547282112,0.0,False
2008-08-14 01:30:00+00:00,8.08,97.75,3.0,4.249,1.5,0.1025,1.419,0.0242932689278169,0.4445648953350347,False
2008-08-14 02:00:00+00:00,8.18,96.45,3.0,4.231,0.5,0.1055,1.419,0.0385914015798493,46.72275606650821,False
2008-08-14 02:30:00+00:00,8.24,96.15,3.0,4.383,1.5,0.106,1.419,0.0420239636244448,97.42229174262177,False
2008-08-14 03:00:00+00:00,8.3,96.0,3.0,4.74,0.5,0.113,1.419,0.0438398923813246,151.67546174862082,False
2008-08-14 03:30:00+00:00,8.38,96.25,3.0,5.172,1.0,0.1139999999999999,1.419,0.0413241248864423,208.55373562702215,False
2008-08-14 04:00:00+00:00,8.55,96.25,3.0,5.056,1.0,0.1159999999999999,1.419,0.0418041768746033,267.08365419485585,False
2008-08-14 04:30:00+00:00,8.79,96.0,3.0,4.562,0.5,0.1164999999999999,1.419,0.0453229195598384,326.26349006551834,False
2008-08-14 05:00:00+00:00,8.86,96.4,3.0,4.304,1.0,0.118,1.419,0.0409845044535742,385.0803919948736,False
2008-08-14 05:30:00+00:00,9.19,96.55,3.0,4.228,0.5,0.119,1.419,0.0401632139971245,442.52771963007535,False
2008-08-14 06:00:00+00:00,9.4,96.45,3.0,4.114,0.5,0.1195,1.419,0.0419171543877074,497.6222719803019,False
2008-08-14 06:30:00+00:00,9.43,96.4,3.0,3.846,0.0,0.1205,1.419,0.0425935881587717,549.4211147470664,False
2008-08-14 07:00:00+00:00,9.41,96.3,3.0,3.589,0.5,0.12,1.419,0.0437177648480988,597.0377185166258,False
2008-08-14 07:30:00+00:00,9.61,96.05,3.0,3.039,0.0,0.1195,1.419,0.0473046689289796,639.6571316112047,False
2008-08-14 08:00:00+00:00,9.79,96.05,3.0,3.351,0.0,0.12,1.419,0.0478808027548725,676.5499279166696,False
2008-08-14 08:30:00+00:00,9.98,95.85,3.0,2.523,0.0,0.1195,1.419,0.0509510934353859,707.0846909701763,False
2008-08-14 09:00:00+00:00,10.17,95.75,3.0,2.344,0.0,0.119,1.419,0.052847787378782,730.7388206425018,False
2008-08-14 09:30:00+00:00,10.15,95.6,3.0,2.136,0.5,0.1185,1.419,0.0546397364311944,747.1074774578441,False
2008-08-14 10:00:00+00:00,10.29,95.15,3.0,2.422,0.0,0.12,1.419,0.0607952118936507,755.9105114678885,False
2008-08-14 10:30:00+00:00,10.47,94.45,3.0,2.937,0.0,0.121,1.419,0.0704123501880506,756.9972570904453,False
2008-08-14 11:00:00+00:00,10.75,94.8,3.0,2.622,0.0,0.1205,1.419,0.0672166264537957,750.3491118467217,False
2008-08-14 11:30:00+00:00,10.81,95.6,73.4,2.67,0.0,0.1205,34.7182,0.0571035485549178,736.0798548593066,False
2008-08-14 12:00:00+00:00,11.58,93.55,73.4,2.771,0.0,0.12,34.7182,0.0881022543871983,714.433699656628,False
2008-08-14 12:30:00+00:00,11.38,93.45,157.5,3.066,0.0,0.12,74.4975,0.0882899726315367,685.7811146066581,False
2008-08-14 13:00:00+00:00,11.49,92.9,157.5,2.885,1.0,0.1195,74.4975,0.0964042242954886,650.6124825095286,False
2008-08-14 13:30:00+00:00,11.39,92.2,146.6,3.098,0.0,0.12,69.34179999999999,0.1052089699967091,609.5297078612388,False
2008-08-14 14:00:00+00:00,11.72,91.85,146.6,2.526,0.0,0.1205,69.34179999999999,0.1123593971395559,563.2359154264317,False
2008-08-14 14:30:00+00:00,11.43,93.7,157.5,3.405,0.0,0.1205,74.4975,0.0852022015771251,512.5234164252183,False
2008-08-14 15:00:00+00:00,10.93,95.2,157.5,3.836,0.5,0.121,74.4975,0.0627947320922796,458.2601482891423,False
2008-08-14 15:30:00+00:00,10.36,94.45,77.1,3.803,0.5,0.121,36.46829999999999,0.0698963877506647,401.3748200663935,False
2008-08-14 16:00:00+00:00,10.34,94.85,77.1,4.483,0.0,0.1225,36.46829999999999,0.0647720917163316,342.84101770934194,False
2008-08-14 16:30:00+00:00,10.41,95.3,55.7,3.896,0.5,0.123,26.3461,0.0593897955654295,283.66054127961576,False
2008-08-14 17:00:00+00:00,10.23,95.4,55.7,3.559,0.0,0.1235,26.3461,0.0574302912143367,224.84625925179,False
2008-08-14 17:30:00+00:00,10.1,95.95,44.5,4.246,0.0,0.124,21.0485,0.0501251431804622,167.40477336240602,False
2008-08-14 18:00:00+00:00,9.56,95.6,44.5,3.477,0.5,0.124,21.0485,0.0525167469669077,112.3191906936368,False
2008-08-14 18:30:00+00:00,9.43,95.25,35.3,2.793,0.0,0.1245,16.6969,0.0561998732650462,60.53229784641744,False
2008-08-14 19:00:00+00:00,9.34,95.3,35.3,2.666,0.0,0.1245,16.6969,0.0552718591593921,12.93042517646142,False
2008-08-14 19:30:00+00:00,9.19,95.1,22.9,2.977,0.0,0.125,10.8317,0.0570434053872205,0.0,False
2008-08-14 20:00:00+00:00,8.96,95.55,22.9,1.916,0.0,0.1245,10.8317,0.0510054989302213,0.0,False
2008-08-14 20:30:00+00:00,8.9,96.45,7.6,1.901,0.0,0.1245,3.5948,0.0405248813090762,0.0,False
2008-08-14 21:00:00+00:00,8.95,95.75,7.6,1.919,0.0,0.124,3.5948,0.0486801657054156,0.0,False
2008-08-14 21:30:00+00:00,8.79,93.85,4.1,1.263,0.0,0.124,1.9393,0.0696839888232516,0.0,False
2008-08-14 22:00:00+00:00,8.53,94.3,4.1,1.666,0.0,0.123,1.9393,0.0634561194837839,0.0,False
2008-08-14 22:30:00+00:00,8.43,93.95,0.5,1.666,0.0,0.123,0.2365,0.0668965621066276,0.0,False
2008-08-14 23:00:00+00:00,8.22,92.4,0.5,2.289,0.0,0.123,0.2365,0.0828435328448786,0.0,False
2008-08-14 23:30:00+00:00,7.894,94.15,0.0,2.319,0.0,0.1225,0.0,0.0623662328897318,0.0,False
2008-08-15 00:00:00+00:00,7.932,93.55,0.0,1.391,0.0,0.122,0.0,0.0689413376384477,0.0,False
2008-08-15 00:30:00+00:00,7.895,92.7,0.0,0.391,0.0,0.122,0.0,0.0778298424582658,0.0,False
2008-08-15 01:00:00+00:00,7.904,92.85,0.0,0.403,0.0,0.122,0.0,0.0762774434647803,0.0,False
2008-08-15 01:30:00+00:00,7.996,91.9,0.0,0.905,0.0,0.1215,0.0,0.0869563321460761,0.0,False
2008-08-15 02:00:00+00:00,7.718,92.8,0.0,2.151,0.0,0.1215,0.0,0.0758411259520159,40.47629482430008,False
2008-08-15 02:30:00+00:00,7.008,94.3,0.1,1.483,0.0,0.121,0.0473,0.0571881792925053,91.3211637044082,False
2008-08-15 03:00:00+00:00,6.313,95.3,0.1,0.471,0.0,0.121,0.0473,0.0449483907323354,145.71300358113382,False
2008-08-15 03:30:00+00:00,5.828,96.0,2.6,0.21,0.0,0.1205,1.2298,0.0369895630632084,202.72089918668712,False
2008-08-15 04:00:00+00:00,6.699,93.55,2.6,0.29,0.0,0.12,1.2298,0.0633507068500996,261.36916084254847,False
2008-08-15 04:30:00+00:00,6.594,93.2,15.7,1.339,0.0,0.12,7.426099999999999,0.0663064188543651,320.654023362348,False
2008-08-15 05:00:00+00:00,7.229,91.6,15.7,1.887,0.0,0.1195,7.426099999999999,0.085566643313061,379.56082548677233,False
2008-08-15 05:30:00+00:00,7.376,92.35,47.4,2.271,0.0,0.1195,22.4202,0.0787165190076795,437.08137582460273,False
2008-08-15 06:00:00+00:00,7.955,92.65,47.4,2.619,0.0,0.1195,22.4202,0.0786844463531085,492.2312080816757,False
2008-08-15 06:30:00+00:00,8.68,90.15,83.7,2.885,0.0,0.1195,39.5901,0.1107785494889374,544.0664302537499,False
2008-08-15 07:00:00+00:00,9.36,89.1,83.7,3.033,0.0,0.119,39.5901,0.1283567022369831,591.6998794081578,False
2008-08-15 07:30:00+00:00,9.58,88.5,88.2,3.142,0.0,0.119,41.7186,0.1374446251610935,634.3163055635827,False
2008-08-15 08:00:00+00:00,9.77,85.3,88.2,2.53,0.0,0.1185,41.7186,0.1779499572491891,671.1863247937029,False
2008-08-15 08:30:00+00:00,9.9,81.92,180.0,2.819,0.0,0.1185,85.14,0.2207861372215621,701.6789027450193,False
2008-08-15 09:00:00+00:00,9.55,84.1,180.0,2.908,0.0,0.118,85.14,0.1896486861927609,725.2721549107126,False
2008-08-15 09:30:00+00:00,9.83,80.925,227.9,2.695,0.0,0.118,107.7967,0.2318441463809315,741.5622788108088,False
2008-08-15 10:00:00+00:00,9.52,79.505,227.9,3.955,0.0,0.1175,107.7967,0.2439625780366196,750.2704652013057,False
2008-08-15 10:30:00+00:00,8.77,83.55,109.6,4.782,0.0,0.1175,51.8408,0.1861380668773073,751.2476700235761,False
2008-08-15 11:00:00+00:00,9.34,81.57,109.6,4.429,0.0,0.1169999999999999,51.8408,0.2167362477250206,744.4771654188495,False
2008-08-15 11:30:00+00:00,8.9,81.415,161.4,4.871,0.0,0.1169999999999999,76.3422,0.212156315247657,730.0748261438621,False
2008-08-15 12:00:00+00:00,9.49,72.735,161.4,4.763,0.0,0.1169999999999999,76.3422,0.3238941877018996,708.2871464824957,False
2008-08-15 12:30:00+00:00,9.78,69.325,289.7,4.207,0.0,0.1164999999999999,137.0281,0.3715840155900883,679.4870215909755,False
2008-08-15 13:00:00+00:00,9.55,68.85,289.7,3.81,0.0,0.1159999999999999,137.0281,0.3715444386732392,644.1673654761929,False
2008-08-15 13:30:00+00:00,9.67,67.01,233.5,4.327,0.0,0.1159999999999999,110.4455,0.3966820615384566,602.9326748330103,False
2008-08-15 14:00:00+00:00,9.87,64.085,233.5,3.496,0.0,0.1159999999999999,110.4455,0.4376977740726229,556.4886831234338,False
2008-08-15 14:30:00+00:00,9.94,64.285,244.8,3.19,0.0,0.1154999999999999,115.7904,0.437310836326156,505.63028196657393,False
2008-08-15 15:00:00+00:00,9.98,60.705,244.8,3.29,0.0,0.1149999999999999,115.7904,0.4824393292875872,451.2279165635595,False
2008-08-15 15:30:00+00:00,10.4,59.305,270.1,3.118,0.0,0.1149999999999999,127.7573,0.5138834462954884,394.2126879991994,False
2008-08-15 16:00:00+00:00,11.25,58.41,270.1,2.968,0.0,0.1149999999999999,127.7573,0.5557913390155886,335.5604173943376,False
2008-08-15 16:30:00+00:00,11.49,56.655,522.1,3.232,0.0,0.1144999999999999,246.9533,0.5885410002940787,276.2749446514339,False
2008-08-15 17:00:00+00:00,11.27,56.55,522.1,2.985,0.0,0.1139999999999999,246.9533,0.5814192280522158,217.37094763636065,False
2008-08-15 17:30:00+00:00,10.24,57.785,211.3,2.294,0.0,0.1139999999999999,99.9449,0.5274007969710337,159.85657584755717,False
2008-08-15 18:00:00+00:00,10.27,60.69,211.3,1.08,0.0,0.1139999999999999,99.9449,0.4920953861664073,104.71619579948369,False
2008-08-15 18:30:00+00:00,10.75,61.365,185.5,1.342,0.0,0.1134999999999999,87.7415,0.499406608277384,52.89354343540694,False
2008-08-15 19:00:00+00:00,10.4,62.87,185.5,0.825,0.0,0.1134999999999999,87.7415,0.4688657663337385,5.275571919198592,False
2008-08-15 19:30:00+00:00,9.4,64.51,134.8,0.782,0.0,0.113,63.7604,0.4190534673858423,0.0,False
2008-08-15 20:00:00+00:00,8.09,71.27,134.8,1.517,0.0,0.113,63.7604,0.3104095338042038,0.0,False
2008-08-15 20:30:00+00:00,6.39,78.385,45.4,1.442,0.0,0.113,21.4742,0.2078182052714543,0.0,False
2008-08-15 21:00:00+00:00,5.212,82.485,45.4,1.658,0.0,0.113,21.4742,0.1551687589138957,0.0,False
2008-08-15 21:30:00+00:00,4.316,84.65,6.4,1.677,0.0,0.113,3.0272,0.127714370686716,0.0,False
2008-08-15 22:00:00+00:00,4.022,85.7,6.4,1.994,0.0,0.113,3.0272,0.1165405711793028,0.0,False
2008-08-15 22:30:00+00:00,3.969,84.55,0.3,2.168,0.0,0.1125,0.1419,0.1254430283204974,0.0,False
2008-08-15 23:00:00+00:00,4.126,83.8,0.3,2.166,0.0,0.1125,0.1419,0.1329960955200405,0.0,False
2008-08-15 23:30:00+00:00,3.076,87.65,0.0,1.909,0.0,0.112,0.0,0.0941301936211575,0.0,False
2008-08-16 00:00:00+00:00,3.363,88.65,0.0,2.039,0.0,0.112,0.0,0.0882885590932506,0.0,False
2008-08-16 00:30:00+00:00,3.815,88.75,0.0,1.663,0.0,0.112,0.0,0.0903546293767904,0.0,False
2008-08-16 01:00:00+00:00,3.818,90.05,0.0,2.112,0.0,0.112,0.0,0.079930582258282,0.0,False
2008-08-16 01:30:00+00:00,3.702,89.8,0.0,1.655,0.0,0.1115,0.0,0.0812700780518778,0.0,False
2008-08-16 02:00:00+00:00,3.173,91.4,0.0,1.813,0.0,0.112,0.0,0.0660013465286707,34.159852858038214,False
2008-08-16 02:30:00+00:00,3.36,90.1,0.0,1.89,0.0,0.1115,0.0,0.0769930279551686,85.15095149151895,False
2008-08-16 03:00:00+00:00,3.466,89.5,0.0,1.478,0.0,0.1115,0.0,0.0822749370432207,139.68201354052985,False
2008-08-16 03:30:00+00:00,3.621,88.95,0.0,1.694,0.0,0.1115,0.0,0.0875397470570532,196.81972963000143,False
2008-08-16 04:00:00+00:00,3.238,90.2,0.0,2.114,0.0,0.1115,0.0,0.0755586579066701,255.58617635462676,False
2008-08-16 04:30:00+00:00,3.559,89.4,0.0,2.419,0.0,0.1115,0.0,0.0836072079155483,314.97555361530584,False
2008-08-16 05:00:00+00:00,3.913,88.4,0.0,1.963,0.0,0.1115,0.0,0.0938124158559376,373.971399090224,False
2008-08-16 05:30:00+00:00,4.603,86.5,0.0,2.128,0.0,0.1115,0.0,0.1146093450308194,431.5639852116767,False
2008-08-16 06:00:00+00:00,5.229,84.8,0.0,2.902,0.0,0.1115,0.0,0.1348195962794803,486.7676008955205,False
2008-08-16 06:30:00+00:00,5.975,82.845,0.0,2.852,0.0,0.111,0.0,0.1602656424356054,538.6374222420327,False
2008-08-16 07:00:00+00:00,6.725,80.1,0.0,3.294,0.0,0.111,0.0,0.195804733973673,586.2856834617145,False
2008-08-16 07:30:00+00:00,7.449,76.315,138.5,3.399,0.0,0.111,65.5105,0.2449348471038074,628.8968712554172,False
2008-08-16 08:00:00+00:00,7.81,71.475,138.5,3.603,0.0,0.1105,65.5105,0.3023627097845304,665.7416825920357,False
2008-08-16 08:30:00+00:00,8.6,68.43,179.9,3.024,0.0,0.1105,85.0927,0.3531319001206789,696.1895069909624,False
2008-08-16 09:00:00+00:00,9.71,63.96,179.9,3.649,0.0,0.1105,85.0927,0.4345236696620587,719.7192196699032,False
2008-08-16 09:30:00+00:00,10.69,59.265,170.7,3.22,0.0,0.1105,80.74109999999999,0.5244489074236987,735.9281008280767,False
2008-08-16 10:00:00+00:00,11.37,57.66,170.7,3.122,0.0,0.1105,80.74109999999999,0.5703386830373991,744.5387284063585,False
2008-08-16 10:30:00+00:00,11.86,55.88,294.5,3.448,0.0,0.1105,139.2985,0.6139135233022118,745.4037263501267,False
2008-08-16 11:00:00+00:00,12.51,54.505,294.5,3.727,0.0,0.1095,139.2985,0.660753449361558,738.5082871040121,False
2008-08-16 11:30:00+00:00,13.17,51.35,197.9,3.698,0.0,0.1095,93.6067,0.737817337713805,723.9704251623544,False
2008-08-16 12:00:00+00:00,14.01,48.795,197.9,3.464,0.0,0.1095,93.6067,0.8202546430111692,702.0389573326498,False
2008-08-16 12:30:00+00:00,14.99,45.245,133.9,3.445,0.0,0.1095,63.3347,0.9345221054313804,673.0892442772989,False
2008-08-16 13:00:00+00:00,15.38,43.78,133.9,3.134,0.0,0.1095,63.3347,0.9839025763927306,637.6167662153235,False
2008-08-16 13:30:00+00:00,15.65,42.56,143.3,4.028,0.0,0.109,67.7809,1.0228189642715209,596.2286427349641,False
2008-08-16 14:00:00+00:00,16.11,41.195,143.3,3.065,0.0,0.1085,67.7809,1.0783961223828948,549.6332418552178,False
2008-08-16 14:30:00+00:00,15.99,42.53,210.9,2.793,0.0,0.1085,99.7557,1.04586577352757,498.62805617797886,False
2008-08-16 15:00:00+00:00,15.47,43.17,210.9,2.602,0.0,0.1085,99.7557,1.0003417973522646,444.0860536316925,False
2008-08-16 15:30:00+00:00,15.23,42.23,168.3,3.071,0.0,0.1085,79.6059,1.0013296927968582,386.94073641585874,False
2008-08-16 16:00:00+00:00,16.6,40.125,168.3,3.249,0.0,0.1085,79.6059,1.1328468526487392,328.17016386561625,False
2008-08-16 16:30:00+00:00,15.32,44.51,168.9,2.894,0.0,0.108,79.8897,0.9673908462639298,268.7802126887236,False
2008-08-16 17:00:00+00:00,15.25,44.68,168.9,2.961,0.0,0.108,79.8897,0.960097620636848,209.78736108054144,False
2008-08-16 17:30:00+00:00,16.77,39.395,306.4,2.724,0.0,0.1075,144.92719999999997,1.1591157480412655,152.20129137196082,False
2008-08-16 18:00:00+00:00,16.43,41.085,306.4,1.509,0.0,0.1075,144.92719999999997,1.102687665434043,97.0076089714622,False
2008-08-16 18:30:00+00:00,14.97,44.09,109.9,1.31,0.0,0.1075,51.9827,0.953005981855602,45.15097337281281,False
2008-08-16 19:00:00+00:00,14.98,44.88,109.9,1.439,0.0,0.1075,51.9827,0.9401457455037396,0.0,False
2008-08-16 19:30:00+00:00,13.84,47.735,114.7,1.633,0.0,0.1075,54.2531,0.8280367619150399,0.0,False
2008-08-16 20:00:00+00:00,12.61,52.84,114.7,2.018,0.0,0.1075,54.2531,0.6894504077666993,0.0,False
2008-08-16 20:30:00+00:00,10.23,64.445,31.3,1.95,0.0,0.1075,14.8049,0.4438986965490757,0.0,False
2008-08-16 21:00:00+00:00,8.71,69.87,31.3,1.595,0.0,0.107,14.8049,0.3395487046890112,0.0,False
2008-08-16 21:30:00+00:00,8.27,71.595,4.4,1.826,0.0,0.107,2.0812,0.3106832134747447,0.0,False
2008-08-16 22:00:00+00:00,8.37,70.155,4.4,1.743,0.0,0.107,2.0812,0.3286614011546141,0.0,False
2008-08-16 22:30:00+00:00,7.537,72.065,0.3,1.242,0.0,0.1065,0.1419,0.2906319230351883,0.0,False
2008-08-16 23:00:00+00:00,7.556,70.68,0.3,1.268,0.0,0.1065,0.1419,0.3054382953833812,0.0,False
2008-08-16 23:30:00+00:00,7.285,71.585,0.0,1.427,0.0,0.1065,0.0,0.2905639821599228,0.0,False
2008-08-17 00:00:00+00:00,7.356,72.28,0.0,1.657,0.0,0.1065,0.0,0.2848407825051188,0.0,False
2008-08-17 00:30:00+00:00,7.322,72.72,0.0,0.667,0.0,0.1065,0.0,0.27966668328925,0.0,False
2008-08-17 01:00:00+00:00,8.28,69.97,0.0,1.58,0.0,0.1065,0.0,0.3286804320592781,0.0,False
2008-08-17 01:30:00+00:00,8.63,70.275,0.0,2.657,0.0,0.1065,0.0,0.3331718632336676,0.0,False
2008-08-17 02:00:00+00:00,8.28,71.98,0.0,1.844,0.0,0.1065,0.0,0.306680842700665,27.802391214682363,False
2008-08-17 02:30:00+00:00,7.638,74.95,0.0,1.156,0.0,0.1065,0.0,0.2624243577257164,78.9427191100381,False
2008-08-17 03:00:00+00:00,7.341,74.99,0.0,0.946,0.0,0.1065,0.0,0.2567296007338032,133.61515194370472,False
2008-08-17 03:30:00+00:00,7.868,74.655,2.4,0.497,0.0,0.1065,1.1352,0.2697211985133291,190.8839496276761,False
2008-08-17 04:00:00+00:00,6.559,79.6,2.4,0.354,0.0,0.106,1.1352,0.1984393767318284,249.7689336295663,False
2008-08-17 04:30:00+00:00,5.972,83.05,14.5,1.211,0.0,0.1065,6.858499999999999,0.1583175443150984,309.2622631056718,False
2008-08-17 05:00:00+00:00,5.346,85.3,14.5,2.004,0.0,0.1065,6.858499999999999,0.1314532079959178,368.345684504846,False
2008-08-17 05:30:00+00:00,5.337,85.9,39.9,2.049,0.0,0.106,18.8727,0.1260086742365213,426.0079594091829,False
2008-08-17 06:00:00+00:00,6.404,82.85,39.9,3.399,0.0,0.106,18.8727,0.1650489212103103,481.26217232687503,False
2008-08-17 06:30:00+00:00,8.88,75.975,80.6,4.121,0.0,0.106,38.1238,0.2738853090797003,533.1626222063759,False
2008-08-17 07:00:00+00:00,9.81,74.555,80.6,4.231,0.0,0.106,38.1238,0.3088520306390375,580.8210085656314,False
2008-08-17 07:30:00+00:00,10.62,70.105,80.2,3.631,0.0,0.106,37.9346,0.3830940359475288,623.4216352024765,False
2008-08-17 08:00:00+00:00,11.11,67.18,80.2,3.447,0.0,0.1055,37.9346,0.4345317484236804,660.2353712665445,False
2008-08-17 08:30:00+00:00,11.42,62.48,232.4,3.633,0.0,0.1055,109.9252,0.5070900709688975,690.6321307408372,False
2008-08-17 09:00:00+00:00,12.04,58.93,232.4,3.093,0.0,0.1055,109.9252,0.5783065761809469,714.0916567388832,False
2008-08-17 09:30:00+00:00,12.23,59.165,160.6,2.184,0.0,0.1055,75.96379999999999,0.5822457150240534,730.2124260369822,False
2008-08-17 10:00:00+00:00,12.04,59.175,160.6,1.635,0.0,0.1055,75.96379999999999,0.5748567317406176,738.7185214336782,False
2008-08-17 10:30:00+00:00,13.66,55.39,423.8,1.553,0.0,0.105,200.4574,0.6985280240826393,739.4643543101532,False
2008-08-17 11:00:00+00:00,13.5,55.86,423.8,1.287,0.0,0.105,200.4574,0.6839996944276284,732.4371565597064,False
2008-08-17 11:30:00+00:00,13.06,58.83,338.5,2.386,0.0,0.1045,160.1105,0.6199007167900517,717.7571992328074,False
2008-08-17 12:00:00+00:00,13.0,57.45,338.5,0.771,0.0,0.105,160.1105,0.6381683476873027,695.675734152454,False
2008-08-17 12:30:00+00:00,12.67,58.56,160.8,1.794,0.0,0.105,76.0584,0.6082189588107301,666.5706937270809,False
2008-08-17 13:00:00+00:00,12.88,59.66,160.8,1.963,0.0,0.1045,76.0584,0.6002856369676496,630.9402225578293,False
2008-08-17 13:30:00+00:00,12.62,65.01,188.1,1.955,0.0,0.1045,88.9713,0.5118684930764689,589.3941515471324,False
2008-08-17 14:00:00+00:00,12.13,72.965,188.1,1.647,0.0,0.105,88.9713,0.382946265497086,542.6435604306822,False
2008-08-17 14:30:00+00:00,11.89,74.93,310.1,0.848,0.0,0.1045,146.6773,0.3495319206224594,491.4886073729504,False
2008-08-17 15:00:00+00:00,11.67,75.3,310.1,1.037,0.0,0.1045,146.6773,0.3394000914753971,436.8048339265226,False
2008-08-17 15:30:00+00:00,11.38,73.34,182.6,0.528,0.5,0.1045,86.3698,0.3593604076880562,379.5281797510402,False
2008-08-17 16:00:00+00:00,11.74,69.155,182.6,0.086,0.0,0.1045,86.3698,0.4258053546324301,320.63896357075583,False
2008-08-17 16:30:00+00:00,12.4,66.625,268.0,0.375,0.0,0.1045,126.764,0.4812331732913594,261.1451045438501,False
2008-08-17 17:00:00+00:00,11.97,69.915,268.0,0.918,0.0,0.1045,126.764,0.4216741720088892,202.06487121740267,False
2008-08-17 17:30:00+00:00,11.56,74.54,85.3,1.282,0.0,0.104,40.3469,0.3473044959074189,144.40945332843694,False
2008-08-17 18:00:00+00:00,10.97,83.505,85.3,1.228,0.0,0.104,40.3469,0.2163668506689577,89.16565474360198,False
2008-08-17 18:30:00+00:00,11.06,79.745,80.6,1.328,0.0,0.104,38.1238,0.2672829389911664,37.27900375750757,False
2008-08-17 19:00:00+00:00,10.71,81.84,80.6,0.947,0.0,0.104,38.1238,0.2341157892665851,0.0,False
2008-08-17 19:30:00+00:00,11.0,78.95,56.2,0.789,0.0,0.104,26.5826,0.2766671385603996,0.0,False
2008-08-17 20:00:00+00:00,10.88,77.91,56.2,1.488,0.0,0.104,26.5826,0.2880259533799476,0.0,False
2008-08-17 20:30:00+00:00,9.14,85.05,48.9,1.62,0.0,0.104,23.1297,0.1734537666172329,0.0,False
2008-08-17 21:00:00+00:00,7.514,90.1,48.9,1.252,0.0,0.104,23.1297,0.1028361742923385,0.0,False
2008-08-17 21:30:00+00:00,6.727,93.15,3.8,1.515,0.0,0.104,1.7974,0.0674094136581988,0.0,False
2008-08-17 22:00:00+00:00,5.714,94.05,3.8,0.789,0.0,0.104,1.7974,0.0545879194715059,0.0,False
2008-08-17 22:30:00+00:00,6.714,94.25,0.0,0.563,0.0,0.104,0.0,0.0565338640035125,0.0,False
2008-08-17 23:00:00+00:00,7.59,88.55,0.0,1.194,0.0,0.104,0.0,0.1195571701576429,0.0,False
2008-08-17 23:30:00+00:00,7.737,86.2,0.0,0.892,0.0,0.104,0.0,0.1455510686656897,0.0,False
2008-08-18 00:00:00+00:00,7.643,86.55,0.0,1.111,0.0,0.104,0.0,0.1409506991991245,0.0,False
2008-08-18 00:30:00+00:00,7.196,88.95,0.0,0.555,0.0,0.104,0.0,0.1123061813217806,0.0,False
2008-08-18 01:00:00+00:00,6.599,91.4,0.0,0.184,0.0,0.1035,0.0,0.0838870533890261,0.0,False
2008-08-18 01:30:00+00:00,5.912,93.85,0.0,0.479,0.0,0.1035,0.0,0.0572040400856643,0.0,False
2008-08-18 02:00:00+00:00,5.814,93.75,0.0,0.443,0.0,0.103,0.0,0.0577400282690478,21.37852000821204,False
2008-08-18 02:30:00+00:00,4.931,94.2,0.0,0.182,0.0,0.103,0.0,0.0503841679650898,72.66874805874826,False
2008-08-18 03:00:00+00:00,3.986,95.7,0.0,0.676,0.0,0.103,0.0,0.0349548291741965,127.4828715506062,False
2008-08-18 03:30:00+00:00,3.767,97.0,1.6,0.937,0.0,0.103,0.7568,0.0240130139696009,184.88271438927035,False
2008-08-18 04:00:00+00:00,3.333,96.95,1.6,0.13,0.0,0.103,0.7568,0.0236747105818733,243.88584373635757,False
2008-08-18 04:30:00+00:00,3.399,97.65,1.6,0.056,0.0,0.1035,0.7568,0.0183267137159261,303.4823849219646,False
2008-08-18 05:00:00+00:00,3.588,96.5,1.6,0.168,0.0,0.1035,0.7568,0.0276628641298161,362.6523060591837,False
2008-08-18 05:30:00+00:00,3.865,96.15,34.5,0.238,0.0,0.1035,16.3185,0.0310307165881718,420.38287652435474,False
2008-08-18 06:00:00+00:00,5.866,92.5,34.5,0.35,0.0,0.1035,16.3185,0.0695386558636731,475.6860004903381,False
2008-08-18 06:30:00+00:00,7.191,86.35,56.8,1.01,0.0,0.1035,26.8664,0.138683548568884,527.6151288379953,False
2008-08-18 07:00:00+00:00,8.14,83.45,56.8,1.075,0.0,0.1035,26.8664,0.1794225341327919,575.281459987281,False
2008-08-18 07:30:00+00:00,8.87,80.395,71.8,0.856,0.0,0.1035,33.9614,0.2233459713789293,617.8691523590979,False
2008-08-18 08:00:00+00:00,9.4,76.175,71.8,0.465,0.0,0.1035,33.9614,0.2813172403625724,654.6492880955831,False
2008-08-18 08:30:00+00:00,9.39,75.52,111.9,0.687,0.0,0.103,52.9287,0.2888564317350618,684.9923490388417,False
2008-08-18 09:00:00+00:00,9.21,75.755,111.9,0.302,0.0,0.103,52.9287,0.2826299050110891,708.3789914316724,False
2008-08-18 09:30:00+00:00,9.75,70.14,110.9,0.559,0.0,0.103,52.4557,0.3609827812890776,724.4089349218367,False
2008-08-18 10:00:00+00:00,12.06,62.22,110.9,0.925,0.0,0.103,52.4557,0.5326825149681284,732.8078137261783,False
2008-08-18 10:30:00+00:00,10.49,67.03,161.0,0.655,0.0,0.103,76.15299999999999,0.4188468394032599,733.4318726896882,False
2008-08-18 11:00:00+00:00,11.0,64.15,161.0,0.958,0.0,0.103,76.15299999999999,0.4711884521325571,726.2704278604242,False
2008-08-18 11:30:00+00:00,12.86,58.44,331.0,1.211,0.0,0.1025,156.563,0.6176299323355354,711.4460494629984,False
2008-08-18 12:00:00+00:00,12.61,59.845,331.0,1.487,0.0,0.1025,156.563,0.5870415844756532,689.2124641359183,False
2008-08-18 12:30:00+00:00,13.51,56.83,178.2,1.306,0.0,0.102,84.28859999999999,0.6694047672623183,659.9502123344829,False
2008-08-18 13:00:00+00:00,14.45,50.95,178.2,1.75,0.0,0.102,84.28859999999999,0.8084671046357134,624.160135222834,False
2008-08-18 13:30:00+00:00,14.45,48.5,131.0,1.755,0.0,0.102,61.963,0.8488492535930529,582.4548025287837,False
2008-08-18 14:00:00+00:00,15.01,45.615,131.0,1.989,0.0,0.102,61.963,0.9294039192789232,535.5480280768644,False
2008-08-18 14:30:00+00:00,14.68,46.36,161.9,2.053,0.0,0.102,76.5787,0.8973662031381274,484.2426524463685,False
2008-08-18 15:00:00+00:00,14.75,44.985,161.9,2.365,0.0,0.102,76.5787,0.9245385923555076,429.4168018603592,False
2008-08-18 15:30:00+00:00,14.62,43.615,270.7,2.28,0.0,0.102,128.0411,0.9396391101826346,372.0088584927248,False
2008-08-18 16:00:00+00:00,14.86,42.91,270.7,2.105,0.0,0.102,128.0411,0.9662431645939942,313.0013994355588,False
2008-08-18 16:30:00+00:00,14.85,44.34,369.8,2.138,0.0,0.1015,174.9154,0.9414331399761218,253.404379221573,False
2008-08-18 17:00:00+00:00,14.48,41.2,369.8,1.923,0.0,0.101,174.9154,0.9710545800599008,194.23784374398687,False
2008-08-18 17:30:00+00:00,14.4,45.29,236.2,2.079,0.0,0.101,111.7226,0.8988446751329111,136.5144714371052,False
2008-08-18 18:00:00+00:00,14.01,48.785,236.2,2.133,0.0,0.101,111.7226,0.8204148333525445,81.2222405378335,False
2008-08-18 18:30:00+00:00,12.92,51.06,102.7,2.005,0.0,0.101,48.5771,0.7301704797353809,29.307519090853454,False
2008-08-18 19:00:00+00:00,12.54,53.06,102.7,1.647,0.0,0.101,48.5771,0.6830856120057317,0.0,False
2008-08-18 19:30:00+00:00,12.08,57.06,103.0,1.832,0.0,0.101,48.719,0.6062356823369168,0.0,False
2008-08-18 20:00:00+00:00,10.83,61.925,103.0,2.371,0.0,0.101,48.719,0.4947993964253622,0.0,False
2008-08-18 20:30:00+00:00,8.94,69.14,47.1,2.494,0.0,0.101,22.2783,0.353236151144106,0.0,False
2008-08-18 21:00:00+00:00,7.404,76.27,47.1,2.52,0.0,0.101,22.2783,0.2446446481324589,0.0,False
2008-08-18 21:30:00+00:00,6.034,80.95,4.7,2.37,0.0,0.101,2.2231,0.1786986978504288,0.0,False
2008-08-18 22:00:00+00:00,6.011,81.3,4.7,2.253,0.0,0.101,2.2231,0.1751360319841648,0.0,False
2008-08-18 22:30:00+00:00,6.059,81.2,0.1,2.328,0.0,0.101,0.0473,0.1766594335287853,0.0,False
2008-08-18 23:00:00+00:00,5.703,82.95,0.1,1.914,0.0,0.101,0.0473,0.1563046478767164,0.0,False
2008-08-18 23:30:00+00:00,5.542,84.3,0.0,1.464,0.0,0.101,0.0,0.1423257283084962,0.0,False
2008-08-19 00:00:00+00:00,5.137,85.35,0.0,1.649,0.0,0.1005,0.0,0.1291093098654485,0.0,False
2008-08-19 00:30:00+00:00,4.9,86.75,0.0,1.415,0.0,0.1,0.0,0.114852362074714,0.0,False
2008-08-19 01:00:00+00:00,4.496,89.35,0.0,0.466,0.0,0.1,0.0,0.0897375729132984,0.0,False
2008-08-19 01:30:00+00:00,3.826,91.85,0.0,1.337,0.0,0.1,0.0,0.0655077754926265,0.0,False
2008-08-19 02:00:00+00:00,3.195,94.1,0.0,1.355,0.0,0.1,0.0,0.0453507729445812,14.91737431521022,False
2008-08-19 02:30:00+00:00,2.896,95.45,0.0,1.144,0.0,0.1005,0.0,0.0342384494095102,66.36026560194591,False
2008-08-19 03:00:00+00:00,1.585,95.45,0.0,0.913,0.0,0.1005,0.0,0.0311722221116133,121.31798326109109,False
2008-08-19 03:30:00+00:00,1.668,97.4,1.2,1.165,0.0,0.1005,0.5676,0.0179193731637367,178.84988280546648,False
2008-08-19 04:00:00+00:00,1.162,97.75,1.2,0.527,0.0,0.1005,0.5676,0.0149518534111805,237.97125998775445,False
2008-08-19 04:30:00+00:00,1.522,98.15,12.7,1.124,0.0,0.1005,6.007099999999999,0.0126170730581482,297.6702047812737,False
2008-08-19 05:00:00+00:00,1.243,96.35,12.7,2.255,0.0,0.1005,6.007099999999999,0.024397488280633,356.92492102757257,False
2008-08-19 05:30:00+00:00,1.863,95.35,35.2,2.192,0.0,0.1005,16.6496,0.0325003072387619,414.7212153114927,False
2008-08-19 06:00:00+00:00,3.574,89.45,35.2,1.903,0.0,0.1005,16.6496,0.0833012139098709,470.0698557273469,False
2008-08-19 06:30:00+00:00,4.85,86.1,55.2,2.387,0.0,0.1005,26.1096,0.1200656875090119,522.0235034261376,False
2008-08-19 07:00:00+00:00,6.546,82.16,55.2,2.603,0.0,0.1005,26.1096,0.1733815338309752,569.6929271459059,False
2008-08-19 07:30:00+00:00,7.705,77.38,67.1,2.96,0.0,0.1005,31.738299999999995,0.2380558758001861,612.2622231987827,False
2008-08-19 08:00:00+00:00,8.75,74.695,67.1,3.118,0.0,0.1005,31.738299999999995,0.2859479267356395,649.0027804106343,False
2008-08-19 08:30:00+00:00,9.72,70.72,90.3,2.963,0.0,0.1,42.7119,0.3532578093041229,679.285750989874,False
2008-08-19 09:00:00+00:00,10.47,68.36,90.3,3.286,0.0,0.1,42.7119,0.4014138306216078,702.5928138739828,False
2008-08-19 09:30:00+00:00,11.03,66.05,89.2,3.263,0.0,0.1,42.1916,0.4471076688983653,718.5250463276728,False
2008-08-19 10:00:00+00:00,11.7,62.505,89.2,3.166,0.0,0.1,42.1916,0.5162386349517706,726.8097519452223,False
2008-08-19 10:30:00+00:00,11.81,60.615,136.5,2.901,0.0,0.1,64.5645,0.5462197399925502,727.3051281872487,False
2008-08-19 11:00:00+00:00,11.92,60.25,136.5,3.367,0.0,0.1,64.5645,0.5553032887509936,720.0026935601896,False
2008-08-19 11:30:00+00:00,13.08,60.135,221.6,3.183,0.0,0.1,104.8168,0.6010372397394689,705.0274328923606,False
2008-08-19 12:00:00+00:00,14.1,57.97,221.6,3.312,0.0,0.1,104.8168,0.6772250226365627,682.6356582171722,False
2008-08-19 12:30:00+00:00,13.81,58.44,144.0,3.6,0.0,0.0995,68.112,0.6571535725389744,653.2106218734187,False
2008-08-19 13:00:00+00:00,14.75,56.225,144.0,3.549,0.0,0.099,68.112,0.7356480392686058,617.2559569055411,False
2008-08-19 13:30:00+00:00,14.92,54.975,179.1,2.907,0.0,0.099,84.7143,0.7649980180715075,575.3870570343679,False
2008-08-19 14:00:00+00:00,14.93,56.025,179.1,3.396,0.0,0.099,84.7143,0.7476397623367518,528.3205437353035,False
2008-08-19 14:30:00+00:00,14.83,54.25,186.0,3.627,0.0,0.099,87.978,0.772817749307837,476.8620007019057,False
2008-08-19 15:00:00+00:00,15.47,52.265,186.0,3.506,0.0,0.099,87.978,0.840248384596346,421.8921856283088,False
2008-08-19 15:30:00+00:00,15.4,51.705,223.2,3.311,0.0,0.099,105.57359999999998,0.8462939781099001,364.35195530644415,False
2008-08-19 16:00:00+00:00,15.75,49.275,223.2,3.392,0.0,0.099,105.57359999999998,0.9090517320755216,305.22616205701075,False
2008-08-19 16:30:00+00:00,15.84,47.74,322.6,3.25,0.0,0.099,152.5898,0.9419720736280932,245.52679712025235,False
2008-08-19 17:00:00+00:00,15.54,47.43,322.6,2.8,0.0,0.099,152.5898,0.9295212467466388,186.27566952174436,False
2008-08-19 17:30:00+00:00,15.31,50.56,200.1,2.167,0.0,0.099,94.6473,0.8613638304802725,128.48691687995293,False
2008-08-19 18:00:00+00:00,14.9,52.395,200.1,2.288,0.0,0.098,94.6473,0.8077913202040629,73.14964749883939,False
2008-08-19 18:30:00+00:00,14.0,54.49,116.1,2.474,0.0,0.098,54.9153,0.7285529631094013,21.21101084247522,False
2008-08-19 19:00:00+00:00,13.21,57.955,116.1,2.299,0.0,0.098,54.9153,0.6393165523392349,0.0,False
2008-08-19 19:30:00+00:00,12.26,62.095,86.7,2.18,0.0,0.098,41.0091,0.5415374206515554,0.0,False
2008-08-19 20:00:00+00:00,11.23,65.385,86.7,2.735,0.0,0.098,41.0091,0.4619663490379244,0.0,False
2008-08-19 20:30:00+00:00,10.12,67.575,34.0,3.149,0.0,0.098,16.082,0.4018489017326438,0.0,False
2008-08-19 21:00:00+00:00,9.13,70.51,34.0,3.138,0.0,0.098,16.082,0.3419195067943881,0.0,False
2008-08-19 21:30:00+00:00,8.35,75.56,3.3,2.934,0.0,0.098,1.5608999999999995,0.2687742698848568,0.0,False
2008-08-19 22:00:00+00:00,7.694,83.385,3.3,3.119,0.0,0.098,1.5608999999999995,0.1747270028433942,0.0,False
2008-08-19 22:30:00+00:00,7.597,87.15,0.0,3.022,0.0,0.098,0.0,0.1342398015133926,0.0,False
2008-08-19 23:00:00+00:00,7.167,88.55,0.0,2.393,0.0,0.098,0.0,0.116140066886356,0.0,False
2008-08-19 23:30:00+00:00,6.898,88.8,0.0,2.407,0.0,0.098,0.0,0.1115226168377212,0.0,False
2008-08-20 00:00:00+00:00,7.065,88.05,0.0,2.494,0.0,0.098,0.0,0.1203652543438911,0.0,False
2008-08-20 00:30:00+00:00,7.018,87.8,0.0,2.572,0.0,0.098,0.0,0.1224869633333099,0.0,False
2008-08-20 01:00:00+00:00,6.877,87.95,0.0,2.311,0.0,0.098,0.0,0.119813075069155,0.0,False
2008-08-20 01:30:00+00:00,6.862,88.1,0.0,2.272,0.0,0.098,0.0,0.1181995060206605,0.0,False
2008-08-20 02:00:00+00:00,6.808,88.4,0.0,2.77,0.0,0.098,0.0,0.1147920319741921,8.393398569573575,False
2008-08-20 02:30:00+00:00,6.608,89.35,0.0,2.702,0.0,0.098,0.0,0.103947912374014,59.98939209486739,False
2008-08-20 03:00:00+00:00,6.528,90.0,0.0,2.817,0.0,0.098,0.0,0.0970662701101569,115.09078690282924,False
2008-08-20 03:30:00+00:00,6.284,90.9,0.7,2.701,0.0,0.098,0.3310999999999999,0.086853339563534,172.75446889944809,False
2008-08-20 04:00:00+00:00,6.163,91.0,0.7,2.465,0.0,0.098,0.3310999999999999,0.08518252923986,231.9934673460868,False
2008-08-20 04:30:00+00:00,5.978,91.15,4.4,2.65,0.0,0.098,2.0812,0.0826957782891089,291.79384782066234,False
2008-08-20 05:00:00+00:00,5.831,91.2,4.4,2.593,0.0,0.098,2.0812,0.0813939930292495,351.13206670671696,False
2008-08-20 05:30:00+00:00,5.763,90.8,16.0,2.591,0.0,0.0975,7.568,0.0846927516592575,408.9924901712422,False
2008-08-20 06:00:00+00:00,5.646,92.2,16.0,2.535,0.0,0.0975,7.568,0.071223106301827,464.38477777651184,False
2008-08-20 06:30:00+00:00,5.733,92.7,34.9,2.838,0.0,0.0975,16.5077,0.0670619126828628,516.3608331872323,False
2008-08-20 07:00:00+00:00,5.986,91.25,34.9,2.666,0.0,0.0975,16.5077,0.0818067378678562,564.0310318439649,False
2008-08-20 07:30:00+00:00,6.032,90.65,31.1,2.848,0.0,0.0975,14.7103,0.0876956004139391,606.5794478484131,False
2008-08-20 08:00:00+00:00,6.368,89.85,31.1,2.871,0.0,0.0975,14.7103,0.0974392549658253,643.277819435612,False
2008-08-20 08:30:00+00:00,6.596,89.9,41.5,2.697,0.0,0.0975,19.6295,0.0984981255702938,673.4980139977658,False
2008-08-20 09:00:00+00:00,6.685,90.55,41.5,2.724,0.0,0.0975,19.6295,0.0927266077052752,696.722779306116,False
2008-08-20 09:30:00+00:00,6.976,90.35,136.4,2.724,0.0,0.0975,64.5172,0.0966057482048442,712.554596910292,False
2008-08-20 10:00:00+00:00,7.334,89.75,136.4,2.568,0.0,0.0975,64.5172,0.1051665542101363,720.7224861775212,False
2008-08-20 10:30:00+00:00,7.615,87.65,138.7,2.659,0.0,0.0975,65.6051,0.1291754606092857,721.0866425109499,False
2008-08-20 11:00:00+00:00,8.32,85.3,138.7,2.967,0.0,0.0975,65.6051,0.1613309519262209,713.6408303563118,False
2008-08-20 11:30:00+00:00,8.46,84.85,183.8,2.684,0.0,0.0975,86.9374,0.1678596765404868,698.5124900353502,False
2008-08-20 12:00:00+00:00,8.57,84.9,183.8,2.78,0.0,0.0975,86.9374,0.1685601904215639,675.9605565745815,False
2008-08-20 12:30:00+00:00,8.9,82.9,160.7,2.779,0.0,0.0975,76.01109999999998,0.1952043578549871,646.3710278596384,False
2008-08-20 13:00:00+00:00,9.28,82.4,160.7,2.75,0.0,0.097,76.01109999999998,0.2061392979872098,610.2503579682078,False
2008-08-20 13:30:00+00:00,9.27,81.845,171.4,2.815,0.0,0.097,81.0722,0.2124962541887762,568.216788759082,False
2008-08-20 14:00:00+00:00,9.48,82.35,171.4,2.594,0.0,0.097,81.0722,0.2095317151875336,520.989768083931,False
2008-08-20 14:30:00+00:00,9.68,80.745,174.9,2.327,0.0,0.097,82.7277,0.2316839279073892,469.3776357383337,False
2008-08-20 15:00:00+00:00,9.94,81.065,174.9,2.357,0.0,0.097,82.7277,0.2318488222269568,414.2637879180771,False
2008-08-20 15:30:00+00:00,9.63,83.0,131.5,2.398,0.0,0.097,62.19949999999999,0.2038639213868318,356.59155698946205,False
2008-08-20 16:00:00+00:00,10.39,80.015,131.5,2.256,0.0,0.097,62.19949999999999,0.2521954847648454,297.3480653710941,False
2008-08-20 16:30:00+00:00,10.13,81.415,132.1,1.762,0.0,0.097,62.48329999999999,0.2304816899580898,237.54732988472665,False
2008-08-20 17:00:00+00:00,10.02,84.2,132.1,1.761,0.0,0.097,62.48329999999999,0.1945037344851084,178.2129057615871,False
2008-08-20 17:30:00+00:00,10.07,84.15,100.0,1.552,0.0,0.097,47.3,0.1957746218289008,120.36036737088672,False
2008-08-20 18:00:00+00:00,10.26,83.6,100.0,1.632,0.0,0.097,47.3,0.2051631542477103,64.97992553199228,False
2008-08-20 18:30:00+00:00,10.13,85.1,80.2,1.516,0.0,0.097,37.9346,0.1847821996435588,13.019478934461302,False
2008-08-20 19:00:00+00:00,9.85,87.05,80.2,1.286,0.0,0.0965,37.9346,0.1576103901783744,0.0,False
2008-08-20 19:30:00+00:00,9.94,86.75,40.0,1.253,0.0,0.0965,18.92,0.1622390754954938,0.0,False
2008-08-20 20:00:00+00:00,9.96,86.6,40.0,1.276,0.0,0.0965,18.92,0.1642961340224291,0.0,False
2008-08-20 20:30:00+00:00,9.77,87.7,12.2,1.577,0.0,0.097,5.770599999999999,0.1488969030044235,0.0,False
2008-08-20 21:00:00+00:00,9.61,88.95,12.2,1.626,0.0,0.097,5.770599999999999,0.1323333143456267,0.0,False
2008-08-20 21:30:00+00:00,9.49,89.8,12.2,1.915,0.0,0.0965,5.770599999999999,0.121170757915253,0.0,False
2008-08-20 22:00:00+00:00,9.42,90.25,12.2,1.919,0.0,0.0965,5.770599999999999,0.1152799033879111,0.0,False
2008-08-20 22:30:00+00:00,9.33,90.95,12.2,1.367,0.0,0.0965,5.770599999999999,0.106355961816931,0.0,False
2008-08-20 23:00:00+00:00,9.3,91.45,12.2,1.373,0.0,0.0965,5.770599999999999,0.1002767768004642,0.0,False
2008-08-20 23:30:00+00:00,9.28,92.7,0.0,1.34,0.0,0.0965,0.0,0.0855009588242404,0.0,False
2008-08-21 00:00:00+00:00,9.28,94.1,0.0,1.061,0.0,0.0965,0.0,0.069103514666167,0.0,False
2008-08-21 00:30:00+00:00,9.31,94.8,0.0,0.841,0.0,0.0965,0.0,0.061028208588688,0.0,False
2008-08-21 01:00:00+00:00,9.34,95.3,0.0,0.893,0.0,0.0965,0.0,0.0552718591593921,0.0,False
2008-08-21 01:30:00+00:00,9.37,95.85,0.0,0.889,0.0,0.0965,0.0,0.0489027218622371,0.0,False
2008-08-21 02:00:00+00:00,9.42,96.25,0.0,1.144,0.0,0.0965,0.0,0.0443384243799658,1.835904148873124,False
2008-08-21 02:30:00+00:00,9.46,96.2,0.0,1.116,0.0,0.0965,0.0,0.0450508919965775,53.58751945006662,False
2008-08-21 03:00:00+00:00,9.42,96.35,0.0,1.082,0.0,0.0965,0.0,0.0431560663965001,108.83424444902997,False
2008-08-21 03:30:00+00:00,9.45,96.5,0.1,1.21,0.5,0.0965,0.0473,0.0414662895273694,166.6304673695884,False
2008-08-21 04:00:00+00:00,9.5,96.6,0.1,1.249,0.0,0.0965,0.0473,0.0404174714239937,225.9869382359149,False
2008-08-21 04:30:00+00:00,9.62,96.7,6.9,1.341,0.5,0.0965,3.2637,0.0395469626663891,285.8877010281362,False
2008-08-21 05:00:00+00:00,9.75,96.6,6.9,1.67,0.0,0.0965,3.2637,0.0411031967978186,345.30748296076155,False
2008-08-21 05:30:00+00:00,9.87,96.55,15.7,1.599,0.0,0.0965,7.426099999999999,0.0420453103313531,403.22924324586864,False
2008-08-21 06:00:00+00:00,10.01,96.35,15.7,1.582,0.0,0.0965,7.426099999999999,0.0449026938233035,458.6615809731772,False
2008-08-21 06:30:00+00:00,10.21,96.1,48.8,1.275,0.0,0.0965,23.0824,0.0486257283768559,510.655704150081,False
2008-08-21 07:00:00+00:00,10.42,95.8,48.8,0.956,0.0,0.0965,23.0824,0.0531072283427325,558.3216694553266,False
2008-08-21 07:30:00+00:00,10.74,95.55,48.8,1.512,0.0,0.0965,23.0824,0.0574835773613841,600.843614742479,False
2008-08-21 08:00:00+00:00,10.97,95.25,48.8,1.588,0.0,0.0965,23.0824,0.0623063074069444,637.4937235690785,False
2008-08-21 08:30:00+00:00,11.47,93.65,134.6,1.401,0.0,0.0965,63.6658,0.0861064567813781,667.644682730096,False
2008-08-21 09:00:00+00:00,11.81,92.75,134.6,1.287,0.0,0.0965,63.6658,0.1005482573301,690.7804195677297,False
2008-08-21 09:30:00+00:00,11.83,93.5,121.9,1.207,0.0,0.0965,57.6587,0.0902659651302283,706.5049352734784,False
2008-08-21 10:00:00+00:00,11.87,94.05,121.9,1.383,0.0,0.0965,57.6587,0.0828467780368779,714.549082987162,False
2008-08-21 10:30:00+00:00,12.09,93.8,151.5,1.287,0.0,0.0965,71.6595,0.0875906184493803,714.775174674935,False
2008-08-21 11:00:00+00:00,12.34,93.05,151.5,1.319,0.0,0.0965,71.6595,0.0998169665996127,707.1793379312793,False
2008-08-21 11:30:00+00:00,12.48,93.3,164.3,0.789,0.0,0.0965,77.7139,0.0971167367490141,691.8915823626065,False
2008-08-21 12:00:00+00:00,13.05,91.7,164.3,0.854,0.0,0.0965,77.7139,0.1248921548148581,669.173574413527,False
2008-08-21 12:30:00+00:00,13.54,89.15,273.2,1.094,0.0,0.0965,129.22359999999998,0.1685721684472896,639.4141587196232,False
2008-08-21 13:00:00+00:00,13.91,87.85,273.2,1.331,0.0,0.0965,129.22359999999998,0.1933709568636627,603.1227026416703,False
2008-08-21 13:30:00+00:00,14.37,83.6,300.2,1.837,0.0,0.0965,141.9946,0.268917006184337,560.9203778954136,False
2008-08-21 14:00:00+00:00,15.48,80.925,300.2,1.839,0.0,0.0965,141.9946,0.3359804658135544,513.5295285002215,False
2008-08-21 14:30:00+00:00,15.85,77.59,406.5,2.404,0.0,0.096,192.2745,0.4041926169342282,461.76130702544447,False
2008-08-21 15:00:00+00:00,15.41,80.075,406.5,2.234,0.0,0.096,192.2745,0.3493785906522044,406.50179075361496,False
2008-08-21 15:30:00+00:00,15.02,83.55,223.6,2.116,0.0,0.096,105.7628,0.2813008347437631,348.69681539831515,False
2008-08-21 16:00:00+00:00,14.36,86.95,223.6,2.216,0.0,0.096,105.7628,0.2138472718808345,289.33578596534767,False
2008-08-21 16:30:00+00:00,14.52,82.815,140.7,1.99,0.0,0.096,66.55109999999999,0.2845374917469014,229.4347418538312,False
2008-08-21 17:00:00+00:00,14.25,84.0,140.7,1.615,0.0,0.096,66.55109999999999,0.2603264540356656,170.0189660589975,False
2008-08-21 17:30:00+00:00,14.19,81.78,184.4,1.363,0.0,0.096,87.2212,0.2952959017240015,112.10543614179824,False
2008-08-21 18:00:00+00:00,14.13,77.85,184.4,1.296,0.0,0.096,87.2212,0.3575960294884365,56.685417339639685,False
2008-08-21 18:30:00+00:00,13.89,77.015,116.5,1.251,0.0,0.096,55.1045,0.3653380713301602,4.707495759780456,False
2008-08-21 19:00:00+00:00,13.4,78.575,116.5,0.754,0.0,0.096,55.1045,0.3298461485437539,0.0,False
2008-08-21 19:30:00+00:00,13.01,80.04,36.1,1.053,0.0,0.096,17.0753,0.2995577449938819,0.0,False
2008-08-21 20:00:00+00:00,12.64,80.88,36.1,0.613,0.0,0.096,17.0753,0.2800739480513368,0.0,False
2008-08-21 20:30:00+00:00,12.31,81.335,10.6,0.71,0.0,0.096,5.0138,0.2675407156119005,0.0,False
2008-08-21 21:00:00+00:00,11.94,82.0,10.6,0.054,0.0,0.096,5.0138,0.2517904398858739,0.0,False
2008-08-21 21:30:00+00:00,11.78,81.225,0.9,0.249,0.0,0.096,0.4256999999999999,0.2598693822108514,0.0,False
2008-08-21 22:00:00+00:00,11.72,83.4,0.9,0.46,0.0,0.0955,0.4256999999999999,0.2288547230081752,0.0,False
2008-08-21 22:30:00+00:00,11.3,87.25,0.0,0.308,0.0,0.0955,0.0,0.1709522221287194,0.0,False
2008-08-21 23:00:00+00:00,10.93,90.0,0.0,1.075,0.0,0.0955,0.0,0.1308223585255828,0.0,False
2008-08-21 23:30:00+00:00,10.75,91.7,0.0,1.249,0.0,0.0955,0.0,0.1072880768397123,0.0,False
2008-08-22 00:00:00+00:00,10.68,91.9,0.0,0.477,0.0,0.0955,0.0,0.1042151240407439,0.0,False
2008-08-22 00:30:00+00:00,10.6,90.35,0.0,0.247,0.0,0.0955,0.0,0.123496407572799,0.0,False
2008-08-22 01:00:00+00:00,10.29,91.7,0.0,0.746,0.0,0.0955,0.0,0.1040412904571754,0.0,False
2008-08-22 01:30:00+00:00,9.83,92.75,0.0,0.281,0.0,0.0955,0.0,0.0881190071434733,0.0,False
2008-08-22 02:00:00+00:00,9.38,93.15,0.0,0.351,0.0,0.0955,0.0,0.0807734002679173,0.0,False
2008-08-22 02:30:00+00:00,9.44,93.3,0.0,0.409,0.0,0.0955,0.0,0.0793248471038895,47.12660228520963,False
2008-08-22 03:00:00+00:00,9.53,92.35,0.0,0.839,0.0,0.0955,0.0,0.0911232550162184,102.51850005237524,False
2008-08-22 03:30:00+00:00,9.68,91.9,0.0,0.441,0.0,0.096,0.0,0.0974624677252584,160.4467502124078,False
2008-08-22 04:00:00+00:00,9.59,93.4,0.0,0.144,0.0,0.096,0.0,0.078934381558219,219.9198325933608,False
2008-08-22 04:30:00+00:00,9.74,92.75,0.0,0.14,0.0,0.0955,0.0,0.0875876187042384,279.91978457602534,False
2008-08-22 05:00:00+00:00,9.95,92.15,0.0,0.191,0.0,0.0955,0.0,0.0961835348853562,339.41962490035576,False
2008-08-22 05:30:00+00:00,10.23,91.3,0.0,0.259,0.0,0.0955,0.0,0.1086181594705937,397.4009318551352,False
2008-08-22 06:00:00+00:00,10.52,91.05,0.0,0.851,0.0,0.0955,0.0,0.1139278260859998,452.8712749760785,False
2008-08-22 06:30:00+00:00,10.83,89.5,0.0,0.76,0.0,0.0955,0.0,0.1364515735381826,504.8812018846373,False
2008-08-22 07:00:00+00:00,11.08,87.4,0.0,0.654,0.0,0.0955,0.0,0.1664896286498309,552.5404895136021,False
2008-08-22 07:30:00+00:00,11.39,86.45,0.0,0.628,0.0,0.0955,0.0,0.1827668645455652,595.0333815563238,False
2008-08-22 08:00:00+00:00,12.07,83.7,0.0,0.817,0.0,0.095,0.0,0.2299749787425571,631.6325513282196,False
2008-08-22 08:30:00+00:00,13.08,78.775,0.0,0.726,0.0,0.095,0.0,0.3200054035738171,661.7115510451079,False
2008-08-22 09:00:00+00:00,13.81,74.4,0.0,0.806,0.0,0.095,0.0,0.4047914210057204,684.7555344297901,False
2008-08-22 09:30:00+00:00,14.45,70.39,0.0,0.814,0.0,0.095,0.0,0.4880471145415591,700.3700691123339,False
2008-08-22 10:00:00+00:00,14.86,68.16,0.0,0.748,0.0,0.095,0.0,0.5388891637882778,708.2878879852138,False
2008-08-22 10:30:00+00:00,15.63,63.07,251.9,1.271,0.0,0.095,119.1487,0.6567603723250034,708.3734639518669,False
2008-08-22 11:00:00+00:00,15.73,61.4,251.9,1.085,0.0,0.095,119.1487,0.6908719896818093,700.6253297628589,False
2008-08-22 11:30:00+00:00,15.53,63.035,289.6,1.087,0.0,0.095,136.98080000000002,0.6531808847695313,685.1761032296893,False
2008-08-22 12:00:00+00:00,15.34,65.11,289.6,1.009,0.0,0.095,136.98080000000002,0.6090406920879234,662.2902173820133,False
2008-08-22 12:30:00+00:00,14.99,66.685,200.1,0.816,0.0,0.095,94.6473,0.5685983735265533,632.35939441718,False
2008-08-22 13:00:00+00:00,15.19,65.37,200.1,0.302,0.0,0.095,94.6473,0.598700967801684,595.8959409092845,False
2008-08-22 13:30:00+00:00,15.72,64.71,322.1,0.089,0.0,0.095,152.3533,0.6312243944518103,553.523979037306,False
2008-08-22 14:00:00+00:00,16.63,60.62,322.1,0.578,0.0,0.0945,152.3533,0.7465002699675141,505.9687639200845,False
2008-08-22 14:30:00+00:00,16.03,61.63,286.2,1.453,0.0,0.0945,135.37259999999998,0.7000622790788564,454.0442699050365,False
2008-08-22 15:00:00+00:00,15.93,62.035,286.2,2.843,0.0,0.095,135.37259999999998,0.6882596430640178,398.6392582873733,False
2008-08-22 15:30:00+00:00,16.13,61.465,224.1,2.388,0.0,0.0945,105.9993,0.7075774783455951,340.7020649290116,False
2008-08-22 16:00:00+00:00,16.44,61.01,224.1,2.088,0.0,0.0945,105.9993,0.7302246016391439,281.2243681578661,False
2008-08-22 16:30:00+00:00,16.26,66.75,261.5,1.813,0.0,0.0945,123.6895,0.6156202022845979,221.22421478226903,False
2008-08-22 17:00:00+00:00,15.06,73.855,261.5,1.108,0.0,0.0945,123.6895,0.4482420008356945,161.72859475427063,False
2008-08-22 17:30:00+00:00,14.78,75.215,207.1,1.532,0.0,0.0945,97.9583,0.4173244143382521,103.75586274138912,False
2008-08-22 18:00:00+00:00,14.05,80.15,207.1,1.678,0.0,0.0945,97.9583,0.3188047216729788,48.29830748719458,False
2008-08-22 18:30:00+00:00,13.61,81.65,133.9,1.586,0.0,0.094,63.3347,0.2864001873043153,0.0,False
2008-08-22 19:00:00+00:00,12.87,85.6,133.9,1.589,0.0,0.094,63.3347,0.2141410515003849,0.0,False
2008-08-22 19:30:00+00:00,12.49,88.05,49.3,1.269,0.0,0.094,23.3189,0.1733295876785432,0.0,False
2008-08-22 20:00:00+00:00,12.27,88.7,49.3,1.166,0.0,0.094,23.3189,0.1615460877029567,0.0,False
2008-08-22 20:30:00+00:00,11.93,90.2,8.7,1.096,0.0,0.094,4.115099999999999,0.1369954077596243,0.0,False
2008-08-22 21:00:00+00:00,11.64,91.8,8.7,1.525,0.0,0.094,4.115099999999999,0.1124518228327564,0.0,False
2008-08-22 21:30:00+00:00,11.46,92.65,0.4,1.044,0.0,0.094,0.1892,0.0996004810878251,0.0,False
2008-08-22 22:00:00+00:00,11.38,93.25,0.4,1.361,0.0,0.094,0.1892,0.0909858496584538,0.0,False
2008-08-22 22:30:00+00:00,11.27,94.15,0.0,1.62,0.0,0.094,0.0,0.0782808396802177,0.0,False
2008-08-22 23:00:00+00:00,11.22,93.75,0.0,1.194,0.0,0.094,0.0,0.0833561338005773,0.0,False
2008-08-22 23:30:00+00:00,11.25,92.75,0.0,1.063,0.0,0.094,0.0,0.0968859631609285,0.0,False
2008-08-23 00:00:00+00:00,11.12,93.2,0.0,1.087,0.0,0.094,0.0,0.0900908257423181,0.0,False
2008-08-23 00:30:00+00:00,10.87,94.15,0.0,0.736,0.0,0.094,0.0,0.0762258873507378,0.0,False
2008-08-23 01:00:00+00:00,10.7,94.95,0.0,1.385,0.0,0.094,0.0,0.0650603735122275,0.0,False
2008-08-23 01:30:00+00:00,10.67,94.85,0.0,1.27,0.0,0.094,0.0,0.066216039739026,0.0,False
2008-08-23 02:00:00+00:00,10.55,94.7,0.0,0.736,0.0,0.094,0.0,0.0676009674107034,0.0,False
2008-08-23 02:30:00+00:00,10.32,94.95,0.0,0.529,0.0,0.094,0.0,0.0634294463243051,40.63819817627529,False
2008-08-23 03:00:00+00:00,10.17,94.8,0.0,0.351,0.0,0.094,0.0,0.0646608222046275,96.1766668893019,False
2008-08-23 03:30:00+00:00,10.12,94.55,0.0,0.723,0.0,0.094,0.0,0.0675428377623102,154.23744718089324,False
2008-08-23 04:00:00+00:00,10.01,94.45,0.0,0.139,0.0,0.094,0.0,0.0682766988272148,213.82674033628336,False
2008-08-23 04:30:00+00:00,9.95,94.25,2.4,0.404,1.0,0.094,1.1352,0.0704529077185731,273.9245842715031,False
2008-08-23 05:00:00+00:00,9.92,94.0,2.4,0.443,1.0,0.094,1.1352,0.0733681854263771,333.5023117410264,False
2008-08-23 05:30:00+00:00,9.88,94.5,12.4,0.608,0.5,0.094,5.8652,0.0670737853344232,391.5401575641137,False
2008-08-23 06:00:00+00:00,9.88,94.9,12.4,0.557,0.5,0.0945,5.8652,0.0621956918555559,447.0447134948729,False
2008-08-23 06:30:00+00:00,9.87,95.1,15.7,0.594,0.0,0.096,7.426099999999999,0.0597165277169944,499.0659319687259,False
2008-08-23 07:00:00+00:00,9.94,95.35,15.7,0.82,0.5,0.0965,7.426099999999999,0.0569367321550225,546.7133876790161,False
2008-08-23 07:30:00+00:00,10.05,95.45,46.1,0.775,0.5,0.0985,21.8053,0.0561249655482852,589.1715186407039,False
2008-08-23 08:00:00+00:00,10.26,94.6,46.1,1.74,0.0,0.1005,21.8053,0.0675537215205876,625.7135858651511,False
2008-08-23 08:30:00+00:00,10.56,92.85,91.1,2.347,0.5,0.1025,43.09029999999999,0.0912584576518529,655.7141127029179,False
2008-08-23 09:00:00+00:00,10.57,93.8,91.1,3.188,0.0,0.1035,43.09029999999999,0.0791860700697155,678.65959093385,False
2008-08-23 09:30:00+00:00,10.46,95.2,68.6,2.751,0.5,0.1035,32.447799999999994,0.0608564815379506,694.157270350816,False
2008-08-23 10:00:00+00:00,10.12,95.4,68.6,2.907,0.0,0.1045,32.447799999999994,0.0570086337076379,701.941881387386,False
2008-08-23 10:30:00+00:00,10.05,95.25,94.8,3.887,0.5,0.1065,44.8404,0.058591997000957,701.8801757185906,False
2008-08-23 11:00:00+00:00,9.6,94.45,94.8,3.384,0.0,0.1075,44.8404,0.0664213332125634,693.9732071127482,False
2008-08-23 11:30:00+00:00,9.57,95.0,92.5,3.252,0.0,0.1075,43.7525,0.0597183152312469,678.3563134913621,False
2008-08-23 12:00:00+00:00,9.82,94.25,92.5,3.248,0.0,0.108,43.7525,0.0698405504969363,655.2968005015546,False
2008-08-23 12:30:00+00:00,9.48,93.4,146.8,3.417,0.0,0.1075,69.4364,0.0783518028463297,625.1893662478091,False
2008-08-23 13:00:00+00:00,9.89,91.25,146.8,3.102,0.0,0.1075,69.4364,0.1067799753129647,588.5493454935228,False
2008-08-23 13:30:00+00:00,10.07,88.0,234.9,2.63,0.0,0.107,111.1077,0.1482205338767704,546.0038889661738,False
2008-08-23 14:00:00+00:00,9.91,88.15,234.9,2.883,0.0,0.107,111.1077,0.1448049185622128,498.2812287443072,False
2008-08-23 14:30:00+00:00,9.88,87.25,133.2,2.667,0.0,0.107,63.00359999999999,0.15548922963889,446.1982134641987,False
2008-08-23 15:00:00+00:00,9.68,86.75,133.2,3.014,0.0,0.107,63.00359999999999,0.1594293453530463,390.6463266994925,False
2008-08-23 15:30:00+00:00,9.48,90.0,96.0,2.999,0.0,0.107,45.408,0.1187148527974693,332.5764278301265,False
2008-08-23 16:00:00+00:00,9.65,89.45,96.0,3.148,0.0,0.107,45.408,0.1266859220791052,272.9824765839011,False
2008-08-23 16:30:00+00:00,9.37,90.25,126.8,3.027,0.0,0.107,59.9764,0.1148919369052557,212.88451983047025,False
2008-08-23 17:00:00+00:00,9.8,87.25,126.8,2.481,0.0,0.107,59.9764,0.1546558539660938,153.31123183578387,False
2008-08-23 17:30:00+00:00,9.85,83.95,129.1,2.754,0.0,0.1065,61.0643,0.195339518329182,95.28230682847835,False
2008-08-23 18:00:00+00:00,9.81,80.81,129.1,2.181,0.0,0.1065,61.0643,0.2329286880708637,39.79100525804013,False
2008-08-23 18:30:00+00:00,9.51,80.54,58.1,2.235,0.0,0.1065,27.4813,0.2314864661496994,0.0,False
2008-08-23 19:00:00+00:00,9.24,81.335,58.1,2.457,0.0,0.106,27.4813,0.218023635690127,0.0,False
2008-08-23 19:30:00+00:00,8.99,81.095,27.2,2.228,0.0,0.106,12.8656,0.2171276539312183,0.0,False
2008-08-23 20:00:00+00:00,8.7,81.145,27.2,1.975,0.0,0.106,12.8656,0.2123415614025741,0.0,False
2008-08-23 20:30:00+00:00,8.48,81.35,9.1,1.486,0.0,0.106,4.3043,0.2069201000799247,0.0,False
2008-08-23 21:00:00+00:00,8.38,80.58,9.1,1.055,0.0,0.1055,4.3043,0.2140038680785896,0.0,False
2008-08-23 21:30:00+00:00,8.12,81.95,0.5,0.762,0.0,0.1055,0.2365,0.1954179453062099,0.0,False
2008-08-23 22:00:00+00:00,7.854,82.65,0.5,0.865,0.0,0.1055,0.2365,0.1844620865554012,0.0,False
2008-08-23 22:30:00+00:00,7.554,83.85,0.0,0.699,0.0,0.1055,0.0,0.1682180487184036,0.0,False
2008-08-23 23:00:00+00:00,7.283,85.75,0.0,0.747,0.0,0.1055,0.0,0.1456965916582806,0.0,False
2008-08-23 23:30:00+00:00,7.104,87.3,0.0,0.803,0.0,0.1055,0.0,0.1282628519115329,0.0,False
2008-08-24 00:00:00+00:00,6.979,87.35,0.0,0.338,0.0,0.1045,0.0,0.1266647568627697,0.0,False
2008-08-24 00:30:00+00:00,6.857,88.25,0.0,0.381,0.0,0.1045,0.0,0.1166694270596427,0.0,False
2008-08-24 01:00:00+00:00,6.708,88.75,0.0,0.566,0.0,0.1045,0.0,0.1105639954452573,0.0,False
2008-08-24 01:30:00+00:00,6.607,88.95,0.0,0.573,0.0,0.1045,0.0,0.1078446186204674,0.0,False
2008-08-24 02:00:00+00:00,6.401,90.7,0.0,0.408,0.0,0.1045,0.0,0.0894831929265535,0.0,False
2008-08-24 02:30:00+00:00,6.297,91.05,0.0,0.624,0.0,0.1045,0.0,0.0854985424166595,34.06403798253654,False
2008-08-24 03:00:00+00:00,6.326,90.55,0.0,0.115,0.0,0.1045,0.0,0.0904562438272675,89.74701467103726,False
2008-08-24 03:30:00+00:00,6.235,91.4,0.0,0.046,0.0,0.1045,0.0,0.0818033602330625,147.9384516562246,False
2008-08-24 04:00:00+00:00,6.059,92.2,0.0,0.2,0.0,0.1045,0.0,0.0732948713576875,207.6423040208555,False
2008-08-24 04:30:00+00:00,5.977,93.3,5.3,0.191,0.0,0.104,2.5069,0.0626015015927249,267.8366387734013,False
2008-08-24 05:00:00+00:00,6.189,92.45,5.3,0.15,0.0,0.104,2.5069,0.0715874362608357,327.4911269631782,False
2008-08-24 05:30:00+00:00,6.432,91.15,5.3,0.046,0.0,0.104,2.5069,0.0853359683314533,385.5846795226191,False
2008-08-24 06:00:00+00:00,6.782,88.8,5.3,0.261,0.0,0.104,2.5069,0.110635359737354,441.1229249689721,False
2008-08-24 06:30:00+00:00,7.226,86.85,5.3,0.379,0.0,0.104,2.5069,0.1339249628231612,493.1552298042623,False
2008-08-24 07:00:00+00:00,7.752,83.6,5.3,0.639,0.0,0.1035,2.5069,0.1731511536678187,540.7909702794935,False
2008-08-24 07:30:00+00:00,8.28,80.66,5.3,1.174,0.0,0.1035,2.5069,0.2116776408933212,583.2147770027882,False
2008-08-24 08:00:00+00:00,8.71,76.855,5.3,1.187,0.0,0.1035,2.5069,0.2608315555933344,619.7004914525211,False
2008-08-24 08:30:00+00:00,9.15,74.58,5.3,1.817,0.0,0.1035,2.5069,0.2951287383596548,649.6235955039716,False
2008-08-24 09:00:00+00:00,9.75,72.475,5.3,1.325,0.0,0.103,2.5069,0.3327545564293994,672.4719012148331,False
2008-08-24 09:30:00+00:00,10.19,72.18,5.3,1.232,0.0,0.103,2.5069,0.346399191072784,687.8543178933994,False
2008-08-24 10:00:00+00:00,10.25,68.28,5.3,0.978,0.0,0.103,2.5069,0.3965499909454092,695.5075463835311,False
2008-08-24 10:30:00+00:00,11.11,61.46,375.2,0.442,0.0,0.103,177.4696,0.5102636680148886,695.3005859797797,False
2008-08-24 11:00:00+00:00,10.46,64.71,375.2,0.948,0.0,0.1025,177.4696,0.4474219236404751,687.2369768264774,False
2008-08-24 11:30:00+00:00,10.73,64.59,249.4,0.768,0.0,0.1025,117.9662,0.4571093326939438,671.454739415715,False
2008-08-24 12:00:00+00:00,11.01,62.835,249.4,0.231,0.0,0.1025,117.9662,0.4887970689466075,648.2240122172809,False
2008-08-24 12:30:00+00:00,11.59,59.895,330.8,0.746,0.0,0.1025,156.4684,0.54816770118412,617.942427874177,False
2008-08-24 13:00:00+00:00,11.47,60.725,330.8,0.269,0.0,0.1025,156.4684,0.5325718252108081,581.1283071058347,False
2008-08-24 13:30:00+00:00,11.6,60.705,290.5,0.482,0.0,0.1025,137.4065,0.5374521530217171,538.4117868150217,False
2008-08-24 14:00:00+00:00,11.94,58.645,290.5,1.175,0.0,0.1015,137.4065,0.5784885356377952,490.5240342544598,False
2008-08-24 14:30:00+00:00,11.93,58.005,300.0,1.294,0.0,0.1015,141.9,0.5870532804964719,438.2847318696572,False
2008-08-24 15:00:00+00:00,12.18,57.8,300.0,1.045,0.0,0.1015,141.9,0.5997294068581561,382.5880470354626,False
2008-08-24 15:30:00+00:00,12.11,58.49,254.4,1.317,0.0,0.1015,120.3312,0.5872073242214225,324.38732683749146,False
2008-08-24 16:00:00+00:00,12.04,59.575,254.4,1.172,0.0,0.1015,120.3312,0.5692243326543653,264.6787798734519,False
2008-08-24 16:30:00+00:00,11.93,61.095,229.0,1.645,0.0,0.1015,108.317,0.5438577896824679,204.48442438832743,False
2008-08-24 17:00:00+00:00,11.93,60.47,229.0,1.183,0.0,0.1015,108.317,0.5525947417079541,144.83459461590544,False
2008-08-24 17:30:00+00:00,11.65,61.785,181.7,0.673,0.0,0.101,85.94409999999999,0.5244136483841131,86.75030476175448,False
2008-08-24 18:00:00+00:00,11.28,63.41,181.7,0.738,0.0,0.101,85.94409999999999,0.489948419576455,31.22577249952527,False
2008-08-24 18:30:00+00:00,10.74,67.785,84.3,0.892,0.0,0.101,39.8739,0.4161423471229192,0.0,False
2008-08-24 19:00:00+00:00,10.52,69.085,84.3,0.973,0.0,0.101,39.8739,0.3935283512233168,0.0,False
2008-08-24 19:30:00+00:00,10.22,72.675,44.8,0.878,0.0,0.101,21.1904,0.3409200412380022,0.0,False
2008-08-24 20:00:00+00:00,9.68,79.05,44.8,0.932,0.0,0.1005,21.1904,0.2520788517091563,0.0,False
2008-08-24 20:30:00+00:00,9.16,80.37,13.0,1.088,0.0,0.1005,6.149,0.2280602747039147,0.0,False
2008-08-24 21:00:00+00:00,8.64,83.4,13.0,0.968,0.0,0.1005,6.149,0.1861869290451145,0.0,False
2008-08-24 21:30:00+00:00,8.31,84.9,0.4,0.836,0.0,0.1005,0.1892,0.1656082180977676,0.0,False
2008-08-24 22:00:00+00:00,8.28,84.15,0.4,0.618,0.0,0.1005,0.1892,0.1734793489223961,0.0,False
2008-08-24 22:30:00+00:00,8.26,82.3,0.0,1.003,0.0,0.1005,0.0,0.1934642458724945,0.0,False
2008-08-24 23:00:00+00:00,8.3,81.75,0.0,0.84,0.0,0.1005,0.0,0.2000195089897937,0.0,False
2008-08-24 23:30:00+00:00,8.05,82.25,0.0,0.874,0.0,0.1005,0.0,0.1912553942686465,0.0,False
2008-08-25 00:00:00+00:00,7.901,83.6,0.0,0.84,0.0,0.1,0.0,0.1749222299736937,0.0,False
2008-08-25 00:30:00+00:00,7.81,83.4,0.0,0.867,0.0,0.1,0.0,0.175958667219043,0.0,False
2008-08-25 01:00:00+00:00,8.24,80.08,0.0,1.201,0.0,0.1,0.0,0.2174330793244006,0.0,False
2008-08-25 01:30:00+00:00,8.06,82.45,0.0,1.272,0.0,0.1,0.0,0.1892293578590359,0.0,False
2008-08-25 02:00:00+00:00,7.988,84.2,0.0,1.225,0.0,0.1,0.0,0.1695259982019671,0.0,False
2008-08-25 02:30:00+00:00,7.844,87.05,0.0,1.145,0.0,0.1,0.0,0.1375880903257103,27.49586837232364,False
2008-08-25 03:00:00+00:00,7.944,89.05,0.0,1.18,0.0,0.0995,0.0,0.1171358206438462,83.32616340777665,False
2008-08-25 03:30:00+00:00,8.0,89.45,0.0,1.365,0.0,0.1,0.0,0.1132888407730254,141.64963184783232,False
2008-08-25 04:00:00+00:00,7.992,90.0,0.0,1.438,0.0,0.1,0.0,0.1073242125132097,201.467959326369,False
2008-08-25 04:30:00+00:00,7.984,90.15,1.8,1.641,0.0,0.1,0.8513999999999999,0.1056566806634456,261.75724368332254,False
2008-08-25 05:00:00+00:00,7.959,90.4,1.8,1.657,0.0,0.0995,0.8513999999999999,0.1027995720775615,321.4855209525368,False
2008-08-25 05:30:00+00:00,8.03,90.9,10.0,1.338,0.0,0.0995,4.73,0.0979184513989047,379.63042935776247,False
2008-08-25 06:00:00+00:00,8.17,91.15,10.0,1.679,0.0,0.0995,4.73,0.0961412364938832,435.1967089646535,False
2008-08-25 06:30:00+00:00,8.5,90.45,45.6,1.807,0.0,0.0995,21.5688,0.1061004467450439,487.23323744876456,False
2008-08-25 07:00:00+00:00,8.86,87.8,45.6,1.825,0.0,0.0995,21.5688,0.1388919317593352,534.8493103799394,False
2008-08-25 07:30:00+00:00,9.02,85.45,86.4,1.667,0.0,0.0995,40.8672,0.1674490557747551,577.2298873542073,False
2008-08-25 08:00:00+00:00,9.32,84.4,86.4,1.652,0.0,0.0995,40.8672,0.1832081881090946,613.6495430057769,False
2008-08-25 08:30:00+00:00,9.61,82.8,125.8,1.621,0.0,0.0995,59.5034,0.2059848874882155,643.4848840996234,False
2008-08-25 09:00:00+00:00,9.91,80.66,125.8,1.888,0.0,0.0995,59.5034,0.2363314029530125,666.2252201608494,False
2008-08-25 09:30:00+00:00,10.14,79.0,175.2,2.062,0.0,0.0995,82.86959999999999,0.2606058727988228,681.4813049909002,False
2008-08-25 10:00:00+00:00,10.51,75.56,175.2,1.934,0.0,0.099,82.86959999999999,0.3108979372216915,688.991999440747,False
2008-08-25 10:30:00+00:00,10.91,73.735,241.8,1.775,0.0,0.099,114.3714,0.3431476455862197,688.6287413927924,False
2008-08-25 11:00:00+00:00,11.26,72.335,241.8,1.834,0.0,0.099,114.3714,0.3699490515298073,680.3977464368571,False
2008-08-25 11:30:00+00:00,11.72,69.615,289.5,1.797,0.0,0.099,136.93349999999998,0.418900648108639,664.4399015690603,False
2008-08-25 12:00:00+00:00,11.77,68.095,289.5,2.044,0.0,0.0985,136.93349999999998,0.4413130257229939,641.0283537306834,False
2008-08-25 12:30:00+00:00,11.93,68.325,273.9,1.735,0.0,0.0985,129.5547,0.442788728651643,610.5638344614296,False
2008-08-25 13:00:00+00:00,11.88,67.425,273.9,1.756,0.0,0.099,129.5547,0.4538684761122416,573.5678006921856,False
2008-08-25 13:30:00+00:00,11.79,67.88,189.7,1.882,0.0,0.0985,89.72809999999998,0.4448748479838561,530.6735090836884,False
2008-08-25 14:00:00+00:00,12.43,65.655,189.7,1.602,0.0,0.0985,89.72809999999998,0.4961978186122486,482.61517668877,False
2008-08-25 14:30:00+00:00,12.38,64.655,298.9,1.552,0.0,0.0985,141.3797,0.5089683636524077,430.2154134724926,False
2008-08-25 15:00:00+00:00,12.31,64.86,298.9,1.559,0.0,0.0985,141.3797,0.5036903694938217,374.3711418052287,False
2008-08-25 15:30:00+00:00,12.39,64.42,252.9,1.723,0.0,0.098,119.6217,0.5126895884548262,316.0382439422757,False
2008-08-25 16:00:00+00:00,12.27,66.025,252.9,2.018,0.0,0.098,119.6217,0.4857104716555712,256.2152002770082,False
2008-08-25 16:30:00+00:00,11.94,67.61,150.6,1.657,0.0,0.098,71.23379999999999,0.4530829082168586,195.92599842978888,False
2008-08-25 17:00:00+00:00,11.78,68.1,150.6,1.647,0.0,0.098,71.23379999999999,0.4415357279641096,136.202605716137,False
2008-08-25 17:30:00+00:00,11.6,68.36,131.3,1.232,0.0,0.098,62.1049,0.4327519053723662,78.06730501175336,False
2008-08-25 18:00:00+00:00,11.31,69.17,131.3,1.631,0.0,0.098,62.1049,0.4136436503584285,22.515196370701798,False
2008-08-25 18:30:00+00:00,10.98,70.865,75.8,1.459,0.0,0.098,35.85339999999999,0.3824216532459531,0.0,False
2008-08-25 19:00:00+00:00,10.59,72.625,75.8,1.105,0.0,0.098,35.85339999999999,0.3500992596758512,0.0,False
2008-08-25 19:30:00+00:00,10.17,75.125,25.7,1.101,0.0,0.098,12.1561,0.3093149908346362,0.0,False
2008-08-25 20:00:00+00:00,9.82,77.725,25.7,1.222,0.0,0.098,12.1561,0.2705562195337838,0.0,False
2008-08-25 20:30:00+00:00,9.57,77.925,5.7,1.086,0.0,0.098,2.6961,0.263656361745955,0.0,False
2008-08-25 21:00:00+00:00,9.16,80.19,5.7,0.954,0.0,0.098,2.6961,0.2301515049355351,0.0,False
2008-08-25 21:30:00+00:00,8.98,80.73,0.2,1.105,0.0,0.098,0.0946,0.2211700794572877,0.0,False
2008-08-25 22:00:00+00:00,8.71,82.0,0.2,1.359,0.0,0.0975,0.0946,0.2028502052572919,0.0,False
2008-08-25 22:30:00+00:00,8.61,82.4,0.0,1.156,0.0,0.0975,0.0,0.1970016013732388,0.0,False
2008-08-25 23:00:00+00:00,8.5,84.1,0.0,0.792,0.0,0.0975,0.0,0.1766489113346807,0.0,False
2008-08-25 23:30:00+00:00,8.53,85.05,0.0,0.607,0.0,0.097,0.0,0.16643315548817,0.0,False
2008-08-26 00:00:00+00:00,8.58,83.8,0.0,1.059,0.0,0.097,0.0,0.1809622021405776,0.0,False
2008-08-26 00:30:00+00:00,8.43,83.25,0.0,1.376,0.0,0.097,0.0,0.1852094901299196,0.0,False
2008-08-26 01:00:00+00:00,8.13,84.9,0.0,1.289,0.0,0.097,0.0,0.163591250350489,0.0,False
2008-08-26 01:30:00+00:00,7.88,86.55,0.0,1.278,0.0,0.097,0.0,0.1432520587228671,0.0,False
2008-08-26 02:00:00+00:00,7.73,87.4,0.0,1.25,0.0,0.0975,0.0,0.1328308845049297,0.0,False
2008-08-26 02:30:00+00:00,7.837,86.15,0.0,1.556,0.0,0.0975,0.0,0.147079870533261,20.875333134459943,False
2008-08-26 03:00:00+00:00,7.799,85.85,0.0,1.393,0.0,0.097,0.0,0.1498762009019385,76.85230196368678,False
2008-08-26 03:30:00+00:00,7.63,85.7,0.0,1.352,0.0,0.097,0.0,0.1497251571099261,135.30680881766403,False
2008-08-26 04:00:00+00:00,7.498,85.55,0.0,1.476,0.0,0.097,0.0,0.1499348933322457,195.2382871758469,False
2008-08-26 04:30:00+00:00,7.574,88.2,2.8,1.691,0.0,0.097,1.3243999999999998,0.1230769138083735,255.62088868805708,False
2008-08-26 05:00:00+00:00,7.636,91.15,2.8,1.511,0.0,0.097,1.3243999999999998,0.0927001136819545,315.4210426362419,False
2008-08-26 05:30:00+00:00,7.77,92.1,20.5,1.508,0.0,0.097,9.6965,0.0835108367412939,373.6151475950875,False
2008-08-26 06:00:00+00:00,7.912,90.4,20.5,1.614,0.0,0.097,9.6965,0.1024704055336838,429.2070924627169,False
2008-08-26 06:30:00+00:00,8.02,89.7,64.5,1.436,0.0,0.097,30.5085,0.1107552282137747,481.2453069530633,False
2008-08-26 07:00:00+00:00,8.11,88.65,64.5,1.641,0.0,0.097,30.5085,0.122796838419079,528.8390496954848,False
2008-08-26 07:30:00+00:00,8.33,87.85,83.6,1.334,0.0,0.097,39.54279999999999,0.1334357004611052,571.1736551364431,False
2008-08-26 08:00:00+00:00,8.59,86.2,83.6,1.447,0.0,0.097,39.54279999999999,0.1542576504684615,607.5244782604602,False
2008-08-26 08:30:00+00:00,9.07,84.3,129.1,1.427,0.0,0.097,61.0643,0.1812957534012217,637.2692984361966,False
2008-08-26 09:00:00+00:00,9.57,82.35,129.1,1.242,0.0,0.097,61.0643,0.2108056527663016,659.8989700689018,False
2008-08-26 09:30:00+00:00,9.84,80.545,191.1,1.216,0.0,0.097,90.3903,0.2366217049504824,675.0261377495012,False
2008-08-26 10:00:00+00:00,10.05,78.66,191.1,1.128,0.0,0.097,90.3903,0.2632322560000895,682.3918667205908,False
2008-08-26 10:30:00+00:00,10.39,75.7,199.9,1.047,0.0,0.097,94.5527,0.3066474996139977,681.8700751630862,False
2008-08-26 11:00:00+00:00,10.61,74.21,199.9,1.295,0.0,0.097,94.5527,0.3302693533353393,673.4696924335148,False
2008-08-26 11:30:00+00:00,12.68,66.02,163.7,0.71,0.0,0.096,77.4301,0.4990552883861041,657.3345063069277,False
2008-08-26 12:00:00+00:00,13.45,57.41,163.7,1.133,0.0,0.096,77.4301,0.6578320199490805,633.7407018378552,False
2008-08-26 12:30:00+00:00,12.94,53.895,219.9,1.305,0.0,0.096,104.0127,0.6887749083729077,603.0921339644474,False
2008-08-26 13:00:00+00:00,11.96,58.585,219.9,1.628,0.0,0.096,104.0127,0.5800933979918103,565.9134147727295,False
2008-08-26 13:30:00+00:00,11.82,60.345,167.9,1.286,0.0,0.096,79.41669999999999,0.5503279537822109,522.8409337446876,False
2008-08-26 14:00:00+00:00,12.57,57.89,167.9,1.315,0.0,0.096,79.41669999999999,0.6140070654300109,474.61196469527135,False
2008-08-26 14:30:00+00:00,12.32,57.885,292.1,1.308,0.0,0.096,138.1633,0.6040663022216091,422.0520458539086,False
2008-08-26 15:00:00+00:00,11.88,61.485,292.1,1.619,0.0,0.096,138.1633,0.5366306786634838,366.0608491052875,False
2008-08-26 15:30:00+00:00,11.96,60.775,172.1,1.56,0.0,0.096,81.40329999999999,0.549418412078444,307.596780265277,False
2008-08-26 16:00:00+00:00,11.97,59.825,172.1,1.53,0.0,0.096,81.40329999999999,0.5630965551090951,247.66057398950656,False
2008-08-26 16:30:00+00:00,11.85,60.49,179.3,1.478,0.0,0.096,84.8089,0.5494039047283418,187.2781641212565,False
2008-08-26 17:00:00+00:00,11.63,63.54,179.3,1.167,0.0,0.096,84.8089,0.4996683179511719,127.48312268791588,False
2008-08-26 17:30:00+00:00,11.47,64.255,148.3,1.351,0.0,0.0955,70.1459,0.4847047712835224,69.29896813943596,False
2008-08-26 18:00:00+00:00,11.15,66.415,148.3,1.113,0.0,0.0955,70.1459,0.4458440978661636,13.72164566032938,False
2008-08-26 18:30:00+00:00,10.69,70.22,81.1,2.119,0.0,0.0955,38.3603,0.383407106004118,0.0,False
2008-08-26 19:00:00+00:00,10.36,75.07,81.1,2.013,0.0,0.0955,38.3603,0.3139670174097426,0.0,False
2008-08-26 19:30:00+00:00,9.67,76.725,46.0,2.44,0.0,0.0955,21.758,0.2798658679086869,0.0,False
2008-08-26 20:00:00+00:00,9.04,80.515,46.0,2.198,0.0,0.0955,21.758,0.2245471255428997,0.0,False
2008-08-26 20:30:00+00:00,7.638,88.3,10.9,2.056,0.0,0.0955,5.1557,0.122569460494646,0.0,False
2008-08-26 21:00:00+00:00,7.328,90.3,10.9,1.809,0.0,0.0955,5.1557,0.0994825276332047,0.0,False
2008-08-26 21:30:00+00:00,7.385,89.2,0.1,1.92,0.0,0.0955,0.0473,0.1111977869930941,0.0,False
2008-08-26 22:00:00+00:00,7.009,89.7,0.1,1.808,0.0,0.0955,0.0473,0.1033471494987516,0.0,False
2008-08-26 22:30:00+00:00,6.262,91.4,0.0,1.651,0.0,0.0955,0.0,0.0819563410086061,0.0,False
2008-08-26 23:00:00+00:00,5.666,93.2,0.0,1.273,0.0,0.0955,0.0,0.0621783573095923,0.0,False
2008-08-26 23:30:00+00:00,5.584,93.2,0.0,1.153,0.0,0.095,0.0,0.0618247129137206,0.0,False
2008-08-27 00:00:00+00:00,5.597,92.45,0.0,1.345,0.0,0.095,0.0,0.0687057329429005,0.0,False
2008-08-27 00:30:00+00:00,4.933,92.85,0.0,1.263,0.0,0.095,0.0,0.0621202089695191,0.0,False
2008-08-27 01:00:00+00:00,4.31,94.65,0.0,0.686,0.0,0.095,0.0,0.0444940477289521,0.0,False
2008-08-27 01:30:00+00:00,4.573,95.75,0.0,0.502,0.0,0.095,0.0,0.0360048522965966,0.0,False
2008-08-27 02:00:00+00:00,4.916,94.7,0.0,0.616,0.0,0.095,0.0,0.0459924102670749,0.0,False
2008-08-27 02:30:00+00:00,5.06,93.8,0.0,1.022,0.0,0.095,0.0,0.0543469636924023,14.204012002667092,False
2008-08-27 03:00:00+00:00,5.111,93.3,0.0,1.116,0.0,0.095,0.0,0.0589394409459915,70.32689588122534,False
2008-08-27 03:30:00+00:00,5.264,92.55,0.0,1.325,0.0,0.095,0.0,0.0662409217094031,128.91133841997487,False
2008-08-27 04:00:00+00:00,5.283,92.6,0.0,1.659,0.0,0.095,0.0,0.0658836225820623,188.95454012768997,False
2008-08-27 04:30:00+00:00,5.385,92.1,2.0,1.45,0.0,0.095,0.946,0.0708372429403166,249.42873122231697,False
2008-08-27 05:00:00+00:00,5.485,91.9,2.0,1.413,0.0,0.095,0.946,0.0731383683581231,309.2987641373962,False
2008-08-27 05:30:00+00:00,5.573,91.35,12.9,1.348,0.0,0.095,6.1017,0.0785844966042253,367.5398323296413,False
2008-08-27 06:00:00+00:00,5.607,92.5,12.9,1.444,0.0,0.095,6.1017,0.0682982280589291,423.1550120915985,False
2008-08-27 06:30:00+00:00,5.852,92.55,48.2,1.656,0.0,0.095,22.7986,0.06900796169329,475.19232710252,False
2008-08-27 07:00:00+00:00,6.381,89.45,48.2,1.513,0.0,0.095,22.7986,0.1013702798014165,522.7610436199254,False
2008-08-27 07:30:00+00:00,6.51,88.1,107.4,1.481,0.0,0.095,50.8002,0.1153653992428426,565.0469173828701,False
2008-08-27 08:00:00+00:00,6.526,88.05,107.4,1.56,0.0,0.095,50.8002,0.1159781777843301,601.3261312417342,False
2008-08-27 08:30:00+00:00,6.589,88.85,92.1,1.288,0.0,0.095,43.5633,0.1086855212996394,630.9776849398821,False
2008-08-27 09:00:00+00:00,6.671,89.3,92.1,1.295,0.0,0.095,43.5633,0.1048907293882017,653.4940249672615,False
2008-08-27 09:30:00+00:00,6.567,89.2,111.9,0.593,0.0,0.095,52.9287,0.1051141625355911,668.4897325307888,False
2008-08-27 10:00:00+00:00,6.931,87.1,111.9,0.377,0.0,0.095,52.9287,0.1287421921056684,675.7081209257041,False
2008-08-27 10:30:00+00:00,7.252,84.8,160.9,0.906,0.0,0.095,76.1057,0.1550794798983321,675.0256293772915,False
2008-08-27 11:00:00+00:00,7.704,82.7,160.9,0.82,0.0,0.095,76.1057,0.1820550440813415,666.4539381404068,False
2008-08-27 11:30:00+00:00,8.06,80.51,312.0,0.582,0.0,0.095,147.576,0.2101470190696643,650.1397686499829,False
2008-08-27 12:00:00+00:00,8.37,79.045,312.0,0.498,0.0,0.095,147.576,0.2307622603851546,626.3623721411019,False
2008-08-27 12:30:00+00:00,8.31,78.785,219.3,0.623,0.0,0.095,103.7289,0.2326740627115327,595.5287497242548,False
2008-08-27 13:00:00+00:00,8.46,78.16,219.3,0.476,0.0,0.095,103.7289,0.241983850537573,558.1666857326526,False
2008-08-27 13:30:00+00:00,8.59,77.4,180.2,1.197,0.0,0.095,85.23459999999999,0.2526248478686398,514.9157135893066,False
2008-08-27 14:00:00+00:00,9.31,74.01,180.2,1.483,0.0,0.095,85.23459999999999,0.3050236810038462,466.5161688312379,False
2008-08-27 14:30:00+00:00,9.46,73.075,180.2,1.142,0.0,0.095,85.23459999999999,0.3192092807915402,413.7965166709756,False
2008-08-27 15:00:00+00:00,10.43,68.15,180.2,1.501,0.0,0.0945,85.23459999999999,0.4029991519631186,357.6591710109558,False
2008-08-27 15:30:00+00:00,9.72,70.8,180.2,1.462,0.0,0.0945,85.23459999999999,0.3522926240328001,299.0650476486764,False
2008-08-27 16:00:00+00:00,9.61,72.25,180.2,1.61,0.0,0.094,85.23459999999999,0.332330269058022,239.017116078156,False
2008-08-27 16:30:00+00:00,9.61,72.26,180.2,1.427,0.0,0.0945,85.23459999999999,0.3322105104025056,178.54323143458407,False
2008-08-27 17:00:00+00:00,9.3,72.4,180.2,1.087,0.0,0.0945,85.23459999999999,0.3237004724786912,118.67854045150112,False
2008-08-27 17:30:00+00:00,9.24,72.015,180.2,1.01,0.0,0.094,85.23459999999999,0.3268894425281652,60.44776259197607,False
2008-08-27 18:00:00+00:00,9.15,71.14,180.2,0.971,0.0,0.094,85.23459999999999,0.3350674818670196,4.847649652009883,False
2008-08-27 18:30:00+00:00,8.67,73.435,180.2,1.154,0.0,0.094,85.23459999999999,0.2985621260424742,0.0,False
2008-08-27 19:00:00+00:00,8.38,73.095,180.2,1.318,0.0,0.094,85.23459999999999,0.2964868213519285,0.0,False
2008-08-27 19:30:00+00:00,7.427,77.985,180.2,1.12,0.0,0.094,85.23459999999999,0.2273218683411196,0.0,False
2008-08-27 20:00:00+00:00,6.53,82.75,180.2,0.984,0.0,0.094,85.23459999999999,0.167462436631177,0.0,False
2008-08-27 20:30:00+00:00,5.443,86.3,180.2,1.339,0.0,0.094,85.23459999999999,0.1233418145924123,0.0,False
2008-08-27 21:00:00+00:00,5.128,88.3,180.2,1.485,0.0,0.094,85.23459999999999,0.1030463932990061,0.0,False
2008-08-27 21:30:00+00:00,4.654,89.4,180.2,1.411,0.0,0.094,85.23459999999999,0.0903120436323213,0.0,False
2008-08-27 22:00:00+00:00,4.181,91.35,180.2,0.498,0.0,0.094,85.23459999999999,0.0712889237080619,0.0,False
2008-08-27 22:30:00+00:00,3.953,93.8,180.2,1.173,0.0,0.094,85.23459999999999,0.0502828185384927,0.0,False
2008-08-27 23:00:00+00:00,3.923,94.5,180.2,0.541,0.0,0.094,85.23459999999999,0.0445114208085018,0.0,False
2008-08-27 23:30:00+00:00,3.867,93.65,180.2,1.132,0.0,0.094,85.23459999999999,0.0511877587869954,0.0,False
2008-08-28 00:00:00+00:00,3.221,94.6,180.2,0.823,0.0,0.094,85.23459999999999,0.0415841616784533,0.0,False
2008-08-28 00:30:00+00:00,3.201,95.9,180.2,0.238,0.0,0.094,85.23459999999999,0.0315283699418515,0.0,False
2008-08-28 01:00:00+00:00,2.382,96.1,180.2,0.365,0.0,0.094,85.23459999999999,0.0282908389902931,0.0,False
2008-08-28 01:30:00+00:00,2.441,97.35,180.2,0.408,0.0,0.094,85.23459999999999,0.0193044827790423,0.0,False
2008-08-28 02:00:00+00:00,2.852,97.6,180.2,0.802,0.0,0.094,85.23459999999999,0.0180033659017246,0.0,False
2008-08-28 02:30:00+00:00,2.349,97.45,180.2,0.503,0.0,0.094,85.23459999999999,0.0184542687438441,7.483482707920578,False
2008-08-28 03:00:00+00:00,1.982,97.3,180.2,0.188,0.0,0.094,85.23459999999999,0.0190329795050209,63.7514093658076,False
2008-08-28 03:30:00+00:00,1.85,97.65,180.2,0.94,0.0,0.094,85.23459999999999,0.0164095631244832,122.46457631835712,False
2008-08-28 04:00:00+00:00,1.905,97.95,180.2,0.29,0.0,0.094,85.23459999999999,0.0143713539182858,182.617972156809,False
2008-08-28 04:30:00+00:00,2.389,97.9,180.2,0.188,0.0,0.094,85.23459999999999,0.01524115250921,243.1819321775492,False
2008-08-28 05:00:00+00:00,2.116,97.95,180.2,0.762,0.0,0.094,85.23459999999999,0.0145904392259222,303.1197634738076,False
2008-08-28 05:30:00+00:00,1.849,98.0,180.2,0.201,0.0,0.094,85.23459999999999,0.0139645829185078,361.40549034493887,False
2008-08-28 06:00:00+00:00,2.486,97.95,180.2,0.137,0.0,0.094,85.23459999999999,0.0149817355581853,417.04141626949007,False
2008-08-28 06:30:00+00:00,2.505,97.75,180.2,0.642,0.0,0.094,85.23459999999999,0.0164656937750697,469.0752018276436,False
2008-08-28 07:00:00+00:00,2.818,97.85,180.2,0.882,0.0,0.094,85.23459999999999,0.0160890165174422,516.6161662439583,False
2008-08-28 07:30:00+00:00,3.726,97.15,180.2,1.077,0.0,0.094,85.23459999999999,0.0227463687596574,558.8505335106229,False
2008-08-28 08:00:00+00:00,4.353,95.0,180.2,1.096,0.0,0.094,85.23459999999999,0.04170914164719,595.0553621170617,False
2008-08-28 08:30:00+00:00,5.093,92.7,180.2,0.97,0.0,0.094,85.23459999999999,0.0641368946156768,624.6109199446597,False
2008-08-28 09:00:00+00:00,5.739,91.15,180.2,1.431,0.0,0.094,85.23459999999999,0.0813349928037155,647.0112924997014,False
2008-08-28 09:30:00+00:00,6.903,85.0,180.2,1.92,0.0,0.094,85.23459999999999,0.149412054848216,661.873042897976,False
2008-08-28 10:00:00+00:00,8.0,80.115,180.2,1.947,0.0,0.094,85.23459999999999,0.2135306728693471,668.941775363223,False
2008-08-28 10:30:00+00:00,8.64,75.325,180.2,2.085,0.0,0.094,85.23459999999999,0.2767567755535063,668.0964898876443,False
2008-08-28 11:00:00+00:00,9.87,70.95,180.2,2.083,0.0,0.094,85.23459999999999,0.3540337000364664,659.3516535121488,False
2008-08-28 11:30:00+00:00,9.88,69.34,180.2,2.658,0.0,0.0935,85.23459999999999,0.3739058651551664,642.8569527692975,False
2008-08-28 12:00:00+00:00,9.68,70.195,180.2,2.29,0.0,0.0935,85.23459999999999,0.3586257840186828,618.8947315243408,False
2008-08-28 12:30:00+00:00,10.13,69.03,180.2,2.184,0.0,0.0935,85.23459999999999,0.384074142480605,587.8751580695847,False
2008-08-28 13:00:00+00:00,10.87,64.725,180.2,2.173,0.0,0.0935,85.23459999999999,0.4596355856918421,550.329204196636,False
2008-08-28 13:30:00+00:00,10.44,66.24,180.2,2.363,0.0,0.093,85.23459999999999,0.4274521044059146,506.899556424362,False
2008-08-28 14:00:00+00:00,10.54,64.72,180.2,2.588,0.0,0.093,85.23459999999999,0.4496924051341812,458.32961495655167,False
2008-08-28 14:30:00+00:00,10.71,62.325,180.2,3.162,0.0,0.0935,85.23459999999999,0.485700019857852,405.4507686766483,False
2008-08-28 15:00:00+00:00,10.61,62.53,180.2,2.836,0.0,0.0935,85.23459999999999,0.479844616885427,349.1681639966517,False
2008-08-28 15:30:00+00:00,9.65,70.365,90.7,2.352,0.0,0.093,42.9011,0.3558613555274205,290.44521115906707,False
2008-08-28 16:00:00+00:00,9.55,73.61,90.7,2.621,0.0,0.093,42.9011,0.3147691087186768,230.2870932022667,False
2008-08-28 16:30:00+00:00,9.29,74.89,138.2,2.963,0.0,0.093,65.36859999999999,0.2942984080126731,169.72355987204654,False
2008-08-28 17:00:00+00:00,8.82,78.895,138.2,2.451,0.0,0.093,65.36859999999999,0.2396215902129369,109.79130100205288,False
2008-08-28 17:30:00+00:00,8.51,80.625,84.6,2.879,0.0,0.093,40.0158,0.2154023883204195,51.51620108458837,False
2008-08-28 18:00:00+00:00,8.47,81.675,84.6,1.992,0.0,0.093,40.0158,0.2031761805224736,0.0,False
2008-08-28 18:30:00+00:00,7.989,86.05,88.6,2.014,0.0,0.093,41.9078,0.1496866445368833,0.0,False
2008-08-28 19:00:00+00:00,7.426,90.85,88.6,2.13,0.0,0.093,41.9078,0.0944743387680785,0.0,False
2008-08-28 19:30:00+00:00,7.039,92.35,20.0,2.3,0.0,0.093,9.46,0.0769163203499901,0.0,False
2008-08-28 20:00:00+00:00,6.498,91.85,20.0,2.065,0.0,0.093,9.46,0.0789453139319525,0.0,False
2008-08-28 20:30:00+00:00,6.14,92.5,5.1,1.496,0.0,0.093,2.4123,0.0708724619699409,0.0,False
2008-08-28 21:00:00+00:00,5.865,94.35,5.1,1.331,0.0,0.093,2.4123,0.0523821509526989,0.0,False
2008-08-28 21:30:00+00:00,5.783,95.65,0.0,1.191,0.0,0.093,0.0,0.0401006218393111,0.0,False
2008-08-28 22:00:00+00:00,5.724,95.75,0.0,1.546,0.0,0.093,0.0,0.0390184811235014,0.0,False
2008-08-28 22:30:00+00:00,5.6,96.0,0.0,1.68,0.0,0.093,0.0,0.0364079866806258,0.0,False
2008-08-28 23:00:00+00:00,4.884,96.25,0.0,1.811,0.0,0.093,0.0,0.0324690071497174,0.0,False
2008-08-28 23:30:00+00:00,4.474,96.85,0.0,1.774,0.0,0.093,0.0,0.0265011245701529,0.0,False
2008-08-29 00:00:00+00:00,4.25,97.4,0.0,1.863,0.0,0.093,0.0,0.0215322016848911,0.0,False
2008-08-29 00:30:00+00:00,5.176,97.4,0.0,2.225,0.0,0.093,0.0,0.0229760860967444,0.0,False
2008-08-29 01:00:00+00:00,5.417,97.05,0.0,2.431,0.0,0.0925,0.0,0.0265109365320806,0.0,False
2008-08-29 01:30:00+00:00,5.594,96.65,0.0,2.627,0.0,0.0925,0.0,0.0304789627500252,0.0,False
2008-08-29 02:00:00+00:00,5.653,96.55,0.0,2.397,0.0,0.0925,0.0,0.0315178673179371,0.0,False
2008-08-29 02:30:00+00:00,5.69,97.1,0.0,2.559,0.0,0.0925,0.0,0.0265615261291296,0.7457993643612103,False
2008-08-29 03:00:00+00:00,5.757,97.2,0.0,2.679,0.0,0.0925,0.0,0.0257653114966234,57.15940538574724,False
2008-08-29 03:30:00+00:00,5.785,96.25,0.0,2.421,0.0,0.0925,0.0,0.0345743047693926,116.0010503277741,False
2008-08-29 04:00:00+00:00,5.726,96.0,0.0,2.871,0.0,0.0925,0.0,0.0367283812970601,176.26351541251918,False
2008-08-29 04:30:00+00:00,5.676,95.6,0.0,3.063,0.0,0.0925,0.0,0.0402610393263856,236.9152606150596,False
2008-08-29 05:00:00+00:00,5.636,95.1,0.0,3.348,0.0,0.0925,0.0,0.0447116131283275,296.9180819988292,False
2008-08-29 05:30:00+00:00,5.593,95.9,0.0,3.055,0.0,0.0925,0.0,0.0373000158130753,355.24488313334547,False
2008-08-29 06:00:00+00:00,5.596,95.5,0.0,3.097,0.5,0.0925,0.0,0.0409475878148819,410.8972563926075,False
2008-08-29 06:30:00+00:00,5.55,95.1,0.0,3.342,0.0,0.0925,0.0,0.0444448734115455,462.92257318666736,False
2008-08-29 07:00:00+00:00,5.473,94.65,0.0,3.379,0.0,0.0925,0.0,0.0482670860979752,510.4302905842144,False
2008-08-29 07:30:00+00:00,5.556,94.95,0.0,3.432,0.0,0.0925,0.0,0.0458245632462534,552.6071951972564,False
2008-08-29 08:00:00+00:00,5.747,93.75,0.0,4.298,0.0,0.0925,0.0,0.0574719077224738,588.7313233899546,False
2008-08-29 08:30:00+00:00,5.976,91.85,103.8,3.993,0.0,0.0925,49.09739999999999,0.0761443065670423,618.1843195315139,False
2008-08-29 09:00:00+00:00,6.032,91.05,103.8,3.929,0.0,0.0925,49.09739999999999,0.0839439169737707,640.4620207494324,False
2008-08-29 09:30:00+00:00,5.935,91.0,103.8,3.607,0.0,0.0925,49.09739999999999,0.0838469319260318,655.1830869971525,False
2008-08-29 10:00:00+00:00,6.121,90.7,103.8,4.108,0.0,0.0925,49.09739999999999,0.0877662709918971,662.0955287092021,False
2008-08-29 10:30:00+00:00,6.203,89.6,149.6,3.537,0.0,0.0925,70.76079999999999,0.0987061279708737,661.0810203048566,False
2008-08-29 11:00:00+00:00,6.236,90.3,149.6,4.191,0.0,0.0925,70.76079999999999,0.0922729663410522,652.1569257019241,False
2008-08-29 11:30:00+00:00,6.53,88.5,183.8,4.135,0.0,0.0925,86.9374,0.1116416244207846,635.4760011668986,False
2008-08-29 12:00:00+00:00,6.591,87.1,183.8,4.567,0.0,0.0925,86.9374,0.1257611413822983,611.3237805858586,False
2008-08-29 12:30:00+00:00,6.609,88.05,204.4,4.335,0.0,0.0925,96.6812,0.1166444371559365,580.1136879116935,False
2008-08-29 13:00:00+00:00,6.956,83.195,204.4,4.365,0.0,0.0925,96.6812,0.1680028671575785,542.3799604483603,False
2008-08-29 13:30:00+00:00,7.174,78.81,295.8,4.075,0.0,0.092,139.9134,0.2150385411382359,498.7685041060182,False
2008-08-29 14:00:00+00:00,7.106,77.54,295.8,3.989,0.0,0.092,139.9134,0.2268645312557291,450.0258371604824,False
2008-08-29 14:30:00+00:00,7.085,80.305,270.1,3.704,0.0,0.092,127.7573,0.1986488962592646,396.9863117707396,False
2008-08-29 15:00:00+00:00,6.723,81.295,270.1,3.387,0.0,0.092,127.7573,0.1840212412355635,340.55783198887127,False
2008-08-29 15:30:00+00:00,6.613,83.545,174.5,4.146,0.0,0.092,82.5385,0.1606622561895882,281.7063127334858,False
2008-08-29 16:00:00+00:00,6.738,83.3,174.5,3.982,0.0,0.092,82.5385,0.1644658370263943,221.4391457492978,False
2008-08-29 16:30:00+00:00,6.269,86.2,88.0,3.482,0.0,0.092,41.624,0.1315750469538294,160.787955574094,False
2008-08-29 17:00:00+00:00,6.497,84.85,88.0,3.086,0.0,0.092,41.624,0.146740971446226,100.79094068758728,False
2008-08-29 17:30:00+00:00,6.642,80.0,148.4,3.382,0.0,0.092,70.1932,0.1956657228080738,42.47510211788804,False
2008-08-29 18:00:00+00:00,6.43,79.035,148.4,2.995,0.0,0.092,70.1932,0.202126708156222,0.0,False
2008-08-29 18:30:00+00:00,5.904,84.685,42.3,2.808,0.0,0.092,20.0079,0.1423729504875044,0.0,False
2008-08-29 19:00:00+00:00,5.436,89.45,42.3,2.221,0.0,0.092,20.0079,0.0949358920571941,0.0,False
2008-08-29 19:30:00+00:00,5.109,90.8,10.7,2.553,0.0,0.092,5.0611,0.0809204629081778,0.0,False
2008-08-29 20:00:00+00:00,4.952,90.4,10.7,2.525,0.0,0.092,5.0611,0.0835170894591489,0.0,False
2008-08-29 20:30:00+00:00,4.667,90.1,10.7,2.447,0.0,0.092,5.0611,0.0844249659382338,0.0,False
2008-08-29 21:00:00+00:00,4.443,90.75,10.7,2.001,0.0,0.092,5.0611,0.0776514958898915,0.0,False
2008-08-29 21:30:00+00:00,4.139,90.9,0.0,2.224,0.0,0.092,0.0,0.0747761188811517,0.0,False
2008-08-29 22:00:00+00:00,3.646,92.8,0.0,2.813,0.0,0.092,0.0,0.0571404205161222,0.0,False
2008-08-29 22:30:00+00:00,3.373,93.5,0.0,2.578,0.0,0.092,0.0,0.0505975841894049,0.0,False
2008-08-29 23:00:00+00:00,2.843,94.45,0.0,2.09,0.0,0.092,0.0,0.041606114466653,0.0,False
2008-08-29 23:30:00+00:00,2.598,95.75,0.0,1.682,0.0,0.092,0.0,0.0313090078894421,0.0,False
2008-08-30 00:00:00+00:00,2.754,94.4,0.0,1.654,0.0,0.092,0.0,0.0417156567970586,0.0,False
2008-08-30 00:30:00+00:00,2.542,94.25,0.0,1.655,0.0,0.092,0.0,0.0421902963955575,0.0,False
2008-08-30 01:00:00+00:00,2.383,95.05,0.0,1.706,0.0,0.092,0.0,0.0359101700538921,0.0,False
2008-08-30 01:30:00+00:00,1.936,96.35,0.0,2.133,0.0,0.092,0.0,0.0256450048082396,0.0,False
2008-08-30 02:00:00+00:00,1.595,97.3,0.0,1.664,0.0,0.092,0.0,0.018511117946761,0.0,False
2008-08-30 02:30:00+00:00,1.823,97.75,0.0,1.29,0.0,0.092,0.0,0.0156808513050242,0.0,False
2008-08-30 03:00:00+00:00,1.929,97.4,0.0,1.943,0.0,0.092,0.0,0.0182585018417349,50.52039656896943,False
2008-08-30 03:30:00+00:00,2.114,96.75,0.0,2.121,0.0,0.092,0.0,0.0231278701114317,109.48907464667188,False
2008-08-30 04:00:00+00:00,2.063,96.5,0.0,2.199,0.0,0.092,0.0,0.0248160809779136,169.8588590085712,False
2008-08-30 04:30:00+00:00,1.732,96.85,0.0,2.399,0.0,0.092,0.0,0.0218101309129529,230.5963646193637,False
2008-08-30 05:00:00+00:00,1.71,97.4,0.0,2.652,0.0,0.092,0.0,0.0179735675995187,290.6619115363921,False
2008-08-30 05:30:00+00:00,1.873,96.8,0.0,2.937,0.0,0.092,0.0,0.0223818651463673,349.0273217299403,False
2008-08-30 06:00:00+00:00,2.16,95.45,0.0,3.123,0.0,0.092,0.0,0.0324858782697964,404.6935190309033,False
2008-08-30 06:30:00+00:00,2.461,93.85,0.0,3.744,0.0,0.092,0.0,0.044865024430171,456.7076309366952,False
2008-08-30 07:00:00+00:00,2.861,91.8,0.0,4.206,0.0,0.092,0.0,0.0615509255406335,504.179299532914,False
2008-08-30 07:30:00+00:00,3.288,88.75,0.0,3.842,0.0,0.092,0.0,0.0870465036283759,546.2959223261323,False
2008-08-30 08:00:00+00:00,3.713,86.8,0.0,3.907,0.0,0.092,0.0,0.1052548492835587,582.3365621002138,False
2008-08-30 08:30:00+00:00,4.44,80.41,0.0,4.113,0.0,0.092,0.0,0.1644186210659014,611.6842876913927,False
2008-08-30 09:00:00+00:00,4.57,76.58,0.0,4.165,0.0,0.092,0.0,0.1983661506685352,633.8367344361902,False
2008-08-30 09:30:00+00:00,5.007,75.125,0.0,4.384,0.0,0.092,0.0,0.2172389434825379,648.4147035207972,False
2008-08-30 10:00:00+00:00,5.511,73.025,0.0,4.553,0.5,0.092,0.0,0.2440101926600102,655.1686530299014,False
2008-08-30 10:30:00+00:00,5.768,70.57,232.3,4.621,0.0,0.092,109.8779,0.2710188799104275,653.9829695817903,False
2008-08-30 11:00:00+00:00,6.216,64.685,232.3,4.788,0.0,0.092,109.8779,0.3354754902817377,644.8779474275635,False
2008-08-30 11:30:00+00:00,5.046,74.605,281.9,5.249,0.0,0.092,133.3387,0.222385702661542,628.0094411350357,False
2008-08-30 12:00:00+00:00,5.838,79.39,281.9,4.803,0.0,0.0915,133.3387,0.1907211110565514,603.6661978005812,False
2008-08-30 12:30:00+00:00,6.592,69.075,217.2,4.983,0.0,0.091,102.7356,0.3015063305589294,572.2649144531636,False
2008-08-30 13:00:00+00:00,7.445,60.88,217.2,4.287,0.0,0.091,102.7356,0.4044427117742896,534.3431052542329,False
2008-08-30 13:30:00+00:00,7.443,55.575,224.4,4.569,0.0,0.091,106.1412,0.4592256022118875,490.5499005883362,False
2008-08-30 14:00:00+00:00,6.238,67.365,224.4,3.123,0.0,0.091,106.1412,0.3104891838733954,441.6349355405613,False
2008-08-30 14:30:00+00:00,5.379,73.525,215.6,4.383,0.0,0.0915,101.9788,0.2372951737659002,388.4355179624242,False
2008-08-30 15:00:00+00:00,5.855,70.905,215.6,4.654,0.0,0.0915,101.9788,0.2695577005320364,331.8622957771768,False
2008-08-30 15:30:00+00:00,5.253,77.845,278.2,3.992,0.0,0.091,131.5886,0.1968378132557485,272.88366886544827,False
2008-08-30 16:00:00+00:00,4.01,86.15,278.2,3.584,0.0,0.091,131.5886,0.1127777579529696,212.50921236214728,False
2008-08-30 16:30:00+00:00,5.143,79.675,151.7,3.869,0.0,0.091,71.7541,0.1791977195166734,151.77239511800306,False
2008-08-30 17:00:00+00:00,5.403,72.265,151.7,3.492,0.0,0.091,71.7541,0.2490046969472199,91.7128891448345,False
2008-08-30 17:30:00+00:00,5.832,73.15,209.8,3.161,0.0,0.091,99.2354,0.2483614173043467,33.35877286499869,False
2008-08-30 18:00:00+00:00,4.79,75.925,209.8,2.766,0.0,0.091,99.2354,0.2070835676136122,0.0,False
2008-08-30 18:30:00+00:00,3.7,83.775,56.6,3.129,0.0,0.091,26.7718,0.1292569224382407,0.0,False
2008-08-30 19:00:00+00:00,3.162,87.1,56.6,3.602,0.0,0.091,26.7718,0.0989247221723147,0.0,False
2008-08-30 19:30:00+00:00,2.977,87.35,34.1,2.51,0.0,0.091,16.1293,0.0957405565263382,0.0,False
2008-08-30 20:00:00+00:00,2.916,88.85,34.1,2.346,0.0,0.091,16.1293,0.0840225148333289,0.0,False
2008-08-30 20:30:00+00:00,2.52,88.55,5.0,2.205,0.0,0.091,2.365,0.0838818757358426,0.0,False
2008-08-30 21:00:00+00:00,2.646,88.55,5.0,0.857,0.0,0.091,2.365,0.0846394640030241,0.0,False
2008-08-30 21:30:00+00:00,2.239,90.3,0.0,1.724,0.0,0.091,0.0,0.0696483977699769,0.0,False
2008-08-30 22:00:00+00:00,2.177,89.75,0.0,2.301,0.0,0.091,0.0,0.0732716151650548,0.0,False
2008-08-30 22:30:00+00:00,1.498,90.35,0.0,1.623,0.0,0.091,0.0,0.0656997397475036,0.0,False
2008-08-30 23:00:00+00:00,1.015,91.9,0.0,2.123,0.0,0.091,0.0,0.0532578834792991,0.0,False
2008-08-30 23:30:00+00:00,0.989,91.85,0.0,1.785,0.0,0.091,0.0,0.0534859700546674,0.0,False
2008-08-31 00:00:00+00:00,1.356,90.6,0.0,2.03,0.0,0.091,0.0,0.0633461587130273,0.0,False
2008-08-31 00:30:00+00:00,1.963,88.0,0.0,1.288,0.0,0.091,0.0,0.0844758166296809,0.0,False
2008-08-31 01:00:00+00:00,2.058,88.4,0.0,1.264,0.0,0.091,0.0,0.082218113017091,0.0,False
2008-08-31 01:30:00+00:00,1.826,90.55,0.0,1.78,0.0,0.091,0.0,0.0658737665402199,0.0,False
2008-08-31 02:00:00+00:00,1.517,91.0,0.0,2.473,0.0,0.091,0.0,0.0613582615202344,0.0,False
2008-08-31 02:30:00+00:00,1.59,89.55,0.0,2.956,0.0,0.091,0.0,0.0716191097671637,0.0,False
2008-08-31 03:00:00+00:00,1.646,90.05,0.0,2.772,0.0,0.091,0.0,0.0684676459708373,43.83584222321811,False
2008-08-31 03:30:00+00:00,1.677,90.15,0.0,3.088,0.0,0.091,0.0,0.0679308057531896,102.93000371803532,False
2008-08-31 04:00:00+00:00,2.526,87.85,0.0,2.882,0.0,0.091,0.0,0.0890481621246653,163.40526076904726,False
2008-08-31 04:30:00+00:00,2.745,87.0,0.0,2.518,0.0,0.091,0.0,0.0967778324152563,224.22641530600688,False
2008-08-31 05:00:00+00:00,2.777,86.85,0.0,2.639,0.0,0.091,0.0,0.098117955376634,284.3523478983772,False
2008-08-31 05:30:00+00:00,2.945,86.95,0.0,2.831,0.0,0.091,0.0,0.0985433688128578,342.7538393467009,False
2008-08-31 06:00:00+00:00,3.222,87.3,0.0,3.292,0.0,0.091,0.0,0.097806729173235,398.4311885810072,False
2008-08-31 06:30:00+00:00,3.217,87.35,0.0,4.159,0.0,0.091,0.0,0.0973870966686484,450.4313252876231,False
2008-08-31 07:00:00+00:00,3.823,84.45,0.0,4.198,0.0,0.091,0.0,0.1249607529140246,497.8641243345088,False
2008-08-31 07:30:00+00:00,4.233,82.55,0.0,4.418,0.0,0.091,0.0,0.1443414262834935,539.9176427286741,False
2008-08-31 08:00:00+00:00,4.403,82.0,0.0,3.741,0.0,0.091,0.0,0.150681534529259,575.872018282336,False
2008-08-31 08:30:00+00:00,4.473,82.95,0.0,3.269,0.0,0.091,0.0,0.1434325210457659,605.1117920731593,False
2008-08-31 09:00:00+00:00,5.066,81.23,0.0,3.639,0.0,0.091,0.0,0.1646000546473634,627.136443764494,False
2008-08-31 09:30:00+00:00,5.65,80.645,0.0,4.459,0.0,0.091,0.0,0.1767829173787382,641.5689594432694,False
2008-08-31 10:00:00+00:00,5.744,79.19,0.0,4.547,0.0,0.091,0.0,0.1913185762563257,648.1622853118942,False
2008-08-31 10:30:00+00:00,5.542,81.12,0.0,4.477,0.0,0.091,0.0,0.1711534872907266,646.8035567597278,False
2008-08-31 11:00:00+00:00,5.94,76.785,0.0,4.657,0.0,0.091,0.0,0.2163535403783958,637.5160304201685,False
2008-08-31 11:30:00+00:00,6.386,74.83,0.0,4.419,0.0,0.091,0.0,0.2419309857627759,620.458686139003,False
2008-08-31 12:00:00+00:00,6.716,70.72,0.0,3.365,0.5,0.0905,0.0,0.2879199577742559,595.9235056655634,False
2008-08-31 12:30:00+00:00,6.919,66.395,258.2,2.445,0.0,0.091,122.1286,0.3351015835239542,564.3304746475254,False
2008-08-31 13:00:00+00:00,6.992,68.5,258.2,2.625,0.5,0.091,122.1286,0.3156923952458702,526.2203934822172,False
2008-08-31 13:30:00+00:00,6.22,75.98,160.7,4.185,0.0,0.091,76.01109999999998,0.2282416137190151,482.2456200847994,False
2008-08-31 14:00:00+00:00,5.567,85.75,160.7,3.837,0.5,0.0915,76.01109999999998,0.1294059649035992,433.1589030347965,False
2008-08-31 14:30:00+00:00,5.741,88.95,127.2,3.658,0.0,0.0915,60.1656,0.1015679764267904,379.8004962511672,False
2008-08-31 15:00:00+00:00,5.967,87.85,127.2,3.5,0.0,0.0915,60.1656,0.1134449083080154,323.08377576247767,False
2008-08-31 15:30:00+00:00,5.889,87.55,130.4,3.361,0.0,0.092,61.6792,0.1156186050658771,263.9796047799569,False
2008-08-31 16:00:00+00:00,5.828,86.95,130.4,4.11,0.0,0.092,61.6792,0.1206784494937174,203.49971470762705,False
2008-08-31 16:30:00+00:00,6.49,83.0,180.5,3.972,0.0,0.092,85.3765,0.1645802580858097,142.67938656886275,False
2008-08-31 17:00:00+00:00,6.327,85.6,180.5,3.918,0.0,0.092,85.3765,0.1378476181534696,82.55972930453211,False
2008-08-31 17:30:00+00:00,5.581,89.0,97.6,3.509,0.0,0.092,46.16479999999999,0.0999896899629111,24.169858298510206,False
2008-08-31 18:00:00+00:00,5.59,84.7,97.6,2.846,0.0,0.092,46.16479999999999,0.1391636906400359,0.0,False
2008-08-31 18:30:00+00:00,5.16,87.2,76.8,2.936,0.0,0.092,36.3264,0.112986740618632,0.0,False
2008-08-31 19:00:00+00:00,4.736,87.25,76.8,3.375,0.0,0.0925,36.3264,0.10925629056176,0.0,False
2008-08-31 19:30:00+00:00,4.602,85.9,12.0,4.082,0.0,0.0925,5.676,0.119694696134383,0.0,False
2008-08-31 20:00:00+00:00,4.494,86.55,12.0,3.1,0.0,0.093,5.676,0.1133146350422099,0.0,False
2008-08-31 20:30:00+00:00,4.373,84.75,1.5,4.052,0.0,0.093,0.7095,0.1273918606949747,0.0,False
2008-08-31 21:00:00+00:00,4.081,87.2,1.5,4.59,0.0,0.093,0.7095,0.1047507223374754,0.0,False
2008-08-31 21:30:00+00:00,3.331,90.35,0.0,3.844,0.0,0.093,0.0,0.0748946097863186,0.0,False
2008-08-31 22:00:00+00:00,3.096,90.0,0.0,3.161,0.0,0.093,0.0,0.0763271724302992,0.0,False
2008-08-31 22:30:00+00:00,2.933,87.5,0.0,3.525,0.0,0.093,0.0,0.094309651338169,0.0,False
2008-08-31 23:00:00+00:00,2.665,87.65,0.0,3.663,0.0,0.093,0.0,0.091416129489898,0.0,False
2008-08-31 23:30:00+00:00,2.375,90.8,0.0,3.613,0.0,0.093,0.0,0.0667039789019365,0.0,False
2008-09-01 00:00:00+00:00,2.148,91.45,0.0,2.945,0.0,0.0925,0.0,0.0609924524637993,0.0,False
2008-09-01 00:30:00+00:00,2.009,89.85,0.0,2.484,0.0,0.093,0.0,0.0716885774810218,0.0,False
2008-09-01 01:00:00+00:00,1.558,90.25,0.0,2.239,0.0,0.093,0.0,0.0666679419914366,0.0,False
2008-09-01 01:30:00+00:00,1.635,89.45,0.0,2.317,0.0,0.093,0.0,0.0725389311775254,0.0,False
2008-09-01 02:00:00+00:00,1.608,88.95,0.0,2.54,0.0,0.093,0.0,0.0758293609877183,0.0,False
2008-09-01 02:30:00+00:00,1.391,89.15,0.0,3.191,0.0,0.093,0.0,0.0733023664464164,0.0,False
2008-09-01 03:00:00+00:00,1.179,88.2,0.0,3.179,0.0,0.093,0.0,0.0785104916081021,37.13952591286795,False
2008-09-01 03:30:00+00:00,0.971,88.35,0.0,4.032,0.5,0.093,0.0,0.0763559241773767,96.35855806282363,False
2008-09-01 04:00:00+00:00,1.08,90.05,0.0,3.861,0.0,0.093,0.0,0.0657298612850895,156.9378157184525,False
2008-09-01 04:30:00+00:00,1.201,91.1,0.0,3.568,0.0,0.093,0.0,0.0593096792866382,217.84031334945155,False
2008-09-01 05:00:00+00:00,1.104,93.15,0.0,3.74,0.0,0.093,0.0,0.0453297610181626,278.0235318922919,False
2008-09-01 05:30:00+00:00,1.178,93.45,0.0,3.893,0.0,0.093,0.0,0.0435768293953509,336.45726442393453,False
2008-09-01 06:00:00+00:00,1.269,92.35,0.0,4.495,0.0,0.0935,0.0,0.0512304940193928,392.1412510893904,False
2008-09-01 06:30:00+00:00,1.347,90.3,0.0,4.156,0.5,0.0935,0.0,0.0653254377597626,444.1223014111538,False
2008-09-01 07:00:00+00:00,1.572,88.55,0.0,4.39,0.0,0.0945,0.0,0.0783710270938022,491.51061088282097,False
2008-09-01 07:30:00+00:00,2.124,87.0,0.0,4.158,0.5,0.095,0.0,0.0925777777424348,533.4949925412471,False
2008-09-01 08:00:00+00:00,2.154,89.8,0.0,3.625,0.0,0.0965,0.0,0.0727941996228267,569.356762784698,False
2008-09-01 08:30:00+00:00,2.115,92.9,0.0,4.158,0.0,0.0975,0.0,0.0505291206819038,598.4820437403185,False
2008-09-01 09:00:00+00:00,2.134,93.15,0.0,4.331,0.0,0.0985,0.0,0.0488163231532855,620.3722715896776,False
2008-09-01 09:30:00+00:00,2.045,92.95,0.0,4.433,0.0,0.099,0.0,0.0499222263140802,634.6527309708047,False
2008-09-01 10:00:00+00:00,2.187,93.05,0.0,4.938,0.0,0.099,0.0,0.0497173141669842,641.0789693645935,False
2008-09-01 10:30:00+00:00,2.276,92.1,0.0,5.076,0.0,0.099,0.0,0.0568743289512253,639.5409816632514,False
2008-09-01 11:00:00+00:00,2.527,90.55,0.0,4.937,0.0,0.099,0.0,0.0692646263984416,630.0650932882618,False
2008-09-01 11:30:00+00:00,2.985,87.15,213.2,4.693,0.0,0.099,100.8436,0.0973095894604826,612.8135096210972,False
2008-09-01 12:00:00+00:00,3.891,81.955,213.2,4.678,0.0,0.099,100.8436,0.145708526187972,588.0815394577373,False
2008-09-01 12:30:00+00:00,4.519,74.37,151.6,3.869,0.0,0.099,71.70679999999999,0.2163090277753606,556.2925400137498,False
2008-09-01 13:00:00+00:00,4.75,69.245,151.6,4.433,0.0,0.099,71.70679999999999,0.2638019806489272,517.9906700090175,False
2008-09-01 13:30:00+00:00,5.22,63.84,270.1,3.754,0.0,0.099,127.7573,0.3205273293265655,473.8315748823119,False
2008-09-01 14:00:00+00:00,4.976,69.555,270.1,3.554,0.0,0.0985,127.7573,0.265307254360301,424.5711635835133,False
2008-09-01 14:30:00+00:00,5.31,66.485,129.9,3.968,0.0,0.0985,61.4427,0.298952958883558,371.05266905963697,False
2008-09-01 15:00:00+00:00,4.982,61.045,129.9,3.624,0.0,0.0985,61.4427,0.3396085298980434,314.1922139305857,False
2008-09-01 15:30:00+00:00,5.37,56.965,344.7,3.742,0.0,0.0985,163.04309999999998,0.3854803940368241,254.9631284385761,False
2008-09-01 16:00:00+00:00,5.859,58.55,344.7,3.104,0.0,0.098,163.04309999999998,0.3841302586876171,194.37928911409315,False
2008-09-01 16:30:00+00:00,12.98,58.93,320.3,2.486,0.0,0.098,151.5019,0.6151651003643495,133.4777633644443,False
2008-09-01 17:00:00+00:00,4.623,53.585,320.3,1.681,0.0,0.0975,151.5019,0.3945971355867885,73.3010570727313,False
2008-09-01 17:30:00+00:00,4.758,60.01,105.3,1.059,0.0,0.0975,49.8069,0.3432078097343748,14.879269090608124,False
2008-09-01 18:00:00+00:00,4.864,57.825,105.3,1.627,0.0,0.0975,49.8069,0.3646572485038945,0.0,False
2008-09-01 18:30:00+00:00,3.673,61.765,65.4,1.331,0.0,0.0975,30.9342,0.3040193383034551,0.0,False
2008-09-01 19:00:00+00:00,2.088,67.5,65.4,1.38,0.0,0.0975,30.9342,0.2308482584399463,0.0,False
2008-09-01 19:30:00+00:00,0.272,76.73,31.2,1.513,0.0,0.0975,14.757599999999998,0.1449731319356358,0.0,False
2008-09-01 20:00:00+00:00,0.239,80.875,31.2,1.118,0.0,0.097,14.757599999999998,0.1188637687419171,0.0,False
2008-09-01 20:30:00+00:00,0.956,78.595,1.9,1.394,0.0,0.097,0.8986999999999999,0.1401395652384066,0.0,False
2008-09-01 21:00:00+00:00,1.236,78.9,1.9,1.657,0.0,0.097,0.8986999999999999,0.1409662978258073,0.0,False
2008-09-01 21:30:00+00:00,1.419,80.08,0.0,1.976,0.0,0.0965,0.0,0.134850952317381,0.0,False
2008-09-01 22:00:00+00:00,1.157,84.25,0.0,1.498,0.0,0.0965,0.0,0.1046251850460951,0.0,False
2008-09-01 22:30:00+00:00,1.137,87.6,0.0,1.683,0.0,0.0965,0.0,0.0822526641842591,0.0,False
2008-09-01 23:00:00+00:00,1.18,91.35,0.0,2.05,0.0,0.0965,0.0,0.0575563384739843,0.0,False
2008-09-01 23:30:00+00:00,0.87,93.45,0.0,2.35,0.0,0.0965,0.0,0.0426170783492876,0.0,False
2008-09-02 00:00:00+00:00,0.683,93.55,0.0,2.088,0.0,0.0965,0.0,0.0414016311936825,0.0,False
2008-09-02 00:30:00+00:00,0.834,93.35,0.0,2.016,0.0,0.0965,0.0,0.0431550749505086,0.0,False
2008-09-02 01:00:00+00:00,0.733,93.0,0.0,1.672,0.0,0.0965,0.0,0.0450951802563207,0.0,False
2008-09-02 01:30:00+00:00,0.619,92.95,0.0,1.818,0.0,0.096,0.0,0.0450433527104395,0.0,False
2008-09-02 02:00:00+00:00,0.546,93.3,0.0,2.324,0.0,0.096,0.0,0.0425809538719085,0.0,False
2008-09-02 02:30:00+00:00,0.711,93.35,0.0,2.379,0.0,0.096,0.0,0.0427721519808804,0.0,False
2008-09-02 03:00:00+00:00,0.962,92.2,0.0,2.298,0.0,0.0965,0.0,0.0510891474158375,30.36832951588113,False
2008-09-02 03:30:00+00:00,1.197,91.35,0.0,2.704,0.0,0.096,0.0,0.0576270321288479,89.70942694492315,False
2008-09-02 04:00:00+00:00,1.322,90.85,0.0,2.85,0.0,0.096,0.0,0.0615104205391171,150.3901708231129,False
2008-09-02 04:30:00+00:00,1.419,90.45,0.3,3.06,0.0,0.096,0.1419,0.0646499294493467,211.371831586989,False
2008-09-02 05:00:00+00:00,1.622,90.1,0.3,2.824,0.0,0.096,0.1419,0.0680060805997014,271.6105282501885,False
2008-09-02 05:30:00+00:00,1.764,90.2,6.1,2.667,0.0,0.096,2.8852999999999995,0.068009959193779,330.07509750718964,False
2008-09-02 06:00:00+00:00,1.957,89.25,6.1,3.306,0.0,0.0955,2.8852999999999995,0.075643687726759,385.7647451468371,False
2008-09-02 06:30:00+00:00,2.279,87.3,38.3,3.74,0.0,0.0955,18.1159,0.0914505088516425,437.7261776194889,False
2008-09-02 07:00:00+00:00,2.403,87.6,38.3,3.34,0.0,0.0955,18.1159,0.090085470027227,485.0699204997881,False
2008-09-02 07:30:00+00:00,2.695,87.2,83.8,4.239,0.0,0.0955,39.6374,0.094949960320497,526.9855445057202,False
2008-09-02 08:00:00+00:00,3.326,83.15,83.8,3.763,0.0,0.0955,39.6374,0.1307281677405371,562.7555384345754,False
2008-09-02 08:30:00+00:00,3.672,79.19,140.1,4.247,0.0,0.0955,66.26729999999999,0.1654556065875643,591.7675915384639,False
2008-09-02 09:00:00+00:00,4.218,76.045,140.1,4.083,0.0,0.0955,66.26729999999999,0.1979398632699474,613.5250750888549,False
2008-09-02 09:30:00+00:00,4.625,75.57,172.7,4.317,0.0,0.0955,81.68709999999999,0.2077207902074764,627.6555437056927,False
2008-09-02 10:00:00+00:00,4.099,80.375,172.7,4.363,0.0,0.0955,81.68709999999999,0.1608079489019084,633.9171109241819,False
2008-09-02 10:30:00+00:00,4.763,77.305,228.0,4.301,0.0,0.0955,107.844,0.194844470077689,632.2025898608597,False
2008-09-02 11:00:00+00:00,5.152,74.34,228.0,4.212,0.0,0.0955,107.844,0.2263766052973103,622.5413280975472,False
2008-09-02 11:30:00+00:00,5.536,71.89,244.1,4.341,0.0,0.0955,115.45929999999998,0.2547201044490426,605.0987053720281,False
2008-09-02 12:00:00+00:00,5.94,68.27,244.1,4.651,0.0,0.0955,115.45929999999998,0.2957095772649795,580.1733026722692,False
2008-09-02 12:30:00+00:00,5.687,69.715,176.0,4.483,0.0,0.0955,83.24799999999999,0.2773269181899117,548.1917911920012,False
2008-09-02 13:00:00+00:00,5.921,69.16,176.0,4.732,0.0,0.0955,83.24799999999999,0.2870365337602528,509.7016286367407,False
2008-09-02 13:30:00+00:00,6.096,69.21,240.6,4.796,0.0,0.0955,113.8038,0.2900695884448176,465.3616879033552,False
2008-09-02 14:00:00+00:00,6.069,69.43,240.6,4.094,0.0,0.0945,113.8038,0.2874586685366307,415.9309785498187,False
2008-09-02 14:30:00+00:00,5.875,70.24,123.1,4.687,0.0,0.095,58.2263,0.2761018268602008,362.25565411967625,False
2008-09-02 15:00:00+00:00,5.654,70.85,123.1,5.215,0.0,0.0945,58.2263,0.2663216597524289,305.2545277285872,False
2008-09-02 15:30:00+00:00,5.611,72.115,190.2,4.983,0.0,0.0945,89.96459999999999,0.254003484161508,245.90334385598084,False
2008-09-02 16:00:00+00:00,5.491,74.18,190.2,4.984,0.0,0.0945,89.96459999999999,0.2332372690211841,185.21807557663723,False
2008-09-02 16:30:00+00:00,5.518,73.435,101.0,4.358,0.0,0.0945,47.773,0.2404185605293158,124.23753314932212,False
2008-09-02 17:00:00+00:00,5.371,71.645,101.0,3.545,0.0,0.0945,47.773,0.2540039157293101,64.00558166840995,False
2008-09-02 17:30:00+00:00,4.843,73.725,136.7,3.669,0.0,0.0945,64.6591,0.2268474981737774,5.55327217661809,False
2008-09-02 18:00:00+00:00,4.241,77.34,136.7,3.506,0.0,0.0945,64.6591,0.1875426120851951,0.0,False
2008-09-02 18:30:00+00:00,3.6,82.375,28.5,3.067,0.0,0.0945,13.4805,0.1394206015077525,0.0,False
2008-09-02 19:00:00+00:00,3.227,86.65,28.5,3.006,0.0,0.0945,13.4805,0.102849076221657,0.0,False
2008-09-02 19:30:00+00:00,3.179,87.3,15.1,2.705,0.0,0.0945,7.1423,0.0975086355005847,0.0,False
2008-09-02 20:00:00+00:00,3.085,86.7,15.1,3.259,0.0,0.0945,7.1423,0.1014358281152425,0.0,False
2008-09-02 20:30:00+00:00,2.847,86.8,0.8,3.399,0.0,0.0945,0.3784,0.0989832694787572,0.0,False
2008-09-02 21:00:00+00:00,2.724,85.9,0.8,2.845,0.0,0.0945,0.3784,0.1048097507215065,0.0,False
2008-09-02 21:30:00+00:00,2.677,85.5,0.0,3.097,0.0,0.0945,0.0,0.1074225557778779,0.0,False
2008-09-02 22:00:00+00:00,2.661,85.05,0.0,3.467,0.0,0.0945,0.0,0.11063007004548,0.0,False
2008-09-02 22:30:00+00:00,2.615,84.3,0.0,3.062,0.0,0.094,0.0,0.1157995196729197,0.0,False
2008-09-02 23:00:00+00:00,2.451,84.95,0.0,2.513,0.0,0.094,0.0,0.109713244274444,0.0,False
2008-09-02 23:30:00+00:00,2.183,85.25,0.0,3.044,0.0,0.094,0.0,0.1054849487080388,0.0,False
2008-09-03 00:00:00+00:00,2.082,86.3,0.0,2.627,0.0,0.094,0.0,0.0972695893799582,0.0,False
2008-09-03 00:30:00+00:00,1.878,87.4,0.0,2.02,0.0,0.094,0.0,0.0881602317170073,0.0,False
2008-09-03 01:00:00+00:00,1.868,88.1,0.0,2.202,0.0,0.0935,0.0,0.0832026904177852,0.0,False
2008-09-03 01:30:00+00:00,1.923,88.65,0.0,1.96,0.0,0.0935,0.0,0.0796710746945505,0.0,False
2008-09-03 02:00:00+00:00,2.001,89.25,0.0,2.055,0.0,0.0935,0.0,0.075882782579392,0.0,False
2008-09-03 02:30:00+00:00,2.128,89.6,0.0,2.269,0.0,0.0935,0.0,0.0740834467121566,0.0,False
2008-09-03 03:00:00+00:00,2.285,88.8,0.0,1.98,0.0,0.0935,0.0,0.080683892709648,23.588433113389467,False
2008-09-03 03:30:00+00:00,2.329,88.4,0.0,3.276,0.0,0.0935,0.0,0.0838288609764148,83.05075974106833,False
2008-09-03 04:00:00+00:00,2.445,87.55,0.0,3.005,0.0,0.0935,0.0,0.0907205668905745,143.8313109785144,False
2008-09-03 04:30:00+00:00,2.501,88.0,0.0,2.937,0.0,0.0935,0.0,0.0877919544241039,204.88964236306495,False
2008-09-03 05:00:00+00:00,2.462,88.15,0.0,3.229,0.0,0.0935,0.0,0.0864534174255414,265.1805540549358,False
2008-09-03 05:30:00+00:00,2.514,87.0,0.0,3.281,0.0,0.0935,0.0,0.095196274776564,323.67198262678124,False
2008-09-03 06:00:00+00:00,2.657,86.0,0.0,3.561,0.0,0.0935,0.0,0.1035705181455364,379.3626679931942,False
2008-09-03 06:30:00+00:00,2.77,85.75,0.0,4.177,0.0,0.0935,0.0,0.1062725295778865,431.2992930564888,False
2008-09-03 07:00:00+00:00,2.876,85.4,0.0,4.073,0.0,0.0935,0.0,0.1097077544420667,478.5928026708135,False
2008-09-03 07:30:00+00:00,3.134,84.1,0.0,3.851,0.0,0.0935,0.0,0.1216882521246991,520.4336225748162,False
2008-09-03 08:00:00+00:00,3.355,83.05,0.0,3.938,0.0,0.0935,0.0,0.1317746784949435,556.1055177734758,False
2008-09-03 08:30:00+00:00,3.466,81.9,0.0,3.696,0.0,0.0935,0.0,0.1418263200459328,584.9978531393299,False
2008-09-03 09:00:00+00:00,3.72,80.395,0.0,3.41,0.0,0.0935,0.0,0.1564047356294604,606.6160463541723,False
2008-09-03 09:30:00+00:00,4.125,78.58,0.0,3.515,0.0,0.0935,0.0,0.175838007048865,620.5900342557494,False
2008-09-03 10:00:00+00:00,4.597,76.905,0.0,3.768,0.0,0.0935,0.0,0.1959843601541665,626.6806076605161,False
2008-09-03 10:30:00+00:00,5.003,74.855,0.0,3.253,0.0,0.0935,0.0,0.2195355058076645,624.7835062210548,False
2008-09-03 11:00:00+00:00,5.464,72.42,0.0,3.145,0.0,0.0935,0.0,0.248667669923383,614.9312032205155,False
2008-09-03 11:30:00+00:00,6.157,69.19,252.1,2.535,0.0,0.0935,119.2433,0.2914870547923988,597.2923497502918,False
2008-09-03 12:00:00+00:00,6.91,65.785,252.1,2.472,0.0,0.0935,119.2433,0.3409731208025967,572.1688877839728,False
2008-09-03 12:30:00+00:00,7.472,64.095,255.1,2.674,0.0,0.0935,120.6623,0.3718916349309925,539.9908815647012,False
2008-09-03 13:00:00+00:00,7.408,68.045,255.1,2.47,0.0,0.0935,120.6623,0.3295306871710164,501.3091557811476,False
2008-09-03 13:30:00+00:00,6.309,72.13,277.6,2.909,0.0,0.0935,131.3048,0.266460667060424,456.7858665511021,False
2008-09-03 14:00:00+00:00,6.081,71.68,277.6,2.57,0.0,0.0935,131.3048,0.2665228022951424,407.183166618032,False
2008-09-03 14:30:00+00:00,6.895,65.075,247.7,2.267,0.0,0.0935,117.1621,0.3476895757712462,353.35015878969546,False
2008-09-03 15:00:00+00:00,8.11,56.835,247.7,2.175,0.0,0.093,117.1621,0.467006654657229,296.2083609499239,False
2008-09-03 15:30:00+00:00,8.24,54.18,291.4,2.25,0.0,0.093,137.83219999999997,0.5001397437070301,236.73593145401676,False
2008-09-03 16:00:00+00:00,8.94,51.965,291.4,1.697,0.0,0.093,137.83219999999997,0.5498282086910932,175.95092493829915,False
2008-09-03 16:30:00+00:00,8.62,53.57,237.0,0.794,0.0,0.093,112.101,0.5200564262693245,114.89386517191984,False
2008-09-03 17:00:00+00:00,9.23,53.235,237.0,1.192,0.0,0.093,112.101,0.5458877219541304,54.60993327027749,False
2008-09-03 17:30:00+00:00,9.81,50.145,173.6,1.828,0.0,0.0925,82.1128,0.6051412060329815,0.0,False
2008-09-03 18:00:00+00:00,9.55,52.76,173.6,1.722,0.0,0.0925,82.1128,0.563459367028052,0.0,False
2008-09-03 18:30:00+00:00,7.971,60.175,76.9,1.664,0.0,0.0925,36.3737,0.4268068621759152,0.0,False
2008-09-03 19:00:00+00:00,6.814,64.735,76.9,1.74,0.0,0.0925,36.3737,0.3491219194768259,0.0,False
2008-09-03 19:30:00+00:00,5.224,71.035,33.3,1.707,0.0,0.0925,15.750899999999998,0.2568215241614233,0.0,False
2008-09-03 20:00:00+00:00,3.784,79.34,33.3,1.842,0.0,0.0925,15.750899999999998,0.1655683431695677,0.0,False
2008-09-03 20:30:00+00:00,2.403,86.55,1.3,1.834,0.0,0.0925,0.6149,0.0977136751505002,0.0,False
2008-09-03 21:00:00+00:00,2.587,88.25,1.3,1.652,0.0,0.0925,0.6149,0.0864922863112521,0.0,False
2008-09-03 21:30:00+00:00,3.047,85.4,0.0,1.61,0.0,0.0925,0.0,0.1110503047878209,0.0,False
2008-09-03 22:00:00+00:00,3.222,84.9,0.0,1.756,0.0,0.0925,0.0,0.116289890591799,0.0,False
2008-09-03 22:30:00+00:00,3.517,85.45,0.0,1.839,0.0,0.0925,0.0,0.1144220423244491,0.0,False
2008-09-03 23:00:00+00:00,3.87,86.8,0.0,2.338,0.0,0.0925,0.0,0.1064285854547665,0.0,False
2008-09-03 23:30:00+00:00,4.303,87.9,0.0,2.528,0.0,0.0925,0.0,0.1005818680168102,0.0,False
2008-09-04 00:00:00+00:00,4.333,89.3,0.0,2.525,0.0,0.0925,0.0,0.0891321400622619,0.0,False
2008-09-04 00:30:00+00:00,4.544,90.05,0.0,2.9,0.0,0.0925,0.0,0.0841223273233639,0.0,False
2008-09-04 01:00:00+00:00,4.859,90.3,0.0,3.073,0.0,0.0925,0.0,0.0838396549784325,0.0,False
2008-09-04 01:30:00+00:00,4.755,90.25,0.0,3.045,0.0,0.0925,0.0,0.0836602361833941,0.0,False
2008-09-04 02:00:00+00:00,4.232,90.15,0.0,3.213,1.0,0.0925,0.0,0.0814706588959228,0.0,False
2008-09-04 02:30:00+00:00,4.079,90.95,0.0,3.386,0.5,0.093,0.0,0.0740515975057579,0.0,False
2008-09-04 03:00:00+00:00,4.324,90.35,0.0,3.229,0.5,0.094,0.0,0.0803346720394131,16.76896785475777,False
2008-09-04 03:30:00+00:00,4.439,91.15,0.0,3.358,0.0,0.095,0.0,0.0742727195790778,76.35054950126131,False
2008-09-04 04:00:00+00:00,4.22,92.95,0.0,3.433,0.0,0.0955,0.0,0.0582622618098821,137.22867227409645,False
2008-09-04 04:30:00+00:00,4.188,94.05,0.0,3.54,0.0,0.096,0.0,0.0490610617441213,198.3612154887692,False
2008-09-04 05:00:00+00:00,4.164,95.15,0.0,3.713,0.5,0.096,0.0,0.0399234310904199,258.70170295330144,False
2008-09-04 05:30:00+00:00,4.225,95.7,1.9,3.653,0.0,0.0965,0.8986999999999999,0.035548354817746,317.2172167089318,False
2008-09-04 06:00:00+00:00,4.433,96.1,1.9,3.882,0.5,0.0975,0.8986999999999999,0.0327165573424348,372.90607868817256,False
2008-09-04 06:30:00+00:00,4.825,95.85,21.5,3.585,0.0,0.099,10.1695,0.0357842565941503,424.8149976124761,False
2008-09-04 07:00:00+00:00,5.177,94.75,21.5,3.4,0.5,0.1,10.1695,0.0463972593306118,472.0553876057975,False
2008-09-04 07:30:00+00:00,5.338,94.8,58.1,3.157,0.5,0.1015,27.4813,0.0464745244770263,513.8185791789097,False
2008-09-04 08:00:00+00:00,5.392,95.35,58.1,2.82,0.5,0.103,27.4813,0.0417156861905981,549.3896621994539,False
2008-09-04 08:30:00+00:00,5.704,94.65,58.1,2.095,0.0,0.105,27.4813,0.0490491493950223,578.1597238807109,False
2008-09-04 09:00:00+00:00,5.741,94.9,58.1,0.911,1.0,0.1055,27.4813,0.0468775275815955,599.6362722959884,False
2008-09-04 09:30:00+00:00,6.004,95.35,58.1,1.19,0.0,0.107,27.4813,0.043528736614878,613.45166698607,False
2008-09-04 10:00:00+00:00,6.252,95.65,58.1,1.277,0.0,0.108,27.4813,0.0414259868383886,619.3694123417903,False
2008-09-04 10:30:00+00:00,6.8,96.0,58.1,1.965,0.0,0.108,27.4813,0.039561653317203,617.2882060292171,False
2008-09-04 11:00:00+00:00,7.425,95.45,58.1,1.982,0.0,0.108,27.4813,0.0469758236074447,607.2436731543576,False
2008-09-04 11:30:00+00:00,8.38,93.8,58.1,2.435,0.0,0.108,27.4813,0.0683225531455847,589.4077564802242,False
2008-09-04 12:00:00+00:00,10.05,89.3,58.1,1.553,0.0,0.1075,27.4813,0.1319861827179454,564.0857731331612,False
2008-09-04 12:30:00+00:00,9.88,89.65,58.1,1.811,0.0,0.1075,27.4813,0.1262206687656872,531.7111881808434,False
2008-09-04 13:00:00+00:00,9.96,88.4,58.1,1.888,0.0,0.1075,27.4813,0.1422265040791177,492.8381945474092,False
2008-09-04 13:30:00+00:00,10.82,86.3,58.1,1.766,0.0,0.107,27.4813,0.1779182154689699,448.132226282781,False
2008-09-04 14:00:00+00:00,10.49,86.3,58.1,1.52,0.0,0.107,27.4813,0.1740431210137901,398.3585675805142,False
2008-09-04 14:30:00+00:00,10.61,87.5,58.1,0.704,0.0,0.1075,27.4813,0.1600762666417891,344.3692525361361,False
2008-09-04 15:00:00+00:00,11.16,84.5,58.1,1.437,0.0,0.107,27.4813,0.2059007799315381,287.0884798972514,False
2008-09-04 15:30:00+00:00,11.17,84.15,137.7,0.922,0.0,0.107,65.1321,0.2106901153531925,227.49679247780355,False
2008-09-04 16:00:00+00:00,11.04,87.45,137.7,0.41,0.0,0.107,65.1321,0.1653883723602563,166.61429205558153,False
2008-09-04 16:30:00+00:00,10.77,83.96,139.1,0.281,0.5,0.107,65.79429999999999,0.2076140995871567,105.48317708313436,False
2008-09-04 17:00:00+00:00,9.81,89.75,139.1,2.263,1.0,0.108,65.79429999999999,0.1244147500117954,45.14990213464535,False
2008-09-04 17:30:00+00:00,9.61,91.7,46.9,2.156,0.0,0.1085,22.1837,0.0993996840786155,0.0,False
2008-09-04 18:00:00+00:00,9.58,92.1,46.9,1.883,0.0,0.109,22.1837,0.0944184816324034,0.0,False
2008-09-04 18:30:00+00:00,9.38,93.45,18.7,2.184,0.0,0.1095,8.845099999999999,0.0772358790883006,0.0,False
2008-09-04 19:00:00+00:00,8.88,95.35,18.7,2.493,0.0,0.1095,8.845099999999999,0.0530100598218775,0.0,False
2008-09-04 19:30:00+00:00,8.19,96.3,8.6,2.233,0.0,0.1095,4.067799999999999,0.0402494235104998,0.0,False
2008-09-04 20:00:00+00:00,7.928,96.35,8.6,2.221,0.0,0.1095,4.067799999999999,0.0390026673913723,0.0,False
2008-09-04 20:30:00+00:00,7.673,95.9,0.2,1.977,0.0,0.1095,0.0946,0.0430546341128716,0.0,False
2008-09-04 21:00:00+00:00,7.167,95.3,0.2,1.844,0.0,0.1095,0.0946,0.0476732152284605,0.0,False
2008-09-04 21:30:00+00:00,6.79,94.4,0.2,1.664,0.0,0.1095,0.0946,0.055348174972588,0.0,False
2008-09-04 22:00:00+00:00,6.564,95.35,0.2,2.052,0.0,0.1095,0.0946,0.0452481171040515,0.0,False
2008-09-04 22:30:00+00:00,6.399,94.95,0.0,2.372,0.0,0.1095,0.0,0.0485836201262407,0.0,False
2008-09-04 23:00:00+00:00,6.146,94.75,0.0,2.107,0.0,0.11,0.0,0.0496313436540827,0.0,False
2008-09-04 23:30:00+00:00,6.097,93.55,0.0,1.865,0.0,0.1095,0.0,0.0607690315206675,0.0,False
2008-09-05 00:00:00+00:00,6.106,93.8,0.0,1.282,0.0,0.1095,0.0,0.0584500777731656,0.0,False
2008-09-05 00:30:00+00:00,5.971,94.4,0.0,1.83,0.0,0.1095,0.0,0.0523018736797682,0.0,False
2008-09-05 01:00:00+00:00,5.851,94.65,0.0,1.668,0.0,0.1095,0.0,0.0495526125938686,0.0,False
2008-09-05 01:30:00+00:00,5.73,94.1,0.0,1.965,0.0,0.11,0.0,0.0541894247660276,0.0,False
2008-09-05 02:00:00+00:00,5.622,93.15,0.0,1.885,0.0,0.11,0.0,0.062444173077591,0.0,False
2008-09-05 02:30:00+00:00,5.496,92.55,0.0,1.809,0.5,0.11,0.0,0.0673207883533205,0.0,False
2008-09-05 03:00:00+00:00,5.522,92.4,0.0,1.904,0.0,0.11,0.0,0.0688006761514378,9.944004220621762,False
2008-09-05 03:30:00+00:00,5.505,93.3,0.0,1.654,0.0,0.11,0.0,0.0605814810372917,69.64376536888048,False
2008-09-05 04:00:00+00:00,5.589,92.95,0.0,1.808,0.0,0.11,0.0,0.0641199841062938,130.61755760655785,False
2008-09-05 04:30:00+00:00,5.498,93.45,0.0,1.99,0.0,0.11,0.0,0.0591963191326149,191.8216170003339,False
2008-09-05 05:00:00+00:00,5.509,92.45,0.0,1.519,0.0,0.1095,0.0,0.0682862069899506,252.2082375702905,False
2008-09-05 05:30:00+00:00,5.453,90.9,0.0,1.856,0.0,0.1095,0.0,0.0819848666804752,310.7437061775602,False
2008-09-05 06:00:00+00:00,5.284,89.5,0.0,2.113,0.0,0.1095,0.0,0.0934900399113465,366.4259978877317,False
2008-09-05 06:30:00+00:00,5.203,89.7,0.0,1.944,0.0,0.1095,0.0,0.0911923777472931,418.3019288959196,False
2008-09-05 07:00:00+00:00,5.324,90.4,0.0,2.334,0.0,0.1095,0.0,0.085715404635171,465.4834733852862,False
2008-09-05 07:30:00+00:00,5.525,89.3,0.0,2.294,0.0,0.109,0.0,0.0968843423133522,507.16296500231925,False
2008-09-05 08:00:00+00:00,5.742,87.55,0.0,2.123,0.0,0.109,0.0,0.1144442699241789,542.6269227253706,False
2008-09-05 08:30:00+00:00,5.883,88.15,0.0,2.655,0.0,0.109,0.0,0.1100008052331099,571.2682644510206,False
2008-09-05 09:00:00+00:00,6.003,88.3,0.0,2.654,0.0,0.109,0.0,0.1095163238455043,592.5966992218313,False
2008-09-05 09:30:00+00:00,7.333,81.115,0.0,2.698,0.0,0.1085,0.0,0.1937496761057609,606.2471201976675,False
2008-09-05 10:00:00+00:00,8.1,73.03,0.0,2.97,0.0,0.1085,0.0,0.2915924892667633,611.9858546962757,False
2008-09-05 10:30:00+00:00,8.79,69.835,0.0,2.499,0.0,0.1085,0.0,0.3417914671306314,609.7146643120506,False
2008-09-05 11:00:00+00:00,9.02,66.88,0.0,3.176,0.0,0.1085,0.0,0.3811623867532572,599.4724266365902,False
2008-09-05 11:30:00+00:00,9.95,60.43,0.0,2.888,0.0,0.1085,0.0,0.4848385318998154,581.4344697915722,False
2008-09-05 12:00:00+00:00,9.97,60.435,0.0,3.47,0.0,0.1085,0.0,0.4854283774281216,555.9095711642435,False
2008-09-05 12:30:00+00:00,9.9,60.265,0.0,1.824,0.0,0.108,0.0,0.4852288253594454,523.334671720657,False
2008-09-05 13:00:00+00:00,10.73,59.08,0.0,2.466,0.0,0.1075,0.0,0.5282381783065853,484.2673963772191,False
2008-09-05 13:30:00+00:00,10.97,55.835,0.0,2.472,2.0,0.109,0.0,0.5793174877110954,439.3765084675807,False
2008-09-05 14:00:00+00:00,9.38,63.455,0.0,1.611,0.0,0.1105,0.0,0.4309290383636562,389.4304617068768,False
2008-09-05 14:30:00+00:00,9.96,67.26,288.7,2.154,0.0,0.1105,136.55509999999998,0.4014220468577856,335.28424562286114,False
2008-09-05 15:00:00+00:00,9.88,67.535,288.7,1.709,0.0,0.1105,136.55509999999998,0.3959182619785543,277.86474963656127,False
2008-09-05 15:30:00+00:00,6.505,79.845,32.1,0.867,0.0,0.1105,15.1833,0.1953266381159381,218.15489633355455,False
2008-09-05 16:00:00+00:00,9.23,76.085,32.1,0.925,0.0,0.1105,15.1833,0.2791597320759763,157.1768155361798,False
2008-09-05 16:30:00+00:00,8.88,72.805,287.3,1.1,0.0,0.1105,135.8929,0.3100233498614962,95.97434720739317,False
2008-09-05 17:00:00+00:00,8.18,72.405,287.3,1.441,0.0,0.1105,135.8929,0.2999802046749136,35.595172706093614,False
2008-09-05 17:30:00+00:00,8.48,72.52,106.0,1.566,0.0,0.1105,50.138,0.3048881689113313,0.0,False
2008-09-05 18:00:00+00:00,7.298,78.8,106.0,1.629,0.0,0.1105,50.138,0.2169787955166626,0.0,False
2008-09-05 18:30:00+00:00,7.758,72.91,118.8,1.438,0.0,0.1105,56.1924,0.2861334443808415,0.0,False
2008-09-05 19:00:00+00:00,5.518,80.99,118.8,1.547,0.0,0.1105,56.1924,0.1720443002319704,0.0,False
2008-09-05 19:30:00+00:00,4.589,83.8,16.9,1.853,0.0,0.1105,7.993699999999999,0.1373961925483152,0.0,False
2008-09-05 20:00:00+00:00,4.314,82.35,16.9,1.695,0.0,0.1105,7.993699999999999,0.1468300728052999,0.0,False
2008-09-05 20:30:00+00:00,4.949,81.15,0.2,1.44,0.0,0.11,0.0946,0.163954874658474,0.0,False
2008-09-05 21:00:00+00:00,4.438,85.05,0.2,1.612,0.0,0.11,0.0946,0.125457531525298,0.0,False
2008-09-05 21:30:00+00:00,4.305,85.55,0.0,0.673,0.0,0.11,0.0,0.1201332601551424,0.0,False
2008-09-05 22:00:00+00:00,3.879,88.2,0.0,0.796,0.0,0.11,0.0,0.095201164364533,0.0,False
2008-09-05 22:30:00+00:00,2.976,92.3,0.0,1.229,0.0,0.11,0.0,0.0582727159292512,0.0,False
2008-09-05 23:00:00+00:00,3.27,91.6,0.0,1.671,0.0,0.1095,0.0,0.0649117826427352,0.0,False
2008-09-05 23:30:00+00:00,2.962,91.85,0.0,1.835,0.0,0.1095,0.0,0.0616168782116147,0.0,False
2008-09-06 00:00:00+00:00,2.126,94.25,0.0,1.641,0.0,0.1095,0.0,0.0409537302163822,0.0,False
2008-09-06 00:30:00+00:00,2.079,95.7,0.0,1.091,0.0,0.1095,0.0,0.0305233083717497,0.0,False
2008-09-06 01:00:00+00:00,2.704,93.2,0.0,0.945,0.0,0.109,0.0,0.0504745398679584,0.0,False
2008-09-06 01:30:00+00:00,2.4,92.55,0.0,0.699,0.0,0.109,0.0,0.0541123285743516,0.0,False
2008-09-06 02:00:00+00:00,1.576,94.1,0.0,0.919,0.0,0.109,0.0,0.0403949511970338,0.0,False
2008-09-06 02:30:00+00:00,1.45,94.75,0.0,0.322,0.0,0.109,0.0,0.0356200129905045,0.0,False
2008-09-06 03:00:00+00:00,1.469,93.55,0.0,0.394,0.0,0.109,0.0,0.0438216703636838,3.0498414740844275,False
2008-09-06 03:30:00+00:00,1.074,93.0,0.0,0.369,0.0,0.109,0.0,0.046222065140549,62.86461244780679,False
2008-09-06 04:00:00+00:00,0.87,93.3,0.0,0.639,0.0,0.109,0.0,0.0435930419756072,123.93123836027677,False
2008-09-06 04:30:00+00:00,0.853,92.1,0.0,0.712,0.0,0.109,0.0,0.0513375199193937,185.20436099473463,False
2008-09-06 05:00:00+00:00,1.0,92.1,0.0,0.411,0.0,0.109,0.0,0.0518865593194111,245.63508700115636,False
2008-09-06 05:30:00+00:00,1.161,91.8,0.0,1.236,0.0,0.109,0.0,0.0544872637598885,304.1889431974587,False
2008-09-06 06:00:00+00:00,1.722,90.05,0.0,1.972,0.0,0.109,0.0,0.0688428187029829,359.86358502932967,False
2008-09-06 06:30:00+00:00,2.013,88.8,0.0,2.591,0.0,0.1085,0.0,0.0791273288624076,411.7059550492008,False
2008-09-06 07:00:00+00:00,2.376,86.9,0.0,2.911,0.0,0.109,0.0,0.0949874553480837,458.8285976895146,False
2008-09-06 07:30:00+00:00,3.743,83.65,0.0,3.257,0.0,0.1085,0.0,0.1306491893010441,500.4248510479682,False
2008-09-06 08:00:00+00:00,4.995,78.255,0.0,3.091,0.0,0.108,0.0,0.1897446777098199,535.7826556260128,False
2008-09-06 08:30:00+00:00,5.59,75.52,0.0,3.515,0.0,0.108,0.0,0.2226619050240574,564.2967436372143,False
2008-09-06 09:00:00+00:00,6.251,72.53,0.0,3.21,0.0,0.108,0.0,0.2615846246633542,585.4790002238082,False
2008-09-06 09:30:00+00:00,6.673,67.605,0.0,3.476,0.0,0.108,0.0,0.3176078338306536,598.966819213641,False
2008-09-06 10:00:00+00:00,7.339,64.485,0.0,3.752,0.0,0.108,0.0,0.3645142490102958,604.5293103796705,False
2008-09-06 10:30:00+00:00,8.09,62.42,237.9,3.393,0.0,0.1075,112.5267,0.4060282032844406,602.0712519428968,False
2008-09-06 11:00:00+00:00,7.416,65.19,237.9,3.411,0.0,0.1075,112.5267,0.3591692726178649,591.6347206571894,False
2008-09-06 11:30:00+00:00,8.07,62.52,270.2,3.571,0.0,0.1075,127.8046,0.4043961494596597,573.3983715704409,False
2008-09-06 12:00:00+00:00,8.53,61.81,270.2,3.073,0.0,0.1075,127.8046,0.4251560005413518,547.6743797901036,False
2008-09-06 12:30:00+00:00,8.69,60.96,250.0,2.516,0.0,0.1075,118.25,0.4393633004086812,514.9030966038548,False
2008-09-06 13:00:00+00:00,8.8,60.74,250.0,2.318,0.0,0.107,118.25,0.445145964299112,475.6455114325989,False
2008-09-06 13:30:00+00:00,9.04,58.965,258.3,3.206,0.0,0.107,122.1759,0.4728915215115674,430.5736486536655,False
2008-09-06 14:00:00+00:00,9.6,58.255,258.3,3.061,0.0,0.107,122.1759,0.4995961360285518,380.4590636837585,False
2008-09-06 14:30:00+00:00,9.14,58.085,217.3,3.198,0.0,0.107,102.7829,0.4863086707532653,326.15963524885626,False
2008-09-06 15:00:00+00:00,9.69,56.095,217.3,3.311,0.0,0.107,102.7829,0.5286381245580358,268.6048799349285,False
2008-09-06 15:30:00+00:00,9.53,55.315,147.6,2.904,0.0,0.1065,69.81479999999999,0.5322670131241464,208.78004040954363,False
2008-09-06 16:00:00+00:00,9.87,53.345,147.6,1.989,0.0,0.1065,69.81479999999999,0.5685866531910961,147.7092196973565,False
2008-09-06 16:30:00+00:00,9.66,54.795,156.1,1.028,0.0,0.106,73.83529999999999,0.5431934909024347,86.43785022271302,False
2008-09-06 17:00:00+00:00,9.53,53.125,156.1,1.358,0.0,0.106,73.83529999999999,0.5583532782856521,26.014797720350455,False
2008-09-06 17:30:00+00:00,9.25,54.815,99.3,1.205,0.0,0.106,46.9689,0.5281570015390248,0.0,False
2008-09-06 18:00:00+00:00,9.38,57.1,99.3,1.268,0.0,0.106,46.9689,0.5058655286852058,0.0,False
2008-09-06 18:30:00+00:00,8.07,64.515,76.3,1.104,0.0,0.1055,36.0899,0.3828707941188907,0.0,False
2008-09-06 19:00:00+00:00,5.932,72.91,76.3,0.672,0.0,0.1055,36.0899,0.2523267402658061,0.0,False
2008-09-06 19:30:00+00:00,4.785,77.52,14.7,0.944,0.0,0.1055,6.953099999999999,0.1932963013224235,0.0,False
2008-09-06 20:00:00+00:00,4.792,78.89,14.7,1.316,0.0,0.1055,6.953099999999999,0.1816052570856842,0.0,False
2008-09-06 20:30:00+00:00,4.232,81.9,0.2,1.586,0.0,0.1055,0.0946,0.14970750517931,0.0,False
2008-09-06 21:00:00+00:00,2.754,87.5,0.2,0.555,0.0,0.1055,0.0946,0.0931153053505774,0.0,False
2008-09-06 21:30:00+00:00,2.753,89.55,0.0,0.783,0.0,0.1055,0.0,0.0778388486676284,0.0,False
2008-09-06 22:00:00+00:00,4.122,84.35,0.0,0.656,0.0,0.1055,0.0,0.1284446014794211,0.0,False
2008-09-06 22:30:00+00:00,4.323,82.8,0.0,0.582,0.0,0.1055,0.0,0.1431771189038738,0.0,False
2008-09-06 23:00:00+00:00,4.01,84.85,0.0,0.381,0.0,0.105,0.0,0.1233633958835733,0.0,False
2008-09-06 23:30:00+00:00,3.718,88.25,0.0,0.371,0.0,0.1045,0.0,0.0937258803850815,0.0,False
2008-09-07 00:00:00+00:00,3.622,88.8,0.0,0.616,0.0,0.1045,0.0,0.0887343458856731,0.0,False
2008-09-07 00:30:00+00:00,3.649,89.25,0.0,1.101,0.0,0.1045,0.0,0.0853319244773011,0.0,False
2008-09-07 01:00:00+00:00,3.468,91.75,0.0,0.863,0.0,0.1045,0.0,0.0646537513053899,0.0,False
2008-09-07 01:30:00+00:00,3.011,92.0,0.0,0.245,0.0,0.1045,0.0,0.0606939536518632,0.0,False
2008-09-07 02:00:00+00:00,1.962,94.4,0.0,0.499,0.0,0.1045,0.0,0.039419219993082,0.0,False
2008-09-07 02:30:00+00:00,1.457,96.9,0.0,0.266,0.0,0.1045,0.0,0.0210433791601239,0.0,False
2008-09-07 03:00:00+00:00,1.463,97.1,0.0,0.295,0.0,0.1045,0.0,0.0196942525346478,0.0,False
2008-09-07 03:30:00+00:00,0.558,96.3,0.0,0.509,0.0,0.104,0.0,0.0235353495914194,56.081730854992045,False
2008-09-07 04:00:00+00:00,-0.099,97.45,0.0,0.76,0.0,0.1045,0.0,0.0154627798301593,117.23909963831316,False
2008-09-07 04:30:00+00:00,-0.261,98.0,0.0,0.204,0.0,0.1045,0.0,0.0119849908165731,178.57842441281878,False
2008-09-07 05:00:00+00:00,-0.675,97.85,0.0,0.078,0.0,0.104,0.0,0.0124991081718376,239.04967387090423,False
2008-09-07 05:30:00+00:00,-0.726,98.25,5.3,0.375,0.0,0.104,2.5069,0.0101356906051615,297.61767653835324,False
2008-09-07 06:00:00+00:00,-0.348,98.3,5.3,0.239,0.0,0.104,2.5069,0.0101226330211741,353.27984126613364,False
2008-09-07 06:30:00+00:00,0.019,97.7,39.1,0.356,0.0,0.104,18.4943,0.0140674205362309,405.0833200059061,False
2008-09-07 07:00:00+00:00,0.671,95.9,39.1,0.995,0.0,0.104,18.4943,0.0262944233396883,452.1413190694613,False
2008-09-07 07:30:00+00:00,1.153,95.35,64.2,0.796,0.0,0.104,30.3666,0.0308804175438341,493.6482796487855,False
2008-09-07 08:00:00+00:00,2.182,93.15,64.2,0.938,0.0,0.104,30.3666,0.0489844179367764,528.8936677298195,False
2008-09-07 08:30:00+00:00,3.109,88.85,105.1,0.503,0.0,0.104,49.71229999999999,0.0851834356938827,557.2741373376962,False
2008-09-07 09:00:00+00:00,3.461,87.55,105.1,0.272,0.0,0.1035,49.71229999999999,0.0975200254417982,578.3038588971838,False
2008-09-07 09:30:00+00:00,4.315,83.65,146.0,0.712,0.0,0.1035,69.05799999999999,0.1360249588791247,591.6228359022493,False
2008-09-07 10:00:00+00:00,5.637,79.615,146.0,0.807,0.0,0.1035,69.05799999999999,0.1860223732221552,597.0030675255074,False
2008-09-07 10:30:00+00:00,6.962,74.12,132.7,1.001,0.0,0.1035,62.76709999999999,0.258834225693172,594.3524516724011,False
2008-09-07 11:00:00+00:00,8.57,65.4,132.7,1.085,0.0,0.104,62.76709999999999,0.3862372575222593,583.7163616648851,False
2008-09-07 11:30:00+00:00,10.52,55.99,172.3,1.476,0.0,0.1035,81.4979,0.5602193995580841,565.2768695631617,False
2008-09-07 12:00:00+00:00,10.91,52.45,172.3,1.255,0.0,0.1035,81.4979,0.6212324594564912,539.3496294198651,False
2008-09-07 12:30:00+00:00,11.29,49.405,160.6,0.907,0.0,0.103,75.96379999999999,0.6779284666501187,506.3784738193969,False
2008-09-07 13:00:00+00:00,11.29,47.17,160.6,0.438,0.0,0.103,75.96379999999999,0.7078754994194244,466.92781620004166,False
2008-09-07 13:30:00+00:00,11.62,48.47,223.4,1.296,0.0,0.103,105.6682,0.7057286846087796,421.6729890182215,False
2008-09-07 14:00:00+00:00,11.28,48.045,223.4,1.037,0.0,0.103,105.6682,0.6956892631619217,371.38868314938543,False
2008-09-07 14:30:00+00:00,11.38,48.86,174.4,0.778,0.0,0.103,82.49119999999999,0.6893357557827158,316.9356864238904,False
2008-09-07 15:00:00+00:00,11.09,48.71,174.4,0.337,0.0,0.103,82.49119999999999,0.6781693029424282,259.2461483128444,False
2008-09-07 15:30:00+00:00,10.2,52.565,171.2,0.64,0.0,0.103,80.9776,0.5910300261652632,199.3076230085162,False
2008-09-07 16:00:00+00:00,10.23,53.445,171.2,1.375,0.0,0.103,80.9776,0.5812320016268379,138.14616405637398,False
2008-09-07 16:30:00+00:00,10.49,51.015,176.4,1.739,0.0,0.103,83.4372,0.6222994367051466,76.80875993196722,False
2008-09-07 17:00:00+00:00,11.69,46.4,176.4,1.782,0.0,0.103,83.4372,0.7374873537228813,16.345411237696997,False
2008-09-07 17:30:00+00:00,10.7,53.26,101.7,2.006,0.0,0.102,48.1041,0.6021627441507951,0.0,False
2008-09-07 18:00:00+00:00,7.941,62.985,101.7,2.178,0.0,0.102,48.1041,0.3958808178215354,0.0,False
2008-09-07 18:30:00+00:00,6.718,67.045,52.1,2.101,0.0,0.102,24.6433,0.3241021298030997,0.0,False
2008-09-07 19:00:00+00:00,5.926,71.255,52.1,2.049,0.0,0.1025,24.6433,0.2676306137263918,0.0,False
2008-09-07 19:30:00+00:00,5.275,75.615,7.7,2.317,0.0,0.1025,3.6421,0.2169832151864281,0.0,False
2008-09-07 20:00:00+00:00,5.334,79.78,7.7,1.278,0.0,0.102,3.6421,0.1806640055037587,0.0,False
2008-09-07 20:30:00+00:00,5.182,84.0,0.0,0.81,0.0,0.102,0.0,0.1414505415779592,0.0,False
2008-09-07 21:00:00+00:00,5.61,82.95,0.0,1.233,0.0,0.102,0.0,0.1552970463285228,0.0,False
2008-09-07 21:30:00+00:00,6.49,78.82,0.0,1.351,0.0,0.102,0.0,0.2050476391916148,0.0,False
2008-09-07 22:00:00+00:00,6.024,82.585,0.0,0.706,0.5,0.102,0.0,0.1632483544450939,0.0,False
2008-09-07 22:30:00+00:00,5.491,87.55,0.0,0.692,0.0,0.102,0.0,0.1124633617085106,0.0,False
2008-09-07 23:00:00+00:00,5.364,90.0,0.0,0.605,0.0,0.102,0.0,0.0895362379097008,0.0,False
2008-09-07 23:30:00+00:00,5.41,89.15,0.0,0.782,0.0,0.102,0.0,0.0974587767138493,0.0,False
2008-09-08 00:00:00+00:00,5.333,91.25,0.0,0.96,0.0,0.102,0.0,0.0781750655311468,0.0,False
2008-09-08 00:30:00+00:00,5.165,92.5,0.0,0.622,0.0,0.102,0.0,0.0662262864825773,0.0,False
2008-09-08 01:00:00+00:00,4.732,93.5,0.0,0.682,0.0,0.102,0.0,0.0556836742762419,0.0,False
2008-09-08 01:30:00+00:00,4.362,94.85,0.0,1.411,0.0,0.102,0.0,0.0429876055249164,0.0,False
2008-09-08 02:00:00+00:00,4.36,95.3,0.0,1.584,0.0,0.102,0.0,0.0392258916032305,0.0,False
2008-09-08 02:30:00+00:00,4.264,94.45,0.0,1.047,0.0,0.102,0.0,0.0460082661385555,0.0,False
2008-09-08 03:00:00+00:00,4.207,94.3,0.0,1.017,0.0,0.102,0.0,0.0470625763550449,0.0,False
2008-09-08 03:30:00+00:00,4.612,91.75,0.0,0.831,0.0,0.102,0.0,0.0700832790648333,49.262880275405415,False
2008-09-08 04:00:00+00:00,4.618,91.2,0.0,0.323,0.0,0.102,0.0,0.0747869681604278,110.50840466702508,False
2008-09-08 04:30:00+00:00,4.539,91.8,0.0,0.425,0.0,0.102,0.0,0.0693026165451291,171.9111694682169,False
2008-09-08 05:00:00+00:00,4.527,92.0,0.0,0.728,0.0,0.102,0.0,0.067555378957514,232.4200531393389,False
2008-09-08 05:30:00+00:00,4.418,92.75,3.6,0.752,0.0,0.102,1.7028,0.0607551777027226,290.99923581343813,False
2008-09-08 06:00:00+00:00,4.367,93.75,3.6,0.913,0.0,0.102,1.7028,0.0521877638614615,346.64593095825643,False
2008-09-08 06:30:00+00:00,4.403,94.1,16.9,1.553,0.0,0.102,7.993699999999999,0.049390058540146,398.4075515642379,False
2008-09-08 07:00:00+00:00,4.676,94.05,16.9,1.874,0.0,0.102,7.993699999999999,0.0507722863855913,445.3980169989924,False
2008-09-08 07:30:00+00:00,5.088,92.3,49.4,2.192,0.0,0.102,23.3662,0.0676276152198092,486.812921379533,False
2008-09-08 08:00:00+00:00,5.498,91.25,49.4,2.514,0.0,0.102,23.3662,0.079079052276394,521.9433038020484,False
2008-09-08 08:30:00+00:00,5.793,90.65,112.3,2.382,0.0,0.102,53.1179,0.0862531849557603,550.1877847032343,False
2008-09-08 09:00:00+00:00,6.2,89.7,112.3,2.197,0.0,0.102,53.1179,0.0977367308615929,571.0628605963655,False
2008-09-08 09:30:00+00:00,6.879,85.05,189.1,1.972,0.0,0.102,89.4443,0.148668223517085,584.2111809509485,False
2008-09-08 10:00:00+00:00,7.502,78.645,189.1,2.162,0.0,0.1015,89.4443,0.2216426897368996,589.4076655274897,False
2008-09-08 10:30:00+00:00,7.077,80.305,191.8,2.568,0.0,0.101,90.7214,0.1985397143891275,586.5633574468561,False
2008-09-08 11:00:00+00:00,7.502,78.635,191.8,2.301,0.0,0.101,90.7214,0.2217464793364017,575.7269460345776,False
2008-09-08 11:30:00+00:00,8.34,74.38,171.9,2.028,0.0,0.101,81.3087,0.2815595504466899,557.0839333702709,False
2008-09-08 12:00:00+00:00,8.6,73.655,171.9,1.866,0.0,0.101,81.3087,0.2946867250135979,530.953458808622,False
2008-09-08 12:30:00+00:00,8.57,74.95,265.2,1.673,0.5,0.101,125.43959999999998,0.2796313092755085,497.78283583033584,False
2008-09-08 13:00:00+00:00,9.1,72.835,265.2,1.707,0.0,0.101,125.43959999999998,0.314324591925385,458.1398947429948,False
2008-09-08 13:30:00+00:00,8.96,70.08,173.6,2.362,0.0,0.101,82.1128,0.3429403433690392,412.70326231236953,False
2008-09-08 14:00:00+00:00,8.73,72.205,173.6,1.953,0.0,0.101,82.1128,0.3136595429219525,362.2507447214251,False
2008-09-08 14:30:00+00:00,8.94,72.925,233.0,1.409,0.0,0.101,110.209,0.3099114968317133,307.6460127225034,False
2008-09-08 15:00:00+00:00,9.45,71.595,233.0,1.134,0.0,0.101,110.209,0.3365285582928367,249.8238169123376,False
2008-09-08 15:30:00+00:00,8.14,80.315,133.1,1.79,0.0,0.101,62.95629999999999,0.2134098238310579,189.77398622146396,False
2008-09-08 16:00:00+00:00,8.51,78.03,133.1,2.064,0.0,0.101,62.95629999999999,0.244252411427077,128.52448353963442,False
2008-09-08 16:30:00+00:00,8.87,73.245,118.1,2.455,0.0,0.1005,55.86129999999999,0.3048008908055726,67.12380853905012,False
2008-09-08 17:00:00+00:00,7.965,79.04,118.1,1.501,0.0,0.1005,55.86129999999999,0.224537624682645,6.623048932675634,False
2008-09-08 17:30:00+00:00,8.2,75.93,84.8,0.737,0.0,0.1005,40.1104,0.2620171677074778,0.0,False
2008-09-08 18:00:00+00:00,7.932,75.395,84.8,1.487,0.0,0.1,40.1104,0.2629924980765902,0.0,False
2008-09-08 18:30:00+00:00,6.315,81.955,61.7,0.623,0.0,0.1,29.1841,0.1725970021686089,0.0,False
2008-09-08 19:00:00+00:00,4.775,87.7,61.7,1.009,0.0,0.1,29.1841,0.1056885935344141,0.0,False
2008-09-08 19:30:00+00:00,3.565,91.55,9.7,0.98,0.0,0.1,4.5881,0.066677449200223,0.0,False
2008-09-08 20:00:00+00:00,3.195,94.05,9.7,0.159,0.0,0.1,4.5881,0.0457351015288573,0.0,False
2008-09-08 20:30:00+00:00,2.402,93.95,0.3,1.05,0.0,0.1,0.1419,0.0439498503658848,0.0,False
2008-09-08 21:00:00+00:00,2.306,95.35,0.3,1.222,0.0,0.1,0.1419,0.0335485807204378,0.0,False
2008-09-08 21:30:00+00:00,1.874,95.3,0.0,0.192,0.0,0.1,0.0,0.0328757244079565,0.0,False
2008-09-08 22:00:00+00:00,1.086,96.4,0.0,1.043,0.0,0.1,0.0,0.0237919728680836,0.0,False
2008-09-08 22:30:00+00:00,1.65,97.55,0.0,0.687,0.0,0.1,0.0,0.0168637185704675,0.0,False
2008-09-08 23:00:00+00:00,1.098,96.55,0.0,0.924,0.0,0.1,0.0,0.0228204214990643,0.0,False
2008-09-08 23:30:00+00:00,0.021,97.1,0.0,0.586,0.0,0.1,0.0,0.0177397696811859,0.0,False
2008-09-09 00:00:00+00:00,0.856,98.1,0.0,0.543,0.0,0.1,0.0,0.012349680932874,0.0,False
2008-09-09 00:30:00+00:00,1.093,97.7,0.0,0.433,0.0,0.1,0.0,0.0152081184303577,0.0,False
2008-09-09 01:00:00+00:00,0.765,98.0,0.0,1.083,0.0,0.1,0.0,0.0129142537317636,0.0,False
2008-09-09 01:30:00+00:00,-0.165,98.0,0.0,0.886,0.0,0.1,0.0,0.0120693616818067,0.0,False
2008-09-09 02:00:00+00:00,-0.4,98.45,0.0,0.772,0.0,0.0995,0.0,0.0091944076726798,0.0,False
2008-09-09 02:30:00+00:00,-0.16,98.55,0.0,0.71,0.0,0.0995,0.0,0.0087534834897232,0.0,False
2008-09-09 03:00:00+00:00,-0.08,98.6,0.0,1.418,0.0,0.1,0.0,0.0085011516493718,0.0,False
2008-09-09 03:30:00+00:00,0.066,98.7,0.0,1.846,0.0,0.1,0.0,0.0079784457657634,42.37560083917952,False
2008-09-09 04:00:00+00:00,0.42,98.65,0.0,1.318,0.0,0.0995,0.0,0.0085015747745795,103.70625296033752,False
2008-09-09 04:30:00+00:00,0.191,98.7,0.1,1.139,0.0,0.0995,0.0473,0.0080514419201928,165.1698537584427,False
2008-09-09 05:00:00+00:00,1.877,98.5,0.1,0.905,0.0,0.0995,0.0473,0.0104945123065611,225.71423648825845,False
2008-09-09 05:30:00+00:00,1.983,97.15,4.8,1.576,0.0,0.0995,2.2704,0.02009180820882,284.30296988712945,False
2008-09-09 06:00:00+00:00,1.58,96.5,4.8,2.009,0.0,0.0995,2.2704,0.0239700058810773,339.9331003661688,False
2008-09-09 06:30:00+00:00,1.459,96.6,26.2,1.997,0.0,0.0995,12.3926,0.0230831608213366,391.65232111831307,False
2008-09-09 07:00:00+00:00,1.312,96.35,26.2,1.924,0.0,0.1,12.3926,0.0245192523390444,438.5752742327302,False
2008-09-09 07:30:00+00:00,2.768,94.3,60.6,2.398,0.0,0.1,28.6638,0.0425029550952116,479.8987067468484,False
2008-09-09 08:00:00+00:00,3.999,89.6,60.6,2.265,0.0,0.0995,28.6638,0.0846194477275931,514.9152211861197,False
2008-09-09 08:30:00+00:00,4.528,89.15,68.8,2.606,0.0,0.1,32.542399999999994,0.0916284147846834,543.0253852016061,False
2008-09-09 09:00:00+00:00,6.018,85.65,68.8,2.718,0.0,0.099,32.542399999999994,0.1344610746223823,563.7479930054893,False
2008-09-09 09:30:00+00:00,6.941,81.86,84.6,2.669,0.0,0.0985,40.0158,0.1811620746736985,576.7283029428742,False
2008-09-09 10:00:00+00:00,7.882,77.545,84.6,2.468,0.0,0.0985,40.0158,0.2391943649445735,581.7441101838602,False
2008-09-09 10:30:00+00:00,9.4,71.515,148.1,2.628,0.0,0.0985,70.0513,0.3363408852771405,578.7095505793881,False
2008-09-09 11:00:00+00:00,9.73,67.07,148.1,2.757,0.0,0.0985,70.0513,0.3975616170884674,567.6765705634984,False
2008-09-09 11:30:00+00:00,10.59,64.005,161.6,2.827,0.0,0.0985,76.43679999999999,0.4603405608048315,548.8340379385343,False
2008-09-09 12:00:00+00:00,11.35,60.925,161.6,2.741,0.0,0.0985,76.43679999999999,0.5256596919745902,522.5045087644631,False
2008-09-09 12:30:00+00:00,11.48,58.63,227.1,2.368,0.0,0.0985,107.4183,0.5613521459254991,489.138705697651,False
2008-09-09 13:00:00+00:00,11.43,56.48,227.1,2.759,0.0,0.0985,107.4183,0.5885713988311889,449.3078023010477,False
2008-09-09 13:30:00+00:00,11.65,55.5,67.9,2.52,0.0,0.0985,32.1167,0.6106609277271499,403.6936454065038,False
2008-09-09 14:00:00+00:00,11.55,56.43,67.9,2.795,0.0,0.098,32.1167,0.5939527267853737,353.0770829074769,False
2008-09-09 14:30:00+00:00,12.05,53.885,165.2,2.9,0.0,0.098,78.13959999999999,0.6497737801562147,298.3245967927441,False
2008-09-09 15:00:00+00:00,12.39,53.73,165.2,2.519,0.0,0.098,78.13959999999999,0.6667270168017091,240.373470243882,False
2008-09-09 15:30:00+00:00,11.69,56.485,217.7,2.397,0.0,0.098,102.97209999999998,0.598726906665134,180.2157427136549,False
2008-09-09 16:00:00+00:00,11.56,58.9,217.7,2.202,0.0,0.098,102.97209999999998,0.5606525837311438,118.88122765114508,False
2008-09-09 16:30:00+00:00,11.56,59.185,212.2,2.351,0.0,0.098,100.3706,0.5567648468366578,57.41988358521503,False
2008-09-09 17:00:00+00:00,10.93,61.52,212.2,2.267,0.0,0.098,100.3706,0.5034044356064425,0.0,False
2008-09-09 17:30:00+00:00,10.79,62.765,76.4,2.176,0.0,0.098,36.1372,0.4825950421282791,0.0,False
2008-09-09 18:00:00+00:00,11.18,61.98,76.4,2.54,0.0,0.098,36.1372,0.5057263521194988,0.0,False
2008-09-09 18:30:00+00:00,10.28,65.565,59.5,2.424,0.0,0.098,28.1435,0.4313571914133636,0.0,False
2008-09-09 19:00:00+00:00,9.35,70.31,59.5,2.027,0.0,0.098,28.1435,0.3493890931311939,0.0,False
2008-09-09 19:30:00+00:00,8.88,72.235,6.7,1.987,0.0,0.098,3.1691,0.3165213571945006,0.0,False
2008-09-09 20:00:00+00:00,8.65,73.06,6.7,1.684,0.0,0.0975,3.1691,0.3023662503599187,0.0,False
2008-09-09 20:30:00+00:00,8.52,73.84,0.1,1.587,0.0,0.0975,0.0473,0.2910324937815776,0.0,False
2008-09-09 21:00:00+00:00,8.23,75.27,0.1,1.066,0.0,0.0975,0.0473,0.2697520657058781,0.0,False
2008-09-09 21:30:00+00:00,8.07,75.93,0.0,0.299,0.0,0.0975,0.0,0.2597069188232125,0.0,False
2008-09-09 22:00:00+00:00,7.966,76.32,0.0,0.546,0.0,0.0975,0.0,0.2536934015712354,0.0,False
2008-09-09 22:30:00+00:00,7.712,77.925,0.0,0.774,0.0,0.0975,0.0,0.2324314291794766,0.0,False
2008-09-09 23:00:00+00:00,7.709,77.915,0.0,1.137,0.0,0.0975,0.0,0.2324890340338582,0.0,False
2008-09-09 23:30:00+00:00,7.317,80.06,0.0,0.986,0.0,0.097,0.0,0.2043490331712364,0.0,False
2008-09-10 00:00:00+00:00,7.114,80.77,0.0,1.098,0.0,0.097,0.0,0.1943456572991648,0.0,False
2008-09-10 00:30:00+00:00,7.025,80.95,0.0,1.327,0.0,0.097,0.0,0.1913524549664635,0.0,False
2008-09-10 01:00:00+00:00,7.137,79.855,0.0,1.145,0.0,0.097,0.0,0.2039149279559261,0.0,False
2008-09-10 01:30:00+00:00,7.023,80.835,0.0,1.248,0.0,0.097,0.0,0.1924811314418911,0.0,False
2008-09-10 02:00:00+00:00,6.989,79.755,0.0,1.138,0.0,0.097,0.0,0.202853144387998,0.0,False
2008-09-10 02:30:00+00:00,6.815,80.385,0.0,1.576,0.0,0.097,0.0,0.1942009957771723,0.0,False
2008-09-10 03:00:00+00:00,6.806,79.835,0.0,1.338,0.0,0.097,0.0,0.1995226268540585,0.0,False
2008-09-10 03:30:00+00:00,6.574,80.6,0.0,1.232,0.0,0.097,0.0,0.1889074188616392,35.488883249739565,False
2008-09-10 04:00:00+00:00,6.476,81.2,0.0,1.236,0.0,0.097,0.0,0.1818305077885392,96.90231013519865,False
2008-09-10 04:30:00+00:00,6.027,83.55,0.1,0.982,0.0,0.097,0.0473,0.1542345109375776,158.4236611728108,False
2008-09-10 05:00:00+00:00,6.09,83.2,0.1,1.225,0.0,0.097,0.0473,0.1582053781601902,218.9997776912524,False
2008-09-10 05:30:00+00:00,5.867,84.8,3.7,1.502,0.0,0.097,1.7501,0.14094145953656,277.5936819401428,False
2008-09-10 06:00:00+00:00,5.812,86.8,3.7,1.188,0.0,0.097,1.7501,0.121930002501133,333.2023286917384,False
2008-09-10 06:30:00+00:00,5.958,87.15,25.6,1.375,0.0,0.097,12.1088,0.119905951879169,384.87377597033606,False
2008-09-10 07:00:00+00:00,6.435,85.15,25.6,1.571,0.0,0.097,12.1088,0.1432205452421521,431.7234809706033,False
2008-09-10 07:30:00+00:00,6.412,84.95,75.3,1.509,0.0,0.097,35.616899999999994,0.1449189460398963,472.9494422012576,False
2008-09-10 08:00:00+00:00,6.197,85.95,75.3,1.136,0.0,0.097,35.616899999999994,0.1332928067551803,507.84592864141774,False
2008-09-10 08:30:00+00:00,5.787,87.15,62.1,1.293,0.0,0.097,29.3733,0.1184910785986348,535.8155608853261,False
2008-09-10 09:00:00+00:00,5.821,87.45,62.1,1.742,0.0,0.097,29.3733,0.1159983533765073,556.3795374625358,False
2008-09-10 09:30:00+00:00,6.136,86.7,66.5,1.726,0.0,0.097,31.4545,0.1256456844826063,569.1858312727699,False
2008-09-10 10:00:00+00:00,7.014,83.75,66.5,1.491,0.0,0.097,31.4545,0.1631037538002071,574.0152158232141,False
2008-09-10 10:30:00+00:00,8.83,74.895,108.9,1.545,0.0,0.097,51.5097,0.2852298680607492,570.7850181067951,False
2008-09-10 11:00:00+00:00,10.52,63.745,108.9,1.497,0.0,0.097,51.5097,0.4615031658936228,559.5505338766815,False
2008-09-10 11:30:00+00:00,11.11,61.02,47.3,2.052,0.0,0.097,22.3729,0.5160892002911354,540.5040810887142,False
2008-09-10 12:00:00+00:00,12.4,56.83,47.3,2.646,0.0,0.0965,22.3729,0.6224669989809135,513.9717077147575,False
2008-09-10 12:30:00+00:00,12.85,52.295,122.5,2.23,0.0,0.0965,57.9425,0.7084872366859946,480.4076102838236,False
2008-09-10 13:00:00+00:00,13.53,47.55,122.5,2.158,0.0,0.0965,57.9425,0.814363917703476,440.38635869708384,False
2008-09-10 13:30:00+00:00,13.38,43.86,157.0,2.786,0.0,0.0965,74.261,0.8631695712195574,394.5930604163801,False
2008-09-10 14:00:00+00:00,13.34,43.985,157.0,2.47,0.0,0.0965,74.261,0.8590017192938582,343.8116324009778,False
2008-09-10 14:30:00+00:00,13.19,47.02,136.0,2.773,0.0,0.096,64.328,0.8045365923860125,288.9113815601292,False
2008-09-10 15:00:00+00:00,11.16,54.49,136.0,2.371,0.0,0.096,64.328,0.6045512577215677,230.83212344485685,False
2008-09-10 15:30:00+00:00,12.56,51.06,140.2,1.909,0.0,0.0965,66.31459999999998,0.713126798627091,170.56809392595997,False
2008-09-10 16:00:00+00:00,12.94,43.82,140.2,1.97,0.0,0.0965,66.31459999999998,0.8392880241273173,109.15092926741642,False
2008-09-10 16:30:00+00:00,12.64,45.37,176.5,1.57,0.0,0.096,83.4845,0.800232206173877,47.63200595269561,False
2008-09-10 17:00:00+00:00,12.13,47.925,176.5,1.568,0.0,0.096,83.4845,0.7376336887649624,0.0,False
2008-09-10 17:30:00+00:00,11.92,49.46,78.5,1.709,0.0,0.096,37.1305,0.7060384456220181,0.0,False
2008-09-10 18:00:00+00:00,10.97,54.445,78.5,1.642,0.0,0.0955,37.1305,0.5975502808259697,0.0,False
2008-09-10 18:30:00+00:00,9.36,62.94,65.2,1.606,0.0,0.0955,30.8396,0.4364127876057421,0.0,False
2008-09-10 19:00:00+00:00,7.512,71.625,65.2,1.848,0.0,0.0955,30.8396,0.2947047322086226,0.0,False
2008-09-10 19:30:00+00:00,6.997,76.0,7.7,2.012,0.0,0.0955,3.6421,0.2406102600345141,0.0,False
2008-09-10 20:00:00+00:00,7.336,75.29,7.7,1.906,0.0,0.0955,3.6421,0.2535631216984912,0.0,False
2008-09-10 20:30:00+00:00,7.337,76.37,0.1,1.87,0.0,0.0955,0.0473,0.2424972670382726,0.0,False
2008-09-10 21:00:00+00:00,7.008,78.315,0.1,1.667,0.0,0.0955,0.0473,0.2175659066592944,0.0,False
2008-09-10 21:30:00+00:00,6.26,80.3,0.0,1.721,0.0,0.0955,0.0,0.1877112220161116,0.0,False
2008-09-10 22:00:00+00:00,5.839,79.175,0.0,1.758,0.0,0.0955,0.0,0.1927240624513881,0.0,False
2008-09-10 22:30:00+00:00,5.271,81.02,0.0,1.636,0.0,0.0955,0.0,0.1688411870710263,0.0,False
2008-09-10 23:00:00+00:00,4.554,84.45,0.0,1.499,0.0,0.0955,0.0,0.131559862542393,0.0,False
2008-09-10 23:30:00+00:00,3.981,88.0,0.0,1.381,0.0,0.0955,0.0,0.0975139705595086,0.0,False
2008-09-11 00:00:00+00:00,4.137,88.8,0.0,1.488,0.0,0.0955,0.0,0.0920191836740822,0.0,False
2008-09-11 00:30:00+00:00,4.194,89.95,0.0,1.406,0.0,0.0955,0.0,0.0829028536486491,0.0,False
2008-09-11 01:00:00+00:00,4.263,90.6,0.0,1.612,0.0,0.0955,0.0,0.0779184280440419,0.0,False
2008-09-11 01:30:00+00:00,4.479,91.2,0.0,1.598,0.0,0.0955,0.0,0.0740608895441498,0.0,False
2008-09-11 02:00:00+00:00,4.221,92.55,0.0,1.83,0.0,0.0955,0.0,0.0615722554035406,0.0,False
2008-09-11 02:30:00+00:00,3.37,94.0,0.0,1.845,0.0,0.0955,0.0,0.0466955312713377,0.0,False
2008-09-11 03:00:00+00:00,2.622,95.8,0.0,1.906,0.0,0.0955,0.0,0.0309936884112385,0.0,False
2008-09-11 03:30:00+00:00,2.59,96.7,0.0,2.122,0.0,0.0955,0.0,0.0242966510827951,28.570332938350404,False
2008-09-11 04:00:00+00:00,2.592,97.05,0.0,2.138,0.0,0.0955,0.0,0.0217228332947251,90.06373386913964,False
2008-09-11 04:30:00+00:00,2.467,96.6,0.1,1.751,0.0,0.0955,0.0473,0.0248140605913278,151.63990021077217,False
2008-09-11 05:00:00+00:00,2.333,96.65,0.1,2.151,0.0,0.0955,0.0473,0.0242161226915947,212.24473206969896,False
2008-09-11 05:30:00+00:00,2.322,96.55,3.4,1.845,0.0,0.0955,1.6082,0.0249193819479898,270.8407573370992,False
2008-09-11 06:00:00+00:00,2.568,95.75,3.4,2.558,0.0,0.0955,1.6082,0.0312420554393813,326.4248918006692,False
2008-09-11 06:30:00+00:00,2.681,95.05,24.8,2.743,0.0,0.0955,11.7304,0.0366822982833532,378.0456105864711,False
2008-09-11 07:00:00+00:00,3.061,94.5,24.8,2.974,0.0,0.0955,11.7304,0.0418756663529098,424.8192369790696,False
2008-09-11 07:30:00+00:00,4.028,90.6,57.8,2.597,0.0,0.0955,27.3394,0.0766394987116385,465.94506977714326,False
2008-09-11 08:00:00+00:00,4.75,83.9,57.8,2.861,0.0,0.0955,27.3394,0.1380982568183295,500.71909022454656,False
2008-09-11 08:30:00+00:00,5.422,78.535,78.9,3.135,0.0,0.0955,37.3197,0.1929679801185182,528.5460138722644,False
2008-09-11 09:00:00+00:00,6.288,73.255,78.9,3.418,0.0,0.0955,37.3197,0.2553335623097715,548.9494810593459,False
2008-09-11 09:30:00+00:00,7.199,67.83,99.9,3.48,0.0,0.0955,47.2527,0.3270257070125988,561.5802115650367,False
2008-09-11 10:00:00+00:00,8.08,62.565,99.9,3.002,0.0,0.0955,47.2527,0.4041860099168131,566.2219838349138,False
2008-09-11 10:30:00+00:00,8.74,58.54,135.5,3.627,0.0,0.0955,64.0915,0.4681828796429075,562.7953364242358,False
2008-09-11 11:00:00+00:00,9.36,54.52,135.5,3.812,0.0,0.0955,64.0915,0.5355653961227509,551.3589282941142,False
2008-09-11 11:30:00+00:00,9.57,52.535,132.0,4.085,0.0,0.0955,62.436,0.5669059664902268,532.1085346734646,False
2008-09-11 12:00:00+00:00,10.0,51.52,132.0,4.113,0.0,0.0955,62.436,0.5960062218612893,505.3736956755657,False
2008-09-11 12:30:00+00:00,10.43,51.16,126.1,3.744,0.0,0.0955,59.64529999999999,0.6179742097921105,471.6120750397621,False
2008-09-11 13:00:00+00:00,10.81,50.535,126.1,3.484,0.0,0.0955,59.64529999999999,0.6419606884702291,431.401625568394,False
2008-09-11 13:30:00+00:00,10.74,50.075,166.3,3.465,0.0,0.0955,78.65990000000001,0.6449140673633941,385.4306953755863,False
2008-09-11 14:00:00+00:00,10.85,49.91,166.3,3.135,0.0,0.0945,78.65990000000001,0.6518069919365286,334.48624431488827,False
2008-09-11 14:30:00+00:00,10.86,51.55,196.8,3.308,0.0,0.0945,93.0864,0.6308862992583901,279.4403723043694,False
2008-09-11 15:00:00+00:00,11.08,52.26,196.8,3.14,0.0,0.0945,93.0864,0.6308107041065824,221.23539016543376,False
2008-09-11 15:30:00+00:00,11.27,51.165,123.3,2.887,0.0,0.0945,58.3209,0.653477744578365,160.86768854226992,False
2008-09-11 16:00:00+00:00,11.45,50.52,123.3,2.668,0.0,0.0945,58.3209,0.670063356116726,99.3706810440289,False
2008-09-11 16:30:00+00:00,11.44,50.52,162.7,2.316,0.0,0.0945,76.9571,0.6696192421222569,37.797113599878784,False
2008-09-11 17:00:00+00:00,11.21,50.795,162.7,1.879,0.0,0.0945,76.9571,0.6558103986736431,0.0,False
2008-09-11 17:30:00+00:00,10.82,53.41,92.1,2.103,0.0,0.0945,43.5633,0.6050517999050591,0.0,False
2008-09-11 18:00:00+00:00,10.06,57.5,92.1,2.118,0.0,0.0945,43.5633,0.5245958503821905,0.0,False
2008-09-11 18:30:00+00:00,8.68,63.23,64.3,2.057,0.0,0.0945,30.4139,0.4135357629145416,0.0,False
2008-09-11 19:00:00+00:00,7.412,68.905,64.3,2.133,0.0,0.0945,30.4139,0.3207499963510948,0.0,False
2008-09-11 19:30:00+00:00,6.18,73.82,6.6,2.449,0.0,0.0945,3.1217999999999995,0.2480783607677885,0.0,False
2008-09-11 20:00:00+00:00,5.552,77.095,6.6,2.547,0.0,0.094,3.1217999999999995,0.2077860297440475,0.0,False
2008-09-11 20:30:00+00:00,4.918,79.79,0.1,2.469,0.0,0.094,0.0473,0.175403150597019,0.0,False
2008-09-11 21:00:00+00:00,4.394,81.6,0.1,2.513,0.0,0.094,0.0473,0.153932622678456,0.0,False
2008-09-11 21:30:00+00:00,4.169,81.25,0.0,2.276,0.0,0.094,0.0,0.1543975095512223,0.0,False
