Data set, n locations, n data points, R2 test, R2 train, MAE, ta,vpd,ppfd_in,swc_shallow, Best parameters 
k_means_0_ann, 73, 1831729, 0.3720491192781903, 0.3727567049892826, 375.3003828050274, 0.2949694385538939, 0.2601424050878131, 0.2830483272326658, 0.16183982912562725, {'epochs': 150, 'n_hidden': 8, 'n_neuron': 32} 
k_means_1_ann, 5, 59346, 0.822051143051275, 0.8272980221746884, 1347.616129918604, 0.24836347782435975, 0.2732608068306807, 0.2974269387582851, 0.18094877658667438, {'epochs': 150, 'n_hidden': 8, 'n_neuron': 32} 
k_means_2_ann, 15, 301659, 0.6723072971643642, 0.6715557113804905, 1282.6740957292766, 0.29319926831855153, 0.2898060745308878, 0.2904511751590317, 0.1265434819915289, {'epochs': 150, 'n_hidden': 10, 'n_neuron': 32} 
k_means_3_ann, 2, 49875, 0.96240719263043, 0.9612256128238688, 997.7778329664723, 0.06553662142971531, 0.3645695388244511, 0.5580348885236951, 0.01185895122213859, {'epochs': 150, 'n_hidden': 10, 'n_neuron': 32} 
