Data set, n locations, n data points, R2 test, R2 train, MAE, ta,vpd,ppfd_in,swc_shallow, Best parameters 
test, 36, 723429, 0.6253008477055271, 0.63177401766639, 340.11047909812123, 0.22475796667812403, 0.19576945167792914, 0.1702807995164094, 0.4091917821275373, {'epochs': 120, 'n_hidden': 10, 'n_neuron': 32} 
