Data set, n locations, n data points, R2 test, R2 train, MAE, ta,rh,vpd,ppfd_in,swc_shallow,precip, Best parameters 
all, 0, 2171741, 0.4316398376709749, 0.429341695810655, 818.4987119998735, 0.2405792482214319, 0.13749914719503348, 0.26898629691330006, 0.14452551510212944, 0.20583260471019502, 0.0025771878579102306, {'epochs': 150, 'n_hidden': 8, 'n_neuron': 32} 
