TIMESTAMP,ESP_SAN_A_45I_Oeu_Jt_1,ESP_SAN_A_45I_Oeu_Jt_2,ESP_SAN_A_45I_Oeu_Jt_3,interpolated
2014-04-20 23:00:00+00:00,1.2438673174645627,1.7258336538461538,1.0037027252081756,False
2014-04-20 23:30:00+00:00,1.1792533030221983,1.7833826663201666,1.142461279333838,False
2014-04-21 00:00:00+00:00,1.1779466167424444,1.3357478170478172,1.0037027252081756,False
2014-04-21 00:30:00+00:00,1.3143653918159934,1.6911571985446985,1.0124883043149129,False
2014-04-21 01:00:00+00:00,1.1779466167424444,1.4764685031185032,1.04659360333081,False
2014-04-21 01:30:00+00:00,1.4312240706071142,1.7776915280665282,1.0415789931869794,False
2014-04-21 02:00:00+00:00,1.2441243380583042,1.623014527027027,1.2179134367903102,False
2014-04-21 02:30:00+00:00,1.2833731211553892,1.6673924636174635,1.124630469341408,False
2014-04-21 03:00:00+00:00,1.3232958010163145,1.7966513253638254,1.064246858440575,False
2014-04-21 03:30:00+00:00,1.4246520192564855,1.9172335239085243,1.1327102952308856,False
2014-04-21 04:00:00+00:00,1.2772527948649373,1.5310021049896052,1.09807323996972,False
2014-04-21 04:30:00+00:00,1.3410591067130246,1.5575789241164242,1.0415789931869794,False
2014-04-21 05:00:00+00:00,1.3479419096014975,1.3191639293139292,1.06167441332324,False
2014-04-21 05:30:00+00:00,1.1779466167424444,1.473700675675676,1.0354088947766842,False
2014-04-21 06:00:00+00:00,1.1779466167424444,1.3625732848232848,1.0087898561695685,False
2014-04-21 06:30:00+00:00,1.2623056432201123,1.3964429833679834,1.0728020060560182,False
2014-04-21 07:00:00+00:00,2.003918587857716,1.696191787941788,1.0842288417865251,False
2014-04-21 07:30:00+00:00,1.263633725595079,1.6139263789285496,1.005220287660863,True
2014-04-21 08:00:00+00:00,1.3453600695373094,1.4701663461538463,1.0037027252081756,False
2014-04-21 08:30:00+00:00,1.268864589462423,1.3378312889812891,1.1328333459500377,False
2014-04-21 09:00:00+00:00,1.3750065792992778,2.0135512214137217,1.1260105601816806,False
2014-04-21 09:30:00+00:00,1.1922725862530088,1.2065052494802495,1.356906207418622,False
2014-04-21 10:00:00+00:00,1.415008371222252,1.8469249220374224,1.0082205904617711,False
2014-04-21 10:30:00+00:00,1.2128210484086654,1.5254055613305617,1.377063588190765,False
2014-04-21 11:00:00+00:00,1.187927092805563,1.9754798336798336,1.527809500378501,False
2014-04-21 11:30:00+00:00,1.7358674244450387,2.282159953222453,2.0292040121120363,False
2014-04-21 12:00:00+00:00,2.739975982883124,4.898384407484408,4.286064193792582,False
2014-04-21 12:30:00+00:00,4.476286253008826,6.462027312889814,6.267328917486752,False
2014-04-21 13:00:00+00:00,3.221333003476865,5.8265020010395006,5.002745571536715,False
2014-04-21 13:30:00+00:00,1.289520139074619,2.242114033264033,1.4174056775170325,False
2014-04-21 14:00:00+00:00,1.269618614602835,1.3895663201663202,1.4763212717638152,False
2014-04-21 14:30:00+00:00,4.120139796737096,2.827592853430353,2.476629485238456,False
2014-04-21 15:00:00+00:00,3.9005761166087183,5.838687162162163,6.690719417108252,False
2014-04-21 15:30:00+00:00,4.238853276277079,6.0661901247401255,5.748989288417865,False
2014-04-21 16:00:00+00:00,3.814488392618348,2.576894880457381,2.373227706283118,False
2014-04-21 16:30:00+00:00,1.1779466167424444,2.171996127858628,1.1950478425435276,False
2014-04-21 17:00:00+00:00,1.2466606579299278,1.7025310291060294,1.2092274413323238,False
2014-04-21 17:30:00+00:00,1.1779466167424444,1.693907146569647,1.1214813398940198,False
2014-04-21 18:00:00+00:00,1.17938288312383,2.00032091995842,1.0037027252081756,False
2014-04-21 18:30:00+00:00,1.1779466167424444,1.5865845374220375,1.037255639666919,False
2014-04-21 19:00:00+00:00,1.2550671302487295,1.7927494802494803,1.0902448523845572,False
2014-04-21 19:30:00+00:00,1.1923333779085317,1.7231915800415802,1.0796909538228614,False
2014-04-21 20:00:00+00:00,1.1926139342070072,1.6836329261954266,1.0949577214231645,False
2014-04-21 20:30:00+00:00,1.2120587322813587,1.6318272349272351,1.1980319833459498,False
2014-04-21 21:00:00+00:00,1.2057755549612197,1.597907250519751,1.093620514761544,False
2014-04-21 21:30:00+00:00,1.178833993046269,1.5458808991683992,1.0082581756245268,False
2014-04-21 22:00:00+00:00,1.2033736293126505,1.385352598752599,1.111260522331567,False
2014-04-21 22:30:00+00:00,1.2933260497459214,1.541902338877339,1.0943433383800152,False
2014-04-21 23:00:00+00:00,1.179033993046269,1.5591510135135136,1.014337358062074,False
2014-04-21 23:30:00+00:00,1.1786668895426584,1.5402141112266112,1.0037027252081756,False
2014-04-22 00:00:00+00:00,1.1779466167424444,1.36130867983368,1.0971690764572293,False
2014-04-22 00:30:00+00:00,1.201087937951324,1.4841295997921,1.0135380772142315,False
2014-04-22 01:00:00+00:00,1.1779466167424444,1.3109393451143452,1.0807255488266465,False
2014-04-22 01:30:00+00:00,1.1779466167424444,1.4876937889812891,1.0748553368660103,False
2014-04-22 02:00:00+00:00,1.2367536774538648,1.5550614085239087,1.129938720666162,False
2014-04-22 02:30:00+00:00,1.1805652313452797,1.7345008575883578,1.0474068508705527,False
2014-04-22 03:00:00+00:00,1.1779466167424444,1.4200244282744283,1.05953720666162,False
2014-04-22 03:30:00+00:00,1.218510189890345,1.4486108887733888,1.0582436411809235,False
2014-04-22 04:00:00+00:00,1.1779466167424444,1.3552778066528066,1.052118925056775,False
2014-04-22 04:30:00+00:00,1.1779466167424444,1.4394258316008317,1.033232475397426,False
2014-04-22 05:00:00+00:00,1.1779466167424444,1.2972663721413722,1.0037027252081756,False
2014-04-22 05:30:00+00:00,1.1779466167424444,1.3231179573804577,1.1029710446631338,False
2014-04-22 06:00:00+00:00,1.1779466167424444,1.2342512993762993,1.1288037093111278,False
2014-04-22 06:30:00+00:00,1.179917223856646,1.6198613825363826,1.0931959121877364,False
2014-04-22 07:00:00+00:00,1.436386761166087,2.2786299376299377,1.2325319076457228,False
2014-04-22 07:30:00+00:00,1.19369673709548,3.866384147609148,2.1303599545798635,False
2014-04-22 08:00:00+00:00,3.407081545867879,7.214702286902287,1.567460181680545,False
2014-04-22 08:30:00+00:00,4.522925675314255,7.333137344074845,5.846680393641181,False
2014-04-22 09:00:00+00:00,5.506277025942765,7.912617151767153,6.391496404239213,False
2014-04-22 09:30:00+00:00,5.471482187750735,8.622923726611228,7.443606358819076,False
2014-04-22 10:00:00+00:00,5.590392805562985,9.4703079002079,8.183856283118848,False
2014-04-22 10:30:00+00:00,6.616908718908799,9.620265566528069,8.45763198334595,False
2014-04-22 11:00:00+00:00,4.6695728804493175,8.831703664241164,8.113553709311129,False
2014-04-22 11:30:00+00:00,4.618464027814924,8.52928685031185,7.467932286146858,False
2014-04-22 12:00:00+00:00,5.449611821342605,10.652221933471935,8.915715594246782,False
2014-04-22 12:30:00+00:00,5.9040707140946775,10.74535181912682,9.50752112036336,False
2014-04-22 13:00:00+00:00,5.933493233484889,9.108958991683991,8.493265064345193,False
2014-04-22 13:30:00+00:00,6.118727547472586,6.616478326403327,8.630822028766087,False
2014-04-22 14:00:00+00:00,4.303608585183205,7.827825051975052,7.118383345950037,False
2014-04-22 14:30:00+00:00,5.534739716501738,10.358364579002078,9.075709954579864,False
2014-04-22 15:00:00+00:00,4.591799304626906,7.4689754677754685,6.900914988644965,False
2014-04-22 15:30:00+00:00,8.352471543193367,9.712138149688151,8.107302043906133,False
2014-04-22 16:00:00+00:00,5.053931666220915,7.336809641372142,8.171647577592733,False
2014-04-22 16:30:00+00:00,5.163750441294464,6.274290306652808,6.250353292959878,False
2014-04-22 17:00:00+00:00,3.2882844343407327,5.389243087318087,5.662505942467827,False
2014-04-22 17:30:00+00:00,3.0790298208077025,3.2736442307692317,4.142650189250568,False
2014-04-22 18:00:00+00:00,1.9252658999732548,2.6842621361746364,2.3981993565480693,False
2014-04-22 18:30:00+00:00,1.3943147900508155,1.757706730769231,1.8220588947766845,False
2014-04-22 19:00:00+00:00,1.1860110724792725,1.8469117723492725,1.4123206661619985,False
2014-04-22 19:30:00+00:00,1.2141055629847552,1.573798102910603,1.2118677138531415,False
2014-04-22 20:00:00+00:00,1.2232720246055095,1.6412821985446986,1.1037157077971234,False
2014-04-22 20:30:00+00:00,1.1779466167424444,1.5012011434511434,1.0037027252081756,False
2014-04-22 21:00:00+00:00,1.1911549077293393,1.2590221153846155,1.0695924678274034,False
2014-04-22 21:30:00+00:00,1.2503105910671302,1.7143673856548858,1.0037027252081756,False
2014-04-22 22:00:00+00:00,1.1779466167424444,1.4140399948024949,1.0037027252081756,False
2014-04-22 22:30:00+00:00,1.186633886065793,1.408108264033264,1.0369824375473125,False
2014-04-22 23:00:00+00:00,1.1883537309441028,1.4071972453222454,1.0466946631339893,False
2014-04-22 23:30:00+00:00,1.209616822679861,1.2701933991683994,1.0037027252081756,False
2014-04-23 00:00:00+00:00,1.1779466167424444,1.304706574844075,1.0517944738834215,False
2014-04-23 00:30:00+00:00,1.2241453062316126,1.4212038721413722,1.0435376608629825,False
2014-04-23 01:00:00+00:00,1.1832799679058572,1.5773974012474017,1.01453315669947,False
2014-04-23 01:30:00+00:00,1.210057903182669,1.3739936590436592,1.0069189250567752,False
2014-04-23 02:00:00+00:00,1.2880504947847018,1.3567551195426195,1.0296334595003784,False
2014-04-23 02:30:00+00:00,1.1880726664883658,1.3610477910602912,1.0224287660862983,False
2014-04-23 03:00:00+00:00,1.233405135062851,1.3109909303534304,1.0037027252081756,False
2014-04-23 03:30:00+00:00,1.1779466167424444,1.2673316268191268,1.0037027252081756,False
2014-04-23 04:00:00+00:00,1.1779466167424444,1.1985514033264033,1.0194464420893263,False
2014-04-23 04:30:00+00:00,1.1954657127574218,1.5318090436590437,1.068268433005299,False
2014-04-23 05:00:00+00:00,1.1779466167424444,1.26745051975052,1.0037027252081756,False
2014-04-23 05:30:00+00:00,1.197334420968173,1.2318189708939709,1.047398069644209,False
2014-04-23 06:00:00+00:00,1.1779466167424444,1.3706182952182953,1.0284485995457986,False
2014-04-23 06:30:00+00:00,1.4756179994650975,1.856204677754678,1.3251005299015894,False
2014-04-23 07:00:00+00:00,2.2916381652848354,3.120602468814969,1.6218198334595004,False
2014-04-23 07:30:00+00:00,1.7361246857448516,2.5921162422037423,2.940536487509462,False
2014-04-23 08:00:00+00:00,3.979854586787912,6.112948804573805,5.859497842543528,False
2014-04-23 08:30:00+00:00,4.099342203797807,6.063226637214138,7.239624640423921,False
2014-04-23 09:00:00+00:00,5.898618882054025,9.322375415800416,6.231357305071915,False
2014-04-23 09:30:00+00:00,5.411696095212624,8.39721353950104,7.388190915972748,False
2014-04-23 10:00:00+00:00,5.60144568066328,8.462946543659044,8.13995798637396,False
2014-04-23 10:30:00+00:00,6.803965686012303,9.242613123700623,8.951156699470097,False
2014-04-23 11:00:00+00:00,4.623965044129446,10.097684563409564,8.873300113550341,False
2014-04-23 11:30:00+00:00,6.7861411874832855,10.112689085239086,8.26093890991673,False
2014-04-23 12:00:00+00:00,6.745285530890612,8.870615176715177,8.033419871309613,False
2014-04-23 12:30:00+00:00,5.535270125702059,11.45409217775468,9.082524261922783,False
2014-04-23 13:00:00+00:00,5.683624953196042,10.687009953222454,8.876461771385314,False
2014-04-23 13:30:00+00:00,6.3596941160738165,9.733603222453224,8.176394398183195,False
2014-04-23 14:00:00+00:00,5.2755358652046,6.530743113305613,6.554626911430734,False
2014-04-23 14:30:00+00:00,3.757527039315325,5.190872972972974,5.268520590461772,False
2014-04-23 15:00:00+00:00,5.931146456271731,7.599535550935552,8.699028198334595,False
2014-04-23 15:30:00+00:00,5.348096710350361,8.022844360706863,7.552421196063588,False
2014-04-23 16:00:00+00:00,5.054099358117144,6.772500675675675,7.298282664647993,False
2014-04-23 16:30:00+00:00,5.131456619416956,5.896393840956342,5.713256661619985,False
2014-04-23 17:00:00+00:00,3.2807959079967906,4.896388955301456,5.040797161241484,False
2014-04-23 17:30:00+00:00,3.576948488900776,3.730102416839917,3.790064875094625,False
2014-04-23 18:00:00+00:00,2.1036003476865472,2.774606496881497,2.5580018168054504,False
2014-04-23 18:30:00+00:00,1.783708772399037,1.8541498960498963,1.8625446631339893,False
2014-04-23 19:00:00+00:00,1.550484862262637,1.6215800935550937,1.5207496214988645,False
2014-04-23 19:30:00+00:00,1.185425220647232,1.712362344074844,1.338444171082513,False
2014-04-23 20:00:00+00:00,1.197786386734421,1.5451285862785864,1.2291162755488267,False
2014-04-23 20:30:00+00:00,1.1931893554426318,1.441068996881497,1.0871094625283877,False
2014-04-23 21:00:00+00:00,1.1779466167424444,1.490242177754678,1.1202028387585163,False
2014-04-23 21:30:00+00:00,1.1938629045199252,1.3777092515592515,1.1657771385314155,False
2014-04-23 22:00:00+00:00,1.1779466167424444,1.6061534303534304,1.0037027252081756,False
2014-04-23 22:30:00+00:00,1.2400094677721316,1.6459028326403329,1.024238304314913,False
2014-04-23 23:00:00+00:00,1.2774119283230811,1.4015953222453224,1.006805034065102,False
2014-04-23 23:30:00+00:00,1.1779466167424444,1.3896841216216218,1.036405639666919,False
2014-04-24 00:00:00+00:00,1.1779466167424444,1.35525472972973,1.0037027252081756,False
2014-04-24 00:30:00+00:00,1.1779466167424444,1.285943321205821,1.0544506434519303,False
2014-04-24 01:00:00+00:00,1.1779466167424444,1.3103968555093557,1.0037027252081756,False
2014-04-24 01:30:00+00:00,1.1779466167424444,1.268010758835759,1.0037027252081756,False
2014-04-24 02:00:00+00:00,1.1779466167424444,1.5510918659043662,1.0037027252081756,False
2014-04-24 02:30:00+00:00,1.1923333779085317,1.2160380977130978,1.0037027252081756,False
2014-04-24 03:00:00+00:00,1.2075380583043591,1.479562941787942,1.0199538228614684,False
2014-04-24 03:30:00+00:00,1.2303533565124365,1.3364662422037423,1.0037027252081756,False
2014-04-24 04:00:00+00:00,1.1779466167424444,1.3422510654885655,1.0037027252081756,False
2014-04-24 04:30:00+00:00,1.1779466167424444,1.263002338877339,1.0037027252081756,False
2014-04-24 05:00:00+00:00,1.2214022733351162,1.3620701143451144,1.067547388342165,False
2014-04-24 05:30:00+00:00,1.3492443701524472,1.277883108108108,1.0231080999243,False
2014-04-24 06:00:00+00:00,1.1779466167424444,1.6996353950103953,1.428243943981832,False
2014-04-24 06:30:00+00:00,1.8834499866274408,2.2323849012474013,1.780785692657078,False
2014-04-24 07:00:00+00:00,1.6883039315324953,2.298827130977131,1.6301010976532928,False
2014-04-24 07:30:00+00:00,1.364844396897566,1.9564482068607076,1.2519618092354277,False
2014-04-24 08:00:00+00:00,1.4279266648836588,1.857834225571726,1.387744928084784,False
2014-04-24 08:30:00+00:00,1.7715957207809574,3.4895262993763,2.9546085162755484,False
2014-04-24 09:00:00+00:00,3.372086600695373,5.4516413201663205,4.834531831945496,False
2014-04-24 09:30:00+00:00,6.063271917625033,7.83624456860707,7.397769341408025,False
2014-04-24 10:00:00+00:00,7.1416943032896505,10.675157614345116,9.945542884178652,False
2014-04-24 10:30:00+00:00,6.153950254078631,10.2546420997921,9.815544852384557,False
2014-04-24 11:00:00+00:00,6.825773147900509,10.665827936590436,9.59214712339137,False
2014-04-24 11:30:00+00:00,7.410419604172239,10.6155058991684,9.620095987887964,False
2014-04-24 12:00:00+00:00,8.018138860657931,10.137937889812893,9.983618357305073,False
2014-04-24 12:30:00+00:00,6.658434795399839,10.246275545738046,10.005765404996213,False
2014-04-24 13:00:00+00:00,6.810779245787644,10.049249064449066,9.22287857683573,False
2014-04-24 13:30:00+00:00,4.941609414281893,7.289766164241165,7.711122066616199,False
2014-04-24 14:00:00+00:00,6.895733484889006,8.128764345114346,8.26463796366389,False
2014-04-24 14:30:00+00:00,5.695916100561647,7.784279080041581,7.456948902346706,False
2014-04-24 15:00:00+00:00,7.005605375768921,9.482901663201663,8.534058251324753,False
2014-04-24 15:30:00+00:00,5.08957526076491,5.851363643451144,6.503029825889477,False
2014-04-24 16:00:00+00:00,4.671281198181332,6.096007900207901,5.615886828160485,False
2014-04-24 16:30:00+00:00,2.570157983418026,3.89078672037422,4.416823542770628,False
2014-04-24 17:00:00+00:00,1.60485924043862,2.459484147609148,2.2226088569265707,False
2014-04-24 17:30:00+00:00,1.982077293393956,2.672311148648649,2.5043181302043904,False
2014-04-24 18:00:00+00:00,2.085649130783632,1.9745047297297296,2.437022634367903,False
2014-04-24 18:30:00+00:00,1.5214020861192832,2.3885834199584206,1.7811480696442086,False
2014-04-24 19:00:00+00:00,1.2405597485958813,2.0977252858627864,1.8410782361847084,False
2014-04-24 19:30:00+00:00,1.25705298208077,2.216498570686071,1.4533905374716125,False
2014-04-24 20:00:00+00:00,1.396648809842204,2.3661622141372147,1.1130158591975774,False
2014-04-24 20:30:00+00:00,1.2877730409200323,1.5375638773388771,1.1175126040878125,False
2014-04-24 21:00:00+00:00,1.251633725595079,1.7732817307692308,1.3269463285389855,False
2014-04-24 21:30:00+00:00,1.5178438619951855,1.9507620841995843,1.075105715367146,False
2014-04-24 22:00:00+00:00,1.357100213960952,1.7895609667359669,1.0037027252081756,False
2014-04-24 22:30:00+00:00,1.1779466167424444,1.634063357588358,1.0231216881150642,False
2014-04-24 23:00:00+00:00,1.1779466167424444,1.4801432172557174,1.120177327781983,False
2014-04-24 23:30:00+00:00,1.3829128109120086,1.4814765332640334,1.083208591975776,False
2014-04-25 00:00:00+00:00,1.184645787643755,1.7576328482328485,1.0218731264193792,False
2014-04-25 00:30:00+00:00,1.204169243113132,1.5824428534303536,1.1113980317940952,False
2014-04-25 01:00:00+00:00,1.3532637068734956,1.692752364864865,1.0839539364118091,False
2014-04-25 01:30:00+00:00,1.1779466167424444,1.4140409303534305,1.0037027252081756,False
2014-04-25 02:00:00+00:00,1.2254359989301953,1.4221393191268197,1.126475662376987,False
2014-04-25 02:30:00+00:00,1.2440714629580103,1.2455092775467775,1.0037027252081756,False
2014-04-25 03:00:00+00:00,1.2416365873228137,1.2592984407484409,1.0037027252081756,False
2014-04-25 03:30:00+00:00,1.2028391013640012,1.2079851091476097,1.0428947388342165,False
2014-04-25 04:00:00+00:00,1.1779466167424444,1.1814985187110187,0.997157077971234,False
2014-04-25 04:30:00+00:00,1.1841619684407596,1.299414682952183,1.0008419000757005,False
2014-04-25 05:00:00+00:00,1.1779466167424444,1.1814985187110187,1.039725927327782,False
2014-04-25 05:30:00+00:00,1.1779466167424444,1.33604630977131,1.0484772899318695,False
2014-04-25 06:00:00+00:00,1.3086163145225995,2.7032495582120584,1.9488032929598784,False
2014-04-25 06:30:00+00:00,1.7264085851832038,4.291053664241165,3.78949659348978,False
2014-04-25 07:00:00+00:00,3.607233351163413,7.368980015592515,5.342899280847841,False
2014-04-25 07:30:00+00:00,2.5490293661406795,5.68744948024948,5.382241483724451,False
2014-04-25 08:00:00+00:00,4.639968761700989,7.543007874220374,7.176741635124905,False
2014-04-25 08:30:00+00:00,7.1404540786306505,6.443273882536383,8.32447676003028,False
2014-04-25 09:00:00+00:00,5.742656913613265,7.885705431392932,6.619278084784254,False
2014-04-25 09:30:00+00:00,5.176430248729607,7.257811668399169,8.019030431491295,False
2014-04-25 10:00:00+00:00,5.96030326290452,7.765471933471934,7.588313701741105,False
2014-04-25 10:30:00+00:00,4.435490024070607,8.571666813929314,7.437316805450416,False
2014-04-25 11:00:00+00:00,6.2580883658732285,7.894763227650728,7.829572331566994,False
2014-04-25 11:30:00+00:00,5.4801912810912015,9.47819235966736,9.081415707797124,False
2014-04-25 12:00:00+00:00,5.785872345546938,9.752956600831602,7.077417789553368,False
2014-04-25 12:30:00+00:00,5.59026820005349,9.150323310810812,8.838202195306586,False
2014-04-25 13:00:00+00:00,5.455413666755818,9.89449508835759,8.75102452687358,False
2014-04-25 13:30:00+00:00,5.98621248997058,11.325565332640334,9.020889212717638,False
2014-04-25 14:00:00+00:00,6.488326745119015,10.419635576923078,9.129955185465557,False
2014-04-25 14:30:00+00:00,6.7724875367745385,9.123914942827444,8.269570098410293,False
2014-04-25 15:00:00+00:00,4.904542096817331,9.31462811850312,9.791838417865252,False
2014-04-25 15:30:00+00:00,5.733574672372292,9.759043762993764,8.66701941710825,False
2014-04-25 16:00:00+00:00,5.27337555496122,7.5289902806652815,7.687301021953065,False
2014-04-25 16:30:00+00:00,4.124342578229473,7.493903430353431,5.709731907645724,False
2014-04-25 17:00:00+00:00,4.899606365338325,4.7490125,5.832257380772141,False
2014-04-25 17:30:00+00:00,3.0813837389676384,4.232274870062371,4.739121158213475,False
2014-04-25 18:00:00+00:00,2.1521642952661137,2.427137396049896,2.7770401589704767,False
2014-04-25 18:30:00+00:00,1.4255523401979138,1.8055524168399169,1.9447565859197573,False
2014-04-25 19:00:00+00:00,1.2227714094677722,1.9402082380457384,1.452145798637396,False
2014-04-25 19:30:00+00:00,1.55999157528751,1.643475545738046,1.3628170325510975,False
2014-04-25 20:00:00+00:00,1.2255683070339662,1.4563261694386695,1.258407721423164,False
2014-04-25 20:30:00+00:00,1.3586716501738432,1.8554568087318088,1.1384502649507948,False
2014-04-25 21:00:00+00:00,1.1779466167424444,1.4655430353430354,1.020190651021953,False
2014-04-25 21:30:00+00:00,1.1779466167424444,1.4918965956340955,1.0532783875851628,False
2014-04-25 22:00:00+00:00,1.1895986092538111,1.573083212058212,0.9955869038607116,False
2014-04-25 22:30:00+00:00,1.1779466167424444,1.6041017931392931,1.0528929598788797,False
2014-04-25 23:00:00+00:00,1.1779466167424444,1.2839011954261956,1.0037027252081756,False
2014-04-25 23:30:00+00:00,1.1779466167424444,1.5202456860706863,1.0224103330809993,False
2014-04-26 00:00:00+00:00,1.1779466167424444,1.3526901247401248,1.0037027252081756,False
2014-04-26 00:30:00+00:00,1.1779466167424444,1.4319764293139294,1.0037027252081756,False
2014-04-26 01:00:00+00:00,1.208294998662744,1.36271696985447,1.0037027252081756,False
2014-04-26 01:30:00+00:00,1.1779466167424444,1.3680533264033263,1.0011380015140046,False
2014-04-26 02:00:00+00:00,1.1779466167424444,1.2005117723492726,1.0037027252081756,False
2014-04-26 02:30:00+00:00,1.1779466167424444,1.3536057692307697,1.0037027252081756,False
2014-04-26 03:00:00+00:00,1.1779466167424444,1.1814985187110187,1.0428946252838758,False
2014-04-26 03:30:00+00:00,1.1779466167424444,1.3094494282744285,1.0037027252081756,False
2014-04-26 04:00:00+00:00,1.1935410002674511,1.1814985187110187,1.028423315669947,False
2014-04-26 04:30:00+00:00,1.1779466167424444,1.1971564968814972,1.0037027252081756,False
2014-04-26 05:00:00+00:00,1.2264142284033164,1.219779183991684,1.0037027252081756,False
2014-04-26 05:30:00+00:00,1.1779466167424444,1.25595038981289,1.0037027252081756,False
2014-04-26 06:00:00+00:00,1.1834807167691896,1.5237436070686072,1.0037027252081756,False
2014-04-26 06:30:00+00:00,1.6738799144156191,2.192591995841996,2.11133614685844,False
2014-04-26 07:00:00+00:00,2.46465651243648,5.265424116424117,4.917938190764572,False
2014-04-26 07:30:00+00:00,3.829022412409735,6.127789111226612,6.267191218773655,False
2014-04-26 08:00:00+00:00,4.480699679058572,7.038202130977131,6.981968811506434,False
2014-04-26 08:30:00+00:00,3.9948508424712488,6.733433367983368,7.362518281604844,False
2014-04-26 09:00:00+00:00,4.377856672907194,7.709992827442828,7.535898258894776,False
2014-04-26 09:30:00+00:00,5.946206606044397,8.20021288981289,7.499217751703255,False
2014-04-26 10:00:00+00:00,5.3818660336988495,7.875188773388774,8.173911241483724,False
2014-04-26 10:30:00+00:00,5.35807175715432,8.711928612266114,7.981963777441332,False
2014-04-26 11:00:00+00:00,6.192459748595882,8.193894854469855,7.896735352006056,False
2014-04-26 11:30:00+00:00,5.2132788713559775,8.663026793139293,8.241771082513248,False
2014-04-26 12:00:00+00:00,5.516406686279755,9.28679248960499,8.298039931869795,False
2014-04-26 12:30:00+00:00,6.583157154319337,10.21622895010395,8.816533194549583,False
2014-04-26 13:00:00+00:00,5.360213292324151,9.917656886694388,7.465550037850114,False
2014-04-26 13:30:00+00:00,5.838209735223321,9.981086824324326,9.457469568508705,False
2014-04-26 14:00:00+00:00,6.3058174378175975,9.017142333679836,8.9044860333081,False
2014-04-26 14:30:00+00:00,4.94337745386467,8.174322297297298,8.10115457986374,False
2014-04-26 15:00:00+00:00,4.558860069537309,7.608303586278587,8.256717676003028,False
2014-04-26 15:30:00+00:00,3.684091602032629,8.290446413721414,7.982124753974261,False
2014-04-26 16:00:00+00:00,3.395949852901845,4.724221959459459,5.739789061317183,False
2014-04-26 16:30:00+00:00,4.761706900240706,6.641135420997922,5.456833308099924,False
2014-04-26 17:00:00+00:00,4.891511313185344,4.671335654885655,6.474947728993186,False
2014-04-26 17:30:00+00:00,3.422069082642418,4.510073258835759,4.734219947009841,False
2014-04-26 18:00:00+00:00,2.4927890612463224,2.7557045218295224,2.924988077214232,False
2014-04-26 18:30:00+00:00,1.376596362663814,2.515616761954262,2.145867676003028,False
2014-04-26 19:00:00+00:00,1.6053937951323884,1.8050119022869024,1.6888808478425434,False
2014-04-26 19:30:00+00:00,1.4582058304359455,1.6400520270270271,1.6198349735049202,False
2014-04-26 20:00:00+00:00,1.486479860925381,1.4376747141372144,1.443214685844057,False
2014-04-26 20:30:00+00:00,1.2691854774003746,1.352896543659044,1.304819530658592,False
2014-04-26 21:00:00+00:00,1.2400175982883124,1.3517880977130976,1.1762697577592731,False
2014-04-26 21:30:00+00:00,1.1897538111794597,1.3937736746361746,1.1464293338380014,False
2014-04-26 22:00:00+00:00,1.2199431398769724,1.5012148128898128,1.0483908024224071,False
2014-04-26 22:30:00+00:00,1.1779466167424444,1.4501447245322248,0.9954525359576076,False
2014-04-26 23:00:00+00:00,1.2102926183471516,1.4903637214137215,1.1072878879636638,False
2014-04-26 23:30:00+00:00,1.3621060176517783,1.7109977390852396,1.0307257759273276,False
2014-04-27 00:00:00+00:00,1.1779466167424444,1.5032010395010396,1.0037027252081756,False
2014-04-27 00:30:00+00:00,1.1956149237764109,1.6456267931392932,1.0612792581377744,False
2014-04-27 01:00:00+00:00,1.2487970847820271,1.4801219074844074,1.0037027252081756,False
2014-04-27 01:30:00+00:00,1.1779466167424444,1.6357244022869024,1.0037027252081756,False
2014-04-27 02:00:00+00:00,1.1779466167424444,1.5290912422037424,1.0037027252081756,False
2014-04-27 02:30:00+00:00,1.1890941963091737,1.2026575883575883,1.0037027252081756,False
2014-04-27 03:00:00+00:00,1.1973665418561112,1.3263019750519751,0.995063209689629,False
2014-04-27 03:30:00+00:00,1.2389886065792992,1.5096673076923075,1.0296950037850112,False
2014-04-27 04:00:00+00:00,1.1779466167424444,1.4518221673596676,1.029528274034822,False
2014-04-27 04:30:00+00:00,1.1779466167424444,1.340623024948025,1.0037027252081756,False
2014-04-27 05:00:00+00:00,1.1855376838726932,1.1873806652806655,1.0037027252081756,False
2014-04-27 05:30:00+00:00,1.1779466167424444,1.20073329002079,0.9982070401211204,False
2014-04-27 06:00:00+00:00,1.2105326290451992,1.9207655665280663,1.3290635881907644,False
2014-04-27 06:30:00+00:00,2.608117143621289,2.6280951143451143,2.877330204390613,False
2014-04-27 07:00:00+00:00,3.266734100026745,3.877511538461539,5.388300946252839,False
2014-04-27 07:30:00+00:00,4.67222580903985,7.239601247401248,7.259787585162755,False
2014-04-27 08:00:00+00:00,4.826167905857181,6.473145270270271,7.7217747161241475,False
2014-04-27 08:30:00+00:00,6.006035865204599,8.706993996881497,8.777421347464042,False
2014-04-27 09:00:00+00:00,5.745246910938754,9.016831029106031,8.190541710825132,False
2014-04-27 09:30:00+00:00,4.819450842471249,7.994827754677757,8.182635616956851,False
2014-04-27 10:00:00+00:00,4.756908103771062,6.84229235966736,8.179987017411053,False
2014-04-27 10:30:00+00:00,5.251804733886066,7.730184095634097,8.403203595760788,False
2014-04-27 11:00:00+00:00,5.060607542123562,7.451896673596674,6.987543035579106,False
2014-04-27 11:30:00+00:00,5.4487177587590265,8.821115254677755,8.468278614685843,False
2014-04-27 12:00:00+00:00,6.050729392885798,9.445759901247404,8.775863285389857,False
2014-04-27 12:30:00+00:00,6.551111928323081,9.62340433991684,8.132576305828918,False
2014-04-27 13:00:00+00:00,4.74418911473656,8.91678238045738,8.516454012112035,False
2014-04-27 13:30:00+00:00,4.953665632522065,10.402727494802496,8.527030696442088,False
2014-04-27 14:00:00+00:00,5.4167718106445575,9.814546569646572,8.721971990915971,False
2014-04-27 14:30:00+00:00,5.65463070339663,7.724772245322246,8.264019644208933,False
2014-04-27 15:00:00+00:00,5.7503982080770255,8.592893762993763,8.638282172596519,False
2014-04-27 15:30:00+00:00,6.243542524739235,8.93207507796258,8.655396631339894,False
2014-04-27 16:00:00+00:00,4.557724231077829,7.263345997920997,8.138189250567752,False
2014-04-27 16:30:00+00:00,3.8458916822679865,6.785935213097714,5.499038001514004,False
2014-04-27 17:00:00+00:00,4.064049077293394,5.476519178794179,5.914384027252082,False
2014-04-27 17:30:00+00:00,3.7431729339395567,4.771145478170479,4.332502384557153,False
2014-04-27 18:00:00+00:00,1.8091754747258624,2.6678066528066533,2.4169405753217257,False
2014-04-27 18:30:00+00:00,1.719440144423643,2.278697557172557,1.727872975018925,False
2014-04-27 19:00:00+00:00,1.444776036373362,1.7592069126819128,1.4205838758516274,False
2014-04-27 19:30:00+00:00,1.3450712222519392,1.6460200103950104,1.367756888720666,False
2014-04-27 20:00:00+00:00,1.2352519390211287,1.2524114085239086,1.2834413701741103,False
2014-04-27 20:30:00+00:00,1.3365703931532495,1.962546101871102,1.397522899318698,False
2014-04-27 21:00:00+00:00,1.5787190425247393,1.865926403326404,1.4930788039364118,False
2014-04-27 21:30:00+00:00,1.833191602032629,1.6672304313929316,1.5972327024981072,False
2014-04-27 22:00:00+00:00,1.1779466167424444,1.7501800675675678,1.631700946252839,False
2014-04-27 22:30:00+00:00,1.2627416154051885,1.5874610706860708,1.4144507948523846,False
2014-04-27 23:00:00+00:00,1.2046870018721585,1.501870738045738,1.4764720666161997,False
2014-04-27 23:30:00+00:00,1.1779466167424444,1.3743424376299378,1.2305787282361846,False
2014-04-28 00:00:00+00:00,1.441160764910404,1.5892468814968816,1.1230811884935654,False
2014-04-28 00:30:00+00:00,1.2734652580903985,1.765088097713098,1.1976182816048446,False
2014-04-28 01:00:00+00:00,1.1899617812249264,1.5807742203742206,1.101021196063588,False
2014-04-28 01:30:00+00:00,1.2012764910403853,1.571495712058212,1.0037027252081756,False
2014-04-28 02:00:00+00:00,1.1779466167424444,1.2411021049896052,1.0106231264193792,False
2014-04-28 02:30:00+00:00,1.3169598823214763,1.7280619022869022,1.0057467827403483,False
2014-04-28 03:00:00+00:00,1.2331133725595078,1.5902099012474014,1.0147661998485995,False
2014-04-28 03:30:00+00:00,1.189645867879112,1.5111550155925155,1.0037027252081756,False
2014-04-28 04:00:00+00:00,1.1779466167424444,1.295869282744283,1.0037027252081756,False
2014-04-28 04:30:00+00:00,1.2793260764910404,1.56098801975052,1.0019737698713096,False
2014-04-28 05:00:00+00:00,1.2159031826691629,1.3094698284823283,1.0037027252081756,False
2014-04-28 05:30:00+00:00,1.1779466167424444,1.3903745582120586,1.2076758516275548,False
2014-04-28 06:00:00+00:00,1.6316049478470178,2.9868942307692308,2.3006972369417107,False
2014-04-28 06:30:00+00:00,3.260300347686547,4.758159511434512,4.41699424678274,False
2014-04-28 07:00:00+00:00,3.367028430061513,3.9016247141372142,5.535378690386072,False
2014-04-28 07:30:00+00:00,4.358294330034768,7.707314916839917,6.227513020439061,False
2014-04-28 08:00:00+00:00,2.7980224926450923,4.055857380457381,6.804596328538986,False
2014-04-28 08:30:00+00:00,5.384487643755015,7.900402130977132,7.883896707040121,False
2014-04-28 09:00:00+00:00,5.974238940893287,8.510779287941789,7.269607645722936,False
2014-04-28 09:30:00+00:00,5.52173583845948,8.254812032224534,7.943477138531415,False
2014-04-28 10:00:00+00:00,5.957456565926719,7.804282978170479,7.441375548826646,False
2014-04-28 10:30:00+00:00,5.33370053490238,7.522916034303535,8.190246101438303,False
2014-04-28 11:00:00+00:00,5.190423241508425,6.980409667359667,7.449279031037093,False
2014-04-28 11:30:00+00:00,5.655050147098154,8.307940774428276,9.101966919000755,False
2014-04-28 12:00:00+00:00,5.6528985557635725,8.042509043659045,7.813558327024981,False
2014-04-28 12:30:00+00:00,5.723331853436748,9.16781995841996,8.314404390613172,False
2014-04-28 13:00:00+00:00,6.296951537844343,9.024853352390853,8.821880242240725,False
2014-04-28 13:30:00+00:00,6.070115726129981,8.359096023908526,9.598926267978804,False
2014-04-28 14:00:00+00:00,5.42937638405991,9.832536252598754,8.743534708554126,False
2014-04-28 14:30:00+00:00,6.397965899973254,8.697951117463617,8.66832611657835,False
2014-04-28 15:00:00+00:00,5.742953730944103,8.816291502079004,9.089798864496592,False
2014-04-28 15:30:00+00:00,5.1744546670232685,9.092057224532224,8.323748372445117,False
2014-04-28 16:00:00+00:00,5.062775742177053,5.485980015592515,8.13765427706283,False
2014-04-28 16:30:00+00:00,3.685641535169832,5.925560576923077,5.8561954201362605,False
2014-04-28 17:00:00+00:00,4.002630221984488,6.000089111226612,5.360460749432248,False
2014-04-28 17:30:00+00:00,3.3883087189087995,4.820479287941788,4.0929716124148365,False
2014-04-28 18:00:00+00:00,1.67509836854774,2.738690488565489,2.2524180923542767,False
2014-04-28 18:30:00+00:00,1.553417197111527,2.3431352650727657,1.490602763058289,False
2014-04-28 19:00:00+00:00,1.3436428991709015,1.9463485706860704,1.3123394398183192,False
2014-04-28 19:30:00+00:00,1.2641876705001338,1.714299532224533,1.4998720666161998,False
2014-04-28 20:00:00+00:00,1.2337431398769725,1.3463591995842,1.096338720666162,False
2014-04-28 20:30:00+00:00,1.265788018186681,1.586971023908524,1.0615747161241484,False
2014-04-28 21:00:00+00:00,1.3430090665953462,1.2677904625779628,0.9985773656320968,False
2014-04-28 21:30:00+00:00,1.2684643220112328,1.189468659043659,1.2804049583648751,False
2014-04-28 22:00:00+00:00,1.4950407328162612,1.293914553014553,1.2354260787282358,False
2014-04-28 22:30:00+00:00,1.1884603637336186,1.1814985187110187,1.076138455715367,False
2014-04-28 23:00:00+00:00,1.383801684942498,1.2339805093555094,1.1951950037850114,False
2014-04-28 23:30:00+00:00,1.2262360524204332,1.361660524948025,1.144423732021196,False
2014-04-29 00:00:00+00:00,1.3987465097619685,1.6673007796257795,0.9966358062074184,False
2014-04-29 00:30:00+00:00,1.230776303824552,1.4359321725571723,1.0433497350492051,False
2014-04-29 01:00:00+00:00,1.1779466167424444,1.1814985187110187,1.0173434897804694,False
2014-04-29 01:30:00+00:00,1.1779466167424444,1.1814985187110187,1.0102928841786525,False
2014-04-29 02:00:00+00:00,1.192284808772399,1.350337837837838,1.0053077214231645,False
2014-04-29 02:30:00+00:00,1.2427793795132387,1.4611225831600831,1.0037027252081756,False
2014-04-29 03:00:00+00:00,1.1921673442096816,1.3382911122661123,1.03568838001514,False
2014-04-29 03:30:00+00:00,1.1779466167424444,1.3599192047817048,1.0037027252081756,False
2014-04-29 04:00:00+00:00,1.1863089863599894,1.3882159043659046,1.0037027252081756,False
2014-04-29 04:30:00+00:00,1.1779466167424444,1.565043295218295,1.0037027252081756,False
2014-04-29 05:00:00+00:00,1.2168439957207808,1.194452780665281,1.0037027252081756,False
2014-04-29 05:30:00+00:00,1.1827803423375234,1.7048599012474015,1.3983686601059804,False
2014-04-29 06:00:00+00:00,1.8326740572345548,2.954378430353431,2.2723820211960635,False
2014-04-29 06:30:00+00:00,1.7471597485958812,3.382661356548857,4.0142131339894025,False
2014-04-29 07:00:00+00:00,3.2594306499063923,5.185621803534304,5.801012490537472,False
2014-04-29 07:30:00+00:00,4.953914067932602,8.171007510395011,6.642097426192279,False
2014-04-29 08:00:00+00:00,2.958267691896229,5.728188227650728,6.1992982588947765,False
2014-04-29 08:30:00+00:00,6.196571275742177,7.99238102910603,8.2154212339137,False
2014-04-29 09:00:00+00:00,6.179622305429259,9.606755145530146,7.610806396669189,False
2014-04-29 09:30:00+00:00,4.244839315324953,8.198442905405406,7.447431756245268,False
2014-04-29 10:00:00+00:00,5.238488606579299,8.527502650727651,7.681346555639667,False
2014-04-29 10:30:00+00:00,5.818085530890612,8.780265228690231,8.330636525359575,False
2014-04-29 11:00:00+00:00,5.887865926718374,8.934397920997922,7.978507305071916,False
2014-04-29 11:30:00+00:00,5.611522920566997,9.37753601871102,9.007808781226345,False
2014-04-29 12:00:00+00:00,4.99977582241241,9.200009615384618,9.215434027252082,False
2014-04-29 12:30:00+00:00,5.9774396630115,9.643780275467776,9.237915745647236,False
2014-04-29 13:00:00+00:00,6.167126718373896,9.00159170997921,9.67672763058289,False
2014-04-29 13:30:00+00:00,5.47837066060444,8.417796049896051,8.29494231642695,False
2014-04-29 14:00:00+00:00,4.81685244717839,10.206660083160084,8.356414269492808,False
2014-04-29 14:30:00+00:00,7.087720005349024,9.500619646569648,9.100195571536714,False
2014-04-29 15:00:00+00:00,4.864044610858518,9.112943451143453,11.25453860711582,False
2014-04-29 15:30:00+00:00,4.408869403583846,9.463645452182952,8.044387130961391,False
2014-04-29 16:00:00+00:00,5.66699975929393,8.633660732848233,8.737430431491294,False
2014-04-29 16:30:00+00:00,4.367978710885264,7.666727494802495,7.49134606358819,False
2014-04-29 17:00:00+00:00,4.977443541053757,5.580679183991684,5.88816642694928,False
2014-04-29 17:30:00+00:00,3.0999145760898634,4.154457016632017,4.355655791067373,False
2014-04-29 18:00:00+00:00,1.9249399839529289,3.457729677754678,2.583512944738834,False
2014-04-29 18:30:00+00:00,1.3522246857448517,2.3129997661122665,1.599130961392884,False
2014-04-29 19:00:00+00:00,1.2440029419630918,1.7339895270270271,1.1887968205904618,False
2014-04-29 19:30:00+00:00,1.3196239636266385,1.802389786902287,1.0951111279333836,False
2014-04-29 20:00:00+00:00,1.1779466167424444,1.6993333160083164,1.0037027252081756,False
2014-04-29 20:30:00+00:00,1.1779466167424444,1.3899186330561333,1.0549621498864497,False
2014-04-29 21:00:00+00:00,1.2455586253008826,1.4402234667359668,1.055967676003028,False
2014-04-29 21:30:00+00:00,1.344491628777748,1.227306860706861,1.0437401968205904,False
2014-04-29 22:00:00+00:00,1.1900910671302487,1.2447927234927236,1.0037027252081756,False
2014-04-29 22:30:00+00:00,1.1779466167424444,1.38035816008316,1.0351758894776684,False
2014-04-29 23:00:00+00:00,1.1779466167424444,1.2083354989604993,1.0188866767600302,False
2014-04-29 23:30:00+00:00,1.1779466167424444,1.2230945686070689,1.0037027252081756,False
2014-04-30 00:00:00+00:00,1.1779466167424444,1.1814985187110187,1.0258933005299016,False
2014-04-30 00:30:00+00:00,1.20377309441027,1.1814985187110187,1.0049337623012868,False
2014-04-30 01:00:00+00:00,1.1779466167424444,1.2930869802494804,1.0037027252081756,False
2014-04-30 01:30:00+00:00,1.1779466167424444,1.1814985187110187,1.0302855791067371,False
2014-04-30 02:00:00+00:00,1.1779466167424444,1.1814985187110187,1.0037027252081756,False
2014-04-30 02:30:00+00:00,1.187927092805563,1.2686038461538462,1.0442331188493563,False
2014-04-30 03:00:00+00:00,1.2284638940893289,1.2794120582120585,1.0076701741105225,False
2014-04-30 03:30:00+00:00,1.3830752875100294,1.7030354209979213,1.0384808478425436,False
2014-04-30 04:00:00+00:00,1.429884648301685,1.593433108108108,1.025457380772142,False
2014-04-30 04:30:00+00:00,1.1779466167424444,1.67143775987526,1.0452219909159726,False
2014-04-30 05:00:00+00:00,1.2052333779085316,1.6243389033264035,1.2811083648750945,False
2014-04-30 05:30:00+00:00,1.7521148702861729,2.966526741164241,1.6151244133232396,False
2014-04-30 06:00:00+00:00,1.5175242845680663,4.379957614345115,3.411014231642695,False
2014-04-30 06:30:00+00:00,3.250971329232415,4.548477858627859,4.400862376987131,False
2014-04-30 07:00:00+00:00,2.967247526076491,6.742598102910604,6.101059765329295,False
2014-04-30 07:30:00+00:00,4.740440411874833,7.801554651767153,6.773243035579107,False
2014-04-30 08:00:00+00:00,5.133612837657128,7.374375363825364,7.807711014383042,False
2014-04-30 08:30:00+00:00,5.747732227868414,9.625012474012474,8.109195950037849,False
2014-04-30 09:00:00+00:00,5.875330756886868,7.511676975051976,8.013320401211203,False
2014-04-30 09:30:00+00:00,6.217208585183204,9.575499376299376,8.59619084027252,False
2014-04-30 10:00:00+00:00,5.500021610056165,9.704981782744284,8.51056514004542,False
2014-04-30 10:30:00+00:00,5.900934073281626,9.016047453222454,7.90927634367903,False
2014-04-30 11:00:00+00:00,6.512168627975394,9.479481237006237,8.773430090840272,False
2014-04-30 11:30:00+00:00,5.424678496924312,9.463331211018712,8.059246669190006,False
2014-04-30 12:00:00+00:00,5.230900936079165,10.766388435550937,8.566474186222559,False
2014-04-30 12:30:00+00:00,7.31937365605777,10.688872063409564,9.401415632096896,False
2014-04-30 13:00:00+00:00,4.057929473121155,9.801090488565489,9.30932017411052,False
2014-04-30 13:30:00+00:00,7.318549772666488,10.48180777027027,9.986039326267976,False
2014-04-30 14:00:00+00:00,6.4763193099759295,11.75867772869023,9.49332505677517,False
2014-04-30 14:30:00+00:00,7.056710163145226,10.214258601871103,8.417691635124905,False
2014-04-30 15:00:00+00:00,5.734348355175181,8.723274480249481,9.530302043906133,False
2014-04-30 15:30:00+00:00,4.881012677186413,8.649695712058215,5.924550529901589,False
2014-04-30 16:00:00+00:00,6.191990906659535,7.452556081081082,8.21849084027252,False
2014-04-30 16:30:00+00:00,4.923556432201123,7.675713331600832,8.138239894019682,False
2014-04-30 17:00:00+00:00,5.116488178657394,5.839802079002079,6.40928838001514,False
2014-04-30 17:30:00+00:00,3.655847499331372,4.412677364864865,4.62506854655564,False
2014-04-30 18:00:00+00:00,2.288032736025676,3.294263097713098,3.016918735806207,False
2014-04-30 18:30:00+00:00,1.4566579299277882,2.5913591735966737,2.1757601059803178,False
2014-04-30 19:00:00+00:00,1.5146783097084782,2.240364890852391,1.5495449659348977,False
2014-04-30 19:30:00+00:00,1.402418801818668,2.1432346413721413,1.6861695685087057,False
2014-04-30 20:00:00+00:00,2.049874511901578,2.3336921257796264,1.7577366767600302,False
2014-04-30 20:30:00+00:00,1.8144960149772664,2.516851377338877,1.571790121120363,False
2014-04-30 21:00:00+00:00,1.2837967103503611,1.9623783004158004,1.3833406131718395,False
2014-04-30 21:30:00+00:00,1.3647206472318802,2.108488331600832,1.5631894019682058,False
2014-04-30 22:00:00+00:00,1.4736143086386737,2.182183913721414,1.4637301665404996,False
2014-04-30 22:30:00+00:00,1.3250891949719177,1.9946998960498965,1.0575194171082511,False
2014-04-30 23:00:00+00:00,1.3004690558972989,1.5887712837837835,1.0406630582891747,False
2014-04-30 23:30:00+00:00,1.3402071409467773,1.6336598752598754,1.0782516654049965,False
2014-05-01 00:00:00+00:00,1.1779466167424444,1.556831340956341,1.03735117335352,False
2014-05-01 00:30:00+00:00,1.1779466167424444,1.3859470374220375,0.9998040121120364,False
2014-05-01 01:00:00+00:00,1.2097601765177857,1.232389734927235,1.0297012490537472,False
2014-05-01 01:30:00+00:00,1.1779466167424444,1.1814985187110187,1.0365716124148372,False
2014-05-01 02:00:00+00:00,1.1980993848622628,1.1814985187110187,1.0037027252081756,False
2014-05-01 02:30:00+00:00,1.201084915752875,1.1955652027027028,1.017511771385314,False
2014-05-01 03:00:00+00:00,1.233371248997058,1.1814985187110187,1.0037027252081756,False
2014-05-01 03:30:00+00:00,1.2704128376571275,1.1814985187110187,1.080845268735806,False
2014-05-01 04:00:00+00:00,1.1779466167424444,1.215247453222453,1.0060212717638153,False
2014-05-01 04:30:00+00:00,1.1779466167424444,1.3943579261954264,1.010334254352763,False
2014-05-01 05:00:00+00:00,1.229174271195507,1.3860992983367983,1.1051322861468584,False
2014-05-01 05:30:00+00:00,1.3646148167959349,2.327697401247401,1.5015074943224826,False
2014-05-01 06:00:00+00:00,2.5880139342070074,4.280134459459459,4.304829447388342,False
2014-05-01 06:30:00+00:00,3.618078496924311,6.100124922037422,4.765187623012869,False
2014-05-01 07:00:00+00:00,3.6299635731479,4.360981470893971,5.702536184708554,False
2014-05-01 07:30:00+00:00,5.470891093875367,9.721396439708942,7.093072747918243,False
2014-05-01 08:00:00+00:00,6.050935116341267,9.65687216735967,7.377295571536714,False
2014-05-01 08:30:00+00:00,6.936150361059108,9.390051195426196,8.62716343679031,False
2014-05-01 09:00:00+00:00,6.363156084514576,8.22249527027027,8.111315859197578,False
2014-05-01 09:30:00+00:00,7.584319336721048,9.335351143451144,7.604585352006055,False
2014-05-01 10:00:00+00:00,5.404776678256218,9.458113435550937,8.410501665404995,False
2014-05-01 10:30:00+00:00,5.945013934207007,9.328096777546778,8.33802335352006,False
2014-05-01 11:00:00+00:00,6.6972177052687885,10.291543477130976,8.194941975775928,False
2014-05-01 11:30:00+00:00,6.201281117945975,9.892099012474011,8.8347455336866,False
2014-05-01 12:00:00+00:00,6.204690024070607,9.7592591995842,8.265748410295231,False
2014-05-01 12:30:00+00:00,6.22155841133993,10.724338877338878,9.00276226343679,False
2014-05-01 13:00:00+00:00,5.089490024070607,9.25340472972973,10.209088039364117,False
2014-05-01 13:30:00+00:00,5.891273816528484,9.60869087837838,9.348157077971234,False
2014-05-01 14:00:00+00:00,8.732227654453062,10.433892385654886,9.044841748675246,False
2014-05-01 14:30:00+00:00,8.45251981813319,11.64427351871102,8.161454655563967,False
2014-05-01 15:00:00+00:00,7.31267686547205,11.0579966995842,8.885040651021953,False
2014-05-01 15:30:00+00:00,6.561178015512169,10.37176153846154,8.761817865253594,False
2014-05-01 16:00:00+00:00,4.594244610858518,6.228344854469855,7.434809424678273,False
2014-05-01 16:30:00+00:00,5.926780128376571,8.278052546777548,7.815561506434519,False
2014-05-01 17:00:00+00:00,5.194194169564055,6.297126351351352,6.246397880393641,False
2014-05-01 17:30:00+00:00,3.245753597218508,4.489243555093555,4.821114572293717,False
2014-05-01 18:00:00+00:00,2.1052466702326824,3.2200827962577967,2.9618781604844813,False
2014-05-01 18:30:00+00:00,1.767722439154854,1.9510126819126823,1.5540489780469338,False
2014-05-01 19:00:00+00:00,1.2088753677453865,1.6189339916839918,1.3875278576835728,False
2014-05-01 19:30:00+00:00,1.33272907194437,1.7569947245322246,1.408802195306586,False
2014-05-01 20:00:00+00:00,1.303518534367478,1.8769236226611223,1.3618758137774412,False
2014-05-01 20:30:00+00:00,1.3353121690291525,1.9878955821205824,1.0420779333838002,False
2014-05-01 21:00:00+00:00,1.2902357849692432,1.9233518711018716,1.0387735427706282,False
2014-05-01 21:30:00+00:00,1.2208315057502006,1.712908367983368,1.2432014761544283,False
2014-05-01 22:00:00+00:00,1.4611922171703664,1.300479417879418,1.037371688115064,False
2014-05-01 22:30:00+00:00,1.1858519390211286,1.5672622401247402,1.0827284254352765,False
2014-05-01 23:00:00+00:00,1.1779466167424444,1.50845880977131,1.0110767221801664,False
2014-05-01 23:30:00+00:00,1.1779466167424444,1.5608720634095634,1.0037027252081756,False
2014-05-02 00:00:00+00:00,1.1840174913078363,1.3310823804573806,1.0037027252081756,False
2014-05-02 00:30:00+00:00,1.1779466167424444,1.1814985187110187,1.039789894019682,False
2014-05-02 01:00:00+00:00,1.1940114201658196,1.2883472713097714,1.0037027252081756,False
2014-05-02 01:30:00+00:00,1.1779466167424444,1.1814985187110187,1.013529447388342,False
2014-05-02 02:00:00+00:00,1.1779466167424444,1.1814985187110187,1.0037027252081756,False
2014-05-02 02:30:00+00:00,1.1787255683337792,1.208808731808732,1.0037027252081756,False
2014-05-02 03:00:00+00:00,1.1779466167424444,1.200787993762994,1.0037027252081756,False
2014-05-02 03:30:00+00:00,1.1779466167424444,1.2012423076923078,1.0037027252081756,False
2014-05-02 04:00:00+00:00,1.2219383525006686,1.1814985187110187,1.0037027252081756,False
2014-05-02 04:30:00+00:00,1.1779466167424444,1.1814985187110187,1.0037027252081756,False
2014-05-02 05:00:00+00:00,1.1779466167424444,1.1814985187110187,1.0037027252081756,False
2014-05-02 05:30:00+00:00,1.3716435143086383,1.9755974272349277,1.384413890991673,False
2014-05-02 06:00:00+00:00,2.4813937416421505,4.61407001039501,3.3120862982588943,False
2014-05-02 06:30:00+00:00,3.99302527413747,6.484148362785864,4.753768319454958,False
2014-05-02 07:00:00+00:00,3.573619925113667,5.732315696465697,6.641096366389099,False
2014-05-02 07:30:00+00:00,5.830742203797807,9.965085135135135,7.325449318697955,False
2014-05-02 08:00:00+00:00,6.2253358652046,5.508281340956342,8.156076192278576,False
2014-05-02 08:30:00+00:00,6.592197860390479,9.660405795218296,8.878247804693414,False
2014-05-02 09:00:00+00:00,4.161823294998662,9.59176005717256,8.747742808478424,False
2014-05-02 09:30:00+00:00,6.971391976464295,10.523450103950106,8.662329258137774,False
2014-05-02 10:00:00+00:00,6.621073014174913,10.31533076923077,8.897378387585162,False
2014-05-02 10:30:00+00:00,6.541683631987162,10.509675415800416,8.640208591975776,False
2014-05-02 11:00:00+00:00,6.16655704733886,10.648267515592517,8.988195722937169,False
2014-05-02 11:30:00+00:00,6.41990406525809,11.087155067567569,8.53969254352763,False
2014-05-02 12:00:00+00:00,6.412501069804761,10.981927234927236,9.05356056018168,False
2014-05-02 12:30:00+00:00,6.525274003744316,11.326466995841995,9.443928576835727,False
2014-05-02 13:00:00+00:00,7.2156581973789775,9.995050051975053,8.813615329295986,False
2014-05-02 13:30:00+00:00,6.757911527146296,11.983052182952184,9.535157797123391,False
2014-05-02 14:00:00+00:00,7.090546643487564,11.252187396049896,9.51758285389856,False
2014-05-02 14:30:00+00:00,4.725954453062315,8.910284381496883,8.071984481453445,False
2014-05-02 15:00:00+00:00,5.9269815726129975,9.866689423076924,8.96191919000757,False
2014-05-02 15:30:00+00:00,4.942089034501203,8.555177468814968,8.261883875851627,False
2014-05-02 16:00:00+00:00,5.931554613533031,6.989433497920998,7.426608251324754,False
2014-05-02 16:30:00+00:00,3.535314255148436,5.6586384615384615,5.99677153671461,False
2014-05-02 17:00:00+00:00,4.584756753142551,6.880457562370064,6.608161847085541,False
2014-05-02 17:30:00+00:00,4.068024899705804,4.421110109147609,5.175837887963664,False
2014-05-02 18:00:00+00:00,3.103884434340733,3.0781974532224536,3.1283805828917486,False
2014-05-02 18:30:00+00:00,2.136700508157261,2.0594951663201666,1.7783537471612412,False
2014-05-02 19:00:00+00:00,1.6418266648836588,1.901083627858628,1.5991939818319452,False
2014-05-02 19:30:00+00:00,1.2221244182936617,1.700479261954262,1.4058521196063587,False
2014-05-02 20:00:00+00:00,1.656737416421503,2.844530093555094,1.3916629447388342,False
2014-05-02 20:30:00+00:00,1.25557119550682,1.828072245322245,1.3232484102952309,False
2014-05-02 21:00:00+00:00,1.47382037978069,1.874875207900208,1.4214746025738076,False
2014-05-02 21:30:00+00:00,1.305033565124365,1.9593850831600832,1.5387369038607113,False
2014-05-02 22:00:00+00:00,1.462779994650976,2.223485187110187,1.4268260030280089,False
2014-05-02 22:30:00+00:00,1.531518347151645,1.7975306652806655,1.2981006434519304,False
2014-05-02 23:00:00+00:00,1.5315382722653117,1.6537352390852391,1.473634670704012,False
2014-05-02 23:30:00+00:00,1.3608599358117142,1.9233891372141376,1.326754125662377,False
2014-05-03 00:00:00+00:00,1.4829983418026211,2.2455908783783785,1.3975376230128689,False
2014-05-03 00:30:00+00:00,1.6790943567798875,1.997704651767152,1.0698113928841786,False
2014-05-03 01:00:00+00:00,1.4003192029954534,1.415577416839917,1.262713550340651,False
2014-05-03 01:30:00+00:00,1.2281319604172238,1.465277182952183,1.278345193035579,False
2014-05-03 02:00:00+00:00,1.4935522867076758,1.600231782744283,1.273234670704012,False
2014-05-03 02:30:00+00:00,1.1779466167424444,1.374902312889813,1.2263977668433004,False
2014-05-03 03:00:00+00:00,1.2743802086119282,1.4658680613305617,1.2057336109008323,False
2014-05-03 03:30:00+00:00,1.1896335918694838,1.2164470893970896,1.0748553368660103,False
2014-05-03 04:00:00+00:00,1.3093419630917358,1.3551614864864865,1.0905438682816049,False
2014-05-03 04:30:00+00:00,1.295096416154052,1.1814985187110187,1.074911165783497,False
2014-05-03 05:00:00+00:00,1.2005563252206473,1.1814985187110187,1.0953205526116576,False
2014-05-03 05:30:00+00:00,1.5271671837389678,2.0080410083160087,1.7496640802422407,False
2014-05-03 06:00:00+00:00,2.168227895159133,4.158750935550936,3.2544437925813776,False
2014-05-03 06:30:00+00:00,3.503399491842739,4.506982354469855,4.775740423921272,False
2014-05-03 07:00:00+00:00,4.778825434608184,5.563105041580043,6.259834102952309,False
2014-05-03 07:30:00+00:00,5.900182588927521,10.050362422037423,7.522993338380015,False
2014-05-03 08:00:00+00:00,5.543949772666488,7.893179132016633,8.023044625283875,False
2014-05-03 08:30:00+00:00,5.896441107247927,9.286416865904366,8.468974564723695,False
2014-05-03 09:00:00+00:00,5.372093928857984,9.8354321985447,8.493949280847842,False
2014-05-03 09:30:00+00:00,6.925829285905322,9.529946803534305,8.233250567751703,False
2014-05-03 10:00:00+00:00,5.663280636533832,9.26212967775468,7.923625132475396,False
2014-05-03 10:30:00+00:00,5.891767050013373,9.454610343035345,8.259576078728236,False
2014-05-03 11:00:00+00:00,6.329328430061514,9.618029132016632,7.971749356548069,False
2014-05-03 11:30:00+00:00,6.349786600695373,9.961577260914762,8.432851627554882,False
2014-05-03 12:00:00+00:00,6.2852680395827765,9.337547687110188,8.165528652535958,False
2014-05-03 12:30:00+00:00,6.291208531692966,10.051846855509355,8.54985874337623,False
2014-05-03 13:00:00+00:00,6.2016447445841125,9.005357016632017,8.964673315669947,False
2014-05-03 13:30:00+00:00,6.463526584648301,9.606195764033265,8.836583080999242,False
2014-05-03 14:00:00+00:00,6.004943273602568,10.14394436070686,9.21368357305072,False
2014-05-03 14:30:00+00:00,6.465239235089595,8.936307536382536,8.761581415594247,False
2014-05-03 15:00:00+00:00,5.826904680395828,10.419368607068607,8.613836866010598,False
2014-05-03 15:30:00+00:00,6.763832602300079,10.673545997920998,8.54458732021196,False
2014-05-03 16:00:00+00:00,6.05328208077026,8.722500675675676,8.39472452687358,False
2014-05-03 16:30:00+00:00,3.9250067932602297,7.121475285862787,6.678021044663134,False
2014-05-03 17:00:00+00:00,4.085531987162344,6.018507796257797,6.078128387585163,False
2014-05-03 17:30:00+00:00,4.119714843541053,4.473965826403327,4.537236298258895,False
2014-05-03 18:00:00+00:00,2.5619961754479808,3.616700207900208,2.641038682816048,False
2014-05-03 18:30:00+00:00,1.6932488633324416,2.069491735966736,1.6188391748675246,False
2014-05-03 19:00:00+00:00,1.2476658999732548,1.658079573804574,1.1712501135503406,False
2014-05-03 19:30:00+00:00,1.534854586787911,1.706660213097713,1.2396909159727478,False
2014-05-03 20:00:00+00:00,1.1935920566996523,1.932232952182952,1.1875277441332324,False
2014-05-03 20:30:00+00:00,1.1779466167424444,1.625577572765073,1.060005980317941,False
2014-05-03 21:00:00+00:00,1.3424808772399035,1.7297312629937631,1.5462770249810749,False
2014-05-03 21:30:00+00:00,1.4588260497459211,1.360105795218295,1.2272067751703255,False
2014-05-03 22:00:00+00:00,1.277154372826959,1.3496145270270272,1.182808856926571,False
2014-05-03 22:30:00+00:00,1.2469830168494251,1.5207163461538464,1.0365448145344436,False
2014-05-03 23:00:00+00:00,1.1779466167424444,1.1814985187110187,1.0880866389099166,False
2014-05-03 23:30:00+00:00,1.1843636533832576,1.5009787422037424,1.06256279333838,False
2014-05-04 00:00:00+00:00,1.1779466167424444,1.2319640072765077,1.016468092354277,False
2014-05-04 00:30:00+00:00,1.25567662476598,1.4276194906444908,1.0492445117335352,False
2014-05-04 01:00:00+00:00,1.2657278684140143,1.1814985187110187,1.1145242619227855,False
2014-05-04 01:30:00+00:00,1.1875924846215566,1.3119013253638254,1.015846631339894,False
2014-05-04 02:00:00+00:00,1.24546603369885,1.1841904365904368,1.0329592354277062,False
2014-05-04 02:30:00+00:00,1.1898179727199785,1.2044529885654889,1.0037027252081756,False
2014-05-04 03:00:00+00:00,1.1779466167424444,1.1814985187110187,0.998850832702498,False
2014-05-04 03:30:00+00:00,1.1779466167424444,1.2610679833679834,1.0388926949280848,False
2014-05-04 04:00:00+00:00,1.1779466167424444,1.2571891632016632,1.0037027252081756,False
2014-05-04 04:30:00+00:00,1.1791405456004278,1.2531881496881496,1.0037027252081756,False
2014-05-04 05:00:00+00:00,1.1779466167424444,1.269704443866944,1.0309834595003786,False
2014-05-04 05:30:00+00:00,1.3116959882321475,1.928175285862786,1.2558038985616955,False
2014-05-04 06:00:00+00:00,1.335899946509762,3.434443113305613,2.200597728993187,False
2014-05-04 06:30:00+00:00,3.5073644289917096,4.1263641372141375,3.943573239969719,False
2014-05-04 07:00:00+00:00,4.315428323081038,4.6713970893970895,5.449004201362604,False
2014-05-04 07:30:00+00:00,5.163394463760364,7.260762084199584,6.541313588190763,False
2014-05-04 08:00:00+00:00,4.928096148702861,9.619953352390851,6.549129674489024,False
2014-05-04 08:30:00+00:00,6.2648802621021655,10.192436642411645,7.861195912187736,False
2014-05-04 09:00:00+00:00,5.554601577962022,9.35586483887734,8.293867373202119,False
2014-05-04 09:30:00+00:00,6.500825675314255,9.114882744282744,7.513189591218773,False
2014-05-04 10:00:00+00:00,5.962443380583044,9.003654807692309,7.738843073429219,False
2014-05-04 10:30:00+00:00,5.962808665418561,9.99213705821206,8.432511544284633,False
2014-05-04 11:00:00+00:00,6.356859053222787,9.807743711018713,7.775012074186222,False
2014-05-04 11:30:00+00:00,6.1798047338860655,10.303350571725574,8.17325704012112,False
2014-05-04 12:00:00+00:00,6.40815354372827,10.416965280665282,8.546180999242997,False
2014-05-04 12:30:00+00:00,6.750797967370955,9.204593737006238,9.217067108251324,False
2014-05-04 13:00:00+00:00,5.583090665953464,9.986729547817047,9.172854504163512,False
2014-05-04 13:30:00+00:00,6.559075287510029,10.60035246881497,9.164884292202876,False
2014-05-04 14:00:00+00:00,7.473915833110457,9.10093653846154,8.133692127176381,False
2014-05-04 14:30:00+00:00,5.490997191762504,11.524410265072769,9.051895760787282,False
2014-05-04 15:00:00+00:00,6.678687215833111,11.632768113305614,8.063692694928084,False
2014-05-04 15:30:00+00:00,5.281271569938486,9.824229781704782,8.822689742619227,False
2014-05-04 16:00:00+00:00,4.655257956672907,10.467011122661123,7.489379636638909,False
2014-05-04 16:30:00+00:00,4.064072131585985,7.972021725571726,7.000103141559424,False
2014-05-04 17:00:00+00:00,3.8779828563787104,6.052113539501041,5.9326512869038615,False
2014-05-04 17:30:00+00:00,3.0182380048141213,4.131080847193347,4.2545151778955335,False
2014-05-04 18:00:00+00:00,2.2166768387269324,2.903241424116424,2.170122596517789,False
2014-05-04 18:30:00+00:00,1.434751002941963,2.1297963617463616,1.6095177895533683,False
2014-05-04 19:00:00+00:00,1.3120655255415885,1.8567528586278583,1.5041205526116577,False
2014-05-04 19:30:00+00:00,1.4356838994383525,2.32317603950104,1.7887791445874337,False
2014-05-04 20:00:00+00:00,1.317735758224124,2.4097299376299377,1.2483462149886448,False
2014-05-04 20:30:00+00:00,1.591774324685745,2.193862266112266,1.6062510976532929,False
2014-05-04 21:00:00+00:00,1.4078348488900776,2.2945338617463618,1.594390158970477,False
2014-05-04 21:30:00+00:00,1.6699609253811178,2.2104710758835764,1.3737885314155942,False
2014-05-04 22:00:00+00:00,1.5186612730676652,1.4009992983367985,1.4433491294473884,False
2014-05-04 22:30:00+00:00,1.2527071944370152,1.852350831600832,1.1879224451173354,False
2014-05-04 23:00:00+00:00,1.1779466167424444,1.704827260914761,1.0037027252081756,False
2014-05-04 23:30:00+00:00,1.2519719176250337,1.2073313929313931,1.1080568887206663,False
2014-05-05 00:00:00+00:00,1.1827113131853435,1.3659091216216217,1.0284797501892504,False
2014-05-05 00:30:00+00:00,1.2049493714897033,1.2605111486486489,1.0037027252081756,False
2014-05-05 01:00:00+00:00,1.181554426317197,1.2765972972972974,1.007821801665405,False
2014-05-05 01:30:00+00:00,1.205805375768922,1.1814985187110187,1.0116577592732778,False
2014-05-05 02:00:00+00:00,1.1875924846215566,1.2571037681912682,1.0037027252081756,False
2014-05-05 02:30:00+00:00,1.1779466167424444,1.226495764033264,1.0314033308099924,False
2014-05-05 03:00:00+00:00,1.1779466167424444,1.3270725831600834,1.0037027252081756,False
2014-05-05 03:30:00+00:00,1.1779466167424444,1.1814985187110187,1.0037027252081756,False
2014-05-05 04:00:00+00:00,1.1779466167424444,1.2993989864864866,1.0037027252081756,False
2014-05-05 04:30:00+00:00,1.1779466167424444,1.3950844074844075,1.0037027252081756,False
2014-05-05 05:00:00+00:00,1.1841126236961754,1.800819386694387,1.0437668811506433,False
2014-05-05 05:30:00+00:00,1.65163912810912,2.6933405925155927,1.695062944738834,False
2014-05-05 06:00:00+00:00,2.765622091468307,4.61820563929314,3.5158942846328536,False
2014-05-05 06:30:00+00:00,3.674359079967906,4.688220634095635,4.588345117335352,False
2014-05-05 07:00:00+00:00,4.039720032094142,6.0432690488565495,6.231190310370931,False
2014-05-05 07:30:00+00:00,5.487309681733084,8.572215982328483,6.946513096139289,False
2014-05-05 08:00:00+00:00,5.299151457608986,6.099485317047818,7.62477857683573,False
2014-05-05 08:30:00+00:00,6.253232682535437,9.433562603950104,7.371561998485995,False
2014-05-05 09:00:00+00:00,6.007860390478738,9.798337811850311,7.510863361090082,False
2014-05-05 09:30:00+00:00,5.557146349291255,8.774173024948025,7.831020552611657,False
2014-05-05 10:00:00+00:00,6.442768681465632,9.61767195945946,7.692539212717637,False
2014-05-05 10:30:00+00:00,5.841056111259695,10.039998102910603,8.661854920514761,False
2014-05-05 11:00:00+00:00,5.288181733083713,10.023521985446989,8.30103497350492,False
2014-05-05 11:30:00+00:00,6.224643915485423,10.194942021829522,8.022763853141559,False
2014-05-05 12:00:00+00:00,5.94146466969778,9.904560550935551,7.964876911430734,False
2014-05-05 12:30:00+00:00,6.493586279753944,9.699375441787945,8.413850719152157,False
2014-05-05 13:00:00+00:00,5.419152126236962,8.666756133056134,8.319914572293715,False
2014-05-05 13:30:00+00:00,6.367898689489168,10.511453742203743,8.258031302043905,False
2014-05-05 14:00:00+00:00,6.6299658464830165,9.315049584199585,8.376158062074186,False
2014-05-05 14:30:00+00:00,6.257275982883123,10.122639890852392,7.545324299772899,False
2014-05-05 15:00:00+00:00,5.765562690558973,11.503523674636176,8.474795647236942,False
2014-05-05 15:30:00+00:00,5.535286386734421,10.222050935550936,8.644788455715366,False
2014-05-05 16:00:00+00:00,5.815453383257555,9.751927130977132,8.697533724451173,False
2014-05-05 16:30:00+00:00,3.945328991709013,6.954894126819127,6.712640272520818,False
2014-05-05 17:00:00+00:00,4.710187242578229,6.541147687110188,6.282170325510975,False
2014-05-05 17:30:00+00:00,4.174295212623696,5.351125935550936,4.841987774413323,False
2014-05-05 18:00:00+00:00,2.8568174378175986,2.010913331600832,2.526068811506435,False
2014-05-05 18:30:00+00:00,1.904625327627708,2.4340263773388773,2.249518697956094,False
2014-05-05 19:00:00+00:00,1.6476630382455202,2.519443425155925,1.7015017032551096,False
2014-05-05 19:30:00+00:00,1.5482445841133992,2.4402190488565494,1.4674964042392125,False
2014-05-05 20:00:00+00:00,1.5073106713024873,2.11047933991684,1.5578979560938682,False
2014-05-05 20:30:00+00:00,1.291695239368815,1.789987707900208,1.0981861468584404,False
2014-05-05 21:00:00+00:00,1.2760205402514042,1.6400350311850314,1.2247802422407266,False
2014-05-05 21:30:00+00:00,1.2848211821342603,1.6626467515592518,1.1499264572293717,False
2014-05-05 22:00:00+00:00,1.3403640278149238,,1.1508049205147617,False
2014-05-05 22:30:00+00:00,1.2426426852099492,,1.1893856169568509,False
2014-05-05 23:00:00+00:00,1.3406889542658462,,1.0037027252081756,False
2014-05-05 23:30:00+00:00,1.1779466167424444,,1.0786294095382287,False
2014-05-06 00:00:00+00:00,1.1779466167424444,,1.011106207418622,False
2014-05-06 00:30:00+00:00,1.1779466167424444,,1.040660181680545,False
2014-05-06 01:00:00+00:00,1.2265175715431935,,1.0574097274791825,False
2014-05-06 01:30:00+00:00,1.209259614870286,,1.0486571915215743,False
2014-05-06 02:00:00+00:00,1.2653116608718908,,0.9960528009084026,False
2014-05-06 02:30:00+00:00,1.1860530623161272,,1.100146744890235,False
2014-05-06 03:00:00+00:00,1.1779466167424444,,1.006704201362604,False
2014-05-06 03:30:00+00:00,1.279618347151645,,1.052756472369417,False
2014-05-06 04:00:00+00:00,1.188217625033431,,1.0664548069644209,False
2014-05-06 04:30:00+00:00,1.2012672372292057,,1.01333315669947,False
2014-05-06 05:00:00+00:00,1.2745366943032896,,1.2172910673732025,False
2014-05-06 05:30:00+00:00,1.88287119550682,,2.199599507948524,False
2014-05-06 06:00:00+00:00,4.015103155924044,,4.602503785011355,False
2014-05-06 06:30:00+00:00,4.159473442096818,,4.831478084784254,False
2014-05-06 07:00:00+00:00,4.938450120353036,,6.760955223315669,False
2014-05-06 07:30:00+00:00,5.526163225461353,,6.726543111279334,False
2014-05-06 08:00:00+00:00,6.879970312917892,,7.560575548826645,False
2014-05-06 08:30:00+00:00,5.376357100829099,,7.460904958364875,False
2014-05-06 09:00:00+00:00,5.173760524204333,,8.351954239212716,False
2014-05-06 09:30:00+00:00,5.830000320941428,,7.555055336866011,False
2014-05-06 10:00:00+00:00,6.021090345012035,,7.877211922785768,False
2014-05-06 10:30:00+00:00,6.429809601497727,,8.297253822861467,False
2014-05-06 11:00:00+00:00,6.35971711687617,,7.916033610900833,False
2014-05-06 11:30:00+00:00,5.814968200053491,,8.946440688872066,False
2014-05-06 12:00:00+00:00,6.6069353035571,,8.410922558667675,False
2014-05-06 12:30:00+00:00,6.962357555496123,,9.317851135503409,False
2014-05-06 13:00:00+00:00,6.361490318266916,,8.607287130961392,False
2014-05-06 13:30:00+00:00,7.141450334313987,,9.447881302043903,False
2014-05-06 14:00:00+00:00,7.352682642417759,,9.218362641937924,False
2014-05-06 14:30:00+00:00,5.544256325220648,,9.049679068887206,False
2014-05-06 15:00:00+00:00,6.71101548542391,,8.779739477668434,False
2014-05-06 15:30:00+00:00,6.636776731746456,,8.154756661619984,False
2014-05-06 16:00:00+00:00,7.158126798609254,,7.653306813020438,False
2014-05-06 16:30:00+00:00,6.734021743781761,,5.956153103709311,False
2014-05-06 17:00:00+00:00,4.492217758759026,,6.641781604844815,False
2014-05-06 17:30:00+00:00,4.019225086921637,,4.308793906131718,False
2014-05-06 18:00:00+00:00,1.8083812516715696,,2.7418110143830425,False
2014-05-06 18:30:00+00:00,2.184755870553624,,2.1911590083270247,False
2014-05-06 19:00:00+00:00,1.5205903450120353,,1.8925664269492808,False
2014-05-06 19:30:00+00:00,1.6751940625835782,,1.4898640423921272,False
2014-05-06 20:00:00+00:00,1.5594178657395026,,1.570107910673732,False
2014-05-06 20:30:00+00:00,1.2405629045199251,,1.1810802800908402,False
2014-05-06 21:00:00+00:00,1.212942765445306,,1.2661403103709308,False
2014-05-06 21:30:00+00:00,1.3367724792725326,,1.245500492051476,False
2014-05-06 22:00:00+00:00,1.2019182936614068,,1.4086071915215743,False
2014-05-06 22:30:00+00:00,1.3267159935811716,,1.2763615821347465,False
2014-05-06 23:00:00+00:00,1.4478173575822413,,1.0525640423921272,False
2014-05-06 23:30:00+00:00,1.5386389408932868,,1.2743795987887965,False
2014-05-07 00:00:00+00:00,1.3559918427387,,1.0850599545798638,False
2014-05-07 00:30:00+00:00,1.700986600695373,,1.1747127554882664,False
2014-05-07 01:00:00+00:00,1.1779466167424444,,1.034360522331567,False
2014-05-07 01:30:00+00:00,1.2940587055362394,,1.0037027252081756,False
2014-05-07 02:00:00+00:00,1.2616495319604173,,1.122298561695685,False
2014-05-07 02:30:00+00:00,1.2282011767852368,,1.011054390613172,False
2014-05-07 03:00:00+00:00,1.2281029419630916,,1.0528212339137015,False
2014-05-07 03:30:00+00:00,1.2513228938218774,,1.103327517032551,False
2014-05-07 04:00:00+00:00,1.1779466167424444,,1.0319171082513248,False
2014-05-07 04:30:00+00:00,1.1779466167424444,,1.0037027252081756,False
2014-05-07 05:00:00+00:00,1.2210102166354642,,1.077324489023467,False
2014-05-07 05:30:00+00:00,1.3266075421235624,,1.496520779712339,False
2014-05-07 06:00:00+00:00,2.663381305161808,,3.00938614685844,False
2014-05-07 06:30:00+00:00,3.945725327627709,,4.134763398940197,False
2014-05-07 07:00:00+00:00,4.172288125167157,,5.893090688872067,False
2014-05-07 07:30:00+00:00,4.730845520192565,,6.27736161998486,False
2014-05-07 08:00:00+00:00,6.08032933939556,,7.694755753217259,False
2014-05-07 08:30:00+00:00,4.958616608718908,,8.833485957607872,False
2014-05-07 09:00:00+00:00,6.275325568333779,,8.091536336109009,False
2014-05-07 09:30:00+00:00,6.014022599625568,,7.736120514761544,False
2014-05-07 10:00:00+00:00,6.371152019256486,,8.489678879636639,False
2014-05-07 10:30:00+00:00,6.058298823214763,,8.444944473883421,False
2014-05-07 11:00:00+00:00,6.737958759026477,,9.271837887963663,False
2014-05-07 11:30:00+00:00,5.816239475795667,,8.252393224829673,False
2014-05-07 12:00:00+00:00,5.917003182669163,,8.997103065859196,False
2014-05-07 12:30:00+00:00,6.7922044931799945,,8.016078538985617,False
2014-05-07 13:00:00+00:00,7.072067665151111,,8.942924678274034,False
2014-05-07 13:30:00+00:00,7.210437282695908,,8.147951968205904,False
2014-05-07 14:00:00+00:00,6.177523562449853,,8.635032551097652,False
2014-05-07 14:30:00+00:00,7.384257929927788,,7.906771158213474,False
2014-05-07 15:00:00+00:00,7.507557448515645,,8.892578198334594,False
2014-05-07 15:30:00+00:00,6.691376277079432,,9.273755828917489,False
2014-05-07 16:00:00+00:00,6.6708925916020325,,8.051339629068886,False
2014-05-07 16:30:00+00:00,5.641248809842203,,6.833961771385313,False
2014-05-07 17:00:00+00:00,3.855266381385397,,5.69452312641938,False
2014-05-07 17:30:00+00:00,3.530616234287243,,3.4405074943224827,False
2014-05-07 18:00:00+00:00,2.4098911741107245,,2.4586739212717634,False
2014-05-07 18:30:00+00:00,1.418828964963894,,1.977041218773656,False
2014-05-07 19:00:00+00:00,1.7246314255148436,,1.726990234670704,False
2014-05-07 19:30:00+00:00,1.804608130516181,,1.4806362982588948,False
2014-05-07 20:00:00+00:00,1.5563518587857716,,1.5775106737320208,False
2014-05-07 20:30:00+00:00,1.299366140679326,,1.4976970855412566,False
2014-05-07 21:00:00+00:00,1.4116181064455735,,1.5114682816048446,False
2014-05-07 21:30:00+00:00,1.2670062583578496,,1.2973847842543529,False
2014-05-07 22:00:00+00:00,1.1779466167424444,,1.3672436411809237,False
2014-05-07 22:30:00+00:00,1.2112718373896765,,1.061390840272521,False
2014-05-07 23:00:00+00:00,1.3212174913078365,,1.2067021574564722,False
2014-05-07 23:30:00+00:00,1.4836091200855843,,1.1985870552611655,False
2014-05-08 00:00:00+00:00,1.2926436212891148,,1.1195750189250566,False
2014-05-08 00:30:00+00:00,1.4070463492912544,,1.1066670325510977,False
2014-05-08 01:00:00+00:00,1.3984074351430866,,1.283425927327782,False
2014-05-08 01:30:00+00:00,1.2946861995185877,,1.0037027252081756,False
2014-05-08 02:00:00+00:00,1.2030276811981817,,1.1066292202876609,False
2014-05-08 02:30:00+00:00,1.3412566461620756,,1.1813105601816805,False
2014-05-08 03:00:00+00:00,1.5760366675581707,,1.048751930355791,False
2014-05-08 03:30:00+00:00,1.508677801551217,,1.241919682059046,False
2014-05-08 04:00:00+00:00,1.351088205402514,,1.1612006056018167,False
2014-05-08 04:30:00+00:00,1.2306484621556566,,1.2270082891748673,False
2014-05-08 05:00:00+00:00,1.2276706606044396,,1.3827227857683573,False
2014-05-08 05:30:00+00:00,2.010078202728002,,2.3420100302800906,False
2014-05-08 06:00:00+00:00,2.771781171436213,,3.52998145344436,False
2014-05-08 06:30:00+00:00,4.556340037443167,,4.725590121120363,False
2014-05-08 07:00:00+00:00,5.048330302219845,,6.090623845571535,False
2014-05-08 07:30:00+00:00,5.376644263171971,,6.685531264193793,False
2014-05-08 08:00:00+00:00,5.999080743514309,,6.848025397426192,False
2014-05-08 08:30:00+00:00,6.715636721048408,,7.856127630582891,False
2014-05-08 09:00:00+00:00,5.746109039850227,,7.699436941710825,False
2014-05-08 09:30:00+00:00,6.838307194437014,,8.733536752460257,False
2014-05-08 10:00:00+00:00,8.075074083979672,,8.421417903103707,False
2014-05-08 10:30:00+00:00,7.454439475795668,,8.386642808478424,False
2014-05-08 11:00:00+00:00,7.557655496121959,,8.179952952308858,False
2014-05-08 11:30:00+00:00,6.930506606044397,,8.368626722180165,False
2014-05-08 12:00:00+00:00,7.263410778282964,,8.4648257002271,False
2014-05-08 12:30:00+00:00,7.06530895961487,,8.195235427706283,False
2014-05-08 13:00:00+00:00,6.389773388606579,,9.007906434519304,False
2014-05-08 13:30:00+00:00,6.877892136935008,,9.21777687358062,False
2014-05-08 14:00:00+00:00,7.956862744049212,,9.35125768357305,False
2014-05-08 14:30:00+00:00,7.114119416956405,,9.11628391370174,False
2014-05-08 15:00:00+00:00,7.700055924043863,,8.633532286146858,False
2014-05-08 15:30:00+00:00,5.829014335383792,,8.822538758516275,False
2014-05-08 16:00:00+00:00,6.136882909868949,,7.5549,False
2014-05-08 16:30:00+00:00,4.692045038780423,,7.148380696442089,False
2014-05-08 17:00:00+00:00,5.01542203797807,,6.011723656320968,False
2014-05-08 17:30:00+00:00,3.661338058304359,,4.766602838758517,False
2014-05-08 18:00:00+00:00,2.9321240706071143,,3.1776614307342923,False
2014-05-08 18:30:00+00:00,1.9206900508157263,,1.897421461014383,False
2014-05-08 19:00:00+00:00,1.6703889542658463,,1.5587509462528388,False
2014-05-08 19:30:00+00:00,1.4993653115806365,,1.653024905374716,False
2014-05-08 20:00:00+00:00,1.4552516715699384,,1.4090990537471613,False
2014-05-08 20:30:00+00:00,1.1779466167424444,,1.2091753595760786,False
2014-05-08 21:00:00+00:00,1.3263097084782027,,1.0071800908402726,False
2014-05-08 21:30:00+00:00,1.4169771329232417,,1.0037027252081756,False
2014-05-08 22:00:00+00:00,1.2794921636801284,,1.0237706661619983,False
2014-05-08 22:30:00+00:00,1.1996342872425785,,1.065477024981075,False
2014-05-08 23:00:00+00:00,1.256591067130249,,1.0037027252081756,False
2014-05-08 23:30:00+00:00,1.2108429794062583,,1.0905229750189251,False
2014-05-09 00:00:00+00:00,1.1855910938753678,,1.028423315669947,False
2014-05-09 00:30:00+00:00,1.193586440224659,,1.0349006434519303,False
2014-05-09 01:00:00+00:00,1.1884553891414815,,1.01553198334595,False
2014-05-09 01:30:00+00:00,1.1779466167424444,,1.0037027252081756,False
2014-05-09 02:00:00+00:00,1.1779466167424444,,1.011577024981075,False
2014-05-09 02:30:00+00:00,1.1779466167424444,,1.0511558667676002,False
2014-05-09 03:00:00+00:00,1.1779466167424444,,1.0037027252081756,False
2014-05-09 03:30:00+00:00,1.1779466167424444,,1.0037027252081756,False
2014-05-09 04:00:00+00:00,1.1779466167424444,,1.0037027252081756,False
2014-05-09 04:30:00+00:00,1.1779466167424444,,1.0037027252081756,False
2014-05-09 05:00:00+00:00,1.1779466167424444,,1.0667977668433004,False
2014-05-09 05:30:00+00:00,1.288994918427387,,1.025121461014383,False
2014-05-09 06:00:00+00:00,2.524381652848355,,2.4325489023467064,False
2014-05-09 06:30:00+00:00,3.3195421503075684,,4.704670249810749,False
2014-05-09 07:00:00+00:00,3.895473014174913,,6.1559514004542,False
2014-05-09 07:30:00+00:00,5.939614388874031,,6.912974829674488,False
2014-05-09 08:00:00+00:00,6.903618427387003,,6.921512831188493,False
2014-05-09 08:30:00+00:00,6.20677745386467,,6.930484632853897,False
2014-05-09 09:00:00+00:00,5.2150275474725865,,7.510382778198333,False
2014-05-09 09:30:00+00:00,6.059753062316127,,7.62640287660863,False
2014-05-09 10:00:00+00:00,6.816381572612999,,8.024645155185464,False
2014-05-09 10:30:00+00:00,6.514591040385129,,8.412691559424678,False
2014-05-09 11:00:00+00:00,6.983747873763037,,8.068184595003785,False
2014-05-09 11:30:00+00:00,6.61947635731479,,8.707380469341407,False
2014-05-09 12:00:00+00:00,7.352660952126238,,8.26308232399697,False
2014-05-09 12:30:00+00:00,6.249017972719979,,8.636704087812262,False
2014-05-09 13:00:00+00:00,5.842268226798609,,8.867216351249054,False
2014-05-09 13:30:00+00:00,7.168459133458144,,8.585501854655563,False
2014-05-09 14:00:00+00:00,6.50791414816796,,8.413626495079486,False
2014-05-09 14:30:00+00:00,6.372504172238566,,8.939477289931869,False
2014-05-09 15:00:00+00:00,6.500278443434073,,9.36865416351249,False
2014-05-09 15:30:00+00:00,7.585099705803691,,8.462282172596517,False
2014-05-09 16:00:00+00:00,6.037750227333512,,7.274383459500378,False
2014-05-09 16:30:00+00:00,5.981178336453597,,7.067085654806964,False
2014-05-09 17:00:00+00:00,4.899261754479807,,6.2715521196063575,False
2014-05-09 17:30:00+00:00,3.572040839796737,,4.646686373959121,False
2014-05-09 18:00:00+00:00,3.2298841936346614,,3.0644052611657835,False
2014-05-09 18:30:00+00:00,1.922887991441562,,2.059509803179409,False
2014-05-09 19:00:00+00:00,1.6335722118213425,,1.7494854277062828,False
2014-05-09 19:30:00+00:00,1.8894738165284837,,1.5787651778955334,False
2014-05-09 20:00:00+00:00,1.5572925916020326,,1.383392505677517,False
2014-05-09 20:30:00+00:00,1.4616265846483016,,1.2471108251324752,False
2014-05-09 21:00:00+00:00,1.2755294196309173,,1.292057229371688,False
2014-05-09 21:30:00+00:00,1.1779466167424444,,1.0422012112036336,False
2014-05-09 22:00:00+00:00,1.2673469376838726,,1.0186591218773655,False
2014-05-09 22:30:00+00:00,1.252013613265579,,1.0012857305071914,False
2014-05-09 23:00:00+00:00,1.1794771596683604,,1.005427592732778,False
2014-05-09 23:30:00+00:00,1.1779466167424444,,0.9962394019682058,False
2014-05-10 00:00:00+00:00,1.1874269858250868,,1.128534935654807,False
2014-05-10 00:30:00+00:00,1.2208668360524204,,1.036783573050719,False
2014-05-10 01:00:00+00:00,1.1779466167424444,,1.0471645344436031,False
2014-05-10 01:30:00+00:00,1.189656084514576,,1.0037027252081756,False
2014-05-10 02:00:00+00:00,1.3084090665953465,,1.0037027252081756,False
2014-05-10 02:30:00+00:00,1.2629230542925918,,1.0455881150643451,False
2014-05-10 03:00:00+00:00,1.1779466167424444,,1.0037027252081756,False
2014-05-10 03:30:00+00:00,1.1779466167424444,,1.0037027252081756,False
2014-05-10 04:00:00+00:00,1.1779466167424444,,1.0037027252081756,False
2014-05-10 04:30:00+00:00,1.1779466167424444,,1.005607910673732,False
2014-05-10 05:00:00+00:00,1.1779466167424444,,1.0037027252081756,False
2014-05-10 05:30:00+00:00,1.263695078898101,,1.3487288796366388,False
2014-05-10 06:00:00+00:00,2.3571648034233754,,2.132491105223316,False
2014-05-10 06:30:00+00:00,2.663037175715432,,3.944983648750946,False
2014-05-10 07:00:00+00:00,4.817079326023001,,5.752816351249053,False
2014-05-10 07:30:00+00:00,5.854845841133993,,6.324230355791068,False
2014-05-10 08:00:00+00:00,7.216780797004546,,7.519303557910673,False
2014-05-10 08:30:00+00:00,7.168454854239101,,7.198722407267222,False
2014-05-10 09:00:00+00:00,6.279718641347954,,7.842854731264193,False
2014-05-10 09:30:00+00:00,6.353058759026477,,7.591963701741106,False
2014-05-10 10:00:00+00:00,5.934506231612731,,8.34262153671461,False
2014-05-10 10:30:00+00:00,6.193867611660871,,9.12744008327025,False
2014-05-10 11:00:00+00:00,6.10050296870821,,8.471776267978802,False
2014-05-10 11:30:00+00:00,8.479817464562718,,8.857215480696441,False
2014-05-10 12:00:00+00:00,6.483566247659802,,8.501378349735049,False
2014-05-10 12:30:00+00:00,6.82620026745119,,8.843251324753973,False
2014-05-10 13:00:00+00:00,7.448371596683604,,9.281385314155942,False
2014-05-10 13:30:00+00:00,7.151754132120888,,9.2297058667676,False
2014-05-10 14:00:00+00:00,6.265839983952929,,8.706065064345193,False
2014-05-10 14:30:00+00:00,6.111682294731211,,9.423766048448144,False
2014-05-10 15:00:00+00:00,6.061598315057503,,8.262154314912944,False
2014-05-10 15:30:00+00:00,6.809310163145226,,8.84180927327782,False
2014-05-10 16:00:00+00:00,7.821395212623697,,8.53182505677517,False
2014-05-10 16:30:00+00:00,6.442153516983151,,7.925995230885692,False
2014-05-10 17:00:00+00:00,4.799035276811981,,6.315538834216502,False
2014-05-10 17:30:00+00:00,4.025672506017652,,4.40182335352006,False
2014-05-10 18:00:00+00:00,2.862783525006686,,2.965094663133989,False
2014-05-10 18:30:00+00:00,2.444864830168494,,2.0441914837244517,False
2014-05-10 19:00:00+00:00,1.838035437282696,,1.9413437168811507,False
2014-05-10 19:30:00+00:00,1.5721010430596414,,1.6988859576078723,False
2014-05-10 20:00:00+00:00,1.574932281358652,,1.5240634746404238,False
2014-05-10 20:30:00+00:00,1.749016394757957,,1.376359538228615,False
2014-05-10 21:00:00+00:00,1.8281617812249265,,1.3281123769871308,False
2014-05-10 21:30:00+00:00,1.5760353035571009,,1.2607271006813017,False
2014-05-10 22:00:00+00:00,1.5032587322813586,,1.4358041256623766,False
2014-05-10 22:30:00+00:00,1.3360878577159667,,1.1528946252838757,False
2014-05-10 23:00:00+00:00,1.373364428991709,,1.2368034065102196,False
2014-05-10 23:30:00+00:00,1.4972314255148431,,1.2289695685087056,False
2014-05-11 00:00:00+00:00,1.204383498261567,,1.1401337244511731,False
2014-05-11 00:30:00+00:00,1.430083204065258,,1.1098122255866767,False
2014-05-11 01:00:00+00:00,1.2213081572612998,,1.0648720287660862,False
2014-05-11 01:30:00+00:00,1.211232441829366,,1.0427062831188494,False
2014-05-11 02:00:00+00:00,1.183853864669698,,1.0626439439818318,False
2014-05-11 02:30:00+00:00,1.296950762235892,,1.1311465934897804,False
2014-05-11 03:00:00+00:00,1.2044565926718371,,1.0037027252081756,False
2014-05-11 03:30:00+00:00,1.2467407060711422,,1.0239906888720665,False
2014-05-11 04:00:00+00:00,1.2405234822144957,,1.0037027252081756,False
2014-05-11 04:30:00+00:00,1.2027030756886867,,1.0037027252081756,False
2014-05-11 05:00:00+00:00,1.230304439689757,,1.1282060181680544,False
2014-05-11 05:30:00+00:00,1.467913452794865,,1.5770758137774414,False
2014-05-11 06:00:00+00:00,3.0714054025140407,,2.7443283118849355,False
2014-05-11 06:30:00+00:00,3.289879459748596,,4.798519984859954,False
2014-05-11 07:00:00+00:00,5.11954589462423,,6.221999772899318,False
2014-05-11 07:30:00+00:00,5.390074645627172,,7.226374148372445,False
2014-05-11 08:00:00+00:00,6.958333404653652,,7.684865518546554,False
2014-05-11 08:30:00+00:00,6.928930221984488,,8.0692323996972,False
2014-05-11 09:00:00+00:00,6.676469243113131,,7.563299432248296,False
2014-05-11 09:30:00+00:00,6.258785985557636,,7.99620246025738,False
2014-05-11 10:00:00+00:00,6.615576437550147,,7.690663928841786,False
2014-05-11 10:30:00+00:00,7.059791200855844,,8.546856245268737,False
2014-05-11 11:00:00+00:00,7.159675688686815,,8.687473429220288,False
2014-05-11 11:30:00+00:00,6.954855068200054,,9.13522176381529,False
2014-05-11 12:00:00+00:00,7.089839582776144,,9.965465215745644,False
2014-05-11 12:30:00+00:00,6.511326504412945,,7.480884443603331,False
2014-05-11 13:00:00+00:00,6.097792859053222,,11.036476419379255,False
2014-05-11 13:30:00+00:00,6.989625381117945,,8.979635881907644,False
2014-05-11 14:00:00+00:00,7.132683097084781,,8.564782172596518,False
2014-05-11 14:30:00+00:00,5.624690826424177,,9.263136222558666,False
2014-05-11 15:00:00+00:00,6.334639983952928,,9.001886828160485,False
2014-05-11 15:30:00+00:00,8.208379727199786,,8.922400870552611,False
2014-05-11 16:00:00+00:00,6.65167745386467,,9.08494031037093,False
2014-05-11 16:30:00+00:00,6.613750762235892,,8.075121915215744,False
2014-05-11 17:00:00+00:00,6.488556084514576,,7.229318433005298,False
2014-05-11 17:30:00+00:00,4.592280877239904,,5.2068161998486,False
2014-05-11 18:00:00+00:00,3.940941187483285,,4.232727214231643,False
2014-05-11 18:30:00+00:00,2.1324806365338325,,2.634809008327025,False
2014-05-11 19:00:00+00:00,1.916643915485424,,1.8812987887963664,False
2014-05-11 19:30:00+00:00,1.2913445841133993,,1.6745359576078729,False
2014-05-11 20:00:00+00:00,1.649950762235892,,1.4683204012112034,False
2014-05-11 20:30:00+00:00,1.523795212623696,,1.3361267221801665,False
2014-05-11 21:00:00+00:00,1.245761433538379,,1.0461866389099168,False
2014-05-11 21:30:00+00:00,1.2778511366675582,,1.306645836487509,False
2014-05-11 22:00:00+00:00,1.2836448515645893,,1.154485919757759,False
2014-05-11 22:30:00+00:00,1.2261416154051883,,1.0940557532172597,False
2014-05-11 23:00:00+00:00,1.1779466167424444,,1.001166578349735,False
2014-05-11 23:30:00+00:00,1.2038205135062852,,1.016468092354277,False
2014-05-12 00:00:00+00:00,1.2500841668895426,,1.006058062074186,False
2014-05-12 00:30:00+00:00,1.1779466167424444,,1.044862641937926,False
2014-05-12 01:00:00+00:00,1.1825136667558171,,1.0104528766086298,False
2014-05-12 01:30:00+00:00,1.3159971650173845,,1.0259141937925813,False
2014-05-12 02:00:00+00:00,1.181301524471784,,1.0365090461771385,False
2014-05-12 02:30:00+00:00,1.2208358652046,,1.0037027252081756,False
2014-05-12 03:00:00+00:00,1.307340732816261,,1.0037027252081756,False
2014-05-12 03:30:00+00:00,1.2985152982080768,,1.0998672975018924,False
2014-05-12 04:00:00+00:00,1.1779466167424444,,1.0621450416351248,False
2014-05-12 04:30:00+00:00,1.4886730944102702,,1.1682491294473885,False
2014-05-12 05:00:00+00:00,1.4142298208077029,,1.7709193035579107,False
2014-05-12 05:30:00+00:00,3.122623749665685,,3.154556661619985,False
2014-05-12 06:00:00+00:00,4.263498796469644,,3.834430355791067,False
2014-05-12 06:30:00+00:00,5.004991521797272,,6.541634519303558,False
2014-05-12 07:00:00+00:00,5.9521928055629845,,7.76693925056775,False
2014-05-12 07:30:00+00:00,5.890530382455203,,7.21502846328539,False
2014-05-12 08:00:00+00:00,7.012758812516715,,8.431496858440575,False
2014-05-12 08:30:00+00:00,7.676297539449051,,7.062939288417865,False
2014-05-12 09:00:00+00:00,6.59816683605242,10.68533056133056,9.06046631339894,False
2014-05-12 09:30:00+00:00,6.9613142818935545,10.67933393970894,8.224346139288418,False
2014-05-12 10:00:00+00:00,7.412934313987698,11.298640124740126,7.933453255109764,False
2014-05-12 10:30:00+00:00,6.534398956940358,12.415828066528068,8.836035541256622,False
2014-05-12 11:00:00+00:00,6.679956913613266,11.381683497920998,8.294812452687358,False
2014-05-12 11:30:00+00:00,6.778842738700186,12.160708186070687,9.285835541256622,False
2014-05-12 12:00:00+00:00,7.312541080502808,12.337463461538462,9.609945382286147,False
2014-05-12 12:30:00+00:00,7.44274675046804,12.329531600831602,9.308531188493566,False
2014-05-12 13:00:00+00:00,7.221767825621824,11.38430363825364,10.510074299772898,False
2014-05-12 13:30:00+00:00,7.899844584113398,12.169226377338878,9.557836525359576,False
2014-05-12 14:00:00+00:00,8.07889810109655,11.973179365904366,9.128502119606358,False
2014-05-12 14:30:00+00:00,8.803093688151913,13.659219360706862,9.398288985616956,False
2014-05-12 15:00:00+00:00,8.610297699919764,12.732138331600831,9.926735579106737,False
2014-05-12 15:30:00+00:00,6.996905883926183,12.44691761954262,9.685118660105978,False
2014-05-12 16:00:00+00:00,8.494055924043863,10.516731652806657,8.738188417865253,False
2014-05-12 16:30:00+00:00,7.104159802086119,8.681370841995843,8.460041332323996,False
2014-05-12 17:00:00+00:00,6.128000695373094,8.416413591476093,7.5913757002271,False
2014-05-12 17:30:00+00:00,4.574732415084247,6.283496387733888,6.279399091597274,False
2014-05-12 18:00:00+00:00,3.657759454399572,4.432708965696466,3.7236499242997727,False
2014-05-12 18:30:00+00:00,2.30842417758759,2.764940696465697,2.4663186979560936,False
2014-05-12 19:00:00+00:00,2.047435891949719,3.210144698544698,2.0175289174867523,False
2014-05-12 19:30:00+00:00,1.5311767852366944,2.130034563409564,1.5758234292202875,False
2014-05-12 20:00:00+00:00,1.8368607114201656,2.5757198544698547,1.3840616578349736,False
2014-05-12 20:30:00+00:00,1.6857972987429792,2.4449574064449067,1.3584441332323995,False
2014-05-12 21:00:00+00:00,1.2582048943567798,1.8277463617463616,1.3336691521574564,False
2014-05-12 21:30:00+00:00,1.2293755549612195,1.9537975051975056,1.242390651021953,False
2014-05-12 22:00:00+00:00,1.2026474993313718,1.9315308991683997,1.0943521196063588,False
2014-05-12 22:30:00+00:00,1.193284193634662,1.5704516632016634,1.021908478425435,False
2014-05-12 23:00:00+00:00,1.2188754479807435,1.1814985187110187,1.0037027252081756,False
2014-05-12 23:30:00+00:00,1.24734755282161,1.1814985187110187,0.9958705526116578,False
2014-05-13 00:00:00+00:00,1.1779466167424444,1.2272195166320168,1.0379070401211203,False
2014-05-13 00:30:00+00:00,1.3157039582776144,1.2675912941787943,1.0037027252081756,False
2014-05-13 01:00:00+00:00,1.2061471516448248,1.1814985187110187,1.0037027252081756,False
2014-05-13 01:30:00+00:00,1.2047536774538647,1.197763045738046,1.0037027252081756,False
2014-05-13 02:00:00+00:00,1.1779466167424444,1.1814985187110187,1.0037027252081756,False
2014-05-13 02:30:00+00:00,1.3041380583043594,1.3063781704781707,1.0077431869795608,False
2014-05-13 03:00:00+00:00,1.429143674779353,1.293491476091476,1.0555101438304315,False
2014-05-13 03:30:00+00:00,1.1779466167424444,1.4078283783783785,1.0780855412566237,False
2014-05-13 04:00:00+00:00,1.1779466167424444,1.3300194386694386,1.0037027252081756,False
2014-05-13 04:30:00+00:00,1.1779466167424444,1.1814985187110187,1.0300707797123392,False
2014-05-13 05:00:00+00:00,1.204383498261567,1.316006444906445,1.0511558667676002,False
2014-05-13 05:30:00+00:00,1.3245052955335652,1.7832632276507276,1.0637498485995458,False
2014-05-13 06:00:00+00:00,2.702518159935812,3.999943061330561,2.60663955336866,False
2014-05-13 06:30:00+00:00,4.007987055362396,6.337486798336799,4.488656056018168,False
2014-05-13 07:00:00+00:00,,9.807000051975052,7.921411506434519,False
2014-05-13 07:30:00+00:00,,8.660381834719335,8.250908289174866,False
2014-05-13 08:00:00+00:00,,10.199481990644491,8.595723202119606,False
2014-05-13 08:30:00+00:00,,7.028173024948026,8.97196672975019,False
2014-05-13 09:00:00+00:00,,7.8973838877338896,8.081751476154427,False
2014-05-13 09:30:00+00:00,,10.161039604989606,8.705506434519304,False
2014-05-13 10:00:00+00:00,,10.635610524948026,8.676177706283118,False
2014-05-13 10:30:00+00:00,,11.071120660083162,8.152474224072671,False
2014-05-13 11:00:00+00:00,,11.102665566528067,8.736078501135502,False
2014-05-13 11:30:00+00:00,,10.857020322245322,8.17998849356548,False
2014-05-13 12:00:00+00:00,,11.648952962577964,8.375346517789552,False
2014-05-13 12:30:00+00:00,,12.972794802494802,9.525670249810748,False
2014-05-13 13:00:00+00:00,,12.475259875259876,9.024594095382286,False
2014-05-13 13:30:00+00:00,,12.193048362785865,8.789536373959121,False
2014-05-13 14:00:00+00:00,,11.828560135135136,8.836724943224828,False
2014-05-13 14:30:00+00:00,,12.930930691268191,8.217964875094626,False
2014-05-13 15:00:00+00:00,,12.35943341995842,8.518825586676758,False
2014-05-13 15:30:00+00:00,,13.125858575883576,8.937813701741105,False
2014-05-13 16:00:00+00:00,,10.866889890852391,8.743533535200605,False
2014-05-13 16:30:00+00:00,,8.860083471933473,8.287558402725207,False
2014-05-13 17:00:00+00:00,,7.618259875259876,7.141861657834973,False
2014-05-13 17:30:00+00:00,,5.846860784823285,5.179597728993187,False
2014-05-13 18:00:00+00:00,,3.863651247401248,3.620183459500378,False
2014-05-13 18:30:00+00:00,,2.5875516891891897,2.3847476911430734,False
2014-05-13 19:00:00+00:00,,2.487905717255717,1.76899542013626,False
2014-05-13 19:30:00+00:00,,2.055175181912682,1.5222268735806206,False
2014-05-13 20:00:00+00:00,,1.8392225831600832,1.3639620741862226,False
2014-05-13 20:30:00+00:00,,1.814042775467776,1.3074325132475395,False
2014-05-13 21:00:00+00:00,,2.0272959719334724,1.2215667676003028,False
2014-05-13 21:30:00+00:00,,1.5288645010395012,1.0731371688115063,False
2014-05-13 22:00:00+00:00,,1.5332076923076925,1.0037027252081756,False
2014-05-13 22:30:00+00:00,,1.189123206860707,1.0323250567751705,False
2014-05-13 23:00:00+00:00,,1.2131639812889816,1.0167644965934897,False
2014-05-13 23:30:00+00:00,,1.230883835758836,1.016847728993187,False
2014-05-14 00:00:00+00:00,,1.1814985187110187,1.0037027252081756,False
2014-05-14 00:30:00+00:00,,1.1814985187110187,1.0037027252081756,False
2014-05-14 01:00:00+00:00,,1.1814985187110187,1.0214738077214232,False
2014-05-14 01:30:00+00:00,,1.1814985187110187,1.0122047312641935,False
2014-05-14 02:00:00+00:00,,1.3332116424116427,1.0248359576078727,False
2014-05-14 02:30:00+00:00,,1.4438178534303536,1.0037027252081756,False
2014-05-14 03:00:00+00:00,,1.2655398648648648,1.0037027252081756,False
2014-05-14 03:30:00+00:00,,1.3397473752598752,1.0188932248296745,False
2014-05-14 04:00:00+00:00,,1.2288108887733888,1.0037027252081756,False
2014-05-14 04:30:00+00:00,,1.4046986746361747,1.0702099545798638,False
2014-05-14 05:00:00+00:00,,1.4352112785862787,1.0181004542013623,False
2014-05-14 05:30:00+00:00,,3.0520306133056136,1.770081037093111,False
2014-05-14 06:00:00+00:00,,4.561931003118503,3.642398372445117,False
2014-05-14 06:30:00+00:00,,5.9685510135135145,5.18570181680545,False
2014-05-14 07:00:00+00:00,,10.159829937629938,7.133945987887964,False
2014-05-14 07:30:00+00:00,5.252081759828831,8.02982577962578,7.484814647993944,False
2014-05-14 08:00:00+00:00,4.249121610056165,9.824384069646571,7.220931188493565,False
2014-05-14 08:30:00+00:00,6.688234715164482,7.986011564449066,8.206895609386828,False
2014-05-14 09:00:00+00:00,6.350877320139075,6.147882848232849,8.068094965934899,False
2014-05-14 09:30:00+00:00,6.830173067665151,9.43935012993763,8.225333724451174,False
2014-05-14 10:00:00+00:00,6.680544905054827,11.162981211018712,8.573784897804693,False
2014-05-14 10:30:00+00:00,4.522243434073282,11.651682172557171,8.468363701741104,False
2014-05-14 11:00:00+00:00,6.3475371489703125,11.006524272349274,8.493676419379257,False
2014-05-14 11:30:00+00:00,6.85722364268521,10.435521673596677,8.760611430734292,False
2014-05-14 12:00:00+00:00,6.448206953730944,10.989910317047816,7.75803508705526,False
2014-05-14 12:30:00+00:00,6.847204760631184,11.696357172557176,7.397287130961391,False
2014-05-14 13:00:00+00:00,6.483312837657127,10.51917177754678,9.027296101438305,False
2014-05-14 13:30:00+00:00,6.7826146295801015,10.789431964656966,8.878575435276305,False
2014-05-14 14:00:00+00:00,5.63864592136935,10.9200479989605,8.352027668433005,False
2014-05-14 14:30:00+00:00,6.95077908531693,11.973199766112266,8.854545647236941,False
2014-05-14 15:00:00+00:00,4.207328483551752,11.902823440748442,8.412453936411808,False
2014-05-14 15:30:00+00:00,7.286054453062316,12.151218970893972,8.589375208175625,False
2014-05-14 16:00:00+00:00,4.757739636266382,10.244715774428276,8.194125397426193,False
2014-05-14 16:30:00+00:00,6.678844075956138,10.12132104989605,8.521934178652536,False
2014-05-14 17:00:00+00:00,5.428585450655256,7.500800987525989,6.823550757002271,False
2014-05-14 17:30:00+00:00,3.956775100294197,6.104975545738046,4.892388947766842,False
2014-05-14 18:00:00+00:00,2.764640652580904,4.716177780665281,3.1855806964420887,False
2014-05-14 18:30:00+00:00,1.8895405188553087,3.747546335758836,2.1121933762301284,False
2014-05-14 19:00:00+00:00,1.6043968975661942,2.0692948284823287,1.519501778955337,False
2014-05-14 19:30:00+00:00,1.2760922706606044,2.422629651767152,1.5053496214988642,False
2014-05-14 20:00:00+00:00,1.4016059106713024,2.149718217255717,1.4097306207418625,False
2014-05-14 20:30:00+00:00,1.2592732281358652,2.222358316008316,1.2709175624526872,False
2014-05-14 21:00:00+00:00,1.3776187750735491,1.6227996361746362,1.2061987509462528,False
2014-05-14 21:30:00+00:00,1.3735548809842204,1.3015653586278588,1.032345117335352,False
2014-05-14 22:00:00+00:00,1.2954025140411871,1.399167047817048,1.152286941710825,False
2014-05-14 22:30:00+00:00,1.1779466167424444,1.2551914760914762,1.1345320968962906,False
2014-05-14 23:00:00+00:00,1.1779466167424444,1.2810551195426196,1.0318103709311126,False
2014-05-14 23:30:00+00:00,1.1779466167424444,1.3427769750519751,1.180092581377744,False
2014-05-15 00:00:00+00:00,1.26702717304092,1.7638489085239086,1.0258170325510976,False
2014-05-15 00:30:00+00:00,1.1974431398769725,1.637560550935551,1.1368192657077971,False
2014-05-15 01:00:00+00:00,1.1779466167424444,1.6956515592515593,1.0992449659348975,False
2014-05-15 01:30:00+00:00,1.2522648836587322,1.342970893970894,1.0633570401211203,False
2014-05-15 02:00:00+00:00,1.2274156458946242,1.349564864864865,1.031863550340651,False
2014-05-15 02:30:00+00:00,1.2711363198716237,1.8151764812889808,1.0201492051476155,False
2014-05-15 03:00:00+00:00,1.2005279219042526,1.4896359667359669,1.0223573429220287,False
2014-05-15 03:30:00+00:00,1.2299842471248996,1.420698674636175,1.1074177895533686,False
2014-05-15 04:00:00+00:00,1.2850983952928592,1.482429183991684,1.0890320968962908,False
2014-05-15 04:30:00+00:00,1.1951871890879917,1.5280839656964658,1.2679152157456473,False
2014-05-15 05:00:00+00:00,1.2768847285370422,2.25701353950104,1.4628419379258135,False
2014-05-15 05:30:00+00:00,2.068903182669163,3.56722273908524,2.555745874337623,False
2014-05-15 06:00:00+00:00,3.616202594276545,5.193730275467775,4.409783459500378,False
2014-05-15 06:30:00+00:00,4.383422171703664,5.2724269490644495,5.895503482210447,False
2014-05-15 07:00:00+00:00,4.842562717304092,9.887099636174636,7.302293981831944,False
2014-05-15 07:30:00+00:00,5.601861594009093,9.898251403326404,8.031316275548827,False
2014-05-15 08:00:00+00:00,5.010750361059106,10.11640311850312,7.1123758894776685,False
2014-05-15 08:30:00+00:00,5.270496228938219,10.066540956340958,7.60794307342922,False
2014-05-15 09:00:00+00:00,7.917309200320941,8.895486460498962,8.204101438304315,False
2014-05-15 09:30:00+00:00,6.438000133725595,10.309489215176717,8.215691710825132,False
2014-05-15 10:00:00+00:00,5.910670901310511,10.11333206860707,8.222680242240726,False
2014-05-15 10:30:00+00:00,7.126129446376037,10.097881600831602,8.297153671461015,False
2014-05-15 11:00:00+00:00,6.606676598020861,9.951476611226612,7.854698107494323,False
2014-05-15 11:30:00+00:00,6.266381224926451,10.52131431912682,8.729494852384557,False
2014-05-15 12:00:00+00:00,6.169768146563253,10.391155405405406,8.667497274791824,False
2014-05-15 12:30:00+00:00,7.185636533832575,10.52189838877339,9.63996782740348,False
2014-05-15 13:00:00+00:00,6.486415324953196,11.5881158004158,9.26138145344436,False
2014-05-15 13:30:00+00:00,6.8386360791655525,11.810126351351352,8.504500794852383,False
2014-05-15 14:00:00+00:00,6.961333324418295,10.09498957900208,8.13348879636639,False
2014-05-15 14:30:00+00:00,4.39289644289917,11.30740298856549,7.724402271006813,False
2014-05-15 15:00:00+00:00,6.261879245787644,10.5709553014553,8.90496514004542,False
2014-05-15 15:30:00+00:00,5.069112115538915,11.196087474012474,9.109293641180924,False
2014-05-15 16:00:00+00:00,7.485286226263708,9.793415306652808,7.531286714610143,False
2014-05-15 16:30:00+00:00,7.203577507354908,8.943990124740127,8.080239515518546,False
2014-05-15 17:00:00+00:00,5.160717143621289,7.188255821205821,6.356720514761544,False
2014-05-15 17:30:00+00:00,3.5814157261299817,5.816802780665281,5.032696820590462,False
2014-05-15 18:00:00+00:00,2.330053677453865,4.156211798336798,3.1373963285389856,False
2014-05-15 18:30:00+00:00,2.141971436212891,2.837044568607069,2.201517221801665,False
2014-05-15 19:00:00+00:00,1.7422252741374695,2.6945582380457385,1.7406366010598031,False
2014-05-15 19:30:00+00:00,1.2416455469376837,2.346738175675676,1.326670931112793,False
2014-05-15 20:00:00+00:00,1.327433939556031,1.936175233887734,1.406489364118092,False
2014-05-15 20:30:00+00:00,1.2010480074886334,1.7233583679833682,1.2577284254352763,False
2014-05-15 21:00:00+00:00,1.4483143888740304,1.2534529106029106,1.135380052990159,False
2014-05-15 21:30:00+00:00,1.3416534100026745,1.3277951663201664,1.2171641559424675,False
2014-05-15 22:00:00+00:00,1.241237336186146,1.441037707900208,1.1738004542013625,False
2014-05-15 22:30:00+00:00,1.2692111794597487,1.532758445945946,1.1297190007570022,False
2014-05-15 23:00:00+00:00,1.2201004011767853,1.514288305613306,1.043129788039364,False
2014-05-15 23:30:00+00:00,1.2302113934207006,1.456205691268191,1.0372668811506434,False
2014-05-16 00:00:00+00:00,1.30255787643755,1.474004911642412,1.1881881907645722,False
2014-05-16 00:30:00+00:00,1.3353648034233752,1.5123223232848235,1.084777100681302,False
2014-05-16 01:00:00+00:00,1.1779466167424444,1.7240312110187113,1.2102274791824377,False
2014-05-16 01:30:00+00:00,1.271649104038513,1.4178761694386697,1.0600395155185465,False
2014-05-16 02:00:00+00:00,1.197676491040385,1.4823862006237007,1.103248485995458,False
2014-05-16 02:30:00+00:00,1.19669347419096,1.4874331340956342,1.0771736184708554,False
2014-05-16 03:00:00+00:00,1.2175386466969778,1.5510260395010398,1.0635305828917485,False
2014-05-16 03:30:00+00:00,1.1779466167424444,1.520285031185031,1.0202140045420136,False
2014-05-16 04:00:00+00:00,1.2215987964696442,1.2682973492723495,1.05347558667676,False
2014-05-16 04:30:00+00:00,1.349862556833378,1.8201130457380457,1.249985957607873,False
2014-05-16 05:00:00+00:00,1.237767691896229,2.109536642411643,1.7379948523845572,False
2014-05-16 05:30:00+00:00,2.078201497726665,3.5754081600831604,2.792700075700227,False
2014-05-16 06:00:00+00:00,3.27605244717839,4.433066813929314,4.222059765329296,False
2014-05-16 06:30:00+00:00,3.892779165552287,6.233077364864865,5.628252725208175,False
2014-05-16 07:00:00+00:00,4.779997619684408,9.427892593555097,6.668496782740348,False
2014-05-16 07:30:00+00:00,6.665384434340733,9.166294646569648,7.560230431491294,False
2014-05-16 08:00:00+00:00,6.328772345546938,8.44022079002079,7.059041408024224,False
2014-05-16 08:30:00+00:00,6.048021770526879,7.364090826403326,7.685398864496593,False
2014-05-16 09:00:00+00:00,7.867482695907998,9.820305535343037,7.642747388342165,False
2014-05-16 09:30:00+00:00,6.424448194704466,9.91637611746362,7.591700264950794,False
2014-05-16 10:00:00+00:00,6.33639237764108,10.129586304573806,8.168066048448145,False
2014-05-16 10:30:00+00:00,6.763299010430597,9.504968243243244,6.968246782740348,False
2014-05-16 11:00:00+00:00,7.6342164215030754,10.250577962577964,7.744160787282362,False
2014-05-16 11:30:00+00:00,6.528699010430596,10.392358186070688,7.997220174110522,False
2014-05-16 12:00:00+00:00,6.863000053490239,11.020940072765072,8.470208554125662,False
2014-05-16 12:30:00+00:00,5.794865926718374,10.770550363825365,9.138837698713097,False
2014-05-16 13:00:00+00:00,6.602952607649104,11.32446114864865,9.749652308856929,False
2014-05-16 13:30:00+00:00,6.124537336186146,11.42352752079002,8.652055109765328,False
2014-05-16 14:00:00+00:00,7.385106445573682,11.586520114345117,8.245732551097653,False
2014-05-16 14:30:00+00:00,6.914911045734153,10.536099636174637,8.854206207418622,False
2014-05-16 15:00:00+00:00,5.0371606311848085,9.856375467775468,8.118337547312642,False
2014-05-16 15:30:00+00:00,5.853638994383525,11.33300155925156,7.547436411809235,False
2014-05-16 16:00:00+00:00,5.542611874832843,10.776453976091478,8.113532096896291,False
2014-05-16 16:30:00+00:00,5.6089008023535705,9.390073102910604,7.204845041635124,False
2014-05-16 17:00:00+00:00,3.423678015512169,7.812190904365905,6.5129016654049945,False
2014-05-16 17:30:00+00:00,3.4432245252741374,6.547076481288982,4.957253330809992,False
2014-05-16 18:00:00+00:00,2.749884113399305,4.5692254677754685,3.119750946252838,False
2014-05-16 18:30:00+00:00,1.5831447713292324,3.518398128898129,2.3832554125662377,False
2014-05-16 19:00:00+00:00,1.4613052420433272,2.671924480249481,1.5898499621498865,False
2014-05-16 19:30:00+00:00,1.2950229473121155,2.56757487006237,1.3962732399697195,False
2014-05-16 20:00:00+00:00,1.601120272800214,1.8028886174636172,1.345382664647994,False
2014-05-16 20:30:00+00:00,1.2851550682000534,2.19552435031185,1.0510958364875094,False
2014-05-16 21:00:00+00:00,1.496186654185611,1.4272132796257797,1.3408123769871307,False
2014-05-16 21:30:00+00:00,1.2284089863599892,1.298072687110187,1.1595747918243753,False
2014-05-16 22:00:00+00:00,1.245447980743514,1.1847704002079005,1.1346070779712338,False
2014-05-16 22:30:00+00:00,1.2298039047873763,1.5324366943866945,1.185432059046177,False
2014-05-16 23:00:00+00:00,1.2549784969243112,1.33551696985447,1.1124342165026495,False
2014-05-16 23:30:00+00:00,1.4208756886868146,1.2077387733887734,1.011638720666162,False
2014-05-17 00:00:00+00:00,1.183059454399572,1.4233738825363826,1.0475700984102951,False
2014-05-17 00:30:00+00:00,1.180752340197914,1.5760790020790023,1.0689604844814533,False
2014-05-17 01:00:00+00:00,1.506415324953196,1.6513549636174638,1.2145478803936411,False
2014-05-17 01:30:00+00:00,1.4193706606044398,1.3324222453222454,1.05109307342922,False
2014-05-17 02:00:00+00:00,1.2198263974324686,1.4123364085239087,1.1844679788039365,False
2014-05-17 02:30:00+00:00,1.1779466167424444,1.3059437629937631,1.0298432248296745,False
2014-05-17 03:00:00+00:00,1.2217756619416955,1.4453639033264034,1.028222482967449,False
2014-05-17 03:30:00+00:00,1.2355985557635731,1.398296075883576,1.1392694928084786,False
2014-05-17 04:00:00+00:00,1.1779466167424444,1.7195314968814968,1.0082580999242998,False
2014-05-17 04:30:00+00:00,1.1994716501738432,1.4119122920997922,1.0037027252081756,False
2014-05-17 05:00:00+00:00,1.2261416154051883,1.5457079261954263,1.280334405753217,False
2014-05-17 05:30:00+00:00,1.7691623963626637,3.313519230769231,2.379551703255109,False
2014-05-17 06:00:00+00:00,3.137044182936614,5.336327546777547,3.956735579106737,False
2014-05-17 06:30:00+00:00,4.00324757956673,3.9641384095634105,5.018282361847086,False
2014-05-17 07:00:00+00:00,5.284912917892484,8.160321855509356,5.581041332323997,False
2014-05-17 07:30:00+00:00,4.846896014977267,8.732195504158005,6.472356775170325,False
2014-05-17 08:00:00+00:00,5.687229339395561,9.673316943866944,6.333559159727479,False
2014-05-17 08:30:00+00:00,3.9794179994650976,8.60578523908524,7.493450378501135,False
2014-05-17 09:00:00+00:00,6.000713158598555,9.99377915800416,6.40910874337623,False
2014-05-17 09:30:00+00:00,6.531351323883391,10.296803898128898,7.946397426192279,False
2014-05-17 10:00:00+00:00,5.512492939288579,9.433147193347194,6.667503822861468,False
2014-05-17 10:30:00+00:00,5.678802701257021,9.712426975051976,6.972990499621499,False
2014-05-17 11:00:00+00:00,5.122838272265311,9.496808575883575,7.600304617713853,False
2014-05-17 11:30:00+00:00,5.388127654453062,10.201298232848233,7.67304031037093,False
2014-05-17 12:00:00+00:00,5.714964375501471,11.191645400207902,7.483884784254352,False
2014-05-17 12:30:00+00:00,6.0440798876705,11.202199896049898,7.173617221801664,False
2014-05-17 13:00:00+00:00,5.780571569938486,11.166359875259875,8.378129371688114,False
2014-05-17 13:30:00+00:00,4.762462717304092,10.873287084199584,6.863348978046933,False
2014-05-17 14:00:00+00:00,6.130771623428725,9.969449454261955,8.075739629068886,False
2014-05-17 14:30:00+00:00,5.071093286975127,9.900668113305612,7.493115897047691,False
2014-05-17 15:00:00+00:00,5.797161620754212,11.131035057172555,6.654625473126418,False
2014-05-17 15:30:00+00:00,5.1319705001337255,10.773560940748444,7.271347501892506,False
2014-05-17 16:00:00+00:00,4.408919978603905,8.724641761954263,6.484758932626797,False
2014-05-17 16:30:00+00:00,4.217859374164215,9.321938565488566,6.071208819076458,False
2014-05-17 17:00:00+00:00,4.5924607916555225,7.326939293139293,5.536162869038606,False
2014-05-17 17:30:00+00:00,3.374505349023803,6.24769248960499,4.1887657456472365,False
2014-05-17 18:00:00+00:00,2.556291361326558,4.587415332640333,2.6819123391370177,False
2014-05-17 18:30:00+00:00,1.9232109120085583,3.5365436330561333,2.1368777441332325,False
2014-05-17 19:00:00+00:00,1.2769725595078898,3.13413011954262,1.5819484481453443,False
2014-05-17 19:30:00+00:00,1.1779466167424444,2.442625649688149,1.536028349735049,False
2014-05-17 20:00:00+00:00,1.1841385932067396,1.918447427234928,1.3564261922785767,False
2014-05-17 20:30:00+00:00,1.503831987162343,2.2717000779625782,1.2104943224829674,False
2014-05-17 21:00:00+00:00,1.2982442096817333,1.926306808731809,1.1350358819076456,False
2014-05-17 21:30:00+00:00,1.3318885530890612,1.2330137474012477,1.071665329295988,False
2014-05-17 22:00:00+00:00,1.43496956405456,1.1814985187110187,1.1304056775170324,False
2014-05-17 22:30:00+00:00,1.37839646964429,1.3914530925155926,1.010623732021196,False
2014-05-17 23:00:00+00:00,1.3551772131585986,1.198981548856549,1.0037027252081756,False
2014-05-17 23:30:00+00:00,1.2846763305696711,1.2760236746361748,1.037687774413323,False
2014-05-18 00:00:00+00:00,1.1779466167424444,1.4162775987525988,1.0037027252081756,False
2014-05-18 00:30:00+00:00,1.1779466167424444,1.4307017671517672,1.0037027252081756,False
2014-05-18 01:00:00+00:00,1.181413265579032,1.677198128898129,1.1069420514761543,False
2014-05-18 01:30:00+00:00,1.2439838994383523,1.20346211018711,1.0163197199091596,False
2014-05-18 02:00:00+00:00,1.1779466167424444,1.2774672037422037,1.0037027252081756,False
2014-05-18 02:30:00+00:00,1.1888776945707409,1.2987806392931396,1.0037027252081756,False
2014-05-18 03:00:00+00:00,1.1939668895426585,1.7506604729729731,1.0037027252081756,False
2014-05-18 03:30:00+00:00,1.1800106980476064,1.4565068607068608,1.0037027252081756,False
2014-05-18 04:00:00+00:00,1.1779466167424444,1.4836085758835758,1.0020531794095382,False
2014-05-18 04:30:00+00:00,1.1908700454667025,1.4704596673596677,1.0547441710825132,False
2014-05-18 05:00:00+00:00,1.2947742979406258,1.6882337577962578,1.0914911052233156,False
2014-05-18 05:30:00+00:00,1.363397940625836,2.07724132016632,1.9335149129447389,False
2014-05-18 06:00:00+00:00,2.844847338860658,5.253639994802495,3.496922104466313,False
2014-05-18 06:30:00+00:00,2.058539288579834,3.432514345114346,3.857664496593489,False
2014-05-18 07:00:00+00:00,3.172091682267986,5.220858367983368,3.692016994700984,False
2014-05-18 07:30:00+00:00,2.6003743246857445,7.046284303534304,5.287936828160484,False
2014-05-18 08:00:00+00:00,3.717131773201391,6.81614831081081,4.861251551854655,False
2014-05-18 08:30:00+00:00,4.432766809307301,8.155812941787943,5.246084973504921,False
2014-05-18 09:00:00+00:00,4.21146386734421,8.175618866943866,5.21150246025738,False
2014-05-18 09:30:00+00:00,5.248701711687617,9.425708004158004,6.279726154428463,False
2014-05-18 10:00:00+00:00,4.29382746723723,9.39817577962578,6.538467373202119,False
2014-05-18 10:30:00+00:00,4.714222760096282,9.300926585239086,6.903934935654807,False
2014-05-18 11:00:00+00:00,5.058905696710351,8.82797726091476,6.335607229371687,False
2014-05-18 11:30:00+00:00,4.24127828296336,10.444329365904366,6.96290927327782,False
2014-05-18 12:00:00+00:00,5.580658250869216,9.632992801455302,6.954661052233156,False
2014-05-18 12:30:00+00:00,4.907813452794866,9.87249243762994,6.614570249810749,False
2014-05-18 13:00:00+00:00,5.061920486761166,9.263292801455302,7.218084292202877,False
2014-05-18 13:30:00+00:00,4.421723669430329,9.126546465696466,6.656613777441332,False
2014-05-18 14:00:00+00:00,4.209024498529018,10.019407796257797,5.582107645722936,False
2014-05-18 14:30:00+00:00,4.624367477935277,9.426446647609149,6.758605185465556,False
2014-05-18 15:00:00+00:00,4.872500240706071,8.28452221933472,5.577839023467071,False
2014-05-18 15:30:00+00:00,4.285329740572346,7.779915618503119,6.878766464799394,False
2014-05-18 16:00:00+00:00,3.987701577962022,9.018059303534304,5.552695987887963,False
2014-05-18 16:30:00+00:00,4.551874110724793,8.20463892931393,4.735172066616199,False
2014-05-18 17:00:00+00:00,2.7723418828563786,7.172197609147609,4.225423807721423,False
2014-05-18 17:30:00+00:00,2.531825327627708,5.56940382016632,3.178149810749432,False
2014-05-18 18:00:00+00:00,1.9542296068467504,4.120116865904365,2.254011771385314,False
2014-05-18 18:30:00+00:00,1.6162680128376572,3.5093893711018715,1.8326651778955336,False
2014-05-18 19:00:00+00:00,1.2095235357047338,2.4115499480249487,1.5298249810749431,False
2014-05-18 19:30:00+00:00,1.4153695373094408,2.032398570686071,1.5862367524602572,False
2014-05-18 20:00:00+00:00,1.4062325755549612,1.878038123700624,1.406818281604845,False
2014-05-18 20:30:00+00:00,1.2099770259427656,2.0920323544698545,1.0800386071158212,False
2014-05-18 21:00:00+00:00,1.3720096549879648,1.6435891891891894,1.0800187358062074,False
2014-05-18 21:30:00+00:00,1.4052265579031826,1.7621747401247403,1.0128246782740349,False
2014-05-18 22:00:00+00:00,1.4135994116073818,1.6223270790020792,1.0037027252081756,False
2014-05-18 22:30:00+00:00,1.1812839796737096,1.4638263773388775,0.9993609008327023,False
2014-05-18 23:00:00+00:00,1.2792944370152448,1.3336819126819128,1.1014715745647237,False
2014-05-18 23:30:00+00:00,1.1779466167424444,1.5856561330561334,1.028670022710068,False
2014-05-19 00:00:00+00:00,1.2265637603637336,1.473735576923077,1.0154591597274791,False
2014-05-19 00:30:00+00:00,1.2248892217170364,1.7967729469854472,1.0037027252081756,False
2014-05-19 01:00:00+00:00,1.1779466167424444,1.5221893451143451,1.0037027252081756,False
2014-05-19 01:30:00+00:00,1.1779466167424444,1.481273050935551,1.0332701362604086,False
2014-05-19 02:00:00+00:00,1.2078043594543997,1.2763806392931394,1.0037027252081756,False
2014-05-19 02:30:00+00:00,1.1878971650173844,1.3982480249480251,1.0037027252081756,False
2014-05-19 03:00:00+00:00,1.1983244717838994,1.7256370322245322,1.0037027252081756,False
2014-05-19 03:30:00+00:00,1.247620834447713,1.6868256237006236,1.0037027252081756,False
2014-05-19 04:00:00+00:00,1.1779466167424444,1.65400906964657,1.0037027252081756,False
2014-05-19 04:30:00+00:00,1.1779466167424444,1.521985680873181,1.0037027252081756,False
2014-05-19 05:00:00+00:00,1.1979179459748597,1.2412366424116426,1.014774640423921,False
2014-05-19 05:30:00+00:00,1.2502012035303556,2.27835446985447,1.6176287660862982,False
2014-05-19 06:00:00+00:00,2.5982159133458143,4.811308367983369,2.933409765329296,False
2014-05-19 06:30:00+00:00,2.2701251939021123,3.158383965696466,2.770520136260409,False
2014-05-19 07:00:00+00:00,3.3012269323348487,5.268654911642412,4.478393906131719,False
2014-05-19 07:30:00+00:00,2.48766493714897,7.230796933471934,3.749066919000757,False
2014-05-19 08:00:00+00:00,4.413998555763572,9.008325051975053,5.739396366389099,False
2014-05-19 08:30:00+00:00,4.976893046269057,8.830563071725571,5.595835200605601,False
2014-05-19 09:00:00+00:00,4.598900962824284,9.29908562889813,5.7758355791067375,False
2014-05-19 09:30:00+00:00,3.325123803155924,8.879906288981289,5.417473391370174,False
2014-05-19 10:00:00+00:00,4.165825996255683,8.976903950103951,5.988191294473884,False
2014-05-19 10:30:00+00:00,4.560846857448516,9.645160914760917,6.2085126040878125,False
2014-05-19 11:00:00+00:00,4.988391361326559,9.467445296257797,6.267609841029523,False
2014-05-19 11:30:00+00:00,5.364920058839261,9.60730472972973,5.961114572293717,False
2014-05-19 12:00:00+00:00,4.466880529553357,9.532033134095634,5.810780734292202,False
2014-05-19 12:30:00+00:00,4.374916448248195,9.282229651767151,6.225727024981075,False
2014-05-19 13:00:00+00:00,3.335005482749398,8.807934693347194,5.65759201362604,False
2014-05-19 13:30:00+00:00,5.69319213693501,9.848747271309772,6.252698183194549,False
2014-05-19 14:00:00+00:00,5.24967012570206,9.328042307692307,5.041925889477668,False
2014-05-19 14:30:00+00:00,3.664090826424177,9.053994152806654,5.906537547312642,False
2014-05-19 15:00:00+00:00,3.2001197913880715,7.7092081081081085,5.846568622255866,False
2014-05-19 15:30:00+00:00,4.470219577427119,8.183406366943867,5.4156116578349724,False
2014-05-19 16:00:00+00:00,2.710299304626905,6.611433731808732,4.442596366389099,False
2014-05-19 16:30:00+00:00,3.102634955870553,6.171642307692308,3.6334743376230128,False
2014-05-19 17:00:00+00:00,2.7574548542391013,4.76850803014553,2.8325768735806207,False
2014-05-19 17:30:00+00:00,1.8651206739769992,4.409076533264034,2.588502687358062,False
2014-05-19 18:00:00+00:00,1.4139533565124365,3.2598934511434514,1.8747638531415596,False
2014-05-19 18:30:00+00:00,1.5134971382722653,2.952027728690229,1.942955980317941,False
2014-05-19 19:00:00+00:00,1.4624921636801285,2.6924215176715176,1.5848151021953063,False
2014-05-19 19:30:00+00:00,1.3670094142818936,2.526810291060291,1.3785075321725966,False
2014-05-19 20:00:00+00:00,1.548294891682268,2.70802512993763,1.4052411809235428,False
2014-05-19 20:30:00+00:00,1.1969737897833646,2.257664137214137,1.2633201741105222,False
2014-05-19 21:00:00+00:00,1.1978736025675314,2.224676767151767,1.2471672218016654,False
2014-05-19 21:30:00+00:00,1.4657058571810644,2.2622488045738045,1.142741143073429,False
2014-05-19 22:00:00+00:00,1.4839336988499598,2.0107226871101878,1.0258170325510976,False
2014-05-19 22:30:00+00:00,1.231196576624766,1.865920192307692,1.0052212717638151,False
2014-05-19 23:00:00+00:00,1.4177245252741375,2.0023235706860705,1.014783762301287,False
2014-05-19 23:30:00+00:00,1.3589905589729872,2.009948570686071,1.0079433005299014,False
2014-05-20 00:00:00+00:00,1.296284701791923,1.6298410602910602,1.1291983724451171,False
2014-05-20 00:30:00+00:00,1.2008838726932334,1.7159686850311855,1.073786866010598,False
2014-05-20 01:00:00+00:00,1.1779466167424444,1.4780453742203743,1.019972218016654,False
2014-05-20 01:30:00+00:00,1.5811742711955068,1.847925571725572,1.0877521196063586,False
2014-05-20 02:00:00+00:00,1.240855870553624,2.000710187110187,1.104055639666919,False
2014-05-20 02:30:00+00:00,1.213597860390479,2.0393994022869024,1.0844223694171082,False
2014-05-20 03:00:00+00:00,1.2695653918159937,1.852986512474013,1.047192240726722,False
2014-05-20 03:30:00+00:00,1.2824110189890343,1.8797275207900208,1.0059584027252082,False
2014-05-20 04:00:00+00:00,1.1896335918694838,1.6394535343035344,1.057406472369417,False
2014-05-20 04:30:00+00:00,1.1927139342070072,1.847831886694387,1.0367600302800908,False
2014-05-20 05:00:00+00:00,1.1779466167424444,1.911179755717256,1.1849022331566994,False
2014-05-20 05:30:00+00:00,1.336603209414282,2.625430795218296,1.91589008327025,False
2014-05-20 06:00:00+00:00,2.008706499063921,5.142089760914762,2.8249043527630584,False
2014-05-20 06:30:00+00:00,2.4315231612730672,5.964183523908524,3.695928955336866,False
2014-05-20 07:00:00+00:00,1.8939481679593475,4.162107796257796,3.994494700984103,False
2014-05-20 07:30:00+00:00,3.770920700722118,8.049830171517673,4.611485427706283,False
2014-05-20 08:00:00+00:00,3.653004412944637,7.372622427234928,4.337067600302801,False
2014-05-20 08:30:00+00:00,2.68844565391816,7.883302858627859,4.386112566237698,False
2014-05-20 09:00:00+00:00,3.5931259427654454,7.3130417619542625,4.45696930355791,False
2014-05-20 09:30:00+00:00,3.9332808504947847,9.149597531185032,4.931801703255109,False
2014-05-20 10:00:00+00:00,3.613709039850228,9.75333102910603,5.306400340651022,False
2014-05-20 10:30:00+00:00,2.4923880984220377,9.116221231808732,4.8236239591218775,False
2014-05-20 11:00:00+00:00,3.7050105910671305,8.577791683991684,4.956740158970477,False
2014-05-20 11:30:00+00:00,1.9533525274137469,8.699733082120584,4.588821953065859,False
2014-05-20 12:00:00+00:00,2.734259026477668,7.295193711018713,3.8813959500378497,False
2014-05-20 12:30:00+00:00,3.688859400909334,8.343488877338878,4.568775359576078,False
2014-05-20 13:00:00+00:00,3.488824150842471,8.403663097713098,4.656436941710825,False
2014-05-20 13:30:00+00:00,2.1827146563252207,8.581742671517672,4.212505147615442,False
2014-05-20 14:00:00+00:00,4.148541775875902,9.30549378898129,5.332527592732778,False
2014-05-20 14:30:00+00:00,2.7087277346884195,8.26505109147609,3.788947728993187,False
2014-05-20 15:00:00+00:00,2.382029045199251,8.402261356548857,4.538857494322483,False
2014-05-20 15:30:00+00:00,3.587325862530088,7.546623492723493,2.7483570779712334,False
2014-05-20 16:00:00+00:00,2.87430189890345,6.223225103950105,2.8785119984859957,False
2014-05-20 16:30:00+00:00,2.7218377641080505,5.553106730769232,3.616306775170325,False
2014-05-20 17:00:00+00:00,2.3587008023535705,4.802200467775468,2.489650908402725,False
2014-05-20 17:30:00+00:00,1.6167295533565125,3.8136867463617463,2.07225117335352,False
2014-05-20 18:00:00+00:00,1.256200240706071,3.825506262993763,1.9140612036336109,False
2014-05-20 18:30:00+00:00,1.1880890612463226,3.3227123440748443,1.7254748296744888,False
2014-05-20 19:00:00+00:00,1.4350063385932066,2.8756578482328488,1.770794095382286,False
2014-05-20 19:30:00+00:00,1.2989630382455202,2.6063655665280665,1.557883345950038,False
2014-05-20 20:00:00+00:00,1.2626809842203797,2.543027442827443,1.4108649129447386,False
2014-05-20 20:30:00+00:00,1.2926576089863602,2.360641735966736,1.1828483345950038,False
2014-05-20 21:00:00+00:00,1.268481599358117,2.0791491164241167,1.5238437168811505,False
2014-05-20 21:30:00+00:00,1.3823484621556563,2.239521647609148,1.1606393262679788,False
2014-05-20 22:00:00+00:00,1.1947215833110456,1.9601365124740129,1.3477071915215744,False
2014-05-20 22:30:00+00:00,1.2009469376838726,2.0827597713097714,1.294469947009841,False
2014-05-20 23:00:00+00:00,2.1764528483551757,2.2460245582120586,1.1112561695685086,False
2014-05-20 23:30:00+00:00,1.2245858518320405,1.999483835758836,1.0844566616199849,False
2014-05-21 00:00:00+00:00,1.1779466167424444,2.178642671517672,1.0037027252081756,False
2014-05-21 00:30:00+00:00,1.1779466167424444,1.724614501039501,1.159765632096896,False
2014-05-21 01:00:00+00:00,1.1779466167424444,1.3216780665280667,1.0037027252081756,False
2014-05-21 01:30:00+00:00,1.1897431398769724,1.3812076663201664,1.136678614685844,False
2014-05-21 02:00:00+00:00,1.239271061781225,1.1814985187110187,1.1519492808478424,False
2014-05-21 02:30:00+00:00,1.251671516448248,1.3902113045738047,1.0967458364875091,False
2014-05-21 03:00:00+00:00,1.1779466167424444,1.1814985187110187,1.0037027252081756,False
2014-05-21 03:30:00+00:00,1.1779466167424444,1.1814985187110187,1.0037027252081756,False
2014-05-21 04:00:00+00:00,1.986976571275742,1.4660929573804575,0.9998918622255866,False
2014-05-21 04:30:00+00:00,1.1779466167424444,1.2480351871101871,1.0037027252081756,False
2014-05-21 05:00:00+00:00,1.1779466167424444,1.188045893970894,1.0341926570779711,False
2014-05-21 05:30:00+00:00,1.5783925648569137,1.4089819646569646,1.1096564345193036,False
2014-05-21 06:00:00+00:00,1.5258875367745386,1.319572323284823,1.1589232399697198,False
2014-05-21 06:30:00+00:00,1.8018852634394225,1.567554651767152,1.103752687358062,False
2014-05-21 07:00:00+00:00,1.301991709013105,2.3925449584199585,1.595943830431491,False
2014-05-21 07:30:00+00:00,1.3502470446643486,1.4304930613305615,1.3655643451930355,False
2014-05-21 08:00:00+00:00,1.409939315324953,2.787790098752599,2.4208504542013625,False
2014-05-21 08:30:00+00:00,3.9169894891682255,6.809444906444908,4.022328917486752,False
2014-05-21 09:00:00+00:00,4.345599812784167,7.421988955301455,5.274111052233155,False
2014-05-21 09:30:00+00:00,5.220601337255951,7.317502598752599,5.80925757002271,False
2014-05-21 10:00:00+00:00,5.409982722653115,7.178635576923078,5.754923618470856,False
2014-05-21 10:30:00+00:00,4.086603396630115,6.8297814189189205,5.2549528766086295,False
2014-05-21 11:00:00+00:00,4.184600481412142,7.2443624480249476,4.8501705904617705,False
2014-05-21 11:30:00+00:00,3.6445547472586255,5.162899194386694,4.17935287660863,False
2014-05-21 12:00:00+00:00,3.0343045466702327,5.99808840956341,4.316433118849356,False
2014-05-21 12:30:00+00:00,2.672258384594812,5.8781168139293145,3.878037660862982,False
2014-05-21 13:00:00+00:00,2.977922198448783,5.913886382536383,4.926703595760787,False
2014-05-21 13:30:00+00:00,4.584818133190693,7.687500155925156,2.864749507948524,False
2014-05-21 14:00:00+00:00,3.8411200588392616,5.568144022869023,4.393288569265708,False
2014-05-21 14:30:00+00:00,5.091473870018722,7.665558783783783,4.7152404996214985,False
2014-05-21 15:00:00+00:00,3.9736208344477135,6.156176663201664,4.02365533686601,False
2014-05-21 15:30:00+00:00,3.4240805295533567,5.130205067567568,2.411056056018168,False
2014-05-21 16:00:00+00:00,1.8087411339930464,3.054059407484408,2.3039147615442848,False
2014-05-21 16:30:00+00:00,1.3563230810377107,1.7218423076923075,1.0962627554882665,False
2014-05-21 17:00:00+00:00,2.04320925381118,1.385229106029106,1.7133124905374717,False
2014-05-21 17:30:00+00:00,1.7054799679058574,1.473377416839917,2.0673037471612417,False
2014-05-21 18:00:00+00:00,2.197630542925916,2.281073492723493,1.9087356548069645,False
2014-05-21 18:30:00+00:00,1.5336650173843274,1.9858975311850315,1.383300984102952,False
2014-05-21 19:00:00+00:00,1.1996128109120086,1.4221909043659045,1.2052936411809236,False
2014-05-21 19:30:00+00:00,1.2437023535704734,1.1814985187110187,1.0180138531415592,False
2014-05-21 20:00:00+00:00,1.2920893019523938,1.1814985187110187,1.0558242997728993,False
2014-05-21 20:30:00+00:00,1.2926178657395024,1.437964942827443,1.0388926949280848,False
2014-05-21 21:00:00+00:00,1.2381996523134526,1.2059194126819128,1.0037027252081756,False
2014-05-21 21:30:00+00:00,1.2188126504412946,1.1814985187110187,1.0252545798637394,False
2014-05-21 22:00:00+00:00,1.2956210751537844,1.1814985187110187,0.9995832323996972,False
2014-05-21 22:30:00+00:00,1.224265686012303,1.1814985187110187,0.9947552611657836,False
2014-05-21 23:00:00+00:00,1.2179888205402514,1.1814985187110187,1.0037027252081756,False
2014-05-21 23:30:00+00:00,1.2285436480342335,1.1814985187110187,1.0061564345193037,False
2014-05-22 00:00:00+00:00,1.1779466167424444,1.1814985187110187,1.0037027252081756,False
2014-05-22 00:30:00+00:00,1.1952366943032895,1.1814985187110187,1.0037027252081756,False
2014-05-22 01:00:00+00:00,1.184504653650709,1.1814985187110187,1.0037027252081756,False
2014-05-22 01:30:00+00:00,1.1779466167424444,1.1814985187110187,1.0251997728993187,False
2014-05-22 02:00:00+00:00,1.1779466167424444,1.1814985187110187,1.008432059046177,False
2014-05-22 02:30:00+00:00,1.1779466167424444,1.1814985187110187,1.0319171082513248,False
2014-05-22 03:00:00+00:00,1.1779466167424444,1.1814985187110187,1.010894436033308,False
2014-05-22 03:30:00+00:00,1.1849701524471783,1.2098033004158006,1.0037027252081756,False
2014-05-22 04:00:00+00:00,1.1779466167424444,1.2168767671517673,1.0037027252081756,False
2014-05-22 04:30:00+00:00,1.3341302754747255,1.1875579002079004,1.0037027252081756,False
2014-05-22 05:00:00+00:00,1.1779466167424444,1.2209576143451144,1.0015698334595002,False
2014-05-22 05:30:00+00:00,1.5947488098422038,1.5711018451143457,1.1270457229371686,False
2014-05-22 06:00:00+00:00,1.8687186146028352,3.337104703742204,2.047813588190764,False
2014-05-22 06:30:00+00:00,2.543625327627708,4.896553404365905,3.7664371309613927,False
2014-05-22 07:00:00+00:00,3.3633894891682266,4.7983707640332645,4.142415215745647,False
2014-05-22 07:30:00+00:00,2.976855121690292,5.316166424116425,4.701230166540499,False
2014-05-22 08:00:00+00:00,3.601569323348489,7.189405067567568,5.626841445874337,False
2014-05-22 08:30:00+00:00,3.944045787643755,6.4435365124740125,4.247186411809236,False
2014-05-22 09:00:00+00:00,4.824019309975929,8.640026091476093,5.318564685844057,False
2014-05-22 09:30:00+00:00,4.612842578229473,7.09260278066528,5.8621176003028,False
2014-05-22 10:00:00+00:00,3.2460975127039315,7.598622011434512,5.4439854277062825,False
2014-05-22 10:30:00+00:00,5.041523241508424,7.825705431392932,5.697000075700228,False
2014-05-22 11:00:00+00:00,4.091245279486494,7.901196673596674,5.945397161241483,False
2014-05-22 11:30:00+00:00,4.323666247659802,7.723303976091476,5.495096593489779,False
2014-05-22 12:00:00+00:00,5.70108015512169,8.887232640332643,6.404556245268735,False
2014-05-22 12:30:00+00:00,4.158812463225461,8.252387525987526,6.178878501135503,False
2014-05-22 13:00:00+00:00,3.8686662744049207,8.187719542619545,6.732700908402725,False
2014-05-22 13:30:00+00:00,5.688249852901845,9.314451715176718,6.546920514761544,False
2014-05-22 14:00:00+00:00,4.773102273335116,8.924752182952183,6.365765897047691,False
2014-05-22 14:30:00+00:00,5.956420139074619,8.64179462058212,6.092974034822104,False
2014-05-22 15:00:00+00:00,4.617569269858251,6.047867411642412,6.057385579106737,False
2014-05-22 15:30:00+00:00,6.146201791922974,9.256610862785864,6.098313171839515,False
2014-05-22 16:00:00+00:00,5.445287510029419,6.1700001039501045,5.284045230885693,False
2014-05-22 16:30:00+00:00,4.747804733886066,6.92567364864865,4.818194057532172,False
2014-05-22 17:00:00+00:00,4.074559374164215,5.21525803014553,4.400371839515518,False
2014-05-22 17:30:00+00:00,3.706157288044932,4.666973648648649,3.376846934140802,False
2014-05-22 18:00:00+00:00,1.416072987429794,3.3329991424116425,2.2934260030280087,False
2014-05-22 18:30:00+00:00,1.7388630115004011,2.6678622661122664,1.4327766086298257,False
2014-05-22 19:00:00+00:00,1.222805135062851,2.223726247401248,1.0287071158213474,False
2014-05-22 19:30:00+00:00,1.4258822947312115,1.7900287681912683,1.0735461014383043,False
2014-05-22 20:00:00+00:00,1.194357635731479,1.5577220114345116,1.0948945117335351,False
2014-05-22 20:30:00+00:00,1.214069884995988,1.4921792099792102,1.043793111279334,False
2014-05-22 21:00:00+00:00,1.1779466167424444,1.406077416839917,1.0037027252081756,False
2014-05-22 21:30:00+00:00,1.1887020861192832,1.2532692307692308,1.1365450416351248,False
2014-05-22 22:00:00+00:00,1.2253977266648837,1.1814985187110187,1.0037027252081756,False
2014-05-22 22:30:00+00:00,1.3966332976731748,1.2239909823284825,1.048201589704769,False
2014-05-22 23:00:00+00:00,1.2257224124097352,1.1814985187110187,1.026233232399697,False
2014-05-22 23:30:00+00:00,1.3610669697780156,1.1814985187110187,1.0037027252081756,False
2014-05-23 00:00:00+00:00,1.2949907194437014,1.2623179833679834,1.0037027252081756,False
2014-05-23 00:30:00+00:00,1.26482744049211,1.1814985187110187,1.0037027252081756,False
2014-05-23 01:00:00+00:00,1.2212066595346351,1.1868635135135135,1.0037027252081756,False
2014-05-23 01:30:00+00:00,1.1779466167424444,1.1989008575883575,1.0037027252081756,False
2014-05-23 02:00:00+00:00,1.185133725595079,1.1814985187110187,1.0232869795609387,False
2014-05-23 02:30:00+00:00,1.2394781224926452,1.1880537422037425,1.026416654049962,False
2014-05-23 03:00:00+00:00,1.1779466167424444,1.2066518970893971,1.0037027252081756,False
2014-05-23 03:30:00+00:00,1.1779466167424444,1.1868407744282747,1.0037027252081756,False
2014-05-23 04:00:00+00:00,1.1880004814121423,1.2123096153846156,1.0037027252081756,False
2014-05-23 04:30:00+00:00,1.1779466167424444,1.2011076923076924,1.0037027252081756,False
2014-05-23 05:00:00+00:00,1.1834807167691896,1.2540142151767155,1.0037027252081756,False
2014-05-23 05:30:00+00:00,1.3825226531158064,1.3850360966735968,1.005753028009084,False
2014-05-23 06:00:00+00:00,2.052403637336186,3.1658553014553013,1.5143695685087053,False
2014-05-23 06:30:00+00:00,2.9441783899438354,3.5379182172557178,3.8967230885692654,False
2014-05-23 07:00:00+00:00,3.050705135062851,4.844163045738046,3.736685087055261,False
2014-05-23 07:30:00+00:00,4.1562411607381655,5.558737422037423,5.1669161998486,False
2014-05-23 08:00:00+00:00,3.69515517518053,7.101527182952184,6.110983118849357,False
2014-05-23 08:30:00+00:00,3.982150280823749,8.42304384095634,5.636685730507192,False
2014-05-23 09:00:00+00:00,3.238094677721316,7.300405821205821,5.4753161998486,False
2014-05-23 09:30:00+00:00,3.5100280556298475,7.651888591476091,5.764287698713096,False
2014-05-23 10:00:00+00:00,3.882131987162343,6.812207666320167,4.582797918243754,False
2014-05-23 10:30:00+00:00,3.606526210216635,6.93404773908524,5.091518697956095,False
2014-05-23 11:00:00+00:00,4.888773281626103,7.890772869022871,5.412021423164269,False
2014-05-23 11:30:00+00:00,4.350036239636267,8.285267021829522,6.240757721423164,False
2014-05-23 12:00:00+00:00,5.3944772666488365,8.766615306652808,6.018186487509462,False
2014-05-23 12:30:00+00:00,4.6797434073281625,7.738631730769232,5.507377744133232,False
2014-05-23 13:00:00+00:00,3.580164027814924,7.885586798336798,5.021621196063588,False
2014-05-23 13:30:00+00:00,3.823902273335116,7.362223674636175,5.371716313398939,False
2014-05-23 14:00:00+00:00,3.5386852099491843,7.022773362785863,4.706836222558668,False
2014-05-23 14:30:00+00:00,3.6319128644022474,6.77765958939709,4.793369227857683,False
2014-05-23 15:00:00+00:00,3.759765472051351,6.557626169438669,4.524447161241484,False
2014-05-23 15:30:00+00:00,3.0273516983150577,8.112884667359669,5.980788001514004,False
2014-05-23 16:00:00+00:00,4.153896068467505,5.377231912681913,4.969441180923542,False
2014-05-23 16:30:00+00:00,4.763575207274672,7.436382848232849,4.992120060560181,False
2014-05-23 17:00:00+00:00,4.079300615137737,5.463542333679834,4.069961430734292,False
2014-05-23 17:30:00+00:00,2.165281385397165,4.511877780665281,3.3080277441332324,False
2014-05-23 18:00:00+00:00,1.716222653115806,3.393888253638254,2.172046290688872,False
2014-05-23 18:30:00+00:00,1.5396743781759827,2.4325352130977134,1.2433688115064347,False
2014-05-23 19:00:00+00:00,1.331725996255683,1.864093788981289,1.113096631339894,False
2014-05-23 19:30:00+00:00,1.1779466167424444,1.7396539760914769,1.17056631339894,False
2014-05-23 20:00:00+00:00,1.2243754212356246,1.6015320945945946,1.0609817562452688,False
2014-05-23 20:30:00+00:00,1.1779466167424444,1.5371050935550936,1.0640754352763058,False
2014-05-23 21:00:00+00:00,1.267802112864402,1.406281808731809,1.0310694171082513,False
2014-05-23 21:30:00+00:00,1.1977616474993311,1.63584630977131,1.0413910295230886,False
2014-05-23 22:00:00+00:00,1.1883935811714363,1.2117599012474014,1.011310938682816,False
2014-05-23 22:30:00+00:00,1.2147841401444237,1.2402176195426196,1.0146919379258137,False
2014-05-23 23:00:00+00:00,1.2734652580903985,1.1814985187110187,1.0037027252081756,False
2014-05-23 23:30:00+00:00,1.178833993046269,1.3211199584199589,1.0505700984102952,False
2014-05-24 00:00:00+00:00,1.1779466167424444,1.2216367983367984,1.0037027252081756,False
2014-05-24 00:30:00+00:00,1.1779466167424444,1.1814985187110187,1.0037027252081756,False
2014-05-24 01:00:00+00:00,1.2010480074886334,1.1814985187110187,1.0037027252081756,False
2014-05-24 01:30:00+00:00,1.2664352233217435,1.1814985187110187,1.0037027252081756,False
2014-05-24 02:00:00+00:00,1.1779466167424444,1.1814985187110187,1.0037027252081756,False
2014-05-24 02:30:00+00:00,1.1779466167424444,1.1814985187110187,1.0037027252081756,False
2014-05-24 03:00:00+00:00,1.1779466167424444,1.1891415020790024,1.0037027252081756,False
2014-05-24 03:30:00+00:00,1.241318534367478,1.1814985187110187,1.0037027252081756,False
2014-05-24 04:00:00+00:00,1.1829729874297938,1.1814985187110187,1.0251450037850112,False
2014-05-24 04:30:00+00:00,1.183341989836855,1.1814985187110187,1.0037027252081756,False
2014-05-24 05:00:00+00:00,1.1779466167424444,1.2072971413721416,1.0037027252081756,False
2014-05-24 05:30:00+00:00,1.4267836587322815,2.27042577962578,1.222210030280091,False
2014-05-24 06:00:00+00:00,1.8665003476865472,2.295815072765073,2.235001097653293,False
2014-05-24 06:30:00+00:00,2.610247847017919,5.528332744282745,4.113614155942468,False
2014-05-24 07:00:00+00:00,3.232850949451725,5.0688504937629935,4.08354019682059,False
2014-05-24 07:30:00+00:00,4.19302690558973,7.22982785862786,6.234089477668433,False
2014-05-24 08:00:00+00:00,4.110837416421504,6.474088461538462,6.8628741105223305,False
2014-05-24 08:30:00+00:00,4.826427012570206,7.9612680353430365,6.336575624526874,False
2014-05-24 09:00:00+00:00,5.1349014442364265,9.449187422037424,6.299412225586676,False
2014-05-24 09:30:00+00:00,4.3057996255683335,8.40586159043659,6.402738720666162,False
2014-05-24 10:00:00+00:00,4.441939235089596,8.391106003118505,6.4358255109765325,False
2014-05-24 10:30:00+00:00,4.716125969510564,9.214129729729732,6.476274564723694,False
2014-05-24 11:00:00+00:00,4.359158625300883,8.572043009355511,6.622949772899319,False
2014-05-24 11:30:00+00:00,5.085526771864135,9.84693037941788,7.487709159727479,False
2014-05-24 12:00:00+00:00,4.009785290184541,9.24984825883576,6.944941218773655,False
2014-05-24 12:30:00+00:00,3.480674190960149,9.390687863825365,6.459570476911431,False
2014-05-24 13:00:00+00:00,2.769817999465097,7.903388643451144,4.985021574564724,False
2014-05-24 13:30:00+00:00,5.252106365338326,7.865286486486486,6.883145193035579,False
2014-05-24 14:00:00+00:00,4.047542417758759,9.133695348232848,6.712742089326268,False
2014-05-24 14:30:00+00:00,3.928196630115004,9.020539267151769,7.598973050719151,False
2014-05-24 15:00:00+00:00,4.36094319336721,8.583716943866945,6.856329371688114,False
2014-05-24 15:30:00+00:00,5.13574046536507,9.625746569646571,5.83792464042392,False
2014-05-24 16:00:00+00:00,4.642851270393153,7.038682848232848,6.136549810749432,False
2014-05-24 16:30:00+00:00,3.991781278416689,6.97411878898129,5.314258364875094,False
2014-05-24 17:00:00+00:00,3.463248034233752,6.2288175155925165,4.772071498864497,False
2014-05-24 17:30:00+00:00,2.9147254346081843,5.230477676715178,4.27535299015897,False
2014-05-24 18:00:00+00:00,2.2889735758224123,3.836254417879418,2.8968617335352005,False
2014-05-24 18:30:00+00:00,1.490689970580369,2.9980787422037425,2.1203604087812264,False
2014-05-24 19:00:00+00:00,1.3663566996523135,2.874158497920998,1.7446755488266463,False
2014-05-24 19:30:00+00:00,1.3799488633324417,2.3134221673596675,1.5608372066616198,False
2014-05-24 20:00:00+00:00,1.2310808504947848,2.148448570686071,1.3258183951551854,False
2014-05-24 20:30:00+00:00,1.375821797271998,2.0898610706860707,1.068673732021196,False
2014-05-24 21:00:00+00:00,1.1812093073014174,1.7498974272349277,1.194744284632854,False
2014-05-24 21:30:00+00:00,1.1843726397432468,1.8368574584199584,1.0037027252081756,False
2014-05-24 22:00:00+00:00,1.2856719443701523,1.456773518711019,1.047070552611658,False
2014-05-24 22:30:00+00:00,1.2969315859855577,1.3800135914760916,1.0818515897047691,False
2014-05-24 23:00:00+00:00,1.2026243380583044,1.2352843814968817,1.0246525738077212,False
2014-05-24 23:30:00+00:00,1.1892939021128643,1.2913845374220374,1.0558917865253594,False
2014-05-25 00:00:00+00:00,1.1779466167424444,1.1814985187110187,1.0037027252081756,False
2014-05-25 00:30:00+00:00,1.1779466167424444,1.1814985187110187,1.0037027252081756,False
2014-05-25 01:00:00+00:00,1.2637855843808503,1.1814985187110187,1.0037027252081756,False
2014-05-25 01:30:00+00:00,1.1779466167424444,1.3276407484407486,1.0037027252081756,False
2014-05-25 02:00:00+00:00,1.1779466167424444,1.1814985187110187,1.0037027252081756,False
2014-05-25 02:30:00+00:00,1.229653730944103,1.2044530925155923,1.0395080999242996,False
2014-05-25 03:00:00+00:00,1.178608558438085,1.241520997920998,1.0293292581377744,False
2014-05-25 03:30:00+00:00,1.2118009093340467,1.1814985187110187,1.0059722937168811,False
2014-05-25 04:00:00+00:00,1.1779466167424444,1.293363955301455,1.0147378501135504,False
2014-05-25 04:30:00+00:00,1.1978647766782562,1.2892810550935552,1.015217940953823,False
2014-05-25 05:00:00+00:00,1.1779466167424444,1.226077390852391,1.0471645344436031,False
2014-05-25 05:30:00+00:00,1.4512669965231346,2.3289281185031188,1.5899675246025735,False
2014-05-25 06:00:00+00:00,2.2796691628777745,3.5908055093555094,2.682381188493565,False
2014-05-25 06:30:00+00:00,2.426206713024873,2.995171413721414,2.188560257380772,False
2014-05-25 07:00:00+00:00,2.547313907461888,5.4733516372141375,4.46905704012112,False
2014-05-25 07:30:00+00:00,3.4143219042524744,5.555988617463618,4.792788190764572,False
2014-05-25 08:00:00+00:00,3.208504493179994,5.891437837837838,5.729376305828917,False
2014-05-25 08:30:00+00:00,3.65743043594544,7.882378768191268,5.3396604844814535,False
2014-05-25 09:00:00+00:00,5.183596630115003,7.974138591476092,5.45020662376987,False
2014-05-25 09:30:00+00:00,4.914416662209147,7.824051689189191,5.563627554882665,False
2014-05-25 10:00:00+00:00,3.3446075956138004,7.788737837837838,5.365755109765329,False
2014-05-25 10:30:00+00:00,4.377117197111527,7.61455893970894,5.7607267600302805,False
2014-05-25 11:00:00+00:00,3.912508103771062,8.708719724532225,5.392316691900076,False
2014-05-25 11:30:00+00:00,4.152633886065793,8.737607978170479,5.860957456472369,False
2014-05-25 12:00:00+00:00,4.378055817063386,8.890157744282746,5.976219947009842,False
2014-05-25 12:30:00+00:00,3.9237634929125433,8.806462240124741,5.9182198713096135,False
2014-05-25 13:00:00+00:00,3.190387456539182,9.117406600831602,5.6073952687358055,False
2014-05-25 13:30:00+00:00,4.458808986359989,9.590416112266114,6.340170022710068,False
2014-05-25 14:00:00+00:00,4.397754586787911,9.619896283783785,6.108593906131718,False
2014-05-25 14:30:00+00:00,3.758664776678256,9.0597966995842,5.343819227857684,False
2014-05-25 15:00:00+00:00,4.305230837122225,8.662035654885656,4.40690980317941,False
2014-05-25 15:30:00+00:00,5.384830649906392,9.620866554054055,5.845563701741104,False
2014-05-25 16:00:00+00:00,4.772257956672907,7.597427182952185,5.173558667676002,False
2014-05-25 16:30:00+00:00,3.651764749933137,6.861210602910604,5.299314534443603,False
2014-05-25 17:00:00+00:00,3.375838994383525,6.366503664241165,3.954428425435276,False
2014-05-25 17:30:00+00:00,2.871400695373094,5.0558309251559255,3.282928349735049,False
2014-05-25 18:00:00+00:00,2.0702837924578765,4.144310057172557,2.503626987130961,False
2014-05-25 18:30:00+00:00,1.5644794062583576,3.2143443087318087,1.9217861847085544,False
2014-05-25 19:00:00+00:00,1.443362610323616,2.7829577182952185,1.5224616199848595,False
2014-05-25 19:30:00+00:00,1.3472311313185346,2.588988227650728,1.3774782361847084,False
2014-05-25 20:00:00+00:00,1.384522492645092,2.1593274948024948,1.30180234670704,False
2014-05-25 20:30:00+00:00,1.1779466167424444,1.5916490904365908,1.0037027252081756,False
2014-05-25 21:00:00+00:00,1.2944589729874298,1.923438175675676,1.3154845571536713,False
2014-05-25 21:30:00+00:00,1.4310298742979406,1.789966787941788,1.1156875851627557,False
2014-05-25 22:00:00+00:00,1.4700296068467504,1.6818350311850316,1.1416112414837245,False
2014-05-25 22:30:00+00:00,1.1904308103771064,1.4960199844074846,1.0085195685087054,False
2014-05-25 23:00:00+00:00,1.1779466167424444,1.3377072765072766,1.0037027252081756,False
2014-05-25 23:30:00+00:00,1.1812583578496922,1.1814985187110187,1.052408327024981,False
2014-05-26 00:00:00+00:00,1.1936376036373362,1.2128882276507278,1.1189234670704011,False
2014-05-26 00:30:00+00:00,1.4337295533565124,1.424754625779626,1.0751814912944735,False
2014-05-26 01:00:00+00:00,1.2225362396362665,1.2593517931392932,1.0348063966691898,False
2014-05-26 01:30:00+00:00,1.1779466167424444,1.5106193607068608,1.0082581756245268,False
2014-05-26 02:00:00+00:00,1.1779466167424444,1.191162681912682,1.0433497350492051,False
2014-05-26 02:30:00+00:00,1.3504096817330835,1.1814985187110187,0.997066578349735,False
2014-05-26 03:00:00+00:00,1.2573382722653117,1.1896972453222454,1.0037027252081756,False
2014-05-26 03:30:00+00:00,1.1779466167424444,1.2193053794178796,1.0037027252081756,False
2014-05-26 04:00:00+00:00,1.1993848622626373,1.1814985187110187,1.0037027252081756,False
2014-05-26 04:30:00+00:00,1.1779466167424444,1.496046257796258,1.0037027252081756,False
2014-05-26 05:00:00+00:00,1.2510184808772398,1.303062707900208,1.0357430734292203,False
2014-05-26 05:30:00+00:00,1.6414174378175983,1.929510135135135,1.4191580242240724,False
2014-05-26 06:00:00+00:00,3.046166327895159,4.059251013513514,2.824166464799394,False
2014-05-26 06:30:00+00:00,3.736943541053758,4.777380197505198,3.067278274034822,False
2014-05-26 07:00:00+00:00,3.0646370419898368,5.901347635135135,4.040254277062831,False
2014-05-26 07:30:00+00:00,1.8387461353303023,3.8968488305613302,4.40454829674489,False
2014-05-26 08:00:00+00:00,3.2854817063385933,6.711230457380458,5.3252193792581375,False
2014-05-26 08:30:00+00:00,3.150049745921369,8.181003404365907,4.919649015897047,False
2014-05-26 09:00:00+00:00,5.301119898368548,7.660831964656965,4.362608970476911,False
2014-05-26 09:30:00+00:00,4.805957100829099,7.436890176715178,5.366367335352005,False
2014-05-26 10:00:00+00:00,3.931517625033432,7.835735083160084,4.7409575321725965,False
2014-05-26 10:30:00+00:00,3.4728086921636794,7.466209511434513,4.709875700227101,False
2014-05-26 11:00:00+00:00,3.5492031024338058,7.735246387733889,4.576869606358819,False
2014-05-26 11:30:00+00:00,3.771276731746456,8.069071517671519,5.009035768357304,False
2014-05-26 12:00:00+00:00,3.807794062583578,7.605456081081082,5.204626078728237,False
2014-05-26 12:30:00+00:00,3.543556967103504,8.374333757796258,5.693586941710825,False
2014-05-26 13:00:00+00:00,3.861602808237497,7.662614553014553,5.4365524602573805,False
2014-05-26 13:30:00+00:00,3.1205043594543995,9.767756990644491,6.254893792581377,False
2014-05-26 14:00:00+00:00,3.2240163145225997,9.03429061850312,4.624580242240726,False
2014-05-26 14:30:00+00:00,3.798593340465365,8.749333497920999,4.633853595760787,False
2014-05-26 15:00:00+00:00,3.541830623161273,8.329406496881496,5.251580015140045,False
2014-05-26 15:30:00+00:00,3.631399572078096,8.487773934511434,4.266052800908402,False
2014-05-26 16:00:00+00:00,3.0142016581973787,9.16213724012474,4.509655904617714,False
2014-05-26 16:30:00+00:00,3.775679941160738,5.833935836798337,4.150063701741105,False
2014-05-26 17:00:00+00:00,3.936594864937149,6.015090878378379,2.7634419379258137,False
2014-05-26 17:30:00+00:00,3.001551216902915,5.294686434511434,3.1843166161998484,False
2014-05-26 18:00:00+00:00,1.5657294196309173,4.194488955301456,2.1792429598788794,False
2014-05-26 18:30:00+00:00,1.3629430596416154,3.3785614085239084,2.874073807721423,False
2014-05-26 19:00:00+00:00,1.2027586787911206,2.722014994802495,1.906583648750946,False
2014-05-26 19:30:00+00:00,1.26675461353303,3.100684615384616,1.4661360333081,False
2014-05-26 20:00:00+00:00,1.4975248194704465,2.6455995062370063,1.484333838001514,False
2014-05-26 20:30:00+00:00,1.3472138272265313,2.3998858108108108,1.2870748675246024,False
2014-05-26 21:00:00+00:00,1.2220396897566193,2.170256211018711,1.1647503785011355,False
2014-05-26 21:30:00+00:00,1.1779466167424444,1.8800190748440757,1.153330052990159,False
2014-05-26 22:00:00+00:00,1.2217480342337523,1.4994954002079004,1.124649583648751,False
2014-05-26 22:30:00+00:00,1.1779466167424444,1.7865975571725572,1.1533935654806964,False
2014-05-26 23:00:00+00:00,1.2865782027280022,1.894666813929314,1.1275770628311883,False
2014-05-26 23:30:00+00:00,1.1779466167424444,1.5648195945945949,1.022510598031794,False
2014-05-27 00:00:00+00:00,1.192985958812517,1.366130847193347,1.0785804314912943,False
2014-05-27 00:30:00+00:00,1.2335412944637605,1.7960854209979211,1.0457591975775926,False
2014-05-27 01:00:00+00:00,1.1937444771329233,1.4792425675675676,1.000852687358062,False
2014-05-27 01:30:00+00:00,1.227627199786039,1.192862811850312,1.0596042770628311,False
2014-05-27 02:00:00+00:00,1.2011690024070607,1.200350415800416,1.0037027252081756,False
2014-05-27 02:30:00+00:00,1.1779466167424444,1.2063311590436592,1.0296135124905377,False
2014-05-27 03:00:00+00:00,1.1779466167424444,1.218772791060291,1.0037027252081756,False
2014-05-27 03:30:00+00:00,1.2355985557635731,1.24240408004158,1.0037027252081756,False
2014-05-27 04:00:00+00:00,1.2191982080770258,1.232437551975052,1.045368508705526,False
2014-05-27 04:30:00+00:00,1.1779466167424444,1.2105745322245325,1.0195949280847842,False
2014-05-27 05:00:00+00:00,1.2055181331906926,1.3429243762993766,1.0055596896290688,False
2014-05-27 05:30:00+00:00,1.5286214495854509,2.234588305613306,1.5353970855412564,False
2014-05-27 06:00:00+00:00,1.8288945439957207,4.315635940748441,2.495185427706283,False
2014-05-27 06:30:00+00:00,1.7951088793795134,4.999435109147609,3.1215311506434515,False
2014-05-27 07:00:00+00:00,2.997060123027547,5.611338851351352,3.574923277819834,False
2014-05-27 07:30:00+00:00,2.3042506017651783,6.067758991683992,4.102100719152157,False
2014-05-27 08:00:00+00:00,2.969662530088258,7.608232302494803,4.412443149129447,False
2014-05-27 08:30:00+00:00,3.177554667023268,7.560903638253638,3.8763593111279326,False
2014-05-27 09:00:00+00:00,3.4094639208344475,7.92068918918919,4.321306775170325,False
2014-05-27 09:30:00+00:00,3.2120095747526074,6.9971286122661125,4.161641862225586,False
2014-05-27 10:00:00+00:00,3.6506756619416953,7.635933835758837,4.31761332323997,False
2014-05-27 10:30:00+00:00,2.754749130783632,7.235394906444908,3.8401347464042384,False
2014-05-27 11:00:00+00:00,3.246116154051885,7.896092385654886,4.382429901589704,False
2014-05-27 11:30:00+00:00,2.9981262904519923,7.786945062370062,4.138844322482967,False
2014-05-27 12:00:00+00:00,2.3874217437817595,7.086639968814969,3.762513058289175,False
2014-05-27 12:30:00+00:00,2.1510577427119557,7.629619230769231,4.001229825889478,False
2014-05-27 13:00:00+00:00,3.6042951591334575,7.483042437629939,3.4518694928084783,False
2014-05-27 13:30:00+00:00,2.326968414014442,7.632927104989606,4.326748599545798,False
2014-05-27 14:00:00+00:00,3.909547338860657,8.225079573804575,4.955307002271007,False
2014-05-27 14:30:00+00:00,3.92073995720781,8.119129495841996,3.584925813777441,False
2014-05-27 15:00:00+00:00,3.1119770259427653,8.201192229729731,4.357491105223315,False
2014-05-27 15:30:00+00:00,2.119477079433004,8.273289475051977,3.3913609765329293,False
2014-05-27 16:00:00+00:00,2.466510403851297,7.154395867983369,4.275146820590462,False
2014-05-27 16:30:00+00:00,3.4704472051350628,5.98506930873181,4.341293262679788,False
2014-05-27 17:00:00+00:00,2.955178042257288,5.722301195426196,3.1555058667676,False
2014-05-27 17:30:00+00:00,1.6637993046269055,4.7746872920997925,1.908134595003785,False
2014-05-27 18:00:00+00:00,2.027181947044664,4.285943061330562,2.116705034065102,False
2014-05-27 18:30:00+00:00,1.3127431131318534,3.533943243243244,2.165107759273278,False
2014-05-27 19:00:00+00:00,1.310303637336186,2.8596227910602914,1.5648664647993944,False
2014-05-27 19:30:00+00:00,1.395029098689489,3.15355524948025,1.7004564345193032,False
2014-05-27 20:00:00+00:00,1.3221485958812516,2.627696647609148,1.2827197199091596,False
2014-05-27 20:30:00+00:00,1.294598074351431,2.4625735446985453,1.438539212717638,False
2014-05-27 21:00:00+00:00,1.3092517250601765,2.215596127858628,1.194036109008327,False
2014-05-27 21:30:00+00:00,1.1779466167424444,2.2131595634095635,1.085333118849357,False
2014-05-27 22:00:00+00:00,1.1987786306499064,2.0693469074844075,1.1478886828160484,False
2014-05-27 22:30:00+00:00,1.1779466167424444,2.093877338877339,1.212425738077214,False
2014-05-27 23:00:00+00:00,1.272484594811447,1.7942818347193348,1.16657441332324,False
2014-05-27 23:30:00+00:00,1.1779466167424444,1.2933180873180874,1.0760649886449658,False
2014-05-28 00:00:00+00:00,1.2634957207809576,1.5609155145530147,1.1705633610900832,False
2014-05-28 00:30:00+00:00,1.1779466167424444,1.4187516112266112,1.220419871309614,False
2014-05-28 01:00:00+00:00,1.256883551751805,1.2746080301455305,1.1208186601059804,False
2014-05-28 01:30:00+00:00,1.3412439154854237,1.7149776767151768,1.0881367903103707,False
2014-05-28 02:00:00+00:00,1.2250740037443164,1.692581522869023,1.2796402725208178,False
2014-05-28 02:30:00+00:00,1.3440947579566729,1.4696207120582123,1.0511254352763058,False
2014-05-28 03:00:00+00:00,1.2316061781224923,1.471250025987526,1.0037027252081756,False
2014-05-28 03:30:00+00:00,1.2526811446910937,1.6370248440748445,1.0517927706283117,False
2014-05-28 04:00:00+00:00,1.2091433538379246,1.541664345114345,1.0037027252081756,False
2014-05-28 04:30:00+00:00,1.2215996255683337,1.1901406964656964,1.0037027252081756,False
2014-05-28 05:00:00+00:00,1.3497020326290452,1.5784094854469857,1.1481817940953822,False
2014-05-28 05:30:00+00:00,1.2518496389408933,1.215189579002079,1.0608333080999242,False
2014-05-28 06:00:00+00:00,1.4222123027547473,2.026380873180873,1.4458503785011352,False
2014-05-28 06:30:00+00:00,1.221531960417224,2.0396600831600837,1.3790242619227857,False
2014-05-28 07:00:00+00:00,1.6687888205402517,2.6127286902286904,1.5969496214988643,False
2014-05-28 07:30:00+00:00,1.4980836052420432,3.5181130457380463,1.9412202498107491,False
2014-05-28 08:00:00+00:00,1.3955657127574217,4.509760395010395,3.2430984102952305,False
2014-05-28 08:30:00+00:00,3.721897512703931,6.7584096413721415,2.120820666161998,False
2014-05-28 09:00:00+00:00,3.2249218240171165,6.076221023908524,3.549564647993944,False
2014-05-28 09:30:00+00:00,2.7648193902112865,8.054441008316008,4.153551514004542,False
2014-05-28 10:00:00+00:00,2.4516436480342336,7.540235992723494,3.494504390613172,False
2014-05-28 10:30:00+00:00,2.5676284568066325,6.769627598752599,3.721960749432248,False
2014-05-28 11:00:00+00:00,2.167447927253276,7.235442151767152,3.225251400454201,False
2014-05-28 11:30:00+00:00,2.5703246055094944,7.090177364864865,3.282559084027252,False
2014-05-28 12:00:00+00:00,3.701059588125167,7.579170062370062,3.3998725965177896,False
2014-05-28 12:30:00+00:00,2.870965739502541,7.667528014553015,3.4008114307342923,False
2014-05-28 13:00:00+00:00,2.7142935544263174,8.121512136174637,2.812557115821348,False
2014-05-28 13:30:00+00:00,3.4993848622626373,7.300224168399168,2.316098637395912,False
2014-05-28 14:00:00+00:00,2.532122760096282,7.459701429313929,3.4842442089326267,False
2014-05-28 14:30:00+00:00,2.100422171703664,6.655843373180874,3.0377788039364115,False
2014-05-28 15:00:00+00:00,2.5205450655255413,6.5419150727650734,4.438686298258895,False
2014-05-28 15:30:00+00:00,1.478346429526611,7.545681392931393,3.1535485616956844,False
2014-05-28 16:00:00+00:00,2.731357769457074,6.377832068607069,3.1987224072672213,False
2014-05-28 16:30:00+00:00,3.399846857448516,5.797206626819127,3.1986054882664647,False
2014-05-28 17:00:00+00:00,2.898735758224124,5.626037188149689,2.170593262679788,False
2014-05-28 17:30:00+00:00,1.8605595078898105,4.609386304573805,2.3548985238455717,False
2014-05-28 18:00:00+00:00,1.6302410537576892,4.296610628898129,1.8364535579106736,False
2014-05-28 18:30:00+00:00,1.398493313720246,3.400463591476092,1.615213474640424,False
2014-05-28 19:00:00+00:00,1.272578149237764,3.3418795997921,1.5049661998485997,False
2014-05-28 19:30:00+00:00,1.471559320673977,2.727089708939709,1.341185011355034,False
2014-05-28 20:00:00+00:00,1.403642337523402,2.5943701403326407,1.210520022710068,False
2014-05-28 20:30:00+00:00,1.243535811714362,2.2117995322245325,1.2175047312641936,False
2014-05-28 21:00:00+00:00,1.3257045199251136,2.197460602910603,1.4137758894776682,False
2014-05-28 21:30:00+00:00,1.2295609521262372,2.093447349272349,1.0113833838001514,False
2014-05-28 22:00:00+00:00,1.1779466167424444,1.6510209459459464,1.0755655942467828,False
2014-05-28 22:30:00+00:00,1.1779466167424444,1.9161869802494804,1.1402487887963664,False
2014-05-28 23:00:00+00:00,1.2471874030489436,1.665625701663202,1.0050032551097652,False
2014-05-28 23:30:00+00:00,1.181554426317197,1.227577468814969,1.0076842543527629,False
2014-05-29 00:00:00+00:00,1.1779466167424444,1.5550038981288985,1.0037027252081756,False
2014-05-29 00:30:00+00:00,1.1798734955870551,1.2486139033264034,0.9997746782740348,False
2014-05-29 01:00:00+00:00,1.2721928590532228,1.1853976351351352,1.0202333080999242,False
2014-05-29 01:30:00+00:00,1.2514486761166086,1.195633134095634,1.0683001514004542,False
2014-05-29 02:00:00+00:00,1.1779466167424444,1.523198206860707,1.1219763815291446,False
2014-05-29 02:30:00+00:00,1.1779466167424444,1.4303419698544702,1.0445275170325512,False
2014-05-29 03:00:00+00:00,1.363428831238299,1.4550599012474013,1.0664487887963665,False
2014-05-29 03:30:00+00:00,1.2086229205669965,1.350510317047817,1.0037027252081756,False
2014-05-29 04:00:00+00:00,1.1779466167424444,1.2379155145530147,1.0037027252081756,False
2014-05-29 04:30:00+00:00,1.1779466167424444,1.1814985187110187,1.0037027252081756,False
2014-05-29 05:00:00+00:00,1.1779466167424444,1.3351610706860708,1.0037027252081756,False
2014-05-29 05:30:00+00:00,1.2819150040117675,2.2278048856548858,1.4074939818319454,False
2014-05-29 06:00:00+00:00,1.940759748595881,3.988907094594595,2.302471347464042,False
2014-05-29 06:30:00+00:00,1.908077828296336,2.224112811850312,2.610879560938683,False
2014-05-29 07:00:00+00:00,2.0322550682000537,1.733234771309771,2.986695041635125,False
2014-05-29 07:30:00+00:00,2.223365070874565,3.188113643451144,3.787782021196063,False
2014-05-29 08:00:00+00:00,3.784787804225729,5.783052520790021,4.172626419379258,False
2014-05-29 08:30:00+00:00,2.825369082642418,7.370872765072765,4.489012944738834,False
2014-05-29 09:00:00+00:00,4.480887750735492,5.348995634095634,4.228168849356548,False
2014-05-29 09:30:00+00:00,4.218925140411875,6.70265498960499,4.8216109008327015,False
2014-05-29 10:00:00+00:00,4.011201043059641,7.286781107068609,4.532174981074943,False
2014-05-29 10:30:00+00:00,3.647114469109388,7.05978406964657,5.108282929598788,False
2014-05-29 11:00:00+00:00,3.1943545065525543,7.403318529106029,4.8763767978803925,False
2014-05-29 11:30:00+00:00,2.533799197646429,7.045547037422039,5.164590461771386,False
2014-05-29 12:00:00+00:00,3.962425889275208,7.853661096673597,3.856103747161241,False
2014-05-29 12:30:00+00:00,3.430327574217705,7.155202182952183,5.497340310370931,False
2014-05-29 13:00:00+00:00,4.460264963894089,6.712568321205821,5.301674034822104,False
2014-05-29 13:30:00+00:00,3.2860859855576354,7.925195816008317,5.744749507948524,False
2014-05-29 14:00:00+00:00,4.817258946242311,8.259041606029106,4.722246971990916,False
2014-05-29 14:30:00+00:00,3.8610966836052425,7.590555301455302,4.57671449659349,False
2014-05-29 15:00:00+00:00,4.351550120353036,8.352970244282746,5.575007721423163,False
2014-05-29 15:30:00+00:00,3.363367745386467,8.309951143451144,4.267557645722937,False
2014-05-29 16:00:00+00:00,3.406749130783632,5.88906327962578,5.132055563966691,False
2014-05-29 16:30:00+00:00,4.146216822679861,5.273164423076924,3.95975991672975,False
2014-05-29 17:00:00+00:00,3.9332157528751,4.178702910602911,2.4549205526116578,False
2014-05-29 17:30:00+00:00,2.606725327627708,3.339733238045738,2.864659084027252,False
2014-05-29 18:00:00+00:00,1.3853227600962823,2.166867983367984,1.7543105601816806,False
2014-05-29 18:30:00+00:00,1.823519684407596,1.7840997920997923,1.647885616956851,False
2014-05-29 19:00:00+00:00,1.5793911741107247,1.5510843814968815,1.407596290688872,False
2014-05-29 19:30:00+00:00,1.1779466167424444,1.3888858887733888,1.2290879258137777,False
2014-05-29 20:00:00+00:00,1.1779466167424444,1.3999552754677758,1.150295874337623,False
2014-05-29 20:30:00+00:00,1.1957585985557635,1.5107106548856553,1.2076304314912945,False
2014-05-29 21:00:00+00:00,1.374280101631452,1.5719693347193349,1.1938539742619223,False
2014-05-29 21:30:00+00:00,1.3439961754479808,1.6063509615384617,1.1787001514004545,False
2014-05-29 22:00:00+00:00,1.2655154051885529,1.469905977130977,1.1446272899318697,False
2014-05-29 22:30:00+00:00,1.2740523401979138,1.6023992983367985,1.1171278198334595,False
2014-05-29 23:00:00+00:00,1.2150318801818667,1.5026640072765074,1.0267998485995458,False
2014-05-29 23:30:00+00:00,1.269125220647232,1.5621343814968816,1.10258955336866,False
2014-05-30 00:00:00+00:00,1.1779466167424444,1.4571953482328484,1.0100473126419378,False
2014-05-30 00:30:00+00:00,1.1779466167424444,1.3363064449064448,1.0068935654806963,False
2014-05-30 01:00:00+00:00,1.1779466167424444,1.3291256496881498,1.0443572672218016,False
2014-05-30 01:30:00+00:00,1.1779466167424444,1.5779719334719335,1.0037027252081756,False
2014-05-30 02:00:00+00:00,1.19219320673977,1.247185758835759,1.077923050719152,False
2014-05-30 02:30:00+00:00,1.191037416421503,1.1932439968814967,1.0037027252081756,False
2014-05-30 03:00:00+00:00,1.218369510564322,1.1814985187110187,1.027648069644209,False
2014-05-30 03:30:00+00:00,1.1828809574752608,1.1814985187110187,1.0037027252081756,False
2014-05-30 04:00:00+00:00,1.25751684942498,1.3690138773388774,1.0037027252081756,False
2014-05-30 04:30:00+00:00,1.1779466167424444,1.346939734927235,1.0286491294473885,False
2014-05-30 05:00:00+00:00,1.2811160738165286,1.1814985187110187,1.1155168054504163,False
2014-05-30 05:30:00+00:00,1.3146619684407594,2.846761772349273,1.6718631339894017,False
2014-05-30 06:00:00+00:00,1.976000320941428,3.9812369022869034,2.849872558667676,False
2014-05-30 06:30:00+00:00,2.0463860390478734,3.309435031185032,3.331384065102195,False
2014-05-30 07:00:00+00:00,3.0730331372024606,3.60997208939709,3.887462604087812,False
2014-05-30 07:30:00+00:00,2.9074159668360524,3.815241580041581,4.053206131718395,False
2014-05-30 08:00:00+00:00,3.590287322813587,6.53932130977131,5.124627668433005,False
2014-05-30 08:30:00+00:00,3.9717661406793257,7.37852091995842,4.90417282361847,False
2014-05-30 09:00:00+00:00,4.4260409735223325,4.33188957900208,4.178680355791067,False
2014-05-30 09:30:00+00:00,3.096267076758491,7.695316528066528,4.762916881150643,False
2014-05-30 10:00:00+00:00,3.732600855843808,7.738213513513514,4.785568962906888,False
2014-05-30 10:30:00+00:00,3.691650708745654,7.523218814968815,4.738263626040878,False
2014-05-30 11:00:00+00:00,3.854516261032361,7.65013692827443,4.899753217259652,False
2014-05-30 11:30:00+00:00,3.770767879112062,8.5340716995842,4.727239326267979,False
2014-05-30 12:00:00+00:00,3.312503022198449,8.255182042619543,4.850312339137017,False
2014-05-30 12:30:00+00:00,3.5129331104573414,8.895249454261954,5.58996120363361,False
2014-05-30 13:00:00+00:00,3.578933591869484,7.5479387993763,5.6162201362604085,False
2014-05-30 13:30:00+00:00,3.9684479539983952,8.158219724532227,5.586236979560939,False
2014-05-30 14:00:00+00:00,3.2895094677721315,9.064398674636177,4.72159360333081,False
2014-05-30 14:30:00+00:00,3.3041445841133994,9.260321777546778,4.959776343679031,False
2014-05-30 15:00:00+00:00,4.955297967370955,9.943773674636176,5.152299318697955,False
2014-05-30 15:30:00+00:00,4.485162449852902,9.389234771309772,4.0672383043149125,False
2014-05-30 16:00:00+00:00,3.731692056699652,7.798226715176717,4.1416757002271,False
2014-05-30 16:30:00+00:00,4.643864428991709,7.315971881496882,3.8199406510219527,False
2014-05-30 17:00:00+00:00,3.537235918694838,6.169542957380457,2.7497367903103704,False
2014-05-30 17:30:00+00:00,1.940370874565392,5.741290384615385,3.4729152157456475,False
2014-05-30 18:00:00+00:00,2.099279138807168,3.5705395270270275,1.8765713096139287,False
2014-05-30 18:30:00+00:00,1.5067737630382454,2.689263513513514,1.5862845193035575,False
2014-05-30 19:00:00+00:00,1.3702599090665952,2.005095010395011,1.7030025359576078,False
2014-05-30 19:30:00+00:00,1.3596344744584117,2.037375,1.4971069265707797,False
2014-05-30 20:00:00+00:00,1.2863706873495586,1.997341761954262,1.1065204769114307,False
2014-05-30 20:30:00+00:00,1.3627518320406526,1.7261673076923076,1.2434090461771383,False
2014-05-30 21:00:00+00:00,1.2081035036105912,1.8418491424116423,1.072588796366389,False
2014-05-30 21:30:00+00:00,1.2231162342872426,1.6975927234927235,1.104686449659349,False
2014-05-30 22:00:00+00:00,1.2014286707675847,1.6287700623700625,1.0037027252081756,False
2014-05-30 22:30:00+00:00,1.3746502005883925,1.6799891891891894,1.169047350492051,False
2014-05-30 23:00:00+00:00,1.1779466167424444,1.6738091995841995,1.0037027252081756,False
2014-05-30 23:30:00+00:00,1.1836476063118482,1.6162973492723494,1.0037027252081756,False
2014-05-31 00:00:00+00:00,1.1779466167424444,1.658221075883576,1.0037027252081756,False
2014-05-31 00:30:00+00:00,1.304415137737363,1.871600233887734,1.0232717638152915,False
2014-05-31 01:00:00+00:00,1.1951871890879917,1.4681305093555097,1.00238198334595,False
2014-05-31 01:30:00+00:00,1.1779466167424444,1.3101539501039503,1.0037027252081756,False
2014-05-31 02:00:00+00:00,1.1779466167424444,1.1982322505197505,1.0037027252081756,False
2014-05-31 02:30:00+00:00,1.1779466167424444,1.278889786902287,1.0037027252081756,False
2014-05-31 03:00:00+00:00,1.2066644557368278,1.211783861746362,1.0037027252081756,False
2014-05-31 03:30:00+00:00,1.279585022733351,1.242635654885655,1.0037027252081756,False
2014-05-31 04:00:00+00:00,1.1779466167424444,1.228972193347193,1.0037027252081756,False
2014-05-31 04:30:00+00:00,1.1779466167424444,1.1814985187110187,1.0037027252081756,False
2014-05-31 05:00:00+00:00,1.2220585985557637,1.2012137993762997,1.009125018925057,False
2014-05-31 05:30:00+00:00,1.361749317999465,2.6203079521829524,1.4624719152157457,False
2014-05-31 06:00:00+00:00,1.7329957742711954,4.447356938669438,2.313223921271764,False
2014-05-31 06:30:00+00:00,2.183408665418561,4.947888851351351,2.555990423921272,False
2014-05-31 07:00:00+00:00,2.3840699919764643,4.035061096673597,4.467160370931112,False
2014-05-31 07:30:00+00:00,2.1283141214228407,4.11376457900208,4.229497464042392,False
2014-05-31 08:00:00+00:00,3.731292270660604,8.228739864864867,4.38836971990916,False
2014-05-31 08:30:00+00:00,3.5607478737630385,6.9693172557172565,4.806478652535958,False
2014-05-31 09:00:00+00:00,4.408125648569136,6.413804183991685,4.173666994700984,False
2014-05-31 09:30:00+00:00,3.8789326825354378,8.369583367983369,4.168902384557153,False
2014-05-31 10:00:00+00:00,3.694663278951592,7.856621465696466,4.6094795609386825,False
2014-05-31 10:30:00+00:00,4.137997619684407,8.627793918918918,4.210165556396669,False
2014-05-31 11:00:00+00:00,4.066844450387804,8.437694646569646,4.280597728993187,False
2014-05-31 11:30:00+00:00,3.404071917625034,8.544716112266114,4.46347505677517,False
2014-05-31 12:00:00+00:00,3.065727333511634,8.973181262993764,3.691328841786525,False
2014-05-31 12:30:00+00:00,1.8982698047606312,8.985589734927235,4.761943338380014,False
2014-05-31 13:00:00+00:00,2.6809127841668894,8.781389734927236,4.176649735049205,False
2014-05-31 13:30:00+00:00,2.486681224926451,8.87740680873181,3.9065968205904618,False
2014-05-31 14:00:00+00:00,2.514373950254079,8.46321463097713,3.341998750946253,False
2014-05-31 14:30:00+00:00,4.1813944102701255,7.868764189189188,2.8785222937168813,False
2014-05-31 15:00:00+00:00,3.3555935544263167,8.242970062370064,4.418336638909917,False
2014-05-31 15:30:00+00:00,3.9823370954800743,9.633878066528068,5.064599242997729,False
2014-05-31 16:00:00+00:00,2.765404546670233,6.793404989604991,3.451068168054504,False
2014-05-31 16:30:00+00:00,3.227872399037176,7.710691268191269,3.604984557153672,False
2014-05-31 17:00:00+00:00,2.748407354907729,5.759825727650728,2.1108344436033306,False
2014-05-31 17:30:00+00:00,2.273499759293929,5.614337837837838,2.851599848599546,False
2014-05-31 18:00:00+00:00,1.706153971650174,5.203715514553014,2.3236603709311128,False
2014-05-31 18:30:00+00:00,1.7044524204332707,4.11225395010395,1.7235978425435272,False
2014-05-31 19:00:00+00:00,1.4064552554158865,3.501934615384616,1.5047158213474638,False
2014-05-31 19:30:00+00:00,1.2616308371222251,2.65298367983368,1.6648193792581378,False
2014-05-31 20:00:00+00:00,1.4817128109120086,2.671380249480249,1.6629801665404995,False
2014-05-31 20:30:00+00:00,1.508794811446911,2.7888724792099797,1.4060179031037092,False
2014-05-31 21:00:00+00:00,1.2441173040920033,2.5043905665280666,1.4157207040121118,False
2014-05-31 21:30:00+00:00,1.3999751270393153,2.393721361746361,1.3051257002271004,False
2014-05-31 22:00:00+00:00,1.2242297673174645,2.310377676715177,1.060076495079485,False
2014-05-31 22:30:00+00:00,1.4228051083177318,2.133684225571726,1.1013914458743377,False
2014-05-31 23:00:00+00:00,1.3431278684140144,1.944986382536383,1.0013445117335351,False
2014-05-31 23:30:00+00:00,1.1779466167424444,2.2142381496881494,1.0074699091597277,False
2014-06-01 00:00:00+00:00,1.1779466167424444,1.7880995841995844,1.0055858062074186,False
2014-06-01 00:30:00+00:00,1.1779466167424444,1.5354058731808733,1.0144170325510975,False
2014-06-01 01:00:00+00:00,1.190522332174378,1.7343537422037425,1.1132064345193031,False
2014-06-01 01:30:00+00:00,1.1779466167424444,1.7246675155925155,1.0037027252081756,False
2014-06-01 02:00:00+00:00,1.1785216368012836,1.7710316787941789,1.0069189250567752,False
2014-06-01 02:30:00+00:00,1.1779466167424444,1.8365493243243245,1.0037027252081756,False
2014-06-01 03:00:00+00:00,1.2325284835517518,1.6591827702702704,1.0037027252081756,False
2014-06-01 03:30:00+00:00,1.2502803958277615,1.7258368762993763,1.053929712339137,False
2014-06-01 04:00:00+00:00,1.2353380315592404,1.4363492983367985,1.0037027252081756,False
2014-06-01 04:30:00+00:00,1.1779466167424444,1.4626076403326405,1.0037027252081756,False
2014-06-01 05:00:00+00:00,1.2492059374164215,1.1814985187110187,1.0477549962149886,False
2014-06-01 05:30:00+00:00,1.291695239368815,2.4299158783783787,1.3077195685087055,False
2014-06-01 06:00:00+00:00,1.42085108317732,3.8885367463617455,1.9875693792581377,False
2014-06-01 06:30:00+00:00,1.3870854506552557,4.896215852390853,1.975900075700227,False
2014-06-01 07:00:00+00:00,1.8822144958545064,4.020825233887734,2.053503444360333,False
2014-06-01 07:30:00+00:00,2.289340545600428,3.660798258835759,3.110208781226344,False
2014-06-01 08:00:00+00:00,3.113848997058037,6.685249870062371,3.581422218016654,False
2014-06-01 08:30:00+00:00,3.1981015779620217,7.174580197505199,3.549366616199848,False
2014-06-01 09:00:00+00:00,3.2980769991976464,5.954024454261955,3.020155791067373,False
2014-06-01 09:30:00+00:00,2.421301364001069,7.511309615384616,3.338656926570779,False
2014-06-01 10:00:00+00:00,3.4472444236426854,8.112857926195426,2.899959084027252,False
2014-06-01 10:30:00+00:00,2.5479781759828835,7.794625,3.39802218016654,False
2014-06-01 11:00:00+00:00,2.5539586787911204,7.5677530145530145,3.4979971233913703,False
2014-06-01 11:30:00+00:00,2.4483092805562983,7.852851897089399,2.9345234292202877,False
2014-06-01 12:00:00+00:00,1.8739192832308105,7.863893659043659,2.5083829674489024,False
2014-06-01 12:30:00+00:00,1.5971076491040384,7.597165982328484,2.93524712339137,False
2014-06-01 13:00:00+00:00,2.076003289649639,7.317509771309773,3.452766048448145,False
2014-06-01 13:30:00+00:00,2.774258999732549,7.786472972972973,1.989737887963664,False
2014-06-01 14:00:00+00:00,2.24385950788981,6.581217437629938,2.289965215745647,False
2014-06-01 14:30:00+00:00,2.6707320673977,8.038197323284823,3.667306320968963,False
2014-06-01 15:00:00+00:00,2.3204558972987432,5.889161226611227,2.6972303936411803,False
2014-06-01 15:30:00+00:00,2.3014163680128368,8.141160213097713,2.138701930355791,False
2014-06-01 16:00:00+00:00,1.913716983150575,7.715375233887734,2.933147766843301,False
2014-06-01 16:30:00+00:00,2.624234661674244,7.815989916839918,2.4542886828160486,False
2014-06-01 17:00:00+00:00,1.6739631987162342,5.613677260914761,1.933463285389856,False
2014-06-01 17:30:00+00:00,1.4355653650708746,4.529123466735967,1.873092278576836,False
2014-06-01 18:00:00+00:00,1.5628396897566197,4.161420062370064,1.6509032172596518,False
2014-06-01 18:30:00+00:00,1.4367098422037978,3.480055067567568,1.456942581377744,False
2014-06-01 19:00:00+00:00,1.790901176785237,3.4090820945945945,1.6402297123391367,False
2014-06-01 19:30:00+00:00,1.2354719176250335,2.7960643191268195,1.4514126040878124,False
2014-06-01 20:00:00+00:00,1.3163734955870554,2.799168165280666,1.5084636638909914,False
2014-06-01 20:30:00+00:00,1.2470974859588126,2.582356548856549,1.4436616199848598,False
2014-06-01 21:00:00+00:00,1.179630783631987,2.665567567567568,1.3617445117335352,False
2014-06-01 21:30:00+00:00,1.3435335116341267,2.4918592255717256,1.1337728236184708,False
2014-06-01 22:00:00+00:00,1.407320326290452,2.161747115384616,1.2357837623012866,False
2014-06-01 22:30:00+00:00,1.2638749933137203,1.929144074844075,1.0008800908402724,False
2014-06-01 23:00:00+00:00,1.2248549879646964,1.8701308991683996,1.089849242997729,False
2014-06-01 23:30:00+00:00,1.1926262102166354,2.079312915800416,1.0801389099167296,False
2014-06-02 00:00:00+00:00,1.1890758491575288,1.653131211018711,1.1825332702498108,False
2014-06-02 00:30:00+00:00,1.1791711687617008,2.141037811850312,1.0484854655563969,False
2014-06-02 01:00:00+00:00,1.2799073816528486,1.775349974012474,1.1152212717638152,False
2014-06-02 01:30:00+00:00,1.2206844878309708,1.4650402546777548,1.0614283118849357,False
2014-06-02 02:00:00+00:00,1.257092832308104,1.5439994802494803,1.0690287282361848,False
2014-06-02 02:30:00+00:00,1.217813105108318,1.2653093814968817,1.100077441332324,False
2014-06-02 03:00:00+00:00,1.2067279486493714,1.3231347713097714,1.0844292581377744,False
2014-06-02 03:30:00+00:00,1.1915031024338056,1.3147839137214137,1.1224889477668432,False
2014-06-02 04:00:00+00:00,1.2012894891682269,1.193381237006237,1.0037027252081756,False
2014-06-02 04:30:00+00:00,1.1779466167424444,1.1814985187110187,1.040005715367146,False
2014-06-02 05:00:00+00:00,1.1987723990371757,1.314100545738046,1.032765480696442,False
2014-06-02 05:30:00+00:00,1.287801872158331,2.747287474012474,1.1613989780469345,False
2014-06-02 06:00:00+00:00,1.4234030221984486,4.165854781704782,1.4949452308856928,False
2014-06-02 06:30:00+00:00,1.4092148435410536,5.287401455301455,1.9047796744890235,False
2014-06-02 07:00:00+00:00,1.994871382722653,4.8556132016632025,1.0216974261922784,False
2014-06-02 07:30:00+00:00,1.553349317999465,4.238919100831601,2.4163208175624526,False
2014-06-02 08:00:00+00:00,3.3915634126771863,4.635759433471934,2.783531112793338,False
2014-06-02 08:30:00+00:00,2.924025648569136,5.190513981288982,3.043707872823618,False
2014-06-02 09:00:00+00:00,2.648093527681198,5.603164682952183,2.353012301286904,False
2014-06-02 09:30:00+00:00,3.185660898635999,7.264770971933472,2.431647199091597,False
2014-06-02 10:00:00+00:00,2.936020299545333,7.520058965696466,2.477988115064345,False
2014-06-02 10:30:00+00:00,2.194536212891147,7.093335992723493,2.759116237698713,False
2014-06-02 11:00:00+00:00,2.602818320406526,6.562395166320167,2.297274791824375,False
2014-06-02 11:30:00+00:00,1.689729232415084,6.896585031185032,2.285535881907645,False
2014-06-02 12:00:00+00:00,2.027552286707676,6.654825415800416,1.6228424678274034,False
2014-06-02 12:30:00+00:00,1.7418345814388874,6.46204604989605,1.9481047312641937,False
2014-06-02 13:00:00+00:00,1.398027092805563,4.643523466735967,2.6632774413323235,False
2014-06-02 13:30:00+00:00,2.373716555228671,6.978090540540541,2.465491635124905,False
2014-06-02 14:00:00+00:00,2.706908478202728,6.627052182952184,2.2641468962906885,False
2014-06-02 14:30:00+00:00,2.351046884193635,7.483047895010396,2.2501353898561693,False
2014-06-02 15:00:00+00:00,3.6471061246322543,7.210176455301458,2.6223809992429974,False
2014-06-02 15:30:00+00:00,1.6373335116341268,7.102399090436591,3.106033497350492,False
2014-06-02 16:00:00+00:00,2.4356779620219307,5.559170244282745,2.8789900832702493,False
2014-06-02 16:30:00+00:00,2.8499101631452257,6.59441405925156,2.680728425435276,False
2014-06-02 17:00:00+00:00,1.4139822679860925,5.326653092515593,1.850729788039364,False
2014-06-02 17:30:00+00:00,1.7148094142818937,5.249396907484408,1.6724602952308858,False
2014-06-02 18:00:00+00:00,1.3179415886600696,4.325305925155926,1.5705364118092353,False
2014-06-02 18:30:00+00:00,1.5459893821877508,3.3565371361746363,1.3690722558667674,False
2014-06-02 19:00:00+00:00,1.51478478202728,3.1632786642411648,1.3929805828917483,False
2014-06-02 19:30:00+00:00,1.3299859320673977,2.6273615644490644,1.2660454579863738,False
2014-06-02 20:00:00+00:00,1.2060894089328695,2.6100493503118507,1.2453670325510977,False
2014-06-02 20:30:00+00:00,1.3542444771329232,2.6543576143451144,1.3535246404239212,False
2014-06-02 21:00:00+00:00,1.2185875902647767,2.3948453222453225,1.3092414458743376,False
2014-06-02 21:30:00+00:00,1.2373905857181065,2.416916216216216,1.2788146858440574,False
2014-06-02 22:00:00+00:00,1.3238873495587056,2.2807053794178795,1.0690605223315668,False
2014-06-02 22:30:00+00:00,1.4834266113934205,2.1409545478170475,1.0653750567751703,False
2014-06-02 23:00:00+00:00,1.2374691093875367,1.986952910602911,1.2019684708554126,False
2014-06-02 23:30:00+00:00,1.3981720513506286,2.027154651767152,1.0732362225586676,False
2014-06-03 00:00:00+00:00,1.2169402514041188,1.9308181912681917,1.1271153671461014,False
2014-06-03 00:30:00+00:00,1.2062378710885262,1.7848562889812891,1.034681907645723,False
2014-06-03 01:00:00+00:00,1.2254929660336988,1.8797693866943863,1.0676324375473123,False
2014-06-03 01:30:00+00:00,1.284388232147633,1.8757569126819127,1.0715963663890993,False
2014-06-03 02:00:00+00:00,1.390771623428724,1.8699221673596675,1.0037027252081756,False
2014-06-03 02:30:00+00:00,1.1779466167424444,1.3961366943866944,1.1347186601059802,False
2014-06-03 03:00:00+00:00,1.2028974592136934,1.5565026767151768,1.0276944738834215,False
2014-06-03 03:30:00+00:00,1.2088483284300615,1.5947252338877342,1.0037027252081756,False
2014-06-03 04:00:00+00:00,1.2025919497191764,1.3128406704781703,1.0018018168054503,False
2014-06-03 04:30:00+00:00,1.1779466167424444,1.6047735706860706,1.069393489780469,False
2014-06-03 05:00:00+00:00,1.1779466167424444,1.493345841995842,1.1016727857683573,False
2014-06-03 05:30:00+00:00,1.2804024605509494,3.3183289241164244,1.1966324753974262,False
2014-06-03 06:00:00+00:00,1.3886040920032094,4.277258523908524,1.7263768735806206,False
2014-06-03 06:30:00+00:00,1.4973785504145494,5.852992255717256,2.034847993943982,False
2014-06-03 07:00:00+00:00,2.563988713559775,5.7416808991684,1.1344783497350492,False
2014-06-03 07:30:00+00:00,2.081856084514576,3.9080806392931393,2.545702535957608,False
2014-06-03 08:00:00+00:00,3.1306917892484623,5.953116294178794,3.428159159727479,False
2014-06-03 08:30:00+00:00,2.5462991709013103,6.636756834719335,3.7358651021953055,False
2014-06-03 09:00:00+00:00,3.4524918159935805,7.033378300415801,3.581972142316427,False
2014-06-03 09:30:00+00:00,3.19372364268521,7.111160680873182,3.6196377744133232,False
2014-06-03 10:00:00+00:00,3.775127280021396,6.816144204781706,3.9979786525359575,False
2014-06-03 10:30:00+00:00,3.9783707943300346,6.952101247401249,4.3911142694928085,False
2014-06-03 11:00:00+00:00,3.803033886065793,7.284917073804574,4.222642316426949,False
2014-06-03 11:30:00+00:00,3.3332239101364003,7.257419204781705,4.464258932626798,False
2014-06-03 12:00:00+00:00,3.4077722920566997,7.590609121621622,4.477414572293716,False
2014-06-03 12:30:00+00:00,3.917382214495855,7.872993321205822,5.100969606358818,False
2014-06-03 13:00:00+00:00,4.016719764642953,7.762574636174636,4.822532551097653,False
2014-06-03 13:30:00+00:00,2.7311181064455736,7.781226039501041,3.352758705526116,False
2014-06-03 14:00:00+00:00,4.105129927788179,7.841019620582122,4.458360105980318,False
2014-06-03 14:30:00+00:00,4.107787456539182,7.377318996881497,4.7595382286146855,False
2014-06-03 15:00:00+00:00,3.734019791388071,8.05540738045738,3.289531869795609,False
2014-06-03 15:30:00+00:00,3.318752955335651,8.00417325883576,4.5019515897047695,False
2014-06-03 16:00:00+00:00,3.4201760363733613,7.845845400207901,4.830013209689628,False
2014-06-03 16:30:00+00:00,3.347522037978069,7.088552234927236,4.4484728993186975,False
2014-06-03 17:00:00+00:00,4.018647847017919,4.648940774428275,2.505739137017411,False
2014-06-03 17:30:00+00:00,2.770266862797539,4.470190384615385,3.126360635881908,False
2014-06-03 18:00:00+00:00,2.744237336186146,3.389060498960499,2.3800205904617715,False
2014-06-03 18:30:00+00:00,1.8060851564589464,2.7870591735966737,2.287858402725208,False
2014-06-03 19:00:00+00:00,1.3351245520192565,2.4301509875259875,1.940135238455716,False
2014-06-03 19:30:00+00:00,1.2622266113934208,1.8524319906444908,1.660557683573051,False
2014-06-03 20:00:00+00:00,1.3666605509494516,1.79068737006237,1.3638252838758516,False
2014-06-03 20:30:00+00:00,1.4089009895694036,1.7084323284823286,1.4620978425435276,False
2014-06-03 21:00:00+00:00,1.2206514843541052,1.632869308731809,1.207826835730507,False
2014-06-03 21:30:00+00:00,1.275728724257823,1.4636976351351352,1.1056515897047692,False
2014-06-03 22:00:00+00:00,1.2847266916287776,1.8751369022869024,1.1335668054504162,False
2014-06-03 22:30:00+00:00,1.358555014709815,1.7798961798336803,1.1305816048448143,False
2014-06-03 23:00:00+00:00,1.274347633056967,1.657216891891892,1.158574905374716,False
2014-06-03 23:30:00+00:00,1.2953058571810645,1.4974405665280666,1.084400264950795,False
2014-06-04 00:00:00+00:00,1.2616638673442095,1.6698827182952185,1.0232007191521573,False
2014-06-04 00:30:00+00:00,1.1833928590532228,1.5258300415800417,1.0017148750946252,False
2014-06-04 01:00:00+00:00,1.334576651511099,1.5991728690228693,1.0577924299772898,False
2014-06-04 01:30:00+00:00,1.1790188820540253,1.4866068347193349,1.0037027252081756,False
2014-06-04 02:00:00+00:00,1.1779466167424444,1.5100663201663205,1.0062181302043904,False
2014-06-04 02:30:00+00:00,1.1779466167424444,1.4947141891891893,1.0088784254352765,False
2014-06-04 03:00:00+00:00,1.1779466167424444,1.3403869802494803,1.0506511355034065,False
2014-06-04 03:30:00+00:00,1.1779466167424444,1.355975285862786,1.0037027252081756,False
2014-06-04 04:00:00+00:00,1.22808315057502,1.671294178794179,1.0199464042392126,False
2014-06-04 04:30:00+00:00,1.1991483551751805,1.1814985187110187,1.0037027252081756,False
2014-06-04 05:00:00+00:00,1.1779466167424444,1.2414121101871105,1.0399929598788795,False
2014-06-04 05:30:00+00:00,1.4171014442364267,2.4411534563409565,1.070415897047691,False
2014-06-04 06:00:00+00:00,1.3177739235089596,4.042323882536382,1.95985117335352,False
2014-06-04 06:30:00+00:00,1.4042262369617544,3.97947079002079,1.9597021196063589,False
2014-06-04 07:00:00+00:00,1.4304839261834716,4.313370322245323,1.923891597274792,False
2014-06-04 07:30:00+00:00,1.5443599090665954,4.190290098752599,2.0739180166540496,False
2014-06-04 08:00:00+00:00,1.543383097084782,5.445324896049897,2.55733368660106,False
2014-06-04 08:30:00+00:00,2.661098181331907,6.2782003638253645,3.1729278955336864,False
2014-06-04 09:00:00+00:00,1.7772092805562985,5.4412210498960505,3.073205563966692,False
2014-06-04 09:30:00+00:00,2.6489984487830966,7.094754002079004,2.80039019682059,False
2014-06-04 10:00:00+00:00,2.4906676116608715,6.987055691268193,2.853476154428463,False
2014-06-04 10:30:00+00:00,2.672360016047071,7.584009979209979,3.129410673732021,False
2014-06-04 11:00:00+00:00,2.673517036640813,7.074905743243243,3.184044928084784,False
2014-06-04 11:30:00+00:00,2.556131265044129,7.438359511434512,2.9240560938682814,False
2014-06-04 12:00:00+00:00,2.542417143621289,7.192787681912682,3.241226532929599,False
2014-06-04 12:30:00+00:00,2.3276108852634394,7.401581704781705,3.061046934140802,False
2014-06-04 13:00:00+00:00,2.1003125434608183,7.479177910602911,2.946179485238455,False
2014-06-04 13:30:00+00:00,1.8075775875902649,6.344643243243244,3.420125473126419,False
2014-06-04 14:00:00+00:00,3.1432070072211817,7.605808679833681,3.4975305828917485,False
2014-06-04 14:30:00+00:00,1.8291480609788715,6.870752832640333,2.26270469341408,False
2014-06-04 15:00:00+00:00,2.8177676918962287,6.283856704781705,2.1939722180166537,False
2014-06-04 15:30:00+00:00,1.4667029419630917,7.819720764033266,3.054330355791067,False
2014-06-04 16:00:00+00:00,2.0858985022733347,7.11530472972973,2.9681203255109763,False
2014-06-04 16:30:00+00:00,1.6169833377908531,6.497008367983368,3.171595836487509,False
2014-06-04 17:00:00+00:00,3.61936956405456,4.797439501039501,1.6820454201362605,False
2014-06-04 17:30:00+00:00,1.3235428189355445,5.25729300935551,1.8944394776684328,False
2014-06-04 18:00:00+00:00,1.9173449317999465,4.5717042099792105,1.89230469341408,False
2014-06-04 18:30:00+00:00,1.3403009093340466,3.9834552494802495,1.5978201362604083,False
2014-06-04 19:00:00+00:00,1.3283640813051618,3.5739851351351355,1.4966590461771383,False
2014-06-04 19:30:00+00:00,1.2295936881519125,3.3173883835758837,1.358731642694928,False
2014-06-04 20:00:00+00:00,1.2914467504680396,3.075034927234928,1.3188776305828918,False
2014-06-04 20:30:00+00:00,1.3800860390478735,2.739822167359668,1.451913815291446,False
2014-06-04 21:00:00+00:00,1.2621101364001068,2.752142255717256,1.238239137017411,False
2014-06-04 21:30:00+00:00,1.251304974592137,2.494058887733888,1.3300940953822862,False
2014-06-04 22:00:00+00:00,1.3449654185611126,2.398685524948025,1.1631672596517788,False
2014-06-04 22:30:00+00:00,1.2181194971917624,2.28151735966736,1.101702687358062,False
2014-06-04 23:00:00+00:00,1.3058083979673707,2.178148050935551,1.0703445874337625,False
2014-06-04 23:30:00+00:00,1.2006600962824283,2.1729091735966737,1.1689022331566994,False
2014-06-05 00:00:00+00:00,1.3014503878042258,1.8208700103950108,1.0102049962149886,False
2014-06-05 00:30:00+00:00,1.263911634126772,1.776206834719335,1.0037027252081756,False
2014-06-05 01:00:00+00:00,1.2208652046001605,1.7654613825363827,1.0052738455715369,False
2014-06-05 01:30:00+00:00,1.1779466167424444,1.9472364345114344,1.0088920514761544,False
2014-06-05 02:00:00+00:00,1.203708264241776,1.561279287941788,1.1284920893262678,False
2014-06-05 02:30:00+00:00,1.2012905054827494,1.5949192827442829,1.0037027252081756,False
2014-06-05 03:00:00+00:00,1.1779466167424444,1.608092437629938,1.0617035957607872,False
2014-06-05 03:30:00+00:00,1.1852825621824017,1.3453643191268194,1.0037027252081756,False
2014-06-05 04:00:00+00:00,1.1779466167424444,1.5533458160083162,1.0424311884935655,False
2014-06-05 04:30:00+00:00,1.1968067130248727,1.4047832120582122,1.0600035200605602,False
2014-06-05 05:00:00+00:00,1.1779466167424444,1.1814985187110187,1.1573778198334594,False
2014-06-05 05:30:00+00:00,1.1839445038780425,1.788099688149688,1.07641449659349,False
2014-06-05 06:00:00+00:00,1.350895319604172,3.5337138513513517,1.526237698713096,False
2014-06-05 06:30:00+00:00,1.631214014442364,3.513588097713097,1.3072527252081754,False
2014-06-05 07:00:00+00:00,1.3327261299812785,3.978255847193348,1.4590483345950036,False
2014-06-05 07:30:00+00:00,1.66390516180797,3.659105093555094,1.7847707418622256,False
2014-06-05 08:00:00+00:00,2.048313666755817,6.585441008316008,2.467687660862982,False
2014-06-05 08:30:00+00:00,2.4218398502273337,5.616545062370062,2.444245155185466,False
2014-06-05 09:00:00+00:00,2.067379914415619,6.22240025987526,2.0226093111279333,False
2014-06-05 09:30:00+00:00,2.5057924578764377,5.978719334719336,2.6676090083270245,False
2014-06-05 10:00:00+00:00,2.1302468039582774,6.810393113305613,2.3224076078728237,False
2014-06-05 10:30:00+00:00,1.6266843273602567,6.740457978170478,2.335952460257381,False
2014-06-05 11:00:00+00:00,2.4435788713559776,6.5528947245322255,2.189179825889478,False
2014-06-05 11:30:00+00:00,1.9414821075153783,6.541853794178794,2.7108659727479183,False
2014-06-05 12:00:00+00:00,1.3897438619951858,6.5483655925155935,2.7142802422407266,False
2014-06-05 12:30:00+00:00,2.8304940090933406,7.200179054054054,1.9421694928084785,False
2014-06-05 13:00:00+00:00,1.8851106445573684,7.129465332640334,2.655392581377744,False
2014-06-05 13:30:00+00:00,1.692903690826424,6.793828560291062,2.2972046555639665,False
2014-06-05 14:00:00+00:00,3.0790943032896494,7.477583082120582,1.9634623391370172,False
2014-06-05 14:30:00+00:00,1.8814031826691628,5.403929833679835,1.901685427706283,False
2014-06-05 15:00:00+00:00,2.7284332976731744,6.69292494802495,2.472726419379258,False
2014-06-05 15:30:00+00:00,1.7364112329499863,6.707106159043659,2.256894095382286,False
2014-06-05 16:00:00+00:00,1.8329346884193631,4.9177329002079,1.7012594625283877,False
2014-06-05 16:30:00+00:00,1.3988801016314525,5.077643373180873,1.5605272520817564,False
2014-06-05 17:00:00+00:00,1.6728612463225458,4.412190228690229,1.4562259651778953,False
2014-06-05 17:30:00+00:00,1.64145814388874,3.743790618503119,1.5139164269492809,False
2014-06-05 18:00:00+00:00,1.3330988767050012,3.408600441787942,1.3301629068887206,False
2014-06-05 18:30:00+00:00,1.5090838192029954,3.4684568347193347,1.2944696063588188,False
2014-06-05 19:00:00+00:00,1.3786116341267718,3.2756954002079004,1.0455731642694928,False
2014-06-05 19:30:00+00:00,1.1779466167424444,2.744797453222453,1.2227087055261163,False
2014-06-05 20:00:00+00:00,1.2437873228135865,2.741806185031185,1.136002006056018,False
2014-06-05 20:30:00+00:00,1.2767386466969777,2.684052988565489,1.043544019682059,False
2014-06-05 21:00:00+00:00,1.3471571543193368,2.3713030665280668,1.0048109765329296,False
2014-06-05 21:30:00+00:00,1.3454480074886332,2.4584553534303537,1.1611599924299771,False
2014-06-05 22:00:00+00:00,1.218942685209949,2.3778372401247405,1.2423682437547312,False
2014-06-05 22:30:00+00:00,1.195759026477668,2.5513895270270277,1.223056245268736,False
2014-06-05 23:00:00+00:00,1.3501008558438086,2.2167457120582124,1.1539484102952309,False
2014-06-05 23:30:00+00:00,1.2487274672372293,2.09778406964657,1.0354796744890231,False
2014-06-06 00:00:00+00:00,1.240410243380583,2.099596205821206,1.003321158213475,False
2014-06-06 00:30:00+00:00,1.245703182669163,2.129606003118504,1.0396425435276304,False
2014-06-06 01:00:00+00:00,1.205781091200856,1.8268783523908527,1.1111269114307345,False
2014-06-06 01:30:00+00:00,1.187252366943033,1.6051704781704783,1.013033497350492,False
2014-06-06 02:00:00+00:00,1.1849990104305963,1.966339890852391,1.020045268735806,False
2014-06-06 02:30:00+00:00,1.1779466167424444,1.5706970114345116,1.0332017032551095,False
2014-06-06 03:00:00+00:00,1.2844384059909066,1.7114785083160085,1.0037027252081756,False
2014-06-06 03:30:00+00:00,1.1779466167424444,1.3146655665280669,1.0719437547312642,False
2014-06-06 04:00:00+00:00,1.1867253543728271,1.408912733887734,1.0375499621498865,False
2014-06-06 04:30:00+00:00,1.2075900775608452,1.3289058991683993,1.0828337244511732,False
2014-06-06 05:00:00+00:00,1.2540566194169562,1.7416591995842,1.2632935654806965,False
2014-06-06 05:30:00+00:00,1.3198846215565658,2.7649391372141374,1.3389713474640426,False
2014-06-06 06:00:00+00:00,1.7584953196041722,3.483529625779626,1.8687621498864493,False
2014-06-06 06:30:00+00:00,1.9207144691093876,4.068354443866944,1.9056167297501891,False
2014-06-06 07:00:00+00:00,2.101342284033164,4.587241709979211,2.258817562452687,False
2014-06-06 07:30:00+00:00,3.640201444236426,6.046605145530146,3.800699735049205,False
2014-06-06 08:00:00+00:00,3.5474841668895425,6.676642931392932,4.665073845571537,False
2014-06-06 08:30:00+00:00,4.85419427654453,5.663036746361748,5.6416348599545785,False
2014-06-06 09:00:00+00:00,4.85607825621824,5.739145945945946,5.182048107494322,False
2014-06-06 09:30:00+00:00,4.503369991976464,6.835332068607069,5.689518508705525,False
2014-06-06 10:00:00+00:00,5.152952580903985,7.124422245322247,5.893937623012868,False
2014-06-06 10:30:00+00:00,5.216997619684408,6.683034745322247,6.282180431491295,False
2014-06-06 11:00:00+00:00,5.405584006418828,7.39626826923077,5.8492666161998494,False
2014-06-06 11:30:00+00:00,4.039752420433271,6.730753846153846,5.78669500378501,False
2014-06-06 12:00:00+00:00,4.509716956405455,6.846720997921,5.520293489780469,False
2014-06-06 12:30:00+00:00,3.494231960417224,6.889590982328484,5.863930204390612,False
2014-06-06 13:00:00+00:00,5.152988044931799,7.647034225571726,5.662905904617714,False
2014-06-06 13:30:00+00:00,4.942508077025942,7.160835395010396,6.085713512490537,False
2014-06-06 14:00:00+00:00,5.644720433270928,7.140662941787942,5.816608554125662,False
2014-06-06 14:30:00+00:00,4.858004840866541,7.276960654885656,5.516650757002272,False
2014-06-06 15:00:00+00:00,4.145978229473121,7.327710265072765,5.035234557153672,False
2014-06-06 15:30:00+00:00,4.227343621289115,6.016047972972974,5.027595798637394,False
2014-06-06 16:00:00+00:00,3.6817981813319065,6.856808316008316,3.914979901589704,False
2014-06-06 16:30:00+00:00,3.5146542391013638,5.853282744282745,4.26141214988645,False
2014-06-06 17:00:00+00:00,4.214905001337256,3.838141138253638,2.503281945495836,False
2014-06-06 17:30:00+00:00,3.354363653383257,3.431127650727652,3.2982661998486,False
2014-06-06 18:00:00+00:00,2.7183872158331104,2.5315617463617466,2.344018319454958,False
2014-06-06 18:30:00+00:00,1.819614201658197,1.966945867983368,1.587230393641181,False
2014-06-06 19:00:00+00:00,1.240639288579834,1.687164189189189,1.284796820590462,False
2014-06-06 19:30:00+00:00,1.3275516715699385,1.6161119282744285,1.1934215745647236,False
2014-06-06 20:00:00+00:00,1.3845370152447178,1.6427063409563412,1.2002509462528386,False
2014-06-06 20:30:00+00:00,1.2218377641080502,1.610223440748441,1.1883382286146855,False
2014-06-06 21:00:00+00:00,1.391452500668628,1.422818866943867,1.1510119227857682,False
2014-06-06 21:30:00+00:00,1.468288365873228,1.5960576403326403,1.0609976911430734,False
2014-06-06 22:00:00+00:00,1.2879205135062852,1.6043831600831602,1.0629264572293715,False
2014-06-06 22:30:00+00:00,1.4335046269055896,1.253283367983368,1.0769496214988643,False
2014-06-06 23:00:00+00:00,1.2441340465365072,1.4477186330561331,1.1153786525359577,False
2014-06-06 23:30:00+00:00,1.3585242043327093,1.4158537941787943,1.0037027252081756,False
2014-06-07 00:00:00+00:00,1.3875249799411606,1.5100609407484409,1.0199538228614684,False
2014-06-07 00:30:00+00:00,1.3357756886868144,1.5099698024948025,1.0769266464799394,False
2014-06-07 01:00:00+00:00,1.2436618882054025,1.2465801715176716,1.0276540878122633,False
2014-06-07 01:30:00+00:00,1.2500725862530089,1.284783783783784,1.0514714988644966,False
2014-06-07 02:00:00+00:00,1.253580235357047,1.4684799376299378,1.0576272520817562,False
2014-06-07 02:30:00+00:00,1.2169877507354907,1.2242108367983369,1.0184898183194548,False
2014-06-07 03:00:00+00:00,1.3904263439422304,1.3015596673596677,1.0160646858440574,False
2014-06-07 03:30:00+00:00,1.2002327092805565,1.4191281185031186,1.0037027252081756,False
2014-06-07 04:00:00+00:00,1.2606670767584915,1.579729183991684,1.0037027252081756,False
2014-06-07 04:30:00+00:00,1.2108311313185345,1.4498100831600833,1.048384595003785,False
2014-06-07 05:00:00+00:00,1.251633725595079,1.377606133056133,1.0241711582134745,False
2014-06-07 05:30:00+00:00,1.3568257288044931,1.4928016372141373,1.5344597653292955,False
2014-06-07 06:00:00+00:00,1.5146924846215566,1.9743471413721412,1.8963349735049204,False
2014-06-07 06:30:00+00:00,2.8448619416956404,4.307306081081081,2.7842978425435274,False
2014-06-07 07:00:00+00:00,2.3300921369350096,3.0900843814968817,2.738009500378501,False
2014-06-07 07:30:00+00:00,3.0918583043594543,4.794923388773388,3.5501521953065858,False
2014-06-07 08:00:00+00:00,2.5008750468039582,4.317855457380458,3.721298713096139,False
2014-06-07 08:30:00+00:00,2.043646589997325,5.5137892411642415,4.599711014383042,False
2014-06-07 09:00:00+00:00,3.8149058036908254,6.2625498700623705,5.09341332323997,False
2014-06-07 09:30:00+00:00,4.180769082642418,7.796653482328484,5.895574489023467,False
2014-06-07 10:00:00+00:00,5.548106285102969,7.773801247401249,6.288174413323239,False
2014-06-07 10:30:00+00:00,5.293977801551217,7.938296595634097,5.771411241483724,False
2014-06-07 11:00:00+00:00,4.876278764375502,7.893316164241166,6.231144284632854,False
2014-06-07 11:30:00+00:00,4.725636560577694,8.003632614345115,6.539553671461015,False
2014-06-07 12:00:00+00:00,4.682866622091468,8.131170088357589,6.092461014383042,False
2014-06-07 12:30:00+00:00,5.682337978069002,8.15160498960499,6.698232816048448,False
2014-06-07 13:00:00+00:00,5.958418534367478,7.783242593555093,7.331838304314913,False
2014-06-07 13:30:00+00:00,4.906015164482482,8.616988409563412,6.723173164269491,False
2014-06-07 14:00:00+00:00,5.642203450120353,8.643785420997922,7.089225700227101,False
2014-06-07 14:30:00+00:00,5.0502910403851295,8.523008212058212,7.46142452687358,False
2014-06-07 15:00:00+00:00,4.3790358117143615,8.300671075883576,6.267464723694171,False
2014-06-07 15:30:00+00:00,5.84671198181332,8.845172791060293,6.710397956093868,False
2014-06-07 16:00:00+00:00,5.872774645627173,8.560362214137214,5.966943679031036,False
2014-06-07 16:30:00+00:00,4.3702749398234815,6.995151143451143,5.805244700984102,False
2014-06-07 17:00:00+00:00,4.743748569136132,4.62218063929314,4.438514912944738,False
2014-06-07 17:30:00+00:00,3.439044717838995,4.02627972972973,3.5698807721423167,False
2014-06-07 18:00:00+00:00,2.0097812249264506,2.872455535343036,2.674431415594247,False
2014-06-07 18:30:00+00:00,1.89184375501471,2.243726741164241,1.75088838001514,False
2014-06-07 19:00:00+00:00,1.4400834982615671,1.7993636954261956,1.226676343679031,False
2014-06-07 19:30:00+00:00,1.3065092270660603,1.6459453742203745,1.258106964420893,False
2014-06-07 20:00:00+00:00,1.2190031559240435,1.713339708939709,1.0529899318697955,False
2014-06-07 20:30:00+00:00,1.3314637603637334,1.3732704002079004,1.0037027252081756,False
2014-06-07 21:00:00+00:00,1.3534957742711955,1.6491883056133056,1.0037027252081756,False
2014-06-07 21:30:00+00:00,1.2000435143086388,1.48911670997921,1.0306953065859197,False
2014-06-07 22:00:00+00:00,1.1779466167424444,1.3136216476091478,1.0309901589704769,False
2014-06-07 22:30:00+00:00,1.1949818400641885,1.485976871101871,1.0037027252081756,False
2014-06-07 23:00:00+00:00,1.1779466167424444,1.3982260914760918,1.0629054125662376,False
2014-06-07 23:30:00+00:00,1.210534019791388,1.1983812629937631,1.0037027252081756,False
2014-06-08 00:00:00+00:00,1.1859859855576358,1.3350846673596677,1.014963550340651,False
2014-06-08 00:30:00+00:00,1.2411548007488633,1.431042281704782,1.0150853898561696,False
2014-06-08 01:00:00+00:00,1.1779466167424444,1.1814985187110187,1.0037027252081756,False
2014-06-08 01:30:00+00:00,1.1783736560577696,1.1814985187110187,1.0037027252081756,False
2014-06-08 02:00:00+00:00,1.1779466167424444,1.3698414501039502,1.0037027252081756,False
2014-06-08 02:30:00+00:00,1.2160048676116608,1.1814985187110187,1.0037027252081756,False
2014-06-08 03:00:00+00:00,1.2030780957475262,1.1814985187110187,1.0037027252081756,False
2014-06-08 03:30:00+00:00,1.1779466167424444,1.1814985187110187,1.0037027252081756,False
2014-06-08 04:00:00+00:00,1.1893047606311848,1.1814985187110187,1.0037027252081756,False
2014-06-08 04:30:00+00:00,1.220749558705536,1.1814985187110187,1.0037027252081756,False
2014-06-08 05:00:00+00:00,1.1779466167424444,1.1814985187110187,1.0037027252081756,False
2014-06-08 05:30:00+00:00,1.337323696175448,1.1814985187110187,1.0658154428463285,False
2014-06-08 06:00:00+00:00,1.3967732281358654,1.3866932432432433,1.101207229371688,False
2014-06-08 06:30:00+00:00,1.479783364535972,2.5445017931392933,1.761657797123391,False
2014-06-08 07:00:00+00:00,2.107853650708745,4.074457432432433,2.239274981074943,False
2014-06-08 07:30:00+00:00,2.664381759828831,6.772809485446985,1.960851249053747,False
2014-06-08 08:00:00+00:00,3.1571143621289117,6.253762188149689,4.772725094625283,False
2014-06-08 08:30:00+00:00,4.849629232415085,7.421685005197506,6.184053217259652,False
2014-06-08 09:00:00+00:00,3.4404362396362664,4.949185031185031,5.295061014383043,False
2014-06-08 09:30:00+00:00,4.671296095212624,7.51509747920998,5.774665518546556,False
2014-06-08 10:00:00+00:00,6.0954968173308375,7.8354908004158,6.243837660862983,False
2014-06-08 10:30:00+00:00,4.983972960684675,7.904394490644492,6.373916502649508,False
2014-06-08 11:00:00+00:00,5.0644018454132125,7.961184043659045,6.4763713096139295,False
2014-06-08 11:30:00+00:00,5.131716341267719,8.82069041060291,6.876866919000757,False
2014-06-08 12:00:00+00:00,5.599914843541054,8.352645867983368,6.578937358062074,False
2014-06-08 12:30:00+00:00,5.853474966568601,9.75536912681913,6.535245571536714,False
2014-06-08 13:00:00+00:00,5.155158197378979,9.150295634095636,6.989221347464042,False
2014-06-08 13:30:00+00:00,4.7830329767317465,9.516169204781706,6.771345760787282,False
2014-06-08 14:00:00+00:00,5.859703209414282,8.98466717775468,7.008555450416351,False
2014-06-08 14:30:00+00:00,5.743242150307569,9.20361431912682,7.035444473883421,False
2014-06-08 15:00:00+00:00,7.000836908264241,9.207795738045736,6.97816003028009,False
2014-06-08 15:30:00+00:00,5.060667023268254,8.952038617463618,7.5549948523845565,False
2014-06-08 16:00:00+00:00,6.570677908531693,9.708815046777548,6.3027852006056015,False
2014-06-08 16:30:00+00:00,5.298879753944905,6.579312032224533,6.699200908402725,False
2014-06-08 17:00:00+00:00,4.64169157528751,5.2372512993763,4.79911930355791,False
2014-06-08 17:30:00+00:00,3.1696622091468307,4.6093472972972975,4.064785049205147,False
2014-06-08 18:00:00+00:00,2.947110002674512,2.927331444906445,3.3813295230885694,False
2014-06-08 18:30:00+00:00,2.1304847285370423,2.2529292359667363,2.021125321725965,False
2014-06-08 19:00:00+00:00,1.516700080235357,1.8979936590436592,1.4588495457986377,False
2014-06-08 19:30:00+00:00,1.2346671837389676,1.66274566008316,1.5104488644965934,False
2014-06-08 20:00:00+00:00,1.2031353570473389,1.7569630197505202,1.152589629068887,False
2014-06-08 20:30:00+00:00,1.3262245787643754,1.8192334979209976,1.2707504542013623,False
2014-06-08 21:00:00+00:00,1.2317719978603905,1.511229651767152,1.0313154806964422,False
2014-06-08 21:30:00+00:00,1.1929878309708477,1.4964931133056136,1.1935590461771384,False
2014-06-08 22:00:00+00:00,1.246655843808505,1.203655743243243,1.0398647615442844,False
2014-06-08 22:30:00+00:00,1.2371455469376835,1.446252079002079,1.0037027252081756,False
2014-06-08 23:00:00+00:00,1.412277962021931,1.2899573284823285,1.088126419379258,False
2014-06-08 23:30:00+00:00,1.2748927788178657,1.4132309251559254,1.0459941710825131,False
2014-06-09 00:00:00+00:00,1.3364912543460818,1.1856327702702705,1.0861201362604087,False
2014-06-09 00:30:00+00:00,1.434806739769992,1.196573778586279,1.0111503406510218,False
2014-06-09 01:00:00+00:00,1.3743718373896765,1.5426106029106028,1.0037027252081756,False
2014-06-09 01:30:00+00:00,1.1779466167424444,1.3235713617463618,1.0037027252081756,False
2014-06-09 02:00:00+00:00,1.1779466167424444,1.370711226611227,1.0037027252081756,False
2014-06-09 02:30:00+00:00,1.2389886065792992,1.1814985187110187,1.0037027252081756,False
2014-06-09 03:00:00+00:00,1.1966025942765444,1.1814985187110187,1.0109585541256625,False
2014-06-09 03:30:00+00:00,1.22114075956138,1.1814985187110187,1.0037027252081756,False
2014-06-09 04:00:00+00:00,1.1983706338593203,1.2478383835758835,1.0037027252081756,False
2014-06-09 04:30:00+00:00,1.2210102166354642,1.243331418918919,1.0185450037850112,False
2014-06-09 05:00:00+00:00,1.1779466167424444,1.217983913721414,1.0349969719909158,False
2014-06-09 05:30:00+00:00,1.3587833912810914,2.220840202702703,1.2905249432248296,False
2014-06-09 06:00:00+00:00,2.771724124097352,3.9833223492723495,2.874871877365632,False
2014-06-09 06:30:00+00:00,2.3144208077025943,4.462338773388773,3.738779371688115,False
2014-06-09 07:00:00+00:00,3.741098796469644,4.352708705821207,4.737685465556396,False
2014-06-09 07:30:00+00:00,3.3125394223054294,5.287874376299377,5.1450928084784255,False
2014-06-09 08:00:00+00:00,4.447658518320407,7.706177546777547,5.695055904617714,False
2014-06-09 08:30:00+00:00,6.242513265579032,7.1295933991684,6.7983760408781215,False
2014-06-09 09:00:00+00:00,6.179924311313185,7.903410317047817,5.995755412566237,False
2014-06-09 09:30:00+00:00,5.564706124632255,8.084253612266114,6.766047804693414,False
2014-06-09 10:00:00+00:00,5.338403851297138,8.926188981288982,6.908143414080243,False
2014-06-09 10:30:00+00:00,5.22223367210484,9.596276325363826,7.023700567751703,False
2014-06-09 11:00:00+00:00,5.249369804760631,8.83754935031185,6.863935238455715,False
2014-06-09 11:30:00+00:00,5.294027360256754,9.296639423076924,7.202651703255109,False
2014-06-09 12:00:00+00:00,4.854057582241241,9.930288591476094,7.336377781983345,False
2014-06-09 12:30:00+00:00,5.8395699652313455,9.41480532744283,6.907765140045419,False
2014-06-09 13:00:00+00:00,6.143839930462691,10.439043581081082,7.7071743376230115,False
2014-06-09 13:30:00+00:00,6.573566889542659,9.833885992723491,7.928188228614686,False
2014-06-09 14:00:00+00:00,6.834539716501738,10.38979204781705,8.085411657834973,False
2014-06-09 14:30:00+00:00,5.745350414549344,9.575973882536385,8.354656623769872,False
2014-06-09 15:00:00+00:00,5.6330595078898105,10.204725701663204,6.684134935654806,False
2014-06-09 15:30:00+00:00,5.539749398234822,8.41086632016632,7.884196744890234,False
2014-06-09 16:00:00+00:00,5.504898742979407,8.092902001039501,5.832961657834972,False
2014-06-09 16:30:00+00:00,4.80094811446911,7.358301065488566,6.773876381529144,False
2014-06-09 17:00:00+00:00,4.775725675314255,5.303681652806653,5.052566919000757,False
2014-06-09 17:30:00+00:00,3.903264268520995,4.767679521829522,4.718173580620742,False
2014-06-09 18:00:00+00:00,2.9732000534902383,3.3001539501039505,3.4348103709311126,False
2014-06-09 18:30:00+00:00,2.3632420433270926,2.0578018451143456,2.182786222558667,False
2014-06-09 19:00:00+00:00,1.4995545065525542,1.7097415800415798,1.7456216502649509,False
2014-06-09 19:30:00+00:00,1.3801421770526878,1.5969989604989607,1.43843485995458,False
2014-06-09 20:00:00+00:00,1.4069199251136668,1.6936299116424118,1.278509008327025,False
2014-06-09 20:30:00+00:00,1.3814505750200587,1.3664221153846154,1.096223732021196,False
2014-06-09 21:00:00+00:00,1.1852147098154586,1.6093173596673598,1.187515329295988,False
2014-06-09 21:30:00+00:00,1.1779466167424444,1.5585791580041584,1.2515569265707795,False
2014-06-09 22:00:00+00:00,1.1779466167424444,1.439450363825364,1.0763088190764571,False
2014-06-09 22:30:00+00:00,1.249140331639476,1.5944446205821208,1.033581037093111,False
2014-06-09 23:00:00+00:00,1.2717141214228402,1.7339492463617467,1.1777814155942468,False
2014-06-09 23:30:00+00:00,1.2572600962824283,1.3912370841995845,1.012128122634368,False
2014-06-10 00:00:00+00:00,1.298943995720781,1.6351252858627858,1.0386619227857683,False
2014-06-10 00:30:00+00:00,1.1779466167424444,1.6643065488565487,1.0793596517789554,False
2014-06-10 01:00:00+00:00,1.1886549612195774,1.5450137733887734,1.0291588569265708,False
2014-06-10 01:30:00+00:00,1.268541000267451,1.3026936330561332,1.0116314534443602,False
2014-06-10 02:00:00+00:00,1.1934334046536508,1.4646980249480253,1.0037027252081756,False
2014-06-10 02:30:00+00:00,1.1779466167424444,1.4373053534303537,1.0025510598031793,False
2014-06-10 03:00:00+00:00,1.1779466167424444,1.2579323284823285,1.0037027252081756,False
2014-06-10 03:30:00+00:00,1.1779466167424444,1.463570608108108,1.0037027252081756,False
2014-06-10 04:00:00+00:00,1.1779466167424444,1.3302361486486487,1.0037027252081756,False
2014-06-10 04:30:00+00:00,1.1779466167424444,1.2380498700623703,1.0037027252081756,False
2014-06-10 05:00:00+00:00,1.2558515645894623,1.2376309511434511,1.0844660862982587,False
2014-06-10 05:30:00+00:00,1.840886199518588,3.8332076923076928,2.5413041256623767,False
2014-06-10 06:00:00+00:00,3.36518534367478,4.975566502079003,3.9639616578349735,False
2014-06-10 06:30:00+00:00,4.255289435677988,5.9189775727650735,5.2793856169568505,False
2014-06-10 07:00:00+00:00,4.200063787108853,6.35808128898129,6.259101627554882,False
2014-06-10 07:30:00+00:00,3.939216154051885,8.848578690228692,6.822893262679788,False
2014-06-10 08:00:00+00:00,5.506603851297139,10.089232536382536,7.7970448902346705,False
2014-06-10 08:30:00+00:00,5.247651778550415,7.694009251559252,7.540161317183951,False
2014-06-10 09:00:00+00:00,5.792439903717571,9.39196314968815,7.07650310370931,False
2014-06-10 09:30:00+00:00,5.731558063653383,9.876092333679836,6.984115404996214,False
2014-06-10 10:00:00+00:00,5.505722118213426,9.550365280665282,7.632218925056775,False
2014-06-10 10:30:00+00:00,5.356102005883925,9.968389864864866,7.8405455336866,False
2014-06-10 11:00:00+00:00,6.237018775073549,10.19046943866944,7.724054012112036,False
2014-06-10 11:30:00+00:00,5.616048863332442,11.025850285862786,7.885442505677517,False
2014-06-10 12:00:00+00:00,5.914227360256753,10.306972271309771,7.841118508705525,False
2014-06-10 12:30:00+00:00,5.924866755817063,9.975421933471935,7.317721006813019,False
2014-06-10 13:00:00+00:00,4.76427796202193,11.03976743762994,7.592172180166539,False
2014-06-10 13:30:00+00:00,5.055189355442632,8.81643206860707,7.220092997728992,False
2014-06-10 14:00:00+00:00,6.228246964428992,9.33341826923077,7.14568304314913,False
2014-06-10 14:30:00+00:00,5.161037443166621,8.919097661122663,6.5734001892505685,False
2014-06-10 15:00:00+00:00,4.172980369082643,6.79857079002079,5.8950640045420135,False
2014-06-10 15:30:00+00:00,4.117641508424713,6.239343165280666,5.198763512490537,False
2014-06-10 16:00:00+00:00,3.727253570473388,6.099790514553015,5.163526570779712,False
2014-06-10 16:30:00+00:00,4.502731131318534,7.265468347193348,6.1212130582891735,False
2014-06-10 17:00:00+00:00,4.74311115271463,6.7346527806652805,5.045971953065858,False
2014-06-10 17:30:00+00:00,3.3759670500133727,3.930075623700624,3.8432915594246784,False
2014-06-10 18:00:00+00:00,1.911991709013105,2.8871923336798337,2.502737812263437,False
2014-06-10 18:30:00+00:00,1.4702005349023803,2.147303482328483,1.3941783118849358,False
2014-06-10 19:00:00+00:00,1.2778511366675582,2.0777736486486487,1.487729333838001,False
2014-06-10 19:30:00+00:00,1.1995790853169297,1.8107577702702704,1.2480584405753217,False
2014-06-10 20:00:00+00:00,1.19675407863065,1.7667660083160086,1.0696027252081757,False
2014-06-10 20:30:00+00:00,1.224148943567799,1.6601199844074843,1.1427249810749431,False
2014-06-10 21:00:00+00:00,1.2147841401444237,1.470239916839917,1.198541180923543,False
2014-06-10 21:30:00+00:00,1.3734690826424176,1.645835239085239,1.2760402725208175,False
2014-06-10 22:00:00+00:00,1.209186627440492,1.7660676715176715,1.15243550340651,False
2014-06-10 22:30:00+00:00,1.2675945439957206,1.2485161642411642,1.0534332702498108,False
2014-06-10 23:00:00+00:00,1.2234486761166088,1.5973888773388776,1.1113526495079484,False
2014-06-10 23:30:00+00:00,1.392801845413212,1.453446023908524,1.0383629068887206,False
2014-06-11 00:00:00+00:00,1.4121854239101364,1.4030265332640337,1.2262150264950793,False
2014-06-11 00:30:00+00:00,1.2636768654720514,1.6771154365904368,1.172903709311128,False
2014-06-11 01:00:00+00:00,1.25976956405456,1.8749204002079003,1.1570234670704012,False
2014-06-11 01:30:00+00:00,1.196506953730944,1.2670916060291062,1.1753841029523089,False
2014-06-11 02:00:00+00:00,1.2342931265044128,1.5183281185031186,1.0352820968962906,False
2014-06-11 02:30:00+00:00,1.1910555763573147,1.3291406444906446,1.0037027252081756,False
2014-06-11 03:00:00+00:00,1.1779466167424444,1.255289968814969,1.0534320211960635,False
2014-06-11 03:30:00+00:00,1.1779466167424444,1.377171231808732,1.0790532929598788,False
2014-06-11 04:00:00+00:00,1.1812338860657932,1.3569066787941788,1.087407229371688,False
2014-06-11 04:30:00+00:00,1.2495121422840332,1.5250815228690229,1.0663698334595002,False
2014-06-11 05:00:00+00:00,1.2867376571275742,1.6895846673596675,1.1885559424678271,False
2014-06-11 05:30:00+00:00,2.343977400374432,3.241915436590437,2.741595155185465,False
2014-06-11 06:00:00+00:00,3.0880451992511366,4.448815904365905,3.814544133232399,False
2014-06-11 06:30:00+00:00,3.3221431131318537,3.869408575883576,4.488552535957608,False
2014-06-11 07:00:00+00:00,4.860751564589463,7.513671933471935,5.867872255866768,False
2014-06-11 07:30:00+00:00,5.917209735223322,9.34071114864865,7.476434670704012,False
2014-06-11 08:00:00+00:00,6.248736025675314,8.328786564449066,6.743561771385314,False
2014-06-11 08:30:00+00:00,6.033773308371223,8.51513154885655,8.011224981074943,False
2014-06-11 09:00:00+00:00,5.376413907461888,8.416276455301455,6.828336979560938,False
2014-06-11 09:30:00+00:00,4.149139475795667,8.856443970893972,7.17804841029523,False
2014-06-11 10:00:00+00:00,5.8795840599090665,9.792381522869023,7.895967751703255,False
2014-06-11 10:30:00+00:00,5.345195694035838,9.736076715176717,7.548794928084784,False
2014-06-11 11:00:00+00:00,6.312679326023001,10.290407978170478,7.453561998485996,False
2014-06-11 11:30:00+00:00,6.188899063920835,11.09046678794179,7.876888682816047,False
2014-06-11 12:00:00+00:00,6.749026718373896,11.688875311850312,8.130776797880394,False
2014-06-11 12:30:00+00:00,5.654012409735223,10.838981470893971,6.759726230128689,False
2014-06-11 13:00:00+00:00,5.396576170098957,11.33191314968815,8.024701589704767,False
2014-06-11 13:30:00+00:00,4.075656432201123,11.542890020790022,8.497449394398183,False
2014-06-11 14:00:00+00:00,6.335688392618347,11.702166242203743,7.872767335352005,False
2014-06-11 14:30:00+00:00,7.105542391013641,11.526500571725572,9.234346025738075,False
2014-06-11 15:00:00+00:00,7.4919761700989564,10.455938123700626,7.3484328538985615,False
2014-06-11 15:30:00+00:00,5.906084300615137,9.45457422037422,7.21921631339894,False
2014-06-11 16:00:00+00:00,5.171717598288312,9.463535395010396,7.2576668811506435,False
2014-06-11 16:30:00+00:00,5.911699893019524,8.78590621101871,7.426477252081756,False
2014-06-11 17:00:00+00:00,5.010471355977535,7.358954313929315,6.817663171839515,False
2014-06-11 17:30:00+00:00,4.349944931799946,6.537755561330562,4.980426608629825,False
2014-06-11 18:00:00+00:00,3.038720861192832,4.573837603950103,4.1761430355791065,False
2014-06-11 18:30:00+00:00,2.2243614335383795,3.324495244282745,2.5751822104466315,False
2014-06-11 19:00:00+00:00,1.6885548274939823,2.5464114604989607,1.7054817562452689,False
2014-06-11 19:30:00+00:00,1.2106519390211286,1.9808771049896048,1.4741175246025735,False
2014-06-11 20:00:00+00:00,1.475150762235892,2.0808443607068607,1.4733304693414078,False
2014-06-11 20:30:00+00:00,1.279489917090131,1.1814985187110187,1.2077791067373205,False
2014-06-11 21:00:00+00:00,1.1779466167424444,1.2593991424116426,1.1045905753217258,False
2014-06-11 21:30:00+00:00,1.3162605242043326,1.228639864864865,1.1026573807721425,False
2014-06-11 22:00:00+00:00,1.3165163412677188,1.6598051715176718,1.1095524224072673,False
2014-06-11 22:30:00+00:00,1.3167670767584916,1.4737949324324326,1.2254531794095382,False
2014-06-11 23:00:00+00:00,1.2386074351430865,1.4391659303534303,1.199646707040121,False
2014-06-11 23:30:00+00:00,1.2113311045734152,1.3856290020790023,1.147210522331567,False
2014-06-12 00:00:00+00:00,1.2490018186680931,1.2474494542619543,1.0037027252081756,False
2014-06-12 00:30:00+00:00,1.409066515110992,1.7853535343035345,1.1787941710825132,False
2014-06-12 01:00:00+00:00,1.1843896496389408,1.394991813929314,1.121982059046177,False
2014-06-12 01:30:00+00:00,1.1779466167424444,1.2098016891891892,1.0037027252081756,False
2014-06-12 02:00:00+00:00,1.1779466167424444,1.6991808471933474,1.0982096517789552,False
2014-06-12 02:30:00+00:00,1.3442801551216903,1.4550625,1.0917589704769113,False
2014-06-12 03:00:00+00:00,1.2629637603637336,1.7029564449064452,1.1867636638909915,False
2014-06-12 03:30:00+00:00,1.18842364268521,1.5713262733887736,1.1916450037850113,False
2014-06-12 04:00:00+00:00,1.1779466167424444,1.5350801455301455,1.021547464042392,False
2014-06-12 04:30:00+00:00,1.24602201123295,1.613054937629938,1.299240386071158,False
2014-06-12 05:00:00+00:00,1.8660127841668892,2.84743931912682,2.1766140802422407,False
2014-06-12 05:30:00+00:00,2.9067021663546404,4.30403788981289,3.4693811884935646,False
2014-06-12 06:00:00+00:00,3.577557822947312,5.131172479209979,4.519768092354277,False
2014-06-12 06:30:00+00:00,4.550244557368281,6.801760550935551,5.773580885692656,False
2014-06-12 07:00:00+00:00,5.4550919497191765,9.060175181912683,6.474139780469341,False
2014-06-12 07:30:00+00:00,5.695501176785236,9.415457068607068,6.904133421650264,False
2014-06-12 08:00:00+00:00,5.906832441829367,10.270273986486488,7.475592316426948,False
2014-06-12 08:30:00+00:00,6.638999866274405,10.396297219334722,8.217904655563967,False
2014-06-12 09:00:00+00:00,6.188651216902914,10.231335213097712,7.507465102195305,False
2014-06-12 09:30:00+00:00,5.594185156458947,10.404345608108107,7.545327403482211,False
2014-06-12 10:00:00+00:00,5.734541347953998,10.362004261954263,7.399041937925813,False
2014-06-12 10:30:00+00:00,6.418082054025141,10.987390306652808,7.835168697956093,False
2014-06-12 11:00:00+00:00,6.554578229473121,11.362371673596677,8.168220287660862,False
2014-06-12 11:30:00+00:00,6.475086654185611,11.149260420997924,8.325836298258894,False
2014-06-12 12:00:00+00:00,6.239491334581438,10.90833731808732,8.059091218773657,False
2014-06-12 12:30:00+00:00,5.846143086386734,11.071952494802495,7.856805715367146,False
2014-06-12 13:00:00+00:00,6.940538887403048,11.395514423076923,9.18726249053747,False
2014-06-12 13:30:00+00:00,5.281105776945707,12.076062084199584,9.118762831188494,False
2014-06-12 14:00:00+00:00,6.35513452794865,11.289966917879418,8.404740499621498,False
2014-06-12 14:30:00+00:00,6.83343233484889,11.559974714137216,8.487273542770629,False
2014-06-12 15:00:00+00:00,5.540817598288312,11.320352338877338,8.654951778955336,False
2014-06-12 15:30:00+00:00,6.185034688419364,12.239164033264034,8.304375246025739,False
2014-06-12 16:00:00+00:00,6.038838700187216,9.8823650987526,7.92774595003785,False
2014-06-12 16:30:00+00:00,5.602774324685745,9.891258835758835,7.334931415594245,False
2014-06-12 17:00:00+00:00,4.894782776143354,7.995545478170479,5.110133838001514,False
2014-06-12 17:30:00+00:00,3.78498151912276,6.953717151767152,4.933575927327782,False
2014-06-12 18:00:00+00:00,2.687844156191495,4.76058050935551,3.623842581377744,False
2014-06-12 18:30:00+00:00,2.254758678791121,3.395934537422037,2.46225991672975,False
2014-06-12 19:00:00+00:00,1.475743861995186,2.50155382016632,1.5734437925813778,False
2014-06-12 19:30:00+00:00,1.2786834447713291,2.036778222453223,1.4091957229371683,False
2014-06-12 20:00:00+00:00,1.2459644824819471,1.8393068347193349,1.5278445495836488,False
2014-06-12 20:30:00+00:00,1.1779466167424444,1.855564864864865,1.042945117335352,False
2014-06-12 21:00:00+00:00,1.445821449585451,1.3094698284823283,1.1138682816048446,False
2014-06-12 21:30:00+00:00,1.3311472051350628,1.2981951923076924,1.0664439061317184,False
2014-06-12 22:00:00+00:00,1.3007942230542926,1.4635138253638256,1.1164794852384556,False
2014-06-12 22:30:00+00:00,1.213798422037978,1.380097115384615,1.2017340651021953,False
2014-06-12 23:00:00+00:00,1.2464577159668362,1.2293225831600834,1.1299644208932629,False
2014-06-12 23:30:00+00:00,1.304467798876705,1.4489073284823286,1.087637887963664,False
2014-06-13 00:00:00+00:00,1.509142578229473,1.250104365904366,1.134298221044663,False
2014-06-13 00:30:00+00:00,1.197306579299278,1.1920431133056133,1.1031577214231645,False
2014-06-13 01:00:00+00:00,1.1779466167424444,1.2304532484407489,1.0140396669190006,False
2014-06-13 01:30:00+00:00,1.1779466167424444,1.1814985187110187,1.0155210825132477,False
2014-06-13 02:00:00+00:00,1.2952264509227065,1.2673686850311852,1.0037027252081756,False
2014-06-13 02:30:00+00:00,1.1779466167424444,1.3955263513513514,1.08603198334595,False
2014-06-13 03:00:00+00:00,1.1779466167424444,1.4777135395010397,1.071266161998486,False
2014-06-13 03:30:00+00:00,1.2086229205669965,1.478485758835759,1.1112216881150645,False
2014-06-13 04:00:00+00:00,1.18983043594544,1.3921944646569648,1.0037027252081756,False
2014-06-13 04:30:00+00:00,1.187733859320674,1.5099533783783785,1.0037027252081756,False
2014-06-13 05:00:00+00:00,1.4169247124899704,2.2764843814968816,1.7991347842543526,False
2014-06-13 05:30:00+00:00,2.8239806365338325,4.138139527027028,3.27022165026495,False
2014-06-13 06:00:00+00:00,3.5563652580903984,5.025166138253638,4.3751883043149125,False
2014-06-13 06:30:00+00:00,4.418366702326825,7.284606756756757,5.902147615442845,False
2014-06-13 07:00:00+00:00,5.355355870553623,8.824288981288984,6.741358137774412,False
2014-06-13 07:30:00+00:00,6.391886039047874,8.811264630977131,7.28524894019682,False
2014-06-13 08:00:00+00:00,5.552146884193634,10.083196517671515,7.599904579863739,False
2014-06-13 08:30:00+00:00,6.305466060443968,9.657228482328485,6.916366464799394,False
2014-06-13 09:00:00+00:00,5.898859079967905,9.952563877338878,8.02260041635125,False
2014-06-13 09:30:00+00:00,5.539508478202728,10.49602307692308,7.735857645722937,False
2014-06-13 10:00:00+00:00,6.278627306766516,10.135984121621622,8.056472937168811,False
2014-06-13 10:30:00+00:00,6.072969216368013,10.626058783783783,8.06438614685844,False
2014-06-13 11:00:00+00:00,6.368383204065258,11.301375025987523,8.359153330809992,False
2014-06-13 11:30:00+00:00,6.451823348488901,11.208931366943869,7.475728690386071,False
2014-06-13 12:00:00+00:00,6.720342818935543,10.48075751039501,8.501114685844058,False
2014-06-13 12:30:00+00:00,6.979456967103504,11.344443607068609,8.192374186222558,False
2014-06-13 13:00:00+00:00,5.74552744049211,11.911197141372142,8.014901551854654,False
2014-06-13 13:30:00+00:00,4.599286065792993,12.2939125,8.443910257380772,False
2014-06-13 14:00:00+00:00,7.311449612195775,11.802677546777549,8.267641332323997,False
2014-06-13 14:30:00+00:00,6.743370152447178,12.822183731808732,8.470866616199848,False
2014-06-13 15:00:00+00:00,7.549070446643486,12.997702910602912,9.205795041635124,False
2014-06-13 15:30:00+00:00,6.582809360791655,12.167035057172557,8.599866691900075,False
2014-06-13 16:00:00+00:00,6.600255603102433,11.062244282744285,6.249141710825131,False
2014-06-13 16:30:00+00:00,5.890003637336187,10.74205771829522,8.050244019682058,False
2014-06-13 17:00:00+00:00,6.132989328697512,8.733271153846154,5.600056472369416,False
2014-06-13 17:30:00+00:00,4.233109200320941,7.806800987525989,6.024655034065101,False
2014-06-13 18:00:00+00:00,3.7168732816261034,5.697716787941788,4.382954466313398,False
2014-06-13 18:30:00+00:00,2.671598422037978,4.14287474012474,3.206919568508705,False
2014-06-13 19:00:00+00:00,2.155298689489168,3.183373960498961,2.235332816048448,False
2014-06-13 19:30:00+00:00,1.6325281626103236,2.2846769490644494,1.5999543149129445,False
2014-06-13 20:00:00+00:00,1.4673128644022466,1.9889282744282744,1.7504649886449657,False
2014-06-13 20:30:00+00:00,1.4274300882588928,2.131289579002079,1.2189625662376986,False
2014-06-13 21:00:00+00:00,1.307209949184274,1.5230525467775469,1.3199726722180165,False
2014-06-13 21:30:00+00:00,1.3606375501470982,1.9719722453222448,1.49721161998486,False
2014-06-13 22:00:00+00:00,1.3680036105910671,1.4216682952182953,1.3494664269492809,False
2014-06-13 22:30:00+00:00,1.3076538379245788,1.469496257796258,1.1637168433005298,False
2014-06-13 23:00:00+00:00,1.2412520994918428,1.1814985187110187,1.0878032172596517,False
2014-06-13 23:30:00+00:00,1.2023741642150307,1.2618546777546775,1.0722859576078727,False
2014-06-14 00:00:00+00:00,1.253544075956138,1.28811658004158,1.1584965934897804,False
2014-06-14 00:30:00+00:00,1.1779466167424444,1.2582027546777548,1.2239790310370928,False
2014-06-14 01:00:00+00:00,1.1779466167424444,1.2279121621621625,1.27302676003028,False
2014-06-14 01:30:00+00:00,1.1779466167424444,1.242307146569647,1.1079211960635882,False
2014-06-14 02:00:00+00:00,1.2421975127039315,1.306933757796258,1.0037027252081756,False
2014-06-14 02:30:00+00:00,1.1779466167424444,1.38393724012474,1.0682682059046178,False
2014-06-14 03:00:00+00:00,1.3264312115538914,1.4300129417879417,1.0778920136260408,False
2014-06-14 03:30:00+00:00,1.2126551751805297,1.5238634615384616,1.1832368281604844,False
2014-06-14 04:00:00+00:00,1.2327313185343676,1.489531834719335,1.1838070022710068,False
2014-06-14 04:30:00+00:00,1.29759673709548,1.6288911902286902,1.153732399697199,False
2014-06-14 05:00:00+00:00,1.3816979941160736,2.834398284823285,2.062768849356548,False
2014-06-14 05:30:00+00:00,3.1324320673977,4.663962993762994,3.566097388342165,False
2014-06-14 06:00:00+00:00,3.855361273067665,5.854566658004159,4.891842732778198,False
2014-06-14 06:30:00+00:00,4.635742471248997,8.115880925155926,5.895511771385314,False
2014-06-14 07:00:00+00:00,5.088692217170366,7.210164241164241,7.667332891748676,False
2014-06-14 07:30:00+00:00,5.873372506017652,9.443013253638256,7.255988039364118,False
2014-06-14 08:00:00+00:00,6.758923856646162,10.91565571725572,8.106293981831946,False
2014-06-14 08:30:00+00:00,6.773991815993582,8.887281392931392,7.714841332323997,False
2014-06-14 09:00:00+00:00,4.240210912008559,10.19492060810811,7.684260825132474,False
2014-06-14 09:30:00+00:00,5.631037202460552,10.9322571985447,7.46739360333081,False
2014-06-14 10:00:00+00:00,5.465228323081037,10.81215369022869,7.675304655563966,False
2014-06-14 10:30:00+00:00,6.604567718641348,10.69946800935551,7.547507456472369,False
2014-06-14 11:00:00+00:00,6.6671535972185065,10.875711434511434,8.1849617335352,False
2014-06-14 11:30:00+00:00,6.822178764375501,11.24479643970894,8.360690423921271,False
2014-06-14 12:00:00+00:00,6.44735054827494,11.519231522869022,8.418979750189251,False
2014-06-14 12:30:00+00:00,7.13538098422038,11.96071366943867,7.855526760030279,False
2014-06-14 13:00:00+00:00,6.160908825889275,11.646668607068609,9.013654049962147,False
2014-06-14 13:30:00+00:00,5.156891147365606,11.862447583160083,8.118202763058289,False
2014-06-14 14:00:00+00:00,8.205717437817599,11.013303976091477,7.522235654806964,False
2014-06-14 14:30:00+00:00,6.017795266113934,12.387137967775468,9.388706207418622,False
2014-06-14 15:00:00+00:00,6.224789515913345,11.824540462577962,9.186415291445874,False
2014-06-14 15:30:00+00:00,6.465915351698316,12.728910031185032,7.99864084027252,False
2014-06-14 16:00:00+00:00,6.205961807970045,12.862401169438671,7.7845889856169554,False
2014-06-14 16:30:00+00:00,6.701319042524738,11.196482432432433,8.056377971233912,False
2014-06-14 17:00:00+00:00,5.961328510296871,10.509826585239086,6.846053557910674,False
2014-06-14 17:30:00+00:00,5.00151658197379,8.536396257796259,6.55703133989402,False
2014-06-14 18:00:00+00:00,4.233951564589463,6.476836772349273,5.190119076457228,False
2014-06-14 18:30:00+00:00,2.716432040652581,4.834427182952183,3.2106599167297496,False
2014-06-14 19:00:00+00:00,1.8644280823749664,3.321436382536383,2.275981491294474,False
2014-06-14 19:30:00+00:00,1.641881840064188,2.824830821205821,2.069485654806964,False
2014-06-14 20:00:00+00:00,1.5296555228670767,2.248834017671518,1.608651741105223,False
2014-06-14 20:30:00+00:00,1.4272824017116874,2.168584667359668,1.490189894019682,False
2014-06-14 21:00:00+00:00,1.2865484086654184,2.102689890852391,1.5484589326267977,False
2014-06-14 21:30:00+00:00,1.2212836052420435,1.4510666060291062,1.3976907645722936,False
2014-06-14 22:00:00+00:00,1.1779466167424444,1.7823570945945946,1.3311456472369414,False
2014-06-14 22:30:00+00:00,1.351562637068735,1.3925843295218296,1.427984519303558,False
2014-06-14 23:00:00+00:00,1.2236222786841402,1.2216949064449063,1.2662656699470096,False
2014-06-14 23:30:00+00:00,1.3321515378443434,1.487147843035343,1.4198608629825888,False
2014-06-15 00:00:00+00:00,1.246049130783632,1.4520110966735966,1.33905117335352,False
2014-06-15 00:30:00+00:00,1.5999128109120089,1.3165245322245325,1.1249832702498106,False
2014-06-15 01:00:00+00:00,1.3612242310778284,1.420389734927235,1.5462027252081756,False
2014-06-15 01:30:00+00:00,1.4823669697780155,1.2970994282744286,1.323337358062074,False
2014-06-15 02:00:00+00:00,1.2488773468841936,1.1814985187110187,1.1990980696442088,False
2014-06-15 02:30:00+00:00,1.3402304626905588,1.336762863825364,1.1403052611657831,False
2014-06-15 03:00:00+00:00,1.212432174378176,1.337591943866944,1.1570305828917486,False
2014-06-15 03:30:00+00:00,1.1779466167424444,1.6302407484407488,1.1380306207418622,False
2014-06-15 04:00:00+00:00,1.1779466167424444,1.419835602910603,1.077920439061317,False
2014-06-15 04:30:00+00:00,1.248189836854774,1.607479313929314,1.3180513247539742,False
2014-06-15 05:00:00+00:00,2.2994543728269594,3.436750493762994,2.9391081756245265,False
2014-06-15 05:30:00+00:00,3.062503102433806,4.738370582120583,3.8997852384557152,False
2014-06-15 06:00:00+00:00,4.238488018186681,6.43966483887734,5.26259947009841,False
2014-06-15 06:30:00+00:00,5.182175020058839,8.758133160083162,6.310641937925815,False
2014-06-15 07:00:00+00:00,5.187845760898635,8.549320530145533,7.4043041635124895,False
2014-06-15 07:30:00+00:00,5.408741454934474,10.186516424116425,7.769997918243754,False
2014-06-15 08:00:00+00:00,6.460412677186413,10.935973154885655,8.054330772142317,False
2014-06-15 08:30:00+00:00,6.251684140144423,9.455598752598751,8.644038266464799,False
2014-06-15 09:00:00+00:00,5.650881759828831,10.863349896049897,7.471143565480696,False
2014-06-15 09:30:00+00:00,6.116107087456539,11.29681010914761,7.873528425435276,False
2014-06-15 10:00:00+00:00,6.113677507354908,10.326967801455304,7.470886373959122,False
2014-06-15 10:30:00+00:00,6.012990451992511,10.920185784823286,7.619351324753975,False
2014-06-15 11:00:00+00:00,6.140250227333511,10.382564163201664,8.266257305071916,False
2014-06-15 11:30:00+00:00,6.194425167156994,10.856170764033266,8.826034822104466,False
2014-06-15 12:00:00+00:00,5.179798074351431,10.613062785862788,8.054893262679787,False
2014-06-15 12:30:00+00:00,6.798270580369083,11.251074974012475,9.374269909159729,False
2014-06-15 13:00:00+00:00,5.611515565659268,11.821838149688151,7.368621158213475,False
2014-06-15 13:30:00+00:00,4.98633559775341,12.29993931912682,8.88932687358062,False
2014-06-15 14:00:00+00:00,6.362461834715164,11.690718866943868,8.731404012112035,False
2014-06-15 14:30:00+00:00,6.298406071142017,10.52036023908524,7.660979031037092,False
2014-06-15 15:00:00+00:00,6.45355108317732,11.21093497920998,9.293499545798635,False
2014-06-15 15:30:00+00:00,5.066783738967638,10.888834459459462,8.423570476911431,False
2014-06-15 16:00:00+00:00,6.523954239101363,11.295825233887737,8.32435862982589,False
2014-06-15 16:30:00+00:00,8.213297165017384,9.340012967775468,8.021954466313398,False
2014-06-15 17:00:00+00:00,6.194587911206205,7.560969698544699,6.646632702498106,False
2014-06-15 17:30:00+00:00,3.6341231880181866,6.128883497920999,5.159556207418621,False
2014-06-15 18:00:00+00:00,3.404789863599893,4.369770608108109,4.059940726722179,False
2014-06-15 18:30:00+00:00,1.7905388071676918,3.2318863045738047,2.638479939439818,False
2014-06-15 19:00:00+00:00,1.7125982883123827,2.703631574844075,2.050523542770628,False
2014-06-15 19:30:00+00:00,1.50098178657395,2.228107068607069,1.641524829674489,False
2014-06-15 20:00:00+00:00,1.5370220647231878,2.016627364864865,1.341850416351249,False
2014-06-15 20:30:00+00:00,1.4172080502808238,1.6000036122661123,1.4253570401211202,False
2014-06-15 21:00:00+00:00,1.40885760898636,1.357175207900208,1.176351249053747,False
2014-06-15 21:30:00+00:00,1.204123615940091,1.2031431912681914,1.2435832702498106,False
2014-06-15 22:00:00+00:00,1.3967752875100294,1.1880223752598755,1.0037027252081756,False
2014-06-15 22:30:00+00:00,1.3341478737630383,1.2694275987525987,1.063845193035579,False
2014-06-15 23:00:00+00:00,1.1887083979673707,1.1878185291060293,1.062270287660863,False
2014-06-15 23:30:00+00:00,1.241310163145226,1.1814985187110187,1.0080589704769114,False
2014-06-16 00:00:00+00:00,1.200674565391816,1.2576625519750522,1.08975469341408,False
2014-06-16 00:30:00+00:00,1.1825393688151913,1.1814985187110187,1.0613465177895534,False
2014-06-16 01:00:00+00:00,1.1779466167424444,1.3735122401247404,0.9967554882664648,False
2014-06-16 01:30:00+00:00,1.1819652580903983,1.2687035343035344,1.0037027252081756,False
2014-06-16 02:00:00+00:00,1.1805499598823217,1.2245677494802496,1.0932441710825131,False
2014-06-16 02:30:00+00:00,1.2472315592404386,1.4562741164241164,1.025407002271007,False
2014-06-16 03:00:00+00:00,1.1779466167424444,1.288496205821206,1.0037027252081756,False
2014-06-16 03:30:00+00:00,1.309874779352768,1.358502338877339,1.1138523088569263,False
2014-06-16 04:00:00+00:00,1.2172961487028615,1.476771231808732,1.177410862982589,False
2014-06-16 04:30:00+00:00,1.1779466167424444,1.2586512993762995,1.0627831945495836,False
2014-06-16 05:00:00+00:00,1.1855216902915218,1.7259767151767151,1.2915084027252082,False
2014-06-16 05:30:00+00:00,1.3876516180797005,2.549801221413722,1.8782782361847083,False
2014-06-16 06:00:00+00:00,2.4958674779352767,3.6249595893970894,3.0941126797880387,False
2014-06-16 06:30:00+00:00,2.6476774271195507,4.306743191268192,4.006083118849356,False
2014-06-16 07:00:00+00:00,4.258630328964964,7.167965592515593,5.4424315669947,False
2014-06-16 07:30:00+00:00,4.098060711420166,7.878534719334719,7.116832134746404,False
2014-06-16 08:00:00+00:00,5.421583284300615,7.361185524948025,7.0336093111279325,False
2014-06-16 08:30:00+00:00,5.139138058304359,6.772698284823285,6.505291786525359,False
2014-06-16 09:00:00+00:00,6.946816207542122,10.02375337837838,7.792699205147615,False
2014-06-16 09:30:00+00:00,5.289233752340198,9.5846867983368,7.213711317183951,False
2014-06-16 10:00:00+00:00,5.091637122225193,7.873955795218296,7.043002271006813,False
2014-06-16 10:30:00+00:00,5.603846857448515,8.066038097713099,7.589939212717637,False
2014-06-16 11:00:00+00:00,6.052533725595079,9.521268035343036,7.252971990915972,False
2014-06-16 11:30:00+00:00,7.128640813051618,9.991472972972971,7.945958932626797,False
2014-06-16 12:00:00+00:00,6.736553436747793,10.84632585758836,7.7284284254352755,False
2014-06-16 12:30:00+00:00,6.142060845145761,10.730228326403328,8.137615707797123,False
2014-06-16 13:00:00+00:00,6.597682455201925,10.344043217255718,8.738504655563966,False
2014-06-16 13:30:00+00:00,5.354376945707409,10.691423076923078,8.453737925813778,False
2014-06-16 14:00:00+00:00,4.988220460016047,10.439033290020792,8.148861922785766,False
2014-06-16 14:30:00+00:00,5.491764134795399,9.666230769230769,7.5106838001514,False
2014-06-16 15:00:00+00:00,6.778264696442899,9.93550369022869,8.05310011355034,False
2014-06-16 15:30:00+00:00,5.168686627440492,9.53667915800416,7.6250150264950785,False
2014-06-16 16:00:00+00:00,8.094739021128643,8.687054859667361,7.675810900832701,False
2014-06-16 16:30:00+00:00,4.823170473388607,6.896111850311852,5.655105071915215,False
2014-06-16 17:00:00+00:00,5.181414228403317,5.390952884615385,4.929900870552611,False
2014-06-16 17:30:00+00:00,3.86375327627708,5.033764319126819,4.702953898561695,False
2014-06-16 18:00:00+00:00,2.702595292859053,3.5486277027027024,3.3638989023467065,False
2014-06-16 18:30:00+00:00,1.971639342070072,2.728101897089397,2.452252611657835,False
2014-06-16 19:00:00+00:00,1.6438314522599626,1.9256498700623703,2.0261371688115064,False
2014-06-16 19:30:00+00:00,1.393374806097887,1.5997036122661124,1.3474487887963662,False
2014-06-16 20:00:00+00:00,1.443613720246055,1.3884285862785863,1.3233225586676758,False
2014-06-16 20:30:00+00:00,1.2525194437015243,1.3948864085239083,1.442590310370931,False
2014-06-16 21:00:00+00:00,1.2873193367210485,1.2978768970893972,1.3406294852384557,False
2014-06-16 21:30:00+00:00,1.2659877239903718,1.317439968814969,1.3423344057532172,False
2014-06-16 22:00:00+00:00,1.3120935276811982,1.2432579781704782,1.075617940953823,False
2014-06-16 22:30:00+00:00,1.2110198448783096,1.34454145010395,1.175931642694928,False
2014-06-16 23:00:00+00:00,1.1968775341000266,1.3918344594594596,1.0336302422407266,False
2014-06-16 23:30:00+00:00,1.3116887135597752,1.1894332900207902,1.0037027252081756,False
2014-06-17 00:00:00+00:00,1.189983257555496,1.2662930613305614,1.0140060938682816,False
2014-06-17 00:30:00+00:00,1.3023889810109657,1.2012176455301458,1.0603230128690386,False
2014-06-17 01:00:00+00:00,1.1779466167424444,1.2469363305613306,1.1161617713853142,False
2014-06-17 01:30:00+00:00,1.2459644824819471,1.310358316008316,1.1297904996214987,False
2014-06-17 02:00:00+00:00,1.1779466167424444,1.2719591735966738,1.0277347464042392,False
2014-06-17 02:30:00+00:00,1.1779466167424444,1.228808913721414,1.034685352006056,False
2014-06-17 03:00:00+00:00,1.1779466167424444,1.237794230769231,1.0392197199091595,False
2014-06-17 03:30:00+00:00,1.1779466167424444,1.2710116424116424,1.027636601059803,False
2014-06-17 04:00:00+00:00,1.2034682535437282,1.3851751559251562,1.02718955336866,False
2014-06-17 04:30:00+00:00,1.2071263171971116,1.316073232848233,1.0037027252081756,False
2014-06-17 05:00:00+00:00,1.2263598555763573,1.3029307952182954,1.062626267978804,False
2014-06-17 05:30:00+00:00,1.3164691896228935,1.850771023908524,1.5100052611657837,False
2014-06-17 06:00:00+00:00,2.9514006151377377,3.925460369022869,3.04316267978804,False
2014-06-17 06:30:00+00:00,3.827518079700455,5.223554261954262,4.069497161241483,False
2014-06-17 07:00:00+00:00,4.162915030756887,6.303496673596674,5.56078497350492,False
2014-06-17 07:30:00+00:00,6.566306499063921,8.078133991683991,5.67474647993944,False
2014-06-17 08:00:00+00:00,3.271003985022733,6.666343685031186,6.148375359576079,False
2014-06-17 08:30:00+00:00,4.762747071409468,6.376927520790021,7.042812528387585,False
2014-06-17 09:00:00+00:00,5.014895373094411,8.209162136174637,7.982028728236184,False
2014-06-17 09:30:00+00:00,6.029222144958545,11.158730873180874,6.538190386071157,False
2014-06-17 10:00:00+00:00,6.649502968708211,9.84348375779626,7.177665556396669,False
2014-06-17 10:30:00+00:00,6.648440545600428,10.205517853430354,8.140767183951551,False
2014-06-17 11:00:00+00:00,4.630999518587857,9.629438383575884,7.182644057532172,False
2014-06-17 11:30:00+00:00,7.437244878309709,10.67282533783784,8.124063209689627,False
2014-06-17 12:00:00+00:00,5.967550735490773,11.236357796257796,8.346428841786524,False
2014-06-17 12:30:00+00:00,4.381526878844611,9.816999636174636,7.525588531415594,False
2014-06-17 13:00:00+00:00,6.840764001069805,11.743888695426197,7.822006548069645,False
2014-06-17 13:30:00+00:00,6.15804618882054,10.94138297817048,8.944371158213475,False
2014-06-17 14:00:00+00:00,4.376321904252474,9.81921821725572,8.493123656320968,False
2014-06-17 14:30:00+00:00,5.57680898635999,10.009215566528066,7.584366540499621,False
2014-06-17 15:00:00+00:00,7.722904359454399,9.896681990644492,7.996785919757759,False
2014-06-17 15:30:00+00:00,3.5890489435677986,8.98585220893971,7.121414042392127,False
2014-06-17 16:00:00+00:00,5.269811259695105,8.177473544698545,8.10317687358062,False
2014-06-17 16:30:00+00:00,5.732119363466167,7.050238617463618,6.4206763815291445,False
2014-06-17 17:00:00+00:00,4.227005295533565,5.645446309771311,5.514780242240727,False
2014-06-17 17:30:00+00:00,4.300092645092271,5.072962292099792,5.007914875094625,False
2014-06-17 18:00:00+00:00,3.107871569938486,3.8296369542619546,3.570861165783497,False
2014-06-17 18:30:00+00:00,2.010449371489704,2.630426741164241,2.676053633610901,False
2014-06-17 19:00:00+00:00,1.3419125702059376,1.909570712058212,1.770377592732778,False
2014-06-17 19:30:00+00:00,1.3450546937683874,1.7121761954261956,1.600122558667676,False
2014-06-17 20:00:00+00:00,1.2737487028617278,1.551643659043659,1.5015759651778957,False
2014-06-17 20:30:00+00:00,1.2889532227868414,1.5434734147609148,1.217093868281605,False
2014-06-17 21:00:00+00:00,1.249857234554694,1.4178385135135136,1.1591784254352762,False
2014-06-17 21:30:00+00:00,1.2129849959882322,1.6275726351351354,1.063621044663134,False
2014-06-17 22:00:00+00:00,1.1779466167424444,1.5661467515592518,1.0283710825132475,False
2014-06-17 22:30:00+00:00,1.2317220379780691,1.424068607068607,1.0037027252081756,False
2014-06-17 23:00:00+00:00,1.1779466167424444,1.3527003118503118,1.0037027252081756,False
2014-06-17 23:30:00+00:00,1.1779466167424444,1.3740690228690229,1.0037027252081756,False
2014-06-18 00:00:00+00:00,1.1779466167424444,1.3503450623700626,1.0037027252081756,False
2014-06-18 00:30:00+00:00,1.1779466167424444,1.3071424116424115,1.0073794473883422,False
2014-06-18 01:00:00+00:00,1.188411767852367,1.1814985187110187,1.1079022331566994,False
2014-06-18 01:30:00+00:00,1.1779466167424444,1.276537448024948,1.0314193792581376,False
2014-06-18 02:00:00+00:00,1.2812350093607916,1.4452732588357589,1.0037027252081756,False
2014-06-18 02:30:00+00:00,1.199581358652046,1.3642507796257797,1.0037027252081756,False
2014-06-18 03:00:00+00:00,1.2057519925113669,1.2570991683991684,1.0037027252081756,False
2014-06-18 03:30:00+00:00,1.2957416421503076,1.269981340956341,1.0123584784254354,False
2014-06-18 04:00:00+00:00,1.1779466167424444,1.1814985187110187,1.0037027252081756,False
2014-06-18 04:30:00+00:00,1.1862486226263709,1.240931444906445,1.0401549962149883,False
2014-06-18 05:00:00+00:00,1.2334335116341268,1.2099070166320167,1.11105639666919,False
2014-06-18 05:30:00+00:00,1.266118668093073,1.7017256237006235,1.2645850870552608,False
2014-06-18 06:00:00+00:00,2.141048622626371,3.219385291060292,2.39812089326268,False
2014-06-18 06:30:00+00:00,3.5324935276811984,5.128467723492724,4.051557077971234,False
2014-06-18 07:00:00+00:00,3.3239855041454938,4.761837681912682,4.107340688872067,False
2014-06-18 07:30:00+00:00,3.108129205669965,4.681103378378379,4.328941975775927,False
2014-06-18 08:00:00+00:00,3.856503717571543,6.769062655925156,5.628282853898561,False
2014-06-18 08:30:00+00:00,3.9306129713827223,6.8580033783783785,6.053794738834217,False
2014-06-18 09:00:00+00:00,5.557703075688687,8.05649851871102,6.358435049205147,False
2014-06-18 09:30:00+00:00,6.167842738700188,9.189139345114343,6.975167713853142,False
2014-06-18 10:00:00+00:00,6.531645225996256,10.69330836798337,7.240964231642694,False
2014-06-18 10:30:00+00:00,6.796446295801016,9.92739922037422,6.966253368660105,False
2014-06-18 11:00:00+00:00,6.548640411874833,9.185757562370064,6.901975662376986,False
2014-06-18 11:30:00+00:00,6.782024150842471,10.787567281704783,8.045537774413322,False
2014-06-18 12:00:00+00:00,5.347905054827494,9.27743692827443,7.31143485995458,False
2014-06-18 12:30:00+00:00,5.674711767852367,10.073005093555096,7.893162112036335,False
2014-06-18 13:00:00+00:00,6.612105643220112,10.802274272349273,8.752802687358063,False
2014-06-18 13:30:00+00:00,6.240840385129713,11.263636304573806,9.125845874337625,False
2014-06-18 14:00:00+00:00,6.523260978871355,11.005610395010397,7.062150151400454,False
2014-06-18 14:30:00+00:00,5.734505242043327,9.556914475051975,7.464346252838759,False
2014-06-18 15:00:00+00:00,6.823406097887136,9.61101735966736,7.367808478425434,False
2014-06-18 15:30:00+00:00,3.891798261567264,9.196117775467776,6.793740121120362,False
2014-06-18 16:00:00+00:00,5.659958010163145,9.295696569646571,7.263173580620741,False
2014-06-18 16:30:00+00:00,4.664894998662744,8.178517801455301,6.322416351249053,False
2014-06-18 17:00:00+00:00,4.482544530623161,6.25369170997921,6.162567827403482,False
2014-06-18 17:30:00+00:00,3.872954667023268,4.981596933471933,5.046049394398183,False
2014-06-18 18:00:00+00:00,3.2931705268788445,3.5052356808731813,3.815676419379258,False
2014-06-18 18:30:00+00:00,1.84205081572613,2.888057198544699,2.7983985238455715,False
2014-06-18 19:00:00+00:00,1.820040545600428,2.092441865904366,2.198630696442089,False
2014-06-18 19:30:00+00:00,1.2575759026477669,1.6767496621621625,1.7073528387585164,False
2014-06-18 20:00:00+00:00,1.3084700989569404,1.7642488825363825,1.503029977289932,False
2014-06-18 20:30:00+00:00,1.2287291521797272,1.5727053014553016,1.1045626040878125,False
2014-06-18 21:00:00+00:00,1.219531987162343,1.3642205041580044,1.0284752081756243,False
2014-06-18 21:30:00+00:00,1.2097054827493985,1.4934761174636175,1.0626176381529144,False
2014-06-18 22:00:00+00:00,1.2328961487028618,1.6368112525987526,1.1757668811506434,False
2014-06-18 22:30:00+00:00,1.1779466167424444,1.2907675935550935,1.0525914458743375,False
2014-06-18 23:00:00+00:00,1.1779466167424444,1.5532114345114347,1.0037027252081756,False
2014-06-18 23:30:00+00:00,1.1779466167424444,1.5364133316008317,1.0037027252081756,False
2014-06-19 00:00:00+00:00,1.1779466167424444,1.5133015852390854,1.0037027252081756,False
2014-06-19 00:30:00+00:00,1.1779466167424444,1.3413355509355511,1.1465607494322485,False
2014-06-19 01:00:00+00:00,1.1891431131318533,1.4624431392931394,1.0185086298258894,False
2014-06-19 01:30:00+00:00,1.3137842471248995,1.2809427234927235,0.9988364875094624,False
2014-06-19 02:00:00+00:00,1.3334328162610325,1.5411341995841996,1.024365707797123,False
2014-06-19 02:30:00+00:00,1.2488191227600964,1.6614221413721415,1.0037027252081756,False
2014-06-19 03:00:00+00:00,1.524582722653116,1.7783383575883576,1.2235242240726725,False
2014-06-19 03:30:00+00:00,1.2419449852901845,1.60178341995842,1.0633570401211203,False
2014-06-19 04:00:00+00:00,1.2953503610591066,1.4976286382536383,1.0796646858440575,False
2014-06-19 04:30:00+00:00,1.4523726664883658,1.805164734927235,1.1549239591218772,False
2014-06-19 05:00:00+00:00,1.5620495854506553,2.275084303534304,2.0398514383043147,False
2014-06-19 05:30:00+00:00,1.9996275474725864,2.894705067567568,2.733546858440575,False
2014-06-19 06:00:00+00:00,2.534693714897031,3.5891263513513523,3.210908175624527,False
2014-06-19 06:30:00+00:00,2.498399572078096,3.8859941787941783,3.41280234670704,False
2014-06-19 07:00:00+00:00,4.75347555496122,6.539020270270271,5.094645760787282,False
2014-06-19 07:30:00+00:00,4.814612302754747,7.657614163201663,6.03525938682816,False
2014-06-19 08:00:00+00:00,6.289812489970581,8.330234147609147,6.635600302800909,False
2014-06-19 08:30:00+00:00,5.776488660069537,8.418421335758834,6.80323773656321,False
2014-06-19 09:00:00+00:00,6.3459725327627705,9.037694256756758,7.606812906888721,False
2014-06-19 09:30:00+00:00,5.959073468841936,8.967275571725573,7.301765064345193,False
2014-06-19 10:00:00+00:00,7.055184407595613,10.016014553014552,7.789013247539742,False
2014-06-19 10:30:00+00:00,6.130754185611126,11.036672817047815,7.928846971990916,False
2014-06-19 11:00:00+00:00,6.162695078898101,9.766929781704782,7.58733690386071,False
2014-06-19 11:30:00+00:00,6.846776196844076,11.815161642411644,7.937254844814533,False
2014-06-19 12:00:00+00:00,7.233261112596951,11.85592442827443,7.912388569265706,False
2014-06-19 12:30:00+00:00,5.895166702326825,11.367990670478171,8.719080355791068,False
2014-06-19 13:00:00+00:00,5.224186359989302,11.824279183991685,8.257670249810749,False
2014-06-19 13:30:00+00:00,6.526296523134528,11.759119074844074,8.871484670704012,False
2014-06-19 14:00:00+00:00,7.365771115271463,11.75938484927235,7.440158440575321,False
2014-06-19 14:30:00+00:00,6.407308451457609,11.097174246361746,8.488677971233914,False
2014-06-19 15:00:00+00:00,6.824053436747793,9.781999012474014,7.770326873580621,False
2014-06-19 15:30:00+00:00,5.5046602032629055,8.758017229729731,6.848614572293716,False
2014-06-19 16:00:00+00:00,7.44667828296336,9.801082588357588,7.984946101438304,False
2014-06-19 16:30:00+00:00,6.78568125167157,7.293936564449064,6.834552800908403,False
2014-06-19 17:00:00+00:00,4.524688499598823,6.02016917879418,4.295977100681301,False
2014-06-19 17:30:00+00:00,3.7873268253543726,5.396362915800417,4.8709441332324,False
2014-06-19 18:00:00+00:00,3.525267344209682,4.553254209979211,3.5916628690386068,False
2014-06-19 18:30:00+00:00,1.6383769457074082,3.1961291320166323,2.596893754731264,False
2014-06-19 19:00:00+00:00,1.834109146830704,2.602235862785863,1.903320514761544,False
2014-06-19 19:30:00+00:00,1.6556512703931532,1.7294490904365905,1.7832134367903103,False
2014-06-19 20:00:00+00:00,1.342698315057502,1.403439942827443,1.5193300908402725,False
2014-06-19 20:30:00+00:00,1.3221938218775071,1.333150415800416,1.2204460635881909,False
2014-06-19 21:00:00+00:00,1.1779466167424444,1.3375619802494805,1.3042760408781229,False
2014-06-19 21:30:00+00:00,1.2135783899438353,1.5611161902286903,1.2761789174867524,False
2014-06-19 22:00:00+00:00,1.1779466167424444,1.2031991683991683,1.2246825889477666,False
2014-06-19 22:30:00+00:00,1.1779466167424444,1.2295248440748443,1.0760897426192275,False
2014-06-19 23:00:00+00:00,1.2833998127841668,1.2621437629937629,1.0620127933383798,False
2014-06-19 23:30:00+00:00,1.1890003476865472,1.2396408264033263,1.093001097653293,False
2014-06-20 00:00:00+00:00,1.2359867076758493,1.1814985187110187,1.0739894776684331,False
2014-06-20 00:30:00+00:00,1.1779466167424444,1.2786757796257795,1.0366112414837243,False
2014-06-20 01:00:00+00:00,1.1851059641615405,1.255498492723493,1.0181004542013623,False
2014-06-20 01:30:00+00:00,1.1779466167424444,1.203114630977131,1.1402920514761543,False
2014-06-20 02:00:00+00:00,1.1779466167424444,1.1814985187110187,1.0889676003028008,False
2014-06-20 02:30:00+00:00,1.3519905857181065,1.241797869022869,1.1702140045420135,False
2014-06-20 03:00:00+00:00,1.2267089328697514,1.7666886174636178,1.0555371309613928,False
2014-06-20 03:30:00+00:00,1.287333511634127,1.4335217515592515,1.0037027252081756,False
2014-06-20 04:00:00+00:00,1.2249836319871623,1.6466173856548858,1.1279415972747917,False
2014-06-20 04:30:00+00:00,1.1779466167424444,1.4777215436590438,1.174963512490537,False
2014-06-20 05:00:00+00:00,1.243576223589195,1.6263471673596674,1.3682697577592733,False
2014-06-20 05:30:00+00:00,1.905978871355977,2.7892413981288984,2.429743186979561,False
2014-06-20 06:00:00+00:00,2.9338831773201397,4.5116901507276514,3.10278028009084,False
2014-06-20 06:30:00+00:00,3.1602572078095745,5.151886070686071,5.4194687736563205,False
2014-06-20 07:00:00+00:00,5.503694784701792,8.508804495841996,4.579955374716124,False
2014-06-20 07:30:00+00:00,5.17679018454132,7.565668840956341,6.113952687358061,False
2014-06-20 08:00:00+00:00,6.3429729606846745,8.983356003118503,7.3581984102952305,False
2014-06-20 08:30:00+00:00,5.969953142551484,8.756439501039504,7.495095003785011,False
2014-06-20 09:00:00+00:00,6.14133423375234,9.33762590956341,7.74768955336866,False
2014-06-20 09:30:00+00:00,6.620212356244985,10.370015384615389,7.889570704012111,False
2014-06-20 10:00:00+00:00,5.520937550147098,9.798681211018712,7.542324072672217,False
2014-06-20 10:30:00+00:00,7.3781603369885,10.73794456860707,8.390074413323239,False
2014-06-20 11:00:00+00:00,5.640089890345012,10.650900987525988,7.929272785768357,False
2014-06-20 11:30:00+00:00,6.076073896763841,11.000398076923076,8.553665632096896,False
2014-06-20 12:00:00+00:00,6.544889997325488,10.603286304573803,8.113232248296745,False
2014-06-20 12:30:00+00:00,5.809210671302488,11.314584615384616,7.763342959878879,False
2014-06-20 13:00:00+00:00,6.550912142284033,11.5181854989605,8.225192846328538,False
2014-06-20 13:30:00+00:00,4.394043407328162,11.37795732848233,7.207370779712338,False
2014-06-20 14:00:00+00:00,7.57074592136935,11.101502104989605,7.611910598031794,False
2014-06-20 14:30:00+00:00,6.994690024070606,10.472994802494805,9.088862074186222,False
2014-06-20 15:00:00+00:00,6.200986894891683,10.652565618503118,8.410908743376229,False
2014-06-20 15:30:00+00:00,6.05237036640813,10.623920867983369,9.02070651021953,False
2014-06-20 16:00:00+00:00,5.296600561647499,9.55438024948025,8.213191559424677,False
2014-06-20 16:30:00+00:00,5.780278496924311,8.075262603950105,7.171206358819076,False
2014-06-20 17:00:00+00:00,4.538419737897833,4.892527001039502,6.32936631339894,False
2014-06-20 17:30:00+00:00,5.156430997592939,6.080392931392932,6.098874186222559,False
2014-06-20 18:00:00+00:00,3.790563064990639,4.439874818087318,4.359421044663134,False
2014-06-20 18:30:00+00:00,2.4848411874832843,2.938910317047817,2.9444525738077214,False
2014-06-20 19:00:00+00:00,2.070645546937684,2.2135824064449063,2.205239894019682,False
2014-06-20 19:30:00+00:00,1.43985054827494,1.8194613305613307,1.803979371688115,False
2014-06-20 20:00:00+00:00,1.2316410805028082,1.3900345114345116,1.3881495079485235,False
2014-06-20 20:30:00+00:00,1.187869403583846,1.4125152286902287,1.1519522710068129,False
2014-06-20 21:00:00+00:00,1.22232227868414,1.5325798076923076,1.2052446631339893,False
2014-06-20 21:30:00+00:00,1.1939450655255417,1.51670867983368,1.2161591218773655,False
2014-06-20 22:00:00+00:00,1.1779466167424444,1.5583697765072766,1.0690650643451929,False
2014-06-20 22:30:00+00:00,1.2660190960149773,1.4669995062370065,1.0037027252081756,False
2014-06-20 23:00:00+00:00,1.1926062583578498,1.3213428014553017,1.08780927327782,False
2014-06-20 23:30:00+00:00,1.1779466167424444,1.3455325883575884,1.0037027252081756,False
2014-06-21 00:00:00+00:00,1.1779466167424444,1.2603385395010396,1.0037027252081756,False
2014-06-21 00:30:00+00:00,1.1779466167424444,1.4129935550935553,1.0700373202119606,False
2014-06-21 01:00:00+00:00,1.1895479539983953,1.3980533783783784,1.0187658591975777,False
2014-06-21 01:30:00+00:00,1.2220585985557637,1.283210576923077,1.0037027252081756,False
2014-06-21 02:00:00+00:00,1.1779466167424444,1.252318321205821,1.0100199091597273,False
2014-06-21 02:30:00+00:00,1.184633886065793,1.2371778066528063,1.04385757002271,False
2014-06-21 03:00:00+00:00,1.2452012302754747,1.2593647609147611,1.0118245268735806,False
2014-06-21 03:30:00+00:00,1.1779466167424444,1.248736044698545,1.0059722937168811,False
2014-06-21 04:00:00+00:00,1.1911047606311849,1.318627104989605,1.0227621877365631,False
2014-06-21 04:30:00+00:00,1.2325699384862263,1.370010265072765,1.0350031794095382,False
2014-06-21 05:00:00+00:00,1.2688506017651775,1.4963234147609148,1.1826523467070402,False
2014-06-21 05:30:00+00:00,1.3879137202460552,2.770765228690229,2.1365906888720665,False
2014-06-21 06:00:00+00:00,3.3833301952393686,4.860215930353431,3.812543451930355,False
2014-06-21 06:30:00+00:00,3.1978993313720245,6.034065982328483,3.472939856169568,False
2014-06-21 07:00:00+00:00,4.95106250334314,7.486147895010396,6.364930128690386,False
2014-06-21 07:30:00+00:00,3.3108706071142016,5.151514085239085,7.335640386071157,False
2014-06-21 08:00:00+00:00,4.747350334313987,7.398869100831601,5.277675435276305,False
2014-06-21 08:30:00+00:00,6.760178122492645,7.847445867983368,7.191870211960636,False
2014-06-21 09:00:00+00:00,5.750429553356512,8.516266554054054,6.35921771385314,False
2014-06-21 09:30:00+00:00,6.562200187215834,10.12968238045738,7.682543906131718,False
2014-06-21 10:00:00+00:00,6.048715458678792,9.983618087318089,8.066445268735805,False
2014-06-21 10:30:00+00:00,5.609159855576357,8.328627728690229,7.016306850870552,False
2014-06-21 11:00:00+00:00,6.0016780957475255,9.918129443866944,8.127246025738076,False
2014-06-21 11:30:00+00:00,5.918699331372024,10.403518866943868,8.302767789553368,False
2014-06-21 12:00:00+00:00,5.922913720246055,10.911684381496883,8.838137244511733,False
2014-06-21 12:30:00+00:00,6.507777828296336,11.202215280665282,7.57922452687358,False
2014-06-21 13:00:00+00:00,6.377587643755015,11.897764656964656,8.67399095382286,False
2014-06-21 13:30:00+00:00,6.332610992243915,10.77226062889813,6.952524261922786,False
2014-06-21 14:00:00+00:00,4.541007729339396,10.728387655925156,8.715060635881906,False
2014-06-21 14:30:00+00:00,6.398201872158331,10.911147167359667,7.645586336109007,False
2014-06-21 15:00:00+00:00,5.271541535169831,9.963682016632015,8.702695874337623,False
2014-06-21 15:30:00+00:00,8.288738940893287,10.440898622661123,8.543505488266463,False
2014-06-21 16:00:00+00:00,4.619964322011233,8.865865852390854,7.728876949280847,False
2014-06-21 16:30:00+00:00,6.83756111259695,9.537139656964657,6.350368243754732,False
2014-06-21 17:00:00+00:00,4.191209601497727,6.411712629937631,3.978199621498864,False
2014-06-21 17:30:00+00:00,3.72878994383525,5.418430951143452,5.103257986373958,False
2014-06-21 18:00:00+00:00,3.351196576624766,4.078885472972973,3.8165182437547305,False
2014-06-21 18:30:00+00:00,2.107435998930195,2.5060609407484407,2.668122861468585,False
2014-06-21 19:00:00+00:00,1.6986052152982078,2.507167177754678,1.9951308099924296,False
2014-06-21 19:30:00+00:00,1.3118315057502006,1.9783928534303536,1.6845242997728993,False
2014-06-21 20:00:00+00:00,1.5144859588125166,1.7348488045738049,1.604454201362604,False
2014-06-21 20:30:00+00:00,1.2584664616207544,1.4673747920997922,1.286367827403482,False
2014-06-21 21:00:00+00:00,1.2513676116608718,1.359423102910603,1.2362929598788797,False
2014-06-21 21:30:00+00:00,1.1863260230008024,1.4460583419958422,1.0037027252081756,False
2014-06-21 22:00:00+00:00,1.2592972987429794,1.4399903066528068,1.1348483724451173,False
2014-06-21 22:30:00+00:00,1.3009132923241509,1.1814985187110187,1.1960200605601816,False
2014-06-21 23:00:00+00:00,1.3306773201390745,1.3741299896049897,1.0872074943224828,False
2014-06-21 23:30:00+00:00,1.1903381920299545,1.3176490904365907,1.0575200605601818,False
2014-06-22 00:00:00+00:00,1.2053804493179996,1.3095548596673598,1.0129345571536714,False
2014-06-22 00:30:00+00:00,1.196465873228136,1.3253808991683993,1.0253173732021197,False
2014-06-22 01:00:00+00:00,1.2675682000534902,1.302773154885655,1.0037027252081756,False
2014-06-22 01:30:00+00:00,1.187316929660337,1.2535550155925157,1.0037027252081756,False
2014-06-22 02:00:00+00:00,1.1818516180797003,1.2485844074844077,1.0204209311127932,False
2014-06-22 02:30:00+00:00,1.2750503075688688,1.267577468814969,1.0037027252081756,False
2014-06-22 03:00:00+00:00,1.187730756886868,1.2781423856548857,1.0037027252081756,False
2014-06-22 03:30:00+00:00,1.2625975661941695,1.198756678794179,1.0037027252081756,False
2014-06-22 04:00:00+00:00,1.2808182669162878,1.436429625779626,1.0037027252081756,False
2014-06-22 04:30:00+00:00,1.2026474993313718,1.1862685031185032,1.0037027252081756,False
2014-06-22 05:00:00+00:00,1.2096535972185074,1.2812018451143454,1.0037027252081756,False
2014-06-22 05:30:00+00:00,1.2417156726397431,1.8101717775467776,1.3769448145344436,False
2014-06-22 06:00:00+00:00,2.893962797539449,4.083898570686071,3.053129939439818,False
2014-06-22 06:30:00+00:00,3.9487287777480615,5.586083991683992,3.9832111657834974,False
2014-06-22 07:00:00+00:00,3.4245445573682805,7.877864033264035,5.703719909159728,False
2014-06-22 07:30:00+00:00,2.4598164482481946,6.442936226611227,7.002709538228614,False
2014-06-22 08:00:00+00:00,5.154735089596149,7.906165982328484,6.277631945495837,False
2014-06-22 08:30:00+00:00,6.764912195774271,6.363649090436591,6.926214231642695,False
2014-06-22 09:00:00+00:00,6.083526959079967,9.660868685031186,7.803801854655563,False
2014-06-22 09:30:00+00:00,7.804102353570474,10.546023336798337,7.570311695685087,False
2014-06-22 10:00:00+00:00,6.649546696977802,10.926940644490644,7.977680015140044,False
2014-06-22 10:30:00+00:00,7.254587349558704,10.814434485446986,8.39529799394398,False
2014-06-22 11:00:00+00:00,6.700796255683338,10.838341268191268,8.100791635124905,False
2014-06-22 11:30:00+00:00,5.994394757956672,11.064872661122662,8.301849129447389,False
2014-06-22 12:00:00+00:00,5.459644075956137,9.802247037422038,7.874483838001513,False
2014-06-22 12:30:00+00:00,6.050649424979941,10.24310007796258,7.4261333080999234,False
2014-06-22 13:00:00+00:00,6.475829874297941,9.879425025987526,7.651591672975019,False
2014-06-22 13:30:00+00:00,5.674970259427655,11.22504560810811,8.578083573050717,False
2014-06-22 14:00:00+00:00,6.019625488098422,11.11737117983368,8.367264345193034,False
2014-06-22 14:30:00+00:00,5.4540026745119015,10.427642515592517,8.562802649507947,False
2014-06-22 15:00:00+00:00,5.900777025942766,10.53644974012474,9.106422710068127,False
2014-06-22 15:30:00+00:00,6.140861273067665,10.284861096673598,7.888213512490537,False
2014-06-22 16:00:00+00:00,7.037141294463761,9.990930119542622,8.159004844814532,False
2014-06-22 16:30:00+00:00,4.530860176517786,8.288570712058211,7.659584935654808,False
2014-06-22 17:00:00+00:00,3.723066381385397,6.29108471933472,5.977984178652536,False
2014-06-22 17:30:00+00:00,4.594130810377107,5.763265566528068,5.777032475397426,False
2014-06-22 18:00:00+00:00,3.466924418293661,4.505356314968815,4.564724981074943,False
2014-06-22 18:30:00+00:00,1.5867838726932333,2.875919360706861,2.9208598031794093,False
2014-06-22 19:00:00+00:00,1.7760826959079967,2.4159034823284826,2.2265614685844057,False
2014-06-22 19:30:00+00:00,1.639156351965766,1.7768317047817048,1.735254087812263,False
2014-06-22 20:00:00+00:00,1.245582856378711,1.4927181652806656,1.3863967070401209,False
2014-06-22 20:30:00+00:00,1.1779466167424444,1.596292255717256,1.105888039364118,False
2014-06-22 21:00:00+00:00,1.2144135062851031,1.41662117983368,1.3520545420136258,False
2014-06-22 21:30:00+00:00,1.278172800213961,1.1954072505197506,1.0484553368660106,False
2014-06-22 22:00:00+00:00,1.1862171168761702,1.2689491683991685,1.0838194549583648,False
2014-06-22 22:30:00+00:00,1.1922010163145225,1.4590690748440749,1.084204466313399,False
2014-06-22 23:00:00+00:00,1.2072420700722115,1.275083627858628,0.9967393262679788,False
2014-06-22 23:30:00+00:00,1.185584862262637,1.3591200883575885,1.0037027252081756,False
2014-06-23 00:00:00+00:00,1.3466637871088527,1.321435862785863,1.015440158970477,False
2014-06-23 00:30:00+00:00,1.1779466167424444,1.218545816008316,1.0037027252081756,False
2014-06-23 01:00:00+00:00,1.1787993581171436,1.3357765852390853,1.029784178652536,False
2014-06-23 01:30:00+00:00,1.1779466167424444,1.2932341216216217,1.024544436033308,False
2014-06-23 02:00:00+00:00,1.1779466167424444,1.2700487525987525,1.0037027252081756,False
2014-06-23 02:30:00+00:00,1.1789535437282694,1.3700913461538462,1.0037027252081756,False
2014-06-23 03:00:00+00:00,1.1779466167424444,1.351258497920998,1.0037027252081756,False
2014-06-23 03:30:00+00:00,1.1779466167424444,1.2866125000000002,1.0019453065859196,False
2014-06-23 04:00:00+00:00,1.1833051885530892,1.2540392151767152,1.0037027252081756,False
2014-06-23 04:30:00+00:00,1.1779466167424444,1.273123362785863,1.065936373959122,False
2014-06-23 05:00:00+00:00,1.2195191762503343,1.1814985187110187,1.0245543527630585,False
2014-06-23 05:30:00+00:00,1.3589599625568336,1.976124948024948,1.5622287282361849,False
2014-06-23 06:00:00+00:00,3.2349478737630384,4.313854911642411,3.2204447766843294,False
2014-06-23 06:30:00+00:00,4.00758451457609,6.557169074844075,4.42649723694171,False
2014-06-23 07:00:00+00:00,4.805772318801819,6.039747739085239,5.206614420893263,False
2014-06-23 07:30:00+00:00,2.902875902647766,7.202577884615386,6.730558591975775,False
2014-06-23 08:00:00+00:00,5.035755790318267,10.087010472972974,7.794594208932626,False
2014-06-23 08:30:00+00:00,6.7343657127574215,9.839073726611227,7.258341672975018,False
2014-06-23 09:00:00+00:00,5.801905295533564,9.10419903846154,6.933258062074186,False
2014-06-23 09:30:00+00:00,6.149592511366675,8.616890722453222,6.876145382286147,False
2014-06-23 10:00:00+00:00,6.897368841936346,11.264792463617464,8.41485768357305,False
2014-06-23 10:30:00+00:00,6.6039976731746455,11.576824090436592,7.885677327781982,False
2014-06-23 11:00:00+00:00,6.821923268253543,11.4334117983368,7.289338152914459,False
2014-06-23 11:30:00+00:00,6.012878844610858,10.970471621621622,8.74051078728236,False
2014-06-23 12:00:00+00:00,6.483480850494785,10.923416813929316,8.188389364118093,False
2014-06-23 12:30:00+00:00,7.321852473923508,11.38490758835759,8.920134405753217,False
2014-06-23 13:00:00+00:00,7.40212936614068,11.356652572765071,7.867549924299772,False
2014-06-23 13:30:00+00:00,6.522636159400909,10.21826224012474,8.624383951551854,False
2014-06-23 14:00:00+00:00,6.075929419630917,11.459455977130975,8.729852233156699,False
2014-06-23 14:30:00+00:00,4.211249157528751,7.8328204002079005,6.711409046177138,False
2014-06-23 15:00:00+00:00,4.967913800481413,9.825623726611228,6.868079182437546,False
2014-06-23 15:30:00+00:00,7.683215405188553,10.859212214137214,7.893710181680544,False
2014-06-23 16:00:00+00:00,6.16950350361059,8.373142541580043,5.974242808478425,False
2014-06-23 16:30:00+00:00,6.319766194169564,7.725671309771311,6.811646139288418,False
2014-06-23 17:00:00+00:00,4.557904680395827,6.664129807692309,5.554029182437547,False
2014-06-23 17:30:00+00:00,5.005696549879647,6.149684433471935,6.004537774413324,False
2014-06-23 18:00:00+00:00,3.944771436212892,4.935350883575884,4.813263133989402,False
2014-06-23 18:30:00+00:00,2.207666675581706,3.6977109407484416,3.17906044663134,False
2014-06-23 19:00:00+00:00,2.2161235624498525,2.284560239085239,2.217576305828917,False
2014-06-23 19:30:00+00:00,1.5522671837389674,1.8245062889812893,1.6038725208175622,False
2014-06-23 20:00:00+00:00,1.4662380583043593,1.487633341995842,1.4901641937925811,False
2014-06-23 20:30:00+00:00,1.1849676384059908,1.235170893970894,1.2743865632096896,False
2014-06-23 21:00:00+00:00,1.1779466167424444,1.1814985187110187,1.087951589704769,False
2014-06-23 21:30:00+00:00,1.1779466167424444,1.2622279365904367,1.064006623769871,False
2014-06-23 22:00:00+00:00,1.2591076491040385,1.2762362525987525,1.0611686979560937,False
2014-06-23 22:30:00+00:00,1.1902427119550685,1.1814985187110187,1.015312717638153,False
2014-06-23 23:00:00+00:00,1.2100612730676652,1.1824671777546778,1.0251450037850112,False
2014-06-23 23:30:00+00:00,1.1783878844610858,1.1838862785862787,1.052579788039364,False
2014-06-24 00:00:00+00:00,1.2018705001337255,1.3224058731808732,1.0037027252081756,False
2014-06-24 00:30:00+00:00,1.1848316929660336,1.1814985187110187,1.0037027252081756,False
2014-06-24 01:00:00+00:00,1.2132062583578498,1.4110911902286902,1.0070970855412569,False
2014-06-24 01:30:00+00:00,1.2214022733351162,1.327929573804574,1.0037027252081756,False
2014-06-24 02:00:00+00:00,1.2337351965766248,1.365223024948025,1.0037027252081756,False
2014-06-24 02:30:00+00:00,1.1779466167424444,1.1814985187110187,1.0037027252081756,False
2014-06-24 03:00:00+00:00,1.1779466167424444,1.3131562110187112,1.0183876608629825,False
2014-06-24 03:30:00+00:00,1.2653116608718908,1.3665913721413725,1.0037027252081756,False
2014-06-24 04:00:00+00:00,1.2722631987162345,1.1877972453222454,1.0037027252081756,False
2014-06-24 04:30:00+00:00,1.2244515110992245,1.188354054054054,1.0037027252081756,False
2014-06-24 05:00:00+00:00,1.2248907729339396,1.4455741164241165,1.1019068508705523,False
2014-06-24 05:30:00+00:00,1.1779466167424444,1.4155307692307697,1.085840575321726,False
2014-06-24 06:00:00+00:00,1.242842310778283,1.405025571725572,1.1892881150643453,False
2014-06-24 06:30:00+00:00,1.2177924578764374,1.3710694386694389,1.0914234670704013,False
2014-06-24 07:00:00+00:00,1.1779466167424444,1.287302884615385,1.0037027252081756,False
2014-06-24 07:30:00+00:00,1.2158335116341268,1.2739556392931393,1.0046051097653292,False
2014-06-24 08:00:00+00:00,1.2335057502005884,1.197929365904366,1.0614642694928085,False
2014-06-24 08:30:00+00:00,1.4183820272800214,1.5139368243243243,1.2289561695685087,False
2014-06-24 09:00:00+00:00,2.671335223321744,3.1856461278586283,2.903522634367903,False
2014-06-24 09:30:00+00:00,3.900078577159668,6.104233913721414,5.66319019682059,False
2014-06-24 10:00:00+00:00,5.23145354372827,7.458401403326403,6.909672596517789,False
2014-06-24 10:30:00+00:00,5.821430115004011,9.07171865904366,7.313693376230128,False
2014-06-24 11:00:00+00:00,7.142335544263172,10.503974246361746,8.045684140802422,False
2014-06-24 11:30:00+00:00,5.054517812249264,9.60110893970894,7.977129939439818,False
2014-06-24 12:00:00+00:00,6.323213559775341,8.8830308991684,7.399253141559424,False
2014-06-24 12:30:00+00:00,4.851991976464295,8.04536722972973,6.551450832702498,False
2014-06-24 13:00:00+00:00,2.1054156726397437,4.631306704781705,4.517040121120363,False
2014-06-24 13:30:00+00:00,4.60694132120888,7.068342281704783,5.386290651021953,False
2014-06-24 14:00:00+00:00,3.574539903717571,3.3928266891891896,2.9344728614685844,False
2014-06-24 14:30:00+00:00,2.26749863599893,2.906365800415801,2.162722028766086,False
2014-06-24 15:00:00+00:00,4.097229473121155,5.162917203742205,4.872036109008327,False
2014-06-24 15:30:00+00:00,5.494685718106446,5.8945920218295225,6.036395760787283,False
2014-06-24 16:00:00+00:00,4.6098416956405455,6.131916398128898,5.336910900832701,False
2014-06-24 16:30:00+00:00,5.667564642952661,6.942552650727651,5.514880923542771,False
2014-06-24 17:00:00+00:00,3.7186822144958542,6.361157406444908,5.543155677517031,False
2014-06-24 17:30:00+00:00,3.6113142818935535,5.252108393970894,4.567532021196064,False
2014-06-24 18:00:00+00:00,2.884757341535169,3.70870382016632,3.483542657077971,False
2014-06-24 18:30:00+00:00,2.1979701791922976,2.703638123700624,2.6035947388342167,False
2014-06-24 19:00:00+00:00,1.5039190157796205,2.056000727650728,1.8753760408781224,False
2014-06-24 19:30:00+00:00,1.1779466167424444,1.768981964656965,1.1524178652535957,False
2014-06-24 20:00:00+00:00,1.19975814388874,1.8027948804573808,1.2895361847085542,False
2014-06-24 20:30:00+00:00,1.1779466167424444,1.4644994282744284,1.127100113550341,False
2014-06-24 21:00:00+00:00,1.2248249264509228,1.2526922817047816,1.1581214988644966,False
2014-06-24 21:30:00+00:00,1.1779466167424444,1.2489463097713098,1.0037027252081756,False
2014-06-24 22:00:00+00:00,1.203050601765178,1.4569038981288982,1.0037027252081756,False
2014-06-24 22:30:00+00:00,1.2048718373896763,1.3768937110187112,1.0175822861468584,False
2014-06-24 23:00:00+00:00,1.2062906926985826,1.4121095374220376,1.0037027252081756,False
2014-06-24 23:30:00+00:00,1.205372773468842,1.2936175415800415,1.057447312641938,False
2014-06-25 00:00:00+00:00,1.1779466167424444,1.3039822245322246,1.0137797501892505,False
2014-06-25 00:30:00+00:00,1.198288098422038,1.2330926455301456,1.026155980317941,False
2014-06-25 01:00:00+00:00,1.1873484889007755,1.430762448024948,1.0037027252081756,False
2014-06-25 01:30:00+00:00,1.2070218240171169,1.2787364085239086,1.0037027252081756,False
2014-06-25 02:00:00+00:00,1.1779466167424444,1.1814985187110187,1.0037027252081756,False
2014-06-25 02:30:00+00:00,1.245472425782295,1.2886931912681912,1.0471197577592732,False
2014-06-25 03:00:00+00:00,1.187828911473656,1.241800285862786,1.0037027252081756,False
2014-06-25 03:30:00+00:00,1.28244565391816,1.4337011434511435,1.0037027252081756,False
2014-06-25 04:00:00+00:00,1.196539154854239,1.2650200623700625,1.0037027252081756,False
2014-06-25 04:30:00+00:00,1.1779466167424444,1.2309930353430354,1.0037027252081756,False
2014-06-25 05:00:00+00:00,1.1779466167424444,1.1814985187110187,1.0037027252081756,False
2014-06-25 05:30:00+00:00,1.229494891682268,1.6647837837837838,1.2658422028766083,False
2014-06-25 06:00:00+00:00,2.818394971917625,3.920739812889813,1.9690157456472368,False
2014-06-25 06:30:00+00:00,3.957140893286975,6.128799272349273,3.7619765329295984,False
2014-06-25 07:00:00+00:00,4.297602888472853,8.659473336798339,6.540635806207418,False
2014-06-25 07:30:00+00:00,5.502032388339128,8.714135265072766,6.436735995457986,False
2014-06-25 08:00:00+00:00,5.238272826959079,9.968884485446983,8.399900075700225,False
2014-06-25 08:30:00+00:00,5.8902954265846486,7.083402286902287,7.063577479182436,False
2014-06-25 09:00:00+00:00,5.976735464027815,10.12756366943867,7.044789099167297,False
2014-06-25 09:30:00+00:00,4.415062877774806,9.735369412681912,7.140494738834216,False
2014-06-25 10:00:00+00:00,6.662091682267986,9.668833653846152,8.210314723694172,False
2014-06-25 10:30:00+00:00,6.361058598555763,10.701128508316009,7.423720968962906,False
2014-06-25 11:00:00+00:00,5.886391441561915,11.923824506237008,8.192149772899318,False
2014-06-25 11:30:00+00:00,6.823926023000802,11.746519308731813,8.04186718395155,False
2014-06-25 12:00:00+00:00,4.663621984487831,11.655522037422038,7.951748902346707,False
2014-06-25 12:30:00+00:00,6.02011928323081,10.749697375259878,7.605480620741862,False
2014-06-25 13:00:00+00:00,5.788172399037176,11.279555665280666,8.740988455715367,False
2014-06-25 13:30:00+00:00,6.459974378175983,11.295586850311851,8.606374375473127,False
2014-06-25 14:00:00+00:00,6.32859729874298,11.080483783783786,7.727124753974261,False
2014-06-25 14:30:00+00:00,5.169042685209949,10.049810914760917,8.576272293716881,False
2014-06-25 15:00:00+00:00,5.942291120620487,9.74035395010395,8.412915556396669,False
2014-06-25 15:30:00+00:00,7.276595453329766,9.950547920997922,8.155059992429978,False
2014-06-25 16:00:00+00:00,6.757252206472319,9.585903924116426,8.30372834973505,False
2014-06-25 16:30:00+00:00,6.004343166622091,7.867407952182953,6.230422331566994,False
2014-06-25 17:00:00+00:00,3.598268173308371,6.934315904365905,5.771975359576079,False
2014-06-25 17:30:00+00:00,3.4079327895159133,5.541964656964657,5.171919076457229,False
2014-06-25 18:00:00+00:00,2.884475795667291,3.568038565488566,3.6975110143830423,False
2014-06-25 18:30:00+00:00,1.3426780690024072,2.96539579002079,2.2287706283118847,False
2014-06-25 19:00:00+00:00,1.6329157528751004,1.7659145790020792,1.6713249432248296,False
2014-06-25 19:30:00+00:00,1.3359021930997592,1.544773414760915,1.151715897047691,False
2014-06-25 20:00:00+00:00,1.3929637603637337,1.3409076923076926,1.325903936411809,False
2014-06-25 20:30:00+00:00,1.3392013372559508,1.4079140332640334,1.3070809992429977,False
2014-06-25 21:00:00+00:00,1.1779466167424444,1.2456327962577964,1.0037027252081756,False
2014-06-25 21:30:00+00:00,1.28198614602835,1.32870433991684,1.0493693792581378,False
2014-06-25 22:00:00+00:00,1.1779466167424444,1.3809429054054054,1.0847891748675245,False
2014-06-25 22:30:00+00:00,1.2333103771061782,1.2701069386694388,1.0964679788039364,False
2014-06-25 23:00:00+00:00,1.294119096014977,1.2933284043659046,1.0037027252081756,False
2014-06-25 23:30:00+00:00,1.2078860390478736,1.278728976091476,1.054072293716881,False
2014-06-26 00:00:00+00:00,1.1779466167424444,1.3184424116424116,1.0436950794852384,False
2014-06-26 00:30:00+00:00,1.2896521262369618,1.2672735966735968,1.0380070022710066,False
2014-06-26 01:00:00+00:00,1.1930780422572882,1.2095012993762997,1.0037027252081756,False
2014-06-26 01:30:00+00:00,1.1875063920834448,1.248423050935551,1.0037027252081756,False
2014-06-26 02:00:00+00:00,1.1866854506552555,1.2903433991683992,1.0544242240726722,False
2014-06-26 02:30:00+00:00,1.1779466167424444,1.2778914241164243,1.0037027252081756,False
2014-06-26 03:00:00+00:00,1.1834904252473923,1.2045037941787942,1.0037027252081756,False
2014-06-26 03:30:00+00:00,1.1909076223589194,1.2969227910602912,1.0037027252081756,False
2014-06-26 04:00:00+00:00,1.1779466167424444,1.246016891891892,1.0037027252081756,False
2014-06-26 04:30:00+00:00,1.2756842738700187,1.2790557692307694,1.0504604844814531,False
2014-06-26 05:00:00+00:00,1.1852546937683872,1.2982779885654887,1.0443443603330809,False
2014-06-26 05:30:00+00:00,1.4344045466702326,1.9070430613305611,1.5708152914458742,False
2014-06-26 06:00:00+00:00,3.020064268520995,4.006413929313929,2.197752611657835,False
2014-06-26 06:30:00+00:00,4.209866140679326,5.021183108108109,3.17871854655564,False
2014-06-26 07:00:00+00:00,3.9199666488365863,8.098916346153846,6.042171196063588,False
2014-06-26 07:30:00+00:00,5.252580048141215,8.704934043659044,6.689674867524603,False
2014-06-26 08:00:00+00:00,5.636593447445841,9.474837370062373,8.326157948523846,False
2014-06-26 08:30:00+00:00,6.039728991709013,8.358544204781705,6.724216426949281,False
2014-06-26 09:00:00+00:00,6.341519122760096,9.677353950103951,7.476537925813777,False
2014-06-26 09:30:00+00:00,7.853479299277882,10.958282562370064,7.348907532172596,False
2014-06-26 10:00:00+00:00,5.340855897298743,10.605496075883575,7.833494852384557,False
2014-06-26 10:30:00+00:00,6.69445164482482,10.948457796257795,7.851539401968205,False
2014-06-26 11:00:00+00:00,6.135465552286708,11.031912863825363,8.327497615442846,False
2014-06-26 11:30:00+00:00,6.357996228938218,11.235433861746362,8.528814647993944,False
2014-06-26 12:00:00+00:00,6.874488365873228,12.08132544178794,8.057894776684329,False
2014-06-26 12:30:00+00:00,6.704247659802086,12.355615462577964,9.64820170325511,False
2014-06-26 13:00:00+00:00,6.925297592939288,12.65875254677755,8.439691105223316,False
2014-06-26 13:30:00+00:00,5.706165498796469,11.926423232848231,8.538465442846329,False
2014-06-26 14:00:00+00:00,5.41416384059909,11.193424506237008,9.07414265707797,False
2014-06-26 14:30:00+00:00,6.724793206739769,10.742791242203744,8.175868281604844,False
2014-06-26 15:00:00+00:00,7.929994437015245,10.88056891891892,7.962855488266465,False
2014-06-26 15:30:00+00:00,6.703317223856646,10.611183445945946,8.41626525359576,False
2014-06-26 16:00:00+00:00,7.316255790318267,9.52353393970894,8.038024867524602,False
2014-06-26 16:30:00+00:00,7.999540652580904,8.471298310810813,8.120684367903104,False
2014-06-26 17:00:00+00:00,3.779068333779086,7.656220400207901,4.577318243754731,False
2014-06-26 17:30:00+00:00,3.9940578496924313,5.995571231808732,5.664384670704012,False
2014-06-26 18:00:00+00:00,3.3664721048408666,4.656768607068607,3.784777668433005,False
2014-06-26 18:30:00+00:00,2.242549104038513,3.2807808991683998,2.752386525359576,False
2014-06-26 19:00:00+00:00,1.992654693768387,2.315634485446985,1.8042661619984857,False
2014-06-26 19:30:00+00:00,1.4695752340197914,1.8564910862785864,1.5379804314912944,False
2014-06-26 20:00:00+00:00,1.266070821075154,1.4097038981288983,1.2568135881907645,False
2014-06-26 20:30:00+00:00,1.188651270393153,1.3128801715176717,1.0366601438304317,False
2014-06-26 21:00:00+00:00,1.200317036640813,1.1814985187110187,1.0315063588190765,False
2014-06-26 21:30:00+00:00,1.1779466167424444,1.1814985187110187,1.0787996971990916,False
2014-06-26 22:00:00+00:00,1.1779466167424444,1.1814985187110187,1.0779524224072672,False
2014-06-26 22:30:00+00:00,1.1918351163412677,1.1814985187110187,1.0037027252081756,False
2014-06-26 23:00:00+00:00,1.1779466167424444,1.1814985187110187,1.0037027252081756,False
2014-06-26 23:30:00+00:00,1.1779466167424444,1.3142535602910603,1.0063046934140802,False
2014-06-27 00:00:00+00:00,1.1849227333511634,1.2809885395010396,1.0372762301286904,False
2014-06-27 00:30:00+00:00,1.2012200053490238,1.2194579521829525,1.0037027252081756,False
2014-06-27 01:00:00+00:00,1.1804383525006688,1.2178536642411644,1.0037027252081756,False
2014-06-27 01:30:00+00:00,1.2119381117945975,1.310344386694387,1.0037027252081756,False
2014-06-27 02:00:00+00:00,1.188217625033431,1.1814985187110187,1.0037027252081756,False
2014-06-27 02:30:00+00:00,1.2164461353303022,1.1879984927234928,0.9995241105223316,False
2014-06-27 03:00:00+00:00,1.1779466167424444,1.284389968814969,1.0037027252081756,False
2014-06-27 03:30:00+00:00,1.1779466167424444,1.2837241683991685,1.0172339894019682,False
2014-06-27 04:00:00+00:00,1.1779466167424444,1.276956081081081,1.013726078728236,False
2014-06-27 04:30:00+00:00,1.1779466167424444,1.1814985187110187,1.0037027252081756,False
2014-06-27 05:00:00+00:00,1.1961600427921903,1.493719256756757,1.0508655942467826,False
2014-06-27 05:30:00+00:00,1.507839743246857,2.519346491683992,1.7991869795609383,False
2014-06-27 06:00:00+00:00,3.169403075688687,4.107300675675677,2.344371044663134,False
2014-06-27 06:30:00+00:00,4.586254399572078,5.260364968814969,3.001369682059046,False
2014-06-27 07:00:00+00:00,4.182426076491041,9.04717817047817,6.672428614685844,False
2014-06-27 07:30:00+00:00,6.207422733351163,8.85717856029106,7.351028463285389,False
2014-06-27 08:00:00+00:00,5.955932789515914,10.518084693347197,7.6445700227100675,False
2014-06-27 08:30:00+00:00,6.874708531692965,10.177499766112268,8.34881161998486,False
2014-06-27 09:00:00+00:00,6.530012730676651,10.686949922037424,7.225365177895533,False
2014-06-27 09:30:00+00:00,5.557570794330035,11.924457796257798,6.408343186979561,False
2014-06-27 10:00:00+00:00,6.93320976196844,11.48330363825364,8.29480639666919,False
2014-06-27 10:30:00+00:00,6.277734100026745,11.00419638773389,7.869521498864496,False
2014-06-27 11:00:00+00:00,6.206360176517786,12.14932273908524,7.698104087812263,False
2014-06-27 11:30:00+00:00,6.053807756084515,11.343535810810812,7.478139061317183,False
2014-06-27 12:00:00+00:00,6.5128434340732815,12.262969646569648,8.340144928084783,False
2014-06-27 12:30:00+00:00,7.134394891682268,11.859820296257798,9.6513352006056,False
2014-06-27 13:00:00+00:00,6.244058812516716,11.790378586278589,8.58203168054504,False
2014-06-27 13:30:00+00:00,7.102290986894892,11.727465150727651,8.123182021196063,False
2014-06-27 14:00:00+00:00,4.8411597485958815,12.057623154885656,8.590779636638908,False
2014-06-27 14:30:00+00:00,6.691689168226799,11.694921127858628,9.539054882664647,False
2014-06-27 15:00:00+00:00,5.704024525274137,11.707491190228692,8.88703709311128,False
2014-06-27 15:30:00+00:00,7.288752259962557,11.212126871101871,7.925224564723694,False
2014-06-27 16:00:00+00:00,6.537487884461085,9.947406107068607,8.749447691143073,False
2014-06-27 16:30:00+00:00,6.449197378978337,10.00336528066528,7.380796707040121,False
2014-06-27 17:00:00+00:00,3.632015993581171,8.586671933471935,4.78404841029523,False
2014-06-27 17:30:00+00:00,5.174031479005081,6.896898050935551,6.599799356548069,False
2014-06-27 18:00:00+00:00,3.8404683070339662,5.418378690228691,4.654750984102951,False
2014-06-27 18:30:00+00:00,2.4148153249531963,3.7838421257796258,3.131225662376987,False
2014-06-27 19:00:00+00:00,1.9971612463225457,2.898079521829522,2.0301236941710825,False
2014-06-27 19:30:00+00:00,1.791662984755282,2.366101741164241,1.8484192278576832,False
2014-06-27 20:00:00+00:00,1.2718536239636264,1.9020178794178797,1.5872542392127176,False
2014-06-27 20:30:00+00:00,1.5448691628777749,2.0259615904365904,1.3173367146101436,False
2014-06-27 21:00:00+00:00,1.1822327895159137,1.87638329002079,1.353844095382286,False
2014-06-27 21:30:00+00:00,1.3055503343139878,1.835056834719335,1.1811265329295986,False
2014-06-27 22:00:00+00:00,1.2456244450387803,1.4779759095634095,1.1187563209689628,False
2014-06-27 22:30:00+00:00,1.30154755282161,1.2912851091476092,1.1436517789553369,False
2014-06-27 23:00:00+00:00,1.3316735490772935,1.4932228170478172,1.0224661998485995,False
2014-06-27 23:30:00+00:00,1.2851727199786038,1.677646517671518,1.098148599545799,False
2014-06-28 00:00:00+00:00,1.3873159668360524,1.4336326923076923,1.0544919000757005,False
2014-06-28 00:30:00+00:00,1.2879262637068736,1.2610752338877338,1.0258058289174867,False
2014-06-28 01:00:00+00:00,1.260512249264509,1.2211466216216218,1.0940089704769114,False
2014-06-28 01:30:00+00:00,1.1779466167424444,1.1814985187110187,1.0037027252081756,False
2014-06-28 02:00:00+00:00,1.1779466167424444,1.2561537941787944,1.0037027252081756,False
2014-06-28 02:30:00+00:00,1.1919464830168494,1.3310717515592518,1.0870548069644208,False
2014-06-28 03:00:00+00:00,1.252968226798609,1.49257946985447,1.043936866010598,False
2014-06-28 03:30:00+00:00,1.2505740572345547,1.43950893970894,1.0414639288417864,False
2014-06-28 04:00:00+00:00,1.2289148435410535,1.253260732848233,1.0037027252081756,False
2014-06-28 04:30:00+00:00,1.2032603637336183,1.3642926715176715,1.218700984102952,False
2014-06-28 05:00:00+00:00,1.2311437817598287,1.5436820686070687,1.1928750189250563,False
2014-06-28 05:30:00+00:00,2.1362852634394227,3.1400389812889813,2.1415598031794096,False
2014-06-28 06:00:00+00:00,3.418878684140145,4.71276826923077,2.535069606358819,False
2014-06-28 06:30:00+00:00,4.765679941160738,6.861116891891891,2.974334670704012,False
2014-06-28 07:00:00+00:00,4.659290157796202,10.58919591995842,6.003773732021196,False
2014-06-28 07:30:00+00:00,5.891350655255415,7.941453404365905,7.0146266086298255,False
2014-06-28 08:00:00+00:00,6.161305857181064,9.255459303534304,9.929598031794091,False
2014-06-28 08:30:00+00:00,6.335120299545333,9.621943762993762,7.222829333838001,False
2014-06-28 09:00:00+00:00,6.83836060443969,10.341503534303536,7.721470741862224,False
2014-06-28 09:30:00+00:00,7.377345199251136,11.21506431912682,7.485795647236941,False
2014-06-28 10:00:00+00:00,6.768405964161541,10.360060784823286,8.118130469341407,False
2014-06-28 10:30:00+00:00,6.328687055362396,11.514790280665284,8.517178917486751,False
2014-06-28 11:00:00+00:00,5.384984701791923,11.759040020790025,7.898901135503405,False
2014-06-28 11:30:00+00:00,6.685870794330035,11.046184875259875,8.286323656320969,False
2014-06-28 12:00:00+00:00,5.737011018989034,10.988337006237009,8.582296252838757,False
2014-06-28 12:30:00+00:00,7.172032896496389,11.633472869022867,8.676489023467068,False
2014-06-28 13:00:00+00:00,6.699585691361326,11.64883375779626,9.5428617335352,False
2014-06-28 13:30:00+00:00,6.742211286440224,12.0521170997921,9.87524019682059,False
2014-06-28 14:00:00+00:00,5.0225127841668895,11.854924376299378,8.75721601059803,False
2014-06-28 14:30:00+00:00,7.5234075956138,12.1114625,8.492533005299016,False
2014-06-28 15:00:00+00:00,8.809433565124365,11.025438435550935,9.56943186979561,False
2014-06-28 15:30:00+00:00,6.299003048943568,11.470154703742203,8.41123039364118,False
2014-06-28 16:00:00+00:00,6.314754479807434,10.81752325883576,7.818688001514004,False
2014-06-28 16:30:00+00:00,6.645730890612463,9.638854573804574,7.535936676760031,False
2014-06-28 17:00:00+00:00,5.623702487296069,8.08706982848233,5.5150254731264186,False
2014-06-28 17:30:00+00:00,5.459606365338326,6.672927702702703,6.873847047691142,False
2014-06-28 18:00:00+00:00,3.613423535704734,5.080640540540541,4.995613663890991,False
2014-06-28 18:30:00+00:00,2.8326880716769187,3.846122479209979,3.0348731642694924,False
2014-06-28 19:00:00+00:00,1.8787961487028615,3.161920218295218,2.3479223694171085,False
2014-06-28 19:30:00+00:00,1.448340572345547,2.1823877858627863,1.6608632475397425,False
2014-06-28 20:00:00+00:00,1.329261192832308,1.9153143191268196,1.535797539742619,False
2014-06-28 20:30:00+00:00,1.46587255950789,1.7915446725571726,1.271322218016654,False
2014-06-28 21:00:00+00:00,1.2938414549344743,1.9098778066528068,1.1520179031037092,False
2014-06-28 21:30:00+00:00,1.1998358919497192,1.3576046777546775,1.2466649507948522,False
2014-06-28 22:00:00+00:00,1.2749153516983152,1.25434656964657,1.2083125662376988,False
2014-06-28 22:30:00+00:00,1.2658350895961488,1.5490616943866946,1.078218773656321,False
2014-06-28 23:00:00+00:00,1.2566731746456272,1.1814985187110187,1.1241283497350492,False
2014-06-28 23:30:00+00:00,1.225707247927253,1.3538343295218296,1.0037027252081756,False
2014-06-29 00:00:00+00:00,1.1779466167424444,1.2258630457380455,1.076605715367146,False
2014-06-29 00:30:00+00:00,1.2071653115806364,1.1814985187110187,1.0037027252081756,False
2014-06-29 01:00:00+00:00,1.1779466167424444,1.322877260914761,1.0537029523088568,False
2014-06-29 01:30:00+00:00,1.1845671035036107,1.2109413721413722,1.0037027252081756,False
2014-06-29 02:00:00+00:00,1.2214677453864669,1.2065991424116425,1.0037027252081756,False
2014-06-29 02:30:00+00:00,1.186257849692431,1.2216361226611228,1.151201741105223,False
2014-06-29 03:00:00+00:00,1.1779466167424444,1.230580769230769,1.0183396669190008,False
2014-06-29 03:30:00+00:00,1.2460660871890878,1.2207087058212058,1.08188955336866,False
2014-06-29 04:00:00+00:00,1.1823518320406528,1.2796114085239083,1.0037027252081756,False
2014-06-29 04:30:00+00:00,1.1779466167424444,1.2665908264033263,1.0037027252081756,False
2014-06-29 05:00:00+00:00,1.1779466167424444,1.4563245582120583,1.0866333459500377,False
2014-06-29 05:30:00+00:00,1.470098020861193,2.595974688149688,2.0289717638152918,False
2014-06-29 06:00:00+00:00,3.927191227600963,4.971020478170479,2.48790692657078,False
2014-06-29 06:30:00+00:00,4.523424552019256,5.9885367203742215,3.450188607115821,False
2014-06-29 07:00:00+00:00,3.870099625568334,10.030733471933472,6.272852611657835,False
2014-06-29 07:30:00+00:00,7.7367119550682,7.384795504158006,7.083920552611658,False
2014-06-29 08:00:00+00:00,4.836950682000535,8.739412603950104,8.357419984859956,False
2014-06-29 08:30:00+00:00,6.930849879646964,7.196164137214137,6.5488364496593485,False
2014-06-29 09:00:00+00:00,4.25548151912276,10.334795374220375,7.390487547312641,False
2014-06-29 09:30:00+00:00,5.2736407863064985,9.538233601871102,7.908889818319455,False
2014-06-29 10:00:00+00:00,6.065261567263974,9.42249844074844,7.601057380772143,False
2014-06-29 10:30:00+00:00,6.0782531425514845,9.652862162162164,8.032636298258895,False
2014-06-29 11:00:00+00:00,5.623660738165285,10.474597531185031,8.491492581377743,False
2014-06-29 11:30:00+00:00,6.746962851029688,9.665684303534304,8.221882361847086,False
2014-06-29 12:00:00+00:00,6.405305937416422,10.588304287941789,7.789670855412566,False
2014-06-29 12:30:00+00:00,8.080068360524205,11.13327001039501,8.878585352006056,False
2014-06-29 13:00:00+00:00,5.488211660871891,10.546519646569646,9.339045155185463,False
2014-06-29 13:30:00+00:00,6.4043767852366935,11.215264786902289,7.838698675246025,False
2014-06-29 14:00:00+00:00,4.214737068734956,10.029194984407486,8.290736828160485,False
2014-06-29 14:30:00+00:00,4.816357288044932,9.402760317047818,7.914046744890234,False
2014-06-29 15:00:00+00:00,7.105361620754212,11.088282874220376,8.562378501135504,False
2014-06-29 15:30:00+00:00,6.374255656592672,10.830606366943869,8.96051718395155,False
2014-06-29 16:00:00+00:00,7.326381973789783,10.092553664241166,7.856807002271006,False
2014-06-29 16:30:00+00:00,8.45811602032629,8.869586642411644,8.566940348221044,False
2014-06-29 17:00:00+00:00,3.211689783364536,8.284701741164241,6.174051778955336,False
2014-06-29 17:30:00+00:00,4.459459160203262,6.499941917879418,6.506347274791824,False
2014-06-29 18:00:00+00:00,3.57079347419096,5.301660940748441,4.895313701741104,False
2014-06-29 18:30:00+00:00,2.828779406258358,3.729917827442828,3.2816329674489024,False
2014-06-29 19:00:00+00:00,1.9443109120085584,3.030596803534304,2.21826748675246,False
2014-06-29 19:30:00+00:00,1.2348632254613532,2.2144953222453223,1.8446901211203632,False
2014-06-29 20:00:00+00:00,1.3620699652313453,1.888852416839917,1.4758413701741104,False
2014-06-29 20:30:00+00:00,1.3525434608184008,1.7870460239085244,1.6440099545798634,False
2014-06-29 21:00:00+00:00,1.5050304626905588,1.4839173856548855,1.366814988644966,False
2014-06-29 21:30:00+00:00,1.502932174378176,1.3443173856548858,1.123800151400454,False
2014-06-29 22:00:00+00:00,1.2507766782562182,1.6425951403326404,1.2202215745647236,False
2014-06-29 22:30:00+00:00,1.3401743781759827,1.3128317047817049,1.021908478425435,False
2014-06-29 23:00:00+00:00,1.1792945974859588,1.1814985187110187,1.0535631339894018,False
2014-06-29 23:30:00+00:00,1.3001109387536771,1.1836227910602912,1.0470246025738077,False
2014-06-30 00:00:00+00:00,1.2205236426852095,1.2275048856548858,1.1083721423164268,False
2014-06-30 00:30:00+00:00,1.1779466167424444,1.3972242203742204,1.118052763058289,False
2014-06-30 01:00:00+00:00,1.2022056432201125,1.1814985187110187,1.0037027252081756,False
2014-06-30 01:30:00+00:00,1.204779299277882,1.1887699844074844,1.0067923921271764,False
2014-06-30 02:00:00+00:00,1.2060898101096549,1.1814985187110187,1.0037027252081756,False
2014-06-30 02:30:00+00:00,1.1910667558170631,1.2862567307692307,1.0409169568508707,False
2014-06-30 03:00:00+00:00,1.250237362931265,1.1882658523908527,1.0037027252081756,False
2014-06-30 03:30:00+00:00,1.1980243648034234,1.2831481548856551,1.0037027252081756,False
2014-06-30 04:00:00+00:00,1.1779466167424444,1.1814985187110187,1.0037027252081756,False
2014-06-30 04:30:00+00:00,1.1779466167424444,1.2267537162162163,1.0037027252081756,False
2014-06-30 05:00:00+00:00,1.2630062851029686,1.2949355769230768,1.0071866010598032,False
2014-06-30 05:30:00+00:00,1.452949558705536,2.078996101871102,1.7103818697956092,False
2014-06-30 06:00:00+00:00,2.91492580903985,4.300623284823286,2.3347132475397423,False
2014-06-30 06:30:00+00:00,4.122087590264776,5.894513695426196,3.44607441332324,False
2014-06-30 07:00:00+00:00,2.943125568333779,9.849069932432434,5.856824489023467,False
2014-06-30 07:30:00+00:00,5.123280342337523,6.859701325363825,7.297107002271007,False
2014-06-30 08:00:00+00:00,6.081907140946777,9.480524896049896,7.483808289174867,False
2014-06-30 08:30:00+00:00,6.157332548809841,6.628815280665281,6.84150299015897,False
2014-06-30 09:00:00+00:00,5.863047793527681,9.143552546777547,8.313093149129447,False
2014-06-30 09:30:00+00:00,7.317982802888473,10.061031262993763,7.163922975018924,False
2014-06-30 10:00:00+00:00,7.00055078898101,10.114096985446986,8.085790688872066,False
2014-06-30 10:30:00+00:00,6.233478042257287,9.911485706860708,7.732230317940954,False
2014-06-30 11:00:00+00:00,6.144654399572078,11.15399851871102,8.057738796366388,False
2014-06-30 11:30:00+00:00,6.494634982615673,10.656135550935552,8.387510408781226,False
2014-06-30 12:00:00+00:00,6.4942732013907465,11.059337292099794,8.697982059046177,False
2014-06-30 12:30:00+00:00,6.928967451190158,10.754685732848234,8.777569076457228,False
2014-06-30 13:00:00+00:00,6.371489408932869,11.755305483367984,8.628204352763058,False
2014-06-30 13:30:00+00:00,6.6086409467772125,10.6457163981289,9.629161279333836,False
2014-06-30 14:00:00+00:00,5.005285236694303,10.16401541060291,8.216883421650264,False
2014-06-30 14:30:00+00:00,7.022521770526879,10.2517137993763,7.997282702498107,False
2014-06-30 15:00:00+00:00,6.887119229740573,10.724008965696466,9.118310257380772,False
2014-06-30 15:30:00+00:00,6.3324171703664085,10.66840454781705,8.889146820590462,False
2014-06-30 16:00:00+00:00,6.541918079700455,9.285937629937631,7.455711922785769,False
2014-06-30 16:30:00+00:00,7.768251671569938,9.562194880457382,7.993644738834216,False
2014-06-30 17:00:00+00:00,3.7462499331372014,7.932872245322245,4.650655299015897,False
2014-06-30 17:30:00+00:00,3.771160898635999,6.364070997920998,6.308096442089326,False
2014-06-30 18:00:00+00:00,3.7303760898636,5.156527780665281,4.590679371688115,False
2014-06-30 18:30:00+00:00,1.9950953196041723,3.528452936590437,3.055033535200605,False
2014-06-30 19:00:00+00:00,1.589132227868414,2.595457822245322,2.1776586676760026,False
2014-06-30 19:30:00+00:00,1.2943265311580636,2.568788201663202,1.7628918622255867,False
2014-06-30 20:00:00+00:00,1.227760711420166,1.6483091476091478,1.445424981074943,False
2014-06-30 20:30:00+00:00,1.180598529018454,1.6940859927234928,1.1862267978803938,False
2014-06-30 21:00:00+00:00,1.2214677453864669,1.4719576923076925,1.2980781983345948,False
2014-06-30 21:30:00+00:00,1.2021948381920298,1.2164621101871105,1.4105136638909916,False
2014-06-30 22:00:00+00:00,1.31836330569671,1.2124670478170478,1.3297316805450414,False
2014-06-30 22:30:00+00:00,1.1779466167424444,1.1939908523908525,1.2329119984859953,False
2014-06-30 23:00:00+00:00,1.3366469911741106,1.1890240384615387,1.239337358062074,False
2014-06-30 23:30:00+00:00,1.322880957475261,1.2128785862785862,1.0676360711582134,False
2014-07-01 00:00:00+00:00,1.4610536774538647,1.1942139812889816,1.1643641937925813,False
2014-07-01 00:30:00+00:00,1.1779466167424444,1.336423466735967,1.133710598031794,False
2014-07-01 01:00:00+00:00,1.182211901577962,1.2104533004158005,1.1606218395155186,False
2014-07-01 01:30:00+00:00,1.1779466167424444,1.2153276247401248,1.1220562452687357,False
2014-07-01 02:00:00+00:00,1.1990534902380316,1.1922574324324329,1.0087062831188494,False
2014-07-01 02:30:00+00:00,1.2093182401711686,1.344541502079002,1.0381941332323996,False
2014-07-01 03:00:00+00:00,1.203308638673442,1.3136468035343036,1.0612838758516274,False
2014-07-01 03:30:00+00:00,1.189766247659802,1.3581636954261955,1.0338504542013625,False
2014-07-01 04:00:00+00:00,1.3469494249799412,1.391722895010395,1.0994946631339897,False
2014-07-01 04:30:00+00:00,1.2091660069537309,1.447931600831601,1.0461291067373202,False
2014-07-01 05:00:00+00:00,1.2362818133190694,1.531946075883576,1.1662977668433003,False
2014-07-01 05:30:00+00:00,1.9556772666488365,2.4881183731808734,2.016094625283876,False
2014-07-01 06:00:00+00:00,3.0414700454667023,3.93694119022869,2.3714719909159725,False
2014-07-01 06:30:00+00:00,3.911765498796469,5.635038175675676,3.1806841029523087,False
2014-07-01 07:00:00+00:00,4.622661700989569,9.394036382536385,6.300960673732021,False
2014-07-01 07:30:00+00:00,5.299062877774806,5.949030925155926,7.632623542770627,False
2014-07-01 08:00:00+00:00,6.344470847820273,8.782191398128898,8.093715329295987,False
2014-07-01 08:30:00+00:00,5.650013345814388,6.769387655925157,6.972991559424678,False
2014-07-01 09:00:00+00:00,6.3205955870553625,9.067510602910604,7.24582698713096,False
2014-07-01 09:30:00+00:00,4.913239850227333,9.738641865904366,7.275419492808477,False
2014-07-01 10:00:00+00:00,5.907723428724258,8.947966112266112,8.048599924299772,False
2014-07-01 10:30:00+00:00,6.263453730944103,9.318626481288982,7.272651249053746,False
2014-07-01 11:00:00+00:00,6.68379430328965,9.490085706860707,7.641557683573051,False
2014-07-01 11:30:00+00:00,6.794113212088794,10.07125550935551,7.67099084027252,False
2014-07-01 12:00:00+00:00,6.400452099491843,10.25192351871102,8.380304352763057,False
2014-07-01 12:30:00+00:00,6.143603022198449,10.365465046777548,9.225024602573807,False
2014-07-01 13:00:00+00:00,6.021201845413212,10.471140696465696,8.956123429220288,False
2014-07-01 13:30:00+00:00,6.822773736293126,10.178979391891891,8.730915594246781,False
2014-07-01 14:00:00+00:00,6.452331291789249,10.012793581081082,8.150714950794852,False
2014-07-01 14:30:00+00:00,6.84944455736828,9.98970504158004,8.693705601816806,False
2014-07-01 15:00:00+00:00,5.058159026477667,8.83724994802495,7.928700227100681,False
2014-07-01 15:30:00+00:00,5.063468520994919,8.926459667359667,7.608024602573808,False
2014-07-01 16:00:00+00:00,4.596031987162342,7.366732250519751,7.153712263436789,False
2014-07-01 16:30:00+00:00,4.516651965766248,5.81779630977131,5.87280299015897,False
2014-07-01 17:00:00+00:00,3.020650521529821,4.781562837837838,5.415357645722937,False
2014-07-01 17:30:00+00:00,3.150927467237229,3.658149662162162,4.452350681302044,False
2014-07-01 18:00:00+00:00,2.403491762503343,3.097083497920998,3.474712187736563,False
2014-07-01 18:30:00+00:00,2.209186493714897,2.7635496361746363,2.9676184708554123,False
2014-07-01 19:00:00+00:00,1.8323081037710616,2.1174145790020797,2.118817903103709,False
2014-07-01 19:30:00+00:00,1.6784780155121692,1.6940479209979211,1.4634418622255867,False
2014-07-01 20:00:00+00:00,1.3215229740572343,1.290010940748441,1.5199098031794096,False
2014-07-01 20:30:00+00:00,1.3555967370954802,1.3768592515592517,1.1010311127933383,False
2014-07-01 21:00:00+00:00,1.1901263974324685,1.6227194646569647,1.2886713474640423,False
2014-07-01 21:30:00+00:00,1.2381886868146563,1.266496257796258,1.2787780090840273,False
2014-07-01 22:00:00+00:00,1.288132522064723,1.354204417879418,1.1159386071158213,False
2014-07-01 22:30:00+00:00,1.2444194437015246,1.450952104989605,1.1171820968962904,False
2014-07-01 23:00:00+00:00,1.1779466167424444,1.501375077962578,1.1201995457986371,False
2014-07-01 23:30:00+00:00,1.2467526343942228,1.3969051195426196,1.0718071536714608,False
2014-07-02 00:00:00+00:00,1.3506022198448784,1.585354755717256,1.0501600302800909,False
2014-07-02 00:30:00+00:00,1.265359267183739,1.37490446985447,1.0532619227857682,False
2014-07-02 01:00:00+00:00,1.2231758224124096,1.3935480509355511,1.0299257759273277,False
2014-07-02 01:30:00+00:00,1.234600053490238,1.4686380457380457,1.069381642694928,False
2014-07-02 02:00:00+00:00,1.2154856378710883,1.2891070166320169,1.0000414458743374,False
2014-07-02 02:30:00+00:00,1.1978266648836586,1.301451585239085,1.0512327403482211,False
2014-07-02 03:00:00+00:00,1.1779466167424444,1.212389630977131,1.0037027252081756,False
2014-07-02 03:30:00+00:00,1.1779466167424444,1.3536435291060291,1.0037027252081756,False
2014-07-02 04:00:00+00:00,1.1779466167424444,1.451814579002079,1.0817732778198337,False
2014-07-02 04:30:00+00:00,1.1953279486493715,1.53591670997921,1.115764723694171,False
2014-07-02 05:00:00+00:00,1.361209761968441,1.832860317047817,1.575780772142316,False
2014-07-02 05:30:00+00:00,2.475076731746456,3.3796252858627858,2.833249394398183,False
2014-07-02 06:00:00+00:00,3.5201629847552818,4.83440472972973,3.491206888720666,False
2014-07-02 06:30:00+00:00,4.404187536774539,6.195829963617464,4.761742997728993,False
2014-07-02 07:00:00+00:00,4.8051290986894895,8.065607432432433,6.709611355034065,False
2014-07-02 07:30:00+00:00,5.966850762235892,8.681522037422038,6.873872785768357,False
2014-07-02 08:00:00+00:00,6.034318668093073,7.740689968814968,8.788575586676759,False
2014-07-02 08:30:00+00:00,6.136931184808772,8.13027785862786,6.6591118470855415,False
2014-07-02 09:00:00+00:00,4.788488927520727,8.137509927234928,6.643603065859197,False
2014-07-02 09:30:00+00:00,6.660635410537577,10.08409054054054,4.748188228614685,False
2014-07-02 10:00:00+00:00,5.988748970312917,9.61038970893971,7.781395268735806,False
2014-07-02 10:30:00+00:00,6.96909537309441,10.67269456860707,7.140245041635125,False
2014-07-02 11:00:00+00:00,6.119394410270126,9.493605015592516,7.367981756245268,False
2014-07-02 11:30:00+00:00,5.212966729071945,9.61188601871102,7.645716843300528,False
2014-07-02 12:00:00+00:00,5.392288232147633,9.710011018711018,7.833599507948523,False
2014-07-02 12:30:00+00:00,7.416921262369616,11.765342385654888,9.114583497350491,False
2014-07-02 13:00:00+00:00,6.460039154854239,9.11560888773389,6.762647766843299,False
2014-07-02 13:30:00+00:00,6.309105295533565,11.08245150727651,8.715335352006054,False
2014-07-02 14:00:00+00:00,7.7822214228403315,11.312129911642414,9.033709613928842,False
2014-07-02 14:30:00+00:00,6.179342471248997,9.636618892931391,9.049925397426192,False
2014-07-02 15:00:00+00:00,5.886688526343942,9.632470192307697,8.155103065859196,False
2014-07-02 15:30:00+00:00,5.387247713292324,8.379247972972975,7.092631907645722,False
2014-07-02 16:00:00+00:00,6.62869783364536,8.784657978170479,7.549856169568509,False
2014-07-02 16:30:00+00:00,5.690688285637871,6.515165462577964,7.1856198334595,False
2014-07-02 17:00:00+00:00,5.816029125434608,6.212346491683992,7.206115859197578,False
2014-07-02 17:30:00+00:00,4.76470679326023,5.199816761954262,5.924211165783498,False
2014-07-02 18:00:00+00:00,3.2344958545065525,3.628439345114346,4.154418735806207,False
2014-07-02 18:30:00+00:00,2.068030462690559,2.6203553534303534,2.8587205526116573,False
2014-07-02 19:00:00+00:00,1.7728499866274403,1.9541374740124744,2.2601145722937166,False
2014-07-02 19:30:00+00:00,1.5834718373896763,1.786727027027027,1.5437412187736563,False
2014-07-02 20:00:00+00:00,1.469315110992244,1.8050163461538464,1.5107888342165023,False
2014-07-02 20:30:00+00:00,1.534028991709013,1.5706913721413722,1.4234693414080242,False
2014-07-02 21:00:00+00:00,1.1779466167424444,1.3860613045738046,1.3873967827403482,False
2014-07-02 21:30:00+00:00,1.2690478202728002,1.6484866683991686,1.229467600302801,False
2014-07-02 22:00:00+00:00,1.2835532762770794,1.6607384355509356,1.2420323239969715,False
2014-07-02 22:30:00+00:00,1.1779466167424444,1.5371813409563413,1.2074088569265709,False
2014-07-02 23:00:00+00:00,1.2503843808504946,1.4061391112266113,1.2518004542013623,False
2014-07-02 23:30:00+00:00,1.1779466167424444,1.5678183212058212,1.1557378879636635,False
2014-07-03 00:00:00+00:00,1.219295239368815,1.3616535602910604,1.1159347842543528,False
2014-07-03 00:30:00+00:00,1.328979753944905,1.4172375,1.1397459878879637,False
2014-07-03 01:00:00+00:00,1.1860585450655257,1.5524494282744283,1.1400467448902347,False
2014-07-03 01:30:00+00:00,1.276335677988767,1.5295805353430356,1.1111746782740348,False
2014-07-03 02:00:00+00:00,1.3796991976464297,1.2846574324324325,1.0037027252081756,False
2014-07-03 02:30:00+00:00,1.4335523936881518,1.3769240644490646,1.0163490537471611,False
2014-07-03 03:00:00+00:00,1.1901348488900776,1.3258040280665282,0.9983476154428462,False
2014-07-03 03:30:00+00:00,1.387045600427922,1.3039726351351353,1.0188165026495075,False
2014-07-03 04:00:00+00:00,1.201084915752875,1.497014630977131,1.0766799772899318,False
2014-07-03 04:30:00+00:00,1.2156535704733886,1.3316823544698546,1.0037027252081756,False
2014-07-03 05:00:00+00:00,1.1779466167424444,1.3182055093555094,1.076493754731264,False
2014-07-03 05:30:00+00:00,1.5960650441294462,2.154775415800416,1.7489732399697198,False
2014-07-03 06:00:00+00:00,2.6887641347954,3.62793471933472,3.5358547312641937,False
2014-07-03 06:30:00+00:00,3.595521850762236,5.782228326403327,4.449265215745647,False
2014-07-03 07:00:00+00:00,4.39503073014175,7.141682380457381,6.162754239212718,False
2014-07-03 07:30:00+00:00,4.974748676116609,9.66260363825364,6.881287774413322,False
2014-07-03 08:00:00+00:00,6.698676945707409,8.95663102910603,8.0411801665405,False
2014-07-03 08:30:00+00:00,6.900478336453598,8.919463045738047,7.284497501892505,False
2014-07-03 09:00:00+00:00,5.682873281626103,9.601181055093557,6.843935427706283,False
2014-07-03 09:30:00+00:00,6.220918507622359,10.014740852390853,7.9887909538228605,False
2014-07-03 10:00:00+00:00,6.016842284033165,9.778630587318087,8.26359595003785,False
2014-07-03 10:30:00+00:00,6.179776170098957,10.051898310810811,7.697048788796367,False
2014-07-03 11:00:00+00:00,5.913116368012838,10.82001756756757,8.495567789553368,False
2014-07-03 11:30:00+00:00,5.969760711420165,11.083464604989606,8.663590272520818,False
2014-07-03 12:00:00+00:00,5.760862075421236,10.89876444906445,8.31746824375473,False
2014-07-03 12:30:00+00:00,6.629208344477133,11.320816969854471,8.621859841029522,False
2014-07-03 13:00:00+00:00,5.083226477667826,11.359274064449064,8.414698750946252,False
2014-07-03 13:30:00+00:00,7.563565873228135,11.471343165280668,9.097993641180922,False
2014-07-03 14:00:00+00:00,5.778089382187751,11.166074090436592,9.258230015140043,False
2014-07-03 14:30:00+00:00,6.5263557368280285,10.79493102910603,9.122012528387584,False
2014-07-03 15:00:00+00:00,7.4769181866809316,10.62069113825364,8.394860862982588,False
2014-07-03 15:30:00+00:00,6.673114790050815,9.862010732848232,7.992227933383799,False
2014-07-03 16:00:00+00:00,6.3140737897833645,8.266458497920999,8.134525510976532,False
2014-07-03 16:30:00+00:00,4.003237897833645,8.581773206860708,6.735486790310371,False
2014-07-03 17:00:00+00:00,5.742302273335117,7.161247167359667,4.380672407267221,False
2014-07-03 17:30:00+00:00,4.4457505750200585,5.058046517671518,5.546532929598788,False
2014-07-03 18:00:00+00:00,3.1952855308906125,4.353724948024949,4.149217865253596,False
2014-07-03 18:30:00+00:00,2.129710912008558,3.0027372401247403,2.59427676003028,False
2014-07-03 19:00:00+00:00,1.8508946242310775,2.443938227650728,1.875921953065859,False
2014-07-03 19:30:00+00:00,1.393847312115539,1.9625429054054055,1.517555034065102,False
2014-07-03 20:00:00+00:00,1.1779466167424444,1.4533180613305614,1.376602687358062,False
2014-07-03 20:30:00+00:00,1.2829484086654186,1.3475303794178797,1.330758251324754,False
2014-07-03 21:00:00+00:00,1.2019311580636534,1.2496621101871104,1.2311386828160484,False
2014-07-03 21:30:00+00:00,1.2013791120620487,1.5000962577962578,1.0157632853898562,False
2014-07-03 22:00:00+00:00,1.247589810109655,1.474261746361747,1.05868550340651,False
2014-07-03 22:30:00+00:00,1.2253580369082642,1.2723303274428277,1.0435287660862982,False
2014-07-03 23:00:00+00:00,1.2120911473656055,1.2710432172557171,1.0638956850870551,False
2014-07-03 23:30:00+00:00,1.2286585985557634,1.1814985187110187,1.105705639666919,False
2014-07-04 00:00:00+00:00,1.188023856646162,1.4374432172557174,1.0602169190007569,False
2014-07-04 00:30:00+00:00,1.1779466167424444,1.3328387214137214,1.0355289174867524,False
2014-07-04 01:00:00+00:00,1.2015363198716231,1.3977281964656965,1.1094353898561695,False
2014-07-04 01:30:00+00:00,1.186759695105643,1.535658627858628,1.0363050719152156,False
2014-07-04 02:00:00+00:00,1.1867315859855578,1.30471275987526,1.011310938682816,False
2014-07-04 02:30:00+00:00,1.1867426317197112,1.4293037681912684,1.0037027252081756,False
2014-07-04 03:00:00+00:00,1.1779466167424444,1.2172883835758836,1.0037027252081756,False
2014-07-04 03:30:00+00:00,1.2136757956672906,1.3853428014553015,1.0173803557910672,False
2014-07-04 04:00:00+00:00,1.1823518320406528,1.194493892931393,1.0612866010598032,False
2014-07-04 04:30:00+00:00,1.1779466167424444,1.3167802234927235,1.061084254352763,False
2014-07-04 05:00:00+00:00,1.2196453062316126,1.6466315228690227,1.4030272520817562,False
2014-07-04 05:30:00+00:00,1.5618257020593742,1.4517125519750522,1.486532134746404,False
2014-07-04 06:00:00+00:00,2.073330596416154,2.3190170997921,2.1992672975018923,False
2014-07-04 06:30:00+00:00,2.880140438619952,3.407727728690229,3.0475097274791825,False
2014-07-04 07:00:00+00:00,2.3291018721583314,4.231504235966736,3.86848720666162,False
2014-07-04 07:30:00+00:00,3.6276380850494783,4.650865254677755,4.903516389099167,False
2014-07-04 08:00:00+00:00,4.783459989301952,8.301718685031187,7.43942975018925,False
2014-07-04 08:30:00+00:00,5.327591709013105,10.290456652806654,7.1966708175624525,False
2014-07-04 09:00:00+00:00,5.678883498261568,8.786653066528066,7.296950681302044,False
2014-07-04 09:30:00+00:00,6.4671157528751,9.813474454261955,7.817060181680544,False
2014-07-04 10:00:00+00:00,6.224834848890078,10.184815774428277,7.154531718395154,False
2014-07-04 10:30:00+00:00,5.932452393688152,11.10624703742204,7.650402725208175,False
2014-07-04 11:00:00+00:00,5.900505001337256,10.813731081081082,7.01602740348221,False
2014-07-04 11:30:00+00:00,4.849669082642418,11.395931081081082,7.951981529144587,False
2014-07-04 12:00:00+00:00,6.03750270125702,11.597027364864864,8.686845382286146,False
2014-07-04 12:30:00+00:00,5.783661112596951,11.705671101871102,9.234530772142316,False
2014-07-04 13:00:00+00:00,6.026527146295801,11.328916242203745,8.694404958364876,False
2014-07-04 13:30:00+00:00,6.470532147633056,12.494264475051976,8.554643527630581,False
2014-07-04 14:00:00+00:00,5.188643648034234,12.112406496881498,8.103232248296745,False
2014-07-04 14:30:00+00:00,6.491822867076758,12.130747115384615,8.53244542013626,False
2014-07-04 15:00:00+00:00,7.205967504680396,10.888018191268191,7.977058781226344,False
2014-07-04 15:30:00+00:00,6.689755603102433,11.12514436070686,8.641968735806207,False
2014-07-04 16:00:00+00:00,7.128570286172773,10.20285077962578,6.400481112793337,False
2014-07-04 16:30:00+00:00,6.81048887403049,9.529966658004158,8.258500075700226,False
2014-07-04 17:00:00+00:00,5.79453479539984,7.361494074844075,5.5329919000757,False
2014-07-04 17:30:00+00:00,4.534763680128377,6.102625025987527,6.142190386071158,False
2014-07-04 18:00:00+00:00,3.997339663011501,4.6367576403326405,4.233623542770628,False
2014-07-04 18:30:00+00:00,2.439524819470446,3.11510537941788,2.6673889856169564,False
2014-07-04 19:00:00+00:00,1.4377886065792993,2.148615592515593,1.93631056018168,False
2014-07-04 19:30:00+00:00,1.4897775875902648,1.9658142151767155,1.495306056018168,False
2014-07-04 20:00:00+00:00,1.1981990906659534,1.514163253638254,1.1836211960635885,False
2014-07-04 20:30:00+00:00,1.3378128376571277,1.7422269230769232,1.3533415972747918,False
2014-07-04 21:00:00+00:00,1.2827036640813052,1.4429891891891893,1.2867286903860713,False
2014-07-04 21:30:00+00:00,1.1779466167424444,1.3350148388773388,1.1790317940953825,False
2014-07-04 22:00:00+00:00,1.1779466167424444,1.343064708939709,1.2242870931112797,False
2014-07-04 22:30:00+00:00,1.1779466167424444,1.4904267671517673,1.1585003785011354,False
2014-07-04 23:00:00+00:00,1.1908699384862262,1.346237941787942,1.0332502271006814,False
2014-07-04 23:30:00+00:00,1.1779466167424444,1.4107825883575884,1.138785162755488,False
2014-07-05 00:00:00+00:00,1.193386279753945,1.4439162941787942,1.1831325510976531,False
2014-07-05 00:30:00+00:00,1.1779466167424444,1.8801303014553017,1.0037027252081756,False
2014-07-05 01:00:00+00:00,1.2248241240973523,1.386256444906445,1.0212402725208176,False
2014-07-05 01:30:00+00:00,1.332403236159401,1.2918801195426195,1.0483961392884178,False
2014-07-05 02:00:00+00:00,1.2546213158598556,1.4544028586278588,1.0590386449659348,False
2014-07-05 02:30:00+00:00,1.1786133993046268,1.6810305353430357,1.156311355034065,False
2014-07-05 03:00:00+00:00,1.1857267718641349,1.3495557692307694,1.0061934519303557,False
2014-07-05 03:30:00+00:00,1.1899512703931534,1.3077578222453223,1.07128838001514,False
2014-07-05 04:00:00+00:00,1.1779466167424444,1.3624665280665282,1.0037027252081756,False
2014-07-05 04:30:00+00:00,1.225462744049211,1.5403620062370065,1.0129322482967449,False
2014-07-05 05:00:00+00:00,1.2831738700187216,1.3808200103950103,1.321179182437547,False
2014-07-05 05:30:00+00:00,2.331963920834448,2.9997477650727653,2.484335503406509,False
2014-07-05 06:00:00+00:00,3.8798515378443432,4.601109797297298,4.310699053747161,False
2014-07-05 06:30:00+00:00,4.575944450387804,6.200912525987527,4.963260105980317,False
2014-07-05 07:00:00+00:00,5.25576739769992,8.316443685031185,6.383459348978046,False
2014-07-05 07:30:00+00:00,4.601660363733619,9.512625935550936,6.835286411809235,False
2014-07-05 08:00:00+00:00,6.734601658197379,9.333956730769232,8.086297539742619,False
2014-07-05 08:30:00+00:00,5.942519550682,10.166225623700624,8.44115427706283,False
2014-07-05 09:00:00+00:00,5.471931372024605,10.153828378378378,8.200900454201362,False
2014-07-05 09:30:00+00:00,6.598205215298208,10.231256470893973,8.190781264193792,False
2014-07-05 10:00:00+00:00,6.5637347151644825,10.573395971933474,8.992257834973504,False
2014-07-05 10:30:00+00:00,7.132548488900776,10.633003534303532,8.834729258137774,False
2014-07-05 11:00:00+00:00,7.078024819470447,10.416615956340957,8.264898599545798,False
2014-07-05 11:30:00+00:00,5.86792687884461,10.289451091476092,9.049666767600302,False
2014-07-05 12:00:00+00:00,6.209002273335116,10.493130847193347,7.55346866010598,False
2014-07-05 12:30:00+00:00,6.969487670500133,10.42342403846154,9.100784897804692,False
2014-07-05 13:00:00+00:00,6.299346616742445,10.467939423076924,8.841770136260408,False
2014-07-05 13:30:00+00:00,6.0907522599625565,10.951982796257797,8.868410446631339,False
2014-07-05 14:00:00+00:00,6.293098448783097,9.282896517671515,8.41744201362604,False
2014-07-05 14:30:00+00:00,6.617679031826692,9.931615748440748,8.80465919757759,False
2014-07-05 15:00:00+00:00,6.933387670500134,9.118315774428275,8.32034307342922,False
2014-07-05 15:30:00+00:00,7.486822786841403,9.420002156964657,7.6355235049205135,False
2014-07-05 16:00:00+00:00,6.4641261567263975,9.13588640852391,7.840209424678274,False
2014-07-05 16:30:00+00:00,6.94037991441562,8.580826273388775,8.431177668433005,False
2014-07-05 17:00:00+00:00,6.14768341802621,6.532276195426195,6.909087017411051,False
2014-07-05 17:30:00+00:00,4.142644182936614,6.177725441787942,6.438262641937925,False
2014-07-05 18:00:00+00:00,3.357626584648301,5.786010706860707,4.547152725208175,False
2014-07-05 18:30:00+00:00,2.47955001337256,4.346973076923077,3.0577487887963666,False
2014-07-05 19:00:00+00:00,1.6014929392885795,3.5039687370062373,1.957205299015897,False
2014-07-05 19:30:00+00:00,1.4428312115538915,3.025328248440749,1.6023166161998486,False
2014-07-05 20:00:00+00:00,1.431064562717304,2.787564890852391,1.252999015897048,False
2014-07-05 20:30:00+00:00,1.2836499598823217,2.3989745322245324,1.4628831566994702,False
2014-07-05 21:00:00+00:00,1.4615720780957475,1.841166995841996,1.508696782740348,False
2014-07-05 21:30:00+00:00,1.2696332709280558,2.067457796257796,1.2275486752460256,False
2014-07-05 22:00:00+00:00,1.2902264509227064,1.9381923856548855,1.0984865632096896,False
2014-07-05 22:30:00+00:00,1.1879063385932067,1.9712568087318088,1.2931693035579104,False
2014-07-05 23:00:00+00:00,1.1779466167424444,1.998365046777547,1.0347179788039362,False
2014-07-05 23:30:00+00:00,1.2246349558705536,2.002513175675676,1.2117276684330052,False
2014-07-06 00:00:00+00:00,1.2279473121155389,1.984064293139293,1.113293186979561,False
2014-07-06 00:30:00+00:00,1.1779466167424444,1.3674351611226612,1.1103760787282362,False
2014-07-06 01:00:00+00:00,1.187547365605777,1.514562577962578,1.0903129068887207,False
2014-07-06 01:30:00+00:00,1.179754185611126,1.6255797557172558,1.0523965177895531,False
2014-07-06 02:00:00+00:00,1.1801944102701258,1.5067841735966736,1.174108289174867,False
2014-07-06 02:30:00+00:00,1.2030928857983416,1.3523408523908529,1.0037027252081756,False
2014-07-06 03:00:00+00:00,1.1955223856646162,1.4124224012474014,1.024767751703255,False
2014-07-06 03:30:00+00:00,1.2028143086386731,1.5191904625779626,1.0440795987887963,False
2014-07-06 04:00:00+00:00,1.1779466167424444,1.4355797037422038,1.059716654049962,False
2014-07-06 04:30:00+00:00,1.3330431398769724,1.531819048856549,1.0805672975018925,False
2014-07-06 05:00:00+00:00,1.3740160203262903,1.4546406964656966,1.3065195685087054,False
2014-07-06 05:30:00+00:00,1.7586274939823483,2.3682014293139297,2.1916335352006056,False
2014-07-06 06:00:00+00:00,2.707657288044932,2.6053038721413726,3.4079962906888714,False
2014-07-06 06:30:00+00:00,3.854905001337257,5.339395296257797,4.47761226343679,False
2014-07-06 07:00:00+00:00,3.45518914148168,7.004698778586278,5.674241180923542,False
2014-07-06 07:30:00+00:00,3.982343407328162,6.602618685031185,5.82232505677517,False
2014-07-06 08:00:00+00:00,3.773761620754212,7.899274454261955,7.31073838001514,False
2014-07-06 08:30:00+00:00,5.16012663813854,7.505094724532225,7.13791994700984,False
2014-07-06 09:00:00+00:00,5.77558641347954,7.655461122661123,7.78712846328539,False
2014-07-06 09:30:00+00:00,4.465864803423375,7.628202494802496,7.246844398183193,False
2014-07-06 10:00:00+00:00,4.398025113666756,7.165712811850312,7.995114231642694,False
2014-07-06 10:30:00+00:00,6.699634233752341,8.416394074844076,8.082394625283875,False
2014-07-06 11:00:00+00:00,6.222461781224927,8.342328274428274,7.834768054504162,False
2014-07-06 11:30:00+00:00,6.288278149237764,8.05769643970894,7.359026343679031,False
2014-07-06 12:00:00+00:00,5.274630676651511,8.507294230769231,8.02365075700227,False
2014-07-06 12:30:00+00:00,6.710714495854506,8.211417723492724,8.047389629068887,False
2014-07-06 13:00:00+00:00,6.891096309173575,9.482518425155927,8.795838872066616,False
2014-07-06 13:30:00+00:00,6.072172238566462,8.66294630977131,8.463260068130204,False
2014-07-06 14:00:00+00:00,6.1540240706071145,8.167176013513513,6.872306737320211,False
2014-07-06 14:30:00+00:00,5.291123562449854,6.66095532744283,6.867775359576079,False
2014-07-06 15:00:00+00:00,5.119613372559507,6.387058445945946,6.940707494322482,False
2014-07-06 15:30:00+00:00,7.045385637871088,7.684004495841997,7.43784125662377,False
2014-07-06 16:00:00+00:00,6.084626317197111,7.8735433991684,7.522958478425434,False
2014-07-06 16:30:00+00:00,5.578397031291789,4.989079911642412,7.460840613171839,False
2014-07-06 17:00:00+00:00,4.712151136667558,5.884878638253639,6.224413853141559,False
2014-07-06 17:30:00+00:00,4.124599384862263,5.222799454261955,5.356482967448902,False
2014-07-06 18:00:00+00:00,2.9018951591334585,4.121333316008316,4.1014468205904615,False
2014-07-06 18:30:00+00:00,2.321561112596951,3.27105854989605,2.7460732021196064,False
2014-07-06 19:00:00+00:00,1.7653294998662743,2.9655348232848238,2.484294852384557,False
2014-07-06 19:30:00+00:00,1.3669974859588123,2.687279807692308,1.9931605980317937,False
2014-07-06 20:00:00+00:00,1.3645772131585987,2.547004028066528,1.7083285389856169,False
2014-07-06 20:30:00+00:00,1.2850774003744316,2.24269734927235,1.4414790688872066,False
2014-07-06 21:00:00+00:00,1.2242550949451725,2.2008698284823285,1.2554439439818317,False
2014-07-06 21:30:00+00:00,1.189682749398235,2.022175025987526,1.3562243754731265,False
2014-07-06 22:00:00+00:00,1.2658748863332443,2.4305361486486485,1.1497657456472368,False
2014-07-06 22:30:00+00:00,1.1779466167424444,1.822971023908524,1.166537812263437,False
2014-07-06 23:00:00+00:00,1.1779466167424444,1.9923427754677756,1.0037027252081756,False
2014-07-06 23:30:00+00:00,1.217006579299278,1.7783879417879418,1.0037027252081756,False
2014-07-07 00:00:00+00:00,1.1779466167424444,1.9562387474012477,1.0382556018168052,False
2014-07-07 00:30:00+00:00,1.1779466167424444,1.7943204521829523,1.0037027252081756,False
2014-07-07 01:00:00+00:00,1.1779466167424444,1.7301526767151771,1.0216995457986373,False
2014-07-07 01:30:00+00:00,1.1937520192564854,1.8856345114345117,1.0064907645722936,False
2014-07-07 02:00:00+00:00,1.2438757956672908,1.8964140852390852,1.014353709311128,False
2014-07-07 02:30:00+00:00,1.186566434875635,1.7516028846153848,1.0207998107494325,False
2014-07-07 03:00:00+00:00,1.2208845145760898,1.6317478170478172,1.012163285389856,False
2014-07-07 03:30:00+00:00,1.1779466167424444,1.4645602390852392,1.0968263058289174,False
2014-07-07 04:00:00+00:00,1.2566600160470711,1.507908861746362,1.017794625283876,False
2014-07-07 04:30:00+00:00,1.1779466167424444,1.4220941528066529,1.0037027252081756,False
2014-07-07 05:00:00+00:00,1.2471927253276278,1.212948206860707,1.2619073050719152,False
2014-07-07 05:30:00+00:00,1.623130649906392,1.7633994022869024,1.567391559424678,False
2014-07-07 06:00:00+00:00,2.6520074351430862,3.270905093555094,3.213235124905375,False
2014-07-07 06:30:00+00:00,3.449069804760631,4.649122791060291,4.161449053747161,False
2014-07-07 07:00:00+00:00,2.2895660069537307,7.065140852390853,5.846947350492052,False
2014-07-07 07:30:00+00:00,4.379390345012036,4.913171881496882,6.588663512490537,False
2014-07-07 08:00:00+00:00,4.1346636266381385,7.014471205821207,6.7198408402725205,False
2014-07-07 08:30:00+00:00,5.145199786039049,7.1583607588357605,7.148652157456472,False
2014-07-07 09:00:00+00:00,4.31041604707141,6.76991340956341,6.327964837244512,False
2014-07-07 09:30:00+00:00,5.726364589462423,6.860169464656964,6.885673429220287,False
2014-07-07 10:00:00+00:00,6.207328911473656,7.408369100831602,7.689179674489024,False
2014-07-07 10:30:00+00:00,4.984591254346081,7.246685992723492,7.233229901589704,False
2014-07-07 11:00:00+00:00,6.028816769189622,7.609746465696466,7.034438342165026,False
2014-07-07 11:30:00+00:00,5.616333779085317,7.946509173596673,7.368672104466313,False
2014-07-07 12:00:00+00:00,5.543885744851565,7.641659121621622,7.680269719909159,False
2014-07-07 12:30:00+00:00,5.268634046536507,6.882487110187112,8.16435510976533,False
2014-07-07 13:00:00+00:00,6.178114977266649,6.586459823284823,7.032971688115064,False
2014-07-07 13:30:00+00:00,5.651512784166889,7.11523432952183,6.883679068887205,False
2014-07-07 14:00:00+00:00,6.5364072479272535,6.283786122661123,7.231873807721423,False
2014-07-07 14:30:00+00:00,7.584492778817865,6.502817463617465,8.122090272520817,False
2014-07-07 15:00:00+00:00,7.175310698047605,7.733276689189189,7.075798334595003,False
2014-07-07 15:30:00+00:00,5.492100962824284,4.95177603950104,6.932711884935655,False
2014-07-07 16:00:00+00:00,4.84479756619417,7.071248622661123,6.384392240726721,False
2014-07-07 16:30:00+00:00,6.861117170366408,5.887907874220375,5.851554958364875,False
2014-07-07 17:00:00+00:00,4.5631328162610325,6.593006392931394,5.944867411052232,False
2014-07-07 17:30:00+00:00,2.824947766782562,5.647476143451144,4.857200719152157,False
2014-07-07 18:00:00+00:00,2.123525167156994,4.898679313929314,4.163908819076457,False
2014-07-07 18:30:00+00:00,1.6812013105108317,4.3362909823284825,3.104860181680545,False
2014-07-07 19:00:00+00:00,1.9225422037978068,3.245512993762994,2.8954614307342923,False
2014-07-07 19:30:00+00:00,1.4479786573950253,3.157881211018711,2.4229345950037846,False
2014-07-07 20:00:00+00:00,1.3791546402781492,2.605424818087318,2.462408970476911,False
2014-07-07 20:30:00+00:00,1.2855145493447446,2.6398586798336803,1.958099659348978,False
2014-07-07 21:00:00+00:00,1.1779466167424444,2.3897061590436595,1.8426122634367903,False
2014-07-07 21:30:00+00:00,1.2487769991976465,2.110658627858628,1.4949553368660105,False
2014-07-07 22:00:00+00:00,1.1953122492645092,1.9813840176715185,1.5528049205147614,False
2014-07-07 22:30:00+00:00,1.1887365873228135,1.965915592515593,1.2133387963663889,False
2014-07-07 23:00:00+00:00,1.180356191495052,1.6232927494802496,1.400853785011355,False
2014-07-07 23:30:00+00:00,1.1901263974324685,1.6131514812889816,1.081312717638153,False
2014-07-08 00:00:00+00:00,1.217990853169297,1.9949910343035344,1.216302952308857,False
2014-07-08 00:30:00+00:00,1.230586520460016,1.7487240124740129,1.0841051097653291,False
2014-07-08 01:00:00+00:00,1.1806333779085318,2.1261725571725574,1.1121858819076456,False
2014-07-08 01:30:00+00:00,1.187316929660337,1.7866932172557175,1.0575654428463284,False
2014-07-08 02:00:00+00:00,1.1779466167424444,2.1336429573804576,1.0269734292202877,False
2014-07-08 02:30:00+00:00,1.1779466167424444,1.901406990644491,1.1604356548069643,False
2014-07-08 03:00:00+00:00,1.2081108317732014,1.821061356548857,1.0222651778955336,False
2014-07-08 03:30:00+00:00,1.1779466167424444,1.7325579781704783,1.0037027252081756,False
2014-07-08 04:00:00+00:00,1.1779466167424444,1.6302764812889816,1.0037027252081756,False
2014-07-08 04:30:00+00:00,1.1973873495587055,1.3780578742203744,1.0513791445874336,False
2014-07-08 05:00:00+00:00,1.273566006953731,2.271362811850312,1.1928010976532928,False
2014-07-08 05:30:00+00:00,1.8142077293393957,3.0063746361746366,2.059144019682059,False
2014-07-08 06:00:00+00:00,3.138144691093875,4.285790826403327,3.044636260408781,False
2014-07-08 06:30:00+00:00,3.625938165284836,4.412673440748441,4.091017183951552,False
2014-07-08 07:00:00+00:00,3.655562155656592,6.221611954261955,5.3337391748675245,False
2014-07-08 07:30:00+00:00,4.549239609521262,3.9816241424116425,5.663556661619984,False
2014-07-08 08:00:00+00:00,2.719383230810377,7.484251143451143,6.211301021953066,False
2014-07-08 08:30:00+00:00,4.937642203797807,6.5354941528066535,6.734719227857684,False
2014-07-08 09:00:00+00:00,5.131214174913079,6.235449064449065,5.444368508705526,False
2014-07-08 09:30:00+00:00,4.2859600695373095,6.736199506237007,3.5720096896290685,False
2014-07-08 10:00:00+00:00,4.825308611928324,6.246585576923078,5.573950567751703,False
2014-07-08 10:30:00+00:00,4.6713181064455735,6.596922479209979,5.987592619227857,False
2014-07-08 11:00:00+00:00,3.795326985825087,5.677342047817048,5.763390348221044,False
2014-07-08 11:30:00+00:00,4.862636533832575,6.023465332640333,6.171969227857684,False
2014-07-08 12:00:00+00:00,4.902824231077828,5.757713227650728,5.232734027252081,False
2014-07-08 12:30:00+00:00,4.360747900508157,5.302289371101872,6.608208440575322,False
2014-07-08 13:00:00+00:00,4.09288205402514,6.672620140332641,5.441374943224829,False
2014-07-08 13:30:00+00:00,4.9275407863065,4.659445244282744,6.598563739591218,False
2014-07-08 14:00:00+00:00,5.255376089863599,5.26020025987526,5.231711506434518,False
2014-07-08 14:30:00+00:00,5.339898261567264,6.4908941528066535,4.890513512490537,False
2014-07-08 15:00:00+00:00,4.843082856378711,6.270740072765073,5.711248221044663,False
2014-07-08 15:30:00+00:00,5.025875180529553,4.465915514553015,4.041882248296744,False
2014-07-08 16:00:00+00:00,3.730186119283231,6.38531444906445,4.521791559424678,False
2014-07-08 16:30:00+00:00,5.641582428456807,5.49325155925156,5.192476646479938,False
2014-07-08 17:00:00+00:00,4.398986466969778,4.594378508316009,4.126123012869039,False
2014-07-08 17:30:00+00:00,2.8354728002139606,4.948573180873181,4.022892127176381,False
2014-07-08 18:00:00+00:00,3.092924043861995,4.440265904365905,3.364416881150643,False
2014-07-08 18:30:00+00:00,2.2914562984755285,4.182292567567568,2.686220174110522,False
2014-07-08 19:00:00+00:00,1.5286442096817332,3.535307874220375,2.2978539742619226,False
2014-07-08 19:30:00+00:00,1.6144640545600426,3.203409147609148,2.379497009841029,False
2014-07-08 20:00:00+00:00,1.35833070339663,3.242495686070686,2.2042827024981078,False
2014-07-08 20:30:00+00:00,1.5319714897031291,2.876488565488566,1.8691151021953063,False
2014-07-08 21:00:00+00:00,1.4432924578764377,2.879650155925156,1.8232424299772896,False
2014-07-08 21:30:00+00:00,1.5647468841936345,2.7757934771309776,1.7681718395155184,False
2014-07-08 22:00:00+00:00,1.5080369617544798,2.343949584199584,1.904333345950038,False
2014-07-08 22:30:00+00:00,1.391667558170634,2.5780530665280668,1.3269005299015897,False
2014-07-08 23:00:00+00:00,1.3854307836319872,1.7487928794178795,1.3160426192278576,False
2014-07-08 23:30:00+00:00,1.1829987162342872,1.9252416839916844,1.455132929598789,False
2014-07-09 00:00:00+00:00,1.1921843808504946,1.9531031964656969,1.3944618470855412,False
2014-07-09 00:30:00+00:00,1.3767771329232417,1.8616413721413725,1.174272975018925,False
2014-07-09 01:00:00+00:00,1.3493772933939556,1.8587750779625785,1.249742581377744,False
2014-07-09 01:30:00+00:00,1.2354719176250335,1.7662098752598756,1.1880479560938682,False
2014-07-09 02:00:00+00:00,1.3101840866541856,1.933781496881497,1.032716237698713,False
2014-07-09 02:30:00+00:00,1.3276974057234554,1.8125445426195428,1.2794839515518543,False
2014-07-09 03:00:00+00:00,1.187038673442097,1.7493903586278583,1.1617663133989402,False
2014-07-09 03:30:00+00:00,1.1835997325488097,1.6392872141372143,1.1814557910673733,False
2014-07-09 04:00:00+00:00,1.2442300347686548,1.625999948024948,1.0889142694928085,False
2014-07-09 04:30:00+00:00,1.250442631719711,1.916823518711019,1.159342997728993,False
2014-07-09 05:00:00+00:00,1.2330009895694034,2.0401282484407486,1.311316729750189,False
2014-07-09 05:30:00+00:00,1.8821773468841936,2.573565436590437,2.346597274791824,False
2014-07-09 06:00:00+00:00,3.116415137737363,3.8605827182952175,2.854326419379258,False
2014-07-09 06:30:00+00:00,3.2110331639475795,5.084870738045738,3.914269417108251,False
2014-07-09 07:00:00+00:00,3.9885830435945446,6.596771101871101,4.695493679031037,False
2014-07-09 07:30:00+00:00,4.787246670232682,6.721067333679834,4.954633951551855,False
2014-07-09 08:00:00+00:00,4.144208050280824,5.529816735966736,6.367514458743376,False
2014-07-09 08:30:00+00:00,4.588091762503344,4.523289319126819,4.826083459500378,False
2014-07-09 09:00:00+00:00,5.108661594009093,6.451885524948025,4.1332312641937925,False
2014-07-09 09:30:00+00:00,4.025575956138005,5.084362785862787,4.2314246404239215,False
2014-07-09 10:00:00+00:00,4.337210484086654,6.114382198544699,5.262151400454201,False
2014-07-09 10:30:00+00:00,4.479397111527146,6.224129937629938,4.90750927327782,False
2014-07-09 11:00:00+00:00,4.760271061781225,5.699171517671518,4.352170098410294,False
2014-07-09 11:30:00+00:00,4.732617009895693,5.645970244282744,4.820493754731264,False
2014-07-09 12:00:00+00:00,4.501528670767584,5.600985395010396,4.236802800908403,False
2014-07-09 12:30:00+00:00,4.3056523401979145,5.323158757796258,5.2427382286146855,False
2014-07-09 13:00:00+00:00,4.2402281358652045,4.9918901507276505,5.534641029523088,False
2014-07-09 13:30:00+00:00,3.38742227868414,5.961651273388775,3.8367031794095374,False
2014-07-09 14:00:00+00:00,5.733622251939021,4.432049090436591,4.294578690386071,False
2014-07-09 14:30:00+00:00,5.8759031024338055,5.448384901247402,3.949644284632854,False
2014-07-09 15:00:00+00:00,3.2431909066595344,6.022741112266113,4.471648902346707,False
2014-07-09 15:30:00+00:00,4.476675180529554,5.238157146569647,4.396376154428463,False
2014-07-09 16:00:00+00:00,4.9102607114201655,5.580193814968816,4.810478803936412,False
2014-07-09 16:30:00+00:00,5.182041882856379,5.9772289241164245,4.540768584405753,False
2014-07-09 17:00:00+00:00,3.919466408130517,5.224135810810811,3.16168485995458,False
2014-07-09 17:30:00+00:00,3.1015437550147094,5.025799142411643,3.8125470855412567,False
2014-07-09 18:00:00+00:00,2.5759552554158867,4.411811746361747,3.3448400075700224,False
2014-07-09 18:30:00+00:00,2.3927585183204068,3.8856523388773394,2.8120138909916728,False
2014-07-09 19:00:00+00:00,2.0196390746188824,3.552477182952184,2.4703010219530657,False
2014-07-09 19:30:00+00:00,1.750466782562183,3.1925599792099795,2.57695117335352,False
2014-07-09 20:00:00+00:00,1.8058871088526345,3.1212324584199584,2.0701590083270247,False
2014-07-09 20:30:00+00:00,1.4167419363466167,3.04467525987526,2.1710039742619225,False
2014-07-09 21:00:00+00:00,1.2284031559240438,2.8725727910602914,1.944945457986374,False
2014-07-09 21:30:00+00:00,1.1779466167424444,2.6961494022869026,1.5836927327781984,False
2014-07-09 22:00:00+00:00,1.35351032361594,2.5707748700623703,1.833160598031794,False
2014-07-09 22:30:00+00:00,1.2399568601230275,2.572426767151767,1.6805537471612413,False
2014-07-09 23:00:00+00:00,1.4659402781492377,2.2233948544698543,1.450499924299773,False
2014-07-09 23:30:00+00:00,1.327093153249532,2.140566528066528,1.4457332323996972,False
2014-07-10 00:00:00+00:00,1.2124566729071946,1.9163321465696463,1.3761143451930355,False
2014-07-10 00:30:00+00:00,1.1955453864669698,1.6851202182952183,1.3803112414837244,False
2014-07-10 01:00:00+00:00,1.2284618882054024,1.9952119542619544,1.280210862982589,False
2014-07-10 01:30:00+00:00,1.1779466167424444,1.909452416839917,1.3354821347464043,False
2014-07-10 02:00:00+00:00,1.250488419363466,2.050956237006237,1.126341294473883,False
2014-07-10 02:30:00+00:00,1.2163320139074618,1.731271153846154,1.1800777441332324,False
2014-07-10 03:00:00+00:00,1.2236040385129714,1.810399532224532,1.1461769114307343,False
2014-07-10 03:30:00+00:00,1.1861484086654186,1.6269917099792102,1.0989556018168054,False
2014-07-10 04:00:00+00:00,1.1911191227600963,1.592506470893971,1.1021406888720666,False
2014-07-10 04:30:00+00:00,1.1779466167424444,1.831656834719335,1.1705135881907645,False
2014-07-10 05:00:00+00:00,1.2860354640278149,2.169327130977131,1.2506493943981831,False
2014-07-10 05:30:00+00:00,1.7395046536507088,2.531942307692308,1.8196832702498105,False
2014-07-10 06:00:00+00:00,2.5477166354640275,3.729623466735967,2.4894456472369413,False
2014-07-10 06:30:00+00:00,2.9424159133458145,3.426149636174636,3.3045425435276305,False
2014-07-10 07:00:00+00:00,2.6924799679058573,7.041995867983369,4.283899507948524,False
2014-07-10 07:30:00+00:00,3.1235701524471784,6.185933731808732,4.337211052233156,False
2014-07-10 08:00:00+00:00,5.166657715966836,7.223879807692309,5.260728917486753,False
2014-07-10 08:30:00+00:00,5.754141882856379,7.302139553014554,5.493548145344436,False
2014-07-10 09:00:00+00:00,5.561965472051351,8.160760862785864,6.008882664647994,False
2014-07-10 09:30:00+00:00,3.986936400106981,8.20599760914761,5.804375283875851,False
2014-07-10 10:00:00+00:00,4.816763733618615,7.96385446985447,6.061911392884178,False
2014-07-10 10:30:00+00:00,4.711115779620219,7.909662655925156,6.232266654049962,False
2014-07-10 11:00:00+00:00,5.369086039047874,7.910244100831603,5.988438493565481,False
2014-07-10 11:30:00+00:00,5.185096844075956,7.828716528066528,6.302447388342165,False
2014-07-10 12:00:00+00:00,4.3852764642952655,7.87245246881497,6.037084481453444,False
2014-07-10 12:30:00+00:00,5.4061507889810105,7.808824636174636,6.78751044663134,False
2014-07-10 13:00:00+00:00,5.52161385397165,8.359754963617466,6.747976987130961,False
2014-07-10 13:30:00+00:00,4.9692711687617015,7.887878976091477,6.234999962149886,False
2014-07-10 14:00:00+00:00,6.885364348756351,7.602345971933473,6.475180015140046,False
2014-07-10 14:30:00+00:00,5.498034260497459,7.84334022869023,5.808635541256623,False
2014-07-10 15:00:00+00:00,5.2532394490505485,7.43257564968815,6.63426226343679,False
2014-07-10 15:30:00+00:00,5.428529018454132,8.060732744282744,5.968004087812263,False
2014-07-10 16:00:00+00:00,6.267870821075154,8.760365150727651,5.919973504920514,False
2014-07-10 16:30:00+00:00,5.58781278416689,7.284272843035343,5.966763474640424,False
2014-07-10 17:00:00+00:00,5.352539876972453,6.321990228690229,5.205263777441331,False
2014-07-10 17:30:00+00:00,3.4455224658999737,4.78528380977131,4.51134659348978,False
2014-07-10 18:00:00+00:00,2.853287028617277,3.7578406704781706,2.810615783497351,False
2014-07-10 18:30:00+00:00,1.3948655522867075,2.677703898128898,1.964635162755488,False
2014-07-10 19:00:00+00:00,1.893312169029152,2.65733737006237,1.6506800529901589,False
2014-07-10 19:30:00+00:00,1.6553431933672105,2.2238850051975056,1.4812960257380772,False
2014-07-10 20:00:00+00:00,1.2882241775875902,1.9735184771309773,1.424111430734292,False
2014-07-10 20:30:00+00:00,1.1961085049478468,1.9255786902286909,1.1985401968205904,False
2014-07-10 21:00:00+00:00,1.25983070339663,1.960559901247401,1.309472558667676,False
2014-07-10 21:30:00+00:00,1.369691709013105,1.769849688149688,1.0545484481453444,False
2014-07-10 22:00:00+00:00,1.3535140144423643,1.5380853690228693,1.1041074564723694,False
2014-07-10 22:30:00+00:00,1.2854754212356243,1.3116465956340957,1.179887358062074,False
2014-07-10 23:00:00+00:00,1.4250587322813586,1.2753604209979212,1.0255838758516274,False
2014-07-10 23:30:00+00:00,1.213186600695373,1.1814985187110187,1.0037027252081756,False
2014-07-11 00:00:00+00:00,1.2934112329499867,1.222054313929314,1.0037027252081756,False
2014-07-11 00:30:00+00:00,1.3411966301150038,1.1849080821205822,1.0037027252081756,False
2014-07-11 01:00:00+00:00,1.1908908799144158,1.3217762733887737,1.0037027252081756,False
2014-07-11 01:30:00+00:00,1.3610064188285638,1.550783367983368,1.0280292581377743,False
2014-07-11 02:00:00+00:00,1.2755539181599358,1.27107920997921,0.9975221423164268,False
2014-07-11 02:30:00+00:00,1.231760764910404,1.1814985187110187,1.0037027252081756,False
2014-07-11 03:00:00+00:00,1.2337227066060443,1.4508257796257795,1.0037027252081756,False
2014-07-11 03:30:00+00:00,1.2103368280288846,1.2905017931392933,1.0037027252081756,False
2014-07-11 04:00:00+00:00,1.2360312382990106,1.2560742983367983,1.0037027252081756,False
2014-07-11 04:30:00+00:00,1.2119122492645091,1.3174153066528067,1.0945489780469342,False
2014-07-11 05:00:00+00:00,1.2219928055629845,1.5720055873180874,1.0037027252081756,False
2014-07-11 05:30:00+00:00,1.954285985557636,2.4497681392931394,1.7331492808478426,False
2014-07-11 06:00:00+00:00,2.3770133458143885,3.3546619802494804,2.97077558667676,False
2014-07-11 06:30:00+00:00,3.4242502540786304,5.140770556133056,3.717592392127176,False
2014-07-11 07:00:00+00:00,3.627606499063921,6.4523464916839925,5.22716566994701,False
2014-07-11 07:30:00+00:00,4.544849184273869,6.600660524948025,5.184927971233913,False
2014-07-11 08:00:00+00:00,2.910360631184809,6.323690904365905,6.453060370931112,False
2014-07-11 08:30:00+00:00,6.286784434340733,7.622011226611226,5.978731302043905,False
2014-07-11 09:00:00+00:00,4.704059427654453,6.729782796257797,5.546051514004541,False
2014-07-11 09:30:00+00:00,5.689407889810109,6.790191787941789,5.857229068887206,False
2014-07-11 10:00:00+00:00,5.454769965231345,6.368016086278588,5.9269443603330805,False
2014-07-11 10:30:00+00:00,5.047189007756085,6.216188825363826,5.163299280847842,False
2014-07-11 11:00:00+00:00,5.401541027012571,6.906230509355511,5.887755185465555,False
2014-07-11 11:30:00+00:00,4.835929446376036,6.877957718295219,5.610466654049962,False
2014-07-11 12:00:00+00:00,5.112402754747259,6.517649974012475,5.385575283875851,False
2014-07-11 12:30:00+00:00,5.397056351965767,6.748770608108107,6.396590348221045,False
2014-07-11 13:00:00+00:00,4.517611741107248,7.15921340956341,6.160634784254352,False
2014-07-11 13:30:00+00:00,5.165243594543996,5.893175675675677,5.546456661619985,False
2014-07-11 14:00:00+00:00,5.975455255415886,6.934776975051975,5.879727517032551,False
2014-07-11 14:30:00+00:00,5.521995533565124,6.144449376299376,5.79160022710068,False
2014-07-11 15:00:00+00:00,5.1209559775341,6.075781834719335,5.516717259651778,False
2014-07-11 15:30:00+00:00,4.289083551751805,5.145396491683992,5.902392051476155,False
2014-07-11 16:00:00+00:00,3.7402811981813313,7.720331288981289,5.25166472369417,False
2014-07-11 16:30:00+00:00,5.337358625300882,5.70718685031185,5.206440878122634,False
2014-07-11 17:00:00+00:00,4.2039738967638405,6.186648258835759,4.415487055261165,False
2014-07-11 17:30:00+00:00,3.1430685744851563,5.157973674636175,3.927042240726722,False
2014-07-11 18:00:00+00:00,3.497446483016849,4.432663877338878,3.426694928084784,False
2014-07-11 18:30:00+00:00,2.222707729339396,3.944651585239085,3.123997539742619,False
2014-07-11 19:00:00+00:00,1.6086989034501202,3.314491424116424,2.3874441710825134,False
2014-07-11 19:30:00+00:00,1.2553885798341802,3.4989257796257798,2.2426531415594244,False
2014-07-11 20:00:00+00:00,1.542325488098422,2.939045816008316,1.9167791445874331,False
2014-07-11 20:30:00+00:00,1.4283926183471516,2.9128071465696466,1.723884140802422,False
2014-07-11 21:00:00+00:00,1.3261583845948115,2.5533703222453226,1.511887017411052,False
2014-07-11 21:30:00+00:00,1.3051323081037711,2.0523782484407485,1.5213822104466312,False
2014-07-11 22:00:00+00:00,1.2393470714094676,2.054227936590437,1.3023694928084784,False
2014-07-11 22:30:00+00:00,1.3425992243915486,1.5698784563409565,1.2032042392127176,False
2014-07-11 23:00:00+00:00,1.1779466167424444,1.6762149948024947,1.4234380015140042,False
2014-07-11 23:30:00+00:00,1.1779466167424444,1.5606285083160083,1.30482558667676,False
2014-07-12 00:00:00+00:00,1.2319890345012037,1.943598128898129,1.1272556018168054,False
2014-07-12 00:30:00+00:00,1.2323655790318266,1.4374856029106031,1.2527713853141558,False
2014-07-12 01:00:00+00:00,1.2009503343139878,1.5734268191268193,1.0769622634367904,False
2014-07-12 01:30:00+00:00,1.2449437282695908,1.4420696465696468,1.0037027252081756,False
2014-07-12 02:00:00+00:00,1.2226802888472852,1.815937551975052,1.2838505677517034,False
2014-07-12 02:30:00+00:00,1.1875648569136132,1.5976930353430354,1.1009598031794094,False
2014-07-12 03:00:00+00:00,1.217391602032629,1.9077097972972967,1.0816113171839516,False
2014-07-12 03:30:00+00:00,1.2971638405990906,1.8175018191268195,1.0037027252081756,False
2014-07-12 04:00:00+00:00,1.1779466167424444,1.664387681912682,1.0227086298258896,False
2014-07-12 04:30:00+00:00,1.1909817865739505,1.3784413461538465,1.0749589704769114,False
2014-07-12 05:00:00+00:00,1.2126994650976195,1.4856821985446986,1.1060132475397424,False
2014-07-12 05:30:00+00:00,1.524518614602835,2.029014604989605,1.4449409159727478,False
2014-07-12 06:00:00+00:00,2.6085655255415885,2.8428442307692308,2.5883052611657837,False
2014-07-12 06:30:00+00:00,3.126785102968708,3.802536772349272,2.193611279333838,False
2014-07-12 07:00:00+00:00,3.2220124097352234,5.833704807692309,4.308510825132475,False
2014-07-12 07:30:00+00:00,3.067174645627173,3.632801325363826,4.228813020439061,False
2014-07-12 08:00:00+00:00,2.4706502808237496,5.981692775467776,4.855674867524602,False
2014-07-12 08:30:00+00:00,4.47475378443434,5.681741294178795,5.009717486752461,False
2014-07-12 09:00:00+00:00,5.626198288312383,6.690965124740126,4.226202498107495,False
2014-07-12 09:30:00+00:00,3.510827814923776,5.717998076923077,5.003692505677517,False
2014-07-12 10:00:00+00:00,5.119398422037978,5.994503326403327,4.43643785011355,False
2014-07-12 10:30:00+00:00,4.486630837122226,6.412378326403326,4.408065594246783,False
2014-07-12 11:00:00+00:00,5.602738379245788,5.870277390852391,4.5181279712339135,False
2014-07-12 11:30:00+00:00,5.364926156726397,5.49637733887734,4.5655889099167295,False
2014-07-12 12:00:00+00:00,4.349177106178122,6.244375467775468,4.654794776684329,False
2014-07-12 12:30:00+00:00,4.432853918159936,6.270978690228691,4.898175132475397,False
2014-07-12 13:00:00+00:00,3.462542845680663,6.494227234927235,4.273484027252081,False
2014-07-12 13:30:00+00:00,3.7248866809307297,5.009478898128899,4.470964193792581,False
2014-07-12 14:00:00+00:00,3.9702821075153785,5.332145530145531,5.313948902346707,False
2014-07-12 14:30:00+00:00,5.50304998662744,6.050461928274429,3.782800492051476,False
2014-07-12 15:00:00+00:00,4.9169196309173575,6.596787032224533,4.23710299015897,False
2014-07-12 15:30:00+00:00,4.785438994383526,4.817990878378379,4.587934897804693,False
2014-07-12 16:00:00+00:00,4.486298823214763,6.336909615384616,4.910714647993944,False
2014-07-12 16:30:00+00:00,3.644922465899973,5.651692567567568,5.066143641180923,False
2014-07-12 17:00:00+00:00,4.807548729606847,5.584798518711019,2.9157514004542007,False
2014-07-12 17:30:00+00:00,3.1465732281358654,5.263982536382536,3.118801249053747,False
2014-07-12 18:00:00+00:00,2.701069911741107,4.365549116424116,2.3426502271006813,False
2014-07-12 18:30:00+00:00,1.4782214495854509,3.7072667619542634,2.0438900075700226,False
2014-07-12 19:00:00+00:00,1.9810021128644024,3.7437262993762994,2.2025698334595005,False
2014-07-12 19:30:00+00:00,1.550352500668628,3.323588513513514,2.010469417108251,False
2014-07-12 20:00:00+00:00,1.3896452794864935,2.95180077962578,1.75848785011355,False
2014-07-12 20:30:00+00:00,1.347988098422038,2.7334577702702703,1.6303453444360332,False
2014-07-12 21:00:00+00:00,1.489594704466435,1.9910654885654888,1.7640681302043904,False
2014-07-12 21:30:00+00:00,1.4562265044129448,1.9572831081081083,1.5662726343679032,False
2014-07-12 22:00:00+00:00,1.2601184541321209,1.836916761954262,1.6034876987130962,False
2014-07-12 22:30:00+00:00,1.1779466167424444,2.5661693607068607,1.5498460635881908,False
2014-07-12 23:00:00+00:00,1.2787736025675314,2.2732201403326404,1.4833758894776683,False
2014-07-12 23:30:00+00:00,1.2423386734420967,2.001514007276508,1.3324223315669947,False
2014-07-13 00:00:00+00:00,1.2023039850227333,1.9814018711018715,1.4735805071915216,False
2014-07-13 00:30:00+00:00,1.1891470179192296,1.803362837837838,1.346539818319455,False
2014-07-13 01:00:00+00:00,1.2152744851564592,2.0206501819126816,1.253409084027252,False
2014-07-13 01:30:00+00:00,1.1942343139876972,1.8824180353430355,1.319718357305072,False
2014-07-13 02:00:00+00:00,1.3555835250066863,1.7994232588357593,1.3685618470855412,False
2014-07-13 02:30:00+00:00,1.2062602032629044,1.9581407744282748,1.1363564345193036,False
2014-07-13 03:00:00+00:00,1.2733987697245253,2.0258754937629937,1.1511861090083269,False
2014-07-13 03:30:00+00:00,1.2563432736025677,1.923608783783784,1.0926741483724451,False
2014-07-13 04:00:00+00:00,1.2013201925648571,1.6202997661122662,1.0791591597274792,False
2014-07-13 04:30:00+00:00,1.203596121957743,1.6979186850311851,1.2111499621498862,False
2014-07-13 05:00:00+00:00,1.1779466167424444,1.9124438149688152,1.1529671082513249,False
2014-07-13 05:30:00+00:00,1.261179486493715,1.9248658523908528,1.3498066616199849,False
2014-07-13 06:00:00+00:00,1.9465496121957744,2.61094617983368,1.6234269114307345,False
2014-07-13 06:30:00+00:00,1.772454399572078,2.3356867983367984,1.2513339137017407,False
2014-07-13 07:00:00+00:00,2.149375902647767,4.494388513513514,3.417354012112036,False
2014-07-13 07:30:00+00:00,2.047861273067665,2.3511612785862788,2.8565825889477665,False
2014-07-13 08:00:00+00:00,2.126081492377641,6.180030691268192,4.539994436033307,False
2014-07-13 08:30:00+00:00,2.833752286707676,5.024693165280666,3.8061738834216494,False
2014-07-13 09:00:00+00:00,3.633203289649639,6.207395478170479,3.2054012112036334,False
2014-07-13 09:30:00+00:00,3.249235250066863,5.622728612266113,3.8634363739591215,False
2014-07-13 10:00:00+00:00,3.311893019523937,5.786079261954263,3.9610727100681298,False
2014-07-13 10:30:00+00:00,3.4112484621556565,5.311780353430354,4.0875348978046935,False
2014-07-13 11:00:00+00:00,2.9894683337790853,6.091570010395011,3.6054358819076455,False
2014-07-13 11:30:00+00:00,3.997135250066863,5.92685628898129,4.331415972747919,False
2014-07-13 12:00:00+00:00,3.6415397967370953,6.267544334719335,3.272979598788796,False
2014-07-13 12:30:00+00:00,3.756865792992779,5.972894542619543,3.513650719152157,False
2014-07-13 13:00:00+00:00,3.6001149237764105,6.252777130977131,4.535323504920514,False
2014-07-13 13:30:00+00:00,3.617822653115806,5.879761746361747,3.761985049205147,False
2014-07-13 14:00:00+00:00,3.50571848087724,5.30453303014553,3.643300416351249,False
2014-07-13 14:30:00+00:00,4.63246196844076,5.340089085239086,4.591684367903103,False
2014-07-13 15:00:00+00:00,3.405022225193902,5.886204833679834,3.712247199091597,False
2014-07-13 15:30:00+00:00,4.089148702861728,4.543044048856549,3.625853179409538,False
2014-07-13 16:00:00+00:00,2.6368062851029688,5.525536564449065,3.534320968962907,False
2014-07-13 16:30:00+00:00,4.148014897031292,5.376051793139293,4.216264118092354,False
2014-07-13 17:00:00+00:00,3.165158571810644,5.611294178794179,2.5277115821347462,False
2014-07-13 17:30:00+00:00,2.4046192297405726,5.532534277546778,2.151811544284633,False
2014-07-13 18:00:00+00:00,3.14038967638406,4.775135576923077,2.116278501135503,False
2014-07-13 18:30:00+00:00,2.1011560310243382,3.852045478170479,2.277771498864497,False
2014-07-13 19:00:00+00:00,1.7918341000267453,3.5694803534303534,1.9299567751703253,False
2014-07-13 19:30:00+00:00,1.3542818133190693,3.0669909823284827,1.97526801665405,False
2014-07-13 20:00:00+00:00,1.4496936614067932,2.972491502079002,1.7427672218016654,False
2014-07-13 20:30:00+00:00,1.2762652313452796,2.465496517671518,1.4975607494322485,False
2014-07-13 21:00:00+00:00,1.284833351163413,2.241421335758836,1.678288872066616,False
2014-07-13 21:30:00+00:00,1.545086814656325,2.174381912681913,1.5811890234670702,False
2014-07-13 22:00:00+00:00,1.2644465097619686,2.194717567567568,1.490157305071915,False
2014-07-13 22:30:00+00:00,1.2025446910938753,2.09971431912682,1.4713097274791824,False
2014-07-13 23:00:00+00:00,1.2804294463760364,2.176587474012474,1.3805838001514006,False
2014-07-13 23:30:00+00:00,1.3943657662476596,2.260825883575884,1.5490639666919002,False
2014-07-14 00:00:00+00:00,1.285547766782562,2.092771751559252,1.2773971612414836,False
2014-07-14 00:30:00+00:00,1.1927042524739235,1.994383835758836,1.176020022710068,False
2014-07-14 01:00:00+00:00,1.1779466167424444,2.0150436070686077,1.1975270628311885,False
2014-07-14 01:30:00+00:00,1.1779466167424444,1.9929278326403328,1.182741332323997,False
2014-07-14 02:00:00+00:00,1.2071631719711151,2.063373362785863,1.0812956850870552,False
2014-07-14 02:30:00+00:00,1.2183972452527414,2.02145395010395,1.0994438682816048,False
2014-07-14 03:00:00+00:00,1.1923698849959885,1.6703841216216213,1.214179371688115,False
2014-07-14 03:30:00+00:00,1.2137061246322545,1.8064873960498964,1.1079385314155945,False
2014-07-14 04:00:00+00:00,1.1820514041187484,1.5547550155925156,1.1287757759273276,False
2014-07-14 04:30:00+00:00,1.1779466167424444,2.057751611226611,1.0904289931869795,False
2014-07-14 05:00:00+00:00,1.2285478202728002,1.8454484407484408,1.080642354277063,False
2014-07-14 05:30:00+00:00,1.277305482749398,1.9029981808731808,1.220503255109765,False
2014-07-14 06:00:00+00:00,1.8819505750200587,2.4442903846153845,1.6382751703255107,False
2014-07-14 06:30:00+00:00,1.498044316662209,2.992771075883576,1.1642199091597274,False
2014-07-14 07:00:00+00:00,2.4792684140144425,5.624131782744283,3.1452454958364875,False
2014-07-14 07:30:00+00:00,2.17075327627708,2.1841847972972976,1.9565549205147612,False
2014-07-14 08:00:00+00:00,2.6358114469109384,7.239965540540542,3.2809257380772143,False
2014-07-14 08:30:00+00:00,3.175824311313185,4.3980908004158,4.18847441332324,False
2014-07-14 09:00:00+00:00,3.136482294731212,6.16397933991684,3.504054504163512,False
2014-07-14 09:30:00+00:00,3.847551216902915,5.012160239085239,2.864247047691143,False
2014-07-14 10:00:00+00:00,3.104271275742177,5.9226276767151775,3.7542230128690384,False
2014-07-14 10:30:00+00:00,3.1826263974324687,5.321988227650729,3.080075283875852,False
2014-07-14 11:00:00+00:00,3.1051544530623163,5.3431481808731816,2.5861241483724444,False
2014-07-14 11:30:00+00:00,3.0558190157796203,4.931960810810812,2.6116942467827404,False
2014-07-14 12:00:00+00:00,2.490425167156994,5.064845036382537,2.8007090083270247,False
2014-07-14 12:30:00+00:00,2.8210561914950523,5.078779781704783,2.8556152914458743,False
2014-07-14 13:00:00+00:00,2.905445680663279,4.8888704002079,3.421309878879637,False
2014-07-14 13:30:00+00:00,2.2123060176517786,5.275895478170479,2.210247956093868,False
2014-07-14 14:00:00+00:00,2.9691265579031825,4.997771543659044,3.1677723694171083,False
2014-07-14 14:30:00+00:00,2.782060684675047,4.215752572765073,4.482361884935655,False
2014-07-14 15:00:00+00:00,2.8003718641347954,6.7551386694386695,1.9582642694928083,False
2014-07-14 15:30:00+00:00,2.0361377908531693,4.760249272349272,3.5486076835730507,False
2014-07-14 16:00:00+00:00,4.201710189890345,5.221979158004158,2.675050681302044,False
2014-07-14 16:30:00+00:00,3.2977386199518586,5.4317653326403335,3.890378198334595,False
2014-07-14 17:00:00+00:00,3.220938914148168,4.402557692307693,2.444089326267979,False
2014-07-14 17:30:00+00:00,2.300020807702594,5.287139059251559,2.0891823618470857,False
2014-07-14 18:00:00+00:00,2.2916629045199253,4.321023544698545,2.112360598031794,False
2014-07-14 18:30:00+00:00,2.456887028617277,3.6715000779625786,1.8237599545798635,False
2014-07-14 19:00:00+00:00,1.68684239101364,2.943164163201663,1.678773542770628,False
2014-07-14 19:30:00+00:00,1.68773179994651,3.001127182952183,1.7608023845571534,False
2014-07-14 20:00:00+00:00,1.6487064990639209,3.044190098752599,1.4892998107494322,False
2014-07-14 20:30:00+00:00,1.5368196844075954,3.1679706081081083,1.5388627176381526,False
2014-07-14 21:00:00+00:00,1.2932350361059106,2.8603097453222457,1.585665556396669,False
2014-07-14 21:30:00+00:00,1.433534394223054,2.5718723492723496,1.3469254731264193,False
2014-07-14 22:00:00+00:00,1.6211670500133726,2.502267515592516,1.4462867524602572,False
2014-07-14 22:30:00+00:00,1.3465176250334314,2.2748436850311853,1.289691067373202,False
2014-07-14 23:00:00+00:00,1.2423268253543729,2.368917723492724,1.5675060181680542,False
2014-07-14 23:30:00+00:00,1.294893019523937,2.2577670997921,1.5372426949280849,False
2014-07-15 00:00:00+00:00,1.3450380583043595,2.1584962058212063,1.3410755109765329,False
2014-07-15 00:30:00+00:00,1.4941481144691091,1.95664630977131,1.134858327024981,False
2014-07-15 01:00:00+00:00,1.3181786039047871,1.960479547817048,1.2758901211203637,False
2014-07-15 01:30:00+00:00,1.5164755282161004,2.009435446985447,1.0723462528387584,False
2014-07-15 02:00:00+00:00,1.5057316127306768,1.8148095374220377,1.1875700984102953,False
2014-07-15 02:30:00+00:00,1.3399111527146297,1.8099658004158004,1.3798344436033307,False
2014-07-15 03:00:00+00:00,1.1936942497994116,1.7347226091476091,1.1205780847842544,False
2014-07-15 03:30:00+00:00,1.2715622626370688,2.0751638773388774,1.099460257380772,False
2014-07-15 04:00:00+00:00,1.265588258892752,1.2950062370062372,1.420839288417865,False
2014-07-15 04:30:00+00:00,1.284213372559508,1.714285498960499,1.1958797501892504,False
2014-07-15 05:00:00+00:00,1.3008968708210753,2.0808195686070685,1.6088991672975017,False
2014-07-15 05:30:00+00:00,1.612815164482482,2.9610196465696466,1.5350380772142314,False
2014-07-15 06:00:00+00:00,2.0894919229740574,3.7553747661122654,2.2150659727479183,False
2014-07-15 06:30:00+00:00,2.1180876705001337,3.947246335758836,2.712627289931869,False
2014-07-15 07:00:00+00:00,3.2929318801818668,7.664470062370063,3.7093285768357305,False
2014-07-15 07:30:00+00:00,3.465557448515645,7.462361902286904,3.8925284632853896,False
2014-07-15 08:00:00+00:00,3.014737416421503,7.715735239085238,5.986680355791068,False
2014-07-15 08:30:00+00:00,5.631139636266381,7.364312525987527,5.563713701741106,False
2014-07-15 09:00:00+00:00,5.9268844343407325,9.37900083160083,5.348805639666919,False
2014-07-15 09:30:00+00:00,5.226058304359454,8.405292099792101,5.539617978803936,False
2014-07-15 10:00:00+00:00,4.93935378443434,8.179565800415801,5.995782399697198,False
2014-07-15 10:30:00+00:00,4.943543808504948,7.840153430353431,5.374129560938683,False
2014-07-15 11:00:00+00:00,5.351810216635464,8.833420140332642,5.310267751703254,False
2014-07-15 11:30:00+00:00,4.846468066327895,8.197089786902287,6.294449810749431,False
2014-07-15 12:00:00+00:00,4.0228405188553085,7.564462915800417,5.41570287660863,False
2014-07-15 12:30:00+00:00,4.923592350895961,8.304256860706861,5.031288682816048,False
2014-07-15 13:00:00+00:00,4.723973843273602,9.080242489604991,5.271079485238456,False
2014-07-15 13:30:00+00:00,3.6886212623696175,7.686098440748442,5.35147271006813,False
2014-07-15 14:00:00+00:00,5.306079138807167,8.278519646569649,5.728455185465556,False
2014-07-15 14:30:00+00:00,5.844405081572613,8.996274662162163,5.28331014383043,False
2014-07-15 15:00:00+00:00,5.368843674779352,8.612225363825365,5.401023618470855,False
2014-07-15 15:30:00+00:00,5.768120112329499,8.555990644490645,5.354567221801664,False
2014-07-15 16:00:00+00:00,5.074916983150575,8.65037798856549,5.162240764572292,False
2014-07-15 16:30:00+00:00,5.295166087189088,8.365077027027027,5.968435427706282,False
2014-07-15 17:00:00+00:00,5.952788553089062,6.958493866943867,3.4826859576078726,False
2014-07-15 17:30:00+00:00,4.1459353035571,6.172141320166321,4.021821044663134,False
2014-07-15 18:00:00+00:00,3.5539302754747264,5.095604417879418,3.600050151400454,False
2014-07-15 18:30:00+00:00,2.330714014442364,4.18790181912682,2.586718092354277,False
2014-07-15 19:00:00+00:00,2.1103708478202727,3.760694412681913,1.7465218395155184,False
2014-07-15 19:30:00+00:00,1.534544985290185,3.0092533264033268,1.7787759651778956,False
2014-07-15 20:00:00+00:00,1.2274419630917357,2.9289204002079003,1.6275671461014385,False
2014-07-15 20:30:00+00:00,1.360271248997058,2.769778196465697,1.2121691900075695,False
2014-07-15 21:00:00+00:00,1.3166587322813588,2.4087920997921,1.2045749432248294,False
2014-07-15 21:30:00+00:00,1.205051270393153,2.1325594334719336,1.3160045420136262,False
2014-07-15 22:00:00+00:00,1.2139211821342604,2.0887530925155926,1.2459867903103707,False
2014-07-15 22:30:00+00:00,1.2509377641080504,1.8357578222453224,1.1406562074186222,False
2014-07-15 23:00:00+00:00,1.185876170098957,1.7242384355509357,1.1425127176381529,False
2014-07-15 23:30:00+00:00,1.2869363466167425,1.331208861746362,1.0557503406510218,False
2014-07-16 00:00:00+00:00,1.2199730944102702,1.5688348752598753,1.0037027252081756,False
2014-07-16 00:30:00+00:00,1.340620272800214,1.4916594334719335,1.091752763058289,False
2014-07-16 01:00:00+00:00,1.2409111794597485,1.4469159563409564,1.1071514761544283,False
2014-07-16 01:30:00+00:00,1.1924320406525808,1.4328352910602913,1.0587018168054505,False
2014-07-16 02:00:00+00:00,1.260960845145761,1.505039604989605,1.0025456472369416,False
2014-07-16 02:30:00+00:00,1.314035704733886,1.839663123700624,1.0037027252081756,False
2014-07-16 03:00:00+00:00,1.2522230810377106,1.7299325103950105,1.0380070022710066,False
2014-07-16 03:30:00+00:00,1.301472425782295,1.2227400207900208,1.0037027252081756,False
2014-07-16 04:00:00+00:00,1.1779466167424444,1.2347891632016634,1.0196999621498863,False
2014-07-16 04:30:00+00:00,1.2186206739769991,1.1814985187110187,1.0037027252081756,False
2014-07-16 05:00:00+00:00,1.2150318801818667,1.7160455301455304,1.2819571536714611,False
2014-07-16 05:30:00+00:00,1.976816635464028,2.262612551975052,1.3280705526116576,False
2014-07-16 06:00:00+00:00,2.763638432736025,3.805806314968816,2.577655412566237,False
2014-07-16 06:30:00+00:00,2.528606124632254,3.8785160862785855,2.0578797501892505,False
2014-07-16 07:00:00+00:00,3.3036615137737364,6.196833575883577,4.748038115064344,False
2014-07-16 07:30:00+00:00,4.216248649371489,3.922023570686071,5.472819909159727,False
2014-07-16 08:00:00+00:00,4.519966060443969,7.488259485446985,5.275405488266465,False
2014-07-16 08:30:00+00:00,5.14205624498529,7.119902104989606,4.701097085541257,False
2014-07-16 09:00:00+00:00,3.950040866541856,8.218081522869022,5.532041483724451,False
2014-07-16 09:30:00+00:00,5.11559860925381,6.9891486486486505,5.727162414837244,False
2014-07-16 10:00:00+00:00,4.790430008023536,7.353363591476092,5.845966426949281,False
2014-07-16 10:30:00+00:00,5.062630061513773,7.45134430873181,5.494005639666919,False
2014-07-16 11:00:00+00:00,4.61488208077026,6.927529313929314,5.41912975018925,False
2014-07-16 11:30:00+00:00,4.2872111527146295,6.547523232848232,5.347099280847842,False
2014-07-16 12:00:00+00:00,4.935746322546135,6.720352702702703,5.402425283875852,False
2014-07-16 12:30:00+00:00,5.006955068200053,6.384862551975052,5.2310507948523846,False
2014-07-16 13:00:00+00:00,4.409071917625034,7.129360706860708,5.213939250567751,False
2014-07-16 13:30:00+00:00,3.9805763305696704,6.354309355509356,5.5918777062831175,False
2014-07-16 14:00:00+00:00,6.464597887135598,6.412608913721414,4.7066784254352765,False
2014-07-16 14:30:00+00:00,4.293579192297406,5.383010395010396,4.821416540499621,False
2014-07-16 15:00:00+00:00,4.542743755014709,6.77320816008316,4.283756661619985,False
2014-07-16 15:30:00+00:00,4.888862824284568,4.71042001039501,5.153372218016654,False
2014-07-16 16:00:00+00:00,4.677327627707943,7.445927001039502,4.651319606358818,False
2014-07-16 16:30:00+00:00,4.912935677988767,6.1017954002079,5.068121574564724,False
2014-07-16 17:00:00+00:00,5.078680957475261,5.931607900207901,3.289270552611658,False
2014-07-16 17:30:00+00:00,3.5821965231345274,4.874227468814969,3.107748864496594,False
2014-07-16 18:00:00+00:00,3.450385664616207,4.3022671257796254,3.261518584405753,False
2014-07-16 18:30:00+00:00,2.2276538379245787,3.6517891891891896,2.667608327024981,False
2014-07-16 19:00:00+00:00,2.043325648569136,3.263830171517672,2.488818849356548,False
2014-07-16 19:30:00+00:00,1.6897087456539182,2.896266554054054,1.96892089326268,False
2014-07-16 20:00:00+00:00,1.3722461085851831,2.9706764293139294,1.7658675624526872,False
2014-07-16 20:30:00+00:00,1.495281144691094,2.7792516112266115,1.652049810749432,False
2014-07-16 21:00:00+00:00,1.5890926718373897,2.5323747920997923,1.6489035200605602,False
2014-07-16 21:30:00+00:00,1.2165923776410803,2.103402416839917,1.4248639666919,False
2014-07-16 22:00:00+00:00,1.287222358919497,1.931776143451144,1.5541497728993183,False
2014-07-16 22:30:00+00:00,1.2533993581171436,1.8770363045738048,1.3534058289174866,False
2014-07-16 23:00:00+00:00,1.318608585183204,2.062501923076923,1.395970704012112,False
2014-07-16 23:30:00+00:00,1.3753102433805828,1.9977496101871104,1.2650201741105225,False
2014-07-17 00:00:00+00:00,1.2374691093875367,1.7337199064449067,1.1107288796366388,False
2014-07-17 00:30:00+00:00,1.2351055629847552,1.9525834979209984,1.197676154428463,False
2014-07-17 01:00:00+00:00,1.266118534367478,1.4121482328482329,1.1386003028009084,False
2014-07-17 01:30:00+00:00,1.367906659534635,1.7288742463617464,1.3078375094625283,False
2014-07-17 02:00:00+00:00,1.1779466167424444,1.1814985187110187,1.212165215745647,False
2014-07-17 02:30:00+00:00,1.1779466167424444,1.4796882016632016,1.1434792202876607,False
2014-07-17 03:00:00+00:00,1.2161765177855042,1.5500625,1.0441753595760783,False
2014-07-17 03:30:00+00:00,1.1779466167424444,1.5996821985446987,1.0767087812263436,False
2014-07-17 04:00:00+00:00,1.1779466167424444,1.5052886174636175,1.118720136260409,False
2014-07-17 04:30:00+00:00,1.2188126504412946,1.7844185031185031,1.1014852384557152,False
2014-07-17 05:00:00+00:00,1.1961245520192565,1.8642514033264037,1.1003711203633608,False
2014-07-17 05:30:00+00:00,1.4723012035303558,2.153394204781705,1.5524438682816049,False
2014-07-17 06:00:00+00:00,2.5442202460550947,3.304923154885655,2.157601324753974,False
2014-07-17 06:30:00+00:00,2.84814129446376,3.33332079002079,2.1847082134746403,False
2014-07-17 07:00:00+00:00,2.8688045466702325,6.08554708939709,3.742587055261165,False
2014-07-17 07:30:00+00:00,2.247523134527949,5.213471335758837,4.303471877365632,False
2014-07-17 08:00:00+00:00,3.7019561914950514,6.001141839916841,4.017797918243755,False
2014-07-17 08:30:00+00:00,4.446961246322546,3.2418554054054054,4.961190688872066,False
2014-07-17 09:00:00+00:00,4.459475929392886,6.222764994802495,3.941721990915972,False
2014-07-17 09:30:00+00:00,3.578248462155657,6.518409823284824,4.737553368660106,False
2014-07-17 10:00:00+00:00,4.122823134527948,6.211337188149689,4.407165026495079,False
2014-07-17 10:30:00+00:00,3.7932549344744575,5.642514968814969,4.1356263815291445,False
2014-07-17 11:00:00+00:00,4.63952337523402,6.005222791060292,3.938304428463285,False
2014-07-17 11:30:00+00:00,3.755512382990105,5.504693762993764,4.496953103709311,False
2014-07-17 12:00:00+00:00,4.186033779085317,5.848197972972973,3.3136730885692653,False
2014-07-17 12:30:00+00:00,3.343595052152982,5.341340696465696,4.071150567751703,False
2014-07-17 13:00:00+00:00,2.844748328430061,6.495394906444907,4.472092392127176,False
2014-07-17 13:30:00+00:00,2.909487456539181,5.077562733887734,4.244298221044663,False
2014-07-17 14:00:00+00:00,3.982135250066863,6.903789864864865,4.136720817562453,False
2014-07-17 14:30:00+00:00,4.246409788713559,5.437292385654886,3.7899328917486743,False
2014-07-17 15:00:00+00:00,3.8788616474993303,6.8210015592515605,4.141119492808478,False
2014-07-17 15:30:00+00:00,3.35977009895694,5.321399688149689,4.216553633610901,False
2014-07-17 16:00:00+00:00,3.400997699919765,6.817597869022869,4.075416578349735,False
2014-07-17 16:30:00+00:00,3.008998181331907,6.469886356548857,2.977994019682059,False
2014-07-17 17:00:00+00:00,3.779149692431131,5.960494178794179,2.939388228614685,False
2014-07-17 17:30:00+00:00,2.420652313452795,4.98799935031185,2.5683884935654806,False
2014-07-17 18:00:00+00:00,3.070218159935812,4.449147895010395,2.273716502649508,False
2014-07-17 18:30:00+00:00,2.041073709548008,3.722031834719335,1.983298334595004,False
2014-07-17 19:00:00+00:00,1.45306140679326,3.485853196465697,1.810309841029523,False
2014-07-17 19:30:00+00:00,1.966848809842204,3.276396387733888,1.6424661241483722,False
2014-07-17 20:00:00+00:00,1.6188243648034233,3.1639375259875258,1.7277256245268735,False
2014-07-17 20:30:00+00:00,1.5774170366408131,3.1198147609147613,1.551783989401968,False
2014-07-17 21:00:00+00:00,1.569530489435678,2.6518822765072767,1.6249507948523847,False
2014-07-17 21:30:00+00:00,1.360422358919497,2.7051430093555093,1.5158793338380014,False
2014-07-17 22:00:00+00:00,1.210413452794865,2.4332694386694387,1.3392973504920511,False
2014-07-17 22:30:00+00:00,1.411490104305964,2.2426166060291064,1.2530920136260406,False
2014-07-17 23:00:00+00:00,1.3409246322546136,2.1529864345114347,1.2787003406510218,False
2014-07-17 23:30:00+00:00,1.2461937148970312,2.027771231808732,1.440760105980318,False
2014-07-18 00:00:00+00:00,1.3011054827493982,2.312655041580042,1.3004517032551095,False
2014-07-18 00:30:00+00:00,1.2637449050548275,1.7547373700623703,1.3764871309613929,False
2014-07-18 01:00:00+00:00,1.3763181866809309,1.824941761954262,1.3392008705526115,False
2014-07-18 01:30:00+00:00,1.2770209146830704,1.7834705301455305,1.3131400075700226,False
2014-07-18 02:00:00+00:00,1.3817699919764643,1.6164924636174638,1.1031435276305828,False
2014-07-18 02:30:00+00:00,1.2897494249799413,1.8410299896049895,1.1512336109008323,False
2014-07-18 03:00:00+00:00,1.3254686814656325,1.8339705301455305,1.2808926949280848,False
2014-07-18 03:30:00+00:00,1.275231719711153,1.7916433212058214,1.0816059046177138,False
2014-07-18 04:00:00+00:00,1.2441648301684942,1.5818515072765076,1.0416876608629826,False
2014-07-18 04:30:00+00:00,1.194820460016047,1.5748224532224533,1.1243255109765329,False
2014-07-18 05:00:00+00:00,1.2339751002941963,1.8811597972972975,1.3039779333838,False
2014-07-18 05:30:00+00:00,1.2353252206472318,2.136874792099792,1.418937017411052,False
2014-07-18 06:00:00+00:00,1.6130461620754213,2.59192001039501,1.6024591975775928,False
2014-07-18 06:30:00+00:00,2.045454265846483,3.1374410083160087,1.9350255109765329,False
2014-07-18 07:00:00+00:00,2.230996442899171,3.2330328482328485,2.2907692278576834,False
2014-07-18 07:30:00+00:00,2.194318052955336,4.049875857588358,3.069951665404996,False
2014-07-18 08:00:00+00:00,1.765268333779085,3.5489531964656966,3.577951589704769,False
2014-07-18 08:30:00+00:00,6.075513907461888,6.995625831600832,5.4950469719909165,False
2014-07-18 09:00:00+00:00,4.894419390211287,7.894487915800417,6.134982361847085,False
2014-07-18 09:30:00+00:00,4.050216876170099,7.243381262993763,5.144979485238456,False
2014-07-18 10:00:00+00:00,3.3724865739502543,6.530638071725572,5.203418205904616,False
2014-07-18 10:30:00+00:00,4.954314522599625,7.006896075883576,5.744023088569265,False
2014-07-18 11:00:00+00:00,5.838400534902379,7.749456756756757,5.87972176381529,False
2014-07-18 11:30:00+00:00,5.842522332174378,8.637989553014554,6.312675283875851,False
2014-07-18 12:00:00+00:00,5.463807167691896,8.439943892931392,6.001457077971233,False
2014-07-18 12:30:00+00:00,5.51726739769992,8.328830795218295,5.879563966691899,False
2014-07-18 13:00:00+00:00,5.65776464295266,8.379283679833682,5.985985427706283,False
2014-07-18 13:30:00+00:00,6.427901845413212,8.5576512993763,6.125840915972748,False
2014-07-18 14:00:00+00:00,6.211480823749666,9.539277806652809,5.3272972369417095,False
2014-07-18 14:30:00+00:00,6.133781465632522,8.946738747401248,6.811742089326268,False
2014-07-18 15:00:00+00:00,4.301375046803958,7.887942593555094,6.966265518546555,False
2014-07-18 15:30:00+00:00,5.855734982615672,8.357637032224531,5.277567638152914,False
2014-07-18 16:00:00+00:00,5.78520489435678,9.073596543659043,5.850892467827404,False
2014-07-18 16:30:00+00:00,5.347214335383792,6.585102182952183,5.35990662376987,False
2014-07-18 17:00:00+00:00,3.85375707408398,5.6923138773388775,5.020661884935654,False
2014-07-18 17:30:00+00:00,4.341762931265044,5.239476455301455,3.765797615442846,False
2014-07-18 18:00:00+00:00,3.4500993848622623,4.174822167359668,3.035801741105223,False
2014-07-18 18:30:00+00:00,1.4402774271195506,3.0591079261954266,2.197542884178652,False
2014-07-18 19:00:00+00:00,1.4368481679593474,2.3376975311850314,1.9099483724451167,False
2014-07-18 19:30:00+00:00,1.2323549879646964,2.234600181912682,1.406495117335352,False
2014-07-18 20:00:00+00:00,1.3590218507622358,2.286739085239085,1.4209948902346703,False
2014-07-18 20:30:00+00:00,1.2847402246589996,1.9168010135135136,1.4259824375473125,False
2014-07-18 21:00:00+00:00,1.2745765177855042,1.6475501559251562,1.3461893262679787,False
2014-07-18 21:30:00+00:00,1.1779466167424444,1.7010949584199586,1.2780317183951553,False
2014-07-18 22:00:00+00:00,1.2064342604974592,1.5477731288981291,1.3449490915972746,False
2014-07-18 22:30:00+00:00,1.3568367745386467,1.6923111486486486,1.2139587055261165,False
2014-07-18 23:00:00+00:00,1.1779466167424444,1.9427345374220375,1.0058200984102952,False
2014-07-18 23:30:00+00:00,1.2493250334313988,1.7730698544698549,1.2216322861468585,False
2014-07-19 00:00:00+00:00,1.289022332174378,1.856214656964657,1.2247577592732777,False
2014-07-19 00:30:00+00:00,1.1779466167424444,1.572430093555094,0.9975379258137774,False
2014-07-19 01:00:00+00:00,1.1779466167424444,1.5663285083160083,1.0037027252081756,False
2014-07-19 01:30:00+00:00,1.1779466167424444,1.643239604989605,1.0210905374716124,False
2014-07-19 02:00:00+00:00,1.1779466167424444,1.5206840436590436,1.0037027252081756,False
2014-07-19 02:30:00+00:00,1.2157361861460283,1.619618970893971,1.0037027252081756,False
2014-07-19 03:00:00+00:00,1.3036097619684408,1.571398258835759,1.0821999242997729,False
2014-07-19 03:30:00+00:00,1.1791405456004278,1.545802728690229,1.010691559424678,False
2014-07-19 04:00:00+00:00,1.1895353035571008,1.4260445686070686,1.0037027252081756,False
2014-07-19 04:30:00+00:00,1.1779466167424444,1.4511139293139297,1.0856216502649507,False
2014-07-19 05:00:00+00:00,1.2346076491040383,1.5027710498960498,1.0037027252081756,False
2014-07-19 05:30:00+00:00,1.2861158598555762,1.6726896569646568,1.1178282361847085,False
2014-07-19 06:00:00+00:00,2.386554693768387,3.3871746621621623,2.181205715367146,False
2014-07-19 06:30:00+00:00,3.3443095747526077,4.681285343035344,1.6639495079485236,False
2014-07-19 07:00:00+00:00,4.073559186948382,5.735420244282745,4.270430431491294,False
2014-07-19 07:30:00+00:00,4.146268708210751,4.226908497920999,4.466100492051476,False
2014-07-19 08:00:00+00:00,3.5287836854774004,7.212389968814969,5.558315669947009,False
2014-07-19 08:30:00+00:00,5.036636453597218,6.062189267151767,4.7215914458743375,False
2014-07-19 09:00:00+00:00,4.083054693768387,5.974097271309772,4.902112112036336,False
2014-07-19 09:30:00+00:00,5.006740251404119,7.158970608108109,5.217379863739591,False
2014-07-19 10:00:00+00:00,5.667354185611126,6.775449402286903,5.291370401211204,False
2014-07-19 10:30:00+00:00,5.039800802353571,6.263070114345115,5.381556434519303,False
2014-07-19 11:00:00+00:00,5.299241187483284,6.916086356548856,6.0720838001514,False
2014-07-19 11:30:00+00:00,5.542683150575019,7.577845686070687,6.031722482967448,False
2014-07-19 12:00:00+00:00,5.364361487028617,7.5311888253638255,6.056710370931113,False
2014-07-19 12:30:00+00:00,6.295534019791388,7.458486382536384,6.485110257380772,False
2014-07-19 13:00:00+00:00,4.708028189355442,7.005764397089396,5.560851211203633,False
2014-07-19 13:30:00+00:00,5.742155817063386,6.8598652286902295,5.086897085541257,False
2014-07-19 14:00:00+00:00,5.098228617277347,6.913910914760915,6.159674261922785,False
2014-07-19 14:30:00+00:00,5.9261995453329765,6.907332172557174,5.59906332323997,False
2014-07-19 15:00:00+00:00,4.481498261567264,6.192751455301456,4.320830507191521,False
2014-07-19 15:30:00+00:00,5.173336239636266,6.542477416839918,5.051779863739591,False
2014-07-19 16:00:00+00:00,3.868436319871623,5.144346283783784,4.63377676003028,False
2014-07-19 16:30:00+00:00,4.223656993848623,5.603918425155926,3.1953026116578345,False
2014-07-19 17:00:00+00:00,3.930434420968173,4.623333264033264,3.912543981831945,False
2014-07-19 17:30:00+00:00,2.1820076758491576,3.4129739085239086,3.3875468962906883,False
2014-07-19 18:00:00+00:00,3.006757769457074,3.605864838877338,3.150891180923543,False
2014-07-19 18:30:00+00:00,2.1398503075688686,2.5793498180873184,2.291003330809992,False
2014-07-19 19:00:00+00:00,1.4827171436212891,2.45081683991684,2.0018829295987888,False
2014-07-19 19:30:00+00:00,1.2959814388874031,1.8144369542619545,1.9880798258894776,False
2014-07-19 20:00:00+00:00,1.5788404118748327,1.833934511434512,1.6470900075700226,False
2014-07-19 20:30:00+00:00,1.287747766782562,2.0118012993763,1.456638039364118,False
2014-07-19 21:00:00+00:00,1.2383412944637604,1.942504391891892,1.418730393641181,False
2014-07-19 21:30:00+00:00,1.1921897566194168,1.7547761954261956,1.392281112793338,False
2014-07-19 22:00:00+00:00,1.1932197913880718,1.8013290020790025,1.2395023845571536,False
2014-07-19 22:30:00+00:00,1.2629162610323617,1.7096289760914762,1.267044095382286,False
2014-07-19 23:00:00+00:00,1.3291975127039315,1.8918181652806652,1.1988216124148372,False
2014-07-19 23:30:00+00:00,1.310149237764108,1.9393693347193357,1.0643973126419377,False
2014-07-20 00:00:00+00:00,1.210638807167692,1.7389734147609148,1.0964408781226342,False
2014-07-20 00:30:00+00:00,1.1779466167424444,1.7594272089397092,1.0464177138531414,False
2014-07-20 01:00:00+00:00,1.181086573950254,1.6257141372141373,1.0771507191521574,False
2014-07-20 01:30:00+00:00,1.1859591602032629,1.7461691008316012,1.076068849356548,False
2014-07-20 02:00:00+00:00,1.1779466167424444,1.8631548336798336,1.0213783118849356,False
2014-07-20 02:30:00+00:00,1.1779466167424444,1.3648640852390854,1.0037027252081756,False
2014-07-20 03:00:00+00:00,1.1779466167424444,1.7542703482328483,1.031550908402725,False
2014-07-20 03:30:00+00:00,1.180121663546403,1.3819311590436594,1.039981150643452,False
2014-07-20 04:00:00+00:00,1.1884553891414815,1.6154326403326404,1.0485482967448905,False
2014-07-20 04:30:00+00:00,1.1779466167424444,1.5204203482328484,1.0471645344436031,False
2014-07-20 05:00:00+00:00,1.2161766515110992,1.1814985187110187,1.019937698713096,False
2014-07-20 05:30:00+00:00,1.2832774806097886,1.6108361486486489,1.05705757002271,False
2014-07-20 06:00:00+00:00,1.9809973254880984,2.677490956340957,1.920665215745647,False
2014-07-20 06:30:00+00:00,2.425915405188553,3.5667117723492727,1.2669643830431492,False
2014-07-20 07:00:00+00:00,2.3309529018454134,4.421032276507277,3.818173315669947,False
2014-07-20 07:30:00+00:00,2.516867183738968,3.8389375,3.5615785389856165,False
2014-07-20 08:00:00+00:00,2.325024231077828,5.801339215176716,5.350375359576079,False
2014-07-20 08:30:00+00:00,4.88772610323616,5.295961538461539,4.588389969719909,False
2014-07-20 09:00:00+00:00,4.972300427921904,6.932001013513514,4.671544284632853,False
2014-07-20 09:30:00+00:00,4.592227280021396,6.02473180873181,4.8693806964420885,False
2014-07-20 10:00:00+00:00,5.441898716234288,7.047729963617465,4.038291559424678,False
2014-07-20 10:30:00+00:00,4.605544236426852,5.695512110187111,4.443995344436034,False
2014-07-20 11:00:00+00:00,2.488805883926183,5.7219036642411645,4.23105352006056,False
2014-07-20 11:30:00+00:00,4.52692744049211,5.697817853430354,4.568754655563966,False
2014-07-20 12:00:00+00:00,3.4956508157261297,6.226846517671518,4.033463133989401,False
2014-07-20 12:30:00+00:00,4.08668125167157,6.266817151767152,4.817957645722937,False
2014-07-20 13:00:00+00:00,2.90800516180797,5.777485161122661,4.540597577592733,False
2014-07-20 13:30:00+00:00,3.149091762503343,6.414615098752599,4.276728349735049,False
2014-07-20 14:00:00+00:00,4.829713399304628,6.202822271309771,4.075837395912187,False
2014-07-20 14:30:00+00:00,4.89193121155389,5.313796075883577,2.7533201362604083,False
2014-07-20 15:00:00+00:00,3.0308722385664613,5.914002650727651,4.084106320968963,False
2014-07-20 15:30:00+00:00,4.848352955335652,5.74988788981289,2.973191294473883,False
2014-07-20 16:00:00+00:00,3.0295564856913613,5.157351611226612,4.009348258894776,False
2014-07-20 16:30:00+00:00,3.4570802621021666,5.996562266112266,3.6202088190764568,False
2014-07-20 17:00:00+00:00,2.945388793795132,5.621612110187111,3.328750416351249,False
2014-07-20 17:30:00+00:00,2.939888151912276,4.025124948024947,2.5045523845571536,False
2014-07-20 18:00:00+00:00,2.1392769991976466,4.123654183991684,2.2438255488266465,False
2014-07-20 18:30:00+00:00,1.595610296870821,3.407029054054054,2.214203444360333,False
2014-07-20 19:00:00+00:00,1.3429389943835248,2.7391573804573808,2.015677327781983,False
2014-07-20 19:30:00+00:00,1.3766992243915486,2.7193242983367987,1.837588720666162,False
2014-07-20 20:00:00+00:00,1.5713720513506286,2.374420270270271,1.7425120741862226,False
2014-07-20 20:30:00+00:00,1.4536140144423642,2.0562077182952185,1.8150602195306584,False
2014-07-20 21:00:00+00:00,1.1779466167424444,1.9734222713097715,1.3365732021196064,False
2014-07-20 21:30:00+00:00,1.259216929660337,2.017185732848233,1.2035231642694926,False
2014-07-20 22:00:00+00:00,1.2778297940625836,1.917723024948025,1.3069276684330051,False
2014-07-20 22:30:00+00:00,1.2832961754479808,1.944946751559252,1.237741937925814,False
2014-07-20 23:00:00+00:00,1.3914360524204332,1.985825207900208,1.175310749432248,False
2014-07-20 23:30:00+00:00,1.2428462958010162,1.7151621621621624,1.2708741105223311,False
2014-07-21 00:00:00+00:00,1.183540518855309,1.8202530405405408,1.1423303936411808,False
2014-07-21 00:30:00+00:00,1.182651243648034,1.8429706600831604,1.2189079485238454,False
2014-07-21 01:00:00+00:00,1.2232925381117947,1.4963362266112268,1.1505010976532928,False
2014-07-21 01:30:00+00:00,1.2630749130783632,1.6170529625779628,1.1905633989401967,False
2014-07-21 02:00:00+00:00,1.1931166354640277,1.5477302754677755,1.0599053368660103,False
2014-07-21 02:30:00+00:00,1.280106980476063,1.796468814968815,1.1142199470098408,False
2014-07-21 03:00:00+00:00,1.202614602834983,1.7974886174636175,1.1116713096139288,False
2014-07-21 03:30:00+00:00,1.1779466167424444,1.6142537162162165,1.0808615442846328,False
2014-07-21 04:00:00+00:00,1.2181103236159403,1.708962448024948,1.1402034822104463,False
2014-07-21 04:30:00+00:00,1.240082936614068,1.9207883575883575,1.0640007191521574,False
2014-07-21 05:00:00+00:00,1.1779466167424444,1.3584640072765075,1.454023467070401,False
2014-07-21 05:30:00+00:00,1.3744392350895962,1.987226975051975,1.532511165783497,False
2014-07-21 06:00:00+00:00,2.141096897566194,2.991282276507277,2.029825397426192,False
2014-07-21 06:30:00+00:00,1.6187163145225996,3.5447634095634104,1.4600296366389098,False
2014-07-21 07:00:00+00:00,2.446432548809842,5.357287733887734,3.298163171839515,False
2014-07-21 07:30:00+00:00,1.882487830970848,5.537078846153847,2.655694019682058,False
2014-07-21 08:00:00+00:00,1.8927362396362668,6.625601819126819,3.293368887206661,False
2014-07-21 08:30:00+00:00,3.658214442364269,5.476083264033265,3.9464098788796367,False
2014-07-21 09:00:00+00:00,3.610169430328965,7.00205563929314,3.363410257380772,False
2014-07-21 09:30:00+00:00,3.4498952928590527,6.1641183991684,3.397718697956094,False
2014-07-21 10:00:00+00:00,3.3511960684675044,5.820529365904367,3.497452006056018,False
2014-07-21 10:30:00+00:00,2.950935116341267,6.0483216995842,3.502302043906132,False
2014-07-21 11:00:00+00:00,2.0417786306499064,5.658578404365905,3.372787471612414,False
2014-07-21 11:30:00+00:00,3.100671302487296,4.61572616943867,3.563605563966692,False
2014-07-21 12:00:00+00:00,2.7840734153516986,5.37652221933472,2.768489742619228,False
2014-07-21 12:30:00+00:00,2.644273308371222,5.2603943866943865,3.4097871688115062,False
2014-07-21 13:00:00+00:00,2.145084407595614,6.884409745322247,3.457958478425435,False
2014-07-21 13:30:00+00:00,2.5054242310778285,5.153891034303535,3.962401135503406,False
2014-07-21 14:00:00+00:00,3.367802460550949,5.463503274428275,3.022484557153672,False
2014-07-21 14:30:00+00:00,3.966086092538112,4.613553690228691,3.142855526116578,False
2014-07-21 15:00:00+00:00,3.209377748060979,6.133122245322246,4.276994057532172,False
2014-07-21 15:30:00+00:00,2.388152286707676,4.644474662162163,3.591430507191521,False
2014-07-21 16:00:00+00:00,3.597473174645627,4.608607666320167,3.6027808856926566,False
2014-07-21 16:30:00+00:00,2.554532495319604,5.70145116943867,3.4244004163512485,False
2014-07-21 17:00:00+00:00,2.6010655790318262,5.604143217255718,2.751595760787282,False
2014-07-21 17:30:00+00:00,1.941506632789516,4.3846173076923085,2.255807456472369,False
2014-07-21 18:00:00+00:00,1.8318924043861995,4.397634667359667,1.877770136260409,False
2014-07-21 18:30:00+00:00,2.120755335651244,3.562227780665281,1.7236789931869796,False
2014-07-21 19:00:00+00:00,1.353993153249532,3.5648907744282745,1.4620694171082511,False
2014-07-21 19:30:00+00:00,1.5601887135597754,3.2851148908523906,1.5873932248296745,False
2014-07-21 20:00:00+00:00,1.523064616207542,2.975811434511435,1.537660673732021,False
2014-07-21 20:30:00+00:00,1.5196385129713823,2.7685789241164245,1.5195976911430733,False
2014-07-21 21:00:00+00:00,1.3413790585718108,2.2961762474012475,1.682537774413323,False
2014-07-21 21:30:00+00:00,1.4292105910671302,2.192035836798337,1.3998038985616956,False
2014-07-21 22:00:00+00:00,1.4127252473923508,2.0793051975051977,1.3345459121877363,False
2014-07-21 22:30:00+00:00,1.327608371222252,2.354925701663202,1.4305367903103707,False
2014-07-21 23:00:00+00:00,1.2883196309173577,1.711333783783784,1.2575904617713851,False
2014-07-21 23:30:00+00:00,1.224731265044129,1.9260483627858629,1.2243176381529144,False
2014-07-22 00:00:00+00:00,1.2209116073816528,1.780127520790021,1.201900151400454,False
2014-07-22 00:30:00+00:00,1.2338989836854777,2.172223700623701,1.15809242997729,False
2014-07-22 01:00:00+00:00,1.547330676651511,1.807080171517672,1.0910725965177894,False
2014-07-22 01:30:00+00:00,1.2350555228670768,1.5373499480249482,1.1683948145344434,False
2014-07-22 02:00:00+00:00,1.1779466167424444,1.905627312889813,1.1394608251324754,False
2014-07-22 02:30:00+00:00,1.296779700454667,2.081067463617464,1.1563147615442846,False
2014-07-22 03:00:00+00:00,1.2275057234554692,1.883535239085239,1.080627857683573,False
2014-07-22 03:30:00+00:00,1.1937326290451993,2.1083008056133057,1.1417968962906888,False
2014-07-22 04:00:00+00:00,1.2056663813853972,1.8137828482328484,1.0873542392127176,False
2014-07-22 04:30:00+00:00,1.1936027547472587,1.4052492463617463,1.243014458743376,False
2014-07-22 05:00:00+00:00,1.271234100026745,2.008642697505198,1.2931373202119605,False
2014-07-22 05:30:00+00:00,1.5476554693768385,2.701327832640333,1.5308876230128687,False
2014-07-22 06:00:00+00:00,1.9592842471249,3.668685031185032,1.9524515518546557,False
2014-07-22 06:30:00+00:00,1.9680398502273335,4.717759589397089,2.388986866010598,False
2014-07-22 07:00:00+00:00,2.751140732816261,7.390661902286904,3.834889212717638,False
2014-07-22 07:30:00+00:00,2.97300869216368,7.795644568607069,4.762611922785768,False
2014-07-22 08:00:00+00:00,3.08493886065793,8.75488646049896,4.66097664647994,False
2014-07-22 08:30:00+00:00,5.151334929125435,5.652201715176716,5.659070704012111,False
2014-07-22 09:00:00+00:00,5.726955148435411,8.236694074844076,5.733572520817562,False
2014-07-22 09:30:00+00:00,5.188664295266114,8.965447843035344,5.2154507948523845,False
2014-07-22 10:00:00+00:00,4.866608906124632,8.819000467775469,5.719694738834216,False
2014-07-22 10:30:00+00:00,4.474254292591603,7.2975983627858625,5.687113171839514,False
2014-07-22 11:00:00+00:00,3.210533511634127,8.308131003118502,6.045280772142316,False
2014-07-22 11:30:00+00:00,5.080890398502273,7.607746673596675,5.420585730507191,False
2014-07-22 12:00:00+00:00,4.605488365873228,7.6668009615384625,5.1443095003785,False
2014-07-22 12:30:00+00:00,5.163807970045466,8.031728898128899,5.902433875851628,False
2014-07-22 13:00:00+00:00,5.906730034768654,8.498014656964658,6.365111279333837,False
2014-07-22 13:30:00+00:00,6.224644985290184,8.904176377338878,5.77707036336109,False
2014-07-22 14:00:00+00:00,5.249687162342873,8.711298492723493,5.902258705526116,False
2014-07-22 14:30:00+00:00,5.4938874565391815,8.651797245322246,5.8654918622255865,False
2014-07-22 15:00:00+00:00,5.736808210751538,9.02444178794179,6.163276154428463,False
2014-07-22 15:30:00+00:00,5.0596043594544,8.80412481808732,6.264965367146101,False
2014-07-22 16:00:00+00:00,6.754930569671035,9.263085135135135,5.995417411052232,False
2014-07-22 16:30:00+00:00,5.6194029954533296,7.388087993762995,5.881483989401968,False
2014-07-22 17:00:00+00:00,5.199518266916288,7.526116476091476,4.204901097653293,False
2014-07-22 17:30:00+00:00,3.886223268253543,6.357755041580042,4.698401362604088,False
2014-07-22 18:00:00+00:00,3.3442503878042253,5.371902572765073,3.850452725208176,False
2014-07-22 18:30:00+00:00,2.7856192029954534,4.215306730769231,2.6228639288417863,False
2014-07-22 19:00:00+00:00,1.5076429794062582,3.53063814968815,2.093226987130961,False
2014-07-22 19:30:00+00:00,1.248200374431666,3.0441784563409566,1.686363133989402,False
2014-07-22 20:00:00+00:00,1.5421786039047871,2.9069994802494805,1.58235287660863,False
2014-07-22 20:30:00+00:00,1.5351530890612464,2.4609969334719337,1.470495722937169,False
2014-07-22 21:00:00+00:00,1.1912053757689225,2.2390418659043663,1.331122407267222,False
2014-07-22 21:30:00+00:00,1.353174672372292,2.1161212577962583,1.2142673732021196,False
2014-07-22 22:00:00+00:00,1.3766125969510563,1.843325415800416,1.3035731642694928,False
2014-07-22 22:30:00+00:00,1.2745457876437551,1.70692577962578,1.2326200984102953,False
2014-07-22 23:00:00+00:00,1.3267683605242044,1.856388227650728,1.2864691143073426,False
2014-07-22 23:30:00+00:00,1.2237451725060178,1.6706181392931394,1.2658922028766086,False
2014-07-23 00:00:00+00:00,1.3317797271997862,1.896784095634096,1.23638485995458,False
2014-07-23 00:30:00+00:00,1.2382498796469643,1.7627758316008315,1.1622166161998486,False
2014-07-23 01:00:00+00:00,1.2425147098154588,1.879367905405405,1.0563155185465556,False
2014-07-23 01:30:00+00:00,1.4382882856378711,1.608314553014553,1.0037027252081756,False
2014-07-23 02:00:00+00:00,1.2763549879646965,1.672233731808732,1.0883328538985615,False
2014-07-23 02:30:00+00:00,1.2312383792457875,1.6710968555093555,1.0457596517789551,False
2014-07-23 03:00:00+00:00,1.2485611928323082,1.69153737006237,1.1963732778198333,False
2014-07-23 03:30:00+00:00,1.1779466167424444,1.884966268191268,1.0037027252081756,False
2014-07-23 04:00:00+00:00,1.1779466167424444,1.635162162162162,1.080713209689629,False
2014-07-23 04:30:00+00:00,1.2138597753410003,1.7205510914760915,1.0037027252081756,False
2014-07-23 05:00:00+00:00,1.2750617009895693,1.8364267671517671,1.0037027252081756,False
2014-07-23 05:30:00+00:00,2.035945413212089,2.5332873180873183,1.666644625283876,False
2014-07-23 06:00:00+00:00,3.494875768922172,4.631380327442828,2.9464555639666923,False
2014-07-23 06:30:00+00:00,3.521050307568869,4.8338712318087325,3.933082588947767,False
2014-07-23 07:00:00+00:00,2.7739012570205936,5.88704235966736,5.052097880393641,False
2014-07-23 07:30:00+00:00,4.1107466167424445,2.7312101611226614,4.9283237320211954,False
2014-07-23 08:00:00+00:00,2.888538486226264,6.198381366943867,5.822130999242998,False
2014-07-23 08:30:00+00:00,4.587720673976999,5.825453300415801,4.733858819076457,False
2014-07-23 09:00:00+00:00,4.868059614870286,7.733871439708941,5.202087887963664,False
2014-07-23 09:30:00+00:00,5.771202674511901,6.277095374220375,5.533066729750189,False
2014-07-23 10:00:00+00:00,4.100157154319337,6.630468944906445,4.2937281604844815,False
2014-07-23 10:30:00+00:00,4.277463733618615,6.011749454261955,4.887706056018168,False
2014-07-23 11:00:00+00:00,3.1389407863064998,6.279507666320167,4.9527176003028,False
2014-07-23 11:30:00+00:00,4.576603904787376,6.563337863825364,5.19874307342922,False
2014-07-23 12:00:00+00:00,4.927841936346616,5.952425155925156,4.997086638909916,False
2014-07-23 12:30:00+00:00,5.105105964161541,6.305791372141373,4.920282853898562,False
2014-07-23 13:00:00+00:00,5.005238245520193,5.661327520790021,5.423491370174109,False
2014-07-23 13:30:00+00:00,3.361524364803424,5.26735615904366,5.09702399697199,False
2014-07-23 14:00:00+00:00,4.881090024070606,6.290176767151768,5.239962149886449,False
2014-07-23 14:30:00+00:00,5.0843349826156725,5.279595426195427,4.458121196063588,False
2014-07-23 15:00:00+00:00,4.299496095212624,6.799297531185032,4.233784897804694,False
2014-07-23 15:30:00+00:00,4.701945948114469,4.341683393970895,4.415267221801665,False
2014-07-23 16:00:00+00:00,4.715817812249265,6.623477520790021,5.007313890991673,False
2014-07-23 16:30:00+00:00,5.043978282963359,6.573041034303536,3.18481109008327,False
2014-07-23 17:00:00+00:00,3.706768440759561,5.483272687110188,2.9390773656320968,False
2014-07-23 17:30:00+00:00,2.873091789248462,4.832498362785864,4.032875208175624,False
2014-07-23 18:00:00+00:00,3.0541028617277344,4.137442931392932,3.228238872066616,False
2014-07-23 18:30:00+00:00,1.9451178657395023,3.634959095634096,2.2180658591975777,False
2014-07-23 19:00:00+00:00,1.626813238833913,2.785942151767152,2.37079072672218,False
2014-07-23 19:30:00+00:00,1.3598667558170634,2.63031774948025,2.1339037850113547,False
2014-07-23 20:00:00+00:00,1.253979566729072,2.4402905665280663,1.9074460257380768,False
2014-07-23 20:30:00+00:00,1.2909304626905589,2.005919204781705,1.850977252081756,False
2014-07-23 21:00:00+00:00,1.195337523401979,1.80325867983368,2.1131883043149124,False
2014-07-23 21:30:00+00:00,1.331688071676919,1.8624995841995848,1.6879219909159726,False
2014-07-23 22:00:00+00:00,1.2638882588927518,1.8857483108108108,1.3803411052233157,False
2014-07-23 22:30:00+00:00,1.4367147900508157,1.6194730249480251,1.4279679409538228,False
2014-07-23 23:00:00+00:00,1.3079759561380049,1.5642602910602912,1.5916093868281604,False
2014-07-23 23:30:00+00:00,1.262065819737898,1.6368732068607068,1.2747108251324752,False
2014-07-24 00:00:00+00:00,1.3529841936346616,2.014023908523909,1.3594406888720667,False
2014-07-24 00:30:00+00:00,1.5054945974859588,1.8177304833679837,1.2798258137774412,False
2014-07-24 01:00:00+00:00,1.332121904252474,1.8515472453222457,1.1802451930355788,False
2014-07-24 01:30:00+00:00,1.28063912810912,1.851460914760915,1.13221748675246,False
2014-07-24 02:00:00+00:00,1.381325407863065,1.7793240384615387,1.1610824753974265,False
2014-07-24 02:30:00+00:00,1.2215381652848356,2.0915385395010397,1.206749053747161,False
2014-07-24 03:00:00+00:00,1.2769787108852635,1.6765120062370062,1.1931673732021195,False
2014-07-24 03:30:00+00:00,1.2109592671837388,1.687855795218295,1.1664798258894775,False
2014-07-24 04:00:00+00:00,1.1921333779085317,1.569043762993763,1.161755563966692,False
2014-07-24 04:30:00+00:00,1.252371222251939,1.818704391891892,1.1183870174110522,False
2014-07-24 05:00:00+00:00,1.1779466167424444,1.592429573804574,1.2573132096896291,False
2014-07-24 05:30:00+00:00,1.364901444236427,1.8200892671517677,1.620215215745647,False
2014-07-24 06:00:00+00:00,1.7105870821075153,2.090831600831601,1.733449091597275,False
2014-07-24 06:30:00+00:00,2.6351027547472583,2.8909219594594595,1.5974681302043905,False
2014-07-24 07:00:00+00:00,2.310321422840332,2.9653410083160083,2.8940239969719905,False
2014-07-24 07:30:00+00:00,1.960812864402247,1.7736648388773388,2.3199098788796366,False
2014-07-24 08:00:00+00:00,2.048975421235624,4.627056548856549,3.1898662755488267,False
2014-07-24 08:30:00+00:00,3.721221663546403,4.4879641891891895,3.5751636638909914,False
2014-07-24 09:00:00+00:00,4.054047124899706,6.582281262993764,1.869674489023467,False
2014-07-24 09:30:00+00:00,4.021709307301418,6.0018050935550935,3.660116502649508,False
2014-07-24 10:00:00+00:00,4.277412356244985,5.305195374220375,3.257656056018168,False
2014-07-24 10:30:00+00:00,3.5779573682802885,6.0561660083160085,3.883534367903103,False
2014-07-24 11:00:00+00:00,3.426501658197379,6.340054547817048,3.66019072672218,False
2014-07-24 11:30:00+00:00,4.325534554693768,5.757685602910604,4.007432361847085,False
2014-07-24 12:00:00+00:00,3.158678095747526,5.687555275467776,3.84121631339894,False
2014-07-24 12:30:00+00:00,1.946849933137203,6.021325467775468,3.135648107494322,False
2014-07-24 13:00:00+00:00,2.806086841401444,5.90037338877339,4.169800189250568,False
2014-07-24 13:30:00+00:00,3.671198502273335,5.739351793139294,4.073554504163512,False
2014-07-24 14:00:00+00:00,4.335082187750735,5.554490488565489,4.141450302800908,False
2014-07-24 14:30:00+00:00,4.282783097084782,5.658587629937631,3.7867293338380015,False
2014-07-24 15:00:00+00:00,3.942961460283498,6.4751159043659055,4.272414572293717,False
2014-07-24 15:30:00+00:00,3.064220219309976,6.034508004158005,2.715607759273278,False
2014-07-24 16:00:00+00:00,4.950041775875902,5.601390410602911,3.532180772142316,False
2014-07-24 16:30:00+00:00,3.0759537309441027,5.312292489604991,2.204263815291445,False
2014-07-24 17:00:00+00:00,2.6716447178389946,4.581124610187111,2.4678438682816046,False
2014-07-24 17:30:00+00:00,2.8869036105910677,4.590982484407485,3.472253065859197,False
2014-07-24 18:00:00+00:00,2.225206097887136,4.219513747401248,2.17888955336866,False
2014-07-24 18:30:00+00:00,2.141716983150576,3.720220140332641,1.784203255109765,False
2014-07-24 19:00:00+00:00,1.9247425782294727,2.9126472453222454,1.7027901968205903,False
2014-07-24 19:30:00+00:00,1.2210102166354642,2.663041735966736,1.668448334595004,False
2014-07-24 20:00:00+00:00,1.5470526878844613,2.5455003378378382,1.6517274791824377,False
2014-07-24 20:30:00+00:00,1.2859633859320674,2.4632968295218296,1.7844411052233156,False
2014-07-24 21:00:00+00:00,1.198337202460551,2.267797843035343,1.5167151021953065,False
2014-07-24 21:30:00+00:00,1.4834045734153518,2.248488123700624,1.6645755488266465,False
2014-07-24 22:00:00+00:00,1.2921875902647766,2.4514966995842,1.5004998485995458,False
2014-07-24 22:30:00+00:00,1.4858479005081573,2.2964991424116428,1.4735639288417863,False
2014-07-24 23:00:00+00:00,1.2510095212623698,2.1958194646569646,1.347930961392884,False
2014-07-24 23:30:00+00:00,1.448096710350361,2.1288789501039505,1.2815853520060558,False
2014-07-25 00:00:00+00:00,1.3533517518052955,2.032199116424117,1.280751930355791,False
2014-07-25 00:30:00+00:00,1.3631989301952394,1.9807817827442828,1.1395370931112792,False
2014-07-25 01:00:00+00:00,1.2543773468841937,1.8895108627858632,1.049742657077971,False
2014-07-25 01:30:00+00:00,1.2028952928590533,1.8143571725571723,1.2123047312641937,False
2014-07-25 02:00:00+00:00,1.2606749933137205,1.7619525207900213,1.0255288417865254,False
2014-07-25 02:30:00+00:00,1.2267089328697514,1.812354911642412,1.0618887585162755,False
2014-07-25 03:00:00+00:00,1.2400672907194437,1.6118702702702703,1.169891067373202,False
2014-07-25 03:30:00+00:00,1.1779466167424444,1.9600610706860704,1.1675517411052232,False
2014-07-25 04:00:00+00:00,1.1779466167424444,1.9063156964656969,1.1993579485238457,False
2014-07-25 04:30:00+00:00,1.1779466167424444,2.086734173596674,1.2311641937925812,False
2014-07-25 05:00:00+00:00,1.3256545065525542,2.078997479209979,1.1724407645722936,False
2014-07-25 05:30:00+00:00,1.311347098154587,1.635000155925156,1.4646241105223314,False
2014-07-25 06:00:00+00:00,1.4505696442899172,2.2529407744282746,1.9231252081756245,False
2014-07-25 06:30:00+00:00,2.1695468039582777,3.6347183731808737,2.06952558667676,False
2014-07-25 07:00:00+00:00,2.6357948381920298,4.44146314968815,2.873538569265708,False
2014-07-25 07:30:00+00:00,4.478784086654185,6.420628456340957,2.8598901589704764,False
2014-07-25 08:00:00+00:00,2.987414576089864,6.865027858627859,4.511145798637395,False
2014-07-25 08:30:00+00:00,4.653157822947312,7.060188123700624,5.346836676760029,False
2014-07-25 09:00:00+00:00,4.359293393955603,5.49900563929314,5.950630469341409,False
2014-07-25 09:30:00+00:00,5.010239796737095,7.818678144490645,5.437070174110523,False
2014-07-25 10:00:00+00:00,4.613770767584916,8.464790670478171,4.61319542013626,False
2014-07-25 10:30:00+00:00,4.611419764642952,8.46879054054054,6.156760711582135,False
2014-07-25 11:00:00+00:00,4.810877159668361,8.041358653846155,5.982106737320211,False
2014-07-25 11:30:00+00:00,5.092440331639477,8.949347193347194,6.0034076457229375,False
2014-07-25 12:00:00+00:00,5.1917556031024334,9.449164111226612,6.58542857683573,False
2014-07-25 12:30:00+00:00,4.667064669697781,9.38927338877339,6.0192959121877365,False
2014-07-25 13:00:00+00:00,5.641736319871623,8.601651897089397,6.996717751703255,False
2014-07-25 13:30:00+00:00,4.82248039582776,9.83516372141372,6.316503141559425,False
2014-07-25 14:00:00+00:00,6.297352046001605,9.724108497920998,6.446728311884935,False
2014-07-25 14:30:00+00:00,6.201163894089328,8.866528794178794,6.799424261922785,False
2014-07-25 15:00:00+00:00,5.462501230275475,8.294498934511434,6.37174606358819,False
2014-07-25 15:30:00+00:00,4.724982000534903,8.745871803534303,5.707420628311884,False
2014-07-25 16:00:00+00:00,6.10327066060444,8.465937162162163,5.989967676003029,False
2014-07-25 16:30:00+00:00,4.131033752340198,7.037255119542621,6.212540348221045,False
2014-07-25 17:00:00+00:00,4.600231158063654,7.212070504158004,3.7117863739591215,False
2014-07-25 17:30:00+00:00,3.8594037443166616,5.857802780665281,5.1350881529144585,False
2014-07-25 18:00:00+00:00,3.1290786573950253,4.884973232848234,3.709164231642695,False
2014-07-25 18:30:00+00:00,2.1779251404118747,3.743642047817049,2.497471196063588,False
2014-07-25 19:00:00+00:00,1.6647351698315056,2.7237904625779628,2.0310393641180924,False
2014-07-25 19:30:00+00:00,1.3594993313720245,2.5589763253638256,1.508514231642695,False
2014-07-25 20:00:00+00:00,1.2244788981010966,2.183154625779626,1.78040874337623,False
2014-07-25 20:30:00+00:00,1.2914311045734153,2.0131971933471933,1.5369536336109006,False
2014-07-25 21:00:00+00:00,1.3927634394223054,1.9080064968814967,1.2737306964420891,False
2014-07-25 21:30:00+00:00,1.297484675046804,1.7507016112266112,1.3013886071158214,False
2014-07-25 22:00:00+00:00,1.3111188553089062,1.6211367723492724,1.1200275548826646,False
2014-07-25 22:30:00+00:00,1.1890453062316129,1.6534905145530148,1.121722218016654,False
2014-07-25 23:00:00+00:00,1.1779466167424444,1.7131149948024949,1.1451535957607872,False
2014-07-25 23:30:00+00:00,1.1779466167424444,1.8220301455301455,1.0413179788039364,False
2014-07-26 00:00:00+00:00,1.1779466167424444,1.7287514293139297,1.0147970098410295,False
2014-07-26 00:30:00+00:00,1.1779466167424444,1.6523495322245323,1.245561884935655,False
2014-07-26 01:00:00+00:00,1.1779466167424444,1.675914734927235,1.0144668054504162,False
2014-07-26 01:30:00+00:00,1.1779466167424444,1.759527390852391,1.0012080999242998,False
2014-07-26 02:00:00+00:00,1.1779466167424444,1.6018218814968816,1.0037027252081756,False
2014-07-26 02:30:00+00:00,1.1779466167424444,1.5724952442827445,1.128798031794095,False
2014-07-26 03:00:00+00:00,1.1806759561380047,1.5692329521829522,1.0251450037850112,False
2014-07-26 03:30:00+00:00,1.1779466167424444,1.566122972972973,1.0565148750946254,False
2014-07-26 04:00:00+00:00,1.18000516180797,1.5747109147609148,1.0037027252081756,False
2014-07-26 04:30:00+00:00,1.1779466167424444,1.5883649168399168,1.0037027252081756,False
2014-07-26 05:00:00+00:00,1.189192056699652,1.5422676455301456,1.0037027252081756,False
2014-07-26 05:30:00+00:00,1.272674645627173,1.5390280925155926,1.1710911052233155,False
2014-07-26 06:00:00+00:00,2.289104145493447,2.8535904625779627,2.1268043149129445,False
2014-07-26 06:30:00+00:00,2.678747579566729,3.779947635135135,1.4678742997728993,False
2014-07-26 07:00:00+00:00,3.216503610591068,5.395993607068608,4.137159197577592,False
2014-07-26 07:30:00+00:00,3.321281759828831,5.652367593555094,4.213957418622256,False
2014-07-26 08:00:00+00:00,2.6671142818935545,6.222088123700624,4.8432490537471615,False
2014-07-26 08:30:00+00:00,5.247394383525006,6.644151351351352,5.020671612414836,False
2014-07-26 09:00:00+00:00,4.775800053490237,3.994043217255718,6.503861392884178,False
2014-07-26 09:30:00+00:00,5.334386065792993,6.468360395010395,5.354548145344436,False
2014-07-26 10:00:00+00:00,4.796444931799946,7.068194386694388,4.897581491294473,False
2014-07-26 10:30:00+00:00,4.317789168226799,6.356736382536383,5.390291408024224,False
2014-07-26 11:00:00+00:00,4.719968574485156,6.675952234927236,5.594920704012112,False
2014-07-26 11:30:00+00:00,5.27499483819203,6.978852001039503,5.891665177895534,False
2014-07-26 12:00:00+00:00,4.826947044664348,7.118348024948024,5.591214231642694,False
2014-07-26 12:30:00+00:00,3.95501005616475,6.0675,4.995157002271006,False
2014-07-26 13:00:00+00:00,3.7274910403851296,6.439905847193348,5.028543262679787,False
2014-07-26 13:30:00+00:00,4.410275608451458,5.9835421517671525,5.711382096896291,False
2014-07-26 14:00:00+00:00,4.930590558972988,6.625967385654887,5.252639515518547,False
2014-07-26 14:30:00+00:00,5.207337148970313,4.580235706860707,5.386527062831188,False
2014-07-26 15:00:00+00:00,5.100534313987697,6.54929145010395,5.53015469341408,False
2014-07-26 15:30:00+00:00,4.323005135062851,6.264701715176717,4.289900416351249,False
2014-07-26 16:00:00+00:00,5.216212088793796,5.830217125779626,5.344577479182437,False
2014-07-26 16:30:00+00:00,3.711749665686012,5.7872875,4.146766881150644,False
2014-07-26 17:00:00+00:00,4.378212730676652,5.3993004417879416,2.920578311884935,False
2014-07-26 17:30:00+00:00,2.167237362931265,4.489715202702704,3.874878728236185,False
2014-07-26 18:00:00+00:00,2.3894028349826155,3.784629443866944,2.7679473126419376,False
2014-07-26 18:30:00+00:00,1.568076063118481,2.450738175675676,2.32731109008327,False
2014-07-26 19:00:00+00:00,1.604417009895694,2.563963175675676,2.235774564723694,False
2014-07-26 19:30:00+00:00,1.5043907194437016,1.945289630977131,2.058554958364875,False
2014-07-26 20:00:00+00:00,1.5151529820807703,1.501267281704782,1.7636821725965175,False
2014-07-26 20:30:00+00:00,1.2721382722653116,1.4741171257796262,1.6706005677517033,False
2014-07-26 21:00:00+00:00,1.3988449585450653,1.2870552754677755,1.510936525359576,False
2014-07-26 21:30:00+00:00,1.4313505482749398,1.7271293659043658,1.4601491294473885,False
2014-07-26 22:00:00+00:00,1.3547177587590264,2.0186097713097717,1.3630593111279334,False
2014-07-26 22:30:00+00:00,1.384743861995186,1.9603177754677756,1.201442997728993,False
2014-07-26 23:00:00+00:00,1.3220956672907194,1.6351011434511435,1.2065508705526116,False
2014-07-26 23:30:00+00:00,1.2010150307568868,1.684127520790021,1.1519716124148374,False
2014-07-27 00:00:00+00:00,1.201791762503343,1.88648685031185,1.1060710825132476,False
2014-07-27 00:30:00+00:00,1.1779466167424444,1.626924896049896,1.2071274791824376,False
2014-07-27 01:00:00+00:00,1.227145734153517,1.6558616683991685,1.035906888720666,False
2014-07-27 01:30:00+00:00,1.1779466167424444,1.487058913721414,1.097214799394398,False
2014-07-27 02:00:00+00:00,1.2058276811981814,1.4708495322245323,1.0060487509462528,False
2014-07-27 02:30:00+00:00,1.1848316929660336,1.593098050935551,1.0189502649507949,False
2014-07-27 03:00:00+00:00,1.1779466167424444,1.5404367983367984,1.151148637395912,False
2014-07-27 03:30:00+00:00,1.287349371489703,1.6164871361746362,1.0393493565480696,False
2014-07-27 04:00:00+00:00,1.19975814388874,1.6905076663201666,1.0037027252081756,False
2014-07-27 04:30:00+00:00,1.1779466167424444,1.3481151507276508,1.05995287660863,False
2014-07-27 05:00:00+00:00,1.2114497191762503,1.558406548856549,1.0514060938682814,False
2014-07-27 05:30:00+00:00,1.2693829633591869,1.444293840956341,1.0422187358062072,False
2014-07-27 06:00:00+00:00,1.2229804225728804,1.3134654625779627,1.383462452687358,False
2014-07-27 06:30:00+00:00,2.3637650708745657,1.4967451663201663,1.8128985995457985,False
2014-07-27 07:00:00+00:00,2.382938352500669,4.09601826923077,3.2099051097653293,False
2014-07-27 07:30:00+00:00,3.1752902647766783,4.622779080041581,1.7860461014383044,False
2014-07-27 08:00:00+00:00,2.5660634929125434,3.7054434511434513,3.1036435654806964,False
2014-07-27 08:30:00+00:00,2.7696578764375506,4.932114215176716,4.055733610900832,False
2014-07-27 09:00:00+00:00,5.06306603369885,4.371553066528067,4.040617751703255,False
2014-07-27 09:30:00+00:00,3.2229524739235087,5.417686616424117,3.938484102952308,False
2014-07-27 10:00:00+00:00,3.795364776678257,6.318027702702703,3.4379030658591976,False
2014-07-27 10:30:00+00:00,4.188729152179727,5.644272167359667,4.237198902346707,False
2014-07-27 11:00:00+00:00,3.699737389676384,6.288567229729731,3.864359878879636,False
2014-07-27 11:30:00+00:00,3.810662075421236,5.918089423076924,3.681952535957608,False
2014-07-27 12:00:00+00:00,3.1209250869216367,5.579393191268192,3.6068454579863736,False
2014-07-27 12:30:00+00:00,3.409595560310243,5.712209121621622,3.795500037850114,False
2014-07-27 13:00:00+00:00,3.777245413212088,6.391738357588358,4.533397274791824,False
2014-07-27 13:30:00+00:00,3.3728783097084776,5.95057143970894,3.904470439061317,False
2014-07-27 14:00:00+00:00,4.334045172506017,5.726663227650728,4.123790651021952,False
2014-07-27 14:30:00+00:00,3.915713559775341,4.165914553014553,4.232331945495837,False
2014-07-27 15:00:00+00:00,4.904614255148435,6.571289215176716,3.796263096139288,False
2014-07-27 15:30:00+00:00,3.5031865204600154,6.072833238045739,3.979599735049205,False
2014-07-27 16:00:00+00:00,3.616872318801818,4.957264734927236,3.070866161998486,False
2014-07-27 16:30:00+00:00,3.4574771329232417,5.686889890852392,3.812747047691143,False
2014-07-27 17:00:00+00:00,3.1887311848087725,5.068209927234928,2.498323542770628,False
2014-07-27 17:30:00+00:00,2.522071971115272,4.297138773388774,2.770630696442089,False
2014-07-27 18:00:00+00:00,1.9719353035571008,3.870073440748441,2.3456900075700227,False
2014-07-27 18:30:00+00:00,1.347496389408933,2.97581366943867,1.7412904617713851,False
2014-07-27 19:00:00+00:00,1.2431759828831237,2.869292983367984,1.9024421271763812,False
2014-07-27 19:30:00+00:00,1.2977219577427117,2.6007247920997925,1.5930555261165782,False
2014-07-27 20:00:00+00:00,1.307840946777213,2.4864629417879422,1.5605623012869037,False
2014-07-27 20:30:00+00:00,1.3687023535704732,2.0500397869022877,1.4429159348978045,False
2014-07-27 21:00:00+00:00,1.3675758759026475,1.99434695945946,1.5420881529144588,False
2014-07-27 21:30:00+00:00,1.2270584380850496,1.8138027546777549,1.3757512869038606,False
2014-07-27 22:00:00+00:00,1.344664856913613,1.839396361746362,1.243889969719909,False
2014-07-27 22:30:00+00:00,1.392995185878577,2.005295374220374,1.2675066616199846,False
2014-07-27 23:00:00+00:00,1.1848294463760365,1.9600069126819128,1.1293326646479938,False
2014-07-27 23:30:00+00:00,1.245730195239369,1.7896795997921,1.0888754352763057,False
2014-07-28 00:00:00+00:00,1.1779466167424444,1.811218814968815,1.1649532172596515,False
2014-07-28 00:30:00+00:00,1.2099972719978604,2.011733705821206,1.0251176003028009,False
2014-07-28 01:00:00+00:00,1.1779466167424444,1.7678024688149687,1.1315031794095385,False
2014-07-28 01:30:00+00:00,1.3178536774538647,1.9769136434511436,1.3339225586676755,False
2014-07-28 02:00:00+00:00,1.3594434340732815,1.5909634355509357,1.061536790310371,False
2014-07-28 02:30:00+00:00,1.380151270393153,1.8991909823284827,0.9982089704769114,False
2014-07-28 03:00:00+00:00,1.1779466167424444,1.8284370841995845,1.0853593111279334,False
2014-07-28 03:30:00+00:00,1.1779466167424444,1.6987944646569646,1.0172986752460256,False
2014-07-28 04:00:00+00:00,1.2237631719711153,1.548746075883576,1.0557588947766845,False
2014-07-28 04:30:00+00:00,1.1779466167424444,1.7342622661122664,1.0512018168054504,False
2014-07-28 05:00:00+00:00,1.22668641347954,1.3150704521829524,1.0723633610900831,False
2014-07-28 05:30:00+00:00,1.2478664348756352,1.1814985187110187,1.107786184708554,False
2014-07-28 06:00:00+00:00,1.1779466167424444,2.311351715176716,1.5927061695685087,False
2014-07-28 06:30:00+00:00,2.0887767852366945,2.680591787941788,1.8575599924299773,False
2014-07-28 07:00:00+00:00,1.5065664348756351,2.440780015592516,1.605722028766086,False
2014-07-28 07:30:00+00:00,2.380453410002674,3.877745062370062,1.7067420136260407,False
2014-07-28 08:00:00+00:00,2.442714790050816,4.305582692307692,2.4150846328538984,False
2014-07-28 08:30:00+00:00,3.126731585985558,4.835435966735967,3.3476684330052984,False
2014-07-28 09:00:00+00:00,2.937042177052688,4.373291242203742,4.402810900832701,False
2014-07-28 09:30:00+00:00,3.5025204600160467,6.157879599792101,3.203429333838001,False
2014-07-28 10:00:00+00:00,3.345548542391014,6.61702525987526,3.6868167676003023,False
2014-07-28 10:30:00+00:00,2.900824445038781,5.827439345114346,3.4230285768357307,False
2014-07-28 11:00:00+00:00,3.5897005616475,5.766825233887734,3.1973044663133985,False
2014-07-28 11:30:00+00:00,3.3303298475528216,5.944607640332641,3.235919227857684,False
2014-07-28 12:00:00+00:00,2.6646621289114734,6.433625493762994,3.2436078349735045,False
2014-07-28 12:30:00+00:00,3.6312810912008553,5.729162448024949,3.4456673732021192,False
2014-07-28 13:00:00+00:00,3.2836901043059643,5.857416528066528,3.400315821347464,False
2014-07-28 13:30:00+00:00,3.2599390211286443,5.582466034303534,4.126280999242997,False
2014-07-28 14:00:00+00:00,2.6925141749130783,5.100353014553015,3.6832520060560174,False
2014-07-28 14:30:00+00:00,2.6384554961219577,3.9175015852390858,3.211025397426192,False
2014-07-28 15:00:00+00:00,3.4562509227066056,5.576381029106029,3.172837698713096,False
2014-07-28 15:30:00+00:00,3.8293381920299545,5.6749029365904375,3.510774261922786,False
2014-07-28 16:00:00+00:00,3.263445841133993,4.821908186070687,2.931569417108252,False
2014-07-28 16:30:00+00:00,3.604520299545333,5.438617671517672,3.132154958364876,False
2014-07-28 17:00:00+00:00,3.0298367745386465,5.445488097713098,2.3871176381529144,False
2014-07-28 17:30:00+00:00,2.407749665686012,4.2853455301455305,2.093617524602574,False
2014-07-28 18:00:00+00:00,1.943486707675849,4.4805964656964665,2.0566484481453444,False
2014-07-28 18:30:00+00:00,1.549606418828564,3.848675233887735,1.905234065102195,False
2014-07-28 19:00:00+00:00,1.4365895694035835,2.522479781704782,1.8726443981831944,False
2014-07-28 19:30:00+00:00,1.633899839529286,2.7323742203742207,1.6311901211203632,False
2014-07-28 20:00:00+00:00,1.4164834715164485,2.3259720114345117,1.4832161998485998,False
2014-07-28 20:30:00+00:00,1.3010877507354908,2.262465072765073,1.6119395155185463,False
2014-07-28 21:00:00+00:00,1.6106434875635196,2.142889734927236,1.2623104844814532,False
2014-07-28 21:30:00+00:00,1.2551612730676651,2.469114059251559,1.4103847842543529,False
2014-07-28 22:00:00+00:00,1.4854811714362128,2.38372564968815,1.383971196063588,False
2014-07-28 22:30:00+00:00,1.3969971382722657,2.3131447245322243,1.4181614307342922,False
2014-07-28 23:00:00+00:00,1.327381572612998,2.400298076923077,1.4778583648750945,False
2014-07-28 23:30:00+00:00,1.307164776678256,2.230684927234927,1.36155639666919,False
2014-07-29 00:00:00+00:00,1.383674511901578,2.345493061330562,1.1542959878879635,False
2014-07-29 00:30:00+00:00,1.1779466167424444,2.208139241164241,1.1868040499621495,False
2014-07-29 01:00:00+00:00,1.3361143086386735,2.160179755717256,1.1836177138531416,False
2014-07-29 01:30:00+00:00,1.321549291254346,2.1318117723492724,1.3048463285389853,False
2014-07-29 02:00:00+00:00,1.2096418026210216,2.198986720374221,1.1230523088569264,False
2014-07-29 02:30:00+00:00,1.1868243113131856,1.74336619022869,1.269516237698713,False
2014-07-29 03:00:00+00:00,1.1899583043594542,2.274284303534304,1.0672157834973504,False
2014-07-29 03:30:00+00:00,1.2588654453062316,2.294734225571726,1.2919868281604845,False
2014-07-29 04:00:00+00:00,1.3672790050815726,1.948760784823285,1.0408222558667677,False
2014-07-29 04:30:00+00:00,1.3471946777213155,1.8419195945945948,1.353521953065859,False
2014-07-29 05:00:00+00:00,1.1779466167424444,2.039921907484408,1.3590021953065858,False
2014-07-29 05:30:00+00:00,1.1785698315057502,2.5058031704781705,1.2853176003028008,False
2014-07-29 06:00:00+00:00,1.192373067665151,2.387855977130977,1.5332968962906888,False
2014-07-29 06:30:00+00:00,1.3249201390746188,2.9635140332640337,1.5727528766086296,False
2014-07-29 07:00:00+00:00,1.3545464562717304,2.737350701663202,1.8614778955336864,False
2014-07-29 07:30:00+00:00,1.2520241508424712,3.5365369282744283,2.334607380772142,False
2014-07-29 08:00:00+00:00,1.8141142818935545,4.588652884615385,3.0768956472369418,False
2014-07-29 08:30:00+00:00,1.8805349826156728,4.539706314968816,3.2936161998485995,False
2014-07-29 09:00:00+00:00,1.8837029954533293,4.149865358627859,3.420024375473126,False
2014-07-29 09:30:00+00:00,2.01537336186146,4.3876428274428285,3.6821024224072665,False
2014-07-29 10:00:00+00:00,2.279867825621824,4.819393217255718,4.331706737320212,False
2014-07-29 10:30:00+00:00,3.313075608451457,6.9256820686070695,5.484543943981831,False
2014-07-29 11:00:00+00:00,3.137629205669965,7.704748310810812,5.345762490537472,False
2014-07-29 11:30:00+00:00,3.285757983418026,7.838263383575884,6.625488455715367,False
2014-07-29 12:00:00+00:00,3.5188167959347414,7.259522401247401,5.643802611657835,False
2014-07-29 12:30:00+00:00,3.436953998395293,8.7001170997921,6.571291597274791,False
2014-07-29 13:00:00+00:00,3.1580377641080504,8.263458082120582,4.405212112036336,False
2014-07-29 13:30:00+00:00,3.053034019791388,8.679449194386695,5.181737623012869,False
2014-07-29 14:00:00+00:00,3.34886686279754,9.226536174636175,6.492237887963664,False
2014-07-29 14:30:00+00:00,3.902955763573148,8.436409173596676,5.7150960257380765,False
2014-07-29 15:00:00+00:00,3.5042811179459745,7.999902364864866,5.436148750946253,False
2014-07-29 15:30:00+00:00,3.2410724257822947,8.243981756756758,5.674637623012869,False
2014-07-29 16:00:00+00:00,3.074456806632789,7.398957406444907,5.501350416351248,False
2014-07-29 16:30:00+00:00,2.8792485156458945,7.112782926195426,3.382787660862982,False
2014-07-29 17:00:00+00:00,3.0508162610323617,5.785200831600832,4.406170325510977,False
2014-07-29 17:30:00+00:00,2.218054640278149,4.229666450103951,3.9839643451930353,False
2014-07-29 18:00:00+00:00,1.8305773736293127,3.778142853430354,2.881593338380015,False
2014-07-29 18:30:00+00:00,1.4997797539449051,2.7526136174636178,2.102596631339894,False
2014-07-29 19:00:00+00:00,1.1973820005349023,2.3321821205821207,1.857704390613172,False
2014-07-29 19:30:00+00:00,1.1836991976464295,2.3438683991684,1.5984390991672974,False
2014-07-29 20:00:00+00:00,1.2304976731746455,2.1991446725571726,1.5034499999999995,False
2014-07-29 20:30:00+00:00,1.1779466167424444,2.342054677754678,1.3378288796366389,False
2014-07-29 21:00:00+00:00,1.1779466167424444,2.2025792359667364,1.370515745647237,False
2014-07-29 21:30:00+00:00,1.2895108585183206,2.219134043659044,1.2193950794852382,False
2014-07-29 22:00:00+00:00,1.2726038245520193,2.142274818087318,1.2090111279333835,False
2014-07-29 22:30:00+00:00,1.1779466167424444,2.1037324844074847,1.16762676003028,False
2014-07-29 23:00:00+00:00,1.0828941963091736,1.8757073024948023,0.97286161998486,False
2014-07-29 23:30:00+00:00,1.0828941963091736,1.7610230509355511,0.9213540878122636,False
2014-07-30 00:00:00+00:00,1.0828941963091736,1.617604391891892,0.922710598031794,False
2014-07-30 00:30:00+00:00,1.094901684942498,1.554139527027027,0.922710598031794,False
2014-07-30 01:00:00+00:00,1.0828941963091736,1.408804313929314,0.9736530658591976,False
2014-07-30 01:30:00+00:00,1.1090469911741108,1.200705015592516,0.9618397047691142,False
2014-07-30 02:00:00+00:00,1.0828941963091736,1.4096874480249482,0.9241243754731264,False
2014-07-30 02:30:00+00:00,1.103277025942765,1.2513795478170475,1.0786129825889477,False
2014-07-30 03:00:00+00:00,1.0860296335918695,1.4429640852390857,1.022157645722937,False
2014-07-30 03:30:00+00:00,1.1427377641080505,1.7597453222453223,0.9521246782740348,False
2014-07-30 04:00:00+00:00,1.1119088526343943,1.9735898908523908,0.972974489023467,False
2014-07-30 04:30:00+00:00,1.0828941963091736,1.8276284043659043,1.0158029523088568,False
2014-07-30 05:00:00+00:00,1.093738807167692,1.7785115124740123,0.9582056018168056,False
2014-07-30 05:30:00+00:00,1.119052821610056,1.9171814708939712,1.065134254352763,False
2014-07-30 06:00:00+00:00,1.172882963359187,1.879710265072765,1.2466525738077214,False
2014-07-30 06:30:00+00:00,1.218728911473656,1.940389708939709,1.4258818319454958,False
2014-07-30 07:00:00+00:00,1.539463091735758,2.6523351611226613,1.8910063588190764,False
2014-07-30 07:30:00+00:00,1.386778496924311,4.046338981288982,2.625527706283119,False
2014-07-30 08:00:00+00:00,2.9800745921369347,4.354272453222453,3.970717827403482,False
2014-07-30 08:30:00+00:00,2.3951942765445304,6.564780821205821,4.634099242997729,False
2014-07-30 09:00:00+00:00,2.3983379780690024,6.596499922037422,5.943477517032551,False
2014-07-30 09:30:00+00:00,2.829031960417224,6.145321543659044,5.440954996214988,False
2014-07-30 10:00:00+00:00,2.3518588392618347,5.589064968814969,4.730863323239969,False
2014-07-30 10:30:00+00:00,2.834301952393688,6.7612404625779625,5.584721158213474,False
2014-07-30 11:00:00+00:00,2.662404680395828,6.429968892931393,5.164766464799395,False
2014-07-30 11:30:00+00:00,2.774761192832308,5.725282666320167,5.397945798637396,False
2014-07-30 12:00:00+00:00,2.541911634126772,6.171268762993763,4.970997501892505,False
2014-07-30 12:30:00+00:00,2.6861320673977,6.218732354469855,5.080217562452687,False
2014-07-30 13:00:00+00:00,2.8447863064990635,6.990938253638254,4.235544814534443,False
2014-07-30 13:30:00+00:00,2.77708371222252,6.001723648648649,5.564438758516276,False
2014-07-30 14:00:00+00:00,2.9353167156993853,5.241860031185031,4.736287698713096,False
2014-07-30 14:30:00+00:00,2.6015263171971115,5.264645971933472,4.156324753974261,False
2014-07-30 15:00:00+00:00,2.479183498261567,5.8220088877338885,5.174300189250567,False
2014-07-30 15:30:00+00:00,2.3513763038245523,5.17388484927235,4.71639988644966,False
2014-07-30 16:00:00+00:00,2.561919149505216,5.166909745322246,4.409619227857683,False
2014-07-30 16:30:00+00:00,2.537974137469912,5.2616535602910615,3.0508239591218773,False
2014-07-30 17:00:00+00:00,2.184682963359187,4.412424766112266,3.495682929598789,False
2014-07-30 17:30:00+00:00,1.8448586520460013,3.580669542619542,2.47561684330053,False
2014-07-30 18:00:00+00:00,1.43557445841134,2.8670468295218297,2.398376003028009,False
2014-07-30 18:30:00+00:00,1.279671248997058,2.505338851351352,1.8857070022710063,False
2014-07-30 19:00:00+00:00,1.16139673709548,1.6720422037422038,1.6703361468584406,False
2014-07-30 19:30:00+00:00,1.0828941963091736,1.2846544438669438,1.6939595382286146,False
2014-07-30 20:00:00+00:00,1.2494621824017116,1.5746436590436592,1.4430999621498863,False
2014-07-30 20:30:00+00:00,1.1404911206204869,1.3618659303534304,1.4199597274791824,False
2014-07-30 21:00:00+00:00,1.1925587590264777,1.7794629677754676,1.1166299772899315,False
2014-07-30 21:30:00+00:00,1.0900906392083445,1.4237006496881497,1.2003641559424676,False
2014-07-30 22:00:00+00:00,1.1335029152179728,1.644909095634096,1.1056080242240724,False
2014-07-30 22:30:00+00:00,1.083286787911206,1.3411925935550937,1.237850340651022,False
2014-07-30 23:00:00+00:00,1.0828941963091736,1.4184023908523908,0.997154882664648,False
2014-07-30 23:30:00+00:00,1.097547312115539,1.2907779625779627,0.9527642316426947,False
2014-07-31 00:00:00+00:00,1.0828941963091736,1.271510602910603,0.9973577592732776,False
2014-07-31 00:30:00+00:00,1.0828941963091736,1.5501491683991686,0.9279880772142316,False
2014-07-31 01:00:00+00:00,1.0828941963091736,1.351081496881497,1.0052437168811506,False
2014-07-31 01:30:00+00:00,1.0828941963091736,1.4305749220374222,0.9026054882664648,False
2014-07-31 02:00:00+00:00,1.0828941963091736,1.4200257796257796,0.9330170325510976,False
2014-07-31 02:30:00+00:00,1.0930844610858517,1.273875441787942,0.9702069644208932,False
2014-07-31 03:00:00+00:00,1.0828941963091736,1.2376204261954262,0.9717936790310372,False
2014-07-31 03:30:00+00:00,1.0828941963091736,1.3232795997921,0.9147392884178652,False
2014-07-31 04:00:00+00:00,1.0828941963091736,1.5746385135135137,0.9697645344436032,False
2014-07-31 04:30:00+00:00,1.0828941963091736,1.5441892671517672,1.1367126419379256,False
2014-07-31 05:00:00+00:00,1.094125488098422,1.3505238305613303,1.1152088569265708,False
2014-07-31 05:30:00+00:00,1.1228329767317464,1.6159691268191267,1.112016919000757,False
2014-07-31 06:00:00+00:00,1.1357401444236426,1.4142918399168398,1.0851502649507947,False
2014-07-31 06:30:00+00:00,1.1043648034233753,1.7229112785862786,1.2519031037093111,False
2014-07-31 07:00:00+00:00,1.2369823214763305,1.6121518711018712,1.706024148372445,False
2014-07-31 07:30:00+00:00,1.5036044396897568,2.2717140852390854,2.03882963663891,False
2014-07-31 08:00:00+00:00,1.46661711687617,1.9932062110187116,2.2086130204390613,False
2014-07-31 08:30:00+00:00,1.265834046536507,1.9418944646569647,2.109836260408781,False
2014-07-31 09:00:00+00:00,1.6553529553356512,2.2493410602910604,2.4034948902346707,False
2014-07-31 09:30:00+00:00,1.726684006418829,2.594107328482329,2.9609733156699467,False
2014-07-31 10:00:00+00:00,1.916221957742712,2.9604053794178795,3.1984961771385314,False
2014-07-31 10:30:00+00:00,2.342540545600428,4.45097920997921,3.901433383800151,False
2014-07-31 11:00:00+00:00,2.4929401444236428,4.607229339916841,4.150126343679031,False
2014-07-31 11:30:00+00:00,2.308701952393688,4.89577843035343,3.9532588569265705,False
2014-07-31 12:00:00+00:00,2.665445680663279,5.603057380457381,4.052037017411052,False
2014-07-31 12:30:00+00:00,2.1938333511634127,5.053643840956341,4.366610938682816,False
2014-07-31 13:00:00+00:00,2.0993257822947307,5.01134287941788,4.23078732021196,False
2014-07-31 13:30:00+00:00,2.450406739769992,3.55671288981289,4.248438077214232,False
2014-07-31 14:00:00+00:00,2.5609271195506818,5.478061174636175,4.155158629825889,False
2014-07-31 14:30:00+00:00,2.3599008290986894,4.423305951143451,3.618225548826646,False
2014-07-31 15:00:00+00:00,2.101863332441829,3.924571647609148,3.704478236184708,False
2014-07-31 15:30:00+00:00,1.9892959347419092,4.7212901247401255,3.807523429220288,False
2014-07-31 16:00:00+00:00,2.307115592404386,3.4123285083160084,4.292462074186223,False
2014-07-31 16:30:00+00:00,1.9023176517785505,4.598751533264034,2.3642573429220284,False
2014-07-31 17:00:00+00:00,1.6992637871088525,3.4220184511434506,2.415246896290689,False
2014-07-31 17:30:00+00:00,1.317786279753945,3.0873996101871106,2.0385288417865253,False
2014-07-31 18:00:00+00:00,1.0828941963091736,2.496855951143452,1.8402157834973505,False
2014-07-31 18:30:00+00:00,1.22188668093073,2.113913357588358,2.00311332323997,False
2014-07-31 19:00:00+00:00,1.1121267183738968,1.7276918399168402,1.7118240726722178,False
2014-07-31 19:30:00+00:00,1.11948641347954,1.7843299896049898,1.4403079485238457,False
2014-07-31 20:00:00+00:00,1.0828941963091736,1.7221488825363829,1.2042255109765327,False
2014-07-31 20:30:00+00:00,1.0828941963091736,1.939598726611227,1.1371206283118849,False
2014-07-31 21:00:00+00:00,1.0828941963091736,1.704463123700624,1.22383550340651,False
2014-07-31 21:30:00+00:00,1.0828941963091736,1.858841865904366,1.0916591597274792,False
2014-07-31 22:00:00+00:00,1.0828941963091736,1.7060121621621622,1.0564778955336864,False
2014-07-31 22:30:00+00:00,1.089198609253811,1.55718329002079,0.9873903103709312,False
2014-07-31 23:00:00+00:00,1.0833304626905589,1.2844284563409565,1.00294125662377,False
2014-07-31 23:30:00+00:00,1.0828941963091736,1.4642330821205825,1.0625400075700226,False
2014-08-01 00:00:00+00:00,1.0828941963091736,1.2565322505197507,0.976498978046934,False
2014-08-01 00:30:00+00:00,1.1211211553891414,1.330216995841996,1.0747469341408025,False
2014-08-01 01:00:00+00:00,1.160470580369083,1.7435500519750522,1.025990045420136,False
2014-08-01 01:30:00+00:00,1.2158025407863065,1.649769256756757,0.923404201362604,False
2014-08-01 02:00:00+00:00,1.0828941963091736,1.2317216735966736,1.123723807721423,False
2014-08-01 02:30:00+00:00,1.0828941963091736,1.5124686070686073,1.173122899318698,False
2014-08-01 03:00:00+00:00,1.105706713024873,1.1949485706860707,0.9807249432248296,False
2014-08-01 03:30:00+00:00,1.0828941963091736,1.6042180353430353,0.9376965177895532,False
2014-08-01 04:00:00+00:00,1.0828941963091736,1.5579943347193348,1.0744758516275548,False
2014-08-01 04:30:00+00:00,1.0828941963091736,1.610664864864865,0.9436677517032552,False
2014-08-01 05:00:00+00:00,1.0828941963091736,1.3756869022869025,1.105555639666919,False
2014-08-01 05:30:00+00:00,1.0828941963091736,1.4970408004158005,1.0207352763058288,False
2014-08-01 06:00:00+00:00,1.0828941963091736,1.7224078482328482,1.1715799394398183,False
2014-08-01 06:30:00+00:00,1.0828941963091736,2.432402884615385,1.5369857305071914,False
2014-08-01 07:00:00+00:00,1.372457582241241,2.5094202702702706,1.5611036336109008,False
2014-08-01 07:30:00+00:00,1.553818668093073,3.709161824324325,2.196111847085541,False
2014-08-01 08:00:00+00:00,1.6697345814388873,4.573465696465697,3.0734214231642696,False
2014-08-01 08:30:00+00:00,2.144264749933137,5.341880067567568,3.8314578728236186,False
2014-08-01 09:00:00+00:00,2.536303396630115,6.209346751559252,4.180252649507948,False
2014-08-01 09:30:00+00:00,2.575573281626103,6.045695426195426,4.263899280847842,False
2014-08-01 10:00:00+00:00,2.800422225193902,6.1692003638253645,4.874334254352763,False
2014-08-01 10:30:00+00:00,2.940947953998395,6.941786746361747,5.545091445874338,False
2014-08-01 11:00:00+00:00,2.8904690826424178,7.233769022869024,5.765915442846328,False
2014-08-01 11:30:00+00:00,3.196464268520995,6.907881548856548,4.767840196820591,False
2014-08-01 12:00:00+00:00,2.6826771596683607,7.190023336798338,5.297024716124148,False
2014-08-01 12:30:00+00:00,2.871853035571008,7.198600649688149,5.496773164269492,False
2014-08-01 13:00:00+00:00,2.09754675046804,5.9581261174636175,5.454904769114307,False
2014-08-01 13:30:00+00:00,3.2225809039850226,7.788804132016633,5.070454390613172,False
2014-08-01 14:00:00+00:00,2.8374061513773734,7.665250623700624,5.634185919757758,False
2014-08-01 14:30:00+00:00,2.9799267986092537,7.952303664241166,5.176505980317941,False
2014-08-01 15:00:00+00:00,2.8687549344744583,6.628749246361747,4.688242278576836,False
2014-08-01 15:30:00+00:00,2.9246230008023537,7.034271881496882,6.071351741105223,False
2014-08-01 16:00:00+00:00,2.7979550414549346,5.794369438669439,5.186398485995457,False
2014-08-01 16:30:00+00:00,2.390996523134528,5.445150831600832,4.797482172596517,False
2014-08-01 17:00:00+00:00,2.3334293928857983,4.875374194386695,4.308758024224072,False
2014-08-01 17:30:00+00:00,2.0774607381652848,4.040698700623701,3.5228603330809998,False
2014-08-01 18:00:00+00:00,1.3074511099224393,3.204408861746362,2.2881389477668432,False
2014-08-01 18:30:00+00:00,1.273818989034501,2.391555145530146,1.889548675246025,False
2014-08-01 19:00:00+00:00,1.0965024872960685,2.0683268711018714,1.5797965934897806,False
2014-08-01 19:30:00+00:00,1.2245572345546938,1.8743165020790025,1.4214260408781223,False
2014-08-01 20:00:00+00:00,1.0956538646696976,1.7687507796257795,1.5557376608629825,False
2014-08-01 20:30:00+00:00,1.1375719443701526,1.963351377338877,1.0741780847842544,False
2014-08-01 21:00:00+00:00,1.0828941963091736,2.0204659303534305,1.204016994700984,False
2014-08-01 21:30:00+00:00,1.0828941963091736,1.854710239085239,0.9440564345193034,False
2014-08-01 22:00:00+00:00,1.1174762770794329,1.909133393970894,1.2015328917486752,False
2014-08-01 22:30:00+00:00,1.0828941963091736,1.7736610966735968,0.9164652535957608,False
2014-08-01 23:00:00+00:00,1.0828941963091736,1.6187716476091478,0.9721922407267224,False
2014-08-01 23:30:00+00:00,1.0828941963091736,1.660427234927235,0.931338872066616,False
2014-08-02 00:00:00+00:00,1.090205268788446,1.3453431912681912,0.990180052990159,False
2014-08-02 00:30:00+00:00,1.0887529553356514,1.7125449324324329,0.9154646101438304,False
2014-08-02 01:00:00+00:00,1.1046011767852366,1.3798675935550937,0.922710598031794,False
2014-08-02 01:30:00+00:00,1.089525675314255,1.495248310810811,0.922710598031794,False
2014-08-02 02:00:00+00:00,1.1003427387001872,1.3063242983367984,0.9159971990915972,False
2014-08-02 02:30:00+00:00,1.1092437282695908,1.5053718555093556,0.922710598031794,False
2014-08-02 03:00:00+00:00,1.0828941963091736,1.3447764553014556,0.922710598031794,False
2014-08-02 03:30:00+00:00,1.0828941963091736,1.4205737785862786,0.9291170704012112,False
2014-08-02 04:00:00+00:00,1.0828941963091736,1.4201582640332642,0.920243111279334,False
2014-08-02 04:30:00+00:00,1.0828941963091736,1.358365202702703,0.922710598031794,False
2014-08-02 05:00:00+00:00,1.0828941963091736,1.2577722972972971,0.922710598031794,False
2014-08-02 05:30:00+00:00,1.0828941963091736,1.3989991943866944,0.9422473504920514,False
2014-08-02 06:00:00+00:00,1.369700481412142,2.928739007276508,1.92948198334595,False
2014-08-02 06:30:00+00:00,1.6799049745921368,4.888838123700624,2.2583484481453446,False
2014-08-02 07:00:00+00:00,1.8981890345012036,3.513847375259876,3.436731642694928,False
2014-08-02 07:30:00+00:00,2.5991307033966304,5.259954235966736,3.0110360333081,False
2014-08-02 08:00:00+00:00,1.9079750200588392,6.098158393970894,4.501700870552612,False
2014-08-02 08:30:00+00:00,2.7686869751270398,6.8475887993763,4.799712869038608,False
2014-08-02 09:00:00+00:00,2.4563869751270397,6.40307985966736,5.239527289931869,False
2014-08-02 09:30:00+00:00,2.9319257288044933,6.012753638253639,5.316086714610143,False
2014-08-02 10:00:00+00:00,2.7041970312917893,6.2073673336798345,5.549494171082513,False
2014-08-02 10:30:00+00:00,2.778789810109654,6.108429807692308,5.529497161241483,False
2014-08-02 11:00:00+00:00,2.8887077025942767,6.341594282744284,4.836232740348221,False
2014-08-02 11:30:00+00:00,2.830661299812784,6.519137292099793,5.772421044663133,False
2014-08-02 12:00:00+00:00,2.4219773201390744,6.059252416839917,4.9159241483724445,False
2014-08-02 12:30:00+00:00,2.86085571008291,5.585664397089397,5.21102441332324,False
2014-08-02 13:00:00+00:00,2.8987015512169028,6.005301637214138,4.598895495836487,False
2014-08-02 13:30:00+00:00,3.0509611660871894,5.660943970893971,5.768879447388342,False
2014-08-02 14:00:00+00:00,2.467804760631185,5.044916995841996,5.003113171839516,False
2014-08-02 14:30:00+00:00,2.7830414549344744,5.172234563409564,5.441782475397426,False
2014-08-02 15:00:00+00:00,2.770285423910136,5.482639033264033,5.5121706283118845,False
2014-08-02 15:30:00+00:00,2.5210534902380317,3.981321231808732,5.265893792581377,False
2014-08-02 16:00:00+00:00,2.3801482481947045,4.791851637214138,4.27143902346707,False
2014-08-02 16:30:00+00:00,2.2776422305429262,5.345978872141373,3.4546619606358817,False
2014-08-02 17:00:00+00:00,2.302770740839797,4.244859901247401,3.730815669947009,False
2014-08-02 17:30:00+00:00,1.6968639743246856,2.798806159043659,3.358264193792581,False
2014-08-02 18:00:00+00:00,1.4072783631987162,3.01851314968815,2.3008433005299014,False
2014-08-02 18:30:00+00:00,1.2699949184273869,1.9432827442827445,2.1003555261165783,False
2014-08-02 19:00:00+00:00,1.211035410537577,1.5231637993762996,1.6370770249810749,False
2014-08-02 19:30:00+00:00,1.1037835250066863,1.3430864604989603,1.674861960635882,False
2014-08-02 20:00:00+00:00,1.0834893554426317,1.216241995841996,1.3483109386828158,False
2014-08-02 20:30:00+00:00,1.1452280556298475,1.7351189189189191,1.40651631339894,False
2014-08-02 21:00:00+00:00,1.1027151912276008,1.4452362266112266,1.301791408024224,False
2014-08-02 21:30:00+00:00,1.1563020593741642,1.305075415800416,1.1427542770628312,False
2014-08-02 22:00:00+00:00,1.104423829901043,1.547868503118503,1.2917696442089326,False
2014-08-02 22:30:00+00:00,1.1326123294998662,1.4466006756756755,1.2512344814534442,False
2014-08-02 23:00:00+00:00,1.0828941963091736,1.3052470114345116,0.9239489401968206,False
2014-08-02 23:30:00+00:00,1.0828941963091736,1.4720397089397093,0.9181248296744888,False
2014-08-03 00:00:00+00:00,1.0828941963091736,1.5208690228690231,1.1106273656320969,False
2014-08-03 00:30:00+00:00,1.1339309441027012,1.5064600311850314,1.0175307721423166,False
2014-08-03 01:00:00+00:00,1.0828941963091736,1.4932310031185034,1.1387058667676002,False
2014-08-03 01:30:00+00:00,1.0828941963091736,1.2861925935550935,0.970535844057532,False
2014-08-03 02:00:00+00:00,1.0828941963091736,1.6009161902286904,1.0331960635881907,False
2014-08-03 02:30:00+00:00,1.0828941963091736,1.454619334719335,1.0200028766086298,False
2014-08-03 03:00:00+00:00,1.0828941963091736,1.3594949324324326,0.9715691521574564,False
2014-08-03 03:30:00+00:00,1.0828941963091736,1.3822435550935552,0.9875110522331566,False
2014-08-03 04:00:00+00:00,1.0828941963091736,1.2872910343035344,0.922710598031794,False
2014-08-03 04:30:00+00:00,1.0828941963091736,1.247527130977131,0.9617172975018924,False
2014-08-03 05:00:00+00:00,1.0828941963091736,1.0861594854469856,0.9936663512490536,False
2014-08-03 05:30:00+00:00,1.0828941963091736,1.4243559511434514,1.1193264950794852,False
2014-08-03 06:00:00+00:00,1.30939293928858,1.8531234407484407,1.582326835730507,False
2014-08-03 06:30:00+00:00,1.6332945974859587,3.3639360966735974,1.820293830431491,False
2014-08-03 07:00:00+00:00,2.100967344209681,1.829106366943867,3.183604504163512,False
2014-08-03 07:30:00+00:00,1.6448485156458943,4.044186928274429,1.9826657834973505,False
2014-08-03 08:00:00+00:00,1.9818514843541053,5.421776143451145,3.801560370931112,False
2014-08-03 08:30:00+00:00,2.50343070339663,4.309727910602911,4.182575321725965,False
2014-08-03 09:00:00+00:00,2.4303422305429256,4.816245192307693,3.552340461771385,False
2014-08-03 09:30:00+00:00,2.284559641615405,4.542189994802495,3.957109954579864,False
2014-08-03 10:00:00+00:00,2.506217304092003,4.922496543659045,4.589577479182437,False
2014-08-03 10:30:00+00:00,2.253773147900508,4.25532104989605,4.568768243754731,False
2014-08-03 11:00:00+00:00,1.5829666488365872,4.814247557172558,4.122148410295231,False
2014-08-03 11:30:00+00:00,2.121538619951859,4.062705093555095,3.381246101438304,False
2014-08-03 12:00:00+00:00,1.9090871890879917,4.506910550935552,3.053094700984103,False
2014-08-03 12:30:00+00:00,2.1636930997592936,4.70226314968815,2.450143224829674,False
2014-08-03 13:00:00+00:00,2.0866161807970047,5.537214501039501,2.841040121120363,False
2014-08-03 13:30:00+00:00,1.96462337523402,4.267828612266112,4.055407607872824,False
2014-08-03 14:00:00+00:00,1.958242738700187,3.436812396049896,4.27219659348978,False
2014-08-03 14:30:00+00:00,2.5254989034501203,3.3736790280665288,3.741040007570023,False
2014-08-03 15:00:00+00:00,2.543625220647232,5.604944542619544,4.022789931869795,False
2014-08-03 15:30:00+00:00,2.3160624231077827,4.233314760914761,4.0415064723694165,False
2014-08-03 16:00:00+00:00,1.910203690826424,4.319811486486487,3.929185881907646,False
2014-08-03 16:30:00+00:00,1.7605093073014173,4.83819721933472,2.9456165783497346,False
2014-08-03 17:00:00+00:00,1.971478951591335,3.446207120582121,3.3544442089326263,False
2014-08-03 17:30:00+00:00,1.4119752072746723,3.5728246361746363,2.4382477289931868,False
2014-08-03 18:00:00+00:00,1.1809387001872158,3.0746045997921,2.02618485995458,False
2014-08-03 18:30:00+00:00,1.158186092538112,2.4969996361746363,1.851010673732021,False
2014-08-03 19:00:00+00:00,1.0828941963091736,2.576351949064449,1.72680117335352,False
2014-08-03 19:30:00+00:00,1.1721799411607383,1.970333913721414,1.591347539742619,False
2014-08-03 20:00:00+00:00,1.189305054827494,1.5776413981288984,1.3251294095382289,False
2014-08-03 20:30:00+00:00,1.146971516448248,1.4573588357588358,1.2290665404996215,False
2014-08-03 21:00:00+00:00,1.1055479539983952,1.5000770270270272,1.177069265707797,False
2014-08-03 21:30:00+00:00,1.088562663813854,1.4574599012474012,1.3188335352006055,False
2014-08-03 22:00:00+00:00,1.0828941963091736,1.363394178794179,1.1883796744890234,False
2014-08-03 22:30:00+00:00,1.0828941963091736,1.3000883316008318,1.2470146101438304,False
2014-08-03 23:00:00+00:00,1.0828941963091736,1.5480318866943867,1.1125186601059802,False
2014-08-03 23:30:00+00:00,1.0828941963091736,1.6193027546777548,1.0817595760787282,False
2014-08-04 00:00:00+00:00,1.0828941963091736,1.5237563149688151,1.1284039742619227,False
2014-08-04 00:30:00+00:00,1.0828941963091736,1.819256029106029,1.0957371688115063,False
2014-08-04 01:00:00+00:00,1.0828941963091736,1.5221427754677757,0.946968357305072,False
2014-08-04 01:30:00+00:00,1.0828941963091736,1.4015996881496884,0.988959500378501,False
2014-08-04 02:00:00+00:00,1.0828941963091736,1.6917779885654889,1.1577476154428463,False
2014-08-04 02:30:00+00:00,1.164227413746991,1.0938493243243244,0.9753996971990916,False
2014-08-04 03:00:00+00:00,1.0828941963091736,1.279996101871102,1.0981096139288418,False
2014-08-04 03:30:00+00:00,1.1049244450387803,1.176269724532225,0.9918510219530656,False
2014-08-04 04:00:00+00:00,1.0828941963091736,1.2737635135135137,0.9202177138531416,False
2014-08-04 04:30:00+00:00,1.2019461888205405,1.403898258835759,1.0283487887963665,False
2014-08-04 05:00:00+00:00,1.0828941963091736,1.2913937889812892,1.0736089704769114,False
2014-08-04 05:30:00+00:00,1.0828941963091736,1.2496731288981289,1.1719665404996216,False
2014-08-04 06:00:00+00:00,1.3862029687082107,2.005799506237006,1.8536266086298256,False
2014-08-04 06:30:00+00:00,1.572184407595614,3.80053905925156,1.360418925056775,False
2014-08-04 07:00:00+00:00,1.6817334848890078,1.8287800935550935,2.6796561695685086,False
2014-08-04 07:30:00+00:00,1.335008478202728,4.0189084979209975,1.4689960257380772,False
2014-08-04 08:00:00+00:00,1.0828941963091736,2.7517326663201667,3.102434065102195,False
2014-08-04 08:30:00+00:00,2.4576158063653386,4.989517203742205,2.9387214988644965,False
2014-08-04 09:00:00+00:00,2.0149631987162344,4.682294984407484,3.2488031415594247,False
2014-08-04 09:30:00+00:00,2.230564883658732,4.135641138253639,3.2569325132475395,False
2014-08-04 10:00:00+00:00,1.887313907461888,4.805492931392932,3.3342492429977293,False
2014-08-04 10:30:00+00:00,2.281133377908531,4.135581107068608,3.2581550719152155,False
2014-08-04 11:00:00+00:00,2.3106691896228937,4.674226897089397,3.31422323996972,False
2014-08-04 11:30:00+00:00,3.3408738165284837,4.727039527027027,3.1228151021953066,False
2014-08-04 12:00:00+00:00,3.349285076223589,4.602290618503119,2.9354526873580618,False
2014-08-04 12:30:00+00:00,3.5220813586520463,4.931498622661123,2.3344628690386067,False
2014-08-04 13:00:00+00:00,3.5148613265579027,5.1287104989605,3.008397199091597,False
2014-08-04 13:30:00+00:00,2.9530116608718906,5.550039682952184,3.8162315669947007,False
2014-08-04 14:00:00+00:00,3.3070892217170367,4.535056470893972,2.2671917865253595,False
2014-08-04 14:30:00+00:00,2.823308665418561,3.823200103950104,3.544309500378501,False
2014-08-04 15:00:00+00:00,3.5729921904252477,5.500098570686071,2.933954125662377,False
2014-08-04 15:30:00+00:00,3.985591976464296,5.273379365904367,3.253801135503406,False
2014-08-04 16:00:00+00:00,4.021660417223857,4.758356574844076,2.806759841029523,False
2014-08-04 16:30:00+00:00,2.9644175180529557,4.59216722972973,2.047222785768357,False
2014-08-04 17:00:00+00:00,1.750676464295266,4.143117931392932,2.2264623391370173,False
2014-08-04 17:30:00+00:00,2.318081224926451,4.3302465956340965,2.227480620741862,False
2014-08-04 18:00:00+00:00,1.9829425782294727,3.580355483367984,1.8045236941710825,False
2014-08-04 18:30:00+00:00,1.359860524204333,2.811833575883576,1.721663361090083,False
2014-08-04 19:00:00+00:00,1.768955522867077,2.4850304054054058,1.5061929977289932,False
2014-08-04 19:30:00+00:00,1.5441772399037177,1.9900621101871103,1.1310177138531414,False
2014-08-04 20:00:00+00:00,1.8282515378443431,2.0437324844074847,1.3161684708554124,False
2014-08-04 20:30:00+00:00,1.2441629847552822,1.8693762993762997,1.4864907645722936,False
2014-08-04 21:00:00+00:00,1.174695453329767,1.928553144490645,1.282301854655564,False
2014-08-04 21:30:00+00:00,1.1273323883391282,2.144477728690229,1.4944906510219529,False
2014-08-04 22:00:00+00:00,1.1244630917357583,1.6188247920997922,1.0449107115821348,False
2014-08-04 22:30:00+00:00,1.1145970045466702,1.914238435550936,1.1281197577592732,False
2014-08-04 23:00:00+00:00,1.0828941963091736,1.94618905925156,1.2006587812263436,False
2014-08-04 23:30:00+00:00,1.1007918694838192,2.0509019490644493,1.0701542392127177,False
2014-08-05 00:00:00+00:00,1.2637453329767316,1.9044328222453224,1.138744360333081,False
2014-08-05 00:30:00+00:00,1.0987196309173577,1.71760408004158,1.0471616956850869,False
2014-08-05 01:00:00+00:00,1.2799438085049477,1.798644230769231,0.9322423542770628,False
2014-08-05 01:30:00+00:00,1.1413688686814658,1.566597946985447,1.0914719530658592,False
2014-08-05 02:00:00+00:00,1.224013613265579,1.5171424636174635,1.020718433005299,False
2014-08-05 02:30:00+00:00,1.3272912543460818,1.740503144490645,1.014839326267979,False
2014-08-05 03:00:00+00:00,1.1682976999197647,1.834757172557173,0.9744927327781984,False
2014-08-05 03:30:00+00:00,1.085339368815191,1.4324033523908526,1.0048037471612414,False
2014-08-05 04:00:00+00:00,1.1229296335918697,1.4686305613305617,0.9493137017411052,False
2014-08-05 04:30:00+00:00,1.3052315859855574,1.4530150987525987,0.9160806207418624,False
2014-08-05 05:00:00+00:00,1.1133334848890075,1.5891798856548858,0.994278955336866,False
2014-08-05 05:30:00+00:00,1.1816447713292324,1.244585472972973,1.1098796744890234,False
2014-08-05 06:00:00+00:00,1.405322519390211,2.1579010135135137,1.5176705526116578,False
2014-08-05 06:30:00+00:00,2.475778042257288,4.204966502079002,1.3009653292959875,False
2014-08-05 07:00:00+00:00,2.746959347419096,2.495756366943867,2.8452425813777444,False
2014-08-05 07:30:00+00:00,2.120602273335116,4.0131906444906456,1.834404882664648,False
2014-08-05 08:00:00+00:00,3.2613012570205937,5.4148901247401255,4.518067978803936,False
2014-08-05 08:30:00+00:00,5.4439483819203,6.6144000779625785,4.245439099167298,False
2014-08-05 09:00:00+00:00,3.8285291789248457,7.565941943866945,4.487240499621499,False
2014-08-05 09:30:00+00:00,5.940043648034234,7.080030847193346,4.675739061317184,False
2014-08-05 10:00:00+00:00,4.149817705268789,7.062270010395011,5.223358062074187,False
2014-08-05 10:30:00+00:00,4.567477614335384,7.877766917879419,5.046533610900832,False
2014-08-05 11:00:00+00:00,4.87555434608184,7.1941045997921,4.738623618470855,False
2014-08-05 11:30:00+00:00,4.458480315592404,6.9921744802494805,5.396214572293717,False
2014-08-05 12:00:00+00:00,4.549563145225997,7.527405431392932,5.085713815291445,False
2014-08-05 12:30:00+00:00,4.832587911206205,7.842356470893972,4.044089099167297,False
2014-08-05 13:00:00+00:00,4.264445012035304,8.00355498960499,5.679302043906132,False
2014-08-05 13:30:00+00:00,5.260939823482215,7.684113383575885,5.001941748675245,False
2014-08-05 14:00:00+00:00,6.691552473923509,6.285612344074845,6.18751813020439,False
2014-08-05 14:30:00+00:00,4.431880903985023,8.443213903326404,3.9622712339137016,False
2014-08-05 15:00:00+00:00,3.571947392350896,8.079689423076923,5.415239061317184,False
2014-08-05 15:30:00+00:00,6.058419096014976,7.333736460498961,5.232614799394399,False
2014-08-05 16:00:00+00:00,5.69642337523402,8.02309617983368,4.515700189250568,False
2014-08-05 16:30:00+00:00,3.3774338058304365,5.596191761954263,4.872955261165783,False
2014-08-05 17:00:00+00:00,4.253828055629848,5.874503508316009,4.055451589704769,False
2014-08-05 17:30:00+00:00,2.940799224391548,4.851733653846154,3.597564723694171,False
2014-08-05 18:00:00+00:00,2.671010350361059,4.00147985966736,2.606455299015897,False
2014-08-05 18:30:00+00:00,1.7915661406793262,3.4149237525987526,1.847334027252082,False
2014-08-05 19:00:00+00:00,1.29458967638406,2.8542264812889817,1.6256812641937926,False
2014-08-05 19:30:00+00:00,1.2707109654987965,2.422299688149688,1.426966578349735,False
2014-08-05 20:00:00+00:00,1.1697360256753142,2.130850311850312,1.5125641180923544,False
2014-08-05 20:30:00+00:00,1.2720522064723188,1.8497060291060288,1.3459532929598788,False
2014-08-05 21:00:00+00:00,1.2690740304894357,1.8696944386694387,1.1654152914458744,False
2014-08-05 21:30:00+00:00,1.3624992511366676,1.742087603950104,1.2211602195306586,False
2014-08-05 22:00:00+00:00,1.093608825889275,1.4417339656964658,0.922710598031794,False
2014-08-05 22:30:00+00:00,1.1088053757689222,1.8707180613305612,1.1737367903103708,False
2014-08-05 23:00:00+00:00,1.0828941963091736,1.7001579261954265,1.1328800529901588,False
2014-08-05 23:30:00+00:00,1.2543081037710615,1.7215820945945943,1.0004750567751703,False
2014-08-06 00:00:00+00:00,1.2232494517250605,1.7825425155925156,1.0601584027252082,False
2014-08-06 00:30:00+00:00,1.1036005349023803,1.8153769230769232,1.0842612036336108,False
2014-08-06 01:00:00+00:00,1.0857702326825356,1.9868923336798336,1.0268931491294473,False
2014-08-06 01:30:00+00:00,1.0828941963091736,1.65941301975052,0.9411670325510976,False
2014-08-06 02:00:00+00:00,1.0868960417223856,1.9377498700623703,0.9461126040878124,False
2014-08-06 02:30:00+00:00,1.0828941963091736,1.6843792359667362,0.922710598031794,False
2014-08-06 03:00:00+00:00,1.1105599893019522,1.5117415280665285,0.978645798637396,False
2014-08-06 03:30:00+00:00,1.0987607381652849,1.616225103950104,0.9954346328538984,False
2014-08-06 04:00:00+00:00,1.1096025675314254,1.6305322765072767,1.0422288039364118,False
2014-08-06 04:30:00+00:00,1.096373201390746,1.311363045738046,1.010257077971234,False
2014-08-06 05:00:00+00:00,1.0828941963091736,1.0893287941787944,0.9403799772899318,False
2014-08-06 05:30:00+00:00,1.2407789783364536,1.9910103170478173,1.250153444360333,False
2014-08-06 06:00:00+00:00,2.3323697780155124,2.632828222453223,2.063070325510977,False
2014-08-06 06:30:00+00:00,2.661138245520193,4.2453092255717255,1.7263691521574562,False
2014-08-06 07:00:00+00:00,3.6073320941428193,2.87915816008316,3.3925378122634364,False
2014-08-06 07:30:00+00:00,3.3157526611393418,4.740548102910603,2.171247312641938,False
2014-08-06 08:00:00+00:00,3.0671070339663014,3.015839501039501,4.040583648750946,False
2014-08-06 08:30:00+00:00,3.784496309173575,4.95362364864865,4.356966881150643,False
2014-08-06 09:00:00+00:00,4.968751965766248,5.800576117463619,4.078648750946253,False
2014-08-06 09:30:00+00:00,4.3072020593741644,4.654983523908524,4.530881869795609,False
2014-08-06 10:00:00+00:00,4.253663252206472,5.071329807692308,4.151059841029523,False
2014-08-06 10:30:00+00:00,4.044645841133993,4.994537525987526,4.392585276305828,False
2014-08-06 11:00:00+00:00,4.033739983952929,4.609803872141373,4.267112187736563,False
2014-08-06 11:30:00+00:00,3.652421315859856,4.912236772349273,4.263802649507948,False
2014-08-06 12:00:00+00:00,4.464972559507889,4.78001658004158,4.665283005299016,False
2014-08-06 12:30:00+00:00,3.8654131853436753,5.013550181912682,3.335191710825132,False
2014-08-06 13:00:00+00:00,4.177270767584916,4.829273440748441,4.531683383800151,False
2014-08-06 13:30:00+00:00,4.179437630382456,4.937897713097713,3.80069947009841,False
2014-08-06 14:00:00+00:00,4.678723776410806,3.8962090696465697,4.581783648750946,False
2014-08-06 14:30:00+00:00,3.8305445306231607,3.24666735966736,4.068813398940196,False
2014-08-06 15:00:00+00:00,3.908836747793528,3.9445149948024953,3.944923391370174,False
2014-08-06 15:30:00+00:00,4.445351457608987,3.7124542099792097,3.597086222558667,False
2014-08-06 16:00:00+00:00,4.011880342337523,4.767084433471934,4.602165064345193,False
2014-08-06 16:30:00+00:00,3.5580138539716497,4.271818191268192,3.126420287660862,False
2014-08-06 17:00:00+00:00,4.525114843541053,3.980799064449064,3.334119530658592,False
2014-08-06 17:30:00+00:00,2.3404505482749403,3.818862318087319,2.6235423921271765,False
2014-08-06 18:00:00+00:00,2.5615888740304897,3.30956761954262,2.6285568508705524,False
2014-08-06 18:30:00+00:00,1.6278318534367475,2.133427806652807,1.973486222558668,False
2014-08-06 19:00:00+00:00,1.5908465365070874,2.1114281964656967,1.990176419379258,False
2014-08-06 19:30:00+00:00,1.2253330569671037,1.929864864864865,1.703901968205905,False
2014-08-06 20:00:00+00:00,1.486276303824552,1.6262826403326405,1.3947609765329294,False
2014-08-06 20:30:00+00:00,1.2084311848087723,1.4996766632016634,1.3604562831188494,False
2014-08-06 21:00:00+00:00,1.2538359454399572,1.288630431392931,1.2869068508705526,False
2014-08-06 21:30:00+00:00,1.1268927253276275,1.286552286902287,1.3521510976532929,False
2014-08-06 22:00:00+00:00,1.1305995988232147,1.2386358367983368,1.2843036336109008,False
2014-08-06 22:30:00+00:00,1.2695311580636537,1.3964140592515593,1.2268336109008324,False
2014-08-06 23:00:00+00:00,1.369218587857716,1.3978625779625782,1.011255374716124,False
2014-08-06 23:30:00+00:00,1.2308033431398768,1.2626158523908524,1.2475795230885691,False
2014-08-07 00:00:00+00:00,1.119815592404386,1.154502182952183,1.0452555639666918,False
2014-08-07 00:30:00+00:00,1.158649585450655,1.3065324584199585,0.9738523845571536,False
2014-08-07 01:00:00+00:00,1.1267910136400108,1.0894699844074849,0.9687838001514004,False
2014-08-07 01:30:00+00:00,1.090003450120353,1.3917010135135135,0.9273186979560938,False
2014-08-07 02:00:00+00:00,1.1327329232415084,1.426267125779626,0.9720864875094626,False
2014-08-07 02:30:00+00:00,1.0894807435143088,1.366687448024948,1.0025176381529144,False
2014-08-07 03:00:00+00:00,1.0828941963091736,1.3818575103950106,0.926090651021953,False
2014-08-07 03:30:00+00:00,1.100443835250067,1.3622657224532226,0.9501179409538228,False
2014-08-07 04:00:00+00:00,1.1221165017384327,1.2060351611226612,1.0575959121877363,False
2014-08-07 04:30:00+00:00,1.0828941963091736,1.361124948024948,0.922710598031794,False
2014-08-07 05:00:00+00:00,1.0871752875100291,1.277385395010395,0.9654909538228614,False
2014-08-07 05:30:00+00:00,1.1118059106713023,1.2316619282744283,1.3394065480696442,False
2014-08-07 06:00:00+00:00,2.1953837657127577,2.5724434251559254,1.9017450416351247,False
2014-08-07 06:30:00+00:00,2.156250655255416,2.9125621101871104,1.4070449659348978,False
2014-08-07 07:00:00+00:00,2.747970874565392,2.389580275467776,2.4113100302800907,False
2014-08-07 07:30:00+00:00,3.0336916822679862,3.742080067567568,1.2102036336109008,False
2014-08-07 08:00:00+00:00,1.807991655522867,1.917723050935551,3.604782816048448,False
2014-08-07 08:30:00+00:00,2.430105643220112,4.220720166320167,3.3959208175624527,False
2014-08-07 09:00:00+00:00,3.3600487830970844,4.678220426195426,3.482126003028009,False
2014-08-07 09:30:00+00:00,3.633278710885264,4.976059225571726,3.2516831188493565,False
2014-08-07 10:00:00+00:00,3.4649270125702065,4.035119724532225,3.1860926192278574,False
2014-08-07 10:30:00+00:00,3.4650867879112064,4.791059823284824,3.060152573807721,False
2014-08-07 11:00:00+00:00,3.0733956940358382,4.496522661122662,2.983842013626041,False
2014-08-07 11:30:00+00:00,3.120746536507088,4.408126819126819,3.103600227100681,False
2014-08-07 12:00:00+00:00,2.8319211018989034,3.7916004158004166,3.0589101816805453,False
2014-08-07 12:30:00+00:00,2.9252017651778552,4.4849623700623695,2.3256582134746404,False
2014-08-07 13:00:00+00:00,3.117934929125435,4.68410880977131,2.788058970476911,False
2014-08-07 13:30:00+00:00,2.6736141214228404,3.7434043139293136,3.0430359954579864,False
2014-08-07 14:00:00+00:00,3.109893153249532,3.797013825363826,2.074456813020439,False
2014-08-07 14:30:00+00:00,4.357462824284568,3.895372972972973,3.723242732778198,False
2014-08-07 15:00:00+00:00,3.106803369884996,2.911448518711019,2.3354007570022706,False
2014-08-07 15:30:00+00:00,2.424539796737096,4.348623700623701,3.485421233913702,False
2014-08-07 16:00:00+00:00,3.6829286707675855,4.42572091995842,3.540912944738833,False
2014-08-07 16:30:00+00:00,2.257536025675314,4.79708432952183,2.342941862225586,False
2014-08-07 17:00:00+00:00,2.590279379513239,4.220798076923078,2.492831188493565,False
2014-08-07 17:30:00+00:00,1.8124697512703931,3.86212143970894,2.0317537850113547,False
2014-08-07 18:00:00+00:00,2.111471837389676,3.3443410343035347,1.7008358062074185,False
2014-08-07 18:30:00+00:00,1.7140967638405988,2.9291659563409564,1.4356430734292205,False
2014-08-07 19:00:00+00:00,1.6253889007756084,2.3658034043659044,1.3389796744890232,False
2014-08-07 19:30:00+00:00,1.3349157796202191,2.38533011954262,1.5133594625283875,False
2014-08-07 20:00:00+00:00,1.176237603637336,1.8741048336798336,1.398716805450416,False
2014-08-07 20:30:00+00:00,1.1713323081037708,1.779465150727651,1.487904125662377,False
2014-08-07 21:00:00+00:00,1.314310189890345,1.870519126819127,1.2749599545798638,False
2014-08-07 21:30:00+00:00,1.4137931532495318,1.649762811850312,1.2752869038607115,False
2014-08-07 22:00:00+00:00,1.1615445038780423,1.8567375779625777,1.3238688115064343,False
2014-08-07 22:30:00+00:00,1.397881626103236,1.6242403326403327,1.0686897047691142,False
2014-08-07 23:00:00+00:00,1.1977453062316126,1.573908367983368,1.1114852006056015,False
2014-08-07 23:30:00+00:00,1.203885263439422,1.318342463617464,1.1052741105223316,False
2014-08-08 00:00:00+00:00,1.2344087723990371,1.6817634095634095,0.9585255488266464,False
2014-08-08 00:30:00+00:00,1.0828941963091736,1.5592340176715178,1.0199916729750187,False
2014-08-08 01:00:00+00:00,1.1292115538914147,1.557727520790021,0.9329397047691144,False
2014-08-08 01:30:00+00:00,1.0919907729339395,1.501341865904366,0.974438228614686,False
2014-08-08 02:00:00+00:00,1.0828941963091736,1.51758380977131,1.1180196442089323,False
2014-08-08 02:30:00+00:00,1.0828941963091736,1.6401827962577964,0.9454984481453445,False
2014-08-08 03:00:00+00:00,1.1395045466702325,1.5495483887733887,0.9734957607872824,False
2014-08-08 03:30:00+00:00,1.1031329232415086,1.7320304573804577,1.1138353141559425,False
2014-08-08 04:00:00+00:00,1.107717009895694,1.5136383575883576,0.992390234670704,False
2014-08-08 04:30:00+00:00,1.1353083177320138,1.4158882536382538,1.01108198334595,False
2014-08-08 05:00:00+00:00,1.133962690558973,1.8790691268191269,1.1136097274791823,False
2014-08-08 05:30:00+00:00,1.087557314790051,1.303273362785863,1.1285556018168053,False
2014-08-08 06:00:00+00:00,1.3916900508157262,3.041408861746362,1.6006035957607874,False
2014-08-08 06:30:00+00:00,2.188467263974325,4.028306600831601,1.4201354277062832,False
2014-08-08 07:00:00+00:00,2.957440251404119,3.1011832640332644,2.6766903482210447,False
2014-08-08 07:30:00+00:00,3.744253249531961,5.6601308991684,1.9963640045420128,False
2014-08-08 08:00:00+00:00,2.9728506552554155,6.693316138253639,4.736368092354277,False
2014-08-08 08:30:00+00:00,4.740497833645359,5.467431574844075,5.318233989401967,False
2014-08-08 09:00:00+00:00,5.676486841401444,5.376961018711019,4.154462717638153,False
2014-08-08 09:30:00+00:00,4.898237924578765,7.606510057172558,4.604115707797123,False
2014-08-08 10:00:00+00:00,4.693951965766248,7.711594646569646,4.990542770628312,False
2014-08-08 10:30:00+00:00,4.84729074618882,7.539420582120583,5.160893754731263,False
2014-08-08 11:00:00+00:00,5.0778090398502265,7.386636512474013,5.509164080242241,False
2014-08-08 11:30:00+00:00,4.206415030756887,7.454085940748442,5.036107645722937,False
2014-08-08 12:00:00+00:00,5.168540064188285,7.807104209979211,5.297886071158213,False
2014-08-08 12:30:00+00:00,5.380286493714897,7.65836904885655,6.282999924299773,False
2014-08-08 13:00:00+00:00,6.4576081305161805,7.670915930353431,5.894202157456473,False
2014-08-08 13:30:00+00:00,3.799481545867879,7.042197765072766,5.54677282361847,False
2014-08-08 14:00:00+00:00,5.347096924311313,7.855006782744282,6.224954012112035,False
2014-08-08 14:30:00+00:00,5.281797218507623,6.858105275467777,4.413634784254352,False
2014-08-08 15:00:00+00:00,3.79006196844076,6.635233627858629,5.988265404996215,False
2014-08-08 15:30:00+00:00,7.139316421503075,7.440161824324324,5.455646366389099,False
2014-08-08 16:00:00+00:00,5.51059374164215,8.118617931392933,4.815630431491295,False
2014-08-08 16:30:00+00:00,4.2503153784434335,5.921474844074845,5.222899015897047,False
2014-08-08 17:00:00+00:00,4.447124311313185,5.84300025987526,4.631434897804693,False
2014-08-08 17:30:00+00:00,3.467696924311314,4.9422636694386695,3.912891445874338,False
2014-08-08 18:00:00+00:00,2.54924158866007,4.238096751559252,2.858769795609387,False
2014-08-08 18:30:00+00:00,2.030244209681733,3.459447141372141,2.06804712339137,False
2014-08-08 19:00:00+00:00,1.7588377106178126,3.0821740384615386,1.95418720666162,False
2014-08-08 19:30:00+00:00,1.1254614067932602,2.737604235966736,1.6586084405753214,False
2014-08-08 20:00:00+00:00,1.250948756351966,2.0039795997921,1.7806094625283877,False
2014-08-08 20:30:00+00:00,1.2903044664348755,2.066556107068607,1.5185588569265709,False
2014-08-08 21:00:00+00:00,1.1871836587322817,2.035275363825364,1.4751778955336867,False
2014-08-08 21:30:00+00:00,1.0828941963091736,1.7587686590436593,1.356919530658592,False
2014-08-08 22:00:00+00:00,1.3132383792457878,1.452760083160083,1.2853502271006814,False
2014-08-08 22:30:00+00:00,1.3288534100026743,1.8705446205821208,1.1071911809235426,False
2014-08-08 23:00:00+00:00,1.3095262102166356,1.6961427494802497,1.091012869038607,False
2014-08-08 23:30:00+00:00,1.1285920834447711,1.5796195426195427,1.0899910295230886,False
2014-08-09 00:00:00+00:00,1.1537995453329768,1.744968217255717,1.1037344057532172,False
2014-08-09 00:30:00+00:00,1.093738807167692,1.683527624740125,1.0377714988644966,False
2014-08-09 01:00:00+00:00,1.1777284568066329,1.4339271049896052,0.9411536714610144,False
2014-08-09 01:30:00+00:00,1.2479887670500132,1.8798376819126816,1.036424905374716,False
2014-08-09 02:00:00+00:00,1.0828941963091736,1.4180255197505198,1.061367259651779,False
2014-08-09 02:30:00+00:00,1.2343931532495318,1.5383810550935553,0.922710598031794,False
2014-08-09 03:00:00+00:00,1.1546402246589995,1.5403862785862787,1.0939750946252838,False
2014-08-09 03:30:00+00:00,1.0909369082642415,1.302177001039501,0.9550477289931868,False
2014-08-09 04:00:00+00:00,1.1155182401711687,1.4759708939708942,1.025671877365632,False
2014-08-09 04:30:00+00:00,1.0917991709013106,1.6052399428274429,0.922710598031794,False
2014-08-09 05:00:00+00:00,1.0933081840064187,1.4054606808731809,0.954401514004542,False
2014-08-09 05:30:00+00:00,1.0946229473121154,1.5482071205821206,1.1658940575321726,False
2014-08-09 06:00:00+00:00,2.5877754479807438,2.9019282224532224,2.145524072672218,False
2014-08-09 06:30:00+00:00,2.542427413746991,3.12070207900208,2.146326949280848,False
2014-08-09 07:00:00+00:00,3.7097491575287513,2.793772193347193,3.754257115821347,False
2014-08-09 07:30:00+00:00,3.6519712489970577,4.706704339916841,2.2223427327781984,False
2014-08-09 08:00:00+00:00,2.766338726932335,3.00362933991684,4.19422963663891,False
2014-08-09 08:30:00+00:00,4.273871757154319,3.868181704781705,4.665334822104466,False
2014-08-09 09:00:00+00:00,4.522676811981814,3.792760784823285,3.700310408781226,False
2014-08-09 09:30:00+00:00,4.108888499598823,4.639474454261955,4.73003838001514,False
2014-08-09 10:00:00+00:00,4.785638940893287,5.22434196985447,4.023212604087812,False
2014-08-09 10:30:00+00:00,4.211819497191763,5.152993243243244,4.312552952308857,False
2014-08-09 11:00:00+00:00,4.309164883658732,5.4305638253638255,4.180642997728993,False
2014-08-09 11:30:00+00:00,3.813367825621824,5.018346023908524,4.3330755866767605,False
2014-08-09 12:00:00+00:00,3.672618989034501,5.286500025987526,4.476270741862225,False
2014-08-09 12:30:00+00:00,4.375550227333512,4.964260343035344,5.645547577592733,False
2014-08-09 13:00:00+00:00,4.61877935276812,4.891838539501039,4.60563145344436,False
2014-08-09 13:30:00+00:00,3.0116235624498526,5.75424222972973,3.976200794852384,False
2014-08-09 14:00:00+00:00,3.1663603102433804,3.732718970893972,4.293561014383043,False
2014-08-09 14:30:00+00:00,4.001147499331372,4.044538097713098,4.598911014383043,False
2014-08-09 15:00:00+00:00,4.140348702861727,4.889123752598753,4.191092467827404,False
2014-08-09 15:30:00+00:00,4.585760443968975,3.7931051975051977,3.333144436033308,False
2014-08-09 16:00:00+00:00,3.5711989034501204,6.104264371101872,3.4204728993186984,False
2014-08-09 16:30:00+00:00,3.7723281626103233,4.869604885654886,3.0976618849356545,False
2014-08-09 17:00:00+00:00,3.887641749130784,4.767485265072765,3.5116526873580622,False
2014-08-09 17:30:00+00:00,2.91507336186146,2.716625831600832,2.7197071158213477,False
2014-08-09 18:00:00+00:00,2.2546046536507087,2.696831678794179,2.4878092732778194,False
2014-08-09 18:30:00+00:00,1.941078898101097,2.2820742463617467,2.195339894019681,False
2014-08-09 19:00:00+00:00,1.1019901845413214,2.363681418918919,1.920141218773656,False
2014-08-09 19:30:00+00:00,1.744723883391281,1.7706320166320169,1.7348355412566236,False
2014-08-09 20:00:00+00:00,1.5180478737630383,1.5484683212058217,1.4697730885692657,False
2014-08-09 20:30:00+00:00,1.1781734955870553,1.5196954781704783,1.3579509462528383,False
2014-08-09 21:00:00+00:00,1.163586199518588,1.6479703742203744,1.534671650264951,False
2014-08-09 21:30:00+00:00,1.2375395292859053,1.394883861746362,1.3704146101438306,False
2014-08-09 22:00:00+00:00,1.2140349558705537,1.550281704781705,1.374795268735806,False
2014-08-09 22:30:00+00:00,1.1798416688954263,1.336408601871102,1.186080128690386,False
2014-08-09 23:00:00+00:00,1.2505148167959348,1.1534219334719331,1.2588728236184707,False
2014-08-09 23:30:00+00:00,1.275557769457074,1.311118373180873,1.1966400832702495,False
2014-08-10 00:00:00+00:00,1.2919750468039584,1.256818996881497,1.0089845193035578,False
2014-08-10 00:30:00+00:00,1.1243993848622629,1.2344900467775468,0.952390234670704,False
2014-08-10 01:00:00+00:00,1.1590074351430864,1.3798318087318089,1.0780767221801664,False
2014-08-10 01:30:00+00:00,1.1899518320406524,1.1833176715176716,1.0026946631339893,False
2014-08-10 02:00:00+00:00,1.1248837657127575,1.242562525987526,0.9633324753974264,False
2014-08-10 02:30:00+00:00,1.1111294998662742,1.3142675675675677,0.9525072672218016,False
2014-08-10 03:00:00+00:00,1.0828941963091736,1.3766997661122664,0.9482213474640424,False
2014-08-10 03:30:00+00:00,1.2915216368012838,1.5046616424116426,1.0615437168811506,False
2014-08-10 04:00:00+00:00,1.0828941963091736,1.0861594854469856,0.9184166161998484,False
2014-08-10 04:30:00+00:00,1.107713158598556,1.1144116164241165,1.100524564723694,False
2014-08-10 05:00:00+00:00,1.0828941963091736,1.2960269230769232,1.006145268735806,False
2014-08-10 05:30:00+00:00,1.324255683337791,1.7446398648648649,1.1131298258894775,False
2014-08-10 06:00:00+00:00,1.9155516180797008,1.966502312889813,1.4375093111279331,False
2014-08-10 06:30:00+00:00,2.4968263706873493,2.5072442827442827,1.279587471612415,False
2014-08-10 07:00:00+00:00,2.359169858250869,2.026537188149688,2.1937317940953824,False
2014-08-10 07:30:00+00:00,2.590717945974859,4.376875441787942,1.5193392505677517,False
2014-08-10 08:00:00+00:00,2.125371382722653,2.533425181912682,3.37561279333838,False
2014-08-10 08:30:00+00:00,3.101717223856646,3.839916372141373,3.563297956093868,False
2014-08-10 09:00:00+00:00,3.562961647499331,2.866550181912682,2.049264685844057,False
2014-08-10 09:30:00+00:00,2.983687162342872,4.9820045997921,3.2999251703255106,False
2014-08-10 10:00:00+00:00,3.6024887670500134,4.976396049896051,3.267772331566994,False
2014-08-10 10:30:00+00:00,3.231052366943033,5.01072985966736,3.1668135503406507,False
2014-08-10 11:00:00+00:00,3.5463336186146024,5.037552053014553,3.2915101438304317,False
2014-08-10 11:30:00+00:00,3.1189429526611394,4.897153716216216,3.1086263815291444,False
2014-08-10 12:00:00+00:00,2.72431495052153,4.720527988565489,2.9645529523088565,False
2014-08-10 12:30:00+00:00,3.301642845680663,5.49284747920998,3.25438198334595,False
2014-08-10 13:00:00+00:00,2.791197138272265,4.513060187110187,3.626283913701741,False
2014-08-10 13:30:00+00:00,2.3540192832308104,4.524528846153847,2.6214112414837243,False
2014-08-10 14:00:00+00:00,3.023517437817598,4.7828701403326415,2.953008062074186,False
2014-08-10 14:30:00+00:00,2.7204257288044933,3.824205925155925,3.6916308478425433,False
2014-08-10 15:00:00+00:00,3.448145065525541,5.864953066528067,3.1971756623769867,False
2014-08-10 15:30:00+00:00,2.659830489435678,4.284521387733888,4.099094814534444,False
2014-08-10 16:00:00+00:00,4.331336854774004,5.729432458419959,4.111101021953066,False
2014-08-10 16:30:00+00:00,1.7804839796737095,5.515975623700624,2.082162528387585,False
2014-08-10 17:00:00+00:00,1.764123776410805,3.735335888773389,2.2847459121877365,False
2014-08-10 17:30:00+00:00,2.04711711687617,3.4497512993763,2.290292089326268,False
2014-08-10 18:00:00+00:00,1.811410082909869,3.785917255717256,1.7316012490537471,False
2014-08-10 18:30:00+00:00,1.0828941963091736,2.775603170478171,1.7316495836487509,False
2014-08-10 19:00:00+00:00,1.1543210216635464,2.0839446985446988,1.6546373959121876,False
2014-08-10 19:30:00+00:00,1.689243915485424,2.097847817047817,1.4580295987887963,False
2014-08-10 20:00:00+00:00,1.5674480877239905,1.9627202702702704,1.4120437925813776,False
2014-08-10 20:30:00+00:00,1.4701282963359186,2.0036447765072767,1.2382375851627554,False
2014-08-10 21:00:00+00:00,1.3079716501738432,2.238735680873181,1.2286197199091595,False
2014-08-10 21:30:00+00:00,1.4796096282428457,2.018329911642412,1.3124425813777438,False
2014-08-10 22:00:00+00:00,1.4875556833377908,1.7927433991683994,0.939623315669947,False
2014-08-10 22:30:00+00:00,1.2394106445573685,1.7960824584199586,1.059333497350492,False
2014-08-10 23:00:00+00:00,1.0828941963091736,1.507319386694387,1.2238674867524604,False
2014-08-10 23:30:00+00:00,1.177442230542926,1.6769049896049897,1.012532664647994,False
2014-08-11 00:00:00+00:00,1.176126852099492,1.8999995582120583,1.1416007948523843,False
2014-08-11 00:30:00+00:00,1.1374935009360791,1.7118458939708945,1.0012236941710824,False
2014-08-11 01:00:00+00:00,1.1132941963091736,1.7369990644490647,1.0753908024224073,False
2014-08-11 01:30:00+00:00,1.2562838726932335,1.8529872920997923,0.986589137017411,False
2014-08-11 02:00:00+00:00,1.2165978336453598,1.868977676715177,0.9988607872823616,False
2014-08-11 02:30:00+00:00,1.0997384059909068,1.6309989604989608,1.002677857683573,False
2014-08-11 03:00:00+00:00,1.320686761166087,1.7005301975051976,0.922710598031794,False
2014-08-11 03:30:00+00:00,1.0840529018454133,1.44736288981289,1.1487247918243757,False
2014-08-11 04:00:00+00:00,1.0901009628242846,1.4516141891891894,0.9731444738834216,False
2014-08-11 04:30:00+00:00,1.110686787911206,1.4031683471933474,0.922710598031794,False
2014-08-11 05:00:00+00:00,1.0828941963091736,1.1964981288981291,1.115977327781983,False
2014-08-11 05:30:00+00:00,1.0992128911473655,1.427235680873181,1.0476665404996215,False
2014-08-11 06:00:00+00:00,1.1841121155389145,2.043296335758836,1.4238991294473884,False
2014-08-11 06:30:00+00:00,1.8148891682267985,2.7224687629937634,0.9713158970476912,False
2014-08-11 07:00:00+00:00,1.996420513506285,1.518029313929314,2.339264875094625,False
2014-08-11 07:30:00+00:00,2.075743353837925,4.07475906964657,1.2689971612414837,False
2014-08-11 08:00:00+00:00,2.3078871088526345,2.55144170997921,2.7153002649507942,False
2014-08-11 08:30:00+00:00,2.9419345814388875,5.736034667359668,2.778229523088569,False
2014-08-11 09:00:00+00:00,2.928777614335384,5.821037110187112,2.318020174110522,False
2014-08-11 09:30:00+00:00,2.3862530890612463,4.029658991683991,2.8736837623012867,False
2014-08-11 10:00:00+00:00,3.1024504680395824,5.382193892931394,3.079577441332324,False
2014-08-11 10:30:00+00:00,2.1328002941963096,5.039974792099792,2.9164844814534443,False
2014-08-11 11:00:00+00:00,2.874752233217438,5.02235841995842,2.62864647993944,False
2014-08-11 11:30:00+00:00,2.928723214763305,4.9061359927234935,3.5908413701741098,False
2014-08-11 12:00:00+00:00,2.2463921636801283,4.51187681912682,2.923723088569265,False
2014-08-11 12:30:00+00:00,1.9012924578764367,4.561866891891892,3.339158591975776,False
2014-08-11 13:00:00+00:00,2.5368588392618343,5.117946309771311,3.2668388342165025,False
2014-08-11 13:30:00+00:00,2.697722733351163,5.317975077962578,3.1003127554882663,False
2014-08-11 14:00:00+00:00,2.766064723188018,5.043199818087318,2.0147908781226342,False
2014-08-11 14:30:00+00:00,3.2425868948916823,3.8939009095634094,3.164079674489023,False
2014-08-11 15:00:00+00:00,3.865204439689757,5.2985675155925165,3.05873720666162,False
2014-08-11 15:30:00+00:00,3.062118962289382,5.5926691528066526,3.2252981831945493,False
2014-08-11 16:00:00+00:00,3.554799679058572,5.226262525987527,3.3027944738834214,False
2014-08-11 16:30:00+00:00,1.650637309441027,4.26559183991684,2.4507699091597277,False
2014-08-11 17:00:00+00:00,2.567103048943568,4.206142281704783,2.1335968205904616,False
2014-08-11 17:30:00+00:00,2.4147448515645893,4.156619022869023,2.1756399697199087,False
2014-08-11 18:00:00+00:00,1.9849071944370156,3.5658284043659045,1.761334822104466,False
2014-08-11 18:30:00+00:00,1.8673214763305692,3.391877598752599,1.496349318697956,False
2014-08-11 19:00:00+00:00,1.3117485423910136,2.799013695426196,1.520914231642695,False
2014-08-11 19:30:00+00:00,1.3933313720246054,2.618508367983368,1.3738593868281603,False
2014-08-11 20:00:00+00:00,1.4150131585985557,2.3451168659043664,1.4244340651021954,False
2014-08-11 20:30:00+00:00,1.1793857715966836,1.8133291580041584,1.2851402725208174,False
2014-08-11 21:00:00+00:00,1.6171591067130249,1.6503254417879416,1.291080469341408,False
2014-08-11 21:30:00+00:00,1.245001738432736,1.8001377858627865,1.1575960635881908,False
2014-08-11 22:00:00+00:00,1.3432773201390746,1.5939933731808733,1.1618727857683573,False
2014-08-11 22:30:00+00:00,1.2657043059641615,1.49324183991684,1.0401304314912945,False
2014-08-11 23:00:00+00:00,1.243398288312383,1.392031782744283,1.0043904239212718,False
2014-08-11 23:30:00+00:00,1.189132468574485,1.770822557172557,1.221980128690386,False
2014-08-12 00:00:00+00:00,1.1361347953998395,1.609152780665281,0.9795121498864496,False
2014-08-12 00:30:00+00:00,1.0966145760898636,1.657141943866944,1.1824476532929598,False
2014-08-12 01:00:00+00:00,1.1523784434340734,1.6651453482328484,0.951689969719909,False
2014-08-12 01:30:00+00:00,1.1207719978603905,1.744211174636175,0.926715329295988,False
2014-08-12 02:00:00+00:00,1.2986378978336452,1.6792827702702706,0.922710598031794,False
2014-08-12 02:30:00+00:00,1.0828941963091736,1.838310758835759,1.0208392127176382,False
2014-08-12 03:00:00+00:00,1.0828941963091736,1.6052241164241166,0.964591408024224,False
2014-08-12 03:30:00+00:00,1.199678042257288,1.4352498700623704,0.922710598031794,False
2014-08-12 04:00:00+00:00,1.0828941963091736,1.4950193866943868,0.9925692278576836,False
2014-08-12 04:30:00+00:00,1.084996790585718,1.6833950363825363,0.9470035957607872,False
2014-08-12 05:00:00+00:00,1.0828941963091736,1.410686252598753,0.922710598031794,False
2014-08-12 05:30:00+00:00,1.1175584648301684,1.3746720114345117,1.1063201741105222,False
2014-08-12 06:00:00+00:00,1.392391682267986,2.278064968814969,1.2626460635881906,False
2014-08-12 06:30:00+00:00,1.3214410537576893,3.293079106029106,1.1455398561695684,False
2014-08-12 07:00:00+00:00,2.638051270393153,2.2014366683991686,2.64363497350492,False
2014-08-12 07:30:00+00:00,2.1100399037175714,6.042461174636175,1.7610762679788037,False
2014-08-12 08:00:00+00:00,2.4740807435143086,6.355566294178795,3.781968281604844,False
2014-08-12 08:30:00+00:00,5.0773732281358654,5.973879937629938,4.135850075700227,False
2014-08-12 09:00:00+00:00,4.294533832575555,6.850747167359667,4.460790121120364,False
2014-08-12 09:30:00+00:00,5.278447927253276,7.151596231808733,4.48844254352763,False
2014-08-12 10:00:00+00:00,4.58672936614068,6.993487032224532,4.41250117335352,False
2014-08-12 10:30:00+00:00,4.79037798876705,7.043099662162162,4.804759954579863,False
2014-08-12 11:00:00+00:00,5.024339288579834,7.810245816008316,5.155508440575321,False
2014-08-12 11:30:00+00:00,4.157158812516716,7.908519074844076,4.872860711582135,False
2014-08-12 12:00:00+00:00,5.507393982348221,7.696936642411642,5.006517411052234,False
2014-08-12 12:30:00+00:00,4.631394918427387,7.125797791060291,5.122950492051476,False
2014-08-12 13:00:00+00:00,5.174157100829099,7.438314137214137,5.683233762301286,False
2014-08-12 13:30:00+00:00,4.918244637603637,7.589735317047818,4.7298720666162,False
2014-08-12 14:00:00+00:00,5.376009307301417,7.563258471933472,4.256635162755488,False
2014-08-12 14:30:00+00:00,5.73980842471249,6.795939553014553,4.980249924299772,False
2014-08-12 15:00:00+00:00,4.729973923508959,6.073615592515593,4.291478955336866,False
2014-08-12 15:30:00+00:00,2.850683123829901,6.813740878378379,4.9487017789553365,False
2014-08-12 16:00:00+00:00,5.729419256485691,6.122878274428275,4.7848591975775925,False
2014-08-12 16:30:00+00:00,4.682609039850227,5.227076663201664,2.876428084784254,False
2014-08-12 17:00:00+00:00,4.769914469109388,5.108443737006238,3.668183118849357,False
2014-08-12 17:30:00+00:00,3.959988446108585,4.321589786902288,3.396097047691143,False
2014-08-12 18:00:00+00:00,2.518923562449853,3.6368794178794186,2.6134033686601064,False
2014-08-12 18:30:00+00:00,2.0726646429526614,3.379904391891892,2.4699510598031797,False
2014-08-12 19:00:00+00:00,1.3997010698047607,2.632012032224533,2.061185049205148,False
2014-08-12 19:30:00+00:00,1.4770433270928056,2.29711632016632,1.6491180923542772,False
2014-08-12 20:00:00+00:00,1.7222583845948118,2.254532640332641,1.6005252838758517,False
2014-08-12 20:30:00+00:00,1.1654705536239636,2.219780873180873,1.839941559424678,False
2014-08-12 21:00:00+00:00,1.6210391548542389,2.032711668399169,1.677936109008327,False
2014-08-12 21:30:00+00:00,1.3878571810644555,1.750814137214137,1.4086484102952308,False
2014-08-12 22:00:00+00:00,1.3112022465899973,1.814991995841996,1.4151913701741103,False
2014-08-12 22:30:00+00:00,1.5050663278951593,1.690721205821206,1.3099149129447387,False
2014-08-12 23:00:00+00:00,1.509054132120888,1.815954391891892,1.2813198334595004,False
2014-08-12 23:30:00+00:00,1.1071044931799945,1.5552826403326403,1.2514704769114309,False
2014-08-13 00:00:00+00:00,1.125069537309441,1.647629495841996,1.1235751703255108,False
2014-08-13 00:30:00+00:00,1.2127872693233486,1.5500778066528067,1.046678274034822,False
2014-08-13 01:00:00+00:00,1.2490291521797272,1.304701325363825,1.2341948902346709,False
2014-08-13 01:30:00+00:00,1.148418240171169,1.5684323804573808,1.1448517411052233,False
2014-08-13 02:00:00+00:00,1.1323579031826692,1.4561570166320168,1.0906521196063588,False
2014-08-13 02:30:00+00:00,1.1834101364001068,1.6457483108108109,1.2512146101438302,False
2014-08-13 03:00:00+00:00,1.1162026477667826,1.3950035602910602,0.9994514383043148,False
2014-08-13 03:30:00+00:00,1.0828941963091736,1.2509904885654888,1.0901608251324753,False
2014-08-13 04:00:00+00:00,1.0894036105910672,1.575900181912682,1.103478198334595,False
2014-08-13 04:30:00+00:00,1.1085552019256486,1.5201018711018712,0.9810232021196064,False
2014-08-13 05:00:00+00:00,1.2744108585183205,1.5976202962577963,1.1688756245268734,False
2014-08-13 05:30:00+00:00,1.888058919497192,1.8365311590436595,1.458897539742619,False
2014-08-13 06:00:00+00:00,2.383894463760364,2.389822557172557,1.8288237698713092,False
2014-08-13 06:30:00+00:00,3.3136045734153514,3.282498752598753,1.6675584405753217,False
2014-08-13 07:00:00+00:00,3.0283478202728,2.6045588097713104,3.5235257002271005,False
2014-08-13 07:30:00+00:00,3.148228430061513,4.611764501039501,1.5448696442089325,False
2014-08-13 08:00:00+00:00,2.312265391815994,3.6533973492723497,3.452607570022709,False
2014-08-13 08:30:00+00:00,4.152068788446108,4.8071359927234925,3.03665416351249,False
2014-08-13 09:00:00+00:00,4.059376811981814,4.596313591476092,3.052818470855412,False
2014-08-13 09:30:00+00:00,4.560709895694036,3.9068402027027034,3.870557683573051,False
2014-08-13 10:00:00+00:00,3.301943861995186,3.718027832640333,3.809123921271764,False
2014-08-13 10:30:00+00:00,3.739712195774272,4.7293393451143455,3.619552081756245,False
2014-08-13 11:00:00+00:00,2.5708809307301417,4.134406938669438,3.0427255488266467,False
2014-08-13 11:30:00+00:00,3.5231954265846483,5.007923492723493,3.024728084784254,False
2014-08-13 12:00:00+00:00,3.91388831238299,4.271379054054054,3.3211598031794094,False
2014-08-13 12:30:00+00:00,3.541255522867077,5.01237817047817,3.735038190764572,False
2014-08-13 13:00:00+00:00,2.8085324953196045,5.117875051975052,3.5323860711582133,False
2014-08-13 13:30:00+00:00,1.7198096282428454,5.330797661122662,2.743923012869039,False
2014-08-13 14:00:00+00:00,3.858476116608719,3.959579703742204,4.290763096139288,False
2014-08-13 14:30:00+00:00,3.329365284835517,2.93818724012474,4.117492165026495,False
2014-08-13 15:00:00+00:00,2.301509601497727,4.187733367983368,2.892138455715367,False
2014-08-13 15:30:00+00:00,4.693517063385932,4.657822011434512,2.9597039364118087,False
2014-08-13 16:00:00+00:00,4.2044747526076485,5.345946777546778,3.4900022331566998,False
2014-08-13 16:30:00+00:00,3.1874967905857186,3.650515878378379,2.351355034065102,False
2014-08-13 17:00:00+00:00,3.15660706071142,4.1141106029106025,2.0889019682059047,False
2014-08-13 17:30:00+00:00,2.3026622091468307,3.589814604989605,2.232647388342165,False
2014-08-13 18:00:00+00:00,1.593077828296336,2.7703839397089403,1.8835953822861464,False
2014-08-13 18:30:00+00:00,1.9577365873228132,2.667103222453223,1.7526656699470098,False
2014-08-13 19:00:00+00:00,1.310130355710083,2.0038431392931395,1.4240622255866766,False
2014-08-13 19:30:00+00:00,1.213149585450655,1.9567405925155927,1.208205299015897,False
2014-08-13 20:00:00+00:00,1.228739368815191,1.807146491683992,1.2546826646479938,False
2014-08-13 20:30:00+00:00,1.2048587055362396,1.5804647609147608,1.1832612036336108,False
2014-08-13 21:00:00+00:00,1.4527732013907464,1.9159536122661125,1.1855478425435275,False
2014-08-13 21:30:00+00:00,1.0936950521529822,1.4691827182952182,0.9810879258137774,False
2014-08-13 22:00:00+00:00,1.1598058304359455,1.4684406704781705,1.138177176381529,False
2014-08-13 22:30:00+00:00,1.163904493179995,1.266086096673597,1.0276988644965934,False
2014-08-13 23:00:00+00:00,1.195139074618882,1.3916091995841997,1.045485427706283,False
2014-08-13 23:30:00+00:00,1.2710451190157797,1.4056511434511436,1.0696638152914455,False
2014-08-14 00:00:00+00:00,1.133720353035571,1.3826203742203744,1.0838364118092352,False
2014-08-14 00:30:00+00:00,1.1439268253543728,1.4070593555093556,1.002564383043149,False
2014-08-14 01:00:00+00:00,1.3155841668895427,1.3493897089397089,1.0207917865253595,False
2014-08-14 01:30:00+00:00,1.1561060443968976,1.4848260395010395,0.9956489401968204,False
2014-08-14 02:00:00+00:00,1.0828941963091736,1.269223050935551,0.922710598031794,False
2014-08-14 02:30:00+00:00,1.0980835784969245,1.497833757796258,0.9360517411052232,False
2014-08-14 03:00:00+00:00,1.0828941963091736,1.703336096673597,1.072197388342165,False
2014-08-14 03:30:00+00:00,1.1371891682267985,1.4278638253638254,0.9869863361090082,False
2014-08-14 04:00:00+00:00,1.0828941963091736,1.1877574064449063,1.0073869038607115,False
2014-08-14 04:30:00+00:00,1.1674379513238835,1.552420634095634,1.0759628311884937,False
2014-08-14 05:00:00+00:00,1.0828941963091736,1.385416787941788,1.0236014383043148,False
2014-08-14 05:30:00+00:00,1.218771035036106,1.3508621361746362,1.0434296366389098,False
2014-08-14 06:00:00+00:00,1.474445867879112,2.661327260914761,1.3373470098410294,False
2014-08-14 06:30:00+00:00,2.2621573147900507,3.027287162162162,1.26853667676003,False
2014-08-14 07:00:00+00:00,2.6804515378443434,1.6291637214137216,2.7190892127176376,False
2014-08-14 07:30:00+00:00,1.8476063385932069,4.538213305613306,1.4025966691900076,False
2014-08-14 08:00:00+00:00,2.6190773201390747,5.384523388773389,1.731111203633611,False
2014-08-14 08:30:00+00:00,3.8406421235624495,4.810043373180874,3.547598902346707,False
2014-08-14 09:00:00+00:00,1.46620326290452,2.99717603950104,1.5709628311884931,False
2014-08-14 09:30:00+00:00,3.004884969243113,4.524223882536384,2.637285654806964,False
2014-08-14 10:00:00+00:00,3.3146853169296606,3.7586067567567567,2.719995685087055,False
2014-08-14 10:30:00+00:00,2.5159870286172774,4.490045478170479,2.7423504542013624,False
2014-08-14 11:00:00+00:00,2.760871703664081,4.300510187110188,2.51737388342165,False
2014-08-14 11:30:00+00:00,2.3392986092538117,3.9614865384615374,2.000616048448145,False
2014-08-14 12:00:00+00:00,2.689235998930195,3.9471667619542634,2.462665518546556,False
2014-08-14 12:30:00+00:00,2.74696303824552,3.920802650727651,2.76345915972748,False
2014-08-14 13:00:00+00:00,1.921449104038513,4.758839579002079,3.0595299394398188,False
2014-08-14 13:30:00+00:00,2.225446135330302,5.194354365904366,2.065486790310371,False
2014-08-14 14:00:00+00:00,2.058757528751003,5.51469196985447,2.917385276305829,False
2014-08-14 14:30:00+00:00,3.428514255148436,3.707641813929314,3.0937490915972745,False
2014-08-14 15:00:00+00:00,2.8435206204867614,4.072993581081081,1.840549735049205,False
2014-08-14 15:30:00+00:00,2.8614809307301416,4.875161850311851,2.0655485238455715,False
2014-08-14 16:00:00+00:00,2.6882146028349827,5.357065202702703,2.762142127176381,False
2014-08-14 16:30:00+00:00,2.454895266113934,4.659908238045738,2.2361878501135504,False
2014-08-14 17:00:00+00:00,1.8437158866006955,4.448250649688149,2.184100416351249,False
2014-08-14 17:30:00+00:00,2.192940599090666,3.51557603950104,1.7006830052990156,False
2014-08-14 18:00:00+00:00,1.8301119550682,3.1324225051975056,1.469346631339894,False
2014-08-14 18:30:00+00:00,1.5665386466969775,2.755111148648649,1.2373335352006054,False
2014-08-14 19:00:00+00:00,1.161004974592137,2.727854807692308,1.3651306207418623,False
2014-08-14 19:30:00+00:00,1.22072417758759,2.3406242463617466,1.3325400832702496,False
2014-08-14 20:00:00+00:00,1.3866304359454398,2.161164189189189,1.2296668811506433,False
2014-08-14 20:30:00+00:00,1.6812755817063387,1.7459661382536382,1.085560522331567,False
2014-08-14 21:00:00+00:00,1.1499812784166892,1.425133393970894,1.1080358819076457,False
2014-08-14 21:30:00+00:00,1.0828941963091736,1.529002364864865,1.057300492051476,False
2014-08-14 22:00:00+00:00,1.159813693500936,1.723295841995842,1.008371044663134,False
2014-08-14 22:30:00+00:00,1.0990764108050282,1.742153066528067,1.0729538228614686,False
2014-08-14 23:00:00+00:00,1.1079127306766516,1.720373700623701,1.2257345571536713,False
2014-08-14 23:30:00+00:00,1.3727954265846485,1.616237915800416,1.1637492808478425,False
2014-08-15 00:00:00+00:00,1.109459427654453,1.7921927234927235,1.1098910295230886,False
2014-08-15 00:30:00+00:00,1.2814411072479273,1.6302104989604989,1.0764661998485994,False
2014-08-15 01:00:00+00:00,1.2882470714094678,1.6641909043659044,1.1419148372445116,False
2014-08-15 01:30:00+00:00,1.1945209681733084,1.55972117983368,1.1107213096139288,False
2014-08-15 02:00:00+00:00,1.1210196309173577,1.585956704781705,0.9733624148372444,False
2014-08-15 02:30:00+00:00,1.130373040920032,1.701639319126819,0.9561840272520816,False
2014-08-15 03:00:00+00:00,1.0853442631719712,1.4169514553014555,0.9998428084784252,False
2014-08-15 03:30:00+00:00,1.0828941963091736,1.7591221933471937,1.018164988644966,False
2014-08-15 04:00:00+00:00,1.0828941963091736,1.5820576923076926,0.9481730128690384,False
2014-08-15 04:30:00+00:00,1.1334399037175715,1.658864527027027,0.9245081756245268,False
2014-08-15 05:00:00+00:00,1.0828941963091736,1.0861594854469856,0.9288797123391368,False
2014-08-15 05:30:00+00:00,1.174079860925381,1.4043700363825364,1.2427598788796363,False
2014-08-15 06:00:00+00:00,1.536893233484889,2.9163662681912683,1.1494148750946254,False
2014-08-15 06:30:00+00:00,2.0568008558438087,4.118887084199585,1.7319297501892503,False
2014-08-15 07:00:00+00:00,2.83611684942498,2.267985680873181,3.0165784254352763,False
2014-08-15 07:30:00+00:00,2.712954025140412,4.847905171517672,1.8561126040878124,False
2014-08-15 08:00:00+00:00,4.712991120620487,6.957747115384616,4.14529360333081,False
2014-08-15 08:30:00+00:00,5.750868574485157,6.186652156964658,3.9762383043149128,False
2014-08-15 09:00:00+00:00,4.286521342604974,5.994397011434511,4.347373164269492,False
2014-08-15 09:30:00+00:00,4.992747579566729,6.758526377338877,4.480719795609386,False
2014-08-15 10:00:00+00:00,5.06962797539449,7.833988617463619,4.394024640423921,False
2014-08-15 10:30:00+00:00,4.669238486226264,6.924148882536382,4.63439489023467,False
2014-08-15 11:00:00+00:00,4.836639903717571,7.153904781704783,5.009560143830431,False
2014-08-15 11:30:00+00:00,4.319350494784702,7.327935109147608,4.837636071158213,False
2014-08-15 12:00:00+00:00,4.7930767050013365,7.254389137214138,5.338932286146859,False
2014-08-15 12:30:00+00:00,4.295242337523402,6.77945142931393,4.95484871309614,False
2014-08-15 13:00:00+00:00,4.336020566996523,6.92518957900208,5.368924489023468,False
2014-08-15 13:30:00+00:00,3.582841749130784,6.443634017671519,4.221048902346707,False
2014-08-15 14:00:00+00:00,4.397623642685209,5.487280977130978,4.461250870552612,False
2014-08-15 14:30:00+00:00,4.485281224926451,7.115116995841997,4.445199015897048,False
2014-08-15 15:00:00+00:00,3.843853062316127,4.622825883575883,5.563461619984859,False
2014-08-15 15:30:00+00:00,3.9444432201123294,6.378112006237007,4.120458819076457,False
2014-08-15 16:00:00+00:00,4.887384461085852,5.505147427234928,3.929721271763815,False
2014-08-15 16:30:00+00:00,3.783559802086119,5.465369178794179,3.591195193035579,False
2014-08-15 17:00:00+00:00,4.173785263439423,5.060409485446986,3.453437395912188,False
2014-08-15 17:30:00+00:00,3.1339547472586253,4.565038955301456,3.364799205147615,False
2014-08-15 18:00:00+00:00,2.387796121957743,3.4647043139293143,2.6683926570779715,False
2014-08-15 18:30:00+00:00,1.5805874030489435,2.964000103950104,2.255062566237698,False
2014-08-15 19:00:00+00:00,1.951265659267184,2.953343503118503,1.6506499621498865,False
2014-08-15 19:30:00+00:00,1.42646303824552,2.4131978950103954,1.7625002649507946,False
2014-08-15 20:00:00+00:00,1.0828941963091736,2.4214884355509354,1.4305788796366388,False
2014-08-15 20:30:00+00:00,1.334315378443434,1.7601249220374222,1.4412611279333838,False
2014-08-15 21:00:00+00:00,1.1929191495052152,1.7720388253638253,1.35525757002271,False
2014-08-15 21:30:00+00:00,1.4031637603637337,1.5278962837837835,1.5582443981831946,False
2014-08-15 22:00:00+00:00,1.3124943835250067,1.511906600831601,1.3768400832702496,False
2014-08-15 22:30:00+00:00,1.4582623696175447,1.5894119542619545,1.3068069644208933,False
2014-08-15 23:00:00+00:00,1.0955901310510832,1.5548055353430357,1.163591332323997,False
2014-08-15 23:30:00+00:00,1.5581205402514042,1.4748532224532227,1.3312814912944737,False
2014-08-16 00:00:00+00:00,1.327408531692966,1.216089786902287,1.0331888720666162,False
2014-08-16 00:30:00+00:00,1.159557903182669,1.3400415280665283,1.244761847085541,False
2014-08-16 01:00:00+00:00,1.140440706071142,1.4602053014553016,1.0155820211960636,False
2014-08-16 01:30:00+00:00,1.1539382455201928,1.5260303534303536,0.9312040878122634,False
2014-08-16 02:00:00+00:00,1.219071302487296,1.4526574064449065,1.0195383421650264,False
2014-08-16 02:30:00+00:00,1.1999074351430865,1.480631600831601,1.1069912566237698,False
2014-08-16 03:00:00+00:00,1.13766766515111,1.4836971153846157,0.9376077971233912,False
2014-08-16 03:30:00+00:00,1.162412062048676,1.2084130197505198,1.116534670704012,False
2014-08-16 04:00:00+00:00,1.2579766515110993,1.4501948284823285,0.9649615821347464,False
2014-08-16 04:30:00+00:00,1.126702059374164,1.3681721673596674,1.0064708932626798,False
2014-08-16 05:00:00+00:00,1.0828941963091736,1.586252416839917,1.0666428084784254,False
2014-08-16 05:30:00+00:00,1.1227230008023534,1.7938428794178796,1.413344019682059,False
2014-08-16 06:00:00+00:00,1.89641059106713,2.3087203742203743,1.8491172596517784,False
2014-08-16 06:30:00+00:00,2.729245974859588,3.085197271309772,2.178722672218017,False
2014-08-16 07:00:00+00:00,3.48311142016582,4.397645322245323,3.4015140045420136,False
2014-08-16 07:30:00+00:00,3.3309516715699385,4.562602494802496,3.4727281604844813,False
2014-08-16 08:00:00+00:00,1.9154803958277615,4.743644724532225,2.924536336109008,False
2014-08-16 08:30:00+00:00,4.618462717304093,4.769739033264034,4.7907931869795615,False
2014-08-16 09:00:00+00:00,3.322431639475796,4.221673778586279,3.0157115064345192,False
2014-08-16 09:30:00+00:00,3.383748114469109,4.485425675675676,3.554056964420893,False
2014-08-16 10:00:00+00:00,3.270060497459214,4.824610005197505,3.631769530658592,False
2014-08-16 10:30:00+00:00,3.863830516180797,4.340675103950105,2.8542991672975018,False
2014-08-16 11:00:00+00:00,3.725624605509495,4.548040228690229,3.5536143073429223,False
2014-08-16 11:30:00+00:00,2.941428002139609,4.158229911642413,2.9299601816805447,False
2014-08-16 12:00:00+00:00,3.4731714897031294,4.950694568607069,3.4755320211960634,False
2014-08-16 12:30:00+00:00,2.9325983418026214,4.97383380977131,4.321307532172596,False
2014-08-16 13:00:00+00:00,2.830759133458144,5.287483627858628,3.682556964420893,False
2014-08-16 13:30:00+00:00,1.7410828563787106,4.484148986486487,3.0526609008327017,False
2014-08-16 14:00:00+00:00,2.97974239101364,4.418473050935551,3.2482433762301284,False
2014-08-16 14:30:00+00:00,4.71838341802621,3.204914734927235,3.3784428463285385,False
2014-08-16 15:00:00+00:00,3.4745999732548807,4.551656522869023,3.439452081756245,False
2014-08-16 15:30:00+00:00,3.884762182401712,4.433910031185032,1.887343338380015,False
2014-08-16 16:00:00+00:00,3.852987055362396,4.624745166320166,2.77643262679788,False
2014-08-16 16:30:00+00:00,2.409398716234288,3.1116660343035343,2.0382021953065856,False
2014-08-16 17:00:00+00:00,1.6796829901043058,4.03388050935551,2.243303217259652,False
2014-08-16 17:30:00+00:00,2.279272933939556,3.0004243503118504,2.067004806964421,False
2014-08-16 18:00:00+00:00,1.82168831238299,2.6581406185031184,1.5576470476911428,False
2014-08-16 18:30:00+00:00,1.7905578496924313,2.4191829521829527,1.6209264572293716,False
2014-08-16 19:00:00+00:00,1.5895920299545332,2.372144178794179,1.4567321347464042,False
2014-08-16 19:30:00+00:00,1.6377721048408669,2.0665641112266115,1.2435519303557911,False
2014-08-16 20:00:00+00:00,1.4357464830168494,1.5792601871101872,1.1768194549583646,False
2014-08-16 20:30:00+00:00,1.3191396897566192,1.6055716216216218,1.2620236941710825,False
2014-08-16 21:00:00+00:00,1.0828941963091736,1.385786148648649,1.1652550719152155,False
2014-08-16 21:30:00+00:00,1.2741445841133994,1.2430317567567568,1.1522509841029522,False
2014-08-16 22:00:00+00:00,1.331898288312383,1.1715511954261957,1.199545533686601,False
2014-08-16 22:30:00+00:00,1.3079466167424445,1.1169072245322245,1.1992839137017408,False
2014-08-16 23:00:00+00:00,1.113240438619952,1.2244262993762995,1.0606693414080242,False
2014-08-16 23:30:00+00:00,1.2615005081572612,1.406125103950104,1.024596442089326,False
2014-08-17 00:00:00+00:00,1.1283521529820808,1.485354054054054,1.0297744511733535,False
2014-08-17 00:30:00+00:00,1.0889045466702327,1.3059952962577963,0.9245596517789552,False
2014-08-17 01:00:00+00:00,1.0838060711420163,1.1361262993762995,0.9882551854655562,False
2014-08-17 01:30:00+00:00,1.1130702059374165,1.5209415540540543,0.996409084027252,False
2014-08-17 02:00:00+00:00,1.2402367477935277,1.4840682432432435,0.9634536336109008,False
2014-08-17 02:30:00+00:00,1.10071738432736,1.5506600831600832,1.1237807342922028,False
2014-08-17 03:00:00+00:00,1.1501207007221184,1.3821137474012477,0.9388201741105224,False
2014-08-17 03:30:00+00:00,1.180385798341803,1.5299374220374222,0.937962036336109,False
2014-08-17 04:00:00+00:00,1.1296883391281092,1.462162551975052,0.9527395155185464,False
2014-08-17 04:30:00+00:00,1.160065712757422,1.4941119022869025,0.92488720666162,False
2014-08-17 05:00:00+00:00,1.1010750200588393,1.4644549896049897,0.960650757002271,False
2014-08-17 05:30:00+00:00,1.092783230810377,1.567170841995842,1.0556517411052233,False
2014-08-17 06:00:00+00:00,1.2791651243648032,2.031710369022869,1.3232260030280087,False
2014-08-17 06:30:00+00:00,1.945176410805028,3.213968840956341,1.6583284632853896,False
2014-08-17 07:00:00+00:00,2.2143780422572883,4.474059667359668,2.9469010219530656,False
2014-08-17 07:30:00+00:00,2.263935250066863,3.511311512474013,1.4443040121120363,False
2014-08-17 08:00:00+00:00,2.0876161540518856,4.802227182952183,3.1215040499621494,False
2014-08-17 08:30:00+00:00,3.539417223856646,4.144661174636175,3.1111428841786526,False
2014-08-17 09:00:00+00:00,2.937096977801551,4.534572453222453,2.8624339137017407,False
2014-08-17 09:30:00+00:00,3.2535277346884195,5.335577027027028,2.566056207418622,False
2014-08-17 10:00:00+00:00,3.2685664883658734,4.758686070686072,2.834394587433762,False
2014-08-17 10:30:00+00:00,3.520323615940091,4.809334277546777,2.53366866010598,False
2014-08-17 11:00:00+00:00,2.689252794864937,4.333269438669439,2.5001607494322475,False
2014-08-17 11:30:00+00:00,2.728203557100829,4.4134740644490655,2.5722721423164265,False
2014-08-17 12:00:00+00:00,1.149488071676919,4.368147791060292,3.0491517789553364,False
2014-08-17 12:30:00+00:00,2.154474966568601,4.2840706340956345,2.63145991672975,False
2014-08-17 13:00:00+00:00,1.4127095480074887,5.750066761954262,2.6657598788796366,False
2014-08-17 13:30:00+00:00,1.959394784701792,4.74279274948025,3.285727441332324,False
2014-08-17 14:00:00+00:00,3.079439181599358,5.062638331600832,3.66066044663134,False
2014-08-17 14:30:00+00:00,1.8671261567263973,3.102206834719335,1.6312367146101436,False
2014-08-17 15:00:00+00:00,2.584374913078363,4.044382198544699,2.564435957607873,False
2014-08-17 15:30:00+00:00,3.056948194704466,5.2497003118503125,2.370944398183194,False
2014-08-17 16:00:00+00:00,2.730191414816796,4.509404885654886,2.577457229371688,False
2014-08-17 16:30:00+00:00,2.439695159133458,4.439165930353431,2.6650663890991675,False
2014-08-17 17:00:00+00:00,2.276973067665151,3.772651741164241,2.4798538228614686,False
2014-08-17 17:30:00+00:00,2.068114469109388,3.607865436590437,1.2451362982588947,False
2014-08-17 18:00:00+00:00,1.227492029954533,2.87453814968815,1.5059867903103707,False
2014-08-17 18:30:00+00:00,1.158272853704199,2.7293568087318087,1.3499447388342165,False
2014-08-17 19:00:00+00:00,1.65475950788981,2.417100441787942,1.4749704012112037,False
2014-08-17 19:30:00+00:00,1.1567754212356247,2.7677516632016634,1.257643338380015,False
2014-08-17 20:00:00+00:00,1.1057618079700455,1.963456730769231,1.2957866389099169,False
2014-08-17 20:30:00+00:00,1.1193685477400377,1.7029892671517677,1.0221358819076458,False
2014-08-17 21:00:00+00:00,1.1250266381385396,1.556493607068607,1.2729954201362603,False
2014-08-17 21:30:00+00:00,1.0828941963091736,1.7524457900207904,0.9546599545798636,False
2014-08-17 22:00:00+00:00,1.187228964963894,2.0776373180873184,1.0872543149129448,False
2014-08-17 22:30:00+00:00,1.1843037978069004,1.6413606288981293,1.23318955336866,False
2014-08-17 23:00:00+00:00,1.1202296603369886,1.623422245322245,1.1611186222558667,False
2014-08-17 23:30:00+00:00,1.163488446108585,1.497108341995842,1.1667673732021195,False
2014-08-18 00:00:00+00:00,1.384874592136935,1.4177779885654886,0.9612465177895534,False
2014-08-18 00:30:00+00:00,1.0905602032629045,1.5083869022869023,0.9665997350492052,False
2014-08-18 01:00:00+00:00,1.2422665953463494,1.4715025467775469,1.0221096517789552,False
2014-08-18 01:30:00+00:00,1.1000773468841936,1.156558238045738,1.1527773277819833,False
2014-08-18 02:00:00+00:00,1.0828941963091736,1.2526678794178796,0.9208900832702498,False
2014-08-18 02:30:00+00:00,1.228401658197379,1.6385116164241167,0.9826194549583648,False
2014-08-18 03:00:00+00:00,1.1512092538111791,1.6917012993762994,0.9938947388342164,False
2014-08-18 03:30:00+00:00,1.0936036373361862,1.4906470114345114,0.9540667676003028,False
2014-08-18 04:00:00+00:00,1.094186172773469,1.50446696985447,1.0678934897804693,False
2014-08-18 04:30:00+00:00,1.0828941963091736,1.6754305093555095,1.000911506434519,False
2014-08-18 05:00:00+00:00,1.1278700989569403,1.6698749480249482,1.185772634367903,False
2014-08-18 05:30:00+00:00,1.0828941963091736,1.6272508316008318,1.019389629068887,False
2014-08-18 06:00:00+00:00,1.1872955068200053,1.965895452182952,1.3687407645722938,False
2014-08-18 06:30:00+00:00,1.7153047606311846,2.3467740904365906,1.5866252838758517,False
2014-08-18 07:00:00+00:00,1.5118519657662477,2.482058497920998,1.649689212717638,False
2014-08-18 07:30:00+00:00,1.5556598288312384,2.489546153846154,2.0593531415594244,False
2014-08-18 08:00:00+00:00,2.205230088258893,4.07303432952183,2.3940197956093865,False
2014-08-18 08:30:00+00:00,2.5536624231077827,3.316678326403326,2.2804580242240724,False
2014-08-18 09:00:00+00:00,2.9354315592404387,4.596588461538462,2.8826676760030283,False
2014-08-18 09:30:00+00:00,3.085905509494517,5.085094672557173,2.3370474261922785,False
2014-08-18 10:00:00+00:00,2.641320941428189,5.7729376819126825,2.224964647993944,False
2014-08-18 10:30:00+00:00,2.772734046536508,5.256482874220374,2.7209294095382286,False
2014-08-18 11:00:00+00:00,2.66361577962022,4.7072183991684,2.531199735049205,False
2014-08-18 11:30:00+00:00,3.067217143621289,4.836593607068608,2.266308667676003,False
2014-08-18 12:00:00+00:00,2.532146376036373,4.880476481288982,2.838875473126419,False
2014-08-18 12:30:00+00:00,2.7402515110992245,4.438805795218295,3.275135844057532,False
2014-08-18 13:00:00+00:00,3.481340813051617,5.35217260914761,3.29934647993944,False
2014-08-18 13:30:00+00:00,2.285234207007221,5.058372687110188,2.0380511355034066,False
2014-08-18 14:00:00+00:00,2.5844998662744048,4.600804911642412,2.7986194549583647,False
2014-08-18 14:30:00+00:00,2.3447762770794327,3.0326921777546776,3.0063942467827403,False
2014-08-18 15:00:00+00:00,2.819728403316395,4.710582900207901,2.5011360711582133,False
2014-08-18 15:30:00+00:00,2.512570794330035,5.128399012474014,3.0798135124905373,False
2014-08-18 16:00:00+00:00,2.5424701524471787,4.642692463617464,2.873497312641937,False
2014-08-18 16:30:00+00:00,2.508603664081305,4.252454521829522,1.835345344436033,False
2014-08-18 17:00:00+00:00,2.449080181866809,4.185071517671518,2.211899091597275,False
2014-08-18 17:30:00+00:00,1.9940304626905592,3.5463546257796263,1.7017621877365632,False
2014-08-18 18:00:00+00:00,2.1801606846750468,3.03622195945946,1.3134728614685844,False
2014-08-18 18:30:00+00:00,1.1796531425514842,2.7654698284823285,1.3238548069644205,False
2014-08-18 19:00:00+00:00,1.5284283498261568,2.3131779625779627,1.326230658591976,False
2014-08-18 19:30:00+00:00,1.2594537844343408,2.421362811850312,1.240459424678274,False
2014-08-18 20:00:00+00:00,1.0828941963091736,1.8183941787941789,1.2247491294473882,False
2014-08-18 20:30:00+00:00,1.1292195239368814,2.0171766632016634,1.1192763436790312,False
2014-08-18 21:00:00+00:00,1.4423300615137735,1.968276507276508,1.2555136638909916,False
2014-08-18 21:30:00+00:00,1.2467006151377371,1.7052077442827445,1.1517007948523843,False
2014-08-18 22:00:00+00:00,1.3018771329232417,1.7005807172557172,1.1830523845571537,False
2014-08-18 22:30:00+00:00,1.139056191495052,1.7129946465696466,1.179836752460257,False
2014-08-18 23:00:00+00:00,1.5409389676384062,2.0981269750519758,0.934087698713096,False
2014-08-18 23:30:00+00:00,1.2271088793795133,1.8783021569646567,1.038118433005299,False
2014-08-19 00:00:00+00:00,1.1566003476865472,1.9063035862785864,0.9572383043149127,False
2014-08-19 00:30:00+00:00,1.1057480609788712,1.7387301715176715,0.9483538228614684,False
2014-08-19 01:00:00+00:00,1.1106222786841402,1.5846911122661125,1.0961124148372443,False
2014-08-19 01:30:00+00:00,1.2285496924311312,1.776914527027027,0.9429366389099167,False
2014-08-19 02:00:00+00:00,1.1602851832040653,1.7216764033264034,0.9295472747918244,False
2014-08-19 02:30:00+00:00,1.2252091468307034,1.6483806652806654,1.1604028009084026,False
2014-08-19 03:00:00+00:00,1.0925274939823482,1.411349948024948,0.984684595003785,False
2014-08-19 03:30:00+00:00,1.24158967638406,1.5573227910602911,0.922710598031794,False
2014-08-19 04:00:00+00:00,1.1070415619149503,1.5160766372141374,1.0324167676003029,False
2014-08-19 04:30:00+00:00,1.2532003209414282,1.882302208939709,0.922710598031794,False
2014-08-19 05:00:00+00:00,1.095340920032094,1.4576915540540545,0.9914242997728993,False
2014-08-19 05:30:00+00:00,1.1899050280823749,1.95424721933472,1.0808584784254351,False
2014-08-19 06:00:00+00:00,1.419998849959882,1.7867819386694388,1.3376204012112036,False
2014-08-19 06:30:00+00:00,1.5870026477667825,2.1611812110187114,1.5399442089326267,False
2014-08-19 07:00:00+00:00,1.90067419096015,2.7073014553014554,1.87296514004542,False
2014-08-19 07:30:00+00:00,2.2533485691361324,3.272721361746362,2.2641194549583648,False
2014-08-19 08:00:00+00:00,2.9198968173308373,4.180415202702704,2.585638947766843,False
2014-08-19 08:30:00+00:00,3.388761192832308,4.75790524948025,3.366956283118849,False
2014-08-19 09:00:00+00:00,4.62768341802621,5.353013253638254,4.029964420893262,False
2014-08-19 09:30:00+00:00,4.917003958277614,6.088171257796258,4.177296782740348,False
2014-08-19 10:00:00+00:00,5.6548492110189885,5.963890124740125,4.589678728236184,False
2014-08-19 10:30:00+00:00,4.999658170633859,6.594691891891893,4.584364761544284,False
2014-08-19 11:00:00+00:00,4.20414755282161,6.495236720374221,4.788281415594247,False
2014-08-19 11:30:00+00:00,5.897368494249799,7.586689968814969,5.2036522710068125,False
2014-08-19 12:00:00+00:00,5.5961491842738695,6.972540306652808,5.205659992429978,False
2014-08-19 12:30:00+00:00,5.143885370419898,7.343769724532225,5.166512301286904,False
2014-08-19 13:00:00+00:00,5.930045627173041,6.770742749480249,6.103927214231643,False
2014-08-19 13:30:00+00:00,4.398131585985557,7.291247765072766,4.824890310370931,False
2014-08-19 14:00:00+00:00,4.64154648301685,5.78696275987526,5.7101591975775925,False
2014-08-19 14:30:00+00:00,6.491345439957208,5.818171933471934,5.137224224072671,False
2014-08-19 15:00:00+00:00,4.796965258090398,6.1128678534303535,4.024495760787282,False
2014-08-19 15:30:00+00:00,3.4574982883123826,5.655720322245323,3.1726746025738075,False
2014-08-19 16:00:00+00:00,2.9903448783097084,4.937433913721415,4.814335654806964,False
2014-08-19 16:30:00+00:00,3.881187830970848,4.9933125,3.538801930355791,False
2014-08-19 17:00:00+00:00,2.851661700989569,3.3551205301455305,3.16262910673732,False
2014-08-19 17:30:00+00:00,3.3601303557100826,3.6692255457380463,2.785229447388342,False
2014-08-19 18:00:00+00:00,2.5596405723455478,2.716194048856549,2.355764004542013,False
2014-08-19 18:30:00+00:00,2.07339566729072,2.7312510135135137,2.008463285389856,False
2014-08-19 19:00:00+00:00,1.703290104305964,2.5576725051975058,1.8807731642694927,False
2014-08-19 19:30:00+00:00,1.4228535169831509,2.2555785602910605,1.670349886449659,False
2014-08-19 20:00:00+00:00,1.182076410805028,2.1105188669438677,1.4064125662376985,False
2014-08-19 20:30:00+00:00,1.337471168761701,2.219764475051975,1.6752130961392884,False
2014-08-19 21:00:00+00:00,1.2888781759828831,2.2235907744282746,1.7237908024224071,False
2014-08-19 21:30:00+00:00,1.3371707943300348,2.167580327442828,1.4567794095382285,False
2014-08-19 22:00:00+00:00,1.311630810377106,2.0358410862785865,1.2805147993943982,False
2014-08-19 22:30:00+00:00,1.2321176517785504,2.050485524948025,1.6295362982588946,False
2014-08-19 23:00:00+00:00,1.0828941963091736,1.7817861486486488,1.453199772899319,False
2014-08-19 23:30:00+00:00,1.2610802621021662,1.5785557692307697,1.541017524602574,False
2014-08-20 00:00:00+00:00,1.0828941963091736,1.6102515592515594,1.311710257380772,False
2014-08-20 00:30:00+00:00,1.12813696175448,1.66765012993763,1.1666970855412566,False
2014-08-20 01:00:00+00:00,1.1446200855843809,1.5773408004158007,1.1278807721423163,False
2014-08-20 01:30:00+00:00,1.2549044129446376,1.1625632536382535,1.1603643451930357,False
2014-08-20 02:00:00+00:00,1.187681438887403,1.2584683212058212,1.121873391370174,False
2014-08-20 02:30:00+00:00,1.0828941963091736,1.4969392931392933,1.1587752081756246,False
2014-08-20 03:00:00+00:00,1.269135891949719,1.5705122401247404,1.1941967070401212,False
2014-08-20 03:30:00+00:00,1.0828941963091736,1.225243788981289,1.178204617713853,False
2014-08-20 04:00:00+00:00,1.1468938486226263,1.5438554054054054,0.9881216881150644,False
2014-08-20 04:30:00+00:00,1.2036502808237497,1.1324200623700622,0.9924297501892504,False
2014-08-20 05:00:00+00:00,1.0975284568066328,1.3759468035343037,1.083906056018168,False
2014-08-20 05:30:00+00:00,1.0828941963091736,1.3798971413721417,1.0036831945495834,False
2014-08-20 06:00:00+00:00,1.2237719176250332,1.7577486226611228,1.4377347464042392,False
2014-08-20 06:30:00+00:00,1.6965327092805562,2.6798202702702705,2.1265245647236943,False
2014-08-20 07:00:00+00:00,2.9049497191762503,3.2797708419958425,2.820200832702498,False
2014-08-20 07:30:00+00:00,3.040984621556566,2.817854417879418,1.845602800908403,False
2014-08-20 08:00:00+00:00,3.791386359989302,3.8996390332640334,3.279250189250568,False
2014-08-20 08:30:00+00:00,3.54451930997593,3.807036278586279,4.311015404996215,False
2014-08-20 09:00:00+00:00,4.786845948114468,3.902425,3.168979825889477,False
2014-08-20 09:30:00+00:00,3.5725831238299013,3.665821673596674,3.2765870552611656,False
2014-08-20 10:00:00+00:00,4.173567638405991,2.7187990644490645,3.495177441332324,False
2014-08-20 10:30:00+00:00,3.682892003209415,3.5570869542619543,3.240637282361847,False
2014-08-20 11:00:00+00:00,3.513132334848889,3.397773102910603,3.088485616956851,False
2014-08-20 11:30:00+00:00,3.564299491842738,3.904846673596674,3.3533384935654804,False
2014-08-20 12:00:00+00:00,3.9851875100294194,3.839955535343035,2.899337017411052,False
2014-08-20 12:30:00+00:00,3.0173189087991443,3.9179295997921,3.680896896290689,False
2014-08-20 13:00:00+00:00,5.033576464295266,3.2734330561330567,3.794046025738077,False
2014-08-20 13:30:00+00:00,3.853837496656861,4.839273908523909,3.685835049205148,False
2014-08-20 14:00:00+00:00,2.626678069002407,4.443659485446986,3.418936411809235,False
2014-08-20 14:30:00+00:00,4.2305121422840335,2.481575493762994,4.066226608629825,False
2014-08-20 15:00:00+00:00,3.219458571810644,4.073066995841996,2.686477441332324,False
2014-08-20 15:30:00+00:00,2.849603637336186,3.616028976091476,2.769808894776685,False
2014-08-20 16:00:00+00:00,3.721030088258893,1.8254597972972968,4.067179598788797,False
2014-08-20 16:30:00+00:00,2.511771329232415,1.7966887474012476,2.949411695685087,False
2014-08-20 17:00:00+00:00,3.0597290986894894,3.3952544698544704,2.29170522331567,False
2014-08-20 17:30:00+00:00,2.688183257555496,2.237885576923077,1.9729597274791824,False
2014-08-20 18:00:00+00:00,2.156610189890345,2.0362522869022874,1.6702120363361088,False
2014-08-20 18:30:00+00:00,1.755859668360524,1.81656658004158,1.6570538985616956,False
2014-08-20 19:00:00+00:00,1.3594990639208344,1.1702102910602912,1.4598283118849358,False
2014-08-20 19:30:00+00:00,1.2099464027814923,1.0861594854469856,1.3358051097653292,False
2014-08-20 20:00:00+00:00,1.2649798876705,1.4341345114345116,1.3604093111279334,False
2014-08-20 20:30:00+00:00,1.3631787643755011,1.5417079261954263,1.3271761922785767,False
2014-08-20 21:00:00+00:00,1.498417036640813,1.4578206600831602,1.2161369795609385,False
2014-08-20 21:30:00+00:00,1.0994940625835783,1.443625311850312,1.221106888720666,False
2014-08-20 22:00:00+00:00,1.0828941963091736,1.4166531964656963,1.0726830431491294,False
2014-08-20 22:30:00+00:00,1.2987481947044663,1.542804521829522,0.994091408024224,False
2014-08-20 23:00:00+00:00,1.1577174913078363,1.6520953742203746,1.0210701362604089,False
2014-08-20 23:30:00+00:00,1.161051002941963,1.5874930353430354,0.9544829295987888,False
2014-08-21 00:00:00+00:00,1.2867016047071411,1.3911848232848234,1.0912671839515518,False
2014-08-21 00:30:00+00:00,1.1380929927788177,1.180508783783784,1.000547388342165,False
2014-08-21 01:00:00+00:00,1.0868345012035303,1.392539345114345,0.9290325889477667,False
2014-08-21 01:30:00+00:00,1.1210932869751271,1.2256187110187111,1.0645062074186222,False
2014-08-21 02:00:00+00:00,1.229649398234822,1.3707463617463618,0.922710598031794,False
2014-08-21 02:30:00+00:00,1.1277295801016314,1.1575119542619543,1.0997835352006056,False
2014-08-21 03:00:00+00:00,1.145311821342605,1.3059025727650728,0.9177168811506432,False
2014-08-21 03:30:00+00:00,1.0987912543460818,1.1815214397089395,0.922710598031794,False
2014-08-21 04:00:00+00:00,1.0851638138539716,1.2710683991683993,0.922710598031794,False
2014-08-21 04:30:00+00:00,1.0969784434340732,1.4116326143451146,0.9378392505677516,False
2014-08-21 05:00:00+00:00,1.0828941963091736,1.2846175935550936,1.0198923542770628,False
2014-08-21 05:30:00+00:00,1.1598266916287778,1.0861594854469856,1.135477781983346,False
2014-08-21 06:00:00+00:00,1.2332480074886332,1.591729106029106,1.4051135881907644,False
2014-08-21 06:30:00+00:00,1.346806846750468,2.478508575883576,1.7248417865253594,False
2014-08-21 07:00:00+00:00,3.0132210484086657,4.060243009355509,2.474801021953066,False
2014-08-21 07:30:00+00:00,2.7356669430328964,2.8016125,1.0835588947766843,False
2014-08-21 08:00:00+00:00,2.5597405188553086,3.5770100311850315,2.602651249053747,False
2014-08-21 08:30:00+00:00,1.9888772666488368,2.7017791320166324,2.588128955336866,False
2014-08-21 09:00:00+00:00,1.6823219309975932,3.791294568607069,2.464341559424678,False
2014-08-21 09:30:00+00:00,2.6452873495587057,3.923882042619543,2.4878478425435278,False
2014-08-21 10:00:00+00:00,2.436751778550415,3.081537941787942,2.7739839894019678,False
2014-08-21 10:30:00+00:00,2.4324047071409467,3.9416701663201663,2.63006449659349,False
2014-08-21 11:00:00+00:00,2.5705707140946776,3.1810831340956343,2.41814829674489,False
2014-08-21 11:30:00+00:00,3.0791875367745383,4.17687655925156,2.722922558667676,False
2014-08-21 12:00:00+00:00,2.110151805295533,3.2588275467775474,1.8944371309613928,False
2014-08-21 12:30:00+00:00,2.0376428724257822,3.112998336798337,2.2713528009084025,False
2014-08-21 13:00:00+00:00,4.150018026210216,3.974902312889813,3.595109803179409,False
2014-08-21 13:30:00+00:00,1.9197981010965497,4.116408549896049,2.219789061317184,False
2014-08-21 14:00:00+00:00,2.412711928323081,4.0433110446985445,1.893736941710825,False
2014-08-21 14:30:00+00:00,2.1352290451992517,2.869378612266112,2.588728349735049,False
2014-08-21 15:00:00+00:00,1.904344370152447,3.3149470374220376,3.2313240348221046,False
2014-08-21 15:30:00+00:00,1.626474832843006,5.286152988565489,1.8315179409538227,False
2014-08-21 16:00:00+00:00,2.399896549879647,4.094471491683992,2.847835654806964,False
2014-08-21 16:30:00+00:00,2.7214295533565127,4.405940514553015,1.8558353141559425,False
2014-08-21 17:00:00+00:00,2.660332548809842,3.971769646569647,1.7090593489780468,False
2014-08-21 17:30:00+00:00,1.9581096282428456,2.648824844074844,1.818489969719909,False
2014-08-21 18:00:00+00:00,1.9411770259427656,2.261405171517672,1.722860749432248,False
2014-08-21 18:30:00+00:00,1.379432120887938,1.784175883575884,1.3027098031794095,False
2014-08-21 19:00:00+00:00,1.5978353570473387,2.0027968814968817,1.3307914458743375,False
2014-08-21 19:30:00+00:00,1.23525897298743,1.6876020010395012,1.209696707040121,False
2014-08-21 20:00:00+00:00,1.1582910136400106,1.746151065488566,1.1250705526116578,False
2014-08-21 20:30:00+00:00,1.2402599090665951,1.8556607328482333,0.9271228236184708,False
2014-08-21 21:00:00+00:00,1.1432329499866274,1.726843581081081,1.0020691521574565,False
2014-08-21 21:30:00+00:00,1.0828941963091736,1.7423367203742206,0.9480331188493564,False
2014-08-21 22:00:00+00:00,1.0828941963091736,1.722070764033264,0.960142922028766,False
2014-08-21 22:30:00+00:00,1.1671800748863332,1.8862221673596675,0.9766103330809992,False
2014-08-21 23:00:00+00:00,1.2367634929125435,1.7914881756756758,1.0627907645722938,False
2014-08-21 23:30:00+00:00,1.0828941963091736,1.3785735187110189,0.9861321347464042,False
2014-08-22 00:00:00+00:00,1.085659374164215,1.5819790020790023,1.0947225208175624,False
2014-08-22 00:30:00+00:00,1.2327468307033964,1.146327988565489,0.9373204390613172,False
2014-08-22 01:00:00+00:00,1.2249108852634394,1.186752390852391,0.9721898561695684,False
2014-08-22 01:30:00+00:00,1.2002897566194168,1.5395163461538464,0.922710598031794,False
2014-08-22 02:00:00+00:00,1.166899946509762,1.2704156185031186,0.943152271006813,False
2014-08-22 02:30:00+00:00,1.099284728537042,1.5894279106029108,0.9685549962149886,False
2014-08-22 03:00:00+00:00,1.295222225193902,1.0861594854469856,0.922710598031794,False
2014-08-22 03:30:00+00:00,1.211720272800214,1.4785360446985447,0.987371461014383,False
2014-08-22 04:00:00+00:00,1.203825434608184,1.4049077442827445,0.9843702498107494,False
2014-08-22 04:30:00+00:00,1.1661454399572078,1.379937551975052,0.922710598031794,False
2014-08-22 05:00:00+00:00,1.1324470981545869,1.199862811850312,0.922710598031794,False
2014-08-22 05:30:00+00:00,1.0828941963091736,1.0998720114345115,1.1356460635881906,False
2014-08-22 06:00:00+00:00,1.1796064990639208,2.443324948024948,1.443259084027252,False
2014-08-22 06:30:00+00:00,1.2990876972452527,3.1010565748440757,1.8701865632096897,False
2014-08-22 07:00:00+00:00,2.02203776410805,4.854871985446986,2.3574612414837244,False
2014-08-22 07:30:00+00:00,3.0933552019256485,3.5331507016632018,1.5402772899318695,False
2014-08-22 08:00:00+00:00,3.049113640010698,5.304637422037423,3.8826279712339136,False
2014-08-22 08:30:00+00:00,3.957794597485959,5.118841554054054,2.180360333080999,False
2014-08-22 09:00:00+00:00,2.414664589462423,6.029075623700624,4.169900794852384,False
2014-08-22 09:30:00+00:00,4.966807515378443,5.904302676715177,4.346279068887206,False
2014-08-22 10:00:00+00:00,4.931050842471249,6.886578534303535,4.640402649507949,False
2014-08-22 10:30:00+00:00,4.620729098689489,6.663335576923077,5.22610821347464,False
2014-08-22 11:00:00+00:00,4.833297165017385,6.295030145530146,4.908292051476154,False
2014-08-22 11:30:00+00:00,5.738657475260765,6.795022583160083,5.262315594246783,False
2014-08-22 12:00:00+00:00,5.009080903985023,6.258401767151767,3.433862869038607,False
2014-08-22 12:30:00+00:00,5.149223241508424,6.191982380457381,4.3554639666919,False
2014-08-22 13:00:00+00:00,4.316682776143353,7.0617818087318085,5.480275927327782,False
2014-08-22 13:30:00+00:00,4.094486520460016,6.894046829521829,5.081575359576078,False
2014-08-22 14:00:00+00:00,4.824557929927788,6.358720504158004,4.944699015897047,False
2014-08-22 14:30:00+00:00,6.204454854239101,6.376268425155926,5.08367388342165,False
2014-08-22 15:00:00+00:00,3.992439181599358,6.216372817047817,5.0049826646479945,False
2014-08-22 15:30:00+00:00,5.423896335918695,5.65493523908524,4.427540423921271,False
2014-08-22 16:00:00+00:00,4.3754275474725866,6.11762577962578,4.527738417865254,False
2014-08-22 16:30:00+00:00,4.469727360256753,5.017807302494803,3.764321801665405,False
2014-08-22 17:00:00+00:00,3.511918079700454,4.597531678794179,3.6998032929598783,False
2014-08-22 17:30:00+00:00,3.250281144691094,4.26673827962578,3.484273618470856,False
2014-08-22 18:00:00+00:00,2.669757421770527,3.122591060291061,2.466973050719152,False
2014-08-22 18:30:00+00:00,1.7286211286440225,2.5367415540540543,2.097616767600303,False
2014-08-22 19:00:00+00:00,1.390928911473656,2.290471543659044,2.018909689629069,False
2014-08-22 19:30:00+00:00,1.318624979941161,2.207348804573805,1.8119623391370168,False
2014-08-22 20:00:00+00:00,1.381161085851832,2.3460838097713097,1.4815570022710067,False
2014-08-22 20:30:00+00:00,1.2512665151109923,2.3139182692307694,1.509162906888721,False
2014-08-22 21:00:00+00:00,1.136400213960952,2.395292723492724,1.1779127176381528,False
2014-08-22 21:30:00+00:00,1.278658117143621,2.239161070686071,1.3106126797880393,False
2014-08-22 22:00:00+00:00,1.2525176250334311,2.1283741943866947,1.4455086298258892,False
2014-08-22 22:30:00+00:00,1.0884664616207542,1.8126363305613309,1.4892790310370931,False
2014-08-22 23:00:00+00:00,1.1529755282161005,2.048702468814969,1.3755898561695683,False
2014-08-22 23:30:00+00:00,1.275710564322011,1.798127104989605,1.3814588947766844,False
2014-08-23 00:00:00+00:00,1.136494971917625,1.4712348752598754,0.9472787282361848,False
2014-08-23 00:30:00+00:00,1.119491521797272,1.9088138773388776,1.0022498485995457,False
2014-08-23 01:00:00+00:00,1.266139101364001,1.800943762993763,1.063021385314156,False
2014-08-23 01:30:00+00:00,1.1779067665151108,1.7535664760914762,1.0661952308856928,False
2014-08-23 02:00:00+00:00,1.1968022733351165,1.7729631496881495,1.2374324375473127,False
2014-08-23 02:30:00+00:00,1.125498502273335,1.6311360966735966,1.0379714231642694,False
2014-08-23 03:00:00+00:00,1.1073946242310777,1.5195588617463618,1.0105725965177896,False
2014-08-23 03:30:00+00:00,1.1814565391815992,1.6087469854469856,0.9505461771385312,False
2014-08-23 04:00:00+00:00,1.0866907194437014,1.685808004158004,1.18896514004542,False
2014-08-23 04:30:00+00:00,1.14516087189088,1.486970712058212,1.178395533686601,False
2014-08-23 05:00:00+00:00,1.0828941963091736,1.1220533264033266,1.013959576078728,False
2014-08-23 05:30:00+00:00,1.1398974057234554,1.1693268711018712,1.1490810749432248,False
2014-08-23 06:00:00+00:00,1.5221359186948382,2.419831548856549,1.4590970098410294,False
2014-08-23 06:30:00+00:00,2.4505406793260227,2.74548264033264,2.432398145344436,False
2014-08-23 07:00:00+00:00,2.6727614067932604,4.143866112266113,2.9791854655563967,False
2014-08-23 07:30:00+00:00,3.0217961219577427,2.4236243762993763,1.958845117335352,False
2014-08-23 08:00:00+00:00,3.880926878844611,5.439686408523909,3.5396005677517026,False
2014-08-23 08:30:00+00:00,3.5168702326825354,4.299387993762994,3.5482950037850114,False
2014-08-23 09:00:00+00:00,2.859823696175448,3.6005036382536386,3.932499053747161,False
2014-08-23 09:30:00+00:00,4.247713372559508,4.319621855509356,3.504054882664648,False
2014-08-23 10:00:00+00:00,3.777895961487028,3.6958224792099794,3.356284292202876,False
2014-08-23 10:30:00+00:00,3.8894364535972175,4.072311746361747,3.544879144587434,False
2014-08-23 11:00:00+00:00,2.814337175715432,3.9710925415800418,3.653822293716881,False
2014-08-23 11:30:00+00:00,4.377756619416956,3.702017255717256,3.343245722937169,False
2014-08-23 12:00:00+00:00,4.087016956405456,3.5303944126819133,2.432942354277063,False
2014-08-23 12:30:00+00:00,3.022281358652046,4.009970738045738,3.642923542770629,False
2014-08-23 13:00:00+00:00,3.175531211553892,3.1239042359667364,4.313252952308857,False
2014-08-23 13:30:00+00:00,2.707701444236427,3.477073726611227,3.3711300151400447,False
2014-08-23 14:00:00+00:00,3.8893518587857714,2.376058575883576,3.4741887963663887,False
2014-08-23 14:30:00+00:00,2.944408077025942,3.202033316008316,4.075093338380015,False
2014-08-23 15:00:00+00:00,4.205781305161808,3.4963893711018708,3.3764028387585165,False
2014-08-23 15:30:00+00:00,2.7360212356244986,5.391605353430354,2.8133378122634367,False
2014-08-23 16:00:00+00:00,1.7772769189622897,2.8570988045738046,3.406647615442846,False
2014-08-23 16:30:00+00:00,3.2247928055629846,3.868389007276507,2.359473126419379,False
2014-08-23 17:00:00+00:00,2.4847535704733885,3.0201576143451145,2.5539142316426946,False
2014-08-23 17:30:00+00:00,1.944639101364001,3.0661768451143456,1.9297235806207416,False
2014-08-23 18:00:00+00:00,2.2438017116876168,2.426242801455301,1.7408784254352765,False
2014-08-23 18:30:00+00:00,1.7287668360524202,2.0025825883575883,1.6678144965934898,False
2014-08-23 19:00:00+00:00,1.5882682802888473,1.787873882536383,1.6846106358819075,False
2014-08-23 19:30:00+00:00,1.2782088526343942,1.151035498960499,1.4200736184708556,False
2014-08-23 20:00:00+00:00,1.1897521797271997,1.333375155925156,1.2959964799394397,False
2014-08-23 20:30:00+00:00,1.478172746723723,1.26178329002079,1.2849514004542013,False
2014-08-23 21:00:00+00:00,1.24776277079433,1.4640768711018712,1.369385162755488,False
2014-08-23 21:30:00+00:00,1.2941519657662477,1.4620119542619543,1.364954542013626,False
2014-08-23 22:00:00+00:00,1.3148327092805565,1.3816919438669442,1.0036057532172598,False
2014-08-23 22:30:00+00:00,1.4179774271195509,1.576340020790021,1.1793833838001513,False
2014-08-23 23:00:00+00:00,1.406403209414282,1.471283991683992,1.138269038607116,False
2014-08-23 23:30:00+00:00,1.129988125167157,1.5007450883575886,0.9686075321725964,False
2014-08-24 00:00:00+00:00,1.1801448783097084,1.3080278586278586,0.922710598031794,False
2014-08-24 00:30:00+00:00,1.259899598823215,1.497929781704782,1.030553633610901,False
2014-08-24 01:00:00+00:00,1.120874779352768,1.7057037162162163,0.9790856548069644,False
2014-08-24 01:30:00+00:00,1.0990517250601766,1.3753328742203743,0.971742089326268,False
2014-08-24 02:00:00+00:00,1.166888392618347,1.1937076923076924,0.922710598031794,False
2014-08-24 02:30:00+00:00,1.125853918159936,1.443979573804574,1.175786941710825,False
2014-08-24 03:00:00+00:00,1.1241926985825088,1.3997910083160086,0.952521044663134,False
2014-08-24 03:30:00+00:00,1.0992616474993313,1.3786451403326403,1.0071281226343678,False
2014-08-24 04:00:00+00:00,1.0828941963091736,1.1764673596673598,0.9573030658591976,False
2014-08-24 04:30:00+00:00,1.0828941963091736,1.2397932432432437,0.9543192657077972,False
2014-08-24 05:00:00+00:00,1.0828941963091736,1.1954862525987526,0.922710598031794,False
2014-08-24 05:30:00+00:00,1.1138859588125167,1.0861594854469856,1.0638814155942466,False
2014-08-24 06:00:00+00:00,1.226957582241241,2.208855067567568,1.3584222558667676,False
2014-08-24 06:30:00+00:00,2.0201143888740303,2.536637318087318,1.4888875094625285,False
2014-08-24 07:00:00+00:00,2.2374430596416155,4.504810187110188,2.6222362982588945,False
2014-08-24 07:30:00+00:00,2.6726956138004816,1.753836590436591,1.756528538985617,False
2014-08-24 08:00:00+00:00,2.951068868681465,5.038144412681913,2.8114933383800147,False
2014-08-24 08:30:00+00:00,3.660384193634661,4.121647375259875,3.726707494322483,False
2014-08-24 09:00:00+00:00,2.329070901310511,4.005711538461539,2.8640261544284638,False
2014-08-24 09:30:00+00:00,1.8395380315592404,3.673296543659044,2.91532963663891,False
2014-08-24 10:00:00+00:00,3.31840652580904,3.620194074844075,2.1587261922785763,False
2014-08-24 10:30:00+00:00,3.123313506285103,3.668902520790021,2.9306060181680547,False
2014-08-24 11:00:00+00:00,2.069318052955336,3.045304495841996,2.521146025738077,False
2014-08-24 11:30:00+00:00,3.165372719978604,4.024433445945946,1.6426568130204389,False
2014-08-24 12:00:00+00:00,2.795130944102701,3.751427936590437,1.905672558667676,False
2014-08-24 12:30:00+00:00,2.114223696175448,3.464747713097713,3.055006320968962,False
2014-08-24 13:00:00+00:00,3.133936935009361,3.861858965696466,2.767348788796366,False
2014-08-24 13:30:00+00:00,2.6439618347151645,4.80694656964657,2.5149571536714608,False
2014-08-24 14:00:00+00:00,2.468665338325755,3.7666495582120585,2.560552914458744,False
2014-08-24 14:30:00+00:00,1.909534126771864,2.608043165280665,1.8542980317940951,False
2014-08-24 15:00:00+00:00,2.403293714897031,3.325137603950104,2.290254542013626,False
2014-08-24 15:30:00+00:00,2.4860401979138804,3.0005518711018717,2.39416971990916,False
2014-08-24 16:00:00+00:00,2.200861005616475,3.902982744282744,3.0641102952308854,False
2014-08-24 16:30:00+00:00,2.3440671035036105,3.717175311850312,1.734960333080999,False
2014-08-24 17:00:00+00:00,2.3850003209414283,3.780283991683992,1.900557418622256,False
2014-08-24 17:30:00+00:00,1.3464571810644557,2.7054231548856555,1.5961981453444358,False
2014-08-24 18:00:00+00:00,1.9538918427387,2.256111746361747,1.2645040121120363,False
2014-08-24 18:30:00+00:00,1.0828941963091736,2.089372193347194,1.0716079485238454,False
2014-08-24 19:00:00+00:00,1.3046948381920298,2.337364838877339,1.260075662376987,False
2014-08-24 19:30:00+00:00,1.6277587055362397,1.8156935810810813,1.1722790688872065,False
2014-08-24 20:00:00+00:00,1.13958994383525,1.7314747920997922,1.363264042392127,False
2014-08-24 20:30:00+00:00,1.4769648836587324,1.6508891891891893,1.1874141937925813,False
2014-08-24 21:00:00+00:00,1.114803396630115,1.2942897349272349,1.0053806585919758,False
2014-08-24 21:30:00+00:00,1.2853194971917623,1.34187933991684,1.3179241862225588,False
2014-08-24 22:00:00+00:00,1.4760487296068467,1.6045460498960502,1.117748561695685,False
2014-08-24 22:30:00+00:00,1.2934860925381118,1.3108101091476092,1.0923638531415594,False
2014-08-24 23:00:00+00:00,1.1437399839529283,1.275027468814969,1.021797464042392,False
2014-08-24 23:30:00+00:00,1.111889836854774,1.4050034823284825,1.0635029901589703,False
2014-08-25 00:00:00+00:00,1.1417993046269057,1.5056295997921,0.9253749810749432,False
2014-08-25 00:30:00+00:00,1.0905602032629045,1.448548154885655,0.922710598031794,False
2014-08-25 01:00:00+00:00,1.125679566729072,1.2078569386694389,1.0361642694928084,False
2014-08-25 01:30:00+00:00,1.135723936881519,1.5943456860706862,0.971646631339894,False
2014-08-25 02:00:00+00:00,1.2343808504947846,1.567981470893971,0.9262525359576078,False
2014-08-25 02:30:00+00:00,1.1544500668627975,1.6119888773388773,0.9492922785768356,False
2014-08-25 03:00:00+00:00,1.0828941963091736,1.5050440488565489,0.9241550719152156,False
2014-08-25 03:30:00+00:00,1.1298744851564588,1.4638456081081084,0.959785352006056,False
2014-08-25 04:00:00+00:00,1.0828941963091736,1.4368882016632016,0.922710598031794,False
2014-08-25 04:30:00+00:00,1.0828941963091736,1.401554521829522,0.922710598031794,False
2014-08-25 05:00:00+00:00,1.087852366943033,1.1586388253638251,0.927253785011355,False
2014-08-25 05:30:00+00:00,1.0828941963091736,1.12146262993763,0.990029031037093,False
2014-08-25 06:00:00+00:00,1.1024163680128378,1.7589281964656969,1.194322369417108,False
2014-08-25 06:30:00+00:00,1.2973011232949987,2.5588855509355515,1.6320741862225585,False
2014-08-25 07:00:00+00:00,1.7544893019523935,4.97202312889813,2.020758137774413,False
2014-08-25 07:30:00+00:00,2.112423562449853,1.6984644490644494,1.244602271006813,False
2014-08-25 08:00:00+00:00,3.4197652580903983,4.204280353430354,2.850969871309614,False
2014-08-25 08:30:00+00:00,2.917272666488366,3.327083082120583,1.7285658970476911,False
2014-08-25 09:00:00+00:00,2.6887959079967905,3.310447037422038,2.321697804693414,False
2014-08-25 09:30:00+00:00,2.425616474993314,4.282432432432432,2.951250681302044,False
2014-08-25 10:00:00+00:00,2.5344981278416685,4.074903820166321,2.490157986373959,False
2014-08-25 10:30:00+00:00,2.3519511634126773,3.747786382536383,2.356152460257381,False
2014-08-25 11:00:00+00:00,1.8024960417223856,3.9575674376299377,2.2762791445874337,False
2014-08-25 11:30:00+00:00,2.06658504947847,4.767471335758835,1.8188860333081,False
2014-08-25 12:00:00+00:00,1.927001176785237,3.849886226611227,1.936926646479939,False
2014-08-25 12:30:00+00:00,2.520608451457609,3.2323087577962584,2.3429483345950035,False
2014-08-25 13:00:00+00:00,3.3359027814923774,4.121617151767152,2.7137479182437545,False
2014-08-25 13:30:00+00:00,2.606490024070607,4.010531496881497,2.846791748675246,False
2014-08-25 14:00:00+00:00,1.7478403583845945,3.889568503118503,2.137658781226344,False
2014-08-25 14:30:00+00:00,3.248860497459214,2.382290280665281,2.2964758894776685,False
2014-08-25 15:00:00+00:00,2.798491548542391,3.23569158004158,2.4500662755488265,False
2014-08-25 15:30:00+00:00,1.2718103236159402,3.6950006496881502,1.8704627554882665,False
2014-08-25 16:00:00+00:00,1.60404428991709,3.979788955301456,2.738468205904617,False
2014-08-25 16:30:00+00:00,1.889504092003209,4.201743788981289,2.512823959121877,False
2014-08-25 17:00:00+00:00,1.4769360791655524,3.799404339916841,2.019600567751703,False
2014-08-25 17:30:00+00:00,1.4524155121690292,2.743652364864865,1.4943427327781982,False
2014-08-25 18:00:00+00:00,1.6015188285637871,3.23325207900208,1.286338720666162,False
2014-08-25 18:30:00+00:00,1.0828941963091736,2.6105792099792104,1.4388365253595763,False
2014-08-25 19:00:00+00:00,1.3714543728269593,2.664179054054054,1.1687257759273275,False
2014-08-25 19:30:00+00:00,1.3981783631987164,2.3501664241164244,1.0259996971990917,False
2014-08-25 20:00:00+00:00,1.157264509227066,2.0594347453222457,1.1703735427706283,False
2014-08-25 20:30:00+00:00,1.2763963091735755,1.7830165280665284,1.3601792202876608,False
2014-08-25 21:00:00+00:00,1.1265138807167692,1.5581656185031187,1.1236299394398184,False
2014-08-25 21:30:00+00:00,1.2803142284033164,1.72879106029106,1.018288304314913,False
2014-08-25 22:00:00+00:00,1.183825354372827,1.727736018711019,1.0040674867524602,False
2014-08-25 22:30:00+00:00,1.2886937416421502,1.7570032224532224,0.922710598031794,False
2014-08-25 23:00:00+00:00,1.3124073816528483,1.8099478170478172,0.9276131718395156,False
2014-08-25 23:30:00+00:00,1.1117195506820006,1.767142333679834,0.9322800908402724,False
2014-08-26 00:00:00+00:00,1.0995936881519122,1.709790098752599,1.0256800151400454,False
2014-08-26 00:30:00+00:00,1.220930462690559,1.625383316008316,0.922710598031794,False
2014-08-26 01:00:00+00:00,1.0828941963091736,1.548881626819127,1.203440272520817,False
2014-08-26 01:30:00+00:00,1.1778061246322546,1.6189736486486488,0.922710598031794,False
2014-08-26 02:00:00+00:00,1.123978069002407,1.6322845114345113,0.9835763815291446,False
2014-08-26 02:30:00+00:00,1.0828941963091736,1.5302075623700626,0.9329712717638152,False
2014-08-26 03:00:00+00:00,1.117788258892752,1.336272557172557,1.004977857683573,False
2014-08-26 03:30:00+00:00,1.1656687349558703,1.2703797817047815,0.9659061695685088,False
2014-08-26 04:00:00+00:00,1.1109874565391815,1.2477301975051978,1.0660388342165026,False
2014-08-26 04:30:00+00:00,1.1974163412677186,1.1813977130977131,0.9504990158970476,False
2014-08-26 05:00:00+00:00,1.0828941963091736,1.318202079002079,1.066390575321726,False
2014-08-26 05:30:00+00:00,1.1451549077293397,1.578956678794179,1.1583253217259653,False
2014-08-26 06:00:00+00:00,1.1803152447178389,2.8251697765072765,1.6079162755488268,False
2014-08-26 06:30:00+00:00,1.831827387001872,3.826663981288982,2.029138796366389,False
2014-08-26 07:00:00+00:00,2.301550254078631,6.350458991683992,2.8447120363361087,False
2014-08-26 07:30:00+00:00,2.555033779085317,2.617187811850312,1.7787817562452686,False
2014-08-26 08:00:00+00:00,4.972810564322011,6.694367021829523,3.600271574564724,False
2014-08-26 08:30:00+00:00,3.959500855843809,6.006981730769232,4.648082816048448,False
2014-08-26 09:00:00+00:00,5.253809708478203,6.900089241164241,5.181800605601816,False
2014-08-26 09:30:00+00:00,5.6970913613265575,6.885154495841996,4.866586866010597,False
2014-08-26 10:00:00+00:00,4.895152875100295,6.9676518451143465,4.989764307342922,False
2014-08-26 10:30:00+00:00,4.634551377373629,6.457083835758836,5.186606131718395,False
2014-08-26 11:00:00+00:00,2.717504680395828,6.826383705821206,4.759071839515518,False
2014-08-26 11:30:00+00:00,4.75959836854774,7.375747063409563,5.038027744133232,False
2014-08-26 12:00:00+00:00,5.167036025675315,6.735841735966737,4.932826495079485,False
2014-08-26 12:30:00+00:00,4.4560652046001605,7.29251418918919,5.01161737320212,False
2014-08-26 13:00:00+00:00,4.342662075421236,7.217509355509356,4.457031831945496,False
2014-08-26 13:30:00+00:00,4.458955496121957,7.357637785862786,5.433307532172596,False
2014-08-26 14:00:00+00:00,6.055515431933673,6.287307250519751,4.889171574564723,False
2014-08-26 14:30:00+00:00,4.9135967638406,6.796630639293141,4.603209046177139,False
2014-08-26 15:00:00+00:00,5.932541829366141,6.550521725571727,4.541136866010598,False
2014-08-26 15:30:00+00:00,3.4356498529018453,6.206100597713098,3.188271574564723,False
2014-08-26 16:00:00+00:00,4.201350895961487,5.180288383575884,5.141511014383043,False
2014-08-26 16:30:00+00:00,4.315477774806098,5.62753762993763,2.885722747918244,False
2014-08-26 17:00:00+00:00,3.828185664616208,5.137299662162163,3.680913020439061,False
2014-08-26 17:30:00+00:00,3.547928670767585,4.4776216995842,3.337858970476911,False
2014-08-26 18:00:00+00:00,2.7370240973522333,3.889770296257797,2.787767676003028,False
2014-08-26 18:30:00+00:00,1.895783845948114,3.372974792099792,2.177316578349735,False
2014-08-26 19:00:00+00:00,1.5856399037175717,3.0531733367983374,2.2114026495079484,False
2014-08-26 19:30:00+00:00,1.5108129446376035,2.597660966735967,1.9128471233913704,False
2014-08-26 20:00:00+00:00,1.2337250334313987,2.242291658004158,1.7480300151400452,False
2014-08-26 20:30:00+00:00,1.1923744851564588,2.345184225571726,1.6747272899318697,False
2014-08-26 21:00:00+00:00,1.2137487563519658,2.0933446725571727,1.4990386071158213,False
2014-08-26 21:30:00+00:00,1.341064322011233,2.129914604989605,1.4606127554882666,False
2014-08-26 22:00:00+00:00,1.4078972452527414,1.9845037941787944,1.643564383043149,False
2014-08-26 22:30:00+00:00,1.2139553891414816,1.8105907744282743,1.240627668433005,False
2014-08-26 23:00:00+00:00,1.5295042524739235,1.795184511434512,1.4597995836487507,False
2014-08-26 23:30:00+00:00,1.587581438887403,1.8008738045738046,1.4381632096896289,False
2014-08-27 00:00:00+00:00,1.225818908799144,1.6442096933471937,1.2670629068887207,False
2014-08-27 00:30:00+00:00,1.2564668627975393,1.481660524948025,1.3131762679788035,False
2014-08-27 01:00:00+00:00,1.7111400909334045,1.8246274948024952,1.3578372445117337,False
2014-08-27 01:30:00+00:00,1.42489157528751,1.5468784563409563,1.401659348978047,False
2014-08-27 02:00:00+00:00,1.4111083177320138,1.5832560031185037,1.1098058289174868,False
2014-08-27 02:30:00+00:00,1.2816767584915754,1.7187237525987529,1.1745954958364877,False
2014-08-27 03:00:00+00:00,1.2356856378710883,1.5662262214137217,1.2300320211960634,False
2014-08-27 03:30:00+00:00,1.356564455736828,1.5761117463617464,1.0732390234670703,False
2014-08-27 04:00:00+00:00,1.1779466167424444,1.4792662941787944,1.0037027252081756,False
2014-08-27 04:30:00+00:00,1.2980261834715163,1.7720580301455304,1.1808656320968962,False
2014-08-27 05:00:00+00:00,1.2363263439422305,1.9420192307692308,1.3386656320968962,False
2014-08-27 05:30:00+00:00,1.4021310510831773,2.323163331600832,1.4246952308856926,False
2014-08-27 06:00:00+00:00,2.161558732281359,2.714151949064449,2.0553003028009083,False
2014-08-27 06:30:00+00:00,3.515871088526344,4.034215982328483,3.089816654049962,False
2014-08-27 07:00:00+00:00,3.161270286172773,7.448656444906446,3.994457418622256,False
2014-08-27 07:30:00+00:00,4.2228259427654455,6.493347427234928,4.860441256623769,False
2014-08-27 08:00:00+00:00,5.056265659267184,7.24759158004158,5.139185465556396,False
2014-08-27 08:30:00+00:00,5.42733097084782,6.908018373180875,6.170848410295231,False
2014-08-27 09:00:00+00:00,5.7555208077025934,8.092674974012473,5.817047047691143,False
2014-08-27 09:30:00+00:00,5.265614870286172,7.547402001039501,5.368678538985616,False
2014-08-27 10:00:00+00:00,5.807451430863868,7.960169334719335,5.711889742619228,False
2014-08-27 10:30:00+00:00,5.463195854506553,8.176570582120583,5.424993943981831,False
2014-08-27 11:00:00+00:00,5.0720160470714095,8.160711954261954,5.58430352006056,False
2014-08-27 11:30:00+00:00,6.000230890612462,8.381915410602911,5.458437130961392,False
2014-08-27 12:00:00+00:00,5.176150147098154,8.574444230769231,5.941352422407267,False
2014-08-27 12:30:00+00:00,4.854819363466168,8.673374636174637,5.619122747918244,False
2014-08-27 13:00:00+00:00,3.7439289649638954,8.2908808991684,5.67300352006056,False
2014-08-27 13:30:00+00:00,7.0952697512703935,7.845426845114345,6.542590802422406,False
2014-08-27 14:00:00+00:00,6.480734367477934,8.716063461538463,5.80642547312642,False
2014-08-27 14:30:00+00:00,4.9712066060443965,8.171786538461538,5.525789212717637,False
2014-08-27 15:00:00+00:00,5.919985290184542,8.938054625779627,5.182297842543528,False
2014-08-27 15:30:00+00:00,4.053774565391817,8.226102286902288,3.988045003785011,False
2014-08-27 16:00:00+00:00,4.426638459481144,7.655107068607069,6.101808554125662,False
2014-08-27 16:30:00+00:00,5.465824792725328,6.815510161122663,4.365893376230129,False
2014-08-27 17:00:00+00:00,5.374242070072212,6.413739968814969,5.10387312641938,False
2014-08-27 17:30:00+00:00,4.346613559775341,5.107583186070686,3.7391138531415593,False
2014-08-27 18:00:00+00:00,2.455635464027815,4.104615514553015,2.810835200605601,False
2014-08-27 18:30:00+00:00,2.1409842471249,3.4453745062370067,1.7238378501135505,False
2014-08-27 19:00:00+00:00,1.7419853169296602,2.8324434251559256,1.809782059046177,False
2014-08-27 19:30:00+00:00,1.5932182936614068,2.4177235966735973,1.766095609386828,False
2014-08-27 20:00:00+00:00,1.748593286975127,2.712551091476092,1.3420086298258895,False
2014-08-27 20:30:00+00:00,1.618470687349559,2.046870374220375,1.3382009841029523,False
2014-08-27 21:00:00+00:00,1.1949850227333514,1.8992913201663204,1.212830545041635,False
2014-08-27 21:30:00+00:00,1.231876143353838,1.806725311850312,1.2992170704012111,False
2014-08-27 22:00:00+00:00,1.5350699919764643,1.8960077962577968,1.2024975397426192,False
2014-08-27 22:30:00+00:00,1.472400133725595,1.9175839656964655,1.1445690007570022,False
2014-08-27 23:00:00+00:00,1.254553918159936,1.631469100831601,1.0857828538985617,False
2014-08-27 23:30:00+00:00,1.2299454667023266,1.999970738045738,1.1370313777441332,False
2014-08-28 00:00:00+00:00,1.3300326290451991,1.86149248960499,1.0037027252081756,False
2014-08-28 00:30:00+00:00,1.2322243380583042,1.413104417879418,1.1094523088569266,False
2014-08-28 01:00:00+00:00,1.2099082642417758,1.866756782744283,1.0809013247539745,False
2014-08-28 01:30:00+00:00,1.1918598288312383,1.2526319906444907,1.0067546555639666,False
2014-08-28 02:00:00+00:00,1.214540625835785,1.5340214656964657,1.0037027252081756,False
2014-08-28 02:30:00+00:00,1.2224361861460284,1.321576507276507,1.0008844057532171,False
2014-08-28 03:00:00+00:00,1.3752167691896229,1.188610602910603,1.029784178652536,False
2014-08-28 03:30:00+00:00,1.291928911473656,1.3834284043659044,1.0822481074943224,False
2014-08-28 04:00:00+00:00,1.182681412142284,1.4679084199584205,1.0205870174110525,False
2014-08-28 04:30:00+00:00,1.2160049211018988,1.1814985187110187,1.0037027252081756,False
2014-08-28 05:00:00+00:00,1.1779466167424444,1.5878068607068607,1.0724295987887962,False
2014-08-28 05:30:00+00:00,1.1779466167424444,1.717464864864865,1.1155058667676003,False
2014-08-28 06:00:00+00:00,2.5232583578496923,3.431723284823285,2.2243113171839517,False
2014-08-28 06:30:00+00:00,3.4533437550147097,4.455862032224533,2.926008327024981,False
2014-08-28 07:00:00+00:00,3.362394196309174,6.979372765072766,4.451912869038607,False
2014-08-28 07:30:00+00:00,4.495777346884194,7.277152156964657,4.987738455715367,False
2014-08-28 08:00:00+00:00,5.124697084782027,7.800590592515593,5.524217335352006,False
2014-08-28 08:30:00+00:00,5.470300106980476,7.030259381496882,6.1311568508705525,False
2014-08-28 09:00:00+00:00,5.852266087189088,8.124724792099792,5.898460333080999,False
2014-08-28 09:30:00+00:00,5.860609307301417,8.657269204781706,6.06724307342922,False
2014-08-28 10:00:00+00:00,6.494549638940893,8.466670738045739,5.891144928084784,False
2014-08-28 10:30:00+00:00,6.492175902647767,8.654503716216217,5.997102725208175,False
2014-08-28 11:00:00+00:00,5.664290157796201,9.195558367983368,6.311341294473882,False
2014-08-28 11:30:00+00:00,5.460727600962825,9.028264864864866,5.505899697199091,False
2014-08-28 12:00:00+00:00,6.488618293661407,8.510261928274428,7.047193868281605,False
2014-08-28 12:30:00+00:00,6.329067210484086,9.697442307692308,6.594318319454958,False
2014-08-28 13:00:00+00:00,6.5681261834715166,9.635123674636176,6.532510143830431,False
2014-08-28 13:30:00+00:00,7.743983337790854,9.040932172557172,7.088961317183951,False
2014-08-28 14:00:00+00:00,5.942790024070607,8.188989994802496,6.993274678274034,False
2014-08-28 14:30:00+00:00,6.076123829901043,9.793335005197504,7.112388077214231,False
2014-08-28 15:00:00+00:00,8.162491762503343,9.771876715176717,7.164742619227857,False
2014-08-28 15:30:00+00:00,5.995980449317999,9.301774584199585,4.681235654806964,False
2014-08-28 16:00:00+00:00,6.124958999732549,9.025162344074843,6.519162604087812,False
2014-08-28 16:30:00+00:00,5.793082829633591,7.909469490644491,5.824550643451929,False
2014-08-28 17:00:00+00:00,5.2773942230542925,7.293316190228691,5.531721347464042,False
2014-08-28 17:30:00+00:00,4.216644477132923,5.741598596673597,4.4391537471612414,False
2014-08-28 18:00:00+00:00,2.859398448783097,4.6802562889812895,2.971527819833459,False
2014-08-28 18:30:00+00:00,1.7897410805028082,3.789032250519751,2.3515281604844813,False
2014-08-28 19:00:00+00:00,2.012706686279754,3.356792957380457,1.901381226343679,False
2014-08-28 19:30:00+00:00,1.447396630115004,2.818106756756757,1.8622602195306583,False
2014-08-28 20:00:00+00:00,1.5668165017384328,2.6187599532224537,1.3132990158970477,False
2014-08-28 20:30:00+00:00,1.302812035303557,2.0255081600831604,1.1792084405753216,False
2014-08-28 21:00:00+00:00,1.182876731746456,1.397004235966736,1.4221910295230884,False
2014-08-28 21:30:00+00:00,1.1779466167424444,1.4939910083160084,1.3349033308099925,False
2014-08-28 22:00:00+00:00,1.730910430596416,1.5911081340956343,1.3272593111279332,False
2014-08-28 22:30:00+00:00,1.447503343139877,1.5139150467775468,1.2334535579106736,False
2014-08-28 23:00:00+00:00,1.2694903717571544,1.5776949844074846,1.0691018925056774,False
2014-08-28 23:30:00+00:00,1.3754625033431398,1.6869838617463615,1.2104549962149886,False
2014-08-29 00:00:00+00:00,1.4582209681733085,1.5147481029106031,1.2170385314155945,False
2014-08-29 00:30:00+00:00,1.258466060443969,1.4546489604989603,1.0294158591975775,False
2014-08-29 01:00:00+00:00,1.2721236694303288,1.521566943866944,1.1720140802422403,False
2014-08-29 01:30:00+00:00,1.1779466167424444,1.3730511174636175,1.1067986373959122,False
2014-08-29 02:00:00+00:00,1.2407922171703665,1.4850987785862786,1.0037027252081756,False
2014-08-29 02:30:00+00:00,1.183540518855309,1.2967367983367983,0.9979216124148372,False
2014-08-29 03:00:00+00:00,1.2161484621556564,1.6489857848232847,1.177357721423164,False
2014-08-29 03:30:00+00:00,1.262388258892752,1.3322935291060292,1.166485011355034,False
2014-08-29 04:00:00+00:00,1.185178095747526,1.3963702182952185,1.1134381529144586,False
2014-08-29 04:30:00+00:00,1.1833786306499063,1.4897667099792102,1.0537675624526872,False
2014-08-29 05:00:00+00:00,1.30016766515111,1.666869308731809,1.2836340651021954,False
2014-08-29 05:30:00+00:00,1.5977986627440492,2.341797843035343,1.5838558667676002,False
2014-08-29 06:00:00+00:00,3.0384182401711683,4.020671621621623,3.061053028009084,False
2014-08-29 06:30:00+00:00,3.8379696977801534,5.238120140332641,4.424553444360333,False
2014-08-29 07:00:00+00:00,3.0219586253008828,6.939286512474012,5.4118979182437545,False
2014-08-29 07:30:00+00:00,4.560310671302487,7.522009043659044,5.293783270249811,False
2014-08-29 08:00:00+00:00,5.264892431131318,8.624836694386694,5.582997274791825,False
2014-08-29 08:30:00+00:00,4.359915324953196,7.478854807692309,5.771378084784254,False
2014-08-29 09:00:00+00:00,5.668710724792726,8.201286174636177,6.155285654806964,False
2014-08-29 09:30:00+00:00,5.206823508959615,8.683755535343035,6.86558497350492,False
2014-08-29 10:00:00+00:00,4.531788767050013,7.852214345114346,6.886339780469341,False
2014-08-29 10:30:00+00:00,6.251133003476866,8.63204274948025,6.746380242240727,False
2014-08-29 11:00:00+00:00,4.548388686814657,9.49729326923077,6.295883875851627,False
2014-08-29 11:30:00+00:00,4.277400454667022,8.926502702702704,6.572697766843301,False
2014-08-29 12:00:00+00:00,5.194273442096818,9.705904235966736,6.922264723694171,False
2014-08-29 12:30:00+00:00,6.791644610858518,9.525960135135136,5.135996631339894,False
2014-08-29 13:00:00+00:00,5.4770581973789785,9.086269750519753,6.592763663890991,False
2014-08-29 13:30:00+00:00,6.474587670500133,8.758054106029107,7.16308955336866,False
2014-08-29 14:00:00+00:00,6.705449692431131,9.980740462577964,6.793427744133232,False
2014-08-29 14:30:00+00:00,7.744196870821075,8.52770945945946,6.735939250567752,False
2014-08-29 15:00:00+00:00,6.331390211286441,8.870817411642411,6.829394473883421,False
2014-08-29 15:30:00+00:00,5.743365605776946,9.73051917879418,4.2545884178652535,False
2014-08-29 16:00:00+00:00,5.236916528483552,8.661881704781706,5.389346214988644,False
2014-08-29 16:30:00+00:00,5.331324926450923,7.904231444906446,4.803157115821347,False
2014-08-29 17:00:00+00:00,5.175840599090666,6.376839293139294,5.716389212717637,False
2014-08-29 17:30:00+00:00,4.035027895159134,5.085024272349274,4.443159576078728,False
2014-08-29 18:00:00+00:00,2.5069953730944103,3.949116450103951,2.796995382286146,False
2014-08-29 18:30:00+00:00,1.9485163412677189,2.860093035343035,2.0063046177138526,False
2014-08-29 19:00:00+00:00,1.6335618079700454,2.766081678794179,1.691389894019682,False
2014-08-29 19:30:00+00:00,1.4901924578764376,2.36826735966736,1.5453769492808478,False
2014-08-29 20:00:00+00:00,1.1779466167424444,2.038990774428275,1.465081037093111,False
2014-08-29 20:30:00+00:00,1.403620433270928,2.1210146049896053,1.2897416351249051,False
2014-08-29 21:00:00+00:00,1.2521893821877506,1.9728701143451144,1.1841698334595003,False
2014-08-29 21:30:00+00:00,1.1862171168761702,1.642568788981289,1.13861161998486,False
2014-08-29 22:00:00+00:00,1.2426454399572076,1.545586200623701,1.1020262301286905,False
2014-08-29 22:30:00+00:00,1.1877281626103235,1.472106314968815,1.006306548069644,False
2014-08-29 23:00:00+00:00,1.2688572880449318,1.3580256756756757,1.0021824753974262,False
2014-08-29 23:30:00+00:00,1.2443981813319072,1.3426643191268193,1.0037027252081756,False
2014-08-30 00:00:00+00:00,1.4140905589729875,1.1814985187110187,1.0447007948523843,False
2014-08-30 00:30:00+00:00,1.2159147098154586,1.3801743243243243,1.0544506434519303,False
2014-08-30 01:00:00+00:00,1.2827956940358385,1.3363634095634098,1.0726945117335351,False
2014-08-30 01:30:00+00:00,1.3538560042792191,1.434425077962578,1.115432740348221,False
2014-08-30 02:00:00+00:00,1.3301824552019257,1.3463385135135135,1.0828566616199848,False
2014-08-30 02:30:00+00:00,1.2320063118480875,1.1923382796257798,1.0246525738077212,False
2014-08-30 03:00:00+00:00,1.229465418561113,1.5956979989604991,1.0037027252081756,False
2014-08-30 03:30:00+00:00,1.2345461620754212,1.4601408264033269,1.057406472369417,False
2014-08-30 04:00:00+00:00,1.267969778015512,1.6119074584199584,1.0526387585162755,False
2014-08-30 04:30:00+00:00,1.1779466167424444,1.72430893970894,1.0371209689629068,False
2014-08-30 05:00:00+00:00,1.1779466167424444,1.8643235446985449,1.135517676003028,False
2014-08-30 05:30:00+00:00,1.6413738700187217,2.1592139033264037,1.5789065480696445,False
2014-08-30 06:00:00+00:00,2.420018507622359,3.326184251559252,1.9408213474640423,False
2014-08-30 06:30:00+00:00,3.62103995720781,3.747473674636175,3.246506813020439,False
2014-08-30 07:00:00+00:00,1.9934738432736023,5.67317946985447,4.515560938682816,False
2014-08-30 07:30:00+00:00,5.87137635731479,6.728897349272351,6.487945117335351,False
2014-08-30 08:00:00+00:00,5.46990353035571,4.144343633056134,6.033356169568509,False
2014-08-30 08:30:00+00:00,5.914687028617277,7.599967957380459,6.180122331566995,False
2014-08-30 09:00:00+00:00,5.873506713024874,8.200130015592515,6.319523996971991,False
2014-08-30 09:30:00+00:00,5.338247151644825,8.201454885654886,6.773075246025738,False
2014-08-30 10:00:00+00:00,4.916863252206473,8.237547946985448,5.997981377744133,False
2014-08-30 10:30:00+00:00,5.805565659267184,8.358097869022869,6.913593981831945,False
2014-08-30 11:00:00+00:00,6.769428804493179,9.093527442827444,7.154694549583649,False
2014-08-30 11:30:00+00:00,5.419184273870019,8.948045140332642,6.507164534443603,False
2014-08-30 12:00:00+00:00,5.333115833110457,9.472338851351353,7.308916729750188,False
2014-08-30 12:30:00+00:00,8.367512222519391,10.11379165800416,6.919916086298259,False
2014-08-30 13:00:00+00:00,5.877949157528751,10.028471647609148,7.704206169568508,False
2014-08-30 13:30:00+00:00,7.034389489168225,8.760370971933474,8.02276449659349,False
2014-08-30 14:00:00+00:00,6.895421930997593,8.864274064449065,7.536116729750189,False
2014-08-30 14:30:00+00:00,6.444652794864937,8.85309974012474,7.353278728236185,False
2014-08-30 15:00:00+00:00,6.262311874832843,8.929201273388774,6.632363361090082,False
2014-08-30 15:30:00+00:00,5.114280930730142,8.450140774428275,6.33105522331567,False
2014-08-30 16:00:00+00:00,5.12691358652046,8.303688877338878,5.9591209311127935,False
2014-08-30 16:30:00+00:00,4.989361914950521,8.096972557172558,6.362358062074186,False
2014-08-30 17:00:00+00:00,3.734173522332174,5.636838357588358,4.955659803179409,False
2014-08-30 17:30:00+00:00,3.181069804760631,4.7820287162162165,3.6120578349735046,False
2014-08-30 18:00:00+00:00,2.078450066862797,3.5161437629937637,2.3086314155942467,False
2014-08-30 18:30:00+00:00,1.6150077828296336,3.166222609147609,1.5761649886449656,False
2014-08-30 19:00:00+00:00,1.6260332709280556,2.43093931912682,1.4512000757002272,False
2014-08-30 19:30:00+00:00,1.182886573950254,2.1293325103950105,1.5176825889477668,False
2014-08-30 20:00:00+00:00,1.2238513238833912,1.7523305353430356,1.3641760408781225,False
2014-08-30 20:30:00+00:00,1.2211394757956673,1.9287595114345115,1.1969224072672218,False
2014-08-30 21:00:00+00:00,1.1959682535437282,1.5919632016632017,1.1586604844814532,False
2014-08-30 21:30:00+00:00,1.1902955068200054,1.7452053014553015,1.1820105601816804,False
2014-08-30 22:00:00+00:00,1.202381385397165,1.3845424896049896,1.1270362225586676,False
2014-08-30 22:30:00+00:00,1.1779466167424444,1.4268519750519753,1.1252810370931112,False
2014-08-30 23:00:00+00:00,1.1990601230275475,1.6374891112266112,1.0913648372445115,False
2014-08-30 23:30:00+00:00,1.323284701791923,1.44625498960499,1.0280384557153672,False
2014-08-31 00:00:00+00:00,1.1779466167424444,1.549918970893971,1.1616508705526114,False
2014-08-31 00:30:00+00:00,1.1779466167424444,1.6134138773388775,1.075396214988645,False
2014-08-31 01:00:00+00:00,1.2105210751537845,1.7327733108108108,1.043065972747918,False
2014-08-31 01:30:00+00:00,1.371147740037443,1.6885314708939712,1.0149827781983347,False
2014-08-31 02:00:00+00:00,1.2519922974057234,1.7524966995841995,1.1650949659348977,False
2014-08-31 02:30:00+00:00,1.3339520727467238,1.772540696465697,1.1364471990915972,False
2014-08-31 03:00:00+00:00,1.1928940893286974,1.676635446985447,1.0878689250567752,False
2014-08-31 03:30:00+00:00,1.2134888472853704,1.525508393970894,1.0037027252081756,False
2014-08-31 04:00:00+00:00,1.1993145225996256,1.897697791060291,1.0037027252081756,False
2014-08-31 04:30:00+00:00,1.1912224124097353,1.5959142671517672,1.0037027252081756,False
2014-08-31 05:00:00+00:00,1.1779466167424444,1.7107211538461538,1.02899008327025,False
2014-08-31 05:30:00+00:00,1.3970142284033162,2.4505983108108107,1.7731191143073428,False
2014-08-31 06:00:00+00:00,2.949469510564322,4.238309563409564,2.702055147615443,False
2014-08-31 06:30:00+00:00,3.2745028617277345,4.870144490644491,3.8152758516275536,False
2014-08-31 07:00:00+00:00,2.8395992778817867,5.261397765072766,5.113742165026494,False
2014-08-31 07:30:00+00:00,5.09738967638406,4.959086642411643,6.51048955336866,False
2014-08-31 08:00:00+00:00,6.032309949184274,5.415691138253639,6.633330242240725,False
2014-08-31 08:30:00+00:00,6.1275290184541324,7.697279625779625,6.923576078728236,False
2014-08-31 09:00:00+00:00,6.09925407863065,7.698130821205822,6.250444965934897,False
2014-08-31 09:30:00+00:00,5.203493046269056,8.565593970893971,6.242149810749432,False
2014-08-31 10:00:00+00:00,6.004789328697513,8.173702390852391,7.030772104466313,False
2014-08-31 10:30:00+00:00,5.550480529553356,8.454329781704782,7.035777895533687,False
2014-08-31 11:00:00+00:00,5.26788994383525,9.752191683991684,5.923211695685087,False
2014-08-31 11:30:00+00:00,5.818861647499332,9.223037474012475,6.873966124148372,False
2014-08-31 12:00:00+00:00,4.958696255683337,9.58407027027027,7.481766805450416,False
2014-08-31 12:30:00+00:00,6.097428323081037,9.024977027027028,6.625831756245268,False
2014-08-31 13:00:00+00:00,5.088884140144423,9.868233004158006,7.774596555639667,False
2014-08-31 13:30:00+00:00,6.443150280823749,8.343185031185033,7.743784746404239,False
2014-08-31 14:00:00+00:00,5.937928430061514,8.859517047817048,7.417997728993186,False
2014-08-31 14:30:00+00:00,6.796365017384328,9.46856858108108,7.339192959878879,False
2014-08-31 15:00:00+00:00,6.55356113934207,9.895705613305614,6.752090007570021,False
2014-08-31 15:30:00+00:00,4.667886761166087,9.142237370062372,6.537441218773656,False
2014-08-31 16:00:00+00:00,5.802464776678256,8.161248752598754,4.214491521574565,False
2014-08-31 16:30:00+00:00,5.340936961754481,7.2799920997921,4.311859121877365,False
2014-08-31 17:00:00+00:00,4.764550307568869,6.86509443866944,5.030731831945496,False
2014-08-31 17:30:00+00:00,3.085415110992244,4.880833134095634,3.799796517789553,False
2014-08-31 18:00:00+00:00,2.21627309441027,3.4497588877338883,2.487620628311885,False
2014-08-31 18:30:00+00:00,1.4991383525006687,2.5738185031185035,1.7326190764572291,False
2014-08-31 19:00:00+00:00,1.3955550949451725,2.462501195426196,1.6135451551854654,False
2014-08-31 19:30:00+00:00,1.4281480877239905,2.030532692307692,1.586635768357305,False
2014-08-31 20:00:00+00:00,1.559058063653383,1.857660966735967,1.444382816048448,False
2014-08-31 20:30:00+00:00,1.3976329232415083,2.0532341995842,1.127353785011355,False
2014-08-31 21:00:00+00:00,1.4882292859053223,1.4081255457380455,1.2293411809235426,False
2014-08-31 21:30:00+00:00,1.2162159400909334,1.6168682432432435,1.2388728236184707,False
2014-08-31 22:00:00+00:00,1.3102228135865206,1.6757435810810812,1.1618460635881909,False
2014-08-31 22:30:00+00:00,1.2141543460818405,1.2456828742203745,1.154656737320212,False
2014-08-31 23:00:00+00:00,1.1779466167424444,1.599733367983368,1.0972300908402723,False
2014-08-31 23:30:00+00:00,1.1779466167424444,1.4773445166320167,1.1135920514761544,False
2014-09-01 00:00:00+00:00,1.1779466167424444,1.5043413201663205,0.9953007570022708,False
2014-09-01 00:30:00+00:00,1.3281665151109925,1.2373248960498962,1.0037027252081756,False
2014-09-01 01:00:00+00:00,1.1954329232415084,1.2245677494802496,1.0037027252081756,False
2014-09-01 01:30:00+00:00,1.2945464562717304,1.2415517411642414,1.0037027252081756,False
2014-09-01 02:00:00+00:00,1.239420272800214,1.1840881237006238,1.009429371688115,False
2014-09-01 02:30:00+00:00,1.2000696977801553,1.3148805873180875,1.0037027252081756,False
2014-09-01 03:00:00+00:00,1.2148148435410535,1.2259042359667358,1.1051307342922028,False
2014-09-01 03:30:00+00:00,1.194368226798609,1.2443307952182951,1.0037027252081756,False
2014-09-01 04:00:00+00:00,1.2002607381652848,1.3758575623700624,1.0037027252081756,False
2014-09-01 04:30:00+00:00,1.2000925648569136,1.30444961018711,1.0471645344436031,False
2014-09-01 05:00:00+00:00,1.204506873495587,1.2740703742203745,1.050388947766843,False
2014-09-01 05:30:00+00:00,1.2026598288312382,1.6805234407484406,1.164590613171839,False
2014-09-01 06:00:00+00:00,2.160131853436748,3.412729963617464,2.264053709311128,False
2014-09-01 06:30:00+00:00,2.699105402514041,4.4266191008316005,3.095296442089326,False
2014-09-01 07:00:00+00:00,3.831068146563252,5.852782536382537,4.783425018925056,False
2014-09-01 07:30:00+00:00,4.160312998127842,6.423557510395011,5.767065404996214,False
2014-09-01 08:00:00+00:00,5.821785343674779,5.286531704781705,6.093415934897804,False
2014-09-01 08:30:00+00:00,4.582537924578764,6.812900155925157,6.941927744133231,False
2014-09-01 09:00:00+00:00,5.88525164482482,7.928851663201664,6.891530658591975,False
2014-09-01 09:30:00+00:00,5.763300320941428,8.37081122661123,6.411563588190764,False
2014-09-01 10:00:00+00:00,5.653131104573416,8.069805301455302,6.634869076457229,False
2014-09-01 10:30:00+00:00,5.767302594276545,8.656944724532226,6.719920855412566,False
2014-09-01 11:00:00+00:00,6.105683899438352,9.701907016632015,7.490959084027252,False
2014-09-01 11:30:00+00:00,5.394370794330034,9.35268724012474,6.768852876608629,False
2014-09-01 12:00:00+00:00,5.982026397432469,10.641028144490646,7.444510370931113,False
2014-09-01 12:30:00+00:00,6.538149157528751,9.522764189189193,7.920132437547312,False
2014-09-01 13:00:00+00:00,7.122247392350895,10.419177286902288,7.241931188493566,False
2014-09-01 13:30:00+00:00,7.38602500668628,9.479602442827444,7.642248713096139,False
2014-09-01 14:00:00+00:00,7.939126397432468,9.872459355509356,7.009540537471612,False
2014-09-01 14:30:00+00:00,7.241359213693502,9.103635057172555,6.712814155942468,False
2014-09-01 15:00:00+00:00,5.993373709548007,9.442920867983368,7.265569076457229,False
2014-09-01 15:30:00+00:00,5.429807274672372,8.67672461018711,6.164142165026495,False
2014-09-01 16:00:00+00:00,5.746569243113131,7.4343200623700625,6.774469152157455,False
2014-09-01 16:30:00+00:00,5.661979406258358,7.178831782744283,4.709237130961393,False
2014-09-01 17:00:00+00:00,4.612246028349825,6.611399818087318,5.222960938682816,False
2014-09-01 17:30:00+00:00,3.0693082642417755,4.968262915800417,3.68238433005299,False
2014-09-01 18:00:00+00:00,2.714720219309976,3.897827650727651,2.820394019682059,False
2014-09-01 18:30:00+00:00,1.471592029954533,2.8523603950103955,2.0887347464042394,False
2014-09-01 19:00:00+00:00,1.5348109120085585,2.522627260914761,1.640343943981832,False
2014-09-01 19:30:00+00:00,1.3523071676918963,2.295828768191269,1.4227767221801664,False
2014-09-01 20:00:00+00:00,1.8168616474993315,1.8316403326403328,1.328498637395912,False
2014-09-01 20:30:00+00:00,1.437864749933137,2.1074389812889818,1.321933648750946,False
2014-09-01 21:00:00+00:00,1.2404709815458677,1.468698570686071,1.1232082891748676,False
2014-09-01 21:30:00+00:00,1.247515110992244,1.4786579261954265,1.1498613171839511,False
2014-09-01 22:00:00+00:00,1.1779466167424444,1.4710825363825364,1.0020305450416351,False
2014-09-01 22:30:00+00:00,1.1779466167424444,1.3078349792099793,0.999547464042392,False
2014-09-01 23:00:00+00:00,1.294717518052955,1.1905853170478171,1.0414758516275548,False
2014-09-01 23:30:00+00:00,1.1800162075421237,1.356229106029106,1.01627676003028,False
2014-09-02 00:00:00+00:00,1.179781171436213,1.4626264033264034,0.996638872066616,False
2014-09-02 00:30:00+00:00,1.1779466167424444,1.554649792099792,1.0037027252081756,False
2014-09-02 01:00:00+00:00,1.1819294998662744,1.3884234667359667,0.99822441332324,False
2014-09-02 01:30:00+00:00,1.1910923508959614,1.1814985187110187,1.0037027252081756,False
2014-09-02 02:00:00+00:00,1.2038005883926184,1.200542177754678,1.0140710825132473,False
2014-09-02 02:30:00+00:00,1.1866806365338325,1.4935360706860707,1.0037027252081756,False
2014-09-02 03:00:00+00:00,1.3455161005616474,1.191664864864865,1.022976684330053,False
2014-09-02 03:30:00+00:00,1.291525728804493,1.3195633575883576,1.0037027252081756,False
2014-09-02 04:00:00+00:00,1.2261991976464297,1.2970393711018713,1.0037027252081756,False
2014-09-02 04:30:00+00:00,1.2020649638940892,1.2529630197505195,1.0055837623012869,False
2014-09-02 05:00:00+00:00,1.204658732281359,1.284968477130977,1.0754006813020438,False
2014-09-02 05:30:00+00:00,1.1788141749130785,1.5868874740124743,1.0249138909916728,False
2014-09-02 06:00:00+00:00,1.3050299010430595,1.7488697505197508,1.101411279333838,False
2014-09-02 06:30:00+00:00,2.419752393688152,3.62839695945946,2.671619492808478,False
2014-09-02 07:00:00+00:00,2.290527092805563,5.008073882536383,3.3935295987887963,False
2014-09-02 07:30:00+00:00,4.701556886868146,6.035726247401248,4.977202611657835,False
2014-09-02 08:00:00+00:00,5.301668119818133,4.665960343035343,4.915886109008327,False
2014-09-02 08:30:00+00:00,5.209549558705537,6.941124272349272,6.275677554882663,False
2014-09-02 09:00:00+00:00,5.7505932067397705,7.559690202702703,6.6316535957607865,False
2014-09-02 09:30:00+00:00,6.029048328430061,8.174214890852392,7.072100757002271,False
2014-09-02 10:00:00+00:00,5.8990086654185605,7.795895088357589,7.214960635881908,False
2014-09-02 10:30:00+00:00,5.487860203262905,7.749338331600831,5.9826182059046165,False
2014-09-02 11:00:00+00:00,4.75939130783632,6.922526013513514,5.945528955336866,False
2014-09-02 11:30:00+00:00,6.986144744584113,9.183439007276508,7.066912149886449,False
2014-09-02 12:00:00+00:00,6.1842787643755015,8.97883484927235,6.407503028009084,False
2014-09-02 12:30:00+00:00,6.24379970580369,9.223702390852392,7.453503595760786,False
2014-09-02 13:00:00+00:00,6.700526985825086,9.57429397089397,6.267651551854655,False
2014-09-02 13:30:00+00:00,6.3788846215565655,9.121185654885656,7.131495457986373,False
2014-09-02 14:00:00+00:00,6.499037897833645,9.411554183991685,7.659248978046933,False
2014-09-02 14:30:00+00:00,6.57984239101364,9.515991294178797,8.838554504163513,False
2014-09-02 15:00:00+00:00,7.15899400909334,7.822995296257796,7.951981415594247,False
2014-09-02 15:30:00+00:00,6.480491495052153,9.316762006237008,5.739787547312641,False
2014-09-02 16:00:00+00:00,4.512091495052153,6.681150571725573,6.088858440575321,False
2014-09-02 16:30:00+00:00,4.712785530890613,6.277938019750521,5.267289591218773,False
2014-09-02 17:00:00+00:00,4.17271521797272,5.171727832640332,4.500225056775171,False
2014-09-02 17:30:00+00:00,3.0259462958010164,3.500917203742204,3.360050151400454,False
2014-09-02 18:00:00+00:00,2.1434845948114467,2.708323154885655,2.3043283875851626,False
2014-09-02 18:30:00+00:00,1.5446198448783095,2.24968393970894,1.715211430734292,False
2014-09-02 19:00:00+00:00,1.6812538379245787,1.8355362266112272,1.3773923542770627,False
2014-09-02 19:30:00+00:00,1.22010516180797,1.2145994802494804,1.3139310749432247,False
2014-09-02 20:00:00+00:00,1.2628064723188015,1.4220786122661124,1.2664352006056017,False
2014-09-02 20:30:00+00:00,1.3546131853436747,1.6042227130977131,1.041509008327025,False
2014-09-02 21:00:00+00:00,1.452213720246055,1.6302179833679835,1.311173732021196,False
2014-09-02 21:30:00+00:00,1.459257555496122,1.4130469854469856,1.0037027252081756,False
2014-09-02 22:00:00+00:00,1.3896589194971918,1.2960865644490644,1.0277724451173351,False
2014-09-02 22:30:00+00:00,1.253124204332709,1.277283991683992,1.272858175624527,False
2014-09-02 23:00:00+00:00,1.510522037978069,1.4993658264033265,1.0502525738077213,False
2014-09-02 23:30:00+00:00,1.2599254613533029,1.4317182172557177,1.0055958364875095,False
2014-09-03 00:00:00+00:00,1.3016072746723724,1.2460511954261957,1.0972614685844055,False
2014-09-03 00:30:00+00:00,1.2260841668895428,1.4695241424116423,1.1619036714610145,False
2014-09-03 01:00:00+00:00,1.2092028349826156,1.6915389553014553,1.049228955336866,False
2014-09-03 01:30:00+00:00,1.3018701791922975,1.3407366164241166,1.0020531794095382,False
2014-09-03 02:00:00+00:00,1.3277192832308102,1.434904625779626,0.998077100681302,False
2014-09-03 02:30:00+00:00,1.4239047873763038,1.5811244802494804,1.0037027252081756,False
2014-09-03 03:00:00+00:00,1.3547005616474992,1.4528800415800418,1.0037027252081756,False
2014-09-03 03:30:00+00:00,1.2864468307033965,1.3774599012474011,1.0037027252081756,False
2014-09-03 04:00:00+00:00,1.2441552821610056,1.7832094594594594,1.06804242997729,False
2014-09-03 04:30:00+00:00,1.387290104305964,1.6531975051975054,1.0715736563209688,False
2014-09-03 05:00:00+00:00,1.481362530088259,1.369587266112266,0.9933954958364872,False
2014-09-03 05:30:00+00:00,1.6059877239903717,1.450764916839917,1.0887978425435276,False
2014-09-03 06:00:00+00:00,1.3963769457074084,1.7791566528066527,1.2215511733535205,False
2014-09-03 06:30:00+00:00,1.271576063118481,2.1300975571725576,1.5318958364875093,False
2014-09-03 07:00:00+00:00,1.6961873495587056,3.2102313149688158,2.398866994700984,False
2014-09-03 07:30:00+00:00,2.4397181866809308,3.5397911122661125,2.637822861468584,False
2014-09-03 08:00:00+00:00,3.98136466969778,3.994289137214138,3.886991105223316,False
2014-09-03 08:30:00+00:00,5.884798315057501,6.86895764033264,6.119213588190764,False
2014-09-03 09:00:00+00:00,5.333477266648837,6.715331964656964,6.884671763815292,False
2014-09-03 09:30:00+00:00,5.925649505215298,7.254417437629937,6.117283043149129,False
2014-09-03 10:00:00+00:00,6.328334367477935,8.270810862785863,6.610281415594246,False
2014-09-03 10:30:00+00:00,6.162534474458411,8.206717203742203,6.840431415594247,False
2014-09-03 11:00:00+00:00,6.1118753677453865,7.398734771309772,6.6189175246025735,False
2014-09-03 11:30:00+00:00,5.929320272800214,7.716885291060291,7.418692354277063,False
2014-09-03 12:00:00+00:00,5.992250120353035,8.802215020790022,7.025462528387584,False
2014-09-03 12:30:00+00:00,6.336336881519123,8.640022297297298,7.929225435276305,False
2014-09-03 13:00:00+00:00,5.377535062851029,8.883396153846155,6.831839666919,False
2014-09-03 13:30:00+00:00,5.842036105910672,8.922833757796258,8.137052157456472,False
2014-09-03 14:00:00+00:00,7.043016474993313,9.919299870062371,8.299473845571535,False
2014-09-03 14:30:00+00:00,6.921576705001337,9.99802344074844,7.075699394398183,False
2014-09-03 15:00:00+00:00,6.063848729606847,8.458702286902287,7.212286714610144,False
2014-09-03 15:30:00+00:00,4.548574351430864,8.234083835758836,5.789412376987131,False
2014-09-03 16:00:00+00:00,6.489231933672105,7.299348700623701,6.757139856169569,False
2014-09-03 16:30:00+00:00,4.900525033431399,7.204989916839916,7.371690651021954,False
2014-09-03 17:00:00+00:00,4.516923401979139,5.7279104209979215,5.049836941710825,False
2014-09-03 17:30:00+00:00,3.457348435410538,3.835622375259876,3.72369307342922,False
2014-09-03 18:00:00+00:00,1.9862609253811176,2.9712992983367985,2.483197728993187,False
2014-09-03 18:30:00+00:00,1.6179396095212624,2.0624013253638256,1.7401710446631338,False
2014-09-03 19:00:00+00:00,1.590913666755817,2.05809261954262,1.6782677138531414,False
2014-09-03 19:30:00+00:00,1.5775803690826422,1.5162611746361747,1.3186245268735806,False
2014-09-03 20:00:00+00:00,1.4103802621021664,1.631029365904366,1.136919000757002,False
2014-09-03 20:30:00+00:00,1.27309646964429,1.6630963877338878,1.361847464042392,False
2014-09-03 21:00:00+00:00,1.318815324953196,1.7071273908523912,1.4434239591218774,False
2014-09-03 21:30:00+00:00,1.320178496924311,1.4481629937629938,1.21036971990916,False
2014-09-03 22:00:00+00:00,1.3331272800213962,1.8242724012474012,1.0175795987887963,False
2014-09-03 22:30:00+00:00,1.339669323348489,1.4986927494802496,1.141181150643452,False
2014-09-03 23:00:00+00:00,1.419576223589195,1.5508385135135137,1.1454976154428462,False
2014-09-03 23:30:00+00:00,1.2387125167156994,1.5808761434511436,1.091775927327782,False
2014-09-04 00:00:00+00:00,1.3423848087723989,1.503956418918919,1.052861203633611,False
2014-09-04 00:30:00+00:00,1.191862717304092,1.4957838357588358,1.0556007191521573,False
2014-09-04 01:00:00+00:00,1.1779466167424444,1.4786697505197506,1.0271574564723691,False
2014-09-04 01:30:00+00:00,1.1779466167424444,1.6486491424116425,1.0513734292202876,False
2014-09-04 02:00:00+00:00,1.1779466167424444,1.606735862785863,1.0037027252081756,False
2014-09-04 02:30:00+00:00,1.181081171436213,1.528229183991684,1.0037027252081756,False
2014-09-04 03:00:00+00:00,1.1984556031024338,1.4406406185031186,1.0319412566237698,False
2014-09-04 03:30:00+00:00,1.228059588125167,1.2724174896049898,1.0393706661619984,False
2014-09-04 04:00:00+00:00,1.2807514041187484,1.5396124220374223,1.0708761922785768,False
2014-09-04 04:30:00+00:00,1.1785216368012836,1.4108771049896052,1.0037027252081756,False
2014-09-04 05:00:00+00:00,1.1779466167424444,1.6567221673596673,0.9893047691143072,False
2014-09-04 05:30:00+00:00,1.1794771596683604,1.1814985187110187,1.0037027252081756,False
2014-09-04 06:00:00+00:00,1.2784565391815994,1.8772825103950104,1.0956865632096895,False
2014-09-04 06:30:00+00:00,2.994305188553089,3.871843529106029,2.875796971990916,False
2014-09-04 07:00:00+00:00,2.027473549077293,4.466324012474013,4.41606695685087,False
2014-09-04 07:30:00+00:00,2.867997619684408,6.974478872141373,4.792450227100681,False
2014-09-04 08:00:00+00:00,5.973438058304359,4.99980155925156,4.992490196820591,False
2014-09-04 08:30:00+00:00,6.121972693233485,7.906761512474013,6.819044587433763,False
2014-09-04 09:00:00+00:00,5.765041454934474,8.230266813929315,7.222613777441333,False
2014-09-04 09:30:00+00:00,5.243935464027814,7.966545738045739,6.973564383043149,False
2014-09-04 10:00:00+00:00,5.698693527681198,8.096947895010397,7.790385579106737,False
2014-09-04 10:30:00+00:00,5.129252928590533,8.275155613305612,7.162471763815291,False
2014-09-04 11:00:00+00:00,6.328903557100829,9.07034851871102,7.95798444360333,False
2014-09-04 11:30:00+00:00,6.408589997325488,9.501979002079002,8.08982282361847,False
2014-09-04 12:00:00+00:00,6.26854509227066,7.769701377338879,8.03480620741862,False
2014-09-04 12:30:00+00:00,5.700310938753677,9.40427143970894,8.288129182437547,False
2014-09-04 13:00:00+00:00,6.1520947044664345,9.955818217255718,7.977613398940197,False
2014-09-04 13:30:00+00:00,6.919133618614604,9.523500155925156,7.209445495836486,False
2014-09-04 14:00:00+00:00,5.888751243648034,9.36881340956341,7.680646177138531,False
2014-09-04 14:30:00+00:00,6.8542140679326025,10.237601975051977,7.277880469341407,False
2014-09-04 15:00:00+00:00,6.849444985290185,9.449830561330565,7.962537547312642,False
2014-09-04 15:30:00+00:00,4.698057234554693,8.06962603950104,5.308858402725208,False
2014-09-04 16:00:00+00:00,5.471338058304359,8.564792541580042,7.911197539742619,False
2014-09-04 16:30:00+00:00,4.490046081840063,7.391031756756758,7.6452808478425425,False
2014-09-04 17:00:00+00:00,4.5123097352233215,5.744320893970894,5.82187910673732,False
2014-09-04 17:30:00+00:00,3.6647714629580097,4.354244984407485,4.128274186222559,False
2014-09-04 18:00:00+00:00,1.8812949451725056,2.8304054573804573,2.633059651778954,False
2014-09-04 18:30:00+00:00,1.804406311848088,2.0341533783783787,1.9723339515518543,False
2014-09-04 19:00:00+00:00,1.8197546402781493,2.039366891891892,1.848684595003785,False
2014-09-04 19:30:00+00:00,1.5357959882321477,1.561870712058212,1.6847752081756244,False
2014-09-04 20:00:00+00:00,1.230872532762771,1.93508737006237,1.28644477668433,False
2014-09-04 20:30:00+00:00,1.452104493179995,1.6898742203742207,1.4473792959878875,False
2014-09-04 21:00:00+00:00,1.3162839796737096,1.9281249740124744,1.406111355034065,False
2014-09-04 21:30:00+00:00,1.368107087456539,1.9661374220374224,1.234645874337623,False
2014-09-04 22:00:00+00:00,1.318005054827494,1.6895614085239088,1.2322351249053745,False
2014-09-04 22:30:00+00:00,1.3227228670767583,1.3344450103950103,1.1612975018925056,False
2014-09-04 23:00:00+00:00,1.2896107515378443,1.690144256756757,1.1515569644208932,False
2014-09-04 23:30:00+00:00,1.1779466167424444,1.453967203742204,1.0927367524602574,False
2014-09-05 00:00:00+00:00,1.281305188553089,1.5489116943866943,1.038226078728236,False
2014-09-05 00:30:00+00:00,1.2966387269323347,1.274622998960499,1.0036649507948523,False
2014-09-05 01:00:00+00:00,1.1990056967103504,1.4303223752598755,1.0037027252081756,False
2014-09-05 01:30:00+00:00,1.181749237764108,1.4957882276507275,1.0037027252081756,False
2014-09-05 02:00:00+00:00,1.250813987697245,1.2598251039501038,1.0037027252081756,False
2014-09-05 02:30:00+00:00,1.215332575554961,1.3202160602910602,1.0190247539742618,False
2014-09-05 03:00:00+00:00,1.1805768387269322,1.3801743243243243,1.0037027252081756,False
2014-09-05 03:30:00+00:00,1.295298208077026,1.410210472972973,1.0037027252081756,False
2014-09-05 04:00:00+00:00,1.21584565391816,1.472108264033264,1.0037027252081756,False
2014-09-05 04:30:00+00:00,1.1865229473121155,1.5171913201663203,1.0037027252081756,False
2014-09-05 05:00:00+00:00,1.221256004279219,1.5203743762993764,1.0037027252081756,False
2014-09-05 05:30:00+00:00,1.1851866274404923,1.305448128898129,1.0037027252081756,False
2014-09-05 06:00:00+00:00,1.2007115538914148,1.5152023128898129,1.053016578349735,False
2014-09-05 06:30:00+00:00,2.3913641080502805,3.5535593814968816,2.898882286146858,False
2014-09-05 07:00:00+00:00,3.323539208344477,4.567733991683992,4.023547691143073,False
2014-09-05 07:30:00+00:00,2.952528831238299,6.3155403326403325,5.438265177895533,False
2014-09-05 08:00:00+00:00,5.075168333779086,5.267607536382537,2.876576419379258,False
2014-09-05 08:30:00+00:00,4.934905402514041,7.344633082120583,6.831540688872066,False
2014-09-05 09:00:00+00:00,6.883885664616208,8.05208911122661,6.637954390613171,False
2014-09-05 09:30:00+00:00,5.271024926450923,7.80137681912682,6.826580431491293,False
2014-09-05 10:00:00+00:00,4.959713265579032,8.65172247920998,7.43499254352763,False
2014-09-05 10:30:00+00:00,6.030464535972185,8.339559095634097,7.566530015140045,False
2014-09-05 11:00:00+00:00,6.215389515913345,8.792641216216216,8.065939818319453,False
2014-09-05 11:30:00+00:00,5.745010698047606,8.728875805613306,7.436999470098409,False
2014-09-05 12:00:00+00:00,6.199943781759829,10.003560083160083,7.54593667676003,False
2014-09-05 12:30:00+00:00,5.830967317464562,10.245961902286902,7.814713853141559,False
2014-09-05 13:00:00+00:00,7.460002647766783,9.830305847193348,7.624572634367903,False
2014-09-05 13:30:00+00:00,7.434342444503879,10.357424506237008,8.323021044663134,False
2014-09-05 14:00:00+00:00,6.771049291254346,10.163251897089395,8.850822369417108,False
2014-09-05 14:30:00+00:00,6.736634848890078,8.171329106029107,7.065856169568509,False
2014-09-05 15:00:00+00:00,6.886767263974324,8.695555717255719,8.199510673732021,False
2014-09-05 15:30:00+00:00,5.463644931799947,8.109525935550936,6.138908629825889,False
2014-09-05 16:00:00+00:00,5.7683374699117405,7.994486200623702,7.07828561695685,False
2014-09-05 16:30:00+00:00,5.197310671302486,6.421166216216217,4.489694171082513,False
2014-09-05 17:00:00+00:00,4.267686520460017,5.22243484927235,5.182908705526117,False
2014-09-05 17:30:00+00:00,3.459395801016315,3.5088197505197507,3.883225775927328,False
2014-09-05 18:00:00+00:00,1.5521276811981817,2.578244178794179,2.3095540499621494,False
2014-09-05 18:30:00+00:00,1.1779466167424444,2.084273310810811,1.828792770628312,False
2014-09-05 19:00:00+00:00,1.5696978069002407,1.7868153066528067,1.5120054882664649,False
2014-09-05 19:30:00+00:00,1.527978389943835,1.6780577182952183,1.372425738077214,False
2014-09-05 20:00:00+00:00,1.2580114469109387,1.9712791060291064,1.2581702498107492,False
2014-09-05 20:30:00+00:00,1.288412008558438,1.670750883575884,1.4097454579863735,False
2014-09-05 21:00:00+00:00,1.181994784701792,1.6029555873180874,1.1716804314912943,False
2014-09-05 21:30:00+00:00,1.2180794330034768,1.7392328482328483,1.0475091975775928,False
2014-09-05 22:00:00+00:00,1.2636489435677989,1.2779891372141374,1.0429817562452688,False
2014-09-05 22:30:00+00:00,1.2306636266381386,1.71302985966736,1.1886948145344436,False
2014-09-05 23:00:00+00:00,1.2550357849692433,1.5618540280665285,1.1141272899318695,False
2014-09-05 23:30:00+00:00,1.2566761968440758,1.7304411122661127,1.0763819833459498,False
2014-09-06 00:00:00+00:00,1.1920385129713826,1.5152443087318088,1.0052526495079486,False
2014-09-06 00:30:00+00:00,1.5630239101364,1.4421523388773387,1.0013059046177135,False
2014-09-06 01:00:00+00:00,1.3740076223589195,1.6981182432432431,1.047435768357305,False
2014-09-06 01:30:00+00:00,1.2518923776410804,1.4311496621621622,1.0565148750946254,False
2014-09-06 02:00:00+00:00,1.2434248729606847,1.488254651767152,1.0964085541256623,False
2014-09-06 02:30:00+00:00,1.2134233752340198,1.5131049376299377,1.055960598031794,False
2014-09-06 03:00:00+00:00,1.1991418561112597,1.5446597453222457,1.0037027252081756,False
2014-09-06 03:30:00+00:00,1.1779466167424444,1.48186224012474,1.032879863739591,False
2014-09-06 04:00:00+00:00,1.1779466167424444,1.463948128898129,1.0095968205904615,False
2014-09-06 04:30:00+00:00,1.1779466167424444,1.218842021829522,1.0033993943981832,False
2014-09-06 05:00:00+00:00,1.1779466167424444,1.2858339916839916,1.0311298258894777,False
2014-09-06 05:30:00+00:00,1.1779466167424444,1.4480916060291062,1.0518507191521576,False
2014-09-06 06:00:00+00:00,1.3417607916555228,1.2768709459459462,1.160657721423164,False
2014-09-06 06:30:00+00:00,1.3503974324685746,2.531296777546778,2.317153292959879,False
2014-09-06 07:00:00+00:00,3.3336179192297406,4.870267801455302,4.236546669190007,False
2014-09-06 07:30:00+00:00,2.991747579566729,6.254195841995842,4.957593376230128,False
2014-09-06 08:00:00+00:00,5.992487723990371,6.331741164241166,5.235999545798638,False
2014-09-06 08:30:00+00:00,5.132761192832308,7.461285187110188,6.084501968205904,False
2014-09-06 09:00:00+00:00,5.78637908531693,7.706792983367984,6.465079031037093,False
2014-09-06 09:30:00+00:00,6.115861380048142,7.646378300415801,7.699388872066616,False
2014-09-06 10:00:00+00:00,6.600360123027548,8.183242957380457,8.104934102952308,False
2014-09-06 10:30:00+00:00,6.0541519122760095,7.484937422037423,7.90994958364875,False
2014-09-06 11:00:00+00:00,5.559247659802087,8.925250311850313,8.005274791824375,False
2014-09-06 11:30:00+00:00,6.061555924043862,9.291809823284824,7.263886525359577,False
2014-09-06 12:00:00+00:00,7.190056458946242,9.203373180873182,8.622350037850113,False
2014-09-06 12:30:00+00:00,6.096955763573147,9.460254054054056,7.3895477668433,False
2014-09-06 13:00:00+00:00,6.678199063920834,8.224755535343036,7.672135049205147,False
2014-09-06 13:30:00+00:00,5.852002219844878,10.538088643451143,8.306186714610142,False
2014-09-06 14:00:00+00:00,7.563790238031561,10.054554547817048,8.208922255866767,False
2014-09-06 14:30:00+00:00,6.175756619416957,9.537886096673596,7.57965874337623,False
2014-09-06 15:00:00+00:00,6.448582134260497,8.538519750519752,8.281421877365633,False
2014-09-06 15:30:00+00:00,3.417012730676652,7.870929495841997,8.099549356548069,False
2014-09-06 16:00:00+00:00,5.741772880449318,7.156957640332641,7.004467676003028,False
2014-09-06 16:30:00+00:00,4.592452500668627,5.569350701663202,6.409566048448145,False
2014-09-06 17:00:00+00:00,4.274076865472051,4.873088955301456,5.470500757002271,False
2014-09-06 17:30:00+00:00,2.78493559775341,3.433076949064449,3.082555677517033,False
2014-09-06 18:00:00+00:00,2.1388574752607648,2.535511018711019,2.2819394398183195,False
2014-09-06 18:30:00+00:00,1.5601946777213158,1.971990020790021,1.909658137774413,False
2014-09-06 19:00:00+00:00,1.383935410537577,1.627862266112266,1.337442089326268,False
2014-09-06 19:30:00+00:00,1.2747139074618885,1.6756165800415803,1.2336434897804691,False
2014-09-06 20:00:00+00:00,1.249636159400909,1.8284554054054056,1.3071375094625284,False
2014-09-06 20:30:00+00:00,1.3227215298208077,1.8699229729729732,1.1916951551854655,False
2014-09-06 21:00:00+00:00,1.2503054025140412,1.470083212058212,1.019116654049962,False
2014-09-06 21:30:00+00:00,1.224177373629313,1.6157675415800417,1.0060180545041637,False
2014-09-06 22:00:00+00:00,1.2534149772666487,1.355579183991684,1.1503160105980317,False
2014-09-06 22:30:00+00:00,1.2004292324150845,1.7842742203742206,1.073118773656321,False
2014-09-06 23:00:00+00:00,1.3482707675849157,1.5427184771309772,1.0003870552611658,False
2014-09-06 23:30:00+00:00,1.212766274404921,1.393647972972973,1.1139912944738837,False
2014-09-07 00:00:00+00:00,1.2439157528751,1.2947160343035344,1.0835091975775926,False
2014-09-07 00:30:00+00:00,1.2716210751537844,1.3842098232848234,1.062891332323997,False
2014-09-07 01:00:00+00:00,1.3102113131853437,1.6101691787941788,1.1740418622255866,False
2014-09-07 01:30:00+00:00,1.3062548274939825,1.226665280665281,1.0168397804693412,False
2014-09-07 02:00:00+00:00,1.3080046803958278,1.264291398128898,1.0037027252081756,False
2014-09-07 02:30:00+00:00,1.290503289649639,1.210510524948025,1.0289702119606357,False
2014-09-07 03:00:00+00:00,1.2138044396897565,1.433877442827443,1.0416459121877364,False
2014-09-07 03:30:00+00:00,1.1779466167424444,1.4122182952182951,1.0546858819076457,False
2014-09-07 04:00:00+00:00,1.3828020593741643,1.453529132016632,1.0383935654806964,False
2014-09-07 04:30:00+00:00,1.1779466167424444,1.326560472972973,1.046749318697956,False
2014-09-07 05:00:00+00:00,1.3352883123829902,1.4984688929313932,1.0967548069644208,False
2014-09-07 05:30:00+00:00,1.2029767050013371,1.2997648908523909,1.2185645722937168,False
2014-09-07 06:00:00+00:00,1.5248014709815458,1.3978937889812892,1.5349703255109766,False
2014-09-07 06:30:00+00:00,1.7060956138004817,1.88126813929314,1.6625579106737318,False
2014-09-07 07:00:00+00:00,1.507483257555496,2.1338795997921,1.6421901589704766,False
2014-09-07 07:30:00+00:00,1.8643462423107784,1.913573648648649,1.2489129068887206,False
2014-09-07 08:00:00+00:00,2.3081500133725594,4.70863277027027,4.456868546555639,False
2014-09-07 08:30:00+00:00,5.0407620754212354,6.747428404365905,6.402142846328538,False
2014-09-07 09:00:00+00:00,5.186028617277347,6.9386988045738045,6.1971362982588944,False
2014-09-07 09:30:00+00:00,5.291206204867612,6.900954911642412,6.3153995079485234,False
2014-09-07 10:00:00+00:00,4.657741240973523,5.797891632016633,5.407953671461013,False
2014-09-07 10:30:00+00:00,3.528522198448783,5.092147895010395,4.541085995457986,False
2014-09-07 11:00:00+00:00,2.7068233752340194,5.267499480249481,5.11597505677517,False
2014-09-07 11:30:00+00:00,6.387369617544798,9.514206652806651,8.782674413323239,False
2014-09-07 12:00:00+00:00,7.104056860123027,9.792251715176716,8.6944558667676,False
2014-09-07 12:30:00+00:00,4.834531158063653,8.228545296257796,7.86770287660863,False
2014-09-07 13:00:00+00:00,6.441782374966568,10.011737629937633,8.900412831188492,False
2014-09-07 13:30:00+00:00,6.602156004279219,10.372161304573805,8.528043300529902,False
2014-09-07 14:00:00+00:00,7.510742257288044,10.26406878898129,8.692328463285389,False
2014-09-07 14:30:00+00:00,5.037402567531426,7.19730945945946,6.368083005299016,False
2014-09-07 15:00:00+00:00,5.792229660336988,7.834368191268191,7.02355821347464,False
2014-09-07 15:30:00+00:00,5.439840839796737,7.272549038461539,6.861008251324753,False
2014-09-07 16:00:00+00:00,6.738482802888473,8.350236564449064,7.068624148372445,False
2014-09-07 16:30:00+00:00,5.137298502273334,6.716326949064449,7.082039174867524,False
2014-09-07 17:00:00+00:00,4.682736266381386,5.136490410602911,5.167969947009841,False
2014-09-07 17:30:00+00:00,2.499671944370153,4.001916424116424,3.5133862982588946,False
2014-09-07 18:00:00+00:00,2.3404411339930458,2.316178768191268,2.1940538985616955,False
2014-09-07 18:30:00+00:00,1.4211358919497192,2.1836147869022877,1.7733803557910672,False
2014-09-07 19:00:00+00:00,1.1779466167424444,1.8570675415800415,1.3997828917486752,False
2014-09-07 19:30:00+00:00,1.365147606311848,1.61771696985447,1.3163904996214986,False
2014-09-07 20:00:00+00:00,1.3495080502808237,1.372385576923077,1.343260938682816,False
2014-09-07 20:30:00+00:00,1.2467407060711422,1.3917508835758838,1.2039922785768358,False
2014-09-07 21:00:00+00:00,1.2028649104038514,1.3279869542619545,1.085943868281605,False
2014-09-07 21:30:00+00:00,1.2070438352500668,1.6179053274428274,1.149775662376987,False
2014-09-07 22:00:00+00:00,1.1995074351430863,1.349089994802495,1.0271574564723691,False
2014-09-07 22:30:00+00:00,1.2455350895961488,1.5129076923076925,1.058175094625284,False
2014-09-07 23:00:00+00:00,1.2501060711420169,1.343608393970894,1.0484204012112035,False
2014-09-07 23:30:00+00:00,1.2595691093875367,1.1814985187110187,1.0283011355034066,False
2014-09-08 00:00:00+00:00,1.2070106713024873,1.331181470893971,1.0037027252081756,False
2014-09-08 00:30:00+00:00,1.1779466167424444,1.1814985187110187,1.0037027252081756,False
2014-09-08 01:00:00+00:00,1.1901156726397433,1.4373459199584202,1.0064912187736563,False
2014-09-08 01:30:00+00:00,1.2244515110992245,1.3437070426195428,1.0037027252081756,False
2014-09-08 02:00:00+00:00,1.3089513506285104,1.382902104989605,1.0037027252081756,False
2014-09-08 02:30:00+00:00,1.2627950254078633,1.3394427234927235,1.0502040121120362,False
2014-09-08 03:00:00+00:00,1.228199839529286,1.58168341995842,1.0037027252081756,False
2014-09-08 03:30:00+00:00,1.2106581973789785,1.288706288981289,0.999244436033308,False
2014-09-08 04:00:00+00:00,1.3324656860123028,1.3710110966735969,1.0037027252081756,False
2014-09-08 04:30:00+00:00,1.2093510296870822,1.4124402806652807,1.117402687358062,False
2014-09-08 05:00:00+00:00,1.2085543193367208,1.214237603950104,1.0037027252081756,False
2014-09-08 05:30:00+00:00,1.2817296068467503,1.2185103690228691,1.063844700984103,False
2014-09-08 06:00:00+00:00,1.1896690024070606,1.3878434511434512,1.1049039742619229,False
2014-09-08 06:30:00+00:00,2.912227520727467,4.312366865904367,3.429686866010598,False
2014-09-08 07:00:00+00:00,3.8609000802353566,4.808458212058213,4.054323883421651,False
2014-09-08 07:30:00+00:00,2.5281093073014174,5.708861252598752,5.8184919000757,False
2014-09-08 08:00:00+00:00,5.603663305696711,5.0373184251559255,6.9429994700984095,False
2014-09-08 08:30:00+00:00,5.549422974057234,6.5379775207900215,6.498720401211203,False
2014-09-08 09:00:00+00:00,4.606044129446376,7.267301533264034,6.648801703255109,False
2014-09-08 09:30:00+00:00,4.639407836319871,7.124506288981288,6.186301892505678,False
2014-09-08 10:00:00+00:00,5.7137298742979405,7.842948154885654,6.988048485995457,False
2014-09-08 10:30:00+00:00,2.2336927520727468,8.97093801975052,8.164590915972747,False
2014-09-08 11:00:00+00:00,2.57574971917625,7.173857328482329,6.624180355791067,False
2014-09-08 11:30:00+00:00,4.05305950788981,8.199590150727651,7.287055488266464,False
2014-09-08 12:00:00+00:00,7.465009066595345,7.83528931912682,8.534397312641937,False
2014-09-08 12:30:00+00:00,7.389641989836855,9.503401611226613,7.893057872823618,False
2014-09-08 13:00:00+00:00,3.9859144958545065,8.603071361746363,8.513823769871308,False
2014-09-08 13:30:00+00:00,7.048318373896764,9.818489708939708,7.897348599545799,False
2014-09-08 14:00:00+00:00,7.472507194437015,10.695343347193347,8.330014572293717,False
2014-09-08 14:30:00+00:00,4.876929981278416,9.076928482328482,7.744548637395911,False
2014-09-08 15:00:00+00:00,6.947497405723456,9.182891138253638,7.972703330809992,False
2014-09-08 15:30:00+00:00,6.3958040920032095,8.738148102910603,5.361899772899319,False
2014-09-08 16:00:00+00:00,5.663820593741642,8.326074636174637,7.586762301286903,False
2014-09-08 16:30:00+00:00,5.552013212088794,6.4697543399168405,7.436568849356547,False
2014-09-08 17:00:00+00:00,4.719575474725862,5.549203976091476,5.620981529144586,False
2014-09-08 17:30:00+00:00,2.734023749665686,3.75403115904366,3.6014769114307343,False
2014-09-08 18:00:00+00:00,2.133415110992244,2.30981198024948,2.3628649507948523,False
2014-09-08 18:30:00+00:00,1.6244248194704467,2.13243775987526,2.0060211203633607,False
2014-09-08 19:00:00+00:00,1.4989750468039584,1.969162863825364,1.388898145344436,False
2014-09-08 19:30:00+00:00,1.3858101096549875,1.6472465436590438,1.1744836866010595,False
2014-09-08 20:00:00+00:00,1.2997936079165553,1.5200364085239089,1.2366278198334593,False
2014-09-08 20:30:00+00:00,1.314431906926986,1.405875025987526,1.2883005677517032,False
2014-09-08 21:00:00+00:00,1.4527855843808506,1.2755555873180875,1.0997849735049203,False
2014-09-08 21:30:00+00:00,1.284730542925916,1.5473287681912682,1.107747956093868,False
2014-09-08 22:00:00+00:00,1.309984969243113,1.25961314968815,1.1568920514761545,False
2014-09-08 22:30:00+00:00,1.185813345814389,1.3171180873180874,1.0140233535200605,False
2014-09-08 23:00:00+00:00,1.2368147900508155,1.3540069646569648,1.030105299015897,False
2014-09-08 23:30:00+00:00,1.2159031826691629,1.4731551715176718,1.0037027252081756,False
2014-09-09 00:00:00+00:00,1.184850869216368,1.3663218814968816,1.0037027252081756,False
2014-09-09 00:30:00+00:00,1.1907366675581708,1.3007579002079002,1.0037027252081756,False
2014-09-09 01:00:00+00:00,1.2418652580903986,1.4979181133056134,0.9918485995457986,False
2014-09-09 01:30:00+00:00,1.2649818668093074,1.4911321985446986,1.013850492051476,False
2014-09-09 02:00:00+00:00,1.3282660069537309,1.3784800155925157,1.0398629068887206,False
2014-09-09 02:30:00+00:00,1.231659320673977,1.1922484407484408,1.0413706661619984,False
2014-09-09 03:00:00+00:00,1.2230985557635732,1.193864838877339,1.0037027252081756,False
2014-09-09 03:30:00+00:00,1.1779466167424444,1.4619616164241165,1.0037027252081756,False
2014-09-09 04:00:00+00:00,1.1779466167424444,1.5004886174636176,1.1125545041635123,False
2014-09-09 04:30:00+00:00,1.254032013907462,1.4784734407484408,1.0037027252081756,False
2014-09-09 05:00:00+00:00,1.1826675849157529,1.3059074584199586,1.0255289174867526,False
2014-09-09 05:30:00+00:00,1.1779466167424444,1.244516683991684,1.054857229371688,False
2014-09-09 06:00:00+00:00,1.1976366675581709,1.288291761954262,1.0315012869038604,False
2014-09-09 06:30:00+00:00,1.296244049211019,1.3810474012474014,1.1001668433005298,False
2014-09-09 07:00:00+00:00,1.613650708745654,1.7256867463617465,1.920229447388342,False
2014-09-09 07:30:00+00:00,2.485204118748328,2.573069412681913,3.113472255866767,False
2014-09-09 08:00:00+00:00,4.678219470446643,4.867451013513514,6.409042619227858,False
2014-09-09 08:30:00+00:00,5.655714495854507,6.7314157744282745,6.6173609008327015,False
2014-09-09 09:00:00+00:00,6.284523883391281,7.308615566528067,7.456028160484481,False
2014-09-09 09:30:00+00:00,6.085203289649638,8.640762344074844,7.189710635881907,False
2014-09-09 10:00:00+00:00,6.334146295801016,8.280207874220375,7.154842392127176,False
2014-09-09 10:30:00+00:00,6.635236186146028,8.516445192307692,7.384823202119605,False
2014-09-09 11:00:00+00:00,5.419555870553624,8.72163458939709,8.561012112036336,False
2014-09-09 11:30:00+00:00,5.720205429259161,9.908487655925155,8.413779560938682,False
2014-09-09 12:00:00+00:00,6.353763920834448,9.695665982328483,7.978157342922028,False
2014-09-09 12:30:00+00:00,6.783707568868681,9.936017931392934,8.380298372445116,False
2014-09-09 13:00:00+00:00,6.550772265311581,10.038546413721416,8.648928274034823,False
2014-09-09 13:30:00+00:00,5.2070565391816,10.996640254677756,8.976437585162754,False
2014-09-09 14:00:00+00:00,8.112801310510832,9.9179946985447,8.995220287660864,False
2014-09-09 14:30:00+00:00,4.6832151644824815,8.716416606029107,6.958721725965178,False
2014-09-09 15:00:00+00:00,6.199076116608719,9.891409329521831,8.323896517789553,False
2014-09-09 15:30:00+00:00,6.443619202995453,8.322851741164241,7.890239629068886,False
2014-09-09 16:00:00+00:00,5.222801310510832,8.687557224532226,8.2855698334595,False
2014-09-09 16:30:00+00:00,5.818018882054026,6.81051140852391,7.630100302800908,False
2014-09-09 17:00:00+00:00,3.835463573147901,5.931290592515593,5.204672331566994,False
2014-09-09 17:30:00+00:00,3.57421115271463,4.18047448024948,3.70101161998486,False
2014-09-09 18:00:00+00:00,1.3820020593741642,2.5645840696465703,2.5434351249053746,False
2014-09-09 18:30:00+00:00,1.9408636266381385,2.0729688149688155,2.1190562831188493,False
2014-09-09 19:00:00+00:00,1.542594971917625,1.952986070686071,1.384425738077214,False
2014-09-09 19:30:00+00:00,1.498021663546403,1.6686074064449063,1.5991182059046176,False
2014-09-09 20:00:00+00:00,1.376910992243915,1.4864820426195429,1.1346570401211202,False
2014-09-09 20:30:00+00:00,1.5047549879646964,1.5269351611226611,1.1130898183194549,False
2014-09-09 21:00:00+00:00,1.1779466167424444,1.6121365644490646,1.10504882664648,False
2014-09-09 21:30:00+00:00,1.1779466167424444,1.3899390592515593,1.0898487887963664,False
2014-09-09 22:00:00+00:00,1.2922232682535435,1.5997717255717256,1.0803813777441331,False
2014-09-09 22:30:00+00:00,1.257400213960952,1.533718633056133,1.0063419000757,False
2014-09-09 23:00:00+00:00,1.2047993581171434,1.6549572765072764,1.1037236184708554,False
2014-09-09 23:30:00+00:00,1.2436368012837655,1.2862240124740127,1.0037027252081756,False
2014-09-10 00:00:00+00:00,1.1779466167424444,1.3437201663201663,1.0500066994700985,False
2014-09-10 00:30:00+00:00,1.1779466167424444,1.3396233108108109,1.0234190007570023,False
2014-09-10 01:00:00+00:00,1.1779466167424444,1.3978380197505198,1.0037027252081756,False
2014-09-10 01:30:00+00:00,1.1779466167424444,1.4554288201663204,1.0037027252081756,False
2014-09-10 02:00:00+00:00,1.2005482481947043,1.4039630457380456,1.0256795609386828,False
2014-09-10 02:30:00+00:00,1.22936087189088,1.4763641891891894,1.0037027252081756,False
2014-09-10 03:00:00+00:00,1.1779466167424444,1.2679247920997925,1.0184650264950794,False
2014-09-10 03:30:00+00:00,1.1779466167424444,1.3447135914760917,1.0372762301286904,False
2014-09-10 04:00:00+00:00,1.213488526343942,1.1814985187110187,1.0057699848599546,False
2014-09-10 04:30:00+00:00,1.243442471248997,1.2577545997921,0.997490575321726,False
2014-09-10 05:00:00+00:00,1.2318674779352763,1.4606191008316012,1.0616849735049203,False
2014-09-10 05:30:00+00:00,1.318309842203798,1.6055017411642414,1.1366085162755488,False
2014-09-10 06:00:00+00:00,1.4579420433270929,1.735190228690229,1.2743342922028766,False
2014-09-10 06:30:00+00:00,1.8252022733351163,2.5954944386694385,2.6415716502649507,False
2014-09-10 07:00:00+00:00,3.9311189622893816,3.984741372141372,3.9481783875851626,False
2014-09-10 07:30:00+00:00,4.084883364535973,3.3653659043659045,3.988440953822861,False
2014-09-10 08:00:00+00:00,3.850304680395828,4.8696009095634105,4.656070514761544,False
2014-09-10 08:30:00+00:00,5.017595774271195,4.39179786902287,5.605869871309613,False
2014-09-10 09:00:00+00:00,6.043980743514309,6.885667853430355,7.857588152914458,False
2014-09-10 09:30:00+00:00,5.558400855843808,7.383388097713098,7.299272672218016,False
2014-09-10 10:00:00+00:00,5.98234348756352,8.461011356548857,7.295213626040878,False
2014-09-10 10:30:00+00:00,6.244351484354105,8.82169747920998,8.287057267221801,False
2014-09-10 11:00:00+00:00,4.554287804225728,9.132202312889811,7.992548864496593,False
2014-09-10 11:30:00+00:00,6.252187001872159,9.278253144490646,8.507339704769114,False
2014-09-10 12:00:00+00:00,6.572120807702594,10.394734563409564,7.411366919000757,False
2014-09-10 12:30:00+00:00,6.900381652848355,9.585375285862789,8.220770968962906,False
2014-09-10 13:00:00+00:00,7.2592239636266385,9.571046413721415,8.673034027252081,False
2014-09-10 13:30:00+00:00,5.719975608451458,10.113884433471934,8.20722505677517,False
2014-09-10 14:00:00+00:00,7.471161727734689,10.375863435550936,8.068559651778955,False
2014-09-10 14:30:00+00:00,6.82226386734421,8.89802850831601,8.885338304314912,False
2014-09-10 15:00:00+00:00,3.534422947312116,8.155733627858629,7.457394700984103,False
2014-09-10 15:30:00+00:00,6.08046713024873,8.898032172557173,7.041453557910674,False
2014-09-10 16:00:00+00:00,4.757765097619684,7.872137785862786,7.427826797880392,False
2014-09-10 16:30:00+00:00,5.349158598555764,6.526122583160084,7.651604125662376,False
2014-09-10 17:00:00+00:00,3.5264963894089325,5.065814916839917,5.207438985616956,False
2014-09-10 17:30:00+00:00,2.921326450922707,3.429436434511435,3.3517467448902343,False
2014-09-10 18:00:00+00:00,1.4907920566996524,2.061592021829522,2.1565461392884178,False
2014-09-10 18:30:00+00:00,1.6777173575822413,1.7890710758835755,1.7764378879636638,False
2014-09-10 19:00:00+00:00,1.5186469109387537,1.6858637733887736,1.4930813398940193,False
2014-09-10 19:30:00+00:00,1.5074120085584382,1.9941637214137216,1.2926679788039366,False
2014-09-10 20:00:00+00:00,1.3189040652580903,1.433000363825364,1.145492505677517,False
2014-09-10 20:30:00+00:00,1.3197115004011766,1.59392104989605,1.0611126797880392,False
2014-09-10 21:00:00+00:00,1.5206438352500669,1.7891411122661125,1.260634102952309,False
2014-09-10 21:30:00+00:00,1.326103690826424,1.7243608108108113,1.1607341408024223,False
2014-09-10 22:00:00+00:00,1.3228074351430863,1.291494022869023,1.1132900075700227,False
2014-09-10 22:30:00+00:00,1.4414022733351164,1.4790886694386696,1.0640416351249051,False
2014-09-10 23:00:00+00:00,1.4422061781224926,1.566458316008316,1.0037027252081756,False
2014-09-10 23:30:00+00:00,1.2082888472853703,1.5312722453222456,1.0387879636638908,False
2014-09-11 00:00:00+00:00,1.1779466167424444,1.4260895010395012,1.039913550340651,False
2014-09-11 00:30:00+00:00,1.211228964963894,1.474574766112266,1.016468092354277,False
2014-09-11 01:00:00+00:00,1.284093367210484,1.4643768711018712,1.0417635503406508,False
2014-09-11 01:30:00+00:00,1.2779161807970043,1.2707224272349271,1.017082323996972,False
2014-09-11 02:00:00+00:00,1.1855061781224927,1.1823079261954264,1.0046175246025737,False
2014-09-11 02:30:00+00:00,1.2863504680395828,1.4324074064449066,1.0066645344436032,False
2014-09-11 03:00:00+00:00,1.3278486226263706,1.3180112525987526,1.0747676003028008,False
2014-09-11 03:30:00+00:00,1.1969064990639209,1.40330803014553,1.062176419379258,False
2014-09-11 04:00:00+00:00,1.3543200320941429,1.475402234927235,1.140865556396669,False
2014-09-11 04:30:00+00:00,1.202494891682268,1.495220348232848,1.0487691521574565,False
2014-09-11 05:00:00+00:00,1.1931893554426318,1.4237069906444908,1.156090651021953,False
2014-09-11 05:30:00+00:00,1.2719204065258092,1.530531470893971,0.9950972369417108,False
2014-09-11 06:00:00+00:00,1.219037416421503,1.659768477130977,1.258442846328539,False
2014-09-11 06:30:00+00:00,2.259823803155924,2.7976741683991686,2.92082388342165,False
2014-09-11 07:00:00+00:00,2.3908162075421235,5.220528456340957,4.918762831188493,False
2014-09-11 07:30:00+00:00,4.938624765980209,5.371073154885655,4.2020384178652535,False
2014-09-11 08:00:00+00:00,5.889869724525274,6.429857406444906,5.310441862225586,False
2014-09-11 08:30:00+00:00,4.582670607114202,7.070178508316009,6.340065556396669,False
2014-09-11 09:00:00+00:00,4.729179566729072,7.49940220893971,7.447469984859954,False
2014-09-11 09:30:00+00:00,6.046585771596684,8.841245634095635,8.065442089326268,False
2014-09-11 10:00:00+00:00,5.491995078898101,8.393867203742206,7.803125321725965,False
2014-09-11 10:30:00+00:00,6.20718721583311,9.070795088357588,7.830438758516275,False
2014-09-11 11:00:00+00:00,2.1962931799946506,8.22285142931393,7.496215669947009,False
2014-09-11 11:30:00+00:00,7.474636560577696,9.107304729729732,8.206110635881908,False
2014-09-11 12:00:00+00:00,5.586682802888474,9.897441190228692,7.906774981074943,False
2014-09-11 12:30:00+00:00,6.874074806097887,9.24195291060291,6.9724995457986365,False
2014-09-11 13:00:00+00:00,6.264178042257288,9.992072271309771,9.146256283118849,False
2014-09-11 13:30:00+00:00,6.622629259160203,8.424271023908524,4.90600234670704,False
2014-09-11 14:00:00+00:00,7.999030542925916,9.96883193866944,8.858030052990157,False
2014-09-11 14:30:00+00:00,7.015681545867879,8.967861824324325,7.3376331188493555,False
2014-09-11 15:00:00+00:00,5.839570981545868,8.666269048856549,8.844789856169568,False
2014-09-11 15:30:00+00:00,4.26170706071142,8.483239033264034,5.905940234670704,False
2014-09-11 16:00:00+00:00,5.615065899973255,7.209650285862787,7.597165859197577,False
2014-09-11 16:30:00+00:00,4.853294142818935,6.544359303534304,7.556109576078728,False
2014-09-11 17:00:00+00:00,3.665798609253811,4.913113487525988,5.622274943224829,False
2014-09-11 17:30:00+00:00,3.09620163145226,3.56603406964657,3.35222441332324,False
2014-09-11 18:00:00+00:00,2.152225488098422,2.324309797297297,2.218423429220288,False
2014-09-11 18:30:00+00:00,1.6047713827226533,1.9264719854469852,1.4768034822104463,False
2014-09-11 19:00:00+00:00,1.4584040385129713,1.6137760395010396,1.596840310370931,False
2014-09-11 19:30:00+00:00,1.3997054292591602,1.3583049376299376,1.4302861847085542,False
2014-09-11 20:00:00+00:00,1.373491628777748,1.7156836018711024,1.166957797123391,False
2014-09-11 20:30:00+00:00,1.4731784969243114,1.3568740904365906,1.2966193035579106,False
2014-09-11 21:00:00+00:00,1.2131335651243649,1.23394974012474,1.002024905374716,False
2014-09-11 21:30:00+00:00,1.1779466167424444,1.2084245062370065,1.1362028766086298,False
2014-09-11 22:00:00+00:00,1.2593367210484083,1.309693373180873,1.0037027252081756,False
2014-09-11 22:30:00+00:00,1.1779466167424444,1.3740363825363824,1.0037027252081756,False
2014-09-11 23:00:00+00:00,1.2545866006953732,1.3497243762993762,0.9929543906131718,False
2014-09-11 23:30:00+00:00,1.2416365873228137,1.3749229469854471,1.0193351627554883,False
2014-09-12 00:00:00+00:00,1.239111607381653,1.326024974012474,1.0037027252081756,False
2014-09-12 00:30:00+00:00,1.1846687349558709,1.2147952962577964,1.0292240348221044,False
2014-09-12 01:00:00+00:00,1.1779466167424444,1.2583094334719336,1.0088149129447388,False
2014-09-12 01:30:00+00:00,1.1980394490505484,1.3839452962577965,1.0037027252081756,False
2014-09-12 02:00:00+00:00,1.267613024872961,1.3581788461538462,1.015312717638153,False
2014-09-12 02:30:00+00:00,1.1922703129178924,1.3852469074844074,1.0859574943224828,False
2014-09-12 03:00:00+00:00,1.2434825621824015,1.2246526507276507,1.0016214231642693,False
2014-09-12 03:30:00+00:00,1.3723928857983416,1.2590401507276507,1.0037027252081756,False
2014-09-12 04:00:00+00:00,1.3085086654185611,1.6587133575883577,1.057463285389856,False
2014-09-12 04:30:00+00:00,1.2556401711687617,1.3502357588357587,1.010707797123391,False
2014-09-12 05:00:00+00:00,1.215540973522332,1.3847780145530149,1.033508932626798,False
2014-09-12 05:30:00+00:00,1.2495723455469376,1.562950285862786,1.0142473504920515,False
2014-09-12 06:00:00+00:00,1.2179478202728002,1.670915930353431,1.0566660484481454,False
2014-09-12 06:30:00+00:00,1.4286824819470447,2.28731761954262,1.78641109008327,False
2014-09-12 07:00:00+00:00,2.125081278416689,2.9780617723492724,2.89586226343679,False
2014-09-12 07:30:00+00:00,3.3423937416421503,3.9401173596673607,3.1834419000757,False
2014-09-12 08:00:00+00:00,3.736961941695641,4.039772739085239,4.424124602573808,False
2014-09-12 08:30:00+00:00,3.5939953998395286,4.659047167359668,4.900079901589704,False
2014-09-12 09:00:00+00:00,4.14242690558973,7.672449428274429,7.266361014383043,False
2014-09-12 09:30:00+00:00,6.034916154051885,7.236090514553014,6.54437687358062,False
2014-09-12 10:00:00+00:00,5.400411767852368,6.901080899168399,6.2427711203633605,False
2014-09-12 10:30:00+00:00,5.7393014442364265,8.972037240124742,7.90815768357305,False
2014-09-12 11:00:00+00:00,3.082142818935544,7.831377520790022,6.912019795609386,False
2014-09-12 11:30:00+00:00,5.542658384594811,8.242302286902287,6.456810938682816,False
2014-09-12 12:00:00+00:00,7.187546750468039,9.347945608108107,7.039790613171839,False
2014-09-12 12:30:00+00:00,5.360980208611928,9.26152143970894,8.69399095382286,False
2014-09-12 13:00:00+00:00,6.369549371489702,11.011932770270272,9.294364004542013,False
2014-09-12 13:30:00+00:00,6.938860684675046,10.10137481808732,9.430154087812264,False
2014-09-12 14:00:00+00:00,7.374830328964964,10.22956884095634,9.658945117335351,False
2014-09-12 14:30:00+00:00,5.331425327627708,9.785553560291062,7.719633156699469,False
2014-09-12 15:00:00+00:00,6.444353650708746,9.595691502079005,8.227534292202876,False
2014-09-12 15:30:00+00:00,6.075038994383525,9.229532744282745,6.271812679788039,False
2014-09-12 16:00:00+00:00,5.908338753677454,7.638638851351351,7.330997615442846,False
2014-09-12 16:30:00+00:00,5.555701176785236,6.950002702702704,4.754895836487509,False
2014-09-12 17:00:00+00:00,4.244975180529554,5.569710109147609,5.3714049205147605,False
2014-09-12 17:30:00+00:00,3.3670833912810907,3.750871283783784,3.7224717259651774,False
2014-09-12 18:00:00+00:00,1.972651297138272,2.7738641891891893,2.582687547312642,False
2014-09-12 18:30:00+00:00,1.5832123294998663,1.7964374740124742,1.6564096517789553,False
2014-09-12 19:00:00+00:00,1.6414687349558703,1.771193399168399,1.7839205147615442,False
2014-09-12 19:30:00+00:00,1.4678756886868145,2.048424246361747,1.386201854655564,False
2014-09-12 20:00:00+00:00,1.3814778282963358,1.6944621881496884,1.080409159727479,False
2014-09-12 20:30:00+00:00,1.3448371757154318,1.6832885914760911,1.0967316805450418,False
2014-09-12 21:00:00+00:00,1.179059267183739,1.5066072505197503,1.0307113171839517,False
2014-09-12 21:30:00+00:00,1.2934251671569936,1.530068659043659,1.1717321725965175,False
2014-09-12 22:00:00+00:00,1.1779466167424444,1.3651587058212058,1.0588331566994702,False
2014-09-12 22:30:00+00:00,1.237171248997058,1.4538724792099793,1.007671953065859,False
2014-09-12 23:00:00+00:00,1.300747740037443,1.5745158783783786,0.9945483724451172,False
2014-09-12 23:30:00+00:00,1.3231733351163413,1.6529226871101872,1.0300903482210446,False
2014-09-13 00:00:00+00:00,1.30651548542391,1.4164437110187114,1.045666389099167,False
2014-09-13 00:30:00+00:00,1.3452455201925648,1.4074822245322247,1.1231339894019683,False
2014-09-13 01:00:00+00:00,1.267476731746456,1.56854630977131,1.0270733913701742,False
2014-09-13 01:30:00+00:00,1.3519922706606045,1.4923650467775469,1.027636601059803,False
2014-09-13 02:00:00+00:00,1.2897789783364535,1.2765462837837838,1.0037027252081756,False
2014-09-13 02:30:00+00:00,1.2431109654987964,1.4922433212058213,1.0179303179409538,False
2014-09-13 03:00:00+00:00,1.1908959347419097,1.2838890332640334,0.9918672975018924,False
2014-09-13 03:30:00+00:00,1.1811478470179193,1.459761564449065,1.0037027252081756,False
2014-09-13 04:00:00+00:00,1.220381465632522,1.3448594594594596,1.0037027252081756,False
2014-09-13 04:30:00+00:00,1.294843968975662,1.4246024948024951,1.0267350492051477,False
2014-09-13 05:00:00+00:00,1.2226837657127574,1.4285073804573805,1.0037027252081756,False
2014-09-13 05:30:00+00:00,1.189645867879112,1.3737153586278583,1.0037027252081756,False
2014-09-13 06:00:00+00:00,1.1779466167424444,1.4473176195426196,1.0037027252081756,False
2014-09-13 06:30:00+00:00,1.212438780422573,2.107307484407485,1.5122156320968962,False
2014-09-13 07:00:00+00:00,2.1556758224124097,4.331175311850313,4.8314664647993935,False
2014-09-13 07:30:00+00:00,4.919778710885264,4.663230743243244,5.993482248296744,False
2014-09-13 08:00:00+00:00,4.869353410002675,7.60466483887734,7.311363209689628,False
2014-09-13 08:30:00+00:00,4.369428831238299,7.61565012993763,6.443242808478424,False
2014-09-13 09:00:00+00:00,6.283124338058305,7.578059251559252,6.880603217259652,False
2014-09-13 09:30:00+00:00,6.206753115806365,8.253643451143452,8.347178652535957,False
2014-09-13 10:00:00+00:00,3.928051805295533,8.851188981288983,7.769511317183951,False
2014-09-13 10:30:00+00:00,5.73062227868414,8.889001507276507,7.883981680545041,False
2014-09-13 11:00:00+00:00,5.751907033966301,9.980145010395011,8.10868080999243,False
2014-09-13 11:30:00+00:00,5.954853597218508,9.63650906964657,7.314132626797879,False
2014-09-13 12:00:00+00:00,4.005185611125969,10.121926481288982,6.779689364118091,False
2014-09-13 12:30:00+00:00,5.933242685209949,9.475379313929317,7.682004125662376,False
2014-09-13 13:00:00+00:00,5.924168119818133,10.237126975051977,7.99419242997729,False
2014-09-13 13:30:00+00:00,7.185764910403851,11.304233367983368,9.09173433005299,False
2014-09-13 14:00:00+00:00,5.835343621289115,10.303251923076925,7.66338849356548,False
2014-09-13 14:30:00+00:00,6.125431612730677,9.488243814968817,7.914636184708554,False
2014-09-13 15:00:00+00:00,5.749083551751806,10.743413903326404,7.547863815291445,False
2014-09-13 15:30:00+00:00,4.051601016314523,9.061153040540542,5.247377441332323,False
2014-09-13 16:00:00+00:00,6.249835972185076,8.470306418918922,8.123162604087812,False
2014-09-13 16:30:00+00:00,5.529177213158599,7.294472531185032,5.0948239212717645,False
2014-09-13 17:00:00+00:00,4.212978496924311,5.491157484407485,5.72161971990916,False
2014-09-13 17:30:00+00:00,3.070716635464028,3.670562941787943,3.869692505677517,False
2014-09-13 18:00:00+00:00,1.8791349023803157,2.4412695686070687,2.7369556396669186,False
2014-09-13 18:30:00+00:00,1.719789596148703,2.005227910602911,1.8792857305071915,False
2014-09-13 19:00:00+00:00,1.619508638673442,1.7692486226611228,1.8028224829674488,False
2014-09-13 19:30:00+00:00,1.4482925381117946,1.7983910083160084,1.768102952308857,False
2014-09-13 20:00:00+00:00,1.307042604974592,1.5193431912681914,1.390856056018168,False
2014-09-13 20:30:00+00:00,1.3664265846483017,1.6382344074844075,1.3305332702498107,False
2014-09-13 21:00:00+00:00,1.266106739769992,1.8709187110187115,1.4510000378501136,False
2014-09-13 21:30:00+00:00,1.1818904787376303,1.6689849532224532,1.285741332323997,False
2014-09-13 22:00:00+00:00,1.445403583845948,1.666868399168399,1.0259219152157455,False
2014-09-13 22:30:00+00:00,1.5353932334848892,1.825995712058212,1.2905367146101436,False
2014-09-13 23:00:00+00:00,1.4998529820807702,1.4781568087318089,1.2556430355791064,False
2014-09-13 23:30:00+00:00,1.563403102433806,1.7899574064449066,1.230248334595004,False
2014-09-14 00:00:00+00:00,1.3293511634126771,1.6376094074844076,1.2308162755488266,False
2014-09-14 00:30:00+00:00,1.2557545867879112,1.678498362785863,1.1696811127933382,False
2014-09-14 01:00:00+00:00,1.2300961754479809,1.7615664241164244,0.993990234670704,False
2014-09-14 01:30:00+00:00,1.1986140411874833,1.615229183991684,1.0942011355034065,False
2014-09-14 02:00:00+00:00,1.2847288847285372,1.645214994802495,1.059070628311885,False
2014-09-14 02:30:00+00:00,1.208044584113399,1.4403041060291062,1.0830868281604844,False
2014-09-14 03:00:00+00:00,1.3414921101898902,1.2664808471933473,1.0336827781983344,False
2014-09-14 03:30:00+00:00,1.2378181866809306,1.5876759615384617,1.0281779712339136,False
2014-09-14 04:00:00+00:00,1.192188339128109,1.2520220114345115,1.0576161998485991,False
2014-09-14 04:30:00+00:00,1.1779466167424444,1.5561531964656965,1.0050342165026496,False
2014-09-14 05:00:00+00:00,1.2607633056967102,1.2620955041580042,1.0037027252081756,False
2014-09-14 05:30:00+00:00,1.270894891682268,1.3095150727650728,1.0312078349735048,False
2014-09-14 06:00:00+00:00,1.413781358652046,1.6117217255717255,1.6630005299015898,False
2014-09-14 06:30:00+00:00,1.8403758224124096,3.56701237006237,3.5813575321725963,False
2014-09-14 07:00:00+00:00,3.642473656057769,6.123357978170478,5.451029182437547,False
2014-09-14 07:30:00+00:00,5.145156057769457,4.028544594594595,6.588812301286904,False
2014-09-14 08:00:00+00:00,5.103472773468842,6.685796387733888,7.061947993943981,False
2014-09-14 08:30:00+00:00,4.255745306231613,7.609962785862787,7.183600870552611,False
2014-09-14 09:00:00+00:00,4.773369644289917,7.660440800415801,6.723963247539742,False
2014-09-14 09:30:00+00:00,6.766622251939022,8.859257848232849,7.256400605601816,False
2014-09-14 10:00:00+00:00,5.834555870553624,9.284595426195429,8.473461392884179,False
2014-09-14 10:30:00+00:00,6.000346509761968,9.236650051975053,8.540135465556396,False
2014-09-14 11:00:00+00:00,6.836400026745119,9.616858445945947,8.507544436033307,False
2014-09-14 11:30:00+00:00,6.5793037978069,9.843393944906444,8.233516994700983,False
2014-09-14 12:00:00+00:00,7.148050815726129,10.97493141891892,7.73937358062074,False
2014-09-14 12:30:00+00:00,9.300600641882856,10.157397037422038,7.936129333838001,False
2014-09-14 13:00:00+00:00,7.259971650173844,10.796652182952185,9.148276797880394,False
2014-09-14 13:30:00+00:00,7.055306579299278,10.897419204781704,8.640216654049961,False
2014-09-14 14:00:00+00:00,7.120586039047873,10.137729911642412,8.944075775927327,False
2014-09-14 14:30:00+00:00,7.31900842471249,9.804167671517671,8.770500984102952,False
2014-09-14 15:00:00+00:00,5.7272742979406255,9.824262292099794,8.332387623012869,False
2014-09-14 15:30:00+00:00,5.6734557100829095,8.871125207900208,5.605402308856927,False
2014-09-14 16:00:00+00:00,5.423305562984756,7.3262508835758835,7.264996328538985,False
2014-09-14 16:30:00+00:00,4.877031291789248,6.522488331600833,6.240006850870551,False
2014-09-14 17:00:00+00:00,3.8770679326023,4.013441216216216,4.336011582134747,False
2014-09-14 17:30:00+00:00,1.93998015512169,2.8115515852390858,2.6979984859954578,False
2014-09-14 18:00:00+00:00,2.0534528216100565,2.3699825103950105,2.249635087055261,False
2014-09-14 18:30:00+00:00,1.8576791922974056,1.6878849532224531,1.8567924299772895,False
2014-09-14 19:00:00+00:00,1.6881663546402783,1.585553170478171,1.4651294095382286,False
2014-09-14 19:30:00+00:00,1.4208515378443434,1.6941904365904368,1.1711137774413325,False
2014-09-14 20:00:00+00:00,1.4120683605242044,1.7538198024948026,1.4194618849356548,False
2014-09-14 20:30:00+00:00,1.455588339128109,1.714467021829522,1.0316793338380017,False
2014-09-14 21:00:00+00:00,1.2053410805028082,1.390700415800416,1.1529813398940196,False
2014-09-14 21:30:00+00:00,1.2973816795934745,1.5802091735966737,1.066284405753217,False
2014-09-14 22:00:00+00:00,1.281191762503343,1.614037707900208,1.0465076078728237,False
2014-09-14 22:30:00+00:00,1.292577694570741,1.4440263253638252,1.032145609386828,False
2014-09-14 23:00:00+00:00,1.1779466167424444,1.4432511434511437,1.0037027252081756,False
2014-09-14 23:30:00+00:00,1.1852868146563251,1.4639617983367983,1.0037027252081756,False
2014-09-15 00:00:00+00:00,1.1779466167424444,1.410872791060291,1.0050885692657077,False
2014-09-15 00:30:00+00:00,1.1848985290184542,1.394258523908524,1.048201589704769,False
2014-09-15 01:00:00+00:00,1.2191974859588124,1.4462410083160084,1.0037027252081756,False
2014-09-15 01:30:00+00:00,1.1779466167424444,1.3717101091476094,0.9970291445874336,False
2014-09-15 02:00:00+00:00,1.1779466167424444,1.2259735187110188,1.0037027252081756,False
2014-09-15 02:30:00+00:00,1.1779466167424444,1.4785412162162164,1.0037027252081756,False
2014-09-15 03:00:00+00:00,1.198893661406793,1.5071722453222454,1.0037027252081756,False
2014-09-15 03:30:00+00:00,1.2069024872960683,1.2363594594594596,0.9934847842543528,False
2014-09-15 04:00:00+00:00,1.217772693233485,1.5150573544698545,1.0037027252081756,False
2014-09-15 04:30:00+00:00,1.196648890077561,1.202227468814969,1.0037027252081756,False
2014-09-15 05:00:00+00:00,1.1779466167424444,1.1814985187110187,1.0515757002271005,False
2014-09-15 05:30:00+00:00,1.2215042792190427,1.584704781704782,1.0217491294473884,False
2014-09-15 06:00:00+00:00,1.2252431131318533,1.2220619542619544,1.0359084405753216,False
2014-09-15 06:30:00+00:00,1.1859636266381386,1.940312707900208,1.7962187736563209,False
2014-09-15 07:00:00+00:00,1.6215022733351163,5.0179140072765085,3.852069076457229,False
2014-09-15 07:30:00+00:00,3.344127387001872,3.510514656964657,4.204595193035579,False
2014-09-15 08:00:00+00:00,3.477655335651244,5.772457640332641,5.701202157456471,False
2014-09-15 08:30:00+00:00,6.815361460283499,9.067977546777549,7.106331226343678,False
2014-09-15 09:00:00+00:00,6.546071355977533,8.445435395010396,6.932544511733535,False
2014-09-15 09:30:00+00:00,6.174627921904253,8.638699220374221,8.033454617713852,False
2014-09-15 10:00:00+00:00,6.225679459748596,9.03684566008316,7.550901741105222,False
2014-09-15 10:30:00+00:00,5.672445065525542,8.081581964656966,9.085762187736565,False
2014-09-15 11:00:00+00:00,6.516543434073282,9.71311023908524,7.600667373202119,False
2014-09-15 11:30:00+00:00,5.904968708210752,10.109075129937631,7.509521461014383,False
2014-09-15 12:00:00+00:00,4.702340064188285,8.046460031185033,6.1138451173353525,False
2014-09-15 12:30:00+00:00,8.582459186948382,10.503882042619544,7.662916843300529,False
2014-09-15 13:00:00+00:00,5.541299063920834,10.634666632016632,7.881778425435275,False
2014-09-15 13:30:00+00:00,7.238177480609788,10.442218737006238,8.046685654806964,False
2014-09-15 14:00:00+00:00,6.386587804225729,10.31545350831601,7.006883648750945,False
2014-09-15 14:30:00+00:00,5.666923829901044,9.555207146569646,6.949590991672975,False
2014-09-15 15:00:00+00:00,6.296076517785504,10.18185038981289,6.695327024981075,False
2014-09-15 15:30:00+00:00,6.223011687617009,8.412235343035343,5.6089860333081,False
2014-09-15 16:00:00+00:00,4.236695025407864,7.817093217255719,6.772755677517032,False
2014-09-15 16:30:00+00:00,4.705581866809308,6.728937006237006,6.759664647993944,False
2014-09-15 17:00:00+00:00,3.9292233752340193,5.420001221413722,5.142142467827404,False
2014-09-15 17:30:00+00:00,3.109160524204333,4.051378482328484,3.451350416351249,False
2014-09-15 18:00:00+00:00,1.7335964963894086,2.408691658004158,2.4848563209689623,False
2014-09-15 18:30:00+00:00,1.5552215833110457,2.246919464656965,1.9795428841786524,False
2014-09-15 19:00:00+00:00,1.5866545332976734,2.079523570686071,1.506795609386828,False
2014-09-15 19:30:00+00:00,1.4631430596416153,1.5852548856548858,1.383766464799394,False
2014-09-15 20:00:00+00:00,1.3195586520460016,1.512617073804574,1.1820439061317185,False
2014-09-15 20:30:00+00:00,1.550925060176518,1.51315025987526,1.257818357305072,False
2014-09-15 21:00:00+00:00,1.2593132923241508,1.2613505717255715,1.228260938682816,False
2014-09-15 21:30:00+00:00,1.2118703129178925,1.3665217775467775,1.0751377365632095,False
2014-09-15 22:00:00+00:00,1.2160739235089597,1.5365064449064452,1.0006856169568508,False
2014-09-15 22:30:00+00:00,1.1779466167424444,1.6188822245322243,1.033364042392127,False
2014-09-15 23:00:00+00:00,1.1842401979138808,1.4109473752598751,1.0037027252081756,False
2014-09-15 23:30:00+00:00,1.185133725595079,1.3423848232848234,1.0037027252081756,False
2014-09-16 00:00:00+00:00,1.260811741107248,1.577314579002079,1.0037027252081756,False
2014-09-16 00:30:00+00:00,1.21693396630115,1.3604202442827444,1.015068508705526,False
2014-09-16 01:00:00+00:00,1.2384544263171973,1.4005114864864867,1.0185450037850112,False
2014-09-16 01:30:00+00:00,1.2077495587055362,1.33747551975052,1.0085935276305829,False
2014-09-16 02:00:00+00:00,1.1842089863599894,1.3829435031185031,1.0037027252081756,False
2014-09-16 02:30:00+00:00,1.2528774806097889,1.2408599012474013,1.0037027252081756,False
2014-09-16 03:00:00+00:00,1.189433083712223,1.4041537941787945,1.05838198334595,False
2014-09-16 03:30:00+00:00,1.1806292056699652,1.2146874740124742,1.066591748675246,False
2014-09-16 04:00:00+00:00,1.1956938218775073,1.2630608108108108,1.0037027252081756,False
2014-09-16 04:30:00+00:00,1.185657395025408,1.1814985187110187,1.0086340651021952,False
2014-09-16 05:00:00+00:00,1.1813510564322012,1.1814985187110187,1.0037027252081756,False
2014-09-16 05:30:00+00:00,1.204464081305162,1.1814985187110187,1.097427592732778,False
2014-09-16 06:00:00+00:00,1.1779466167424444,1.1814985187110187,1.158754314912945,False
2014-09-16 06:30:00+00:00,1.8779435143086385,2.9938757016632023,2.5135185087055256,False
2014-09-16 07:00:00+00:00,2.798779433003477,3.4278544698544704,3.2252386449659345,False
2014-09-16 07:30:00+00:00,3.26606194169564,3.401919854469855,4.064249205147616,False
2014-09-16 08:00:00+00:00,5.327318026210217,6.257172583160084,6.511750870552612,False
2014-09-16 08:30:00+00:00,6.382633217437817,8.20216314968815,7.3312984859954575,False
2014-09-16 09:00:00+00:00,4.988494490505483,6.6358049116424125,6.641652384557153,False
2014-09-16 09:30:00+00:00,4.2293944905054826,6.083606237006237,5.73549788039364,False
2014-09-16 10:00:00+00:00,1.7238010965498796,3.151553898128898,2.2522062831188494,False
2014-09-16 10:30:00+00:00,1.252476384059909,2.1643873180873183,1.3798663890991671,False
2014-09-16 11:00:00+00:00,4.448822786841402,5.608669126819128,5.646541332323997,False
2014-09-16 11:30:00+00:00,6.210791468307034,8.930325597713097,8.318939780469341,False
2014-09-16 12:00:00+00:00,7.173769965231346,8.706897401247401,6.988414269492808,False
2014-09-16 12:30:00+00:00,6.223662262637069,9.184731392931392,8.854876684330053,False
2014-09-16 13:00:00+00:00,8.048727360256752,9.754124922037423,9.166009159727478,False
2014-09-16 13:30:00+00:00,6.138670179192298,8.55008614864865,8.599901665404996,False
2014-09-16 14:00:00+00:00,6.921703289649638,7.747840696465697,7.407092505677516,False
2014-09-16 14:30:00+00:00,2.80797282695908,2.5361324584199587,1.142868357305072,False
2014-09-16 15:00:00+00:00,3.3863020861192834,3.6828125779625775,1.971981642694928,False
2014-09-16 15:30:00+00:00,3.5119261834715165,3.706149636174637,4.5597637017411055,False
2014-09-16 16:00:00+00:00,5.164002353570473,5.415502027027028,5.626485314155943,False
2014-09-16 16:30:00+00:00,3.8950866006953735,4.433539734927235,3.912690915972748,False
2014-09-16 17:00:00+00:00,3.3348537309441024,4.607345218295218,4.084776192278577,False
2014-09-16 17:30:00+00:00,2.440169671035036,3.5075071465696466,3.056117032551098,False
2014-09-16 18:00:00+00:00,1.6799863332441831,2.4317662941787948,2.07688357305072,False
2014-09-16 18:30:00+00:00,1.1779466167424444,1.8483436590436595,1.7182370931112794,False
2014-09-16 19:00:00+00:00,1.468817009895694,1.8205294698544705,1.5494211582134745,False
2014-09-16 19:30:00+00:00,1.2208958010163145,1.7791788201663203,1.0668565102195309,False
2014-09-16 20:00:00+00:00,1.1779466167424444,1.7213208679833685,1.072140310370931,False
2014-09-16 20:30:00+00:00,1.3447145225996255,1.6346767151767154,1.1058032172596517,False
2014-09-16 21:00:00+00:00,1.267925648569136,1.608866632016632,1.038102271006813,False
2014-09-16 21:30:00+00:00,1.7069404118748328,1.6767819906444907,1.108322899318698,False
2014-09-16 22:00:00+00:00,1.266742364268521,1.6521521829521832,1.0250898561695685,False
2014-09-16 22:30:00+00:00,1.476323669430329,1.4330415800415803,1.0195429220287662,False
2014-09-16 23:00:00+00:00,1.3354496924311314,1.4044992463617465,1.0587224829674489,False
2014-09-16 23:30:00+00:00,1.3995415886600695,1.3457613825363828,1.0399225208175624,False
2014-09-17 00:00:00+00:00,1.3559211018989037,1.2207809251559254,1.081471877365632,False
2014-09-17 00:30:00+00:00,1.2621919497191765,1.4412992203742203,1.0762966691900075,False
2014-09-17 01:00:00+00:00,1.4769348488900775,1.3421300935550935,1.0827053747161242,False
2014-09-17 01:30:00+00:00,1.5154191227600964,1.4068928534303535,0.9945478425435276,False
2014-09-17 02:00:00+00:00,1.2709152447178391,1.4859477910602912,1.0695799394398182,False
2014-09-17 02:30:00+00:00,1.25567309441027,1.5366953742203742,0.9998040121120364,False
2014-09-17 03:00:00+00:00,1.19251059106713,1.381166346153846,1.0176541635124905,False
2014-09-17 03:30:00+00:00,1.247698395292859,1.3719353690228693,0.9934764950794852,False
2014-09-17 04:00:00+00:00,1.4070958545065526,1.1835363565488566,1.0625995079485238,False
2014-09-17 04:30:00+00:00,1.258871409467772,1.4207078742203745,1.087491672975019,False
2014-09-17 05:00:00+00:00,1.567766113934207,1.495116735966736,1.019266502649508,False
2014-09-17 05:30:00+00:00,1.2549995453329768,1.4129849532224534,1.285157229371688,False
2014-09-17 06:00:00+00:00,1.2747653650708746,1.2703905145530148,1.046073391370174,False
2014-09-17 06:30:00+00:00,1.402988526343942,1.477585706860707,1.2710225965177897,False
2014-09-17 07:00:00+00:00,2.2055211553891416,2.826613201663202,1.969389364118092,False
2014-09-17 07:30:00+00:00,2.620180208611928,1.4818048076923078,1.083172975018925,False
2014-09-17 08:00:00+00:00,1.2225705536239635,1.5415685031185034,1.3129951930355792,False
2014-09-17 08:30:00+00:00,1.257245974859588,1.8291473492723491,1.4231340272520816,False
2014-09-17 09:00:00+00:00,4.304623482214496,4.707129287941789,4.464551249053747,False
2014-09-17 09:30:00+00:00,4.836869457074084,6.7970181133056125,6.709803709311128,False
2014-09-17 10:00:00+00:00,6.459204733886066,4.988258861746362,4.686270060560181,False
2014-09-17 10:30:00+00:00,1.220808825889275,1.7878538201663203,1.2183462528387587,False
2014-09-17 11:00:00+00:00,2.4592996255683337,3.4660330041580045,3.1347363361090084,False
2014-09-17 11:30:00+00:00,5.750831398769725,6.979364630977132,7.155684935654807,False
2014-09-17 12:00:00+00:00,6.085328349826157,8.323267931392932,8.075675738077214,False
2014-09-17 12:30:00+00:00,5.724695533565123,7.106880951143451,6.033146404239212,False
2014-09-17 13:00:00+00:00,5.4700315859855575,7.8589926195426205,7.60470980317941,False
2014-09-17 13:30:00+00:00,5.175578951591334,8.790535083160083,7.990432399697199,False
2014-09-17 14:00:00+00:00,4.378635945439957,7.483039708939709,5.924558251324753,False
2014-09-17 14:30:00+00:00,5.681307702594276,8.050639656964657,7.259436979560938,False
2014-09-17 15:00:00+00:00,4.634846295801017,6.359954313929315,6.336384670704011,False
2014-09-17 15:30:00+00:00,5.8718146295801015,8.20479183991684,7.002967562452687,False
2014-09-17 16:00:00+00:00,4.5000344209681735,6.941229521829524,6.191452233156699,False
2014-09-17 16:30:00+00:00,4.365144610858518,6.126125000000001,5.793274072672218,False
2014-09-17 17:00:00+00:00,3.922250655255416,4.980936252598753,4.459173542770628,False
2014-09-17 17:30:00+00:00,2.2011787643755016,3.337047557172557,2.596900189250568,False
2014-09-17 18:00:00+00:00,1.891929446376036,2.504692021829522,1.984047615442846,False
2014-09-17 18:30:00+00:00,1.7962317999465098,1.6779227650727653,1.4510049962149885,False
2014-09-17 19:00:00+00:00,1.4874622893821876,2.102954989604989,1.227568735806207,False
2014-09-17 19:30:00+00:00,1.5358192832308104,1.78467117983368,1.1263059803179407,False
2014-09-17 20:00:00+00:00,1.282769778015512,1.626902754677755,1.180671461014383,False
2014-09-17 20:30:00+00:00,1.2280556833377907,1.4063646569646573,1.070840651021953,False
2014-09-17 21:00:00+00:00,1.2338259695105642,1.4034759875259877,1.1203582134746404,False
2014-09-17 21:30:00+00:00,1.1779466167424444,1.3714073544698546,1.0037027252081756,False
2014-09-17 22:00:00+00:00,1.179383097084782,1.4743852650727651,1.014322634367903,False
2014-09-17 22:30:00+00:00,1.217017036640813,1.4025884095634096,1.008332740348221,False
2014-09-17 23:00:00+00:00,1.2956106713024873,1.23654591995842,1.1598878879636638,False
2014-09-17 23:30:00+00:00,1.2141999732548812,1.2851313409563412,1.0103563209689628,False
2014-09-18 00:00:00+00:00,1.3450310778282963,1.1814985187110187,1.3105931491294474,False
2014-09-18 00:30:00+00:00,1.3110114201658198,1.274527624740125,1.0380070022710066,False
2014-09-18 01:00:00+00:00,1.1824678523669432,1.2837049376299376,1.0138880772142316,False
2014-09-18 01:30:00+00:00,1.3159891682267986,1.5671351091476091,1.0273257380772145,False
2014-09-18 02:00:00+00:00,1.3039410002674512,1.2831012214137216,1.1162929598788796,False
2014-09-18 02:30:00+00:00,1.2639784166889545,1.1814985187110187,1.1168923164269493,False
2014-09-18 03:00:00+00:00,1.28050462690559,1.1910593555093556,1.1486373959121876,False
2014-09-18 03:30:00+00:00,1.291207007221182,1.1814985187110187,1.0582811127933385,False
2014-09-18 04:00:00+00:00,1.2031266916287775,1.1814985187110187,1.0713057532172596,False
2014-09-18 04:30:00+00:00,1.256079834180262,1.3975591476091478,1.1332747161241483,False
2014-09-18 05:00:00+00:00,1.234381438887403,1.3585839656964658,1.1312933005299015,False
2014-09-18 05:30:00+00:00,1.6282325220647231,1.3918536642411643,1.125850075700227,False
2014-09-18 06:00:00+00:00,1.3050499598823213,1.2365425935550935,1.032167448902347,False
2014-09-18 06:30:00+00:00,1.37074265846483,1.262666891891892,1.046099242997729,False
2014-09-18 07:00:00+00:00,1.210473014174913,1.184479651767152,1.1106882664647997,False
2014-09-18 07:30:00+00:00,1.4806282963359187,1.2383534043659046,1.1469648372445116,False
2014-09-18 08:00:00+00:00,1.9229902915217971,1.5842517151767153,1.0270343679031035,False
2014-09-18 08:30:00+00:00,3.3922357582241243,2.751151871101871,1.824543489780469,False
2014-09-18 09:00:00+00:00,3.584380663278952,2.828561070686071,2.987943641180923,False
2014-09-18 09:30:00+00:00,2.939459374164215,3.495331574844075,2.764445798637396,False
2014-09-18 10:00:00+00:00,4.365365284835518,4.75229313929314,3.958654277062831,False
2014-09-18 10:30:00+00:00,4.702523268253544,4.203859719334719,5.6308010976532925,False
2014-09-18 11:00:00+00:00,5.574003022198449,7.834396803534304,7.166902043906132,False
2014-09-18 11:30:00+00:00,4.87689320673977,8.003634277546777,6.764757342922028,False
2014-09-18 12:00:00+00:00,4.557033056967103,7.392555977130978,6.700235957607872,False
2014-09-18 12:30:00+00:00,6.032049692431132,8.265006107068606,6.990384027252081,False
2014-09-18 13:00:00+00:00,5.944674725862529,7.414636096673598,6.132372785768357,False
2014-09-18 13:30:00+00:00,7.034793420700723,9.962187162162165,9.519286449659347,False
2014-09-18 14:00:00+00:00,5.963488151912276,8.02072151767152,6.317935881907646,False
2014-09-18 14:30:00+00:00,5.801336560577695,6.539915774428275,6.391689174867524,False
2014-09-18 15:00:00+00:00,4.654405910671303,4.047001091476091,6.6655669190007565,False
2014-09-18 15:30:00+00:00,3.7339342337523407,8.149981340956343,7.353918584405752,False
2014-09-18 16:00:00+00:00,4.3505837924578765,6.012145140332641,5.204844019682058,False
2014-09-18 16:30:00+00:00,3.694424177587591,6.075031107068607,5.189696934140803,False
2014-09-18 17:00:00+00:00,3.2825880449318,5.075927234927235,4.3116396669190005,False
2014-09-18 17:30:00+00:00,2.451600187215833,3.671380717255717,2.5036272142316425,False
2014-09-18 18:00:00+00:00,1.8613696977801557,2.485167905405405,1.8023666161998488,False
2014-09-18 18:30:00+00:00,1.7273790318266915,1.9231408004158004,1.0227800908402724,False
2014-09-18 19:00:00+00:00,1.2568109654987965,1.903136252598753,1.0912653292959875,False
2014-09-18 19:30:00+00:00,1.4505417758759027,1.636251793139293,1.0297749432248295,False
2014-09-18 20:00:00+00:00,1.1802112596951055,1.3046692567567568,1.0415172975018925,False
2014-09-18 20:30:00+00:00,1.1779466167424444,1.5105647089397092,1.004849242997729,False
2014-09-18 21:00:00+00:00,1.218795185878577,1.277743788981289,1.0055958364875095,False
2014-09-18 21:30:00+00:00,1.1779466167424444,1.3583152806652807,1.001476343679031,False
2014-09-18 22:00:00+00:00,1.1779466167424444,1.1814985187110187,1.0037027252081756,False
2014-09-18 22:30:00+00:00,1.1779466167424444,1.2587896309771311,1.0515825889477668,False
2014-09-18 23:00:00+00:00,1.1779466167424444,1.1814985187110187,1.0037027252081756,False
2014-09-18 23:30:00+00:00,1.1779466167424444,1.2897370322245325,1.098826003028009,False
2014-09-19 00:00:00+00:00,1.3086724525274138,1.2162306652806654,1.1503661998485994,False
2014-09-19 00:30:00+00:00,1.2203963091735757,1.1976865124740126,1.1153317183951552,False
2014-09-19 01:00:00+00:00,1.3557174913078365,1.2044600051975052,1.2694137395912184,False
2014-09-19 01:30:00+00:00,1.1779466167424444,1.2520037162162163,1.1157015518546556,False
2014-09-19 02:00:00+00:00,1.313411794597486,1.1814985187110187,1.1458244511733535,False
2014-09-19 02:30:00+00:00,1.3215041989836855,1.1814985187110187,1.2356058289174867,False
2014-09-19 03:00:00+00:00,1.1864211286440225,1.2465283523908526,1.2107931491294472,False
2014-09-19 03:30:00+00:00,1.4229837122225193,1.18911683991684,1.1624614307342922,False
2014-09-19 04:00:00+00:00,1.210381064455737,1.1976702442827445,1.1315164647993945,False
2014-09-19 04:30:00+00:00,1.18676983150575,1.1814985187110187,1.041864458743376,False
2014-09-19 05:00:00+00:00,1.2742050815726131,1.1814985187110187,1.087057910673732,False
2014-09-19 05:30:00+00:00,1.1779466167424444,1.2948821205821206,1.046194019682059,False
2014-09-19 06:00:00+00:00,1.252659186948382,1.1814985187110187,1.1573546555639669,False
2014-09-19 06:30:00+00:00,1.2288624231077827,1.301391943866944,1.0718730885692656,False
2014-09-19 07:00:00+00:00,1.280861005616475,1.6992880977130975,1.6862538228614683,False
2014-09-19 07:30:00+00:00,3.34341901577962,3.4504905145530143,3.797334557153672,False
2014-09-19 08:00:00+00:00,1.9079681733083709,5.41718762993763,4.973172407267223,False
2014-09-19 08:30:00+00:00,5.238954239101363,7.135474116424117,6.9404967448902335,False
2014-09-19 09:00:00+00:00,6.202719096014977,8.688672661122663,7.853623694171082,False
2014-09-19 09:30:00+00:00,4.762735865204601,8.880394828482329,7.719983421650264,False
2014-09-19 10:00:00+00:00,5.235387108852635,7.296539085239084,6.149106623769871,False
2014-09-19 10:30:00+00:00,3.6175003476865473,5.744269568607069,4.759485427706284,False
2014-09-19 11:00:00+00:00,4.727767424445039,7.8053469334719345,6.700260825132475,False
2014-09-19 11:30:00+00:00,5.427719737897833,8.62623840956341,6.924221120363361,False
2014-09-19 12:00:00+00:00,6.777635009360791,9.461170997921,8.176773542770627,False
2014-09-19 12:30:00+00:00,7.442593099759295,9.481392333679834,7.641374186222558,False
2014-09-19 13:00:00+00:00,5.823020165819738,7.567356990644491,7.078411695685087,False
2014-09-19 13:30:00+00:00,6.50119673709548,10.00188180873181,7.547808667676002,False
2014-09-19 14:00:00+00:00,6.597899866274404,7.480262396049896,6.967194171082513,False
2014-09-19 14:30:00+00:00,6.722343246857449,7.927891709979212,8.217515442846329,False
2014-09-19 15:00:00+00:00,6.453401257020594,8.961563903326404,7.703118546555639,False
2014-09-19 15:30:00+00:00,3.663089836854774,6.928926481288982,6.787523164269492,False
2014-09-19 16:00:00+00:00,4.829948167959347,6.301202416839917,5.903524791824375,False
2014-09-19 16:30:00+00:00,4.189743674779352,5.6988514293139305,4.4362135124905375,False
2014-09-19 17:00:00+00:00,2.704478416688954,4.181872713097714,3.4854153671461017,False
2014-09-19 17:30:00+00:00,1.728311634126772,2.9990501039501045,1.9892063209689628,False
2014-09-19 18:00:00+00:00,1.5835125167156994,2.1103744802494804,1.395976343679031,False
2014-09-19 18:30:00+00:00,1.2877677988767051,1.9165371361746364,1.1416032172596515,False
2014-09-19 19:00:00+00:00,1.3325476330569672,1.5222906185031186,1.0201686601059805,False
2014-09-19 19:30:00+00:00,1.1918635196576626,1.4384390072765074,0.9999270628311884,False
2014-09-19 20:00:00+00:00,1.2333503343139878,1.1912203742203744,1.0037027252081756,False
2014-09-19 20:30:00+00:00,1.2567046536507087,1.3195078222453225,1.0189123012869037,False
2014-09-19 21:00:00+00:00,1.2017040920032092,1.364963253638254,1.049490915972748,False
2014-09-19 21:30:00+00:00,1.1779466167424444,1.1814985187110187,1.0037027252081756,False
2014-09-19 22:00:00+00:00,1.2141106178122494,1.2353034303534305,1.0037027252081756,False
2014-09-19 22:30:00+00:00,1.2204245252741377,1.1814985187110187,1.0037027252081756,False
2014-09-19 23:00:00+00:00,1.1917741107247928,1.1814985187110187,1.0037027252081756,False
2014-09-19 23:30:00+00:00,1.2133667290719443,1.3357483367983367,1.0037027252081756,False
2014-09-20 00:00:00+00:00,1.2113921101898903,1.1814985187110187,1.0596911809235428,False
2014-09-20 00:30:00+00:00,1.1779466167424444,1.243417177754678,1.015669682059046,False
2014-09-20 01:00:00+00:00,1.1779466167424444,1.1814985187110187,1.0037027252081756,False
2014-09-20 01:30:00+00:00,1.1779466167424444,1.1814985187110187,1.0037027252081756,False
2014-09-20 02:00:00+00:00,1.1839772666488366,1.1814985187110187,1.0037027252081756,False
2014-09-20 02:30:00+00:00,1.1779466167424444,1.1814985187110187,1.0037027252081756,False
2014-09-20 03:00:00+00:00,1.253200722118213,1.1814985187110187,1.0074958364875095,False
2014-09-20 03:30:00+00:00,1.274227092805563,1.1814985187110187,1.0037027252081756,False
2014-09-20 04:00:00+00:00,1.261606739769992,1.1814985187110187,1.0037027252081756,False
2014-09-20 04:30:00+00:00,1.269306846750468,1.2704133575883576,1.0037027252081756,False
2014-09-20 05:00:00+00:00,1.1951871890879917,1.1814985187110187,1.0037027252081756,False
2014-09-20 05:30:00+00:00,1.1974097619684407,1.1814985187110187,1.035510408781226,False
2014-09-20 06:00:00+00:00,1.2294361326557903,1.212221517671518,1.0570096896290688,False
2014-09-20 06:30:00+00:00,1.47565950788981,1.4682714397089398,1.191628955336866,False
2014-09-20 07:00:00+00:00,1.977722171703664,2.628736564449065,1.880803028009084,False
2014-09-20 07:30:00+00:00,3.192366809307301,4.499173674636175,3.0531948902346704,False
2014-09-20 08:00:00+00:00,3.084590451992512,4.51423523908524,3.839649924299773,False
2014-09-20 08:30:00+00:00,5.191380181866809,6.697480717255719,6.28131578349735,False
2014-09-20 09:00:00+00:00,5.648236801283765,7.439032718295219,6.438313777441333,False
2014-09-20 09:30:00+00:00,4.389017945974859,7.115756574844075,6.193755715367145,False
2014-09-20 10:00:00+00:00,5.1655353837924585,7.348675311850312,6.572720704012111,False
2014-09-20 10:30:00+00:00,4.720332361594009,8.232976845114345,6.689583080999243,False
2014-09-20 11:00:00+00:00,5.8967485691361325,9.136443451143451,7.340394549583648,False
2014-09-20 11:30:00+00:00,7.335966782562181,9.384947635135136,7.66917059046177,False
2014-09-20 12:00:00+00:00,5.631616608718909,9.193901871101872,7.217493376230129,False
2014-09-20 12:30:00+00:00,7.387432468574486,8.33101975051975,6.558796782740348,False
2014-09-20 13:00:00+00:00,5.959763920834448,9.369465202702704,8.771699432248296,False
2014-09-20 13:30:00+00:00,5.686792752072746,8.915066709979211,7.965951211203633,False
2014-09-20 14:00:00+00:00,6.840144717838994,7.926277182952184,7.884259348978047,False
2014-09-20 14:30:00+00:00,6.063054265846483,8.706244126819128,7.50401525359576,False
2014-09-20 15:00:00+00:00,5.731287456539182,8.745354287941788,6.317162679788039,False
2014-09-20 15:30:00+00:00,5.226069804760631,8.872205483367985,6.1790824753974265,False
2014-09-20 16:00:00+00:00,4.148832949986628,6.356818399168399,5.574586676760029,False
2014-09-20 16:30:00+00:00,3.690693688151912,4.972303794178795,4.14663485995458,False
2014-09-20 17:00:00+00:00,2.5496683070339663,3.882448960498961,3.296029371688115,False
2014-09-20 17:30:00+00:00,1.9710837389676383,3.0689664241164243,2.290905109765329,False
2014-09-20 18:00:00+00:00,1.3420858785771597,2.076391787941788,1.6591519682059046,False
2014-09-20 18:30:00+00:00,1.35290869216368,2.102875207900208,1.6101732399697195,False
2014-09-20 19:00:00+00:00,1.1779466167424444,2.102852338877339,1.4815294852384555,False
2014-09-20 19:30:00+00:00,1.34667282695908,1.714503144490645,1.3068640045420137,False
2014-09-20 20:00:00+00:00,1.2072841401444236,1.5443137474012476,1.301161771385314,False
2014-09-20 20:30:00+00:00,1.403620513506285,1.6779173856548857,1.190159159727479,False
2014-09-20 21:00:00+00:00,1.3908574485156455,1.782930691268191,1.07279829674489,False
2014-09-20 21:30:00+00:00,1.6001427119550682,1.4066392411642412,1.025222634367903,False
2014-09-20 22:00:00+00:00,1.408813238833913,1.8510742463617464,1.0037027252081756,False
2014-09-20 22:30:00+00:00,1.3701004546670232,1.2188610446985448,1.0704679031037092,False
2014-09-20 23:00:00+00:00,1.2455190960149771,1.621106366943867,1.069104882664648,False
2014-09-20 23:30:00+00:00,1.2258706338593208,1.451052702702703,1.0010959121877363,False
2014-09-21 00:00:00+00:00,1.4669682802888473,1.261344282744283,1.0186306964420893,False
2014-09-21 00:30:00+00:00,1.21128831238299,1.3301061330561332,0.9907044663133988,False
2014-09-21 01:00:00+00:00,1.5348823214763307,1.2768798336798337,1.0037027252081756,False
2014-09-21 01:30:00+00:00,1.243255790318267,1.5725482068607068,1.01745234670704,False
2014-09-21 02:00:00+00:00,1.1779466167424444,1.2628570166320168,1.041244019682059,False
2014-09-21 02:30:00+00:00,1.2420768922171703,1.4248446985446988,1.0015671461014384,False
2014-09-21 03:00:00+00:00,1.1779466167424444,1.3014508835758838,1.010506813020439,False
2014-09-21 03:30:00+00:00,1.2650484621556566,1.1934958679833685,1.0361318319454955,False
2014-09-21 04:00:00+00:00,1.2841134795399838,1.2958809251559251,1.0817732778198337,False
2014-09-21 04:30:00+00:00,1.3630716501738434,1.268835862785863,1.0037027252081756,False
2014-09-21 05:00:00+00:00,1.3094727467237228,1.1814985187110187,1.0037027252081756,False
2014-09-21 05:30:00+00:00,1.2155411072479274,1.223943944906445,0.9965803557910672,False
2014-09-21 06:00:00+00:00,1.1779466167424444,1.383699818087318,1.007325662376987,False
2014-09-21 06:30:00+00:00,1.3652709013105109,1.2704655405405407,1.1110252838758516,False
2014-09-21 07:00:00+00:00,1.9444839796737092,2.0500331081081087,1.5144507948523844,False
2014-09-21 07:30:00+00:00,2.388631158063653,2.784318191268192,2.666595268735806,False
2014-09-21 08:00:00+00:00,2.296328697512704,2.851493321205821,2.5531885692657075,False
2014-09-21 08:30:00+00:00,3.1571229205669966,4.740669152806653,3.7571523088569263,False
2014-09-21 09:00:00+00:00,4.49127119550682,5.6848053014553015,6.088247199091597,False
2014-09-21 09:30:00+00:00,5.038939983952929,7.1002370062370055,6.565521385314155,False
2014-09-21 10:00:00+00:00,5.629312062048676,7.263588279625779,6.377837206661619,False
2014-09-21 10:30:00+00:00,4.867051725060176,7.041353976091477,6.076826873580621,False
2014-09-21 11:00:00+00:00,6.2110115271462965,7.503574610187111,6.768781794095381,False
2014-09-21 11:30:00+00:00,2.4153263439422306,5.710435291060292,4.302824451173353,False
2014-09-21 12:00:00+00:00,1.6488244450387803,2.6783539241164243,1.8838948902346704,False
2014-09-21 12:30:00+00:00,1.6481039582776145,2.5543282744282747,1.855235919757759,False
2014-09-21 13:00:00+00:00,1.48117935276812,2.210280015592516,2.240590234670704,False
2014-09-21 13:30:00+00:00,2.840165445306232,4.570394750519751,4.916549280847842,False
2014-09-21 14:00:00+00:00,4.64661358652046,6.391964397089398,5.551450378501135,False
2014-09-21 14:30:00+00:00,3.94901358652046,5.420812551975052,4.253576684330052,False
2014-09-21 15:00:00+00:00,3.331900106980476,4.279940410602911,4.1311867903103705,False
2014-09-21 15:30:00+00:00,3.271284407595614,4.074084927234927,4.084132361847085,False
2014-09-21 16:00:00+00:00,3.227787242578229,4.193845478170478,3.934757910673732,False
2014-09-21 16:30:00+00:00,2.9065503878042254,3.638080093555094,3.446055450416351,False
2014-09-21 17:00:00+00:00,1.6166956672907191,3.1606516632016635,2.252865556396669,False
2014-09-21 17:30:00+00:00,1.226362423107783,1.697206444906445,1.0935465177895534,False
2014-09-21 18:00:00+00:00,1.332673415351698,1.6546729989604991,1.2089438304314912,False
2014-09-21 18:30:00+00:00,1.2206580636533833,1.1814985187110187,1.0481175246025738,False
2014-09-21 19:00:00+00:00,1.2150867879112062,1.1814985187110187,1.0306693792581376,False
2014-09-21 19:30:00+00:00,1.2862945172506015,1.1814985187110187,1.0180032551097653,False
2014-09-21 20:00:00+00:00,1.32636603369885,1.1814985187110187,1.0253170325510976,False
2014-09-21 20:30:00+00:00,1.5338861995185875,1.1814985187110187,1.0059967827403482,False
2014-09-21 21:00:00+00:00,1.381508023535705,1.217148128898129,1.0037027252081756,False
2014-09-21 21:30:00+00:00,1.1824008290986896,1.1814985187110187,1.0179354277062829,False
2014-09-21 22:00:00+00:00,1.2657316929660336,1.2895952442827443,1.0037027252081756,False
2014-09-21 22:30:00+00:00,1.1779466167424444,1.1971796517671518,1.0037027252081756,False
2014-09-21 23:00:00+00:00,1.1808913345814387,1.1814985187110187,1.0169852384557152,False
2014-09-21 23:30:00+00:00,1.2059005616474994,1.1814985187110187,1.05580704012112,False
2014-09-22 00:00:00+00:00,1.240504092003209,1.1814985187110187,1.0037027252081756,False
2014-09-22 00:30:00+00:00,1.2473605776945709,1.1826685291060293,1.0037027252081756,False
2014-09-22 01:00:00+00:00,1.250481733083712,1.1918558212058212,1.0092906131718395,False
2014-09-22 01:30:00+00:00,1.2019876705001338,1.374133861746362,1.0502516275548823,False
2014-09-22 02:00:00+00:00,1.29000842471249,1.2372867203742206,1.048539137017411,False
2014-09-22 02:30:00+00:00,1.2448366140679326,1.1951227130977131,1.0941679031037093,False
2014-09-22 03:00:00+00:00,1.1779466167424444,1.1814985187110187,1.078155299015897,False
2014-09-22 03:30:00+00:00,1.1779466167424444,1.1814985187110187,1.091448978046934,False
2014-09-22 04:00:00+00:00,1.1779466167424444,1.1898659043659046,1.0037027252081756,False
2014-09-22 04:30:00+00:00,1.441420727467237,1.1814985187110187,0.9953176381529144,False
2014-09-22 05:00:00+00:00,1.3541038245520192,1.183062655925156,1.0037027252081756,False
2014-09-22 05:30:00+00:00,1.3909563252206472,1.1814985187110187,1.0338504542013625,False
2014-09-22 06:00:00+00:00,1.2268709815458678,1.1844679313929316,1.0037027252081756,False
2014-09-22 06:30:00+00:00,1.1779466167424444,1.259505535343035,1.0037027252081756,False
2014-09-22 07:00:00+00:00,1.1779466167424444,1.4685750519750522,1.1247321347464043,False
2014-09-22 07:30:00+00:00,1.4217741642150306,1.6302650987525988,2.395278841786525,False
2014-09-22 08:00:00+00:00,1.831145145760899,2.8166709459459462,1.7293260030280089,False
2014-09-22 08:30:00+00:00,3.070309922439155,4.329529158004158,4.813238152914458,False
2014-09-22 09:00:00+00:00,5.815244396897566,6.495634017671518,6.127133383800151,False
2014-09-22 09:30:00+00:00,5.361518026210216,6.494014968814969,5.689169606358818,False
2014-09-22 10:00:00+00:00,4.673986359989303,7.5891668659043665,6.844434784254353,False
2014-09-22 10:30:00+00:00,4.484713773736293,8.218806600831602,7.278474110522332,False
2014-09-22 11:00:00+00:00,3.048086841401444,7.473852832640333,6.647730166540499,False
2014-09-22 11:30:00+00:00,5.040621101898903,6.888078482328483,6.4070859576078725,False
2014-09-22 12:00:00+00:00,5.502195587055362,8.863676741164241,7.482008402725208,False
2014-09-22 12:30:00+00:00,2.9955238566461624,8.997493503118504,7.895587698713095,False
2014-09-22 13:00:00+00:00,2.0481601230275475,3.171490410602911,3.9034986752460257,False
2014-09-22 13:30:00+00:00,3.0712245787643755,4.3067326403326405,5.99475,False
2014-09-22 14:00:00+00:00,6.485532254613532,7.92238970893971,4.724694322482967,False
2014-09-22 14:30:00+00:00,7.083114067932603,8.366935550935553,7.753178198334595,False
2014-09-22 15:00:00+00:00,6.887243139876971,8.421312811850312,8.309338985616955,False
2014-09-22 15:30:00+00:00,4.7017744851564585,7.801141839916839,6.976800378501135,False
2014-09-22 16:00:00+00:00,4.866875849157529,6.695724272349273,6.3077035957607865,False
2014-09-22 16:30:00+00:00,3.906258384594811,5.224400675675676,4.716101097653293,False
2014-09-22 17:00:00+00:00,2.828878202728002,3.657704521829522,3.467239364118092,False
2014-09-22 17:30:00+00:00,2.084513399304627,2.678723154885655,2.2253824375473124,False
2014-09-22 18:00:00+00:00,1.8151367745386464,2.229204313929314,1.76636109008327,False
2014-09-22 18:30:00+00:00,1.7527847552821612,1.531670582120582,1.1019279712339136,False
2014-09-22 19:00:00+00:00,1.2254835250066864,1.4391242463617466,1.3270126419379258,False
2014-09-22 19:30:00+00:00,1.2058156191495053,1.428655769230769,1.3123373959121876,False
2014-09-22 20:00:00+00:00,1.2068793795132389,1.3015653586278588,1.0807553368660106,False
2014-09-22 20:30:00+00:00,1.1779466167424444,1.1814985187110187,0.9994500378501135,False
2014-09-22 21:00:00+00:00,1.2788862262637068,1.1859846413721415,1.0037027252081756,False
2014-09-22 21:30:00+00:00,1.1972540251404118,1.251377624740125,1.150618508705526,False
2014-09-22 22:00:00+00:00,1.1949003744316662,1.218385836798337,1.304408667676003,False
2014-09-22 22:30:00+00:00,1.266803476865472,1.1814985187110187,1.1906779333838,False
2014-09-22 23:00:00+00:00,1.2108295533565123,1.1814985187110187,1.0426391748675246,False
2014-09-22 23:30:00+00:00,1.1840942230542926,1.2052362006237007,1.098208667676003,False
2014-09-23 00:00:00+00:00,1.2259931799946509,1.240166554054054,1.029390651021953,False
2014-09-23 00:30:00+00:00,1.1779466167424444,1.1814985187110187,1.3448618849356546,False
2014-09-23 01:00:00+00:00,1.2802099491842738,1.2056286382536383,1.0043206283118848,False
2014-09-23 01:30:00+00:00,1.2151724792725327,1.4028363045738048,1.0027549583648752,False
2014-09-23 02:00:00+00:00,1.1779466167424444,1.1887185031185032,1.0365716124148372,False
2014-09-23 02:30:00+00:00,1.1784497726664882,1.2397548336798336,1.056232134746404,False
2014-09-23 03:00:00+00:00,1.1854432468574485,1.1851429573804575,1.1815501135503406,False
2014-09-23 03:30:00+00:00,1.1779466167424444,1.1814985187110187,1.0955819454958364,False
2014-09-23 04:00:00+00:00,1.181903476865472,1.194902572765073,1.0037027252081756,False
2014-09-23 04:30:00+00:00,1.1779466167424444,1.1814985187110187,1.053586525359576,False
2014-09-23 05:00:00+00:00,1.2135277346884192,1.1834612785862786,1.0491303557910674,False
2014-09-23 05:30:00+00:00,1.1779466167424444,1.1814985187110187,1.2751240348221045,False
2014-09-23 06:00:00+00:00,1.1779466167424444,1.1814985187110187,1.0818429598788797,False
2014-09-23 06:30:00+00:00,1.8882722920567,2.842526325363825,1.981804390613172,False
2014-09-23 07:00:00+00:00,2.5658285370419898,2.6720096413721417,3.660645798637396,False
2014-09-23 07:30:00+00:00,3.043484273870019,4.3766173336798335,4.111771574564724,False
2014-09-23 08:00:00+00:00,3.3789977534100024,5.244544386694387,4.537989364118093,False
2014-09-23 08:30:00+00:00,4.440818828563787,6.641922089397089,6.295319417108251,False
2014-09-23 09:00:00+00:00,5.782882856378711,6.445179339916841,5.91044265707797,False
2014-09-23 09:30:00+00:00,5.388082080770259,7.608898336798338,5.679596290688872,False
2014-09-23 10:00:00+00:00,5.037432575554961,7.373553352390853,6.495247161241483,False
2014-09-23 10:30:00+00:00,4.251414335383792,6.505080431392932,5.567113701741105,False
2014-09-23 11:00:00+00:00,3.5359539449050548,6.786301767151768,6.175609841029523,False
2014-09-23 11:30:00+00:00,6.5021253008825886,8.624074038461538,7.336556093868281,False
2014-09-23 12:00:00+00:00,5.220308157261299,7.410094256756757,5.9856430734292205,False
2014-09-23 12:30:00+00:00,2.7496485691361325,3.5764695426195434,3.841933080999243,False
2014-09-23 13:00:00+00:00,5.590623749665686,7.653306834719336,6.162858894776684,False
2014-09-23 13:30:00+00:00,2.7566248462155656,6.912947167359667,4.526299962149886,False
2014-09-23 14:00:00+00:00,5.158527253276278,7.754684277546779,7.698661392884178,False
2014-09-23 14:30:00+00:00,5.93707908531693,7.204022557172557,5.647046404239213,False
2014-09-23 15:00:00+00:00,5.940103396630114,8.69020862785863,4.469644322482967,False
2014-09-23 15:30:00+00:00,3.248124150842471,5.128592593555094,4.480293792581378,False
2014-09-23 16:00:00+00:00,2.3284297940625835,3.754917775467776,3.175169379258137,False
2014-09-23 16:30:00+00:00,2.187590772933939,3.344034563409564,2.8691340272520813,False
2014-09-23 17:00:00+00:00,2.934890879914416,4.173731237006237,3.869912604087812,False
2014-09-23 17:30:00+00:00,1.9689877774806095,3.131539864864865,2.249071725965178,False
2014-09-23 18:00:00+00:00,2.006003503610591,2.1480280405405408,1.6703541635124906,False
2014-09-23 18:30:00+00:00,1.6822072746723722,1.4436978950103951,1.399413133989402,False
2014-09-23 19:00:00+00:00,1.2741738165284835,1.3013115124740124,1.0162585919757758,False
2014-09-23 19:30:00+00:00,1.1779466167424444,1.505400623700624,1.1838590461771383,False
2014-09-23 20:00:00+00:00,1.2634279219042526,1.2954552234927237,1.1027509462528386,False
2014-09-23 20:30:00+00:00,1.2568561647499332,1.2052341216216218,1.0923122634367903,False
2014-09-23 21:00:00+00:00,1.1779466167424444,1.2188015332640332,1.0716878501135505,False
2014-09-23 21:30:00+00:00,1.2536435143086386,1.191237837837838,1.0037027252081756,False
2014-09-23 22:00:00+00:00,1.1843894089328697,1.1814985187110187,1.10821748675246,False
2014-09-23 22:30:00+00:00,1.2215264241775876,1.2977242463617464,1.0078672596517788,False
2014-09-23 23:00:00+00:00,1.2371133725595078,1.1894768191268192,1.0037027252081756,False
2014-09-23 23:30:00+00:00,1.1779466167424444,1.1814985187110187,1.0037027252081756,False
2014-09-24 00:00:00+00:00,1.180043861995186,1.2969385654885657,1.0930281604844814,False
2014-09-24 00:30:00+00:00,1.1779466167424444,1.1814985187110187,1.0037027252081756,False
2014-09-24 01:00:00+00:00,1.2791057234554697,1.219210810810811,1.0037027252081756,False
2014-09-24 01:30:00+00:00,1.251606873495587,1.1814985187110187,1.0113425435276306,False
2014-09-24 02:00:00+00:00,1.1779466167424444,1.1979902546777548,1.0037027252081756,False
2014-09-24 02:30:00+00:00,1.1832259962556833,1.1849643451143452,1.0686787660862982,False
2014-09-24 03:00:00+00:00,1.1834211286440224,1.333669074844075,1.0814818319454955,False
2014-09-24 03:30:00+00:00,1.1779466167424444,1.1814985187110187,1.0528737698713095,False
2014-09-24 04:00:00+00:00,1.181819309975929,1.1814985187110187,1.0037027252081756,False
2014-09-24 04:30:00+00:00,1.2084905054827493,1.196635784823285,1.0037027252081756,False
2014-09-24 05:00:00+00:00,1.2250879646964428,1.1814985187110187,1.1291244511733536,False
2014-09-24 05:30:00+00:00,1.2210569938486229,1.2370548076923078,1.0825093868281603,False
2014-09-24 06:00:00+00:00,1.1779466167424444,1.4135329261954264,1.2984117713853145,False
2014-09-24 06:30:00+00:00,2.21535517518053,2.8383051975051976,2.490781642694928,False
2014-09-24 07:00:00+00:00,2.8114075421235625,2.734043659043659,3.469560787282361,False
2014-09-24 07:30:00+00:00,2.9074762235891947,5.730380223492724,4.966100302800908,False
2014-09-24 08:00:00+00:00,3.4278639475795667,6.16907525987526,3.4026944738834217,False
2014-09-24 08:30:00+00:00,5.50849050548275,6.008335291060291,6.122929031037093,False
2014-09-24 09:00:00+00:00,4.776238405990906,6.566147531185031,6.861430355791066,False
2014-09-24 09:30:00+00:00,5.5758552554158864,7.662597323284824,6.969674034822104,False
2014-09-24 10:00:00+00:00,5.28873396630115,7.226770322245322,6.728822331566994,False
2014-09-24 10:30:00+00:00,5.611490264776679,8.923702494802496,7.395692770628311,False
2014-09-24 11:00:00+00:00,4.075160898635999,5.832961174636175,5.150050340651022,False
2014-09-24 11:30:00+00:00,4.392699197646429,6.264476611226611,5.365442051476154,False
2014-09-24 12:00:00+00:00,4.57115324953196,8.052875363825365,7.613304428463286,False
2014-09-24 12:30:00+00:00,4.797539368815191,7.186118269230771,6.16563474640424,False
2014-09-24 13:00:00+00:00,3.9593063920834446,5.422398310810811,4.766602119606358,False
2014-09-24 13:30:00+00:00,2.7695179192297403,4.195101247401247,4.09759424678274,False
2014-09-24 14:00:00+00:00,3.652669991976464,5.214391528066528,4.37352804693414,False
2014-09-24 14:30:00+00:00,6.744569537309441,9.688248154885656,8.82436003028009,False
2014-09-24 15:00:00+00:00,6.112282829633592,8.872319880457383,7.373330961392884,False
2014-09-24 15:30:00+00:00,5.093087964696442,7.90413646049896,6.702015026495078,False
2014-09-24 16:00:00+00:00,4.317203075688687,7.243529106029106,5.981140499621498,False
2014-09-24 16:30:00+00:00,3.9483851297138273,5.881115826403327,4.823443527630582,False
2014-09-24 17:00:00+00:00,2.831548809842204,4.190712707900208,3.2527077971233918,False
2014-09-24 17:30:00+00:00,2.149679566729072,2.9694527546777545,2.125279295987888,False
2014-09-24 18:00:00+00:00,1.8069380048141213,2.5301531704781706,1.522978538985617,False
2014-09-24 18:30:00+00:00,1.485254212356245,2.313606574844075,1.2932989780469342,False
2014-09-24 19:00:00+00:00,1.465010163145226,1.8206531704781703,1.1902402725208174,False
2014-09-24 19:30:00+00:00,1.2740106980476062,1.6636672557172558,1.1287324753974262,False
2014-09-24 20:00:00+00:00,1.2277616474993314,1.372547765072765,1.0439265329295988,False
2014-09-24 20:30:00+00:00,1.1954539181599355,1.5311781185031186,1.244038266464799,False
2014-09-24 21:00:00+00:00,1.2293116341267718,1.2398119802494805,1.0608517032551097,False
2014-09-24 21:30:00+00:00,1.1779466167424444,1.334458705821206,1.175410257380772,False
2014-09-24 22:00:00+00:00,1.1779466167424444,1.4230428014553016,1.0037027252081756,False
2014-09-24 22:30:00+00:00,1.1779466167424444,1.3872495062370065,1.0065604466313398,False
2014-09-24 23:00:00+00:00,1.2340989034501204,1.2761226351351351,1.0265797501892506,False
2014-09-24 23:30:00+00:00,1.211971115271463,1.1814985187110187,1.0049414458743375,False
2014-09-25 00:00:00+00:00,1.2823782294731212,1.1814985187110187,1.0601668811506435,False
2014-09-25 00:30:00+00:00,1.1779466167424444,1.1814985187110187,1.0256315291445874,False
2014-09-25 01:00:00+00:00,1.2626446108585183,1.1814985187110187,1.0037027252081756,False
2014-09-25 01:30:00+00:00,1.292766354640278,1.2519052234927237,1.0328625283875852,False
2014-09-25 02:00:00+00:00,1.3072599090665953,1.1814985187110187,1.0037027252081756,False
2014-09-25 02:30:00+00:00,1.2110058304359457,1.1814985187110187,1.0054395912187737,False
2014-09-25 03:00:00+00:00,1.2563989836854774,1.320948284823285,1.02995639666919,False
2014-09-25 03:30:00+00:00,1.232447686547205,1.1814985187110187,1.0539390991672972,False
2014-09-25 04:00:00+00:00,1.230369457074084,1.2099869542619544,1.0107686601059802,False
2014-09-25 04:30:00+00:00,1.2101822947312115,1.1814985187110187,1.021655450416351,False
2014-09-25 05:00:00+00:00,1.270818694838192,1.1814985187110187,1.0182088569265706,False
2014-09-25 05:30:00+00:00,1.2605189622893822,1.2012039760914763,1.0438628311884934,False
2014-09-25 06:00:00+00:00,1.1779466167424444,1.230321127858628,1.0048186222558666,False
2014-09-25 06:30:00+00:00,1.2385151377373629,1.251102416839917,1.0037027252081756,False
2014-09-25 07:00:00+00:00,1.374506606044397,1.2483233887733889,1.1738231642694927,False
2014-09-25 07:30:00+00:00,1.4576306766515112,1.87599287941788,1.4217979182437543,False
2014-09-25 08:00:00+00:00,2.4713879646964427,2.9192698804573807,2.1294673353520057,False
2014-09-25 08:30:00+00:00,2.975290558972987,4.182210498960499,3.633299772899319,False
2014-09-25 09:00:00+00:00,3.620280128376572,4.953385862785863,4.393273164269493,False
2014-09-25 09:30:00+00:00,3.984995346349291,5.286099740124741,5.234005488266464,False
2014-09-25 10:00:00+00:00,4.936184113399304,7.159068035343036,6.081403330809993,False
2014-09-25 10:30:00+00:00,4.799890345012035,7.813003404365906,6.468349432248296,False
2014-09-25 11:00:00+00:00,4.69512091468307,6.946078456340957,6.252089818319454,False
2014-09-25 11:30:00+00:00,6.05069483819203,7.489577520790021,6.881939704769114,False
2014-09-25 12:00:00+00:00,6.002564509227066,7.812951143451144,6.964452081756245,False
2014-09-25 12:30:00+00:00,6.14714728537042,8.364983134095636,8.594415064345192,False
2014-09-25 13:00:00+00:00,6.6667680930730135,9.079991813929317,7.822993149129447,False
2014-09-25 13:30:00+00:00,4.368223535704733,9.673716476091476,6.893203028009084,False
2014-09-25 14:00:00+00:00,7.100903931532494,7.758890072765074,8.862069871309613,False
2014-09-25 14:30:00+00:00,6.341814683070339,7.068830171517673,9.207146707040122,False
2014-09-25 15:00:00+00:00,5.853785825086922,9.476828690228691,5.219676684330052,False
2014-09-25 15:30:00+00:00,4.7102613533030215,7.488709381496883,6.155511695685087,False
2014-09-25 16:00:00+00:00,4.459053436747793,6.496072687110187,6.1850455715367145,False
2014-09-25 16:30:00+00:00,2.7247338860657933,4.8764966995842,3.802444208932626,False
2014-09-25 17:00:00+00:00,1.736737068734956,3.155141060291061,2.1301592732778194,False
2014-09-25 17:30:00+00:00,1.502848729606847,2.645483627858628,1.7096166161998485,False
2014-09-25 18:00:00+00:00,1.3515658464830167,2.5471535083160086,1.5693993565480695,False
2014-09-25 18:30:00+00:00,1.4783905054827495,1.835150363825364,1.361809727479182,False
2014-09-25 19:00:00+00:00,1.301759400909334,1.926458783783784,1.1129223315669945,False
2014-09-25 19:30:00+00:00,1.3396111259695105,1.5402777286902287,1.1764098788796369,False
2014-09-25 20:00:00+00:00,1.2259646964428994,1.6586351871101872,1.252538190764572,False
2014-09-25 20:30:00+00:00,1.259054747258625,1.468162733887734,1.0127953065859197,False
2014-09-25 21:00:00+00:00,1.1919070874565392,1.2447536122661125,1.0561009841029525,False
2014-09-25 21:30:00+00:00,1.1984480877239905,1.2415846153846155,1.1092878879636638,False
2014-09-25 22:00:00+00:00,1.2461988767050014,1.1814985187110187,1.1729836866010597,False
2014-09-25 22:30:00+00:00,1.3815345012035305,1.1814985187110187,1.049041824375473,False
2014-09-25 23:00:00+00:00,1.3456006953730943,1.1814985187110187,1.0335883421650265,False
2014-09-25 23:30:00+00:00,1.4039456004279218,1.5001866683991687,1.0700276305828915,False
2014-09-26 00:00:00+00:00,1.245008531692966,1.3169782744282748,1.0395227479182436,False
2014-09-26 00:30:00+00:00,1.1779466167424444,1.196573778586279,1.0210380015140044,False
2014-09-26 01:00:00+00:00,1.1779466167424444,1.1814985187110187,1.0449577214231642,False
2014-09-26 01:30:00+00:00,1.2949918159935812,1.1814985187110187,1.0037027252081756,False
2014-09-26 02:00:00+00:00,1.181864562717304,1.1814985187110187,1.0664548069644209,False
2014-09-26 02:30:00+00:00,1.1779466167424444,1.1994595634095635,1.0037027252081756,False
2014-09-26 03:00:00+00:00,1.1852395560310245,1.2025280925155926,1.0037027252081756,False
2014-09-26 03:30:00+00:00,1.1883335383792455,1.1814985187110187,1.0037027252081756,False
2014-09-26 04:00:00+00:00,1.2798371222251936,1.1814985187110187,1.0037027252081756,False
2014-09-26 04:30:00+00:00,1.3198294463760365,1.220931133056133,1.0037027252081756,False
2014-09-26 05:00:00+00:00,1.2773147900508155,1.2930518711018713,1.0037027252081756,False
2014-09-26 05:30:00+00:00,1.196494517250602,1.1814985187110187,1.0037027252081756,False
2014-09-26 06:00:00+00:00,1.1779466167424444,1.1814985187110187,1.0037027252081756,False
2014-09-26 06:30:00+00:00,2.153225969510564,2.874036070686071,1.6000351249053746,False
2014-09-26 07:00:00+00:00,3.784270286172773,4.257418217255718,4.846025132475397,False
2014-09-26 07:30:00+00:00,2.401851163412677,5.572252598752599,5.11254935654807,False
2014-09-26 08:00:00+00:00,3.0718990639208346,5.536567515592516,3.5951630582891743,False
2014-09-26 08:30:00+00:00,4.279963626638138,4.926797531185032,6.005108364875095,False
2014-09-26 09:00:00+00:00,5.082904600160471,7.068270660083161,7.18389647993944,False
2014-09-26 09:30:00+00:00,5.487301310510832,7.974285239085239,7.524604428463285,False
2014-09-26 10:00:00+00:00,4.783076731746457,7.48978341995842,7.312811506434519,False
2014-09-26 10:30:00+00:00,6.222606632789516,7.427556990644491,7.513831869795609,False
2014-09-26 11:00:00+00:00,5.6536455201925655,7.758980171517671,7.166222785768357,False
2014-09-26 11:30:00+00:00,5.617604653650709,8.311546543659045,8.108551135503406,False
2014-09-26 12:00:00+00:00,6.318109494517251,8.02509857068607,7.345789477668432,False
2014-09-26 12:30:00+00:00,7.559790505482749,9.577143970893973,9.003670552611657,False
2014-09-26 13:00:00+00:00,7.310689569403583,7.802770893970895,7.910992694928083,False
2014-09-26 13:30:00+00:00,5.679380369082643,9.16251696985447,8.780691294473884,False
2014-09-26 14:00:00+00:00,7.324945466702328,8.968590150727652,8.583315329295989,False
2014-09-26 14:30:00+00:00,3.604288767050013,7.800688123700624,6.334547312641938,False
2014-09-26 15:00:00+00:00,4.030634287242578,5.549085576923078,5.315332210446631,False
2014-09-26 15:30:00+00:00,4.662612596951056,6.001556003118504,5.499940461771385,False
2014-09-26 16:00:00+00:00,2.85114185611126,4.589148960498961,3.675466048448145,False
2014-09-26 16:30:00+00:00,2.9994141214228405,3.983325207900208,3.70980821347464,False
2014-09-26 17:00:00+00:00,2.2378487563519656,2.835690982328482,2.169485692657078,False
2014-09-26 17:30:00+00:00,1.1779466167424444,2.173247063409564,1.5296197577592732,False
2014-09-26 18:00:00+00:00,1.4005543995720782,1.8079239085239085,1.5687585919757758,False
2014-09-26 18:30:00+00:00,1.3661446643487565,1.6315162162162162,0.9846129447388342,False
2014-09-26 19:00:00+00:00,1.417701684942498,1.5939322505197506,1.2262152914458744,False
2014-09-26 19:30:00+00:00,1.1962180529553357,1.304506834719335,1.118499053747161,False
2014-09-26 20:00:00+00:00,1.2315112596951057,1.3538449064449067,1.067361355034065,False
2014-09-26 20:30:00+00:00,1.259933752340198,1.1814985187110187,1.005553785011355,False
2014-09-26 21:00:00+00:00,1.1779466167424444,1.2410151507276508,1.2187825889477666,False
2014-09-26 21:30:00+00:00,1.1779466167424444,1.1814985187110187,1.0990558667676005,False
2014-09-26 22:00:00+00:00,1.1779466167424444,1.1814985187110187,1.0369571915215745,False
2014-09-26 22:30:00+00:00,1.1851446643487564,1.4196258835758837,1.021682248296745,False
2014-09-26 23:00:00+00:00,1.184139261834715,1.1814985187110187,1.0254002649507947,False
2014-09-26 23:30:00+00:00,1.220749558705536,1.1814985187110187,1.0037027252081756,False
2014-09-27 00:00:00+00:00,1.1779466167424444,1.5533042879417882,1.0989315291445874,False
2014-09-27 00:30:00+00:00,1.2247113934207006,1.1838862785862787,1.0322774791824376,False
2014-09-27 01:00:00+00:00,1.1929149772666487,1.1814985187110187,1.1330644208932623,False
2014-09-27 01:30:00+00:00,1.2332400641882857,1.1814985187110187,1.0037027252081756,False
2014-09-27 02:00:00+00:00,1.3319093073014174,1.2852458939708942,1.1138450794852384,False
2014-09-27 02:30:00+00:00,1.3652177855041454,1.231881392931393,1.0578016275548827,False
2014-09-27 03:00:00+00:00,1.2410741374699117,1.2549998180873183,1.2082045798637393,False
2014-09-27 03:30:00+00:00,1.3931336721048408,1.2398034563409563,1.188356472369417,False
2014-09-27 04:00:00+00:00,1.2340924311313186,1.1867050155925158,1.0582457607872822,False
2014-09-27 04:30:00+00:00,1.4071973254880985,1.3773201143451144,1.0290442846328538,False
2014-09-27 05:00:00+00:00,1.328062556833378,1.213058523908524,1.0142798637395911,False
2014-09-27 05:30:00+00:00,1.3479597485958812,1.2027502598752602,1.1873022331566994,False
2014-09-27 06:00:00+00:00,1.2941975394490506,1.1814985187110187,1.413837547312642,False
2014-09-27 06:30:00+00:00,1.6641936079165551,1.974337655925156,1.9732747161241484,False
2014-09-27 07:00:00+00:00,3.269752473923509,3.6844285862785866,4.124360484481453,False
2014-09-27 07:30:00+00:00,3.4669655790318266,4.835619334719334,4.918691635124905,False
2014-09-27 08:00:00+00:00,4.604975902647767,5.885635550935551,4.760174564723694,False
2014-09-27 08:30:00+00:00,4.415278657395026,5.60530971933472,5.994319417108251,False
2014-09-27 09:00:00+00:00,5.80551142016582,7.052318399168399,6.74003902346707,False
2014-09-27 09:30:00+00:00,5.566707809574752,7.625084017671518,6.969937395912187,False
2014-09-27 10:00:00+00:00,5.727285771596684,7.539538435550936,6.506333459500377,False
2014-09-27 10:30:00+00:00,6.1353449317999456,8.280536044698547,6.767874753974262,False
2014-09-27 11:00:00+00:00,5.34425135062851,7.808759407484408,6.592886525359576,False
2014-09-27 11:30:00+00:00,6.46332091468307,8.014537551975053,7.089468281604844,False
2014-09-27 12:00:00+00:00,4.299610323615941,5.772698336798337,5.379327895533685,False
2014-09-27 12:30:00+00:00,3.696672586253009,5.123357744282744,5.077506131718395,False
2014-09-27 13:00:00+00:00,3.501142818935544,4.568126013513514,4.7566203633610895,False
2014-09-27 13:30:00+00:00,3.837064241775876,3.1491994802494805,4.211662301286904,False
2014-09-27 14:00:00+00:00,1.5176107247927253,2.4612543659043657,1.3085971612414835,False
2014-09-27 14:30:00+00:00,1.2164856646162077,2.220831964656965,1.3331681302043903,False
2014-09-27 15:00:00+00:00,1.2700250066862795,1.9610801975051977,1.5652810370931112,False
2014-09-27 15:30:00+00:00,1.1779466167424444,1.9051326923076923,1.46406279333838,False
2014-09-27 16:00:00+00:00,1.200834126771864,1.5183659563409564,1.2774291824375472,False
2014-09-27 16:30:00+00:00,1.495145332976732,1.4592160602910602,1.0300622255866765,False
2014-09-27 17:00:00+00:00,1.4469478202728003,1.234002286902287,1.3603550719152158,False
2014-09-27 17:30:00+00:00,1.3811939288579835,1.1814985187110187,1.1573676381529143,False
2014-09-27 18:00:00+00:00,1.3401871355977537,1.1814985187110187,1.0405249432248296,False
2014-09-27 18:30:00+00:00,1.318374618882054,1.326360343035343,1.144600075700227,False
2014-09-27 19:00:00+00:00,1.2012755549612195,1.1814985187110187,1.0524362604087814,False
2014-09-27 19:30:00+00:00,1.2581656592671835,1.1814985187110187,1.0037027252081756,False
2014-09-27 20:00:00+00:00,1.2154775341000266,1.1814985187110187,1.0037027252081756,False
2014-09-27 20:30:00+00:00,1.230025300882589,1.3376434251559253,1.0037027252081756,False
2014-09-27 21:00:00+00:00,1.2532568333779086,1.1935509875259878,1.0058749432248295,False
2014-09-27 21:30:00+00:00,1.3841277614335386,1.3582955301455302,1.0037027252081756,False
2014-09-27 22:00:00+00:00,1.1801384059909066,1.195618840956341,1.0831630582891747,False
2014-09-27 22:30:00+00:00,1.182989729874298,1.1862685031185032,1.038624981074943,False
2014-09-27 23:00:00+00:00,1.3162213158598557,1.2457302494802496,1.029035162755488,False
2014-09-27 23:30:00+00:00,1.362569537309441,1.1814985187110187,1.0093639666919,False
2014-09-28 00:00:00+00:00,1.193791521797272,1.361652442827443,1.0037027252081756,False
2014-09-28 00:30:00+00:00,1.2233647499331373,1.1814985187110187,1.0740130204390612,False
2014-09-28 01:00:00+00:00,1.4069898635998928,1.187752234927235,1.167226419379258,False
2014-09-28 01:30:00+00:00,1.178833993046269,1.1822887993762994,1.0310398561695684,False
2014-09-28 02:00:00+00:00,1.239331960417224,1.2358569126819128,1.0491630582891749,False
2014-09-28 02:30:00+00:00,1.2993246322546137,1.1996239085239084,1.0037027252081756,False
2014-09-28 03:00:00+00:00,1.1779466167424444,1.2971737525987528,1.0037027252081756,False
2014-09-28 03:30:00+00:00,1.2495565391815997,1.2059619802494803,1.0037027252081756,False
2014-09-28 04:00:00+00:00,1.1779466167424444,1.1814985187110187,1.0841715745647236,False
2014-09-28 04:30:00+00:00,1.1779466167424444,1.1814985187110187,1.0114369038607116,False
2014-09-28 05:00:00+00:00,1.3225029687082106,1.1814985187110187,1.0001829295987887,False
2014-09-28 05:30:00+00:00,1.3049361594009097,1.2206615384615385,1.0242456472369417,False
2014-09-28 06:00:00+00:00,1.2533798876705002,1.2187391891891892,1.0612325132475398,False
2014-09-28 06:30:00+00:00,1.4416065525541588,1.4213968814968816,1.086060105980318,False
2014-09-28 07:00:00+00:00,1.2943979673709547,1.369598284823285,1.933253179409538,False
2014-09-28 07:30:00+00:00,1.6174427119550685,1.997794360706861,1.6396521196063587,False
2014-09-28 08:00:00+00:00,2.616913372559508,3.520945062370063,3.420494284632854,False
2014-09-28 08:30:00+00:00,3.3479326825354367,3.670489708939709,3.208674034822104,False
2014-09-28 09:00:00+00:00,3.884292511366676,4.571520374220374,4.979474337623012,False
2014-09-28 09:30:00+00:00,5.28285517518053,7.011219828482328,6.490973694171082,False
2014-09-28 10:00:00+00:00,5.589586359989302,7.346493477130979,6.623096025738077,False
2014-09-28 10:30:00+00:00,4.433494437015245,7.154327650727651,6.8454392884178645,False
2014-09-28 11:00:00+00:00,6.151141963091735,8.365303430353432,6.95109254352763,False
2014-09-28 11:30:00+00:00,5.09255814388874,7.492827988565488,6.63630234670704,False
2014-09-28 12:00:00+00:00,6.474216983150575,9.848882536382538,7.985781188493565,False
2014-09-28 12:30:00+00:00,5.470841722385664,7.310314527027027,6.876995041635124,False
2014-09-28 13:00:00+00:00,4.9583035303557095,6.655321465696466,5.261820174110521,False
2014-09-28 13:30:00+00:00,5.4429242845680665,7.383604287941788,6.828912641937925,False
2014-09-28 14:00:00+00:00,5.468616608718909,8.465807094594595,6.633900794852384,False
2014-09-28 14:30:00+00:00,6.425254800748864,7.835256081081082,7.696340121120362,False
2014-09-28 15:00:00+00:00,5.612431452259963,7.94354501039501,5.320160825132475,False
2014-09-28 15:30:00+00:00,5.194881224926451,7.267978352390853,6.825484670704012,False
2014-09-28 16:00:00+00:00,4.496246402781493,7.429730535343036,6.056257418622256,False
2014-09-28 16:30:00+00:00,3.960507943300348,5.957428976091476,4.483559084027252,False
2014-09-28 17:00:00+00:00,1.9801921636801283,3.518227338877338,2.04845,False
2014-09-28 17:30:00+00:00,1.58208478202728,2.274720893970894,1.5347887585162756,False
2014-09-28 18:00:00+00:00,1.1950271997860389,1.8733260654885655,1.213852838758516,False
2014-09-28 18:30:00+00:00,1.6771787108852636,1.811624714137214,1.208752763058289,False
2014-09-28 19:00:00+00:00,1.3602803958277614,1.7538644490644493,1.058602233156699,False
2014-09-28 19:30:00+00:00,1.1779466167424444,1.3765949584199586,1.2149861468584404,False
2014-09-28 20:00:00+00:00,1.1779466167424444,1.652289968814969,1.0283333459500377,False
2014-09-28 20:30:00+00:00,1.326925595078898,1.2831141891891893,0.998683989401968,False
2014-09-28 21:00:00+00:00,1.288635517518053,1.2020881496881497,1.0115526116578348,False
2014-09-28 21:30:00+00:00,1.3234699384862263,1.316331548856549,1.0037027252081756,False
2014-09-28 22:00:00+00:00,1.2741839529285903,1.1814985187110187,1.0037027252081756,False
2014-09-28 22:30:00+00:00,1.267035704733886,1.1814985187110187,1.0037027252081756,False
2014-09-28 23:00:00+00:00,1.2396192564856912,1.1814985187110187,1.0112666540499622,False
2014-09-28 23:30:00+00:00,1.1877688419363466,1.1814985187110187,1.0111503406510218,False
2014-09-29 00:00:00+00:00,1.248594142818935,1.1814985187110187,1.0165258137774411,False
2014-09-29 00:30:00+00:00,1.1779466167424444,1.1814985187110187,1.0037027252081756,False
2014-09-29 01:00:00+00:00,1.2516538379245787,1.186869386694387,1.0475832323996972,False
2014-09-29 01:30:00+00:00,1.3978550147098154,1.1814985187110187,1.0037027252081756,False
2014-09-29 02:00:00+00:00,1.3311685209949184,1.1814985187110187,1.0037027252081756,False
2014-09-29 02:30:00+00:00,1.2232560042792189,1.1814985187110187,1.0037027252081756,False
2014-09-29 03:00:00+00:00,1.240384407595614,1.1814985187110187,1.0395565480696445,False
2014-09-29 03:30:00+00:00,1.3284278149237765,1.1814985187110187,1.166360333080999,False
2014-09-29 04:00:00+00:00,1.1821351698315057,1.204462967775468,1.0367967448902349,False
2014-09-29 04:30:00+00:00,1.1779466167424444,1.2122995841995845,1.0037027252081756,False
2014-09-29 05:00:00+00:00,1.2047150040117678,1.211798102910603,1.0037027252081756,False
2014-09-29 05:30:00+00:00,1.2054808237496657,1.2339990124740126,1.0851412944738834,False
2014-09-29 06:00:00+00:00,1.2587157796202193,1.1814985187110187,1.0037027252081756,False
2014-09-29 06:30:00+00:00,1.1828056699652314,1.7078021829521832,1.0037027252081756,False
2014-09-29 07:00:00+00:00,1.1779466167424444,1.3626437889812892,1.4358548069644208,False
2014-09-29 07:30:00+00:00,1.7134144423642683,2.1858684251559253,2.291952157456472,False
2014-09-29 08:00:00+00:00,2.723393260230008,4.921386954261955,4.902069417108251,False
2014-09-29 08:30:00+00:00,4.7112349826156725,5.998073362785863,5.960506018168054,False
2014-09-29 09:00:00+00:00,5.298848997058037,6.338176273388774,5.538280658591976,False
2014-09-29 09:30:00+00:00,5.319934447713291,7.018248336798337,6.159263890991673,False
2014-09-29 10:00:00+00:00,5.11314428991709,7.020788435550936,6.9321433005299005,False
2014-09-29 10:30:00+00:00,5.286035544263172,8.428262162162165,7.288488947766842,False
2014-09-29 11:00:00+00:00,5.704184808772399,8.79290446985447,7.199482702498107,False
2014-09-29 11:30:00+00:00,4.185207140946778,8.433981990644492,8.340479901589704,False
2014-09-29 12:00:00+00:00,5.821231184808772,9.583301819126818,9.083530923542767,False
2014-09-29 12:30:00+00:00,6.778182535437283,9.148067593555094,8.402594360333081,False
2014-09-29 13:00:00+00:00,6.408834100026745,9.033248986486488,7.800517221801665,False
2014-09-29 13:30:00+00:00,6.548800962824284,7.10909274948025,7.980730015140045,False
2014-09-29 14:00:00+00:00,5.032430997592939,8.445026897089397,7.4079657834973505,False
2014-09-29 14:30:00+00:00,6.04333179994651,6.199811564449065,5.616846971990916,False
2014-09-29 15:00:00+00:00,6.305000000000001,9.294476975051976,7.283954390613171,False
2014-09-29 15:30:00+00:00,5.105024872960684,7.433889942827443,6.18955457986374,False
2014-09-29 16:00:00+00:00,4.13729700454667,6.791445114345113,5.022404769114307,False
2014-09-29 16:30:00+00:00,3.0799316929660336,5.450814085239086,3.7197502649507945,False
2014-09-29 17:00:00+00:00,1.7312010698047606,4.130174402286903,2.2473912944738834,False
2014-09-29 17:30:00+00:00,1.7267535169831505,2.6211307692307697,1.4987117335352005,False
2014-09-29 18:00:00+00:00,1.381079459748596,1.9884075363825364,1.0858220666161995,False
2014-09-29 18:30:00+00:00,1.2430430328964963,1.898404547817048,1.2357410295230886,False
2014-09-29 19:00:00+00:00,1.243178069002407,1.638475311850312,1.2905598410295231,False
2014-09-29 19:30:00+00:00,1.1779466167424444,1.9542110446985448,1.119030885692657,False
2014-09-29 20:00:00+00:00,1.217994650976197,1.2762362525987525,1.0516962528387583,False
2014-09-29 20:30:00+00:00,1.2192699652313452,1.1982894490644491,1.113729371688115,False
2014-09-29 21:00:00+00:00,1.2095024338058304,1.2336628378378378,1.0790485995457986,False
2014-09-29 21:30:00+00:00,1.2271166087189087,1.1814985187110187,1.0124047691143072,False
2014-09-29 22:00:00+00:00,1.2147209414281894,1.1899886954261956,1.0037027252081756,False
2014-09-29 22:30:00+00:00,1.2670229473121155,1.1970901247401249,1.0270983345950038,False
2014-09-29 23:00:00+00:00,1.258867691896229,1.1814985187110187,1.1182659727479185,False
2014-09-29 23:30:00+00:00,1.2461603904787375,1.1844679313929316,1.0037027252081756,False
2014-09-30 00:00:00+00:00,1.2157834982615674,1.26453393970894,1.0268003785011357,False
2014-09-30 00:30:00+00:00,1.2619521529820807,1.1814985187110187,1.0039114685844055,False
2014-09-30 01:00:00+00:00,1.1779466167424444,1.2606493503118503,1.0037027252081756,False
2014-09-30 01:30:00+00:00,1.1906215565659268,1.1814985187110187,1.0498027630582891,False
2014-09-30 02:00:00+00:00,1.1859293661406791,1.2134432172557177,1.0037027252081756,False
2014-09-30 02:30:00+00:00,1.1779466167424444,1.2531225051975052,1.0037027252081756,False
2014-09-30 03:00:00+00:00,1.1779466167424444,1.246873232848233,1.0480747918243754,False
2014-09-30 03:30:00+00:00,1.1779466167424444,1.1814985187110187,1.015312717638153,False
2014-09-30 04:00:00+00:00,1.1997649638940893,1.1814985187110187,1.0203605601816803,False
2014-09-30 04:30:00+00:00,1.1923362128911474,1.1814985187110187,1.0037027252081756,False
2014-09-30 05:00:00+00:00,1.2100296870821077,1.2994964916839915,1.0037027252081756,False
2014-09-30 05:30:00+00:00,1.1927292056699652,1.304892125779626,1.0037027252081756,False
2014-09-30 06:00:00+00:00,1.2740128644022466,1.3711520010395013,1.0461015518546557,False
2014-09-30 06:30:00+00:00,1.1779466167424444,1.4606447245322245,1.0037027252081756,False
2014-09-30 07:00:00+00:00,1.5327976464295263,2.284146907484408,1.9078464042392125,False
2014-09-30 07:30:00+00:00,3.193299759293929,3.7348224532224537,3.432726495079485,False
2014-09-30 08:00:00+00:00,3.2112550682000536,5.505744880457381,5.182874261922785,False
2014-09-30 08:30:00+00:00,3.543761246322546,5.268959875259876,5.115488985616956,False
2014-09-30 09:00:00+00:00,5.611779646964429,7.029126117463618,6.220290915972747,False
2014-09-30 09:30:00+00:00,5.313044182936614,7.162918711018712,6.182893149129447,False
2014-09-30 10:00:00+00:00,5.6378333511634136,9.17054404885655,7.488563285389855,False
2014-09-30 10:30:00+00:00,5.3069353570473385,8.606135057172558,7.467850416351248,False
2014-09-30 11:00:00+00:00,5.895413880716768,8.688050597713099,7.465814118092354,False
2014-09-30 11:30:00+00:00,5.186222893821878,8.293111902286903,6.2420446631339885,False
2014-09-30 12:00:00+00:00,4.870656057769457,8.11435797817048,6.599305034065102,False
2014-09-30 12:30:00+00:00,5.70528478202728,9.089639007276508,8.487711695685087,False
2014-09-30 13:00:00+00:00,6.25745407863065,10.005189942827444,8.089378274034821,False
2014-09-30 13:30:00+00:00,6.282273682802888,9.939533264033264,7.958318962906889,False
2014-09-30 14:00:00+00:00,5.953041695640545,8.881803768191268,8.197394852384557,False
2014-09-30 14:30:00+00:00,5.441330355710083,7.59079170997921,6.215455034065102,False
2014-09-30 15:00:00+00:00,4.533498288312383,6.459720582120582,5.951260711582134,False
2014-09-30 15:30:00+00:00,4.640723134527948,6.516005691268192,5.526706396669189,False
2014-09-30 16:00:00+00:00,3.985878122492645,5.342960992723493,4.381989364118092,False
2014-09-30 16:30:00+00:00,3.2706677453864668,4.328233757796258,3.07091684330053,False
2014-09-30 17:00:00+00:00,2.448520433270928,3.338141735966736,2.3819128311884934,False
2014-09-30 17:30:00+00:00,1.6126024872960685,2.6737342775467776,1.859088455715367,False
2014-09-30 18:00:00+00:00,1.2440107515378442,1.9661790280665283,1.4511481074943224,False
2014-09-30 18:30:00+00:00,1.1779466167424444,1.607552520790021,1.3404028387585163,False
2014-09-30 19:00:00+00:00,1.1779466167424444,1.6045672817047818,1.2120814155942463,False
2014-09-30 19:30:00+00:00,1.1779466167424444,1.511276845114345,1.3116679788039365,False
2014-09-30 20:00:00+00:00,1.3711553356512438,1.4731516112266112,1.0896625283875851,False
2014-09-30 20:30:00+00:00,1.4909031559240438,1.704150337837838,1.0959455336866009,False
2014-09-30 21:00:00+00:00,1.3760482214495855,1.3248706340956342,1.0140145722937168,False
2014-09-30 21:30:00+00:00,1.226867718641348,1.1814985187110187,1.0381791824375473,False
2014-09-30 22:00:00+00:00,1.2066039315324957,1.4578804833679837,1.1072205904617711,False
2014-09-30 22:30:00+00:00,1.2525140144423643,1.185341683991684,1.0429547312641936,False
2014-09-30 23:00:00+00:00,1.328052901845413,1.3942786382536383,1.1066339515518546,False
2014-09-30 23:30:00+00:00,1.2310161540518856,1.1930489345114346,1.0037027252081756,False
2014-10-01 00:00:00+00:00,1.1779466167424444,1.1814985187110187,1.09541044663134,False
2014-10-01 00:30:00+00:00,1.2761090933404655,1.250725103950104,1.0076882664647993,False
2014-10-01 01:00:00+00:00,1.179191655522867,1.2008290800415802,1.0265797501892506,False
2014-10-01 01:30:00+00:00,1.2241314255148434,1.1814985187110187,1.0037027252081756,False
2014-10-01 02:00:00+00:00,1.2262395827761432,1.21623406964657,1.0141259651778955,False
2014-10-01 02:30:00+00:00,1.2555093073014176,1.246764085239085,1.0037027252081756,False
2014-10-01 03:00:00+00:00,1.3646432468574483,1.1814985187110187,1.0037027252081756,False
2014-10-01 03:30:00+00:00,1.289876571275742,1.1925115904365906,1.0037027252081756,False
2014-10-01 04:00:00+00:00,1.221684862262637,1.3418163721413725,1.0781554882664648,False
2014-10-01 04:30:00+00:00,1.1851866274404923,1.298127364864865,1.1846210825132475,False
2014-10-01 05:00:00+00:00,1.2424507889810108,1.4050227910602913,1.2953323239969718,False
2014-10-01 05:30:00+00:00,1.5271623428724257,2.121425077962578,1.4946116199848598,False
2014-10-01 06:00:00+00:00,1.4296895961487028,1.9516859147609151,1.863325397426192,False
2014-10-01 06:30:00+00:00,2.6335252741374697,3.151154885654886,2.465777630582892,False
2014-10-01 07:00:00+00:00,3.468555282161005,3.79321405925156,3.762494057532172,False
2014-10-01 07:30:00+00:00,2.6320382990104307,4.453312525987526,3.231340613171839,False
2014-10-01 08:00:00+00:00,4.739006980476063,5.745954833679834,5.221389174867523,False
2014-10-01 08:30:00+00:00,3.598315405188553,4.829712370062371,6.195034027252081,False
2014-10-01 09:00:00+00:00,5.096331853436748,7.781688513513513,6.5524977668433,False
2014-10-01 09:30:00+00:00,5.152313105108317,7.8999030925155935,7.0955510219530655,False
2014-10-01 10:00:00+00:00,4.986196603369884,8.13900932952183,6.360370287660863,False
2014-10-01 10:30:00+00:00,5.685765044129447,8.336915722453224,7.261520325510976,False
2014-10-01 11:00:00+00:00,5.667213078363199,8.260850493762995,7.048694171082512,False
2014-10-01 11:30:00+00:00,5.433233805830437,9.01028063929314,7.44332036336109,False
2014-10-01 12:00:00+00:00,6.14022880449318,9.424790332640333,8.85795609386828,False
2014-10-01 12:30:00+00:00,5.552258518320407,9.77673037941788,7.489442089326268,False
2014-10-01 13:00:00+00:00,5.656521182134261,10.095592593555097,8.703771839515518,False
2014-10-01 13:30:00+00:00,5.264063840599091,9.019412655925157,7.4708479939439805,False
2014-10-01 14:00:00+00:00,6.712246536507087,8.795651195426196,8.542353028009083,False
2014-10-01 14:30:00+00:00,5.032937255950789,7.608935784823286,6.466160181680546,False
2014-10-01 15:00:00+00:00,5.747415405188553,8.076494776507278,8.169312225586676,False
2014-10-01 15:30:00+00:00,5.166437469911741,7.892546985446986,7.387004428463285,False
2014-10-01 16:00:00+00:00,4.325378844610858,6.283849948024948,5.029982967448902,False
2014-10-01 16:30:00+00:00,2.5176115806365336,4.410374454261954,3.235950151400454,False
2014-10-01 17:00:00+00:00,2.119472185076224,3.480744880457381,2.2823978803936407,False
2014-10-01 17:30:00+00:00,1.4938059374164216,2.7532687110187117,1.5334746025738075,False
2014-10-01 18:00:00+00:00,1.2083086654185613,2.145831964656965,1.4563909538228614,False
2014-10-01 18:30:00+00:00,1.231055576357315,1.9438661382536384,1.2564404617713854,False
2014-10-01 19:00:00+00:00,1.463273014174913,1.737975987525988,1.2292918243754731,False
2014-10-01 19:30:00+00:00,1.4200261299812784,1.9516060550935557,1.1799231642694927,False
2014-10-01 20:00:00+00:00,1.2168016047071408,1.620718866943867,1.0811543527630585,False
2014-10-01 20:30:00+00:00,1.2233190157796203,1.6636063409563413,1.020222975018925,False
2014-10-01 21:00:00+00:00,1.178536079165552,1.444714423076923,1.0286267978803936,False
2014-10-01 21:30:00+00:00,1.1779466167424444,1.494887603950104,1.1133587812263437,False
2014-10-01 22:00:00+00:00,1.1834519657662477,1.1814985187110187,1.0607119227857682,False
2014-10-01 22:30:00+00:00,1.284206686279754,1.2205728170478172,1.036107986373959,False
2014-10-01 23:00:00+00:00,1.2086872693233486,1.2613825883575884,1.064899735049205,False
2014-10-01 23:30:00+00:00,1.2026243380583044,1.221527260914761,1.0146697577592731,False
2014-10-02 00:00:00+00:00,1.299638994383525,1.4449644750519752,1.0022216881150643,False
2014-10-02 00:30:00+00:00,1.297674645627173,1.365195841995842,1.127918357305072,False
2014-10-02 01:00:00+00:00,1.1852517518052956,1.245925285862786,1.0167149507948523,False
2014-10-02 01:30:00+00:00,1.1779466167424444,1.1814985187110187,1.0037027252081756,False
2014-10-02 02:00:00+00:00,1.2002601497726664,1.2124284823284823,1.0037027252081756,False
2014-10-02 02:30:00+00:00,1.2256681465632524,1.240314604989605,1.0922713474640424,False
2014-10-02 03:00:00+00:00,1.1779466167424444,1.2445349012474012,1.0024563588190765,False
2014-10-02 03:30:00+00:00,1.1779466167424444,1.1814985187110187,1.0209457986373958,False
2014-10-02 04:00:00+00:00,1.25995624498529,1.2681853170478172,1.0164667676003027,False
2014-10-02 04:30:00+00:00,1.1933766515110993,1.1814985187110187,1.0850280090840272,False
2014-10-02 05:00:00+00:00,1.185708531692966,1.3899260395010395,1.0037027252081756,False
2014-10-02 05:30:00+00:00,1.2806459748595882,1.1814985187110187,1.02969882664648,False
2014-10-02 06:00:00+00:00,1.1779466167424444,1.5534289241164243,1.0781047312641938,False
2014-10-02 06:30:00+00:00,1.5811066595346348,2.859472505197506,1.7600491294473883,False
2014-10-02 07:00:00+00:00,3.36099021128644,4.033779885654885,3.860692013626041,False
2014-10-02 07:30:00+00:00,2.740771275742177,6.235356678794179,5.245369417108251,False
2014-10-02 08:00:00+00:00,4.942359213693501,6.193575493762994,6.262701627554883,False
2014-10-02 08:30:00+00:00,5.203874404921102,6.047791865904366,6.082535238455715,False
2014-10-02 09:00:00+00:00,5.211766996523134,7.123322739085239,6.934209311127932,False
2014-10-02 09:30:00+00:00,5.16643886065793,7.441908212058212,7.388698372445116,False
2014-10-02 10:00:00+00:00,4.351918427387002,7.888502104989606,6.630521763815291,False
2014-10-02 10:30:00+00:00,5.297204305964161,7.590194204781706,7.690099280847841,False
2014-10-02 11:00:00+00:00,5.288684193634661,7.277107718295219,7.234144549583648,False
2014-10-02 11:30:00+00:00,5.925931746456272,8.32856683991684,7.417884254352763,False
2014-10-02 12:00:00+00:00,3.449441321208879,8.2144617983368,7.123350870552611,False
2014-10-02 12:30:00+00:00,4.107019684407596,6.747185576923078,6.020468470855411,False
2014-10-02 13:00:00+00:00,6.272868307033966,8.762007952182952,7.834936866010597,False
2014-10-02 13:30:00+00:00,4.103822412409736,9.455232952182952,9.164984670704012,False
2014-10-02 14:00:00+00:00,4.735551992511367,7.632058367983368,6.915981756245268,False
2014-10-02 14:30:00+00:00,5.457820994918428,8.14247920997921,6.615360408781226,False
2014-10-02 15:00:00+00:00,4.330937282695907,7.472393892931395,6.045069719909159,False
2014-10-02 15:30:00+00:00,3.6550408665418552,6.059136720374221,5.611813890991672,False
2014-10-02 16:00:00+00:00,3.679580074886333,5.012929911642412,4.156704239212718,False
2014-10-02 16:30:00+00:00,2.534669751270393,3.934686902286903,3.3869906888720664,False
2014-10-02 17:00:00+00:00,2.2492986894891684,3.113025727650728,2.1001864118092355,False
2014-10-02 17:30:00+00:00,1.71699700454667,2.715626507276508,1.7235815291445875,False
2014-10-02 18:00:00+00:00,1.201620941428189,2.046435420997921,1.505879447388342,False
2014-10-02 18:30:00+00:00,1.1908640545600429,2.017855093555094,1.3923471233913702,False
2014-10-02 19:00:00+00:00,1.5380497459213691,2.302601169438669,1.19940927327782,False
2014-10-02 19:30:00+00:00,1.4339588927520726,1.922063175675676,1.1655655942467826,False
2014-10-02 20:00:00+00:00,1.2370908531692966,1.956602312889813,1.0985804314912944,False
2014-10-02 20:30:00+00:00,1.2133967103503611,1.425660706860707,1.2909378501135502,False
2014-10-02 21:00:00+00:00,1.4085065792992777,1.889262603950104,1.1130476532929598,False
2014-10-02 21:30:00+00:00,1.2164887135597753,1.2056546257796257,1.1361949280847845,False
2014-10-02 22:00:00+00:00,1.226400187215833,1.8246072765072765,1.2049404239212718,False
2014-10-02 22:30:00+00:00,1.1779466167424444,1.1814985187110187,1.027877441332324,False
2014-10-02 23:00:00+00:00,1.2055918159935812,1.1814985187110187,1.0023807721423164,False
2014-10-02 23:30:00+00:00,1.2129104305964162,1.261903898128898,1.0197492051476154,False
2014-10-03 00:00:00+00:00,1.1779466167424444,1.4163985966735968,1.030212376987131,False
2014-10-03 00:30:00+00:00,1.2854294463760365,1.1814985187110187,1.0224204390613172,False
2014-10-03 01:00:00+00:00,1.195498716234287,1.195686070686071,0.9917548069644208,False
2014-10-03 01:30:00+00:00,1.2062992243915485,1.1814985187110187,1.1146958364875097,False
2014-10-03 02:00:00+00:00,1.1779466167424444,1.1814985187110187,1.0082271385314154,False
2014-10-03 02:30:00+00:00,1.1779466167424444,1.1814985187110187,1.0028728614685842,False
2014-10-03 03:00:00+00:00,1.1779466167424444,1.3305281185031188,1.070859348978047,False
2014-10-03 03:30:00+00:00,1.216082669162878,1.1814985187110187,1.0037027252081756,False
2014-10-03 04:00:00+00:00,1.3065314255148437,1.1814985187110187,0.9948239591218774,False
2014-10-03 04:30:00+00:00,1.1826971382722653,1.1823944906444908,1.0037027252081756,False
2014-10-03 05:00:00+00:00,1.1804097352233218,1.1814985187110187,1.0037027252081756,False
2014-10-03 05:30:00+00:00,1.1779466167424444,1.1814985187110187,1.0037027252081756,False
2014-10-03 06:00:00+00:00,1.1779466167424444,1.2977100831600834,1.0037027252081756,False
2014-10-03 06:30:00+00:00,1.296442203797807,2.533697297297297,1.3642514761544282,False
2014-10-03 07:00:00+00:00,2.999836640813052,2.4432096933471934,3.2898134367903102,False
2014-10-03 07:30:00+00:00,2.0818455736828025,5.435913695426196,4.742074905374715,False
2014-10-03 08:00:00+00:00,4.939395480074886,5.582612500000001,5.065286866010598,False
2014-10-03 08:30:00+00:00,5.022109307301418,4.228252962577964,6.158257418622256,False
2014-10-03 09:00:00+00:00,4.770772933939556,6.403688331600832,6.313609046177138,False
2014-10-03 09:30:00+00:00,5.100222332174378,6.932507068607068,6.210109803179409,False
2014-10-03 10:00:00+00:00,5.19275787643755,7.484730587318087,7.270421688115064,False
2014-10-03 10:30:00+00:00,4.660007675849157,7.964265176715179,6.530435995457986,False
2014-10-03 11:00:00+00:00,4.714969590799679,7.570379365904366,7.477175662376987,False
2014-10-03 11:30:00+00:00,5.986163947579566,7.964743477130979,7.155798221044663,False
2014-10-03 12:00:00+00:00,3.383843674779353,9.60667455821206,7.467961922785768,False
2014-10-03 12:30:00+00:00,6.552113907461888,9.37496696985447,7.415681604844813,False
2014-10-03 13:00:00+00:00,3.937401604707141,9.67204974012474,7.217523467070401,False
2014-10-03 13:30:00+00:00,5.754124418293661,8.044297972972975,7.748690310370931,False
2014-10-03 14:00:00+00:00,5.414406258357849,7.989267645530147,8.586189288417865,False
2014-10-03 14:30:00+00:00,3.61063369884996,8.231419048856552,6.110120741862226,False
2014-10-03 15:00:00+00:00,3.808986841401445,7.033842437629938,4.938747918243754,False
2014-10-03 15:30:00+00:00,3.5884917625033435,6.614170556133056,5.354862528387585,False
2014-10-03 16:00:00+00:00,4.296420887937951,6.481317983367984,5.292054504163512,False
2014-10-03 16:30:00+00:00,3.204506686279754,5.157355691268192,4.18404595003785,False
2014-10-03 17:00:00+00:00,2.4378638940893285,3.0584703222453222,2.501300567751703,False
2014-10-03 17:30:00+00:00,1.6307022733351164,2.390558913721414,1.7527423542770626,False
2014-10-03 18:00:00+00:00,1.373674431666221,2.003637655925156,1.4268013247539744,False
2014-10-03 18:30:00+00:00,1.4784832308103772,1.6949685031185036,1.8145962528387585,False
2014-10-03 19:00:00+00:00,1.2635889810109655,1.893669308731809,1.2754130582891747,False
2014-10-03 19:30:00+00:00,1.342729285905322,2.221279885654886,1.2512578728236183,False
2014-10-03 20:00:00+00:00,1.3397053490238031,1.8042709199584204,1.3006054125662376,False
2014-10-03 20:30:00+00:00,1.35244049211019,2.053411408523909,1.1287267221801665,False
2014-10-03 21:00:00+00:00,1.293204867611661,1.7671052494802495,1.1706375094625283,False
2014-10-03 21:30:00+00:00,1.2058600427921904,1.3074936850311851,1.0699819076457229,False
2014-10-03 22:00:00+00:00,1.2547382187750735,1.59489604989605,1.0143610522331568,False
2014-10-03 22:30:00+00:00,1.3758516448248197,1.1825012733887734,1.1083278198334594,False
2014-10-03 23:00:00+00:00,1.324403343139877,1.3698325623700625,0.9923875094625284,False
2014-10-03 23:30:00+00:00,1.178908558438085,1.5300389033264037,1.0502263815291446,False
2014-10-04 00:00:00+00:00,1.1779466167424444,1.3376949324324323,1.0801412944738833,False
2014-10-04 00:30:00+00:00,1.203742150307569,1.3472863825363828,1.0506761922785768,False
2014-10-04 01:00:00+00:00,1.2095936346616742,1.1930615124740127,1.0252338380015138,False
2014-10-04 01:30:00+00:00,1.180104947847018,1.2147114864864867,1.082064534443603,False
2014-10-04 02:00:00+00:00,1.1779466167424444,1.1814985187110187,1.026786866010598,False
2014-10-04 02:30:00+00:00,1.1864867076758492,1.2086382276507277,1.090954542013626,False
2014-10-04 03:00:00+00:00,1.1779466167424444,1.1814985187110187,1.041426154428463,False
2014-10-04 03:30:00+00:00,1.2287151377373629,1.1814985187110187,1.0426145344436033,False
2014-10-04 04:00:00+00:00,1.1779466167424444,1.187752234927235,1.0037027252081756,False
2014-10-04 04:30:00+00:00,1.1779466167424444,1.1858912422037422,1.0037027252081756,False
2014-10-04 05:00:00+00:00,1.188093340465365,1.1814985187110187,1.0037027252081756,False
2014-10-04 05:30:00+00:00,1.1779466167424444,1.1814985187110187,1.0001394398183192,False
2014-10-04 06:00:00+00:00,1.1779466167424444,1.1814985187110187,1.0037027252081756,False
2014-10-04 06:30:00+00:00,1.1845621824017118,1.735813227650728,1.0037027252081756,False
2014-10-04 07:00:00+00:00,2.3232673442096816,1.9852081340956345,2.5430740348221046,False
2014-10-04 07:30:00+00:00,2.6235464830168493,4.511449480249481,3.966205488266465,False
2014-10-04 08:00:00+00:00,2.6045249531960413,4.070143477130977,5.517809159727479,False
2014-10-04 08:30:00+00:00,4.5950998662744045,6.008715514553015,5.636690688872067,False
2014-10-04 09:00:00+00:00,5.180574565391816,6.508134251559253,5.58100105980318,False
2014-10-04 09:30:00+00:00,4.774785477400375,7.148707250519751,6.322869606358819,False
2014-10-04 10:00:00+00:00,5.002217277346884,7.8088321985447005,6.962454806964421,False
2014-10-04 10:30:00+00:00,4.826188633324419,8.370521673596674,6.623541483724451,False
2014-10-04 11:00:00+00:00,4.747908478202728,7.982395997920999,7.461615404996215,False
2014-10-04 11:30:00+00:00,5.780084327360257,8.786381159043659,7.7913977289931875,False
2014-10-04 12:00:00+00:00,5.754342203797807,9.052918737006236,7.429978690386071,False
2014-10-04 12:30:00+00:00,6.888603744316661,8.842231548856548,6.811971309613929,False
2014-10-04 13:00:00+00:00,5.931350655255415,9.584790644490646,6.876726457229372,False
2014-10-04 13:30:00+00:00,4.642589542658465,7.760639682952183,6.235356775170326,False
2014-10-04 14:00:00+00:00,5.315213345814389,8.149494126819128,6.691749507948523,False
2014-10-04 14:30:00+00:00,4.625659186948382,7.540656133056133,6.648839439818319,False
2014-10-04 15:00:00+00:00,4.0071635731479,6.745757432432433,6.316178160484481,False
2014-10-04 15:30:00+00:00,4.182177694570741,6.7688015852390855,5.7323992429977295,False
2014-10-04 16:00:00+00:00,2.671880288847285,4.717706886694387,3.966747577592732,False
2014-10-04 16:30:00+00:00,2.907883738967638,4.055302234927235,3.435015329295988,False
2014-10-04 17:00:00+00:00,2.2791876170098955,3.2265534563409566,2.552990764572294,False
2014-10-04 17:30:00+00:00,1.6411724257822946,2.7165521829521837,1.733823732021196,False
2014-10-04 18:00:00+00:00,1.479144263171971,2.477883757796258,1.6369032172596516,False
2014-10-04 18:30:00+00:00,1.1779466167424444,2.2040455301455304,1.5596925813777442,False
2014-10-04 19:00:00+00:00,1.46181848087724,2.0886863825363826,1.2256289174867523,False
2014-10-04 19:30:00+00:00,1.4851385664616208,2.007627468814969,1.0305618849356548,False
2014-10-04 20:00:00+00:00,1.3277856111259694,2.11072195945946,1.2182768735806204,False
2014-10-04 20:30:00+00:00,1.331125140411875,1.7291143711018713,1.2292578728236183,False
2014-10-04 21:00:00+00:00,1.2404538111794596,1.8211698284823288,1.0158076835730507,False
2014-10-04 21:30:00+00:00,1.2471115806365338,1.5680385914760917,1.018529674489023,False
2014-10-04 22:00:00+00:00,1.1779466167424444,1.2158331340956343,1.0357439061317182,False
2014-10-04 22:30:00+00:00,1.1779466167424444,1.3708406185031186,1.034986525359576,False
2014-10-04 23:00:00+00:00,1.2047303824552018,1.2184451403326406,1.0037027252081756,False
2014-10-04 23:30:00+00:00,1.2146484354105376,1.2282810810810811,1.0107832323996973,False
2014-10-05 00:00:00+00:00,1.1787599358117142,1.288433471933472,1.0037027252081756,False
2014-10-05 00:30:00+00:00,1.1779466167424444,1.1831453482328484,1.0037027252081756,False
2014-10-05 01:00:00+00:00,1.1779466167424444,1.415802234927235,1.0037027252081756,False
2014-10-05 01:30:00+00:00,1.2140743514308638,1.2162111486486489,1.0037027252081756,False
2014-10-05 02:00:00+00:00,1.184469457074084,1.3288824844074845,1.2227176381529143,False
2014-10-05 02:30:00+00:00,1.2051987429794062,1.2238261694386696,1.0037027252081756,False
2014-10-05 03:00:00+00:00,1.2229434340732817,1.2440584719334722,1.0037027252081756,False
2014-10-05 03:30:00+00:00,1.1970063653383258,1.1814985187110187,1.0466038228614685,False
2014-10-05 04:00:00+00:00,1.1856517785504144,1.242212993762994,0.999832475397426,False
2014-10-05 04:30:00+00:00,1.1779466167424444,1.1814985187110187,1.1177869038607116,False
2014-10-05 05:00:00+00:00,1.1844448248194703,1.1814985187110187,1.003376419379258,False
2014-10-05 05:30:00+00:00,1.1779466167424444,1.183160914760915,1.0233862982588948,False
2014-10-05 06:00:00+00:00,1.1779466167424444,1.1814985187110187,1.0619539364118091,False
2014-10-05 06:30:00+00:00,1.1779466167424444,1.2408510654885656,1.1090309235427704,False
2014-10-05 07:00:00+00:00,2.0366213158598554,2.595272998960499,2.51366044663134,False
2014-10-05 07:30:00+00:00,1.9690019791388076,4.129364630977132,3.8265066616199848,False
2014-10-05 08:00:00+00:00,3.639114790050816,4.334888747401247,5.610825889477669,False
2014-10-05 08:30:00+00:00,3.0756926718373894,4.279891761954263,5.356160711582135,False
2014-10-05 09:00:00+00:00,4.726577881786573,6.45347273908524,6.120178463285389,False
2014-10-05 09:30:00+00:00,5.100990398502272,6.890461590436591,6.250193716881149,False
2014-10-05 10:00:00+00:00,4.796550200588392,7.120846283783785,6.990388720666162,False
2014-10-05 10:30:00+00:00,4.9911041187483285,7.341781314968815,6.712004352763057,False
2014-10-05 11:00:00+00:00,5.306536801283766,7.805631262993764,7.454112452687357,False
2014-10-05 11:30:00+00:00,5.137503476865471,8.711855509355509,7.799408667676002,False
2014-10-05 12:00:00+00:00,5.867489943835251,8.379546387733887,8.213478993186978,False
2014-10-05 12:30:00+00:00,5.663574939823482,8.40385155925156,7.876447804693414,False
2014-10-05 13:00:00+00:00,5.967511259695105,8.172396985446987,6.684233194549583,False
2014-10-05 13:30:00+00:00,6.774504439689757,8.785987941787942,8.42917259651779,False
2014-10-05 14:00:00+00:00,3.7861889542658473,7.359148154885656,7.951301930355791,False
2014-10-05 14:30:00+00:00,5.3150362931265045,7.221478742203742,8.293028501135502,False
2014-10-05 15:00:00+00:00,5.167700294196309,7.84213963097713,7.39452153671461,False
2014-10-05 15:30:00+00:00,4.9310557100829095,6.849262162162163,7.445752043906131,False
2014-10-05 16:00:00+00:00,4.164073335116341,5.9090811850311855,5.166280734292203,False
2014-10-05 16:30:00+00:00,3.4471019523936883,5.081567229729731,4.231566767600302,False
2014-10-05 17:00:00+00:00,2.036594891682268,4.010110446985448,2.754179409538228,False
2014-10-05 17:30:00+00:00,1.5897445306231612,2.8956529885654887,2.2122510976532928,False
2014-10-05 18:00:00+00:00,1.4503136935009362,2.6709716995842,1.477037774413323,False
2014-10-05 18:30:00+00:00,1.4067230810377107,1.843137396049896,1.51620287660863,False
2014-10-05 19:00:00+00:00,1.1779466167424444,1.9249215696465691,1.4107330809992429,False
2014-10-05 19:30:00+00:00,1.312769483819203,1.943113487525988,1.27914307342922,False
2014-10-05 20:00:00+00:00,1.1779466167424444,1.903885940748441,1.1428163133989402,False
2014-10-05 20:30:00+00:00,1.2204212891147366,1.7055725311850314,1.205778425435276,False
2014-10-05 21:00:00+00:00,1.1779466167424444,1.6487664241164242,1.297164307342922,False
2014-10-05 21:30:00+00:00,1.1855252473923508,1.4622412681912684,1.2183706661619982,False
2014-10-05 22:00:00+00:00,1.2961005883926184,1.1814985187110187,1.085870552611658,False
2014-10-05 22:30:00+00:00,1.179503503610591,1.385112967775468,1.0403669568508704,False
2014-10-05 23:00:00+00:00,1.2549442364268522,1.5383214916839918,1.0844223694171082,False
2014-10-05 23:30:00+00:00,1.2319484889007757,1.266808186070686,1.2624911809235428,False
2014-10-06 00:00:00+00:00,1.245030596416154,1.5746350831600833,1.0470169947009842,False
2014-10-06 00:30:00+00:00,1.2341685744851565,1.4286744542619545,1.039162452687358,False
2014-10-06 01:00:00+00:00,1.2140161005616474,1.4531156704781707,1.0104200605601816,False
2014-10-06 01:30:00+00:00,1.17851684942498,1.2117225831600833,0.9913686222558667,False
2014-10-06 02:00:00+00:00,1.1779466167424444,1.196939760914761,1.0198270249810748,False
2014-10-06 02:30:00+00:00,1.1779466167424444,1.1814985187110187,1.019362036336109,False
2014-10-06 03:00:00+00:00,1.2102076223589195,1.212679313929314,1.0037027252081756,False
2014-10-06 03:30:00+00:00,1.2857872693233483,1.1814985187110187,1.0151630582891749,False
2014-10-06 04:00:00+00:00,1.2539547472586252,1.1814985187110187,1.1368819454958363,False
2014-10-06 04:30:00+00:00,1.3583909334046538,1.1814985187110187,1.034421612414837,False
2014-10-06 05:00:00+00:00,1.2794583578496923,1.2160490644490645,1.023965897047691,False
2014-10-06 05:30:00+00:00,1.298776250334314,1.1814985187110187,1.207947388342165,False
2014-10-06 06:00:00+00:00,1.3473284568066328,1.3191729209979213,1.2037194171082513,False
2014-10-06 06:30:00+00:00,1.97073533030222,2.7699138513513515,2.0905145722937166,False
2014-10-06 07:00:00+00:00,2.5341115004011767,3.880633965696466,3.079476457229372,False
2014-10-06 07:30:00+00:00,2.062229312650441,4.349945452182952,3.9577989780469336,False
2014-10-06 08:00:00+00:00,4.518281920299545,4.626820867983368,4.836079031037093,False
2014-10-06 08:30:00+00:00,2.840295212623696,3.440972401247402,5.483854504163513,False
2014-10-06 09:00:00+00:00,4.337515726129981,5.818372817047817,5.804840348221045,False
2014-10-06 09:30:00+00:00,4.7897745653918165,5.366379547817049,5.567585427706283,False
2014-10-06 10:00:00+00:00,5.022979459748596,5.923809927234927,6.450691029523088,False
2014-10-06 10:30:00+00:00,4.57750109654988,6.484999844074845,6.7631664647993945,False
2014-10-06 11:00:00+00:00,4.863822064723188,6.967108134095636,6.21347698713096,False
2014-10-06 11:30:00+00:00,5.346939368815192,6.7707033523908535,6.545719492808478,False
2014-10-06 12:00:00+00:00,6.014681438887403,6.144566995841997,7.749272823618471,False
2014-10-06 12:30:00+00:00,6.263688258892752,9.220224246361749,6.535785314155943,False
2014-10-06 13:00:00+00:00,5.366399090665953,8.174633471933472,7.1323647615442844,False
2014-10-06 13:30:00+00:00,5.282361754479807,8.257623960498961,7.685660446631339,False
2014-10-06 14:00:00+00:00,5.097487001872158,7.246469256756757,7.887728160484481,False
2014-10-06 14:30:00+00:00,5.187579941160738,5.585499714137215,6.639018470855412,False
2014-10-06 15:00:00+00:00,4.282981652848355,5.618962551975052,5.712665177895532,False
2014-10-06 15:30:00+00:00,4.097647044664349,6.5329662162162165,5.303387471612415,False
2014-10-06 16:00:00+00:00,3.96523372559508,5.649172557172557,5.154761809235428,False
2014-10-06 16:30:00+00:00,1.9803918694838192,4.589802884615385,3.766804277062831,False
2014-10-06 17:00:00+00:00,2.1160929125434604,3.258572843035344,2.5934898183194544,False
2014-10-06 17:30:00+00:00,1.266499839529286,3.256391008316009,1.8833503785011356,False
2014-10-06 18:00:00+00:00,1.1970523401979138,1.9314923856548856,1.6408817940953822,False
2014-10-06 18:30:00+00:00,1.2166940090933405,1.8465007016632016,1.45551919000757,False
2014-10-06 19:00:00+00:00,1.3070819470446644,1.590117307692308,1.361854958364875,False
2014-10-06 19:30:00+00:00,1.231917036640813,1.6795120322245325,1.4023200984102953,False
2014-10-06 20:00:00+00:00,1.239845894624231,1.3634195945945948,1.2278309992429977,False
2014-10-06 20:30:00+00:00,1.2039359454399572,1.3944637474012476,1.2917900832702498,False
2014-10-06 21:00:00+00:00,1.2982433270928055,1.2365701403326403,1.1461817940953822,False
2014-10-06 21:30:00+00:00,1.238667905857181,1.318858445945946,1.116327365632097,False
2014-10-06 22:00:00+00:00,1.275629633591869,1.2661869802494805,1.073481642694928,False
2014-10-06 22:30:00+00:00,1.255384835517518,1.3515769230769232,1.0032895912187736,False
2014-10-06 23:00:00+00:00,1.250342765445306,1.3487152286902289,1.0079616578349735,False
2014-10-06 23:30:00+00:00,1.1830537309441027,1.2570154106029108,1.264048713096139,False
2014-10-07 00:00:00+00:00,1.1996110724792723,1.322852416839917,1.026229560938683,False
2014-10-07 00:30:00+00:00,1.31182201123295,1.1843514812889813,1.000332323996972,False
2014-10-07 01:00:00+00:00,1.181858090398502,1.23692487006237,1.0037027252081756,False
2014-10-07 01:30:00+00:00,1.1779466167424444,1.201899974012474,1.0880098788796366,False
2014-10-07 02:00:00+00:00,1.1797110992243915,1.204635498960499,1.007412528387585,False
2014-10-07 02:30:00+00:00,1.1779466167424444,1.1916765852390852,1.0400729371688116,False
2014-10-07 03:00:00+00:00,1.1779466167424444,1.1814985187110187,1.0600473883421648,False
2014-10-07 03:30:00+00:00,1.2458516448248194,1.2507787422037424,1.0041304314912944,False
2014-10-07 04:00:00+00:00,1.3396382455201925,1.357988201663202,0.9963160484481453,False
2014-10-07 04:30:00+00:00,1.1779466167424444,1.1814985187110187,1.072623126419379,False
2014-10-07 05:00:00+00:00,1.1905104840866545,1.2428279365904369,1.092712679788039,False
2014-10-07 05:30:00+00:00,1.1833655790318267,1.241189864864865,1.040443338380015,False
2014-10-07 06:00:00+00:00,1.1992021663546404,1.2261029106029109,1.009070022710068,False
2014-10-07 06:30:00+00:00,1.2851056164749932,2.889608991683992,1.5462116199848597,False
2014-10-07 07:00:00+00:00,2.42809211018989,3.6277527286902296,3.074189704769114,False
2014-10-07 07:30:00+00:00,2.2191516448248194,4.687468061330561,4.01034829674489,False
2014-10-07 08:00:00+00:00,4.430840679326023,5.184692177754679,4.550792354277062,False
2014-10-07 08:30:00+00:00,3.689439235089597,5.171017671517672,5.349703747161242,False
2014-10-07 09:00:00+00:00,4.489697165017384,5.915236980249481,5.277204087812264,False
2014-10-07 09:30:00+00:00,4.314687483284301,6.366376741164242,5.762830961392884,False
2014-10-07 10:00:00+00:00,5.762105750200589,7.023895841995843,6.165743830431492,False
2014-10-07 10:30:00+00:00,4.329434019791388,7.230263747401248,6.518365745647237,False
2014-10-07 11:00:00+00:00,5.415890131051083,7.983207198544698,6.319251778955336,False
2014-10-07 11:30:00+00:00,5.214878684140144,7.540040072765073,7.873858743376229,False
2014-10-07 12:00:00+00:00,6.962140599090666,8.034252832640334,6.823328728236184,False
2014-10-07 12:30:00+00:00,5.680941882856379,10.657601065488567,6.167637736563209,False
2014-10-07 13:00:00+00:00,5.524523401979139,8.382340306652807,8.539681604844814,False
2014-10-07 13:30:00+00:00,5.607233056967103,7.375591086278585,8.512721953065858,False
2014-10-07 14:00:00+00:00,5.628550788981011,7.988928794178794,7.418748031794094,False
2014-10-07 14:30:00+00:00,4.391838539716502,7.032414215176716,6.849057153671461,False
2014-10-07 15:00:00+00:00,4.827710403851297,6.772476273388774,4.546048561695685,False
2014-10-07 15:30:00+00:00,4.856216180797005,6.779766813929315,6.256238455715367,False
2014-10-07 16:00:00+00:00,3.648757555496122,6.264607926195426,4.93221044663134,False
2014-10-07 16:30:00+00:00,2.9245453062316127,4.478655613305614,3.214860673732021,False
2014-10-07 17:00:00+00:00,1.9746726664883656,3.2057465176715176,1.836380961392884,False
2014-10-07 17:30:00+00:00,1.7466744049211025,1.9483077182952184,1.546511014383043,False
2014-10-07 18:00:00+00:00,1.3604638940893286,2.132418425155925,1.236388455715367,False
2014-10-07 18:30:00+00:00,1.277265873228136,1.7990582380457385,1.2763571536714609,False
2014-10-07 19:00:00+00:00,1.1779466167424444,1.878162941787942,1.0655062074186223,False
2014-10-07 19:30:00+00:00,1.272376143353838,1.737653872141372,1.0804563588190763,False
2014-10-07 20:00:00+00:00,1.1784880449317998,1.902837448024948,1.1006305828917486,False
2014-10-07 20:30:00+00:00,1.2279129446376036,1.2209407484407486,1.1421787282361846,False
2014-10-07 21:00:00+00:00,1.1918413746991172,1.4542933731808732,1.013140234670704,False
2014-10-07 21:30:00+00:00,1.2017070339663012,1.341779132016632,1.0934200984102953,False
2014-10-07 22:00:00+00:00,1.1779466167424444,1.1851491683991684,1.1200531415594246,False
2014-10-07 22:30:00+00:00,1.1864581438887405,1.208939423076923,1.0026451551854656,False
2014-10-07 23:00:00+00:00,1.182332361594009,1.3216427754677755,1.0483397426192278,False
2014-10-07 23:30:00+00:00,1.1779466167424444,1.1814985187110187,1.0037027252081756,False
2014-10-08 00:00:00+00:00,1.249301604707141,1.1814985187110187,1.0181791824375472,False
2014-10-08 00:30:00+00:00,1.1842748863332442,1.1814985187110187,1.0498027630582891,False
2014-10-08 01:00:00+00:00,1.1894993313720246,1.1814985187110187,1.0080325132475396,False
2014-10-08 01:30:00+00:00,1.3583175180529552,1.2104556392931394,1.030242581377744,False
2014-10-08 02:00:00+00:00,1.431435571008291,1.1814985187110187,1.0037027252081756,False
2014-10-08 02:30:00+00:00,1.2198666220914682,1.1814985187110187,1.0068935654806963,False
2014-10-08 03:00:00+00:00,1.203823241508425,1.203341528066528,1.0037027252081756,False
2014-10-08 03:30:00+00:00,1.1779466167424444,1.1814985187110187,1.0203256623769872,False
2014-10-08 04:00:00+00:00,1.1779466167424444,1.1814985187110187,1.0037027252081756,False
2014-10-08 04:30:00+00:00,1.1962292056699653,1.233067021829522,1.0037027252081756,False
2014-10-08 05:00:00+00:00,1.19251059106713,1.287564838877339,1.0037027252081756,False
2014-10-08 05:30:00+00:00,1.1978218240171168,1.20314196985447,1.009920628311885,False
2014-10-08 06:00:00+00:00,1.2130508424712492,1.1814985187110187,1.0836135881907645,False
2014-10-08 06:30:00+00:00,1.1779466167424444,1.1927756756756758,1.0056682816048448,False
2014-10-08 07:00:00+00:00,1.361569991976464,1.7099094854469854,1.0897565102195306,False
2014-10-08 07:30:00+00:00,1.8768935009360792,2.6032964656964657,1.5498042770628313,False
2014-10-08 08:00:00+00:00,1.8582308371222251,2.7418706340956343,1.68683838001514,False
2014-10-08 08:30:00+00:00,2.854164054560043,3.5799742463617465,2.630214950794852,False
2014-10-08 09:00:00+00:00,2.7746856378710887,4.103116346153846,3.662924829674489,False
2014-10-08 09:30:00+00:00,4.302184487830971,5.4166031444906455,4.608009992429976,False
2014-10-08 10:00:00+00:00,4.875440545600428,7.429423310810812,6.21569489023467,False
2014-10-08 10:30:00+00:00,4.653908264241776,7.293309537422039,6.362557191521575,False
2014-10-08 11:00:00+00:00,3.712491468307033,7.154399740124742,6.116090234670704,False
2014-10-08 11:30:00+00:00,5.525204787376304,7.706433108108109,6.595559462528388,False
2014-10-08 12:00:00+00:00,6.107744931799947,8.623411954261956,7.175973996971991,False
2014-10-08 12:30:00+00:00,5.256964535972185,7.952997271309772,6.604732513247539,False
2014-10-08 13:00:00+00:00,4.297153837924578,8.1437979989605,7.590154201362603,False
2014-10-08 13:30:00+00:00,5.554982455201926,7.578189994802495,6.489715177895532,False
2014-10-08 14:00:00+00:00,5.055473228135865,6.332679313929314,4.775358705526116,False
2014-10-08 14:30:00+00:00,6.269643300347687,5.502896569646571,6.734934102952309,False
2014-10-08 15:00:00+00:00,5.616653891414817,6.1829591995842,6.889812566237698,False
2014-10-08 15:30:00+00:00,5.106534287242578,7.141704703742204,6.814576040878122,False
2014-10-08 16:00:00+00:00,4.299718668093073,5.609860265072766,4.999201173353519,False
2014-10-08 16:30:00+00:00,2.920840010698048,4.2208340176715184,3.276273959121877,False
2014-10-08 17:00:00+00:00,1.3279940625835789,3.353819360706861,1.9688484859954576,False
2014-10-08 17:30:00+00:00,1.91826087189088,2.7185595893970897,1.7140875851627555,False
2014-10-08 18:00:00+00:00,1.700308264241776,2.8764871881496883,1.1404615064345192,False
2014-10-08 18:30:00+00:00,1.284481652848355,2.045653378378379,1.2618048826646475,False
2014-10-08 19:00:00+00:00,1.501896389408933,1.6174094074844074,1.0654030658591973,False
2014-10-08 19:30:00+00:00,1.1779466167424444,1.3675266372141373,1.0431681302043905,False
2014-10-08 20:00:00+00:00,1.2412755549612196,1.57839617983368,1.1003012869038606,False
2014-10-08 20:30:00+00:00,1.3124370419898368,1.2390788981288985,1.0869441332323997,False
2014-10-08 21:00:00+00:00,1.1979282428456806,1.2514906185031185,1.0500066994700985,False
2014-10-08 21:30:00+00:00,1.2155699652313452,1.1814985187110187,1.008085427706283,False
2014-10-08 22:00:00+00:00,1.1779466167424444,1.233483471933472,1.0106138909916729,False
2014-10-08 22:30:00+00:00,1.1779466167424444,1.2529521309771312,1.1424384557153673,False
2014-10-08 23:00:00+00:00,1.1779466167424444,1.1978439968814971,1.0146571536714608,False
2014-10-08 23:30:00+00:00,1.1779466167424444,1.1814985187110187,1.1199279712339134,False
2014-10-09 00:00:00+00:00,1.1779466167424444,1.1814985187110187,1.0216430734292203,False
2014-10-09 00:30:00+00:00,1.1779466167424444,1.1814985187110187,0.9772984481453444,False
2014-10-09 01:00:00+00:00,1.234542177052688,1.1814985187110187,1.0240705904617713,False
2014-10-09 01:30:00+00:00,1.181091735758224,1.2577231288981292,1.0037027252081756,False
2014-10-09 02:00:00+00:00,1.193230382455202,1.1814985187110187,1.0037027252081756,False
2014-10-09 02:30:00+00:00,1.3170657929927787,1.1814985187110187,1.015312717638153,False
2014-10-09 03:00:00+00:00,1.3350147900508156,1.2108836798336795,1.0119666161998486,False
2014-10-09 03:30:00+00:00,1.1779466167424444,1.2462454002079002,1.0198764950794852,False
2014-10-09 04:00:00+00:00,1.1779466167424444,1.1814985187110187,0.9994668054504162,False
2014-10-09 04:30:00+00:00,1.1789235357047338,1.2543565748440748,1.0171088947766844,False
2014-10-09 05:00:00+00:00,1.1797917892484622,1.1814985187110187,1.0037027252081756,False
2014-10-09 05:30:00+00:00,1.1779466167424444,1.1814985187110187,1.0037027252081756,False
2014-10-09 06:00:00+00:00,1.2424089596148702,1.261702650727651,1.0808849735049204,False
2014-10-09 06:30:00+00:00,1.1884603637336186,1.2018339656964658,1.3708264572293716,False
2014-10-09 07:00:00+00:00,1.4854959079967904,1.9554178014553016,1.7301871309613923,False
2014-10-09 07:30:00+00:00,2.059381412142284,2.4868912681912683,2.4040594246782736,False
2014-10-09 08:00:00+00:00,3.10466250334314,3.883282354469855,3.654924451173353,False
2014-10-09 08:30:00+00:00,4.069879379513239,5.208700311850312,4.999765556396669,False
2014-10-09 09:00:00+00:00,3.718176464295266,5.142978014553015,5.1011279333838,False
2014-10-09 09:30:00+00:00,4.898864161540518,6.925114241164242,6.005903028009084,False
2014-10-09 10:00:00+00:00,5.559570419898368,7.601728430353432,7.0539985616956855,False
2014-10-09 10:30:00+00:00,5.4418677453864674,7.743943555093555,7.606818054504163,False
2014-10-09 11:00:00+00:00,6.1985516983150575,7.931229859667361,7.454993565480697,False
2014-10-09 11:30:00+00:00,4.446203476865472,7.414088617463618,6.910719682059045,False
2014-10-09 12:00:00+00:00,6.538774083979673,7.519429106029108,6.974357040121119,False
2014-10-09 12:30:00+00:00,5.5901714897031285,7.91582811850312,7.07350991672975,False
2014-10-09 13:00:00+00:00,4.834239288579834,7.557317749480251,8.259027971233913,False
2014-10-09 13:30:00+00:00,6.70597416421503,7.20944974012474,7.226634292202876,False
2014-10-09 14:00:00+00:00,4.939184808772399,7.082965280665281,7.947254579863739,False
2014-10-09 14:30:00+00:00,5.276192805562984,6.483946751559253,4.869792089326268,False
2014-10-09 15:00:00+00:00,4.898672372292057,6.66181075883576,5.996477327781983,False
2014-10-09 15:30:00+00:00,3.6769918427387,6.203582614345115,5.900805563966691,False
2014-10-09 16:00:00+00:00,4.143026290451993,5.5199580041580045,5.199332361847085,False
2014-10-09 16:30:00+00:00,2.334344503878042,4.629185914760916,3.581514723694171,False
2014-10-09 17:00:00+00:00,1.99338694838192,4.029023102910603,2.506467448902346,False
2014-10-09 17:30:00+00:00,1.705289756619417,3.1928508835758835,2.21106279333838,False
2014-10-09 18:00:00+00:00,1.270967718641348,2.7984078482328485,1.619716729750189,False
2014-10-09 18:30:00+00:00,1.46466303824552,2.5316045738045743,1.6651680166540497,False
2014-10-09 19:00:00+00:00,1.3404114736560575,2.0004492983367985,1.2275863361090082,False
2014-10-09 19:30:00+00:00,1.2745324150842472,2.036005873180873,1.125638039364118,False
2014-10-09 20:00:00+00:00,1.3136461888205402,1.515010628898129,1.1492848221044665,False
2014-10-09 20:30:00+00:00,1.325052527413747,1.6001052754677756,1.40067036336109,False
2014-10-09 21:00:00+00:00,1.39949973254881,1.8152496621621623,1.0943862604087813,False
2014-10-09 21:30:00+00:00,1.4154148970312916,1.6868269750519749,1.225232475397426,False
2014-10-09 22:00:00+00:00,1.5274835517518053,1.8974108108108108,1.3069690764572297,False
2014-10-09 22:30:00+00:00,1.320306846750468,1.6212150987525988,1.0811761165783496,False
2014-10-09 23:00:00+00:00,1.2385416688954265,1.4611477130977133,1.0907324375473126,False
2014-10-09 23:30:00+00:00,1.24454375501471,1.247580613305613,1.0024429598788795,False
2014-10-10 00:00:00+00:00,1.246883444771329,1.3725537941787944,1.1525516654049963,False
2014-10-10 00:30:00+00:00,1.309400106980476,1.7422368243243245,1.168878274034822,False
2014-10-10 01:00:00+00:00,1.181871035036106,1.2570781185031186,1.0075333080999245,False
2014-10-10 01:30:00+00:00,1.1779466167424444,1.7088198024948027,1.074842165026495,False
2014-10-10 02:00:00+00:00,1.268900053490238,1.2204601871101874,1.1197889477668432,False
2014-10-10 02:30:00+00:00,1.1779466167424444,1.2171012733887736,1.1591292959878878,False
2014-10-10 03:00:00+00:00,1.1779466167424444,1.1984488565488567,1.0584926192278576,False
2014-10-10 03:30:00+00:00,1.1779466167424444,1.1978227390852392,1.0980003785011354,False
2014-10-10 04:00:00+00:00,1.1779466167424444,1.1814985187110187,1.037782323996972,False
2014-10-10 04:30:00+00:00,1.1779466167424444,1.256850025987526,1.0634779712339135,False
2014-10-10 05:00:00+00:00,1.3975106445573684,1.2470648388773389,1.070667676003028,False
2014-10-10 05:30:00+00:00,1.2091792992778818,1.4685012474012475,1.3504588569265703,False
2014-10-10 06:00:00+00:00,1.1784259160203263,1.5664235446985448,1.195264307342922,False
2014-10-10 06:30:00+00:00,1.1779466167424444,1.425046335758836,1.3290445874337622,False
2014-10-10 07:00:00+00:00,1.2865440224659,2.0419073284823286,1.2866665783497349,False
2014-10-10 07:30:00+00:00,1.2023275742177053,2.1265737525987527,1.694048902346707,False
2014-10-10 08:00:00+00:00,2.1847081305161806,2.782100935550936,2.9555727100681306,False
2014-10-10 08:30:00+00:00,2.3479530355710083,3.166548518711019,2.8458029901589703,False
2014-10-10 09:00:00+00:00,2.466830730141749,2.901751975051975,2.86160779712339,False
2014-10-10 09:30:00+00:00,1.851526852099492,1.6339946985446985,1.5983978425435277,False
2014-10-10 10:00:00+00:00,1.749268173308371,2.2210499220374222,1.7159408402725207,False
2014-10-10 10:30:00+00:00,1.2299990906659537,1.3705392411642414,1.4157109765329294,False
2014-10-10 11:00:00+00:00,1.6656682267986092,1.474356678794179,1.5641727100681302,False
2014-10-10 11:30:00+00:00,1.520472987429794,2.0227435550935557,1.9786832323996968,False
2014-10-10 12:00:00+00:00,3.267378389943836,4.462531340956342,3.947545722937168,False
2014-10-10 12:30:00+00:00,4.144389248462155,5.775758887733889,5.874908327024981,False
2014-10-10 13:00:00+00:00,5.70826902915218,8.364217281704782,7.15387452687358,False
2014-10-10 13:30:00+00:00,6.136479753944904,9.330881574844076,6.946318470855411,False
2014-10-10 14:00:00+00:00,3.58857579566729,6.630638903326404,6.428754125662376,False
2014-10-10 14:30:00+00:00,4.83339810109655,6.845398180873181,5.698416389099166,False
2014-10-10 15:00:00+00:00,3.996884835517518,5.706545919958421,5.435459273277819,False
2014-10-10 15:30:00+00:00,3.5390431398769726,4.752872323284824,3.867527441332324,False
2014-10-10 16:00:00+00:00,2.8863621556565926,3.5412670997921,2.971874375473126,False
2014-10-10 16:30:00+00:00,2.4560665418561114,2.87997946985447,2.2958997728993187,False
2014-10-10 17:00:00+00:00,1.5780811446910938,2.081645374220374,1.5530211582134743,False
2014-10-10 17:30:00+00:00,1.6209372024605508,1.6641947505197503,1.2764241105223315,False
2014-10-10 18:00:00+00:00,1.558018534367478,1.2383846413721415,1.0804933005299016,False
2014-10-10 18:30:00+00:00,1.2382294463760366,1.191818737006237,1.0784571536714609,False
2014-10-10 19:00:00+00:00,1.2714270928055629,1.1814985187110187,1.0023874716124148,False
2014-10-10 19:30:00+00:00,1.3715789783364536,1.3083245841995843,1.1716408781226342,False
2014-10-10 20:00:00+00:00,1.1779466167424444,1.2275227390852392,1.126827857683573,False
2014-10-10 20:30:00+00:00,1.2862209949184276,1.1856697505197509,1.0446191143073429,False
2014-10-10 21:00:00+00:00,1.1964173040920032,1.4687152027027028,1.0370212717638152,False
2014-10-10 21:30:00+00:00,1.306835758224124,1.4566421257796258,1.0250905374716124,False
2014-10-10 22:00:00+00:00,1.220554426317197,1.1814985187110187,1.0158764572293717,False
2014-10-10 22:30:00+00:00,1.1904535169831505,1.218743918918919,1.0415038228614686,False
2014-10-10 23:00:00+00:00,1.1793204867611662,1.2437935810810812,1.205374224072672,False
2014-10-10 23:30:00+00:00,1.2427090398502274,1.1839141112266114,1.0898010219530658,False
2014-10-11 00:00:00+00:00,1.30848315057502,1.3734077182952185,1.0037027252081756,False
2014-10-11 00:30:00+00:00,1.2030888472853702,1.359898414760915,1.1359127554882664,False
2014-10-11 01:00:00+00:00,1.1779466167424444,1.1814985187110187,1.0800071536714608,False
2014-10-11 01:30:00+00:00,1.1779466167424444,1.4294119022869023,1.0037027252081756,False
2014-10-11 02:00:00+00:00,1.1815572345546936,1.1814985187110187,1.1088493943981832,False
2014-10-11 02:30:00+00:00,1.2922613533030225,1.206441787941788,1.005427592732778,False
2014-10-11 03:00:00+00:00,1.2766625033431398,1.1935725051975052,1.0633570401211203,False
2014-10-11 03:30:00+00:00,1.2549650173843272,1.1814985187110187,1.0555295987887965,False
2014-10-11 04:00:00+00:00,1.234735758224124,1.1814985187110187,1.040789477668433,False
2014-10-11 04:30:00+00:00,1.222652527413747,1.1973579781704782,0.9943331188493564,False
2014-10-11 05:00:00+00:00,1.1877241240973522,1.1814985187110187,1.081884405753217,False
2014-10-11 05:30:00+00:00,1.1779466167424444,1.1814985187110187,1.020566578349735,False
2014-10-11 06:00:00+00:00,1.184821930997593,1.1824671777546778,1.0037027252081756,False
2014-10-11 06:30:00+00:00,1.3540351965766246,1.2467403586278587,1.0422570779712337,False
2014-10-11 07:00:00+00:00,1.356762556833378,1.7620091216216216,1.5075321725965176,False
2014-10-11 07:30:00+00:00,2.027197512703932,3.1812218814968816,3.0132005677517038,False
2014-10-11 08:00:00+00:00,4.575240385129714,5.196501715176716,4.71941184708554,False
2014-10-11 08:30:00+00:00,4.644705964161541,5.982388461538462,5.41255181680545,False
2014-10-11 09:00:00+00:00,5.208896121957743,6.78617564968815,6.487349470098409,False
2014-10-11 09:30:00+00:00,5.123201257020593,7.537450961538462,6.916372066616199,False
2014-10-11 10:00:00+00:00,5.2234748863332445,8.426449896049895,6.533053444360333,False
2014-10-11 10:30:00+00:00,5.692877480609789,8.99558757796258,6.554759727479182,False
2014-10-11 11:00:00+00:00,5.462217999465097,8.262186096673597,6.999824791824374,False
2014-10-11 11:30:00+00:00,5.872976678256218,8.343555717255718,8.593713361090083,False
2014-10-11 12:00:00+00:00,5.102608879379513,7.654923622661124,6.268886941710824,False
2014-10-11 12:30:00+00:00,4.808006926985825,7.666493944906445,6.021500529901591,False
2014-10-11 13:00:00+00:00,5.029127574217704,7.34780220893971,6.5178408402725205,False
2014-10-11 13:30:00+00:00,4.7773294196309175,7.280162032224534,6.6142299772899324,False
2014-10-11 14:00:00+00:00,4.793324231077828,6.511800051975052,5.9513777819833455,False
2014-10-11 14:30:00+00:00,3.2126333779085314,5.605762110187111,4.097437887963664,False
2014-10-11 15:00:00+00:00,3.611447793527681,4.924990696465697,4.09453304314913,False
2014-10-11 15:30:00+00:00,1.7535402781492375,2.813623102910603,1.7457886449659348,False
2014-10-11 16:00:00+00:00,1.1779466167424444,2.3392287162162164,1.2162883043149129,False
2014-10-11 16:30:00+00:00,1.2323405188553087,1.5579790280665282,1.209591408024224,False
2014-10-11 17:00:00+00:00,1.3312839261834717,1.8203771309771308,1.1016331945495836,False
2014-10-11 17:30:00+00:00,1.2456481947044664,1.241589916839917,1.0759712339137018,False
2014-10-11 18:00:00+00:00,1.3131358919497191,1.4244912681912685,1.1871488644965933,False
2014-10-11 18:30:00+00:00,1.5184012570205938,1.2416776767151767,1.0037027252081756,False
2014-10-11 19:00:00+00:00,2.06380569671035,1.5265124220374222,1.0037027252081756,False
2014-10-11 19:30:00+00:00,2.416589729874298,1.859704417879418,1.250695495836487,False
2014-10-11 20:00:00+00:00,1.2099123829901044,1.1860234667359668,1.0145543906131718,False
2014-10-11 20:30:00+00:00,1.193101925648569,1.3083614085239088,1.056250832702498,False
2014-10-11 21:00:00+00:00,1.4465649371489704,1.305345971933472,1.0425313398940197,False
2014-10-11 21:30:00+00:00,1.2905769724525271,1.4757031185031186,1.125067940953823,False
2014-10-11 22:00:00+00:00,1.4085635731479005,1.209718737006237,1.2038841408024223,False
2014-10-11 22:30:00+00:00,1.4624366943032898,1.415793866943867,1.1600908402725207,False
2014-10-11 23:00:00+00:00,1.2708046803958275,1.262392281704782,0.9975779712339136,False
2014-10-11 23:30:00+00:00,1.3923423642685209,1.5260289241164244,1.1098816048448144,False
2014-10-12 00:00:00+00:00,1.2818786306499064,1.3418637214137217,1.1016057532172596,False
2014-10-12 00:30:00+00:00,1.2955857448515644,1.349738097713098,1.0813616956850869,False
2014-10-12 01:00:00+00:00,1.4165926718373896,1.373833731808732,1.20345639666919,False
2014-10-12 01:30:00+00:00,1.2841235624498528,1.3878216995841997,1.158872634367903,False
2014-10-12 02:00:00+00:00,1.2402945707408397,1.305316554054054,1.174903860711582,False
2014-10-12 02:30:00+00:00,1.4328251671569938,1.2472956600831604,1.0834814534443604,False
2014-10-12 03:00:00+00:00,1.3059504412944638,1.1945069906444907,1.102810938682816,False
2014-10-12 03:30:00+00:00,1.5069987697245253,1.1814985187110187,1.2896037093111277,False
2014-10-12 04:00:00+00:00,1.5683881519122762,1.373129677754678,1.083635427706283,False
2014-10-12 04:30:00+00:00,1.3782969243113132,1.2654310810810814,1.062980961392884,False
2014-10-12 05:00:00+00:00,1.2179532762770795,1.300571153846154,1.1832794095382286,False
2014-10-12 05:30:00+00:00,1.3026201658197378,1.1814985187110187,1.0520990915972748,False
2014-10-12 06:00:00+00:00,1.1779466167424444,1.40160841995842,1.1466560181680543,False
2014-10-12 06:30:00+00:00,1.2586890612463226,1.428356522869023,1.4740845193035577,False
2014-10-12 07:00:00+00:00,1.5227604439689757,2.1856248700623704,1.5660993186979562,False
2014-10-12 07:30:00+00:00,1.848877774806098,3.458045478170479,2.791812301286904,False
2014-10-12 08:00:00+00:00,4.216270526878844,4.885587422037423,4.400494511733535,False
2014-10-12 08:30:00+00:00,5.180058598555763,5.998659485446986,5.708623996971991,False
2014-10-12 09:00:00+00:00,4.665111901577961,5.502328586278587,5.400789023467071,False
2014-10-12 09:30:00+00:00,3.283530997592939,3.0054586538461545,3.227516389099167,False
2014-10-12 10:00:00+00:00,3.601805215298208,3.9575011694386695,3.4223393262679784,False
2014-10-12 10:30:00+00:00,5.363875073549077,6.650367775467776,6.304154201362604,False
2014-10-12 11:00:00+00:00,3.0353247659802087,3.462349454261954,3.3912812641937924,False
2014-10-12 11:30:00+00:00,2.3927282161005614,2.8496580301455303,1.7830047691143074,False
2014-10-12 12:00:00+00:00,2.397624765980209,2.397604755717256,2.017551249053747,False
2014-10-12 12:30:00+00:00,4.108540197913881,6.298768321205821,5.728093792581378,False
2014-10-12 13:00:00+00:00,6.210062583578497,7.974891138253638,8.321675018925054,False
2014-10-12 13:30:00+00:00,7.308216581973789,7.13931930873181,7.964037547312642,False
2014-10-12 14:00:00+00:00,5.836427306766515,8.059819776507277,7.841644322482967,False
2014-10-12 14:30:00+00:00,6.1204771061781225,9.097416632016634,7.823122142316427,False
2014-10-12 15:00:00+00:00,5.254082428456806,7.717815150727652,6.460120211960636,False
2014-10-12 15:30:00+00:00,4.821229285905322,6.493725831600832,5.828341672975019,False
2014-10-12 16:00:00+00:00,4.296588793795132,4.701772791060291,4.375353141559424,False
2014-10-12 16:30:00+00:00,3.043476277079433,3.9253953742203738,3.921982399697199,False
2014-10-12 17:00:00+00:00,2.312035464027815,2.512495608108108,2.4634283875851626,False
2014-10-12 17:30:00+00:00,1.8704727734688416,1.711492047817048,1.6473277441332324,False
2014-10-12 18:00:00+00:00,1.597910189890345,1.5713595114345118,1.6356082134746404,False
2014-10-12 18:30:00+00:00,1.739727387001872,1.2977425155925155,1.7677901211203633,False
2014-10-12 19:00:00+00:00,1.5666901310510832,1.2821949844074845,1.3666022710068129,False
2014-10-12 19:30:00+00:00,1.3821412944637603,1.2086330041580042,1.3657830431491291,False
2014-10-12 20:00:00+00:00,1.5357229205669969,1.258049818087318,1.2246611657834972,False
2014-10-12 20:30:00+00:00,1.1779466167424444,1.284958835758836,1.1053626797880394,False
2014-10-12 21:00:00+00:00,1.259645787643755,1.3758666320166322,1.0221121498864496,False
2014-10-12 21:30:00+00:00,1.1779466167424444,1.214283497920998,1.0029133989401968,False
2014-10-12 22:00:00+00:00,1.2466047606311847,1.3007845114345111,1.0037027252081756,False
2014-10-12 22:30:00+00:00,1.1779466167424444,1.620891891891892,1.0706493565480697,False
2014-10-12 23:00:00+00:00,1.1779466167424444,1.4901886434511435,0.9876993565480696,False
2014-10-12 23:30:00+00:00,1.1810206739769993,1.3365363305613307,1.115042846328539,False
2014-10-13 00:00:00+00:00,1.1848700989569405,1.2816183731808732,1.0158721423164268,False
2014-10-13 00:30:00+00:00,1.1900451725060175,1.1814985187110187,1.2337302422407268,False
2014-10-13 01:00:00+00:00,1.1779466167424444,1.184020426195426,1.0065411809235427,False
2014-10-13 01:30:00+00:00,1.181369697780155,1.4279454002079004,1.0037027252081756,False
2014-10-13 02:00:00+00:00,1.2637198983685478,1.4100306392931394,1.0151829295987886,False
2014-10-13 02:30:00+00:00,1.1812276277079432,1.4591346933471934,1.0957353898561697,False
2014-10-13 03:00:00+00:00,1.2703825621824016,1.4784137474012475,1.133240234670704,False
2014-10-13 03:30:00+00:00,1.178402139609521,1.323847583160083,1.0088920514761544,False
2014-10-13 04:00:00+00:00,1.2974260764910404,1.3897445426195427,1.0161893641180924,False
2014-10-13 04:30:00+00:00,1.2392565659267183,1.3737138513513514,1.0325384935654809,False
2014-10-13 05:00:00+00:00,1.2205860390478735,1.2657959719334722,1.147030696442089,False
2014-10-13 05:30:00+00:00,1.2041629045199251,1.307140098752599,1.192663890991673,False
2014-10-13 06:00:00+00:00,1.1820604439689757,1.1814985187110187,1.2087350870552611,False
2014-10-13 06:30:00+00:00,1.2039952928590532,1.313427546777547,1.0822253974261922,False
2014-10-13 07:00:00+00:00,1.434781706338593,1.6546453742203742,1.2749570779712338,False
2014-10-13 07:30:00+00:00,1.7607029954533298,1.9961852650727647,2.147470174110522,False
2014-10-13 08:00:00+00:00,2.8354079165552286,3.7504962058212064,3.522302233156699,False
2014-10-13 08:30:00+00:00,3.856830221984488,5.671119282744283,5.354120590461772,False
2014-10-13 09:00:00+00:00,4.309228430061514,5.951111746361748,6.016172558667676,False
2014-10-13 09:30:00+00:00,4.045182187750736,6.191881600831601,6.373911468584406,False
2014-10-13 10:00:00+00:00,4.172610350361059,5.843740358627859,5.867956699470098,False
2014-10-13 10:30:00+00:00,4.817252928590532,7.412579287941788,6.4130882286146855,False
2014-10-13 11:00:00+00:00,4.722274699117412,6.281554313929314,5.896873921271764,False
2014-10-13 11:30:00+00:00,5.058368922171704,7.158116580041581,6.604633421650265,False
2014-10-13 12:00:00+00:00,5.029525033431399,8.64643167879418,7.289961014383043,False
2014-10-13 12:30:00+00:00,4.5136330034768655,8.101952182952184,7.161009841029523,False
2014-10-13 13:00:00+00:00,4.896448595881251,7.280883523908524,7.051526078728236,False
2014-10-13 13:30:00+00:00,5.748666648836587,7.864529002079003,7.480497615442846,False
2014-10-13 14:00:00+00:00,4.863584166889543,7.199735005197505,6.092774072672218,False
2014-10-13 14:30:00+00:00,4.048145065525541,6.5746462577962586,5.470407910673732,False
2014-10-13 15:00:00+00:00,3.4829202193099755,5.027230691268192,4.286767751703255,False
2014-10-13 15:30:00+00:00,3.0777486226263706,3.699929807692308,3.890187168811506,False
2014-10-13 16:00:00+00:00,2.1277895426584648,2.3699516632016637,2.6182431869795604,False
2014-10-13 16:30:00+00:00,1.733515057502006,2.256334745322245,2.25505927327782,False
2014-10-13 17:00:00+00:00,1.602514897031292,2.731623362785863,2.2187107115821343,False
2014-10-13 17:30:00+00:00,1.501332120887938,1.6686383056133058,1.4638317940953822,False
2014-10-13 18:00:00+00:00,1.433008264241776,2.129625883575884,1.545521347464042,False
2014-10-13 18:30:00+00:00,1.4540265311580636,1.629645296257796,1.4012265329295983,False
2014-10-13 19:00:00+00:00,1.5018135062851028,1.3499699584199585,2.0316113928841784,False
2014-10-13 19:30:00+00:00,1.8510134795399835,1.670352910602911,1.7663642694928083,False
2014-10-13 20:00:00+00:00,1.4440786039047873,1.835095867983368,1.1393929598788797,False
2014-10-13 20:30:00+00:00,1.1835963359186947,1.184479651767152,1.419299242997729,False
2014-10-13 21:00:00+00:00,1.6389705268788446,1.3858573544698545,1.4764455336866007,False
2014-10-13 21:30:00+00:00,1.2352802621021663,1.651109901247401,1.1843558667676002,False
2014-10-13 22:00:00+00:00,1.7215880984220375,1.75994656964657,1.3335633610900832,False
2014-10-13 22:30:00+00:00,1.6949348756351963,1.4921181392931393,1.2603964799394398,False
2014-10-13 23:00:00+00:00,1.2042021128644025,1.442591943866944,1.1110337623012867,False
2014-10-13 23:30:00+00:00,1.2263537041989836,1.3770007796257795,1.1027379258137775,False
2014-10-14 00:00:00+00:00,1.2451436747793527,1.345161148648649,1.2201405753217258,False
2014-10-14 00:30:00+00:00,1.225780797004547,1.5598736226611227,1.1898487130961393,False
2014-10-14 01:00:00+00:00,1.311826932334849,1.513676299376299,1.2169692657077973,False
2014-10-14 01:30:00+00:00,1.470252607649104,1.52744591995842,1.6530599545798637,False
2014-10-14 02:00:00+00:00,1.2213448248194705,1.3140375000000002,1.2181352006056017,False
2014-10-14 02:30:00+00:00,1.282990104305964,1.5891591995841998,1.0878923921271764,False
2014-10-14 03:00:00+00:00,1.2409546670232685,1.5884188149688152,1.18190352006056,False
2014-10-14 03:30:00+00:00,1.1830252473923508,1.504437941787942,1.2058221801665403,False
2014-10-14 04:00:00+00:00,1.1779466167424444,1.478027156964657,1.0089603709311128,False
2014-10-14 04:30:00+00:00,1.208849344744584,1.6425100831600832,1.4783315669947008,False
2014-10-14 05:00:00+00:00,1.1779466167424444,1.6985144230769231,1.2262284632853897,False
2014-10-14 05:30:00+00:00,1.2118668360524203,1.5624579781704784,1.3603920514761545,False
2014-10-14 06:00:00+00:00,1.2312001872158331,1.6162031444906446,1.2323392505677515,False
2014-10-14 06:30:00+00:00,1.294216822679861,1.246956548856549,1.3343819076457228,False
2014-10-14 07:00:00+00:00,1.1779466167424444,1.2229847972972976,1.2365260787282362,False
2014-10-14 07:30:00+00:00,1.6903329767317463,2.523208965696466,2.0344496971990917,False
2014-10-14 08:00:00+00:00,3.008006873495587,4.239855613305615,3.8645370552611658,False
2014-10-14 08:30:00+00:00,4.217764535972185,4.866229132016632,4.8324198334595,False
2014-10-14 09:00:00+00:00,4.917421610056166,5.370231548856549,5.213698334595004,False
2014-10-14 09:30:00+00:00,5.04839157528751,6.008872765072766,6.093267524602573,False
2014-10-14 10:00:00+00:00,5.312278309708479,7.435015826403328,6.554150984102951,False
2014-10-14 10:30:00+00:00,5.472986386734421,7.2257808991684,6.773809916729751,False
2014-10-14 11:00:00+00:00,5.696433297673175,7.622113227650729,6.862814118092354,False
2014-10-14 11:30:00+00:00,6.525147847017919,7.386213695426195,6.468435503406511,False
2014-10-14 12:00:00+00:00,4.661889328697512,8.849242515592517,7.556998296744889,False
2014-10-14 12:30:00+00:00,5.719574538646697,8.621208238045739,7.779970628311884,False
2014-10-14 13:00:00+00:00,6.24722607649104,8.934822661122663,7.4395257002271,False
2014-10-14 13:30:00+00:00,4.881391227600963,10.739210966735968,8.188602006056017,False
2014-10-14 14:00:00+00:00,5.721958170633859,8.733617541580042,7.981382967448902,False
2014-10-14 14:30:00+00:00,5.717850173843274,8.628266865904367,7.173633421650264,False
2014-10-14 15:00:00+00:00,6.408576036373362,8.730226273388775,8.138059235427706,False
2014-10-14 15:30:00+00:00,4.919995640545601,6.378462214137215,5.976212869038606,False
2014-10-14 16:00:00+00:00,3.738315699384862,5.676092151767152,5.056463701741104,False
2014-10-14 16:30:00+00:00,3.2058105375768924,4.12301010914761,4.028716881150643,False
2014-10-14 17:00:00+00:00,2.0286421503075687,2.6269675155925154,2.2678469341408025,False
2014-10-14 17:30:00+00:00,1.4271799946509762,2.150868685031185,1.9364235049205143,False
2014-10-14 18:00:00+00:00,1.4824884995988237,1.8636450363825363,1.2641906888720664,False
2014-10-14 18:30:00+00:00,1.648064562717304,1.6038342515592516,1.3731913323239968,False
2014-10-14 19:00:00+00:00,1.5826124097352234,1.9524234147609147,1.4895911430734292,False
2014-10-14 19:30:00+00:00,1.2188885263439422,1.705088071725572,1.4663773277819834,False
2014-10-14 20:00:00+00:00,1.266827360256753,1.5288441787941789,1.0510549962149889,False
2014-10-14 20:30:00+00:00,1.2051836854774003,1.3276019490644493,1.119372218016654,False
2014-10-14 21:00:00+00:00,1.2012304894356778,1.3525785602910605,1.1581012490537472,False
2014-10-14 21:30:00+00:00,1.3963738165284836,1.3102098752598754,1.0280663512490538,False
2014-10-14 22:00:00+00:00,1.3753531960417222,1.2863975571725574,1.067946290688872,False
2014-10-14 22:30:00+00:00,1.1779466167424444,1.4066160343035343,1.0617781983345949,False
2014-10-14 23:00:00+00:00,1.2877005081572614,1.5344674636174636,1.0436706283118848,False
2014-10-14 23:30:00+00:00,1.1779466167424444,1.247742021829522,1.0908691143073428,False
2014-10-15 00:00:00+00:00,1.1779466167424444,1.4883553274428276,1.0255992051476155,False
2014-10-15 00:30:00+00:00,1.1845334046536506,1.1984153066528067,1.018466161998486,False
2014-10-15 01:00:00+00:00,1.1779466167424444,1.2873827442827444,1.0703445874337625,False
2014-10-15 01:30:00+00:00,1.198798448783097,1.2957821465696469,1.0734965177895532,False
2014-10-15 02:00:00+00:00,1.2571419096014975,1.5116399688149689,1.0438393641180923,False
2014-10-15 02:30:00+00:00,1.2756977801551217,1.3141762733887736,1.1566453822861469,False
2014-10-15 03:00:00+00:00,1.321895346349291,1.341921101871102,1.228936109008327,False
2014-10-15 03:30:00+00:00,1.3719161540518856,1.3773575883575886,1.0588755109765329,False
2014-10-15 04:00:00+00:00,1.3616760363733618,1.3624739604989606,1.3459106358819075,False
2014-10-15 04:30:00+00:00,1.2633800481412143,1.3882591735966738,1.2023583648750944,False
2014-10-15 05:00:00+00:00,1.4050113666755817,1.4796685031185033,1.2013448523845571,False
2014-10-15 05:30:00+00:00,1.289989890345012,1.5083663981288982,1.3240743376230126,False
2014-10-15 06:00:00+00:00,1.3236688151912277,1.6037614864864866,1.5843701741105225,False
2014-10-15 06:30:00+00:00,1.3159651243648034,1.827708887733888,1.6698352384557151,False
2014-10-15 07:00:00+00:00,2.3254316662209145,3.028461174636175,2.7557394398183197,False
2014-10-15 07:30:00+00:00,3.047246162075421,3.7093216476091473,3.325361582134746,False
2014-10-15 08:00:00+00:00,2.8608401176785234,3.883295608108108,3.8243124526873578,False
2014-10-15 08:30:00+00:00,3.401911473656058,4.392769542619543,4.438496782740348,False
2014-10-15 09:00:00+00:00,4.636163519657663,6.063657250519751,6.125564799394398,False
2014-10-15 09:30:00+00:00,4.962248167959347,5.805170010395012,6.2140529901589705,False
2014-10-15 10:00:00+00:00,4.082077453864669,5.762387032224533,5.333231264193792,False
2014-10-15 10:30:00+00:00,2.7719567263974323,3.8956125519750526,3.453419530658592,False
2014-10-15 11:00:00+00:00,2.2573257020593744,3.154530639293139,2.521151778955337,False
2014-10-15 11:30:00+00:00,1.460976598020861,1.9989702702702703,1.778199318697956,False
2014-10-15 12:00:00+00:00,1.413557475260765,1.9690093295218296,1.1736345571536717,False
2014-10-15 12:30:00+00:00,1.805384568066328,1.878240280665281,1.466011355034065,False
2014-10-15 13:00:00+00:00,1.1779466167424444,1.444935628898129,1.6432577971233913,False
2014-10-15 13:30:00+00:00,1.23324592136935,1.4233788201663202,1.6700064345193033,False
2014-10-15 14:00:00+00:00,1.9962074886333243,2.178266138253638,1.6736565859197576,False
2014-10-15 14:30:00+00:00,3.062045546937684,3.106799142411643,2.6823211582134743,False
2014-10-15 15:00:00+00:00,3.372882187750736,4.167848596673597,3.5170741105223318,False
2014-10-15 15:30:00+00:00,3.464007595613801,4.525506133056133,4.338433951551854,False
2014-10-15 16:00:00+00:00,2.652580074886333,3.580226611226612,3.525011127933384,False
2014-10-15 16:30:00+00:00,2.645597058036908,2.7245418659043663,2.504151249053747,False
2014-10-15 17:00:00+00:00,1.895827199786039,1.6998258835758835,1.690850681302044,False
2014-10-15 17:30:00+00:00,1.3394114469109386,1.2551511694386694,1.452001324753974,False
2014-10-15 18:00:00+00:00,1.2091670232682534,1.2525833160083162,1.3760802422407266,False
2014-10-15 18:30:00+00:00,1.2030721048408666,1.3076598492723492,1.3015993186979562,False
2014-10-15 19:00:00+00:00,1.1779466167424444,1.3383841735966735,1.4429258894776682,False
2014-10-15 19:30:00+00:00,1.1982841936346618,1.2309510654885656,1.410661468584406,False
2014-10-15 20:00:00+00:00,1.2794549344744583,1.3124265592515594,1.376334027252082,False
2014-10-15 20:30:00+00:00,1.4126853971650173,1.4078902546777547,1.3744559424678275,False
2014-10-15 21:00:00+00:00,1.5254879914415618,1.297489397089397,1.3479224072672218,False
2014-10-15 21:30:00+00:00,1.3630995720780958,1.1814985187110187,1.247202914458743,False
2014-10-15 22:00:00+00:00,1.2325956940358385,1.2842625,1.4116232778198332,False
2014-10-15 22:30:00+00:00,1.2409038512971384,1.563034797297297,1.449184178652536,False
2014-10-15 23:00:00+00:00,1.3200451992511366,1.2341049896049896,1.3643822482967447,False
2014-10-15 23:30:00+00:00,1.290988205402514,1.2853515072765074,1.5321028387585165,False
2014-10-16 00:00:00+00:00,1.287315431933672,1.256621257796258,1.2975828538985617,False
2014-10-16 00:30:00+00:00,1.4386278416688951,1.313729235966736,1.4380462528387583,False
2014-10-16 01:00:00+00:00,1.3635183738967638,1.1814985187110187,1.4678152535957605,False
2014-10-16 01:30:00+00:00,1.4377487028617275,1.2158322765072769,1.3092295609386828,False
2014-10-16 02:00:00+00:00,1.692337255950789,1.2002767931392933,1.569847880393641,False
2014-10-16 02:30:00+00:00,1.2806054292591602,1.2041851091476092,1.215166161998486,False
2014-10-16 03:00:00+00:00,1.4612976999197649,1.3202842515592517,1.36598433005299,False
2014-10-16 03:30:00+00:00,1.4323312115538915,1.276429313929314,1.4723404617713851,False
2014-10-16 04:00:00+00:00,1.59196956405456,1.1814985187110187,1.3328048069644207,False
2014-10-16 04:30:00+00:00,1.373879941160738,1.1962553534303535,1.28498315669947,False
2014-10-16 05:00:00+00:00,1.2354568601230276,1.230783471933472,1.354576003028009,False
2014-10-16 05:30:00+00:00,1.2697463492912542,1.2219885914760915,1.2522498107494322,False
2014-10-16 06:00:00+00:00,1.3928808237496657,1.4827185810810812,1.413078160484481,False
2014-10-16 06:30:00+00:00,1.2212263706873496,1.4304510914760915,1.2881393641180925,False
2014-10-16 07:00:00+00:00,1.5201825354372829,1.7050813669438671,1.7020469341408024,False
2014-10-16 07:30:00+00:00,2.0125870553623963,3.561846803534304,3.410813588190764,False
2014-10-16 08:00:00+00:00,3.894574832843006,4.439937188149688,4.302238682816048,False
2014-10-16 08:30:00+00:00,4.828038245520193,5.690868529106029,6.0548338001514,False
2014-10-16 09:00:00+00:00,4.405987697245252,6.123659953222454,6.493035768357305,False
2014-10-16 09:30:00+00:00,4.107341160738165,6.222545400207901,6.659709046177138,False
2014-10-16 10:00:00+00:00,4.741649959882321,5.963962396049896,6.885112982588947,False
2014-10-16 10:30:00+00:00,6.517063546402781,8.564836252598752,8.545920439061318,False
2014-10-16 11:00:00+00:00,6.908817518052956,8.828640098752599,8.323571196063588,False
2014-10-16 11:30:00+00:00,6.187268467504681,8.755904391891892,9.37106525359576,False
2014-10-16 12:00:00+00:00,4.15084132120888,10.9083867983368,10.206335124905372,False
2014-10-16 12:30:00+00:00,8.537378737630382,10.804133471933474,10.745506661619984,False
2014-10-16 13:00:00+00:00,4.494302193099759,8.607584199584199,9.775183118849355,False
2014-10-16 13:30:00+00:00,5.753466729071944,9.827520841995844,9.154233308099924,False
2014-10-16 14:00:00+00:00,6.7299243380583045,9.347219230769232,9.17615075700227,False
2014-10-16 14:30:00+00:00,5.841117785504146,8.412358913721414,7.806880545041634,False
2014-10-16 15:00:00+00:00,5.751824017116876,7.039652676715178,6.954467865253594,False
2014-10-16 15:30:00+00:00,4.345295881251672,6.827855145530146,6.428492013626041,False
2014-10-16 16:00:00+00:00,4.622915859855576,6.077522141372142,5.744387168811506,False
2014-10-16 16:30:00+00:00,3.351505509494517,4.713426845114345,3.9897657077971234,False
2014-10-16 17:00:00+00:00,2.5989716234287243,3.5112612266112277,2.6204699848599544,False
2014-10-16 17:30:00+00:00,1.6687691093875368,2.613156237006237,2.0617070401211204,False
2014-10-16 18:00:00+00:00,1.4413631719711153,1.6848958939708942,1.6081602195306584,False
2014-10-16 18:30:00+00:00,1.1779466167424444,1.367683367983368,1.3007844057532172,False
2014-10-16 19:00:00+00:00,1.3481673174645623,1.5289198284823289,1.3427329295987886,False
2014-10-16 19:30:00+00:00,1.3020104840866542,1.3834785343035343,1.25850234670704,False
2014-10-16 20:00:00+00:00,1.1779466167424444,1.1873732068607068,1.0792485995457983,False
2014-10-16 20:30:00+00:00,1.2275634394223054,1.2578317307692308,1.154735087055261,False
2014-10-16 21:00:00+00:00,1.2598313987697245,1.1814985187110187,1.2213035579106737,False
2014-10-16 21:30:00+00:00,1.223686226263707,1.183477312889813,1.0337118849356548,False
2014-10-16 22:00:00+00:00,1.19282037978069,1.1814985187110187,1.2723673353520062,False
2014-10-16 22:30:00+00:00,1.3523054827493983,1.2013258056133058,1.3389772142316425,False
2014-10-16 23:00:00+00:00,1.2239357849692432,1.1814985187110187,1.2069463285389856,False
2014-10-16 23:30:00+00:00,1.304509654987965,1.3417204261954263,1.129721120363361,False
2014-10-17 00:00:00+00:00,1.2349886065792994,1.207367203742204,1.1472609765329294,False
2014-10-17 00:30:00+00:00,1.3075749130783632,1.2387092255717256,1.1406189629068888,False
2014-10-17 01:00:00+00:00,1.193398234822145,1.1887465696465698,1.1381939061317183,False
2014-10-17 01:30:00+00:00,1.1948410270125702,1.1814985187110187,1.226670704012112,False
2014-10-17 02:00:00+00:00,1.3140602567531423,1.1874704002079004,1.1816427706283117,False
2014-10-17 02:30:00+00:00,1.4250229473121154,1.4149933991683992,1.1258352763058288,False
2014-10-17 03:00:00+00:00,1.3626125969510563,1.2999368243243243,1.25808955336866,False
2014-10-17 03:30:00+00:00,1.4540482214495856,1.5002527806652808,1.2011206661619986,False
2014-10-17 04:00:00+00:00,1.3152883926183472,1.6321895010395011,1.2545892505677516,False
2014-10-17 04:30:00+00:00,1.5823937683872693,1.297650155925156,1.3520169568508706,False
2014-10-17 05:00:00+00:00,1.425953998395293,1.2354792099792102,1.2847514761544283,False
2014-10-17 05:30:00+00:00,1.4097608184006418,1.1814985187110187,1.214888266464799,False
2014-10-17 06:00:00+00:00,1.335936079165552,1.290283653846154,1.2819852763058288,False
2014-10-17 06:30:00+00:00,1.2193635196576624,1.3618435810810812,1.3842001892505675,False
2014-10-17 07:00:00+00:00,1.1779466167424444,1.321350103950104,1.4000055261165782,False
2014-10-17 07:30:00+00:00,1.2322852901845411,1.4194847193347195,1.1816140045420136,False
2014-10-17 08:00:00+00:00,1.2652724792725327,1.597910576923077,1.236423959121877,False
2014-10-17 08:30:00+00:00,1.502925568333779,1.4359019230769232,1.548658402725208,False
2014-10-17 09:00:00+00:00,1.6684857181064456,2.0484373440748445,2.22050117335352,False
2014-10-17 09:30:00+00:00,2.7290774538646696,3.854170114345115,4.086807418622255,False
2014-10-17 10:00:00+00:00,3.824573602567531,5.701780483367984,5.970646858440574,False
2014-10-17 10:30:00+00:00,5.4711346616742444,7.023710654885655,6.933679863739592,False
2014-10-17 11:00:00+00:00,6.21883559775341,8.68733497920998,7.866615707797123,False
2014-10-17 11:30:00+00:00,6.394413800481412,10.257734615384615,9.719365215745649,False
2014-10-17 12:00:00+00:00,4.236311874832843,10.23535977130977,9.812596669190008,False
2014-10-17 12:30:00+00:00,7.281884300615138,9.564098986486488,10.748429788039363,False
2014-10-17 13:00:00+00:00,7.0908744851564585,10.408069334719334,9.856110105980315,False
2014-10-17 13:30:00+00:00,5.8324997058036905,9.440681211018711,9.971996214988645,False
2014-10-17 14:00:00+00:00,6.899952340197913,9.10268329002079,9.096704844814534,False
2014-10-17 14:30:00+00:00,6.294554212356245,8.78283097713098,7.177314004542014,False
2014-10-17 15:00:00+00:00,5.742461700989569,8.19928685031185,7.477745647236941,False
2014-10-17 15:30:00+00:00,4.365731987162343,6.038052494802495,6.067950416351248,False
2014-10-17 16:00:00+00:00,3.3329192029954533,5.187914656964657,4.440682210446632,False
2014-10-17 16:30:00+00:00,2.049800454667023,3.489834693347193,2.303783232399697,False
2014-10-17 17:00:00+00:00,1.4699053757689222,2.039830275467776,1.2439023088569263,False
2014-10-17 17:30:00+00:00,1.3895703931532497,2.0193696985446983,1.0848368281604843,False
2014-10-17 18:00:00+00:00,1.487473816528483,1.627468762993763,1.2495012490537472,False
2014-10-17 18:30:00+00:00,1.1779466167424444,1.304656470893971,1.1152877744133232,False
2014-10-17 19:00:00+00:00,1.211015030756887,1.5891676715176717,1.3247992051476152,False
2014-10-17 19:30:00+00:00,1.294516902915218,1.356092073804574,1.3318731264193793,False
2014-10-17 20:00:00+00:00,1.1807953463492913,1.2624008835758838,1.0628483345950035,False
2014-10-17 20:30:00+00:00,1.182883765712757,1.2120701663201665,1.101327100681302,False
2014-10-17 21:00:00+00:00,1.2114381385397166,1.218753638253638,1.0130448145344435,False
2014-10-17 21:30:00+00:00,1.2483538379245789,1.3695254677754678,1.0263026873580618,False
2014-10-17 22:00:00+00:00,1.2396599090665954,1.1814985187110187,1.065743754731264,False
2014-10-17 22:30:00+00:00,1.2052979673709547,1.279437084199584,1.1640179788039362,False
2014-10-17 23:00:00+00:00,1.3220108050280823,1.183312681912682,1.0687003028009083,False
2014-10-17 23:30:00+00:00,1.2663193099759291,1.1814985187110187,1.0309495079485238,False
2014-10-18 00:00:00+00:00,1.2010480074886334,1.1814985187110187,1.0872547691143073,False
2014-10-18 00:30:00+00:00,1.2091169296603368,1.2121725831600834,1.0608859197577591,False
2014-10-18 01:00:00+00:00,1.283043995720781,1.294221413721414,1.0558651778955337,False
2014-10-18 01:30:00+00:00,1.2292651243648034,1.1821889033264037,1.1405253974261922,False
2014-10-18 02:00:00+00:00,1.2704257288044931,1.1926164241164243,1.0990750189250569,False
2014-10-18 02:30:00+00:00,1.2510531960417224,1.2894305093555094,1.1156130961392885,False
2014-10-18 03:00:00+00:00,1.1779466167424444,1.2041921777546778,1.1157534065102197,False
2014-10-18 03:30:00+00:00,1.1857886868146563,1.2086442307692309,1.0719386071158212,False
2014-10-18 04:00:00+00:00,1.1779466167424444,1.2717109147609147,1.0648456472369416,False
2014-10-18 04:30:00+00:00,1.235081412142284,1.2467079002079002,1.104639212717638,False
2014-10-18 05:00:00+00:00,1.2087431398769726,1.1814985187110187,1.1639520817562452,False
2014-10-18 05:30:00+00:00,1.21553912810912,1.2255117203742203,1.121895609386828,False
2014-10-18 06:00:00+00:00,1.2058600427921904,1.3579035862785864,1.153647918243755,False
2014-10-18 06:30:00+00:00,1.1826952661139345,1.4748927754677756,1.0512926192278575,False
2014-10-18 07:00:00+00:00,1.1779466167424444,1.5302976091476093,1.0474353141559425,False
2014-10-18 07:30:00+00:00,1.2227554426317198,1.8172787162162165,1.0655038228614684,False
2014-10-18 08:00:00+00:00,1.196349398234822,1.808267567567568,1.3039193414080243,False
2014-10-18 08:30:00+00:00,2.5844855576357317,3.575913591476092,2.512743641180923,False
2014-10-18 09:00:00+00:00,4.154412891147365,4.80389734927235,4.902073050719151,False
2014-10-18 09:30:00+00:00,4.619234929125434,6.349587110187111,6.093617183951552,False
2014-10-18 10:00:00+00:00,5.263696095212624,7.4503491424116435,7.098090651021953,False
2014-10-18 10:30:00+00:00,5.603840866541856,8.291313435550936,7.354790764572293,False
2014-10-18 11:00:00+00:00,6.103739208344477,8.593569464656964,8.21325276305829,False
2014-10-18 11:30:00+00:00,6.079986734420968,8.07844488045738,9.049495268735804,False
2014-10-18 12:00:00+00:00,4.085251243648035,10.258186824324325,10.073658364875095,False
2014-10-18 12:30:00+00:00,7.0669147098154586,9.730735810810812,10.353368584405752,False
2014-10-18 13:00:00+00:00,6.5759818935544265,10.649164656964658,11.322135995457986,False
2014-10-18 13:30:00+00:00,4.303518079700455,10.437279054054056,10.206861771385311,False
2014-10-18 14:00:00+00:00,6.299633779085317,8.630105223492725,9.404861922785768,False
2014-10-18 14:30:00+00:00,4.963334313987697,8.24133555093555,8.360353482210446,False
2014-10-18 15:00:00+00:00,5.544950307568869,7.972894074844076,8.823960635881907,False
2014-10-18 15:30:00+00:00,4.334058384594812,6.966383601871103,6.736731339894019,False
2014-10-18 16:00:00+00:00,3.2300918694838194,5.131344672557173,4.6105190007570025,False
2014-10-18 16:30:00+00:00,1.9657095480074884,3.685582094594595,2.4884,False
2014-10-18 17:00:00+00:00,1.4903972452527414,2.325042515592516,1.872361355034065,False
2014-10-18 17:30:00+00:00,1.326428430061514,2.151984589397089,1.3115230128690385,False
2014-10-18 18:00:00+00:00,1.1779466167424444,1.9233650727650728,1.316964647993944,False
2014-10-18 18:30:00+00:00,1.1779466167424444,1.6227761174636175,1.350460333080999,False
2014-10-18 19:00:00+00:00,1.1843726397432468,1.5607964916839918,1.2517161619984862,False
2014-10-18 19:30:00+00:00,1.196359454399572,1.7818696205821207,1.077123467070401,False
2014-10-18 20:00:00+00:00,1.1788985825086922,1.8167785602910604,1.0707401968205903,False
2014-10-18 20:30:00+00:00,1.1827861460283495,1.563825441787942,1.0959087812263435,False
2014-10-18 21:00:00+00:00,1.270124525274137,1.2580036642411645,1.1481800908402724,False
2014-10-18 21:30:00+00:00,1.3751669430328963,1.3017509095634097,1.2326824375473129,False
2014-10-18 22:00:00+00:00,1.25658315057502,1.2764409043659044,1.0585955715367146,False
2014-10-18 22:30:00+00:00,1.2059414281893557,1.230943788981289,1.2375691521574563,False
2014-10-18 23:00:00+00:00,1.223715271462958,1.1814985187110187,1.0387881907645722,False
2014-10-18 23:30:00+00:00,1.2488365070874563,1.2013258056133058,1.0274306207418622,False
2014-10-19 00:00:00+00:00,1.2834400909334047,1.1814985187110187,1.0482374716124148,False
2014-10-19 00:30:00+00:00,1.25545624498529,1.1814985187110187,1.2017699848599546,False
2014-10-19 01:00:00+00:00,1.2537857715966836,1.1814985187110187,1.0157138531415597,False
2014-10-19 01:30:00+00:00,1.1850259695105645,1.1814985187110187,1.108018584405753,False
2014-10-19 02:00:00+00:00,1.3114127574217709,1.21469158004158,1.1663747161241482,False
2014-10-19 02:30:00+00:00,1.2303438085049478,1.20326288981289,1.0890048448145344,False
2014-10-19 03:00:00+00:00,1.2008737362931263,1.1887494282744282,1.093520287660863,False
2014-10-19 03:30:00+00:00,1.2330006151377373,1.1858924636174637,1.3090121498864495,False
2014-10-19 04:00:00+00:00,1.3247377641080502,1.2605284043659044,1.2593321347464042,False
2014-10-19 04:30:00+00:00,1.2975789248462155,1.4078341995841996,1.1517448902346707,False
2014-10-19 05:00:00+00:00,1.274018828563787,1.3691810810810812,1.1293014004542012,False
2014-10-19 05:30:00+00:00,1.3223844878309707,1.34923724012474,1.4990014004542012,False
2014-10-19 06:00:00+00:00,1.4723642417758758,1.5086621101871105,1.4358140045420134,False
2014-10-19 06:30:00+00:00,1.3613093340465363,2.3521371881496886,1.979089629068887,False
2014-10-19 07:00:00+00:00,3.328425728804493,3.932356600831601,3.1447484481453443,False
2014-10-19 07:30:00+00:00,3.7422054025140414,4.966106081081081,4.563827517032551,False
2014-10-19 08:00:00+00:00,3.1070325755549613,5.51625958939709,4.78425639666919,False
2014-10-19 08:30:00+00:00,5.331763198716234,7.37867985966736,6.862516578349734,False
2014-10-19 09:00:00+00:00,5.55458587857716,7.814873778586279,7.643418243754731,False
2014-10-19 09:30:00+00:00,5.715329687082106,8.444800155925156,8.027741824375473,False
2014-10-19 10:00:00+00:00,5.528874886333243,8.38672273908524,8.209832588947766,False
2014-10-19 10:30:00+00:00,5.697033538379245,8.71659041060291,8.131137358062073,False
2014-10-19 11:00:00+00:00,6.071341882856378,9.359945867983368,7.923491975775927,False
2014-10-19 11:30:00+00:00,5.837357314790051,9.282471855509357,9.7457184330053,False
2014-10-19 12:00:00+00:00,5.388162690558973,10.160222635135137,11.889358894776684,False
2014-10-19 12:30:00+00:00,6.4493267986092535,9.877194490644492,11.740699280847842,False
2014-10-19 13:00:00+00:00,6.197869216368012,10.652904261954262,10.900175889477667,False
2014-10-19 13:30:00+00:00,5.831309735223322,10.122864734927235,9.546134935654806,False
2014-10-19 14:00:00+00:00,4.582402433805831,8.165182094594595,7.863682475397425,False
2014-10-19 14:30:00+00:00,4.90794212356245,8.307601065488566,7.899598183194547,False
2014-10-19 15:00:00+00:00,4.994228189355443,8.420027234927236,7.021736298258895,False
2014-10-19 15:30:00+00:00,4.739005054827493,7.227066943866944,6.495270022710067,False
2014-10-19 16:00:00+00:00,3.8245414549344745,6.294960057172558,5.583714647993944,False
2014-10-19 16:30:00+00:00,2.772724765980209,4.548604573804575,3.769708819076457,False
2014-10-19 17:00:00+00:00,1.4718453597218506,3.2474102910602918,2.076826078728236,False
2014-10-19 17:30:00+00:00,1.4728970312917893,2.464893295218295,1.8029433005299016,False
2014-10-19 18:00:00+00:00,1.2916754747258623,2.0531248180873183,1.3519426570779711,False
2014-10-19 18:30:00+00:00,1.1792584648301685,2.124451949064449,1.2773980696442089,False
2014-10-19 19:00:00+00:00,1.1866598020861194,1.5171867203742206,1.3048137395912187,False
2014-10-19 19:30:00+00:00,1.245833779085317,1.7375950363825368,1.3340296744890234,False
2014-10-19 20:00:00+00:00,1.384815244717839,2.1054281444906446,1.416826078728236,False
2014-10-19 20:30:00+00:00,1.1779466167424444,1.2875219074844075,1.3227875094625283,False
2014-10-19 21:00:00+00:00,1.2291962021930998,1.673081522869023,1.1517547691143073,False
2014-10-19 21:30:00+00:00,1.2856911741107246,1.250590722453223,1.322676003028009,False
2014-10-19 22:00:00+00:00,1.2213490505482751,1.681058861746362,1.1664482588947769,False
2014-10-19 22:30:00+00:00,1.2675833110457342,1.4172394230769232,1.2711474261922784,False
2014-10-19 23:00:00+00:00,1.4129245787643756,1.2653136694386695,1.0756191143073428,False
2014-10-19 23:30:00+00:00,1.340518641347954,1.2550076923076925,1.4801795230885693,False
2014-10-20 00:00:00+00:00,1.228107515378443,1.3201637733887737,1.3703592354277063,False
2014-10-20 00:30:00+00:00,1.1826745119015778,1.1814985187110187,1.536742997728993,False
2014-10-20 01:00:00+00:00,1.282061219577427,1.201023102910603,1.4927331566994702,False
2014-10-20 01:30:00+00:00,1.3206681733083712,1.197910888773389,1.2645015518546554,False
2014-10-20 02:00:00+00:00,1.2910600962824286,1.5354953742203743,1.3101472369417106,False
2014-10-20 02:30:00+00:00,1.3373709280556298,1.3584132536382538,1.2814904239212717,False
2014-10-20 03:00:00+00:00,1.1779466167424444,1.3388869282744285,1.458264307342922,False
2014-10-20 03:30:00+00:00,1.2031353570473389,1.343083783783784,1.5527754731264192,False
2014-10-20 04:00:00+00:00,1.1779466167424444,1.30392525987526,1.4440052611657834,False
2014-10-20 04:30:00+00:00,1.1779466167424444,1.284266891891892,1.5130595760787282,False
2014-10-20 05:00:00+00:00,1.2789769724525273,1.371906496881497,1.6826739591218771,False
2014-10-20 05:30:00+00:00,1.1779466167424444,1.310637551975052,1.7854777441332323,False
2014-10-20 06:00:00+00:00,1.9211455736828031,2.4609121361746364,1.9232357305071912,False
2014-10-20 06:30:00+00:00,2.6546816795934745,4.003777962577964,3.176014912944739,False
2014-10-20 07:00:00+00:00,2.7848667023268256,4.293031237006237,3.5617347085541256,False
2014-10-20 07:30:00+00:00,3.643421075153784,5.568327130977131,4.983561165783497,False
2014-10-20 08:00:00+00:00,2.6744240706071145,5.571906834719335,5.572129447388341,False
2014-10-20 08:30:00+00:00,4.226799786039048,6.779144828482329,7.154870779712339,False
2014-10-20 09:00:00+00:00,5.316250521529821,7.313182562370064,7.773662944738834,False
2014-10-20 09:30:00+00:00,5.285874752607649,7.957631886694387,7.795328311884935,False
2014-10-20 10:00:00+00:00,4.789674966568601,8.675148310810812,7.180955601816804,False
2014-10-20 10:30:00+00:00,5.091646937683873,7.707534355509356,7.524780999242997,False
2014-10-20 11:00:00+00:00,5.168167183738968,8.677596257796258,8.00239424678274,False
2014-10-20 11:30:00+00:00,5.4886703931532494,8.918752338877338,8.616560181680544,False
2014-10-20 12:00:00+00:00,5.0923061781224925,8.580680795218296,9.254722028766086,False
2014-10-20 12:30:00+00:00,4.975582936614068,9.104506444906448,9.341538152914458,False
2014-10-20 13:00:00+00:00,4.789946643487563,10.250445556133055,9.644630204390612,False
2014-10-20 13:30:00+00:00,6.359209120085584,9.403219464656964,8.228729712339137,False
2014-10-20 14:00:00+00:00,5.43098994383525,8.58211774948025,8.392927138531416,False
2014-10-20 14:30:00+00:00,5.303914656325221,8.255501481288983,8.384780242240726,False
2014-10-20 15:00:00+00:00,4.513648060978871,7.050752520790023,7.0104427327781975,False
2014-10-20 15:30:00+00:00,4.311910992243916,6.144932458419959,6.369400302800908,False
2014-10-20 16:00:00+00:00,3.16279457074084,5.09777001039501,4.458910257380771,False
2014-10-20 16:30:00+00:00,1.5984305964161538,3.3576873180873186,2.811968849356548,False
2014-10-20 17:00:00+00:00,1.7571825889275206,2.2612696205821208,1.859645533686601,False
2014-10-20 17:30:00+00:00,1.2735782829633593,2.108957224532225,1.6825676003028007,False
2014-10-20 18:00:00+00:00,1.1779466167424444,2.141965306652807,1.3823899697199094,False
2014-10-20 18:30:00+00:00,1.2326810912008557,1.9001721413721413,1.3170457986373958,False
2014-10-20 19:00:00+00:00,1.2418155121690293,1.781153040540541,1.2260795987887962,False
2014-10-20 19:30:00+00:00,1.243442524739235,1.469058393970894,1.2207562452687355,False
2014-10-20 20:00:00+00:00,1.2573943567798878,1.4818161642411645,1.3378478803936409,False
2014-10-20 20:30:00+00:00,1.20476956405456,1.2587743503118505,1.048502006056018,False
2014-10-20 21:00:00+00:00,1.2587545332976733,1.5932699584199588,1.1144876608629826,False
2014-10-20 21:30:00+00:00,1.2444098422037977,1.2864017151767155,1.1685124148372446,False
2014-10-20 22:00:00+00:00,1.1779466167424444,1.2759468555093556,1.0627314155942469,False
2014-10-20 22:30:00+00:00,1.2671713559775342,1.5008365644490649,1.0950822861468583,False
2014-10-20 23:00:00+00:00,1.1779466167424444,1.4468474012474015,1.0037027252081756,False
2014-10-20 23:30:00+00:00,1.2207697780155122,1.204231237006237,1.0658373202119606,False
2014-10-21 00:00:00+00:00,1.2081312917892486,1.1949981029106032,0.9964490537471612,False
2014-10-21 00:30:00+00:00,1.2231720513506286,1.2123422817047818,1.0606799772899318,False
2014-10-21 01:00:00+00:00,1.201295453329767,1.1814985187110187,1.0847441332323997,False
2014-10-21 01:30:00+00:00,1.3195588392618347,1.2569561330561332,1.0272415972747917,False
2014-10-21 02:00:00+00:00,1.2247279486493714,1.221537837837838,1.0622896669190007,False
2014-10-21 02:30:00+00:00,1.2500624498529018,1.236672972972973,1.0052423921271765,False
2014-10-21 03:00:00+00:00,1.296359641615405,1.1814985187110187,1.1899711582134749,False
2014-10-21 03:30:00+00:00,1.1986779352768122,1.2310602910602912,1.1739179031037092,False
2014-10-21 04:00:00+00:00,1.2481134795399838,1.1887050935550938,1.2357645344436032,False
2014-10-21 04:30:00+00:00,1.227813773736293,1.1814985187110187,1.1772406888720666,False
2014-10-21 05:00:00+00:00,1.2372902112864403,1.3336859667359668,1.037046971990916,False
2014-10-21 05:30:00+00:00,1.1862280556298477,1.1814985187110187,1.0826623769871309,False
2014-10-21 06:00:00+00:00,1.329618534367478,1.428333367983368,1.6141972369417106,False
2014-10-21 06:30:00+00:00,1.7913552286707677,2.8739621361746366,2.292580961392884,False
2014-10-21 07:00:00+00:00,2.7651955335651244,4.223972895010395,4.0470539364118086,False
2014-10-21 07:30:00+00:00,2.3989304092003207,4.659131211018711,4.313877138531415,False
2014-10-21 08:00:00+00:00,2.8974437550147094,5.134704937629938,5.09385715367146,False
2014-10-21 08:30:00+00:00,4.8989044396897565,6.140155613305614,6.1161760408781225,False
2014-10-21 09:00:00+00:00,4.627057234554694,6.729930015592517,6.672994890234671,False
2014-10-21 09:30:00+00:00,4.742344824819471,7.997439371101872,7.067223429220286,False
2014-10-21 10:00:00+00:00,5.325808611928323,7.761482354469854,7.797999772899317,False
2014-10-21 10:30:00+00:00,5.108710403851297,8.452234563409563,7.576458705526116,False
2014-10-21 11:00:00+00:00,5.395422599625568,8.794211798336798,7.805049621498864,False
2014-10-21 11:30:00+00:00,5.436633458143889,8.817815592515593,8.437116994700983,False
2014-10-21 12:00:00+00:00,5.261566702326825,9.161971725571728,7.8727518925056765,False
2014-10-21 12:30:00+00:00,4.805343300347686,9.806371985446988,9.69961109008327,False
2014-10-21 13:00:00+00:00,3.761092511366676,9.943416086278589,8.476506775170325,False
2014-10-21 13:30:00+00:00,6.256593714897032,9.411319802494804,8.463759992429976,False
2014-10-21 14:00:00+00:00,4.720463385932067,8.607750363825366,8.80327505677517,False
2014-10-21 14:30:00+00:00,5.042339368815192,7.597604521829522,6.918164647993943,False
2014-10-21 15:00:00+00:00,4.600344049211019,7.613451455301455,7.178504087812264,False
2014-10-21 15:30:00+00:00,4.658130890612463,6.829623492723493,6.164404428463285,False
2014-10-21 16:00:00+00:00,2.7056786306499063,5.8300493243243245,4.688207077971233,False
2014-10-21 16:30:00+00:00,2.182812891147365,3.9361742723492728,2.725630582891749,False
2014-10-21 17:00:00+00:00,1.6718399839529283,2.705857094594595,1.5346597653292957,False
2014-10-21 17:30:00+00:00,1.25765924043862,2.4769291839916843,1.4699624148372443,False
2014-10-21 18:00:00+00:00,1.214505242043327,2.258563227650728,1.6062191521574565,False
2014-10-21 18:30:00+00:00,1.4756687617009896,1.8661777286902288,1.3458897804693413,False
2014-10-21 19:00:00+00:00,1.1803242310778284,1.8367519750519756,1.1679749810749431,False
2014-10-21 19:30:00+00:00,1.342861487028617,2.049830821205821,1.2233459878879638,False
2014-10-21 20:00:00+00:00,1.2147381920299545,1.5718125,1.161978349735049,False
2014-10-21 20:30:00+00:00,1.2253961487028615,1.615172349272349,1.2976551854655562,False
2014-10-21 21:00:00+00:00,1.3312222786841403,1.229042125779626,1.1355161998485996,False
2014-10-21 21:30:00+00:00,1.229735544263172,1.2756688669438672,1.0633510219530655,False
2014-10-21 22:00:00+00:00,1.214420593741642,1.260127390852391,1.0837357305071913,False
2014-10-21 22:30:00+00:00,1.1779466167424444,1.252173804573805,1.1117265707797122,False
2014-10-21 23:00:00+00:00,1.1987962021930996,1.2954135654885657,1.0142986752460257,False
2014-10-21 23:30:00+00:00,1.1963147365605775,1.4457174376299378,1.072490234670704,False
2014-10-22 00:00:00+00:00,1.2592926450922706,1.276753924116424,1.1171860333080998,False
2014-10-22 00:30:00+00:00,1.1988602567531426,1.2857886694386695,1.1483238455715368,False
2014-10-22 01:00:00+00:00,1.183059454399572,1.1885279365904369,1.0302607872823617,False
2014-10-22 01:30:00+00:00,1.1779466167424444,1.183370816008316,1.262843679031037,False
2014-10-22 02:00:00+00:00,1.230660818400642,1.4922914241164242,1.0462747161241484,False
2014-10-22 02:30:00+00:00,1.3067189890345012,1.2833455041580044,1.0495569644208933,False
2014-10-22 03:00:00+00:00,1.3880465632522063,1.3891780665280666,1.0861889099167297,False
2014-10-22 03:30:00+00:00,1.2592500133725597,1.4136761174636177,1.0600347464042392,False
2014-10-22 04:00:00+00:00,1.1779466167424444,1.3980082120582122,1.0222137395912188,False
2014-10-22 04:30:00+00:00,1.272352661139342,1.4902553014553015,1.2248390613171838,False
2014-10-22 05:00:00+00:00,1.3304608718908797,1.8153537422037425,1.1302784632853895,False
2014-10-22 05:30:00+00:00,1.1834344477132923,1.7221168659043662,1.101416086298259,False
2014-10-22 06:00:00+00:00,1.2209012302754747,1.4780551715176715,1.0661054504163512,False
2014-10-22 06:30:00+00:00,1.4490656057769458,2.15466288981289,1.78763315669947,False
2014-10-22 07:00:00+00:00,2.77548751002942,4.331527027027027,3.32517323996972,False
2014-10-22 07:30:00+00:00,2.854016929660337,4.703441735966736,4.801975662376987,False
2014-10-22 08:00:00+00:00,2.524370821075154,5.546349142411643,5.611653217259652,False
2014-10-22 08:30:00+00:00,4.568777667825621,6.315891476091477,6.221292013626041,False
2014-10-22 09:00:00+00:00,4.646887991441562,7.055629911642412,6.303746934140802,False
2014-10-22 09:30:00+00:00,5.004579192297406,7.47839113825364,7.019543338380014,False
2014-10-22 10:00:00+00:00,4.5662434608184,8.055547843035344,7.436624224072671,False
2014-10-22 10:30:00+00:00,5.011396389408933,8.17949300935551,7.787591029523088,False
2014-10-22 11:00:00+00:00,4.962904707140947,8.402078352390852,7.567967373202118,False
2014-10-22 11:30:00+00:00,5.370711232949986,8.003409537422037,9.29118039364118,False
2014-10-22 12:00:00+00:00,4.1294360256753135,7.800018633056134,8.872267259651778,False
2014-10-22 12:30:00+00:00,5.657729553356512,9.49908045738046,8.01644882664648,False
2014-10-22 13:00:00+00:00,5.067381331906926,10.435366658004158,8.922303557910674,False
2014-10-22 13:30:00+00:00,6.249794383525007,9.84850038981289,8.107811847085541,False
2014-10-22 14:00:00+00:00,5.099009039850227,8.525960732848233,8.688932021196063,False
2014-10-22 14:30:00+00:00,5.307651136667558,7.848510732848234,7.3399917108251325,False
2014-10-22 15:00:00+00:00,4.527406445573682,7.964862214137214,7.069215064345193,False
2014-10-22 15:30:00+00:00,4.322193688151913,7.025658082120581,5.808070060560181,False
2014-10-22 16:00:00+00:00,2.985751725060177,5.82649566008316,4.459120968962906,False
2014-10-22 16:30:00+00:00,1.99230652580904,3.896237188149689,2.6141947388342164,False
2014-10-22 17:00:00+00:00,1.3151766247659802,2.8613248700623704,1.7355587055261164,False
2014-10-22 17:30:00+00:00,1.4167075153784434,2.6654044958419965,1.5114668433005298,False
2014-10-22 18:00:00+00:00,1.1833400106980476,2.095138695426196,1.498837093111279,False
2014-10-22 18:30:00+00:00,1.3560318534367477,2.1068861486486488,1.371787282361847,False
2014-10-22 19:00:00+00:00,1.1779466167424444,1.841675571725572,1.273423467070401,False
2014-10-22 19:30:00+00:00,1.1779466167424444,1.787692125779626,1.3259736941710822,False
2014-10-22 20:00:00+00:00,1.232266327895159,1.2179825363825365,1.2626042392127172,False
2014-10-22 20:30:00+00:00,1.1779466167424444,1.9329893970893972,1.127464383043149,False
2014-10-22 21:00:00+00:00,1.301245814388874,1.5571591216216218,1.0549306964420893,False
2014-10-22 21:30:00+00:00,1.356154105375769,1.343852390852391,1.085231529144587,False
2014-10-22 22:00:00+00:00,1.2254265044129449,1.6165179054054055,1.3002725586676758,False
2014-10-22 22:30:00+00:00,1.2659907461888205,1.284893529106029,1.24248838001514,False
2014-10-22 23:00:00+00:00,1.2298430596416154,1.2019538201663205,1.1629810749432248,False
2014-10-22 23:30:00+00:00,1.3395343139876972,1.287183627858628,1.095411279333838,False
2014-10-23 00:00:00+00:00,1.4115738432736025,1.4352911382536382,1.3330896669190004,False
2014-10-23 00:30:00+00:00,1.399691227600963,1.329706262993763,1.1984182437547313,False
2014-10-23 01:00:00+00:00,1.2571680395827762,1.2457061330561332,1.1732193792581376,False
2014-10-23 01:30:00+00:00,1.1950132120887935,1.242374714137214,1.223337433762301,False
2014-10-23 02:00:00+00:00,1.2180124632254614,1.1814985187110187,1.0416385692657075,False
2014-10-23 02:30:00+00:00,1.245148943567799,1.2219881496881495,1.046506131718395,False
2014-10-23 03:00:00+00:00,1.3275266381385398,1.3244780145530146,1.011933005299016,False
2014-10-23 03:30:00+00:00,1.246708264241776,1.3258883056133055,1.141136449659349,False
2014-10-23 04:00:00+00:00,1.2989620219309974,1.2727013773388771,1.246918433005299,False
2014-10-23 04:30:00+00:00,1.327586520460016,1.296283783783784,1.2467155185465555,False
2014-10-23 05:00:00+00:00,1.3791334848890078,1.553031860706861,1.1444061317183951,False
2014-10-23 05:30:00+00:00,1.365774378175983,2.005333575883576,1.1400392884178652,False
2014-10-23 06:00:00+00:00,1.7979079433003475,2.4721154365904368,1.9923905374716124,False
2014-10-23 06:30:00+00:00,2.6372479807435143,4.415732848232849,4.085202119606359,False
2014-10-23 07:00:00+00:00,4.077090398502273,5.414863695426195,5.085808099924298,False
2014-10-23 07:30:00+00:00,2.794672800213961,5.895254755717256,5.999682286146858,False
2014-10-23 08:00:00+00:00,3.292928991709013,6.663846621621623,6.138633762301287,False
2014-10-23 08:30:00+00:00,5.01734156191495,7.011063643451142,6.969930734292203,False
2014-10-23 09:00:00+00:00,4.5817282161005615,7.431521803534305,7.331580090840272,False
2014-10-23 09:30:00+00:00,5.203078684140144,7.056334537422037,7.0430711203633605,False
2014-10-23 10:00:00+00:00,4.898742979406258,7.560984511434512,6.77478368660106,False
2014-10-23 10:30:00+00:00,5.221616073816529,8.024198804573805,7.187526646479939,False
2014-10-23 11:00:00+00:00,5.305268574485156,7.593854625779626,7.277517032551096,False
2014-10-23 11:30:00+00:00,5.448719951858785,6.759055795218296,7.558541862225586,False
2014-10-23 12:00:00+00:00,5.206908371222252,7.692811616424118,8.265125056775169,False
2014-10-23 12:30:00+00:00,4.876388767050013,9.033469984407484,7.853971347464042,False
2014-10-23 13:00:00+00:00,5.891972773468842,8.779021127858629,7.453229106737321,False
2014-10-23 13:30:00+00:00,4.541546884193634,6.950812525987526,6.714361317183951,False
2014-10-23 14:00:00+00:00,3.8124730944102714,6.019285758835759,5.836079371688114,False
2014-10-23 14:30:00+00:00,4.189902032629045,6.578956081081081,5.8151609386828165,False
2014-10-23 15:00:00+00:00,5.092059989301952,6.973666865904367,6.235176078728236,False
2014-10-23 15:30:00+00:00,4.19065354372827,6.583586434511435,6.184461317183951,False
2014-10-23 16:00:00+00:00,3.299916154051885,5.601813253638254,4.554476078728236,False
2014-10-23 16:30:00+00:00,2.2027426049745924,4.24055311850312,2.845942278576836,False
2014-10-23 17:00:00+00:00,1.1857994918427388,2.737204807692308,1.6058736941710825,False
2014-10-23 17:30:00+00:00,1.3364836587322813,3.070162551975052,1.7716683951551857,False
2014-10-23 18:00:00+00:00,1.21088125167157,2.1790510914760914,1.36091684330053,False
2014-10-23 18:30:00+00:00,1.3471247659802086,2.131997713097713,1.2355375851627557,False
2014-10-23 19:00:00+00:00,1.2289265311580635,1.2569852130977133,1.4165059424678272,False
2014-10-23 19:30:00+00:00,1.2544903450120353,1.3547151247401248,1.0954386449659348,False
2014-10-23 20:00:00+00:00,1.5554497459213692,1.7478039241164245,1.1181788796366388,False
2014-10-23 20:30:00+00:00,1.2147121957742713,1.3125640072765077,1.1364471990915972,False
2014-10-23 21:00:00+00:00,1.1779466167424444,1.428854807692308,1.0833642316426948,False
2014-10-23 21:30:00+00:00,1.1779466167424444,1.1814985187110187,1.2106574943224828,False
2014-10-23 22:00:00+00:00,1.185637202460551,1.7188099012474012,1.012686790310371,False
2014-10-23 22:30:00+00:00,1.4554755817063385,1.536726949064449,1.0707457229371686,False
2014-10-23 23:00:00+00:00,1.1779466167424444,1.1814985187110187,1.0130024981074943,False
2014-10-23 23:30:00+00:00,1.1802354372826958,1.1939908523908525,1.0015006056018168,False
2014-10-24 00:00:00+00:00,1.249862851029687,1.376150337837838,1.0072152914458743,False
2014-10-24 00:30:00+00:00,1.235917437817598,1.2345595374220375,1.0024695685087055,False
2014-10-24 01:00:00+00:00,1.2390015512169028,1.244600233887734,1.2623988644965936,False
2014-10-24 01:30:00+00:00,1.2036982615672638,1.1814985187110187,1.0389736184708551,False
2014-10-24 02:00:00+00:00,1.465601551216903,1.542042307692308,1.105831869795609,False
2014-10-24 02:30:00+00:00,1.181590050815726,1.1814985187110187,1.0488385692657076,False
2014-10-24 03:00:00+00:00,1.1949282695908,1.3154216476091476,1.0186968584405751,False
2014-10-24 03:30:00+00:00,1.3506451457608986,1.5071411122661122,1.0037027252081756,False
2014-10-24 04:00:00+00:00,1.2318299812784168,1.4954319646569647,1.2424940575321726,False
2014-10-24 04:30:00+00:00,1.227278042257288,1.6301350831600832,1.197339477668433,False
2014-10-24 05:00:00+00:00,1.422427467237229,1.7694167619542618,1.0677879258137772,False
2014-10-24 05:30:00+00:00,1.3021906659534634,1.7504139033264032,1.2917338758516277,False
2014-10-24 06:00:00+00:00,1.379728590532228,2.1596445945945946,1.4378308478425434,False
2014-10-24 06:30:00+00:00,1.8181305696710348,3.5415806133056136,2.742646555639667,False
2014-10-24 07:00:00+00:00,3.521745680663279,4.274711018711019,3.99008656320969,False
2014-10-24 07:30:00+00:00,2.5119666220914683,5.7214129937629945,5.456250794852384,False
2014-10-24 08:00:00+00:00,2.7986408397967373,6.919873570686071,5.709123807721422,False
2014-10-24 08:30:00+00:00,4.29594645627173,6.281294412681913,6.803282702498107,False
2014-10-24 09:00:00+00:00,4.814337683872694,6.978573336798338,6.768094814534443,False
2014-10-24 09:30:00+00:00,5.286908665418561,6.957322089397088,6.811209538228614,False
2014-10-24 10:00:00+00:00,4.7519699652313445,8.045216372141374,7.321349810749433,False
2014-10-24 10:30:00+00:00,5.161443674779353,8.449284901247403,7.401948069644208,False
2014-10-24 11:00:00+00:00,5.623097352233217,8.793512655925158,8.01738455715367,False
2014-10-24 11:30:00+00:00,5.807180235357047,7.92495402806653,7.80155692657078,False
2014-10-24 12:00:00+00:00,4.138617277346884,6.440641995841997,8.008754049962148,False
2014-10-24 12:30:00+00:00,5.233825461353303,10.234342723492723,7.734818433005299,False
2014-10-24 13:00:00+00:00,5.866012516715699,9.43881133056133,7.584174905374716,False
2014-10-24 13:30:00+00:00,5.3517081840064185,8.608146101871103,7.137977479182437,False
2014-10-24 14:00:00+00:00,4.705419951858786,8.056980327442828,7.311961847085539,False
2014-10-24 14:30:00+00:00,4.401315110992244,8.030725935550937,5.025031604844815,False
2014-10-24 15:00:00+00:00,4.644892671837389,7.418827624740126,6.63732271006813,False
2014-10-24 15:30:00+00:00,3.2790744049211016,6.071603924116425,5.021921196063588,False
2014-10-24 16:00:00+00:00,3.2465648301684937,5.395651273388773,4.129975813777441,False
2014-10-24 16:30:00+00:00,1.362205081572613,3.546940930353431,2.2762282361847084,False
2014-10-24 17:00:00+00:00,1.681946830703397,2.477087785862786,1.2569138531415591,False
2014-10-24 17:30:00+00:00,1.4464645627173045,1.939662525987526,1.2793685465556397,False
2014-10-24 18:00:00+00:00,1.1779466167424444,2.060231366943867,1.2369727479182435,False
2014-10-24 18:30:00+00:00,1.202403316394758,1.8288040020790024,1.2476815291445873,False
2014-10-24 19:00:00+00:00,1.193543888740305,1.3398162941787943,1.0789097653292958,False
2014-10-24 19:30:00+00:00,1.200349050548275,1.7990664241164245,1.0959258137774412,False
2014-10-24 20:00:00+00:00,1.2753827493982348,1.3982032224532226,1.0935826646479938,False
2014-10-24 20:30:00+00:00,1.1779466167424444,1.3640068347193348,1.18728720666162,False
2014-10-24 21:00:00+00:00,1.1779466167424444,1.2899395010395012,1.067272558667676,False
2014-10-24 21:30:00+00:00,1.283250628510297,1.4775588357588358,1.0037027252081756,False
2014-10-24 22:00:00+00:00,1.1862976999197647,1.2236366164241164,1.237493527630583,False
2014-10-24 22:30:00+00:00,1.1816717838994384,1.205025311850312,1.1710425056775169,False
2014-10-24 23:00:00+00:00,1.1779466167424444,1.2931091735966735,1.0639772142316426,False
2014-10-24 23:30:00+00:00,1.1823267451190156,1.1814985187110187,1.0037027252081756,False
2014-10-25 00:00:00+00:00,1.1944197646429526,1.5845531704781706,1.051734935654807,False
2014-10-25 00:30:00+00:00,1.2415817598288312,1.2447141891891893,0.9955158591975776,False
2014-10-25 01:00:00+00:00,1.1953999465097618,1.5336993503118503,1.0037027252081756,False
2014-10-25 01:30:00+00:00,1.1779466167424444,1.4801733887733888,1.0531720287660862,False
2014-10-25 02:00:00+00:00,1.319522251939021,1.450946101871102,1.103078501135503,False
2014-10-25 02:30:00+00:00,1.1886709280556298,1.5449715696465698,1.0772582134746405,False
2014-10-25 03:00:00+00:00,1.1779466167424444,1.5947135135135135,1.0234135881907644,False
2014-10-25 03:30:00+00:00,1.1779466167424444,1.7452498440748443,1.1021177138531415,False
2014-10-25 04:00:00+00:00,1.2095763840599092,1.3845072765072766,1.2620805071915215,False
2014-10-25 04:30:00+00:00,1.1779466167424444,1.484456366943867,1.0715746782740347,False
2014-10-25 05:00:00+00:00,1.2062619149505216,1.5996304054054056,1.0037027252081756,False
2014-10-25 05:30:00+00:00,1.1779466167424444,1.7720890072765072,1.0695671839515517,False
2014-10-25 06:00:00+00:00,1.1779466167424444,1.226929132016632,1.0373575321725963,False
2014-10-25 06:30:00+00:00,1.5763613800481413,2.041654781704782,2.240764988644966,False
2014-10-25 07:00:00+00:00,2.753105081572613,4.18383393970894,3.461535919757759,False
2014-10-25 07:30:00+00:00,2.200861085851832,4.586279183991685,4.138262187736563,False
2014-10-25 08:00:00+00:00,3.3631943567798874,5.538340852390854,5.2484826646479945,False
2014-10-25 08:30:00+00:00,4.420692350895961,5.901542411642412,5.551713588190765,False
2014-10-25 09:00:00+00:00,4.31058232147633,6.055917801455301,5.504090651021953,False
2014-10-25 09:30:00+00:00,4.20936170098957,6.241364501039501,6.577545193035579,False
2014-10-25 10:00:00+00:00,2.8916950788981013,7.146513565488566,5.801199659348978,False
2014-10-25 10:30:00+00:00,4.460952794864937,7.462074428274429,6.885206472369417,False
2014-10-25 11:00:00+00:00,4.832500374431666,7.544142905405406,6.912602460257381,False
2014-10-25 11:30:00+00:00,5.895749424979941,7.600044620582122,7.894327744133232,False
2014-10-25 12:00:00+00:00,4.328725835784969,5.982859121621623,7.5030536336109,False
2014-10-25 12:30:00+00:00,4.638324097352234,9.401637889812893,6.696560673732021,False
2014-10-25 13:00:00+00:00,6.074399358117144,7.936395452182952,8.193689061317183,False
2014-10-25 13:30:00+00:00,5.222321369350094,8.923248830561331,6.78654436033308,False
2014-10-25 14:00:00+00:00,3.489390238031559,8.760475051975051,6.78148679031037,False
2014-10-25 14:30:00+00:00,3.902695025407864,7.035052754677756,6.48777036336109,False
2014-10-25 15:00:00+00:00,4.280566648836587,6.797087577962578,6.327501703255109,False
2014-10-25 15:30:00+00:00,3.816950521529821,6.0947637993763,5.432626078728235,False
2014-10-25 16:00:00+00:00,2.422197780155122,4.7151607848232855,3.62229894019682,False
2014-10-25 16:30:00+00:00,1.4338352500668627,3.2217608887733893,2.447982323996972,False
2014-10-25 17:00:00+00:00,1.2583791388071677,2.7778748700623703,1.4537016275548824,False
2014-10-25 17:30:00+00:00,1.1779466167424444,2.238902234927235,1.376970022710068,False
2014-10-25 18:00:00+00:00,1.4174502005883929,1.547994620582121,1.3977620741862224,False
2014-10-25 18:30:00+00:00,1.2278328697512704,1.3612840176715175,1.2873760030280088,False
2014-10-25 19:00:00+00:00,1.2715528216100562,1.5201474012474014,1.1308103709311128,False
2014-10-25 19:30:00+00:00,1.371499973254881,1.6684175935550931,1.5129134746404238,False
2014-10-25 20:00:00+00:00,1.3590821075153785,1.2682653846153848,1.1461102195306585,False
2014-10-25 20:30:00+00:00,1.2203489435677988,1.194224922037422,1.1861444360333078,False
2014-10-25 21:00:00+00:00,1.2327053490238031,1.5500964137214135,1.0037027252081756,False
2014-10-25 21:30:00+00:00,1.248718507622359,1.1814985187110187,1.0515585541256622,False
2014-10-25 22:00:00+00:00,1.232313827226531,1.7813332640332642,1.09764882664648,False
2014-10-25 22:30:00+00:00,1.1822838726932334,1.272038071725572,1.0701244511733536,False
2014-10-25 23:00:00+00:00,1.2058581171436211,1.1932384355509358,1.0037027252081756,False
2014-10-25 23:30:00+00:00,1.2735667825621824,1.4285454261954262,1.0037027252081756,False
2014-10-26 00:00:00+00:00,1.3309589997325488,1.1814985187110187,1.0037027252081756,False
2014-10-26 00:30:00+00:00,1.2055751805295534,1.1814985187110187,1.0323038985616957,False
2014-10-26 01:00:00+00:00,1.345910082909869,1.5310848752598756,1.0144172596517789,False
2014-10-26 01:30:00+00:00,1.2256241775875902,1.415012655925156,1.0342010598031794,False
2014-10-26 02:00:00+00:00,1.1779466167424444,1.2367229469854473,1.0078458743376228,False
2014-10-26 02:30:00+00:00,1.2050825621824015,1.4885935550935552,1.069554277062831,False
2014-10-26 03:00:00+00:00,1.1779466167424444,1.3188470114345114,1.1175959878879635,False
2014-10-26 03:30:00+00:00,1.198701791922974,1.187789527027027,1.017296366389099,False
2014-10-26 04:00:00+00:00,1.3151772131585986,1.2014949844074845,1.050403974261923,False
2014-10-26 04:30:00+00:00,1.1779466167424444,1.3972968295218295,1.066665745647237,False
2014-10-26 05:00:00+00:00,1.1862290986894892,1.5364695166320168,1.133564193792581,False
2014-10-26 05:30:00+00:00,1.1827893286975126,1.6873064449064452,1.0558242997728993,False
2014-10-26 06:00:00+00:00,1.2440682535437282,1.620118737006237,1.2073546555639665,False
2014-10-26 06:30:00+00:00,1.3103394490505482,1.8911869022869023,1.591630204390613,False
2014-10-26 07:00:00+00:00,1.5977197646429524,2.9262499220374223,2.095619909159727,False
2014-10-26 07:30:00+00:00,2.481917544798075,3.675559771309772,2.5788742619227856,False
2014-10-26 08:00:00+00:00,2.086729232415084,3.3755778846153848,3.13218485995458,False
2014-10-26 08:30:00+00:00,1.7459903717571543,4.728722557172557,4.638674034822103,False
2014-10-26 09:00:00+00:00,4.1414557368280285,5.922326351351352,5.061514837244512,False
2014-10-26 09:30:00+00:00,3.848872612998128,6.013279781704783,6.062055034065103,False
2014-10-26 10:00:00+00:00,4.543561487028617,6.890238877338878,5.98313209689629,False
2014-10-26 10:30:00+00:00,4.068754720513506,6.253969984407485,6.031803709311127,False
2014-10-26 11:00:00+00:00,4.532898047606311,7.092125961538461,6.5534850113550345,False
2014-10-26 11:30:00+00:00,6.010749291254346,8.271996907484409,7.912290840272521,False
2014-10-26 12:00:00+00:00,5.053180502808238,5.728355041580042,8.02732165026495,False
2014-10-26 12:30:00+00:00,3.980010617812249,5.998433004158004,7.286311544284632,False
2014-10-26 13:00:00+00:00,5.712409173575823,8.027509043659045,6.969130242240727,False
2014-10-26 13:30:00+00:00,5.932300374431666,8.623750077962578,6.757812452687357,False
2014-10-26 14:00:00+00:00,5.155978443434073,7.846318581081081,5.080954314912945,False
2014-10-26 14:30:00+00:00,4.154546028349826,6.663498830561332,6.135639061317183,False
2014-10-26 15:00:00+00:00,3.796493046269056,5.93753944906445,5.406147539742618,False
2014-10-26 15:30:00+00:00,3.7380307033966296,5.888325961538462,5.402624602573807,False
2014-10-26 16:00:00+00:00,2.515311206204868,5.303721881496881,3.893225775927328,False
2014-10-26 16:30:00+00:00,1.8034043327092808,3.819014397089398,2.534705601816805,False
2014-10-26 17:00:00+00:00,1.1779466167424444,2.4305699844074846,1.7725170325510975,False
2014-10-26 17:30:00+00:00,1.3852135330302218,2.6226497661122665,1.8223172975018924,False
2014-10-26 18:00:00+00:00,1.2325418828563788,2.299153612266113,1.3034299015897048,False
2014-10-26 18:30:00+00:00,1.2040602567531424,1.6756065228690231,1.2629530658591976,False
2014-10-26 19:00:00+00:00,1.1793101364001068,1.39517946985447,1.2119016275548826,False
2014-10-26 19:30:00+00:00,1.2551632254613534,1.6248969074844075,1.0475654806964418,False
2014-10-26 20:00:00+00:00,1.2799354640278149,1.4438384875259875,1.1493355034065105,False
2014-10-26 20:30:00+00:00,1.1779466167424444,1.4614655925155928,1.1158330431491292,False
2014-10-26 21:00:00+00:00,1.1965438352500668,1.4898786382536382,1.09129072672218,False
2014-10-26 21:30:00+00:00,1.1779466167424444,1.4485332120582122,1.2185794095382283,False
2014-10-26 22:00:00+00:00,1.2196518587857716,1.5643373700623702,1.1464168811506434,False
2014-10-26 22:30:00+00:00,1.2156478737630383,1.5747038981288983,1.0183683951551854,False
2014-10-26 23:00:00+00:00,1.193386092538112,1.45524643970894,1.0747383043149128,False
2014-10-26 23:30:00+00:00,1.2233845413212088,1.6006948804573806,0.9974554882664648,False
2014-10-27 00:00:00+00:00,1.1779466167424444,1.3784103430353432,1.0824224072672215,False
2014-10-27 00:30:00+00:00,1.1794771596683604,1.4483463357588358,1.0380842165026494,False
2014-10-27 01:00:00+00:00,1.1779466167424444,1.459654365904366,1.0037027252081756,False
2014-10-27 01:30:00+00:00,1.180127253276277,1.536481418918919,1.0422570779712337,False
2014-10-27 02:00:00+00:00,1.2149079967905856,1.642502053014553,1.0963492808478426,False
2014-10-27 02:30:00+00:00,1.3452905589729875,1.5705943347193347,1.0039485238455714,False
2014-10-27 03:00:00+00:00,1.1779466167424444,1.336183497920998,1.0167323618470854,False
2014-10-27 03:30:00+00:00,1.1834211286440224,1.3969310291060293,1.0200471612414836,False
2014-10-27 04:00:00+00:00,1.1779466167424444,1.398612603950104,1.0203605223315668,False
2014-10-27 04:30:00+00:00,1.1779466167424444,1.3136570686070688,1.0264668811506434,False
2014-10-27 05:00:00+00:00,1.1818063920834447,1.353408887733888,1.0037027252081756,False
2014-10-27 05:30:00+00:00,1.21240489435678,1.5744652286902288,0.9969809992429975,False
2014-10-27 06:00:00+00:00,1.2856454399572077,1.4422158264033265,0.98431514004542,False
2014-10-27 06:30:00+00:00,1.2016869216368014,1.4678139553014555,1.0778499242997728,False
2014-10-27 07:00:00+00:00,1.180984889007756,1.1814985187110187,1.0424833838001513,False
2014-10-27 07:30:00+00:00,1.1779466167424444,1.481309719334719,1.5598415594246782,False
2014-10-27 08:00:00+00:00,2.1312517785504146,3.9379140852390857,3.4230336109008324,False
2014-10-27 08:30:00+00:00,3.090438459481145,4.404554651767152,4.354297047691143,False
2014-10-27 09:00:00+00:00,3.8233881251671566,5.11157182952183,4.224390764572293,False
2014-10-27 09:30:00+00:00,3.860931051083177,5.452732432432432,5.426279031037093,False
2014-10-27 10:00:00+00:00,3.865688446108585,6.432639293139293,5.585017940953822,False
2014-10-27 10:30:00+00:00,4.241456405456004,6.790081626819127,6.200202119606358,False
2014-10-27 11:00:00+00:00,4.282381224926451,6.15008762993763,5.922053633610901,False
2014-10-27 11:30:00+00:00,5.399169751270393,8.039502494802495,6.721618660105979,False
2014-10-27 12:00:00+00:00,4.596366247659803,4.601228950103951,6.5709198334595,False
2014-10-27 12:30:00+00:00,4.602674030489436,5.551297323284824,7.123854617713853,False
2014-10-27 13:00:00+00:00,5.073930944102701,7.130740358627859,7.104555639666918,False
2014-10-27 13:30:00+00:00,4.96998288312383,7.67197351871102,6.88332452687358,False
2014-10-27 14:00:00+00:00,4.019309601497727,7.157612006237007,4.950019114307342,False
2014-10-27 14:30:00+00:00,4.723552928590532,6.715333601871102,5.8510993186979565,False
2014-10-27 15:00:00+00:00,3.590812730676652,5.917768451143452,5.749519871309614,False
2014-10-27 15:30:00+00:00,2.8878890879914416,5.290205769230769,4.281603898561695,False
2014-10-27 16:00:00+00:00,2.226547873763038,4.42765485966736,3.387755299015897,False
2014-10-27 16:30:00+00:00,1.6256655522867078,3.0985818607068607,2.3132755488266463,False
2014-10-27 17:00:00+00:00,1.2135361594009093,3.061899974012474,2.1790622255866765,False
2014-10-27 17:30:00+00:00,1.2198588392618348,1.886179755717256,1.8734781604844808,False
2014-10-27 18:00:00+00:00,1.25567662476598,1.883775883575884,1.3563771385314156,False
2014-10-27 18:30:00+00:00,1.1779466167424444,1.3906817827442828,1.2396694171082514,False
2014-10-27 19:00:00+00:00,1.3025400106980474,1.7876327702702706,1.1414107872823618,False
2014-10-27 19:30:00+00:00,1.1933655790318265,1.8108040540540544,1.1871174867524603,False
2014-10-27 20:00:00+00:00,1.3514058304359453,1.660036018711019,1.114842846328539,False
2014-10-27 20:30:00+00:00,1.3678586520460017,1.699870816008316,1.0001258894776683,False
2014-10-27 21:00:00+00:00,1.2188715966836052,1.5950934771309777,1.1657794852384558,False
2014-10-27 21:30:00+00:00,1.3140296335918695,1.899180171517672,1.127918357305072,False
2014-10-27 22:00:00+00:00,1.1779466167424444,1.5882474792099792,1.070066086298259,False
2014-10-27 22:30:00+00:00,1.1779466167424444,1.5225800675675678,1.0744942467827403,False
2014-10-27 23:00:00+00:00,1.1779466167424444,1.5417865904365906,1.0594802422407266,False
2014-10-27 23:30:00+00:00,1.1834079165552287,1.59225867983368,1.0854647615442845,False
2014-10-28 00:00:00+00:00,1.2216418293661406,1.5090550935550937,1.0429046934140802,False
2014-10-28 00:30:00+00:00,1.1779466167424444,1.744510524948025,1.0037027252081756,False
2014-10-28 01:00:00+00:00,1.264216742444504,1.7062702702702703,1.017579901589705,False
2014-10-28 01:30:00+00:00,1.224749104038513,1.4214935550935552,1.0037027252081756,False
2014-10-28 02:00:00+00:00,1.2605733618614603,1.7374367463617466,1.1484457229371687,False
2014-10-28 02:30:00+00:00,1.1791660604439689,1.5224010395010397,1.0399902725208174,False
2014-10-28 03:00:00+00:00,1.3566076491040384,1.5950329781704782,1.006496025738077,False
2014-10-28 03:30:00+00:00,1.2597647231880182,1.4768884615384616,1.0326518168054504,False
2014-10-28 04:00:00+00:00,1.2268592671837388,1.6594648648648649,1.0721507948523843,False
2014-10-28 04:30:00+00:00,1.2257049211018989,1.6290623700623703,1.0037027252081756,False
2014-10-28 05:00:00+00:00,1.229430542925916,1.791250987525988,1.106481642694928,False
2014-10-28 05:30:00+00:00,1.1818386734420967,1.5701268970893971,1.0037027252081756,False
2014-10-28 06:00:00+00:00,1.2101754479807434,1.2672168918918918,1.0711958743376229,False
2014-10-28 06:30:00+00:00,1.2320432201123297,1.882971543659044,1.359798372445117,False
2014-10-28 07:00:00+00:00,2.112825782294731,2.655681470893971,2.195913323239969,False
2014-10-28 07:30:00+00:00,2.1189873228135867,3.529474142411642,3.1402186979560938,False
2014-10-28 08:00:00+00:00,2.0526495319604177,4.859673674636175,4.28473667676003,False
2014-10-28 08:30:00+00:00,3.846660470714095,5.787716502079003,5.700810068130204,False
2014-10-28 09:00:00+00:00,4.216640224659,5.937390098752599,5.574350794852385,False
2014-10-28 09:30:00+00:00,4.3561643220112325,5.877735680873181,5.93613444360333,False
2014-10-28 10:00:00+00:00,4.418460443968976,6.717299090436591,5.921844814534444,False
2014-10-28 10:30:00+00:00,4.836056860123027,6.692116476091478,6.849343338380015,False
2014-10-28 11:00:00+00:00,4.237611259695105,6.3069979989605,6.4814654428463285,False
2014-10-28 11:30:00+00:00,4.949802166354639,7.466305223492724,7.134297842543527,False
2014-10-28 12:00:00+00:00,5.433196255683338,7.969495712058212,6.782697426192279,False
2014-10-28 12:30:00+00:00,2.8485261834715163,5.335278144490645,7.358420590461771,False
2014-10-28 13:00:00+00:00,5.16300246055095,7.27214968814969,7.697273088569266,False
2014-10-28 13:30:00+00:00,5.258912837657127,7.097281886694387,6.937795571536714,False
2014-10-28 14:00:00+00:00,4.479215324953197,6.544463383575885,5.39581067373202,False
2014-10-28 14:30:00+00:00,3.824846910938754,5.953584407484408,6.028414383043149,False
2014-10-28 15:00:00+00:00,3.670950334313988,5.952892489604991,5.120810749432248,False
2014-10-28 15:30:00+00:00,2.3927609521262365,5.225765722453223,4.36427922028766,False
2014-10-28 16:00:00+00:00,1.6013633324418293,3.9480250779625785,3.3944644208932626,False
2014-10-28 16:30:00+00:00,1.5553359454399571,3.8915431652806656,2.6004901211203637,False
2014-10-28 17:00:00+00:00,1.3390654185611126,3.2203480249480254,1.778916161998486,False
2014-10-28 17:30:00+00:00,1.1779466167424444,2.076434615384616,1.8505978425435277,False
2014-10-28 18:00:00+00:00,1.38030869216368,2.045473232848233,1.5569491672975018,False
2014-10-28 18:30:00+00:00,1.4254982883123828,1.974133731808732,1.7356725208175623,False
2014-10-28 19:00:00+00:00,1.3054191495052152,1.786499168399169,1.362328425435276,False
2014-10-28 19:30:00+00:00,1.2467938218775074,1.496781600831601,1.2943231264193793,False
2014-10-28 20:00:00+00:00,1.1779466167424444,1.527746101871102,1.294164307342922,False
2014-10-28 20:30:00+00:00,1.2426400106980475,1.709243996881497,1.2632455715367146,False
2014-10-28 21:00:00+00:00,1.334723749665686,1.7318925155925158,1.363104012112036,False
2014-10-28 21:30:00+00:00,1.2105326290451992,1.3664536642411642,1.266971688115064,False
2014-10-28 22:00:00+00:00,1.2338889810109654,1.8353903586278588,1.0410443981831945,False
2014-10-28 22:30:00+00:00,1.1779466167424444,1.69759222972973,1.0653971990915974,False
2014-10-28 23:00:00+00:00,1.2063209146830705,1.6271742983367985,1.0403900832702495,False
2014-10-28 23:30:00+00:00,1.1779466167424444,1.855506730769231,1.0498547691143072,False
2014-10-29 00:00:00+00:00,1.1779466167424444,1.521168788981289,1.094538796366389,False
2014-10-29 00:30:00+00:00,1.2336749933137203,1.594149350311851,1.054123050719152,False
2014-10-29 01:00:00+00:00,1.1779466167424444,1.5369524168399171,1.0461765707797122,False
2014-10-29 01:30:00+00:00,1.2479861995185877,1.8451850571725572,1.0305347842543529,False
2014-10-29 02:00:00+00:00,1.33661358652046,1.8576745582120584,1.0406406131718395,False
2014-10-29 02:30:00+00:00,1.2356260230008025,1.5752020530145532,1.1546799394398182,False
2014-10-29 03:00:00+00:00,1.1861326557903182,1.5385140072765071,1.1031367146101438,False
2014-10-29 03:30:00+00:00,1.1779466167424444,1.728002650727651,1.0429817562452688,False
2014-10-29 04:00:00+00:00,1.185584915752875,1.8830893711018717,1.0500066994700985,False
2014-10-29 04:30:00+00:00,1.1779466167424444,1.3762805093555095,1.053670174110522,False
2014-10-29 05:00:00+00:00,1.1840840866541855,1.6487771829521831,1.0037027252081756,False
2014-10-29 05:30:00+00:00,1.232286199518588,1.8376432952182955,1.0486749432248297,False
2014-10-29 06:00:00+00:00,1.27164592136935,1.549592307692308,1.0397291445874337,False
2014-10-29 06:30:00+00:00,1.2988438352500666,1.7771059771309772,1.5604785768357303,False
2014-10-29 07:00:00+00:00,2.2293344477132924,2.5223055093555096,2.627370931112793,False
2014-10-29 07:30:00+00:00,1.7463621556565927,2.2502288981288983,3.489150908402725,False
2014-10-29 08:00:00+00:00,3.274068761700989,4.34589630977131,4.23371355034065,False
2014-10-29 08:30:00+00:00,3.863654372826959,4.806949454261955,5.2017104844814535,False
2014-10-29 09:00:00+00:00,4.219531291789249,5.229241008316008,5.400719984859954,False
2014-10-29 09:30:00+00:00,4.144483471516448,5.609803976091477,6.103651627554882,False
2014-10-29 10:00:00+00:00,3.739795774271195,6.02470051975052,5.586927819833459,False
2014-10-29 10:30:00+00:00,4.273882080770259,6.297331470893972,6.015409084027252,False
2014-10-29 11:00:00+00:00,3.392001551216903,5.945714007276508,5.564718433005298,False
2014-10-29 11:30:00+00:00,5.276616474993314,7.613520997920999,6.812372785768357,False
2014-10-29 12:00:00+00:00,5.000497378978336,4.338263747401247,6.974809121877366,False
2014-10-29 12:30:00+00:00,4.785439609521262,5.152387837837838,7.127146517789552,False
2014-10-29 13:00:00+00:00,6.40202393688152,7.029750597713099,6.680042316426949,False
2014-10-29 13:30:00+00:00,3.76857908531693,6.798473596673596,6.859626003028009,False
2014-10-29 14:00:00+00:00,5.093438352500669,6.40527946985447,5.84162846328539,False
2014-10-29 14:30:00+00:00,3.422528135865204,6.191112318087319,5.650717524602573,False
2014-10-29 15:00:00+00:00,3.729928403316394,5.733021309771311,5.754222558667676,False
2014-10-29 15:30:00+00:00,3.285524578764376,5.69775984927235,5.116578538985617,False
2014-10-29 16:00:00+00:00,1.6031782562182402,4.772519984407484,3.580132059046177,False
2014-10-29 16:30:00+00:00,1.9827606044396895,4.182019256756758,3.1181122255866764,False
2014-10-29 17:00:00+00:00,1.302449371489703,3.158478872141373,2.2926468962906887,False
2014-10-29 17:30:00+00:00,1.3016382455201927,2.415283004158004,2.2245479560938684,False
2014-10-29 18:00:00+00:00,1.3417997325488098,2.3288199844074846,1.665964042392127,False
2014-10-29 18:30:00+00:00,1.219701417491308,1.8454265332640332,1.3721200227100678,False
2014-10-29 19:00:00+00:00,1.2355469644289916,2.001354573804574,1.5964847085541254,False
2014-10-29 19:30:00+00:00,1.1779466167424444,1.8594456600831608,1.4508081377744133,False
2014-10-29 20:00:00+00:00,1.1779466167424444,1.3070664760914763,1.3579708932626795,False
2014-10-29 20:30:00+00:00,1.181994784701792,1.537252390852391,1.1591661998485994,False
2014-10-29 21:00:00+00:00,1.1779466167424444,1.5045745841995843,1.2695058667676002,False
2014-10-29 21:30:00+00:00,1.1779466167424444,1.7674041839916843,1.081032664647994,False
2014-10-29 22:00:00+00:00,1.1779466167424444,1.556785498960499,1.035007834973505,False
2014-10-29 22:30:00+00:00,1.1779466167424444,1.7106259095634095,1.2513996971990915,False
2014-10-29 23:00:00+00:00,1.1960868414014445,1.7254922557172558,1.0536374337623011,False
2014-10-29 23:30:00+00:00,1.2053853169296602,1.743691865904366,1.0037027252081756,False
2014-10-30 00:00:00+00:00,1.3827339930462692,1.8869725571725573,1.188145382286147,False
2014-10-30 00:30:00+00:00,1.2457675046803958,1.7899083939708942,1.0455323239969718,False
2014-10-30 01:00:00+00:00,1.2125283230810378,1.430231574844075,1.0037027252081756,False
2014-10-30 01:30:00+00:00,1.2109853169296605,1.5119063409563411,1.0128403482210446,False
2014-10-30 02:00:00+00:00,1.1779466167424444,1.3972201923076923,1.0037027252081756,False
2014-10-30 02:30:00+00:00,1.1779466167424444,1.667829313929314,1.0120806964420892,False
2014-10-30 03:00:00+00:00,1.22043559775341,1.602958445945946,1.0266249432248296,False
2014-10-30 03:30:00+00:00,1.1779466167424444,1.3810435291060292,1.0558242997728993,False
2014-10-30 04:00:00+00:00,1.1838325755549612,1.5349325883575884,1.0161618849356548,False
2014-10-30 04:30:00+00:00,1.245995052152982,1.9114568866943864,1.0409845571536716,False
2014-10-30 05:00:00+00:00,1.2237873495587055,1.5215509355509358,1.0160551097653292,False
2014-10-30 05:30:00+00:00,1.4025096282428455,1.390759147609148,1.0037027252081756,False
2014-10-30 06:00:00+00:00,1.2098702861727737,1.6361162941787946,1.1125913701741106,False
2014-10-30 06:30:00+00:00,1.2181412677186412,1.9043272869022871,1.2010999621498863,False
2014-10-30 07:00:00+00:00,2.1181061781224924,3.55366211018711,2.622086601059803,False
2014-10-30 07:30:00+00:00,2.360156138004814,4.325151663201663,3.6640693035579104,False
2014-10-30 08:00:00+00:00,4.494554025140412,5.065421543659045,4.962403595760787,False
2014-10-30 08:30:00+00:00,4.101019256485691,5.521688097713098,5.101897009841029,False
2014-10-30 09:00:00+00:00,4.384341695640545,6.189049922037422,5.770723012869039,False
2014-10-30 09:30:00+00:00,4.266637496656861,6.936025779625781,5.937747047691143,False
2014-10-30 10:00:00+00:00,4.2930831238299,6.997956834719336,6.442970287660863,False
2014-10-30 10:30:00+00:00,4.489416635464028,7.533848700623702,6.6515304314912935,False
2014-10-30 11:00:00+00:00,2.922009761968441,7.853530275467776,6.756874337623012,False
2014-10-30 11:30:00+00:00,4.636990879914416,8.09474508835759,8.067453179409538,False
2014-10-30 12:00:00+00:00,4.65630216635464,7.943179833679833,7.269491597274791,False
2014-10-30 12:30:00+00:00,4.56892637068735,8.253974948024949,6.948927630582892,False
2014-10-30 13:00:00+00:00,4.888822867076758,5.1165939449064455,6.982310446631339,False
2014-10-30 13:30:00+00:00,3.862802487296068,8.390829313929315,7.444797464042391,False
2014-10-30 14:00:00+00:00,4.977026290451993,7.935986252598753,6.145611430734292,False
2014-10-30 14:30:00+00:00,4.345074618882054,6.560263149688151,6.612955526116577,False
2014-10-30 15:00:00+00:00,4.012650655255416,5.6313422037422045,5.365255639666918,False
2014-10-30 15:30:00+00:00,3.3133677453864667,5.403625831600832,4.716987774413323,False
2014-10-30 16:00:00+00:00,1.8517910671302489,4.105141008316008,2.546972937168812,False
2014-10-30 16:30:00+00:00,1.613042177052688,2.824591632016632,2.006484557153671,False
2014-10-30 17:00:00+00:00,1.246266167424445,2.2134929054054058,1.803863209689629,False
2014-10-30 17:30:00+00:00,1.517674672372292,2.4063042359667364,1.488166237698713,False
2014-10-30 18:00:00+00:00,1.2246279753944904,1.7776362266112269,1.5030261922785768,False
2014-10-30 18:30:00+00:00,1.293555255415887,1.4319950363825364,1.3801153671461015,False
2014-10-30 19:00:00+00:00,1.1779466167424444,1.281333835758836,1.0361599545798637,False
2014-10-30 19:30:00+00:00,1.1779466167424444,1.3227133575883576,1.0817208932626798,False
2014-10-30 20:00:00+00:00,1.2768598288312385,1.430558367983368,1.1815339515518546,False
2014-10-30 20:30:00+00:00,1.1779466167424444,1.5190536382536384,1.1067223315669947,False
2014-10-30 21:00:00+00:00,1.1779466167424444,1.5724255457380458,1.0833272520817565,False
2014-10-30 21:30:00+00:00,1.256216742444504,1.9948024688149688,1.0553175624526874,False
2014-10-30 22:00:00+00:00,1.1779466167424444,1.2901081860706862,1.152394700984103,False
2014-10-30 22:30:00+00:00,1.201651965766248,1.5544242983367984,1.1770708554125662,False
2014-10-30 23:00:00+00:00,1.1911843006151377,1.2889496881496882,1.1441034822104466,False
2014-10-30 23:30:00+00:00,1.215233752340198,1.182763175675676,1.0037027252081756,False
2014-10-31 00:00:00+00:00,1.1779466167424444,1.2420904106029107,1.1143847842543526,False
2014-10-31 00:30:00+00:00,1.2173565124364805,1.2647423856548856,1.0167792202876609,False
2014-10-31 01:00:00+00:00,1.2491124097352233,1.5731223492723494,1.0803272899318697,False
2014-10-31 01:30:00+00:00,1.2304228938218773,1.6066528066528067,1.2230509841029522,False
2014-10-31 02:00:00+00:00,1.2152405723455468,1.6538538721413722,1.0037027252081756,False
2014-10-31 02:30:00+00:00,1.206681679593474,1.63042538981289,1.0037027252081756,False
2014-10-31 03:00:00+00:00,1.254352286707676,1.704760213097713,1.0466815291445877,False
2014-10-31 03:30:00+00:00,1.3077156458946242,1.7094953482328483,1.1589738455715366,False
2014-10-31 04:00:00+00:00,1.215369457074084,1.3303637993762996,1.0290707418622256,False
2014-10-31 04:30:00+00:00,1.2297470446643486,1.827446647609148,1.2138880015140048,False
2014-10-31 05:00:00+00:00,1.2058600427921904,1.3558571465696465,1.0461930355791067,False
2014-10-31 05:30:00+00:00,1.3322204065258092,1.7585981288981292,1.0294168811506434,False
2014-10-31 06:00:00+00:00,1.2456261299812783,1.6439050415800418,1.1389274034822103,False
2014-10-31 06:30:00+00:00,1.4314418026210216,2.5860823024948028,1.7799816048448145,False
2014-10-31 07:00:00+00:00,2.4509526878844614,3.358388851351352,3.0007419000757,False
2014-10-31 07:30:00+00:00,2.0601546937683874,4.938753170478171,3.955525170325511,False
2014-10-31 08:00:00+00:00,4.496984728537042,5.858959537422038,4.904464042392127,False
2014-10-31 08:30:00+00:00,3.907578389943835,5.728046985446986,5.358462225586677,False
2014-10-31 09:00:00+00:00,3.968553115806365,6.1771867203742215,5.153277517032551,False
2014-10-31 09:30:00+00:00,3.937857181064456,6.572484043659045,5.856545874337623,False
2014-10-31 10:00:00+00:00,3.1393156191495053,4.994123856548857,5.543045874337623,False
2014-10-31 10:30:00+00:00,4.088690425247393,7.515500831600831,6.588500946252839,False
2014-10-31 11:00:00+00:00,3.3701654453062315,8.66214041060291,7.286610522331566,False
2014-10-31 11:30:00+00:00,4.3350271195506815,7.09487027027027,7.014333270249811,False
2014-10-31 12:00:00+00:00,5.310402540786307,8.757029885654886,6.927895041635124,False
2014-10-31 12:30:00+00:00,5.527291307836319,7.735823050935551,7.0470419000757,False
2014-10-31 13:00:00+00:00,5.479145974859588,7.16884877858628,5.512462679788039,False
2014-10-31 13:30:00+00:00,5.069010724792726,7.063526845114347,5.103129144587433,False
2014-10-31 14:00:00+00:00,3.8775729071944376,7.451230613305613,6.795809084027252,False
2014-10-31 14:30:00+00:00,3.5683919229740577,5.98409773908524,5.655436487509462,False
2014-10-31 15:00:00+00:00,3.968626932334849,5.718318581081082,5.871006283118849,False
2014-10-31 15:30:00+00:00,3.2102377373629314,5.324030925155927,4.578334405753218,False
2014-10-31 16:00:00+00:00,2.3239971917625035,4.628074818087318,3.556499886449659,False
2014-10-31 16:30:00+00:00,1.6842474190960148,3.5420763253638263,2.509048637395912,False
2014-10-31 17:00:00+00:00,1.1779466167424444,2.3286994802494805,1.7727272142316426,False
2014-10-31 17:30:00+00:00,1.259507114201658,2.1236517411642413,1.3584281604844812,False
2014-10-31 18:00:00+00:00,1.1779466167424444,1.5664681652806651,1.4823917486752458,False
2014-10-31 18:30:00+00:00,1.332126103236159,1.8247073024948024,1.147325170325511,False
2014-10-31 19:00:00+00:00,1.1779466167424444,1.2527136694386694,1.5268303179409537,False
2014-10-31 19:30:00+00:00,1.1779466167424444,1.4658154365904366,1.0823128311884935,False
2014-10-31 20:00:00+00:00,1.2159277881786572,1.4225041060291064,1.021826419379258,False
2014-10-31 20:30:00+00:00,1.1779466167424444,1.2915385914760915,1.0037027252081756,False
2014-10-31 21:00:00+00:00,1.1911690024070605,1.264018996881497,1.1039434897804692,False
2014-10-31 21:30:00+00:00,1.2309851029687082,1.308933653846154,1.0152734670704011,False
2014-10-31 22:00:00+00:00,1.2289816795934745,1.4570430353430353,1.1355507191521574,False
2014-10-31 22:30:00+00:00,1.187124819470447,1.2565780145530143,1.105547804693414,False
2014-10-31 23:00:00+00:00,1.1779466167424444,1.2346784823284824,1.191943262679788,False
2014-10-31 23:30:00+00:00,1.1779466167424444,1.3652165800415803,1.0828129825889476,False
2014-11-01 00:00:00+00:00,1.2431185611125968,1.5263054573804575,1.047823807721423,False
2014-11-01 00:30:00+00:00,1.2267296603369884,1.24632474012474,1.0037027252081756,False
2014-11-01 01:00:00+00:00,1.1779466167424444,1.4649888513513514,1.0037027252081756,False
2014-11-01 01:30:00+00:00,1.1779466167424444,1.4975647349272352,1.0977263058289175,False
2014-11-01 02:00:00+00:00,1.2301551216902915,1.2616808991683992,1.0518294852384555,False
2014-11-01 02:30:00+00:00,1.1779466167424444,1.337843788981289,1.0412134367903103,False
2014-11-01 03:00:00+00:00,1.1779466167424444,1.7374337318087318,1.021092657077971,False
2014-11-01 03:30:00+00:00,1.1964319871623428,1.3813778846153848,1.011310938682816,False
2014-11-01 04:00:00+00:00,1.1779466167424444,1.6497143451143452,1.1363998864496594,False
2014-11-01 04:30:00+00:00,1.1779466167424444,1.5365155665280663,1.0037027252081756,False
2014-11-01 05:00:00+00:00,1.1779466167424444,1.399927182952183,1.0037027252081756,False
2014-11-01 05:30:00+00:00,1.1779466167424444,1.401873362785863,1.00827153671461,False
2014-11-01 06:00:00+00:00,1.1779466167424444,1.4750076403326404,1.0187658591975777,False
2014-11-01 06:30:00+00:00,1.202498662744049,1.496239734927235,1.1979176381529144,False
2014-11-01 07:00:00+00:00,1.3251770794330036,2.491731574844075,2.1891602195306588,False
2014-11-01 07:30:00+00:00,1.24602201123295,3.2308083419958424,2.80646109008327,False
2014-11-01 08:00:00+00:00,3.082196977801551,4.52465051975052,3.5988017032551096,False
2014-11-01 08:30:00+00:00,3.0374734153516987,4.919197037422038,4.130879788039364,False
2014-11-01 09:00:00+00:00,3.670362235891949,5.456614630977131,5.253925018925057,False
2014-11-01 09:30:00+00:00,3.755554292591602,5.7632602130977135,5.11192623012869,False
2014-11-01 10:00:00+00:00,3.839520700722118,6.217556496881498,5.466704655563966,False
2014-11-01 10:30:00+00:00,4.157127253276277,7.623968399168401,6.0226532551097645,False
2014-11-01 11:00:00+00:00,4.56975271462958,8.099404028066528,6.689650719152158,False
2014-11-01 11:30:00+00:00,4.440170125702059,8.515820867983368,7.123955450416351,False
2014-11-01 12:00:00+00:00,2.9986338325755546,8.543855171517672,7.502619757759272,False
2014-11-01 12:30:00+00:00,4.5438949719176245,8.263309927234928,7.494173315669947,False
2014-11-01 13:00:00+00:00,2.916417357582241,6.824711538461538,6.607839326267978,False
2014-11-01 13:30:00+00:00,4.06601604707141,8.607845997920998,5.971981188493565,False
2014-11-01 14:00:00+00:00,3.4646805028082377,6.159721881496882,5.338178538985616,False
2014-11-01 14:30:00+00:00,3.6736580903985017,7.247525701663203,6.128537244511733,False
2014-11-01 15:00:00+00:00,3.959362583578497,6.248270140332641,5.195336941710824,False
2014-11-01 15:30:00+00:00,2.49327282695908,4.796159693347193,4.279463247539742,False
2014-11-01 16:00:00+00:00,2.0716286172773466,3.458302338877339,2.6629806585919757,False
2014-11-01 16:30:00+00:00,1.6974623696175448,3.208475623700624,1.9144842165026488,False
2014-11-01 17:00:00+00:00,1.1869706606044397,1.9218702182952183,1.7024611279333837,False
2014-11-01 17:30:00+00:00,1.347891468307034,1.857290280665281,1.2547940575321723,False
2014-11-01 18:00:00+00:00,1.2474367210484087,1.2428913981288985,1.274356964420893,False
2014-11-01 18:30:00+00:00,1.1986274137469912,1.2617644750519752,1.1438228993186978,False
2014-11-01 19:00:00+00:00,1.1838051350628511,1.2909084979209982,1.0721201741105222,False
2014-11-01 19:30:00+00:00,1.2233454934474457,1.325604132016632,1.0089716881150643,False
2014-11-01 20:00:00+00:00,1.2680562717304091,1.3640045738045738,1.0171776305828917,False
2014-11-01 20:30:00+00:00,1.1779466167424444,1.2218033264033266,1.0917098410295232,False
2014-11-01 21:00:00+00:00,1.2638963894089328,1.7251295997921,1.0277464042392126,False
2014-11-01 21:30:00+00:00,1.2547887670500135,1.661221881496881,1.0933871688115064,False
2014-11-01 22:00:00+00:00,1.2091025675314253,1.255041398128898,1.1287607115821343,False
2014-11-01 22:30:00+00:00,1.2200370687349558,1.331644672557173,1.0122117335352006,False
2014-11-01 23:00:00+00:00,1.2363706071142015,1.3637528066528066,1.0336167297501893,False
2014-11-01 23:30:00+00:00,1.200459213693501,1.2276659043659046,1.0087882286146856,False
2014-11-02 00:00:00+00:00,1.1842480074886337,1.214154391891892,1.0386233535200604,False
2014-11-02 00:30:00+00:00,1.2056191227600963,1.2843440228690228,1.012230885692657,False
2014-11-02 01:00:00+00:00,1.1779466167424444,1.3799406444906446,1.0037027252081756,False
2014-11-02 01:30:00+00:00,1.2137370954800748,1.5168288461538462,1.0058609008327024,False
2014-11-02 02:00:00+00:00,1.1992021663546404,1.2619738825363829,1.0037027252081756,False
2014-11-02 02:30:00+00:00,1.1779466167424444,1.427262603950104,1.0037027252081756,False
2014-11-02 03:00:00+00:00,1.1779466167424444,1.3505926455301456,1.003358175624527,False
2014-11-02 03:30:00+00:00,1.1779466167424444,1.2716498440748445,1.0203256623769872,False
2014-11-02 04:00:00+00:00,1.1779466167424444,1.42052066008316,0.9958206661619984,False
2014-11-02 04:30:00+00:00,1.1779466167424444,1.4676503638253635,1.0037027252081756,False
2014-11-02 05:00:00+00:00,1.1779466167424444,1.4322320686070689,1.0063419000757,False
2014-11-02 05:30:00+00:00,1.1779466167424444,1.3363341216216218,1.0037027252081756,False
2014-11-02 06:00:00+00:00,1.1779466167424444,1.1895117463617464,1.021908478425435,False
2014-11-02 06:30:00+00:00,1.1779466167424444,1.2018339656964658,1.0540032929598788,False
2014-11-02 07:00:00+00:00,1.2758889007756085,1.8043455041580043,1.5744891748675247,False
2014-11-02 07:30:00+00:00,2.3042756084514573,2.4928956340956345,2.320000757002271,False
2014-11-02 08:00:00+00:00,1.1779466167424444,3.0690243243243245,2.500654920514761,False
2014-11-02 08:30:00+00:00,2.2398145225996253,4.48153957900208,3.837824072672218,False
2014-11-02 09:00:00+00:00,2.952067023268253,5.090147972972973,4.681583232399697,False
2014-11-02 09:30:00+00:00,3.454605456004279,5.5236487006237,4.949821309613929,False
2014-11-02 10:00:00+00:00,4.198798288312384,5.152909017671518,5.287130545041635,False
2014-11-02 10:30:00+00:00,4.286435062851029,7.513616554054055,6.01673092354277,False
2014-11-02 11:00:00+00:00,4.5591742979406265,6.7699379417879415,5.742681945495837,False
2014-11-02 11:30:00+00:00,4.29858422037978,6.756009745322245,5.771362944738834,False
2014-11-02 12:00:00+00:00,3.6905207809574754,8.358690748440749,7.407452800908402,False
2014-11-02 12:30:00+00:00,3.844199946509762,8.127540904365905,7.492818508705525,False
2014-11-02 13:00:00+00:00,4.556207194437015,9.384198752598754,6.438952952308857,False
2014-11-02 13:30:00+00:00,6.111404653650708,8.24190764033264,6.98847922028766,False
2014-11-02 14:00:00+00:00,2.9274924043862,5.808859901247402,4.739921082513247,False
2014-11-02 14:30:00+00:00,3.67333289649639,6.4302367463617465,5.102217978803936,False
2014-11-02 15:00:00+00:00,3.768283177320139,6.039867021829522,5.25051525359576,False
2014-11-02 15:30:00+00:00,3.433179299277882,5.319117775467776,4.486237698713096,False
2014-11-02 16:00:00+00:00,2.4053162075421235,3.726281990644492,2.897139401968205,False
2014-11-02 16:30:00+00:00,1.5180987429794062,2.501641554054054,1.9963299394398184,False
2014-11-02 17:00:00+00:00,1.4667630115004011,1.8793034043659045,1.4022562452687355,False
2014-11-02 17:30:00+00:00,1.1786133993046268,1.6048863305613306,1.1860393641180924,False
2014-11-02 18:00:00+00:00,1.328084728537042,1.336842047817048,1.2294672596517786,False
2014-11-02 18:30:00+00:00,1.1779466167424444,1.2414385135135135,1.0650785768357305,False
2014-11-02 19:00:00+00:00,1.1779466167424444,1.3210513253638256,1.0104062074186222,False
2014-11-02 19:30:00+00:00,1.1779466167424444,1.1814985187110187,1.0280292581377743,False
2014-11-02 20:00:00+00:00,1.2125173040920032,1.3475521569646571,1.006441408024224,False
2014-11-02 20:30:00+00:00,1.1818317197111528,1.2528944646569649,0.998911279333838,False
2014-11-02 21:00:00+00:00,1.1779466167424444,1.532275181912682,1.0037027252081756,False
2014-11-02 21:30:00+00:00,1.1779466167424444,1.1814985187110187,1.0037027252081756,False
2014-11-02 22:00:00+00:00,1.184123535704734,1.1990549376299378,1.0664548069644209,False
2014-11-02 22:30:00+00:00,1.2118991441561917,1.2341016632016633,1.0037027252081756,False
2014-11-02 23:00:00+00:00,1.3106446643487564,1.6015368503118503,1.0464139288417864,False
2014-11-02 23:30:00+00:00,1.1862927788178657,1.2291876559251562,1.0037027252081756,False
2014-11-03 00:00:00+00:00,1.2394698047606314,1.1892862785862788,1.0037027252081756,False
2014-11-03 00:30:00+00:00,1.1978116073816527,1.2680824844074845,1.01556279333838,False
2014-11-03 01:00:00+00:00,1.205182428456807,1.3148287162162162,1.0259788039364115,False
2014-11-03 01:30:00+00:00,1.231667691896229,1.3005161122661124,1.0037027252081756,False
2014-11-03 02:00:00+00:00,1.1779466167424444,1.4035981548856549,1.0047662755488267,False
2014-11-03 02:30:00+00:00,1.1779466167424444,1.2774231029106031,1.0037027252081756,False
2014-11-03 03:00:00+00:00,1.183034019791388,1.1913589137214138,1.0082182437547311,False
2014-11-03 03:30:00+00:00,1.253106606044397,1.7028218295218294,1.0470199091597274,False
2014-11-03 04:00:00+00:00,1.1779466167424444,1.45682972972973,1.0271574564723691,False
2014-11-03 04:30:00+00:00,1.1828416421503076,1.5495738825363827,1.0239906888720665,False
2014-11-03 05:00:00+00:00,1.1918946509761967,1.239023128898129,1.0437492429977289,False
2014-11-03 05:30:00+00:00,1.1779466167424444,1.4006483887733887,1.0037027252081756,False
2014-11-03 06:00:00+00:00,1.1808664081305162,1.362196257796258,1.010445117335352,False
2014-11-03 06:30:00+00:00,1.1779466167424444,1.3649683731808733,1.0037027252081756,False
2014-11-03 07:00:00+00:00,1.179556351965766,1.3100077182952186,1.043232323996972,False
2014-11-03 07:30:00+00:00,1.5534063385932066,2.2016067567567568,1.951591672975019,False
2014-11-03 08:00:00+00:00,2.263658438085049,3.5531197765072764,3.072528993186979,False
2014-11-03 08:30:00+00:00,2.498247258625301,3.709901637214137,3.344790651021953,False
2014-11-03 09:00:00+00:00,3.207898502273335,5.155952001039502,4.905732929598789,False
2014-11-03 09:30:00+00:00,3.548377962021932,5.756210966735967,4.470960522331566,False
2014-11-03 10:00:00+00:00,3.954331077828297,6.21950997920998,5.6293665783497335,False
2014-11-03 10:30:00+00:00,4.072510751537844,7.068898388773389,5.929704049962149,False
2014-11-03 11:00:00+00:00,5.173720032094143,7.469647998960499,7.028696820590461,False
2014-11-03 11:30:00+00:00,4.661199679058571,9.241296153846154,7.376474564723694,False
2014-11-03 12:00:00+00:00,5.246086814656325,8.525848362785863,7.28897676003028,False
2014-11-03 12:30:00+00:00,4.644184220379781,8.64029573804574,6.809063853141559,False
2014-11-03 13:00:00+00:00,5.3294680128376575,8.931621985446988,4.843656169568509,False
2014-11-03 13:30:00+00:00,3.683301417491308,6.367183212058213,5.987574186222559,False
2014-11-03 14:00:00+00:00,3.885375554961219,6.860607354469855,6.62139307342922,False
2014-11-03 14:30:00+00:00,3.685682428456806,6.48978406964657,5.569060219530658,False
2014-11-03 15:00:00+00:00,3.0946701257020592,5.097355197505198,4.45290927327782,False
2014-11-03 15:30:00+00:00,2.6634654720513504,4.074458887733888,3.792500227100681,False
2014-11-03 16:00:00+00:00,1.5105840599090667,3.357198986486487,2.812674186222558,False
2014-11-03 16:30:00+00:00,1.7072935276811982,2.422179651767152,2.0499804314912944,False
2014-11-03 17:00:00+00:00,1.2526921904252477,2.390068970893971,1.840768925056775,False
2014-11-03 17:30:00+00:00,1.2853089596148703,1.7731019750519754,1.55524712339137,False
2014-11-03 18:00:00+00:00,1.2499108050280825,1.3240307952182953,1.0319412566237698,False
2014-11-03 18:30:00+00:00,1.2390851832040657,1.1814985187110187,1.252282664647994,False
2014-11-03 19:00:00+00:00,1.1815791655522867,1.2187771049896052,1.0885123391370173,False
2014-11-03 19:30:00+00:00,1.1935166087189086,1.229391372141372,1.0426913323239968,False
2014-11-03 20:00:00+00:00,1.1889432468574486,1.6043037941787943,1.078682096896291,False
2014-11-03 20:30:00+00:00,1.271188151912276,1.6558887733887735,1.24440639666919,False
2014-11-03 21:00:00+00:00,1.3284415886600696,1.3951188929313931,1.27113667676003,False
2014-11-03 21:30:00+00:00,1.2648378443434074,1.4418508056133057,1.2048113171839514,False
2014-11-03 22:00:00+00:00,1.1959804760631183,1.1814985187110187,1.007953292959879,False
2014-11-03 22:30:00+00:00,1.2894699117411073,1.2263176455301454,1.0762575321725965,False
2014-11-03 23:00:00+00:00,1.3268559775341,1.372565514553015,1.0242675624526874,False
2014-11-03 23:30:00+00:00,1.4043720780957476,1.6353642671517672,1.143030696442089,False
2014-11-04 00:00:00+00:00,1.4516562984755284,1.2168070426195423,1.2462231264193793,False
2014-11-04 00:30:00+00:00,1.3377872158331103,1.5609701923076924,1.113281642694928,False
2014-11-04 01:00:00+00:00,1.1779466167424444,1.279754495841996,1.2282450037850114,False
2014-11-04 01:30:00+00:00,1.2291903450120352,1.3412070945945946,1.1073126419379258,False
2014-11-04 02:00:00+00:00,1.191669189622894,1.397116891891892,1.035220098410295,False
2014-11-04 02:30:00+00:00,1.2569893821877507,1.4954866424116426,1.0245157077971234,False
2014-11-04 03:00:00+00:00,1.3779700454667023,1.3905015332640334,1.1954814534443603,False
2014-11-04 03:30:00+00:00,1.3892775875902648,1.2603261174636176,1.0241397804693413,False
2014-11-04 04:00:00+00:00,1.452335704733886,1.5608740384615385,1.0037027252081756,False
2014-11-04 04:30:00+00:00,1.1958651778550415,1.347312448024948,1.1447029901589705,False
2014-11-04 05:00:00+00:00,1.2526132388339128,1.2511040800415802,1.0016421271763811,False
2014-11-04 05:30:00+00:00,1.1779466167424444,1.3201891891891893,1.0540500378501134,False
2014-11-04 06:00:00+00:00,1.211181305161808,1.4277310291060292,1.0155562452687357,False
2014-11-04 06:30:00+00:00,1.2531331906926986,1.3621537422037424,1.2665397047691145,False
2014-11-04 07:00:00+00:00,1.5059218507622356,1.6403858887733889,1.3354061695685089,False
2014-11-04 07:30:00+00:00,1.1984850762235892,2.1190177754677757,1.954832853898561,False
2014-11-04 08:00:00+00:00,2.0250671035036105,2.9745088097713097,2.441474602573807,False
2014-11-04 08:30:00+00:00,2.2564049478470176,3.568232406444907,3.0287541635124904,False
2014-11-04 09:00:00+00:00,2.2173538914148168,4.879912006237007,2.811976003028009,False
2014-11-04 09:30:00+00:00,2.355024338058304,3.831873908523909,3.1051285768357304,False
2014-11-04 10:00:00+00:00,2.7588163145225995,3.7041041060291056,3.3442203633610896,False
2014-11-04 10:30:00+00:00,3.205111580636534,4.733873076923078,4.295433080999243,False
2014-11-04 11:00:00+00:00,4.317397058036907,7.530054235966737,6.29440480696442,False
2014-11-04 11:30:00+00:00,5.118418159935811,7.117177079002079,5.284757115821346,False
2014-11-04 12:00:00+00:00,4.189080235357047,5.566245114345115,5.266834140802422,False
2014-11-04 12:30:00+00:00,5.304064803423375,7.334470790020791,6.965623429220288,False
2014-11-04 13:00:00+00:00,5.274355389141482,8.725587084199585,5.31322218016654,False
2014-11-04 13:30:00+00:00,6.518465980208612,8.18592461018711,6.66390299015897,False
2014-11-04 14:00:00+00:00,5.588339930462691,6.9347933991684,6.119366919000756,False
2014-11-04 14:30:00+00:00,3.815205536239636,6.657771465696466,6.118890007570021,False
2014-11-04 15:00:00+00:00,3.664706953730944,6.82703056133056,6.564146366389099,False
2014-11-04 15:30:00+00:00,3.994819256485692,6.196645660083161,5.546240007570023,False
2014-11-04 16:00:00+00:00,3.515650441294464,5.741929495841996,4.644056926570779,False
2014-11-04 16:30:00+00:00,2.4546529820807703,4.255010576923078,2.77349647993944,False
2014-11-04 17:00:00+00:00,1.931806846750468,3.1656309251559254,2.1084204769114305,False
2014-11-04 17:30:00+00:00,1.6520995988232146,3.0734856288981294,1.7480704769114306,False
2014-11-04 18:00:00+00:00,1.6129054827493985,2.8155987525987527,1.649259841029523,False
2014-11-04 18:30:00+00:00,1.3141429794062582,2.5562975571725577,1.525742013626041,False
2014-11-04 19:00:00+00:00,1.203472639743247,2.0809876559251563,1.4311795609386826,False
2014-11-04 19:30:00+00:00,1.2202886868146563,2.257412863825364,1.09998667676003,False
2014-11-04 20:00:00+00:00,1.1779466167424444,1.2749422037422038,1.2668702498107494,False
2014-11-04 20:30:00+00:00,1.1779466167424444,1.4123912941787944,1.0200718016654051,False
2014-11-04 21:00:00+00:00,1.1779466167424444,1.4932716735966736,0.986740045420136,False
2014-11-04 21:30:00+00:00,1.1798354105375768,1.7971364085239083,1.232304617713853,False
2014-11-04 22:00:00+00:00,1.199929125434608,1.619058471933472,1.01086279333838,False
2014-11-04 22:30:00+00:00,1.1955223856646162,1.4920109147609149,1.0731548069644208,False
2014-11-04 23:00:00+00:00,1.2408112329499863,1.489275155925156,1.0950003028009083,False
2014-11-04 23:30:00+00:00,1.2442979406258357,1.2378145790020791,1.0627305450416349,False
2014-11-05 00:00:00+00:00,1.485722064723188,1.2173922557172558,1.0883792581377745,False
2014-11-05 00:30:00+00:00,1.260181626103236,1.487272505197505,1.0138837244511731,False
2014-11-05 01:00:00+00:00,1.2510944102701258,1.5261644230769231,1.0037027252081756,False
2014-11-05 01:30:00+00:00,1.2436787376303824,1.5043618243243246,0.9989554504163513,False
2014-11-05 02:00:00+00:00,1.3841859855576355,1.5169904106029108,1.0037027252081756,False
2014-11-05 02:30:00+00:00,1.2120909868948917,1.2862732328482331,1.0398900075700226,False
2014-11-05 03:00:00+00:00,1.3043610858518322,1.2568097972972976,1.0603082134746402,False
2014-11-05 03:30:00+00:00,1.1779466167424444,1.266034017671518,1.0037027252081756,False
2014-11-05 04:00:00+00:00,1.2374987429794062,1.2192968555093555,1.000420439061317,False
2014-11-05 04:30:00+00:00,1.1779466167424444,1.2040508316008318,1.0037027252081756,False
2014-11-05 05:00:00+00:00,1.1779466167424444,1.3436850311850312,1.0064912187736563,False
2014-11-05 05:30:00+00:00,1.2164360256753142,1.4510224012474016,1.08963550340651,False
2014-11-05 06:00:00+00:00,1.1930676918962289,1.18944196985447,1.0395228614685843,False
2014-11-05 06:30:00+00:00,1.1788538111794595,1.2099788201663202,1.0037027252081756,False
2014-11-05 07:00:00+00:00,1.21813533030222,1.1814985187110187,1.0827922028766086,False
2014-11-05 07:30:00+00:00,1.1945029687082105,1.927437422037422,1.291359765329296,False
2014-11-05 08:00:00+00:00,2.0175487830970846,2.650670478170478,2.9106470855412567,False
2014-11-05 08:30:00+00:00,2.991154560042792,4.380418581081082,3.6030045041635126,False
2014-11-05 09:00:00+00:00,3.645627547472586,5.1061798856548855,4.336593338380015,False
2014-11-05 09:30:00+00:00,3.402724097352233,5.724603430353431,4.611928274034821,False
2014-11-05 10:00:00+00:00,3.872503423375234,5.605727001039502,4.699680052990159,False
2014-11-05 10:30:00+00:00,3.586268253543728,6.246601533264034,5.756872255866767,False
2014-11-05 11:00:00+00:00,4.967065284835518,7.354585706860707,5.115673315669947,False
2014-11-05 11:30:00+00:00,4.3131181064455735,8.86926904885655,6.953339969719908,False
2014-11-05 12:00:00+00:00,4.986790746188821,8.989088851351351,7.422731491294474,False
2014-11-05 12:30:00+00:00,5.710906980476063,7.215212837837838,7.071376154428463,False
2014-11-05 13:00:00+00:00,3.325059668360524,7.802567151767151,5.569510105980317,False
2014-11-05 13:30:00+00:00,5.9325411607381655,6.856004625779626,7.492623580620741,False
2014-11-05 14:00:00+00:00,4.155746750468039,7.505415566528066,6.3985284632853885,False
2014-11-05 14:30:00+00:00,4.018060631184809,6.643926221413722,6.149714572293717,False
2014-11-05 15:00:00+00:00,3.8841439689756623,6.823576559251559,5.8122294095382285,False
2014-11-05 15:30:00+00:00,2.980991869483819,5.504570166320167,5.041487471612415,False
2014-11-05 16:00:00+00:00,2.16378668093073,3.6125706860706863,2.255952952308857,False
2014-11-05 16:30:00+00:00,1.4523940090933405,2.4990473492723493,1.665014383043149,False
2014-11-05 17:00:00+00:00,1.4001115806365338,2.337023544698545,1.2487478803936412,False
2014-11-05 17:30:00+00:00,1.2220585985557637,1.3113846933471935,1.2385555639666916,False
2014-11-05 18:00:00+00:00,1.1779466167424444,1.6154051195426198,0.9962340272520817,False
2014-11-05 18:30:00+00:00,1.1779466167424444,1.4815386434511435,1.0132483724451171,False
2014-11-05 19:00:00+00:00,1.1997349558705537,1.317537967775468,1.0037027252081756,False
2014-11-05 19:30:00+00:00,1.180728777748061,1.419561044698545,1.0037027252081756,False
2014-11-05 20:00:00+00:00,1.253660898635999,1.482471283783784,1.0037027252081756,False
2014-11-05 20:30:00+00:00,1.1779466167424444,1.3050847972972974,1.0037027252081756,False
2014-11-05 21:00:00+00:00,1.2036953998395292,1.1814985187110187,1.0037027252081756,False
2014-11-05 21:30:00+00:00,1.1779466167424444,1.4465839397089395,1.0348127176381527,False
2014-11-05 22:00:00+00:00,1.2891641080502807,1.1814985187110187,1.01607846328539,False
2014-11-05 22:30:00+00:00,1.1960296335918694,1.1814985187110187,1.0037027252081756,False
2014-11-05 23:00:00+00:00,1.212864375501471,1.4665621621621625,1.043995457986374,False
2014-11-05 23:30:00+00:00,1.1779466167424444,1.1814985187110187,1.0037027252081756,False
2014-11-06 00:00:00+00:00,1.1779466167424444,1.1814985187110187,1.0561464799394398,False
2014-11-06 00:30:00+00:00,1.2431261299812784,1.2977070945945948,1.024498637395912,False
2014-11-06 01:00:00+00:00,1.2333892752072746,1.1814985187110187,1.0004568508705525,False
2014-11-06 01:30:00+00:00,1.3350056699652313,1.189745764033264,1.035719947009841,False
2014-11-06 02:00:00+00:00,1.217003557100829,1.1814985187110187,1.0037027252081756,False
2014-11-06 02:30:00+00:00,1.1922553891414815,1.1814985187110187,1.0025996971990916,False
2014-11-06 03:00:00+00:00,1.1956126236961755,1.2171634615384617,1.0230082891748675,False
2014-11-06 03:30:00+00:00,1.1827803423375234,1.1814985187110187,1.0735072672218016,False
2014-11-06 04:00:00+00:00,1.1779466167424444,1.2829602650727652,1.0111835352006056,False
2014-11-06 04:30:00+00:00,1.1779466167424444,1.2183220893970894,1.076202952308857,False
2014-11-06 05:00:00+00:00,1.1779466167424444,1.1814985187110187,1.0314133610900833,False
2014-11-06 05:30:00+00:00,1.1779466167424444,1.1814985187110187,1.0031090083270249,False
2014-11-06 06:00:00+00:00,1.1779466167424444,1.1814985187110187,1.044260257380772,False
2014-11-06 06:30:00+00:00,1.182152928590532,1.1814985187110187,1.046769871309614,False
2014-11-06 07:00:00+00:00,1.1779466167424444,1.1847344074844075,1.1986323618470855,False
2014-11-06 07:30:00+00:00,1.9127,1.2717632796257798,1.0622575321725964,False
2014-11-06 08:00:00+00:00,1.3613036640813052,1.465098492723493,1.9377603330809992,False
2014-11-06 08:30:00+00:00,2.377260283498261,3.256861200623701,2.702302725208176,False
2014-11-06 09:00:00+00:00,2.815793046269056,4.221159407484407,3.4436004920514764,False
2014-11-06 09:30:00+00:00,2.814216902915218,5.007560005197505,4.868063247539742,False
2014-11-06 10:00:00+00:00,3.97944075956138,5.991657770270271,5.262027365632097,False
2014-11-06 10:30:00+00:00,3.815263011500401,6.494558601871103,5.355834784254352,False
2014-11-06 11:00:00+00:00,5.210882481947045,6.812142645530146,6.177227252081757,False
2014-11-06 11:30:00+00:00,4.523760256753143,9.238831704781706,6.383382853898562,False
2014-11-06 12:00:00+00:00,5.053676491040385,9.362980353430354,6.178868130204391,False
2014-11-06 12:30:00+00:00,5.397090345012035,7.796881133056135,6.421045041635125,False
2014-11-06 13:00:00+00:00,4.565675608451458,8.379354132016633,4.842336638909916,False
2014-11-06 13:30:00+00:00,5.927423000802354,7.382555457380458,6.612131302043906,False
2014-11-06 14:00:00+00:00,3.9646106713024873,7.408497453222454,4.221381264193793,False
2014-11-06 14:30:00+00:00,4.245421128644023,6.180312370062371,5.748831074943225,False
2014-11-06 15:00:00+00:00,4.010899251136667,5.473431133056133,5.793582096896291,False
2014-11-06 15:30:00+00:00,2.98642773468842,5.737593321205821,4.898776003028009,False
2014-11-06 16:00:00+00:00,2.647250494784702,4.293104028066528,3.2680580999242994,False
2014-11-06 16:30:00+00:00,2.044429045199251,3.252748986486487,2.5099509462528387,False
2014-11-06 17:00:00+00:00,1.5423204867611662,2.5823484147609146,1.5155435654806964,False
2014-11-06 17:30:00+00:00,1.2329732816261034,1.6302473492723497,1.2395384557153672,False
2014-11-06 18:00:00+00:00,1.193532361594009,1.5887868503118503,0.9949437925813778,False
2014-11-06 18:30:00+00:00,1.2663004546670231,1.6953571205821207,1.080599886449659,False
2014-11-06 19:00:00+00:00,1.2284624765980208,1.69685038981289,1.0491234292202876,False
2014-11-06 19:30:00+00:00,1.1790491575287507,1.379843555093555,1.0469383421650265,False
2014-11-06 20:00:00+00:00,1.226493260230008,1.5018880457380457,1.0258590461771384,False
2014-11-06 20:30:00+00:00,1.200552901845413,1.2413285602910604,1.0017733156699469,False
2014-11-06 21:00:00+00:00,1.2186571008290985,1.1943040800415805,1.0139964420893262,False
2014-11-06 21:30:00+00:00,1.1779466167424444,1.251031211018711,1.0692964799394398,False
2014-11-06 22:00:00+00:00,1.1870554426317197,1.3423183212058214,1.02554882664648,False
2014-11-06 22:30:00+00:00,1.1779466167424444,1.4657276247401247,1.0302269114307343,False
2014-11-06 23:00:00+00:00,1.1779466167424444,1.5110139293139295,1.1132625662376985,False
2014-11-06 23:30:00+00:00,1.2527872425782294,1.562454521829522,1.0142726722180164,False
2014-11-07 00:00:00+00:00,1.2003929392885797,1.441277520790021,1.010676911430734,False
2014-11-07 00:30:00+00:00,1.1779466167424444,1.5229799376299378,1.062482588947767,False
2014-11-07 01:00:00+00:00,1.2176021396095211,1.6154276507276508,1.0690671839515518,False
2014-11-07 01:30:00+00:00,1.2250769189622894,1.5258451663201664,1.103083648750946,False
2014-11-07 02:00:00+00:00,1.225733832575555,1.4766952702702705,1.126853028009084,False
2014-11-07 02:30:00+00:00,1.2080873763038245,1.567498050935551,1.017030317940954,False
2014-11-07 03:00:00+00:00,1.2088533297673176,1.5481596153846156,1.12403433005299,False
2014-11-07 03:30:00+00:00,1.1779466167424444,1.599379417879418,1.1483035957607872,False
2014-11-07 04:00:00+00:00,1.2195846483016848,1.734819022869023,1.1186272899318697,False
2014-11-07 04:30:00+00:00,1.2444926450922709,1.844423596673597,1.1281980317940954,False
2014-11-07 05:00:00+00:00,1.239437897833645,1.92929222972973,1.569902271006813,False
2014-11-07 05:30:00+00:00,1.1849992243915484,1.988642463617464,1.4634154428463286,False
2014-11-07 06:00:00+00:00,1.1779466167424444,1.933012577962578,1.2753127554882666,False
2014-11-07 06:30:00+00:00,1.1779466167424444,2.046326533264033,1.4528082891748677,False
2014-11-07 07:00:00+00:00,1.3315587055362397,2.2589079002079004,1.588168168054504,False
2014-11-07 07:30:00+00:00,1.606160925381118,2.429792775467776,2.0701225965177894,False
2014-11-07 08:00:00+00:00,1.9356901577962025,2.6457290800415803,2.614359311127933,False
2014-11-07 08:30:00+00:00,2.5698830435945443,3.3419735966735966,3.1853319076457227,False
2014-11-07 09:00:00+00:00,3.1913641347954,3.926125103950104,3.6953363739591216,False
2014-11-07 09:30:00+00:00,3.656223134527949,4.427518788981289,4.054725246025738,False
2014-11-07 10:00:00+00:00,3.7812611660871887,5.148925623700624,4.9214545041635125,False
2014-11-07 10:30:00+00:00,3.2839493179994648,4.7497981808731815,4.295239364118093,False
2014-11-07 11:00:00+00:00,4.028722198448783,5.846232666320167,5.082591029523089,False
2014-11-07 11:30:00+00:00,3.482928376571276,4.880453378378379,4.437733838001514,False
2014-11-07 12:00:00+00:00,2.5646149772666487,3.946429677754678,2.6437368660105984,False
2014-11-07 12:30:00+00:00,1.7134971115271462,1.895879391891892,1.1518045798637395,False
2014-11-07 13:00:00+00:00,1.2649713827226532,1.707581574844075,1.0037027252081756,False
2014-11-07 13:30:00+00:00,1.1779466167424444,1.8318822765072769,1.0037027252081756,False
2014-11-07 14:00:00+00:00,1.4049703396630115,1.674558653846154,1.2830060938682817,False
2014-11-07 14:30:00+00:00,1.180791414816796,1.5184117203742205,1.0008964042392126,False
2014-11-07 15:00:00+00:00,1.3023887135597754,1.3352635654885656,1.0467825132475397,False
2014-11-07 15:30:00+00:00,1.360173040920032,1.2545973492723494,1.0258229371688112,False
2014-11-07 16:00:00+00:00,1.4425837657127574,1.284010498960499,1.0386961014383045,False
2014-11-07 16:30:00+00:00,1.3040092270660606,1.483423154885655,1.0362310370931112,False
2014-11-07 17:00:00+00:00,1.227659400909334,1.3320935810810812,1.0019453065859196,False
2014-11-07 17:30:00+00:00,1.2192045199251136,1.1976553794178797,1.0145433005299016,False
2014-11-07 18:00:00+00:00,1.219420192564857,1.3276903326403326,1.0249844814534443,False
2014-11-07 18:30:00+00:00,1.2728821877507353,1.3870600831600832,1.1961458743376228,False
2014-11-07 19:00:00+00:00,1.3871071676918962,1.1814985187110187,1.0037027252081756,False
2014-11-07 19:30:00+00:00,1.1779466167424444,1.1814985187110187,1.0037027252081756,False
2014-11-07 20:00:00+00:00,1.3520680930730142,1.202227468814969,1.0037027252081756,False
2014-11-07 20:30:00+00:00,1.1812953463492912,1.1814985187110187,0.9981180923542772,False
2014-11-07 21:00:00+00:00,1.3030824284568066,1.1814985187110187,1.0037027252081756,False
2014-11-07 21:30:00+00:00,1.216555817063386,1.4091869542619544,1.0037027252081756,False
2014-11-07 22:00:00+00:00,1.2265399839529283,1.195990410602911,1.0037027252081756,False
2014-11-07 22:30:00+00:00,1.2745749933137205,1.3335069386694387,1.027567335352006,False
2014-11-07 23:00:00+00:00,1.2707579566729073,1.2100445686070689,1.0275151021953064,False
2014-11-07 23:30:00+00:00,1.2643178924846217,1.2841383316008317,1.0515137017411051,False
2014-11-08 00:00:00+00:00,1.1779466167424444,1.2251933212058213,1.0151130582891748,False
2014-11-08 00:30:00+00:00,1.2297852901845414,1.1814985187110187,1.008674640423921,False
2014-11-08 01:00:00+00:00,1.1784784701791924,1.2229139033264034,1.0037027252081756,False
2014-11-08 01:30:00+00:00,1.1779466167424444,1.1918596673596675,1.032558819076457,False
2014-11-08 02:00:00+00:00,1.1786328162610324,1.1814985187110187,1.0037027252081756,False
2014-11-08 02:30:00+00:00,1.1840079165552289,1.1949241424116426,1.0037027252081756,False
2014-11-08 03:00:00+00:00,1.1807464562717302,1.224097583160083,1.0347213096139287,False
2014-11-08 03:30:00+00:00,1.2062300882588928,1.1856114864864866,1.0076701741105225,False
2014-11-08 04:00:00+00:00,1.1801161005616474,1.1814985187110187,1.094453860711582,False
2014-11-08 04:30:00+00:00,1.2969039850227333,1.1918015852390853,1.1281340272520817,False
2014-11-08 05:00:00+00:00,1.237543781759829,1.2494174376299376,1.0037027252081756,False
2014-11-08 05:30:00+00:00,1.187896576624766,1.28637117983368,1.0610550340651022,False
2014-11-08 06:00:00+00:00,1.380218373896764,1.1814985187110187,1.0079433005299014,False
2014-11-08 06:30:00+00:00,1.2160514576089865,1.1814985187110187,1.0737607115821346,False
2014-11-08 07:00:00+00:00,1.183415244717839,1.3798432692307692,1.0196386449659347,False
2014-11-08 07:30:00+00:00,1.215430596416154,1.4244429573804576,1.0037027252081756,False
2014-11-08 08:00:00+00:00,1.2505370954800747,1.445925103950104,1.0037027252081756,False
2014-11-08 08:30:00+00:00,1.1800882588927522,1.3720823544698546,1.0781411809235428,False
2014-11-08 09:00:00+00:00,1.2057191227600963,1.4234088617463616,1.0037027252081756,False
2014-11-08 09:30:00+00:00,1.3115128109120084,1.863569854469855,1.1553098788796363,False
2014-11-08 10:00:00+00:00,1.740665953463493,1.9623443347193348,2.0042614685844056,False
2014-11-08 10:30:00+00:00,2.884681278416689,2.817014968814969,3.1629694928084784,False
2014-11-08 11:00:00+00:00,3.5313487028617274,4.945243165280666,4.656691180923542,False
2014-11-08 11:30:00+00:00,5.146906258357849,6.511774454261954,5.764401665404995,False
2014-11-08 12:00:00+00:00,4.3108682267986085,7.074934095634097,5.936105904617713,False
2014-11-08 12:30:00+00:00,5.134038512971383,7.000773206860707,6.203714231642694,False
2014-11-08 13:00:00+00:00,4.656304814121422,6.177706626819127,5.376005488266465,False
2014-11-08 13:30:00+00:00,4.467344102701257,7.174305795218296,5.693146404239212,False
2014-11-08 14:00:00+00:00,4.550522679860925,6.030514890852391,6.031264685844057,False
2014-11-08 14:30:00+00:00,4.295357502005884,6.32386314968815,5.312212869038607,False
2014-11-08 15:00:00+00:00,3.352080074886333,5.448734485446986,4.622841294473883,False
2014-11-08 15:30:00+00:00,2.1571451457608988,4.62629909043659,3.736222142316427,False
2014-11-08 16:00:00+00:00,2.0431466969778014,3.6181289241164247,2.6300864875094625,False
2014-11-08 16:30:00+00:00,1.89735135062851,2.694032042619543,2.183313588190764,False
2014-11-08 17:00:00+00:00,1.648800106980476,2.2012498960498963,1.7793476532929595,False
2014-11-08 17:30:00+00:00,1.376262342872426,2.1197513513513515,1.5326901211203634,False
2014-11-08 18:00:00+00:00,1.2049399037175716,1.3726676975051977,1.399834822104466,False
2014-11-08 18:30:00+00:00,1.2449907996790583,1.441276611226611,1.1147376608629826,False
2014-11-08 19:00:00+00:00,1.1779466167424444,1.2673862266112268,1.0346362982588946,False
2014-11-08 19:30:00+00:00,1.2501139074618883,1.318539397089397,1.0229946252838755,False
2014-11-08 20:00:00+00:00,1.2170872158331103,1.4506145270270272,1.000507797123391,False
2014-11-08 20:30:00+00:00,1.1779466167424444,1.3823227130977132,0.9980541635124904,False
2014-11-08 21:00:00+00:00,1.1779466167424444,1.3646220893970895,1.001167335352006,False
2014-11-08 21:30:00+00:00,1.2281319604172238,1.4904017671517673,1.0206404617713851,False
2014-11-08 22:00:00+00:00,1.1779466167424444,1.281139994802495,1.0025076835730506,False
2014-11-08 22:30:00+00:00,1.184193420700722,1.2464552754677756,1.0069062452687358,False
2014-11-08 23:00:00+00:00,1.2690214228403316,1.2469386434511436,1.007996290688872,False
2014-11-08 23:30:00+00:00,1.4211484889007755,1.3373297297297295,1.0037027252081756,False
2014-11-09 00:00:00+00:00,1.2098211286440224,1.5627346933471935,1.0037027252081756,False
2014-11-09 00:30:00+00:00,1.261981305161808,1.3953436590436592,1.1249065102195306,False
2014-11-09 01:00:00+00:00,1.2238513238833912,1.4133618243243244,1.02653145344436,False
2014-11-09 01:30:00+00:00,1.3753358384594812,1.3462620582120584,1.0296950037850112,False
2014-11-09 02:00:00+00:00,1.211980502808237,1.2880931652806655,1.074013550340651,False
2014-11-09 02:30:00+00:00,1.1904582508692163,1.403318711018711,1.0244118092354275,False
2014-11-09 03:00:00+00:00,1.2794806632789515,1.3027955821205823,1.0037027252081756,False
2014-11-09 03:30:00+00:00,1.1779466167424444,1.389068425155925,1.0190209311127931,False
2014-11-09 04:00:00+00:00,1.306159347419096,1.546175623700624,1.0037027252081756,False
2014-11-09 04:30:00+00:00,1.2595927788178656,1.6193123440748445,1.0203495836487508,False
2014-11-09 05:00:00+00:00,1.1823290719443702,1.3098831081081082,1.0105651021953066,False
2014-11-09 05:30:00+00:00,1.1783973789783366,1.5282260395010396,1.026633232399697,False
2014-11-09 06:00:00+00:00,1.1779466167424444,1.2246743762993764,1.0874592354277064,False
2014-11-09 06:30:00+00:00,1.2127003744316665,1.4796624740124742,1.0893420514761545,False
2014-11-09 07:00:00+00:00,1.2398761166087189,1.6765371101871105,1.0037027252081756,False
2014-11-09 07:30:00+00:00,1.1779466167424444,1.2743282744282745,1.0037027252081756,False
2014-11-09 08:00:00+00:00,1.4489453062316129,2.1025955561330565,1.923497047691143,False
2014-11-09 08:30:00+00:00,2.3610520460016047,3.3657738045738044,3.29376279333838,False
2014-11-09 09:00:00+00:00,3.2877088526343945,4.599120348232849,4.181547577592732,False
2014-11-09 09:30:00+00:00,4.347239636266382,5.708851559251559,4.91406514004542,False
2014-11-09 10:00:00+00:00,4.720231452259962,6.462750077962578,5.723548107494322,False
2014-11-09 10:30:00+00:00,4.02975324953196,6.826234537422037,6.045265215745647,False
2014-11-09 11:00:00+00:00,5.051853062316128,7.704146101871103,5.762025738077214,False
2014-11-09 11:30:00+00:00,3.157989515913346,7.788566242203743,6.792440764572293,False
2014-11-09 12:00:00+00:00,5.194281813319069,5.979287084199584,3.4335460635881905,False
2014-11-09 12:30:00+00:00,4.362461487028617,5.454490852390853,4.816771082513247,False
2014-11-09 13:00:00+00:00,4.439611714362128,8.114508497920998,7.0074463663890985,False
2014-11-09 13:30:00+00:00,5.43424835517518,7.683576169438671,7.039731150643452,False
2014-11-09 14:00:00+00:00,4.829552046001605,8.21082027027027,7.445765367146101,False
2014-11-09 14:30:00+00:00,5.179517732013908,8.082916839916841,7.504464875094624,False
2014-11-09 15:00:00+00:00,4.299926504412945,6.494906600831601,6.488277176381529,False
2014-11-09 15:30:00+00:00,3.3161349826156727,6.010333445945947,4.940681188493566,False
2014-11-09 16:00:00+00:00,2.6671328162610326,4.376718451143451,3.646277668433005,False
2014-11-09 16:30:00+00:00,1.913665338325756,3.07225511954262,2.1719360333080995,False
2014-11-09 17:00:00+00:00,1.2913520994918428,2.1442945166320166,1.4167933762301288,False
2014-11-09 17:30:00+00:00,1.3871617812249266,1.899460758835759,1.0896829674489024,False
2014-11-09 18:00:00+00:00,1.1816081305161807,1.634281938669439,1.0919852763058289,False
2014-11-09 18:30:00+00:00,1.202522332174378,1.488015462577963,1.0037027252081756,False
2014-11-09 19:00:00+00:00,1.1779466167424444,1.7322286642411644,1.163647388342165,False
2014-11-09 19:30:00+00:00,1.196146001604707,1.6041243243243244,1.040607910673732,False
2014-11-09 20:00:00+00:00,1.1779466167424444,1.2165757796257797,1.0085665404996214,False
2014-11-09 20:30:00+00:00,1.1779466167424444,1.2413591995841995,1.0001394398183192,False
2014-11-09 21:00:00+00:00,1.1779466167424444,1.4524946985446987,0.9958871688115064,False
2014-11-09 21:30:00+00:00,1.1779466167424444,1.2629118762993763,1.0004568508705525,False
2014-11-09 22:00:00+00:00,1.1779466167424444,1.34182143970894,1.0205353898561695,False
2014-11-09 22:30:00+00:00,1.19675407863065,1.1814985187110187,1.0278608251324757,False
2014-11-09 23:00:00+00:00,1.1862558972987431,1.1814985187110187,1.0037027252081756,False
2014-11-09 23:30:00+00:00,1.2492181599358116,1.6037533004158004,1.0037027252081756,False
2014-11-10 00:00:00+00:00,1.1923184006418828,1.2316465176715177,1.0037027252081756,False
2014-11-10 00:30:00+00:00,1.250366274404921,1.264310369022869,1.011921196063588,False
2014-11-10 01:00:00+00:00,1.4858266648836589,1.266016606029106,1.030587017411052,False
2014-11-10 01:30:00+00:00,1.2284448783097084,1.2969465956340955,1.0731092732778198,False
2014-11-10 02:00:00+00:00,1.1779466167424444,1.2812022089397093,1.1652220287660862,False
2014-11-10 02:30:00+00:00,1.208701711687617,1.2288574064449067,1.0037027252081756,False
2014-11-10 03:00:00+00:00,1.1779466167424444,1.1814985187110187,1.0401549962149883,False
2014-11-10 03:30:00+00:00,1.344648783097085,1.2324116424116425,0.9991967827403482,False
2014-11-10 04:00:00+00:00,1.241203476865472,1.1814985187110187,1.0327930734292203,False
2014-11-10 04:30:00+00:00,1.1779466167424444,1.2802589916839917,1.006205791067373,False
2014-11-10 05:00:00+00:00,1.1779466167424444,1.3452837577962578,1.0631094625283874,False
2014-11-10 05:30:00+00:00,1.2019123562449854,1.3025588877338878,1.0427062831188494,False
2014-11-10 06:00:00+00:00,1.1779466167424444,1.1814985187110187,1.0037027252081756,False
2014-11-10 06:30:00+00:00,1.181608210751538,1.1814985187110187,1.056981718395155,False
2014-11-10 07:00:00+00:00,1.1779466167424444,1.2893243762993765,1.0021376608629826,False
2014-11-10 07:30:00+00:00,2.063977908531693,3.697688643451144,1.0245574564723694,False
2014-11-10 08:00:00+00:00,2.6262672639743245,1.5107906444906447,1.3266755109765327,False
2014-11-10 08:30:00+00:00,1.99962120887938,2.608263331600832,2.5704993943981838,False
2014-11-10 09:00:00+00:00,3.07979403583846,3.5967942827442827,2.834458175624527,False
2014-11-10 09:30:00+00:00,2.980849291254346,4.767533627858628,3.9738668433005295,False
2014-11-10 10:00:00+00:00,3.678553704198984,5.416313773388774,4.456155828917487,False
2014-11-10 10:30:00+00:00,3.3555372292056704,5.498263253638254,4.895173012869038,False
2014-11-10 11:00:00+00:00,3.137701524471784,7.4006211538461555,5.376441975775927,False
2014-11-10 11:30:00+00:00,2.9843078630649904,8.082784121621621,6.977107797123392,False
2014-11-10 12:00:00+00:00,5.108582214495854,7.121510135135136,6.119239174867524,False
2014-11-10 12:30:00+00:00,4.85390216635464,7.371762967775468,7.350827517032551,False
2014-11-10 13:00:00+00:00,4.537099946509762,6.974766424116424,4.841327592732778,False
2014-11-10 13:30:00+00:00,4.477180208611928,6.627912396049896,5.638198523845571,False
2014-11-10 14:00:00+00:00,4.120597699919764,7.218611226611227,5.978777365632096,False
2014-11-10 14:30:00+00:00,4.281380476063118,6.2137223492723495,5.208717335352005,False
2014-11-10 15:00:00+00:00,3.102567611660872,5.2008900207900215,4.26583732021196,False
2014-11-10 15:30:00+00:00,2.56434265846483,4.405784095634096,2.966899091597275,False
2014-11-10 16:00:00+00:00,2.31499130783632,4.00581340956341,2.665178766086298,False
2014-11-10 16:30:00+00:00,1.5080685477400373,3.3649104989604988,2.333128160484481,False
2014-11-10 17:00:00+00:00,1.1779466167424444,2.719235862785863,2.04558667676003,False
2014-11-10 17:30:00+00:00,1.369818801818668,2.638873778586279,1.6288624905374711,False
2014-11-10 18:00:00+00:00,1.2000126236961757,2.0626674896049897,1.3337419757759272,False
2014-11-10 18:30:00+00:00,1.2311475528216105,2.083905587318088,1.1818197577592733,False
2014-11-10 19:00:00+00:00,1.1779466167424444,1.9083575363825367,1.3072888720666158,False
2014-11-10 19:30:00+00:00,1.283286440224659,1.920996075883576,1.1251804314912943,False
2014-11-10 20:00:00+00:00,1.2258458411339932,1.5769485706860709,1.344366919000757,False
2014-11-10 20:30:00+00:00,1.1779466167424444,1.6281770010395014,1.348196025738077,False
2014-11-10 21:00:00+00:00,1.422652687884461,1.7954911122661124,1.1617377744133233,False
2014-11-10 21:30:00+00:00,1.5566201123294998,2.0876178534303538,1.3472692278576834,False
2014-11-10 22:00:00+00:00,1.3398211553891413,1.625872972972973,1.0395806585919756,False
2014-11-10 22:30:00+00:00,1.2759585450655255,1.4343022089397088,1.205117259651779,False
2014-11-10 23:00:00+00:00,1.2443835517518054,1.5267349532224532,1.0318184708554126,False
2014-11-10 23:30:00+00:00,1.2847898101096549,1.4503028326403329,1.188345268735806,False
2014-11-11 00:00:00+00:00,1.3620060443968975,1.3929978690228693,1.0037027252081756,False
2014-11-11 00:30:00+00:00,1.2479534100026746,1.3347744282744285,1.097715404996215,False
2014-11-11 01:00:00+00:00,1.3633024605509494,1.3838781444906447,1.039045874337623,False
2014-11-11 01:30:00+00:00,1.195898662744049,1.7449524948024953,1.0531626419379256,False
2014-11-11 02:00:00+00:00,1.2494079967905856,1.374313305613306,1.0045723315669943,False
2014-11-11 02:30:00+00:00,1.1915689489168226,1.281578014553015,1.0470945495836488,False
2014-11-11 03:00:00+00:00,1.307664803423375,1.3937205041580043,1.0548700984102952,False
2014-11-11 03:30:00+00:00,1.1779466167424444,1.3684593035343036,1.0555968584405753,False
2014-11-11 04:00:00+00:00,1.1779466167424444,1.749203924116424,1.0476514761544284,False
2014-11-11 04:30:00+00:00,1.3317740572345549,1.532638175675676,1.0791747161241485,False
2014-11-11 05:00:00+00:00,1.1779466167424444,1.6037074064449066,1.0507878879636638,False
2014-11-11 05:30:00+00:00,1.1779466167424444,1.3347410602910603,1.0014655942467827,False
2014-11-11 06:00:00+00:00,1.238775929392886,1.4525468555093557,1.0374414458743375,False
2014-11-11 06:30:00+00:00,1.2663266381385396,1.6854604209979211,1.0616893262679787,False
2014-11-11 07:00:00+00:00,1.22716440224659,1.858468477130977,1.0632623769871308,False
2014-11-11 07:30:00+00:00,1.1779466167424444,1.1814985187110187,1.5418639288417864,False
2014-11-11 08:00:00+00:00,1.343213746991174,1.833497713097713,1.231921385314156,False
2014-11-11 08:30:00+00:00,1.4680834447713291,2.3893634615384616,1.371127592732778,False
2014-11-11 09:00:00+00:00,1.329108478202728,2.283447557172557,1.896152006056018,False
2014-11-11 09:30:00+00:00,2.870172960684675,4.118340748440748,3.2793904617713854,False
2014-11-11 10:00:00+00:00,4.0329391281091205,5.59028562889813,4.949863361090083,False
2014-11-11 10:30:00+00:00,5.18160978871356,6.533184875259876,6.1106591975775935,False
2014-11-11 11:00:00+00:00,4.250280262102166,6.934899168399169,6.176838152914458,False
2014-11-11 11:30:00+00:00,4.507917651778551,6.059606470893972,5.260140461771385,False
2014-11-11 12:00:00+00:00,6.017207863064991,7.634004002079002,6.561718546555639,False
2014-11-11 12:30:00+00:00,4.032160016047072,6.1342670997921,5.350187130961393,False
2014-11-11 13:00:00+00:00,2.905436319871623,5.100551403326404,3.9256213096139287,False
2014-11-11 13:30:00+00:00,3.45307772131586,5.299646491683992,4.041481680545041,False
2014-11-11 14:00:00+00:00,2.653684755282161,4.474940904365904,3.4657459878879635,False
2014-11-11 14:30:00+00:00,4.306579326023001,5.73775233887734,4.998559424678273,False
2014-11-11 15:00:00+00:00,3.9906123562449856,5.252809901247401,4.730935541256624,False
2014-11-11 15:30:00+00:00,2.685107702594277,4.468853742203742,3.6595592354277056,False
2014-11-11 16:00:00+00:00,2.464870526878845,3.728997946985448,2.817520817562453,False
2014-11-11 16:30:00+00:00,1.908049050548275,3.134177390852391,1.8932656320968964,False
2014-11-11 17:00:00+00:00,1.6173778015512168,2.45139158004158,1.8214923921271764,False
2014-11-11 17:30:00+00:00,1.357054399572078,2.1236106288981293,1.1701842165026497,False
2014-11-11 18:00:00+00:00,1.3946805028082374,1.97503341995842,1.444332967448902,False
2014-11-11 18:30:00+00:00,1.2450827226531158,2.065546855509356,1.2279638909916728,False
2014-11-11 19:00:00+00:00,1.1779466167424444,1.6971239604989603,1.152077441332324,False
2014-11-11 19:30:00+00:00,1.1779466167424444,1.5908448544698546,1.0435339894019682,False
2014-11-11 20:00:00+00:00,1.2285360524204334,1.4361744022869023,1.0258582513247538,False
2014-11-11 20:30:00+00:00,1.25122037978069,1.5709595634095637,1.0824393262679788,False
2014-11-11 21:00:00+00:00,1.1779466167424444,1.527783108108108,1.0071625283875851,False
2014-11-11 21:30:00+00:00,1.1779466167424444,1.3734578222453224,1.0081462528387584,False
2014-11-11 22:00:00+00:00,1.1825232415084248,1.340031470893971,1.0073656320968962,False
2014-11-11 22:30:00+00:00,1.2172791655522863,1.4153410602910603,1.0048033308099924,False
2014-11-11 23:00:00+00:00,1.1779466167424444,1.5149818607068608,1.0978120741862225,False
2014-11-11 23:30:00+00:00,1.2137370954800748,1.520812707900208,1.047411014383043,False
2014-11-12 00:00:00+00:00,1.217600213960952,1.5868277806652809,1.0757338001514003,False
2014-11-12 00:30:00+00:00,1.2477289917090133,1.3013360706860708,1.0601169190007569,False
2014-11-12 01:00:00+00:00,1.282040706071142,1.682394048856549,1.100732323996972,False
2014-11-12 01:30:00+00:00,1.1779466167424444,1.408218814968815,1.0786600681302043,False
2014-11-12 02:00:00+00:00,1.1779466167424444,1.6782304313929317,1.0774559803179409,False
2014-11-12 02:30:00+00:00,1.1779466167424444,1.660999792099792,1.218731869795609,False
2014-11-12 03:00:00+00:00,1.3330622358919495,1.3311429313929315,1.0074393641180923,False
2014-11-12 03:30:00+00:00,1.1779466167424444,1.406533497920998,1.1489502271006813,False
2014-11-12 04:00:00+00:00,1.2376294196309174,1.6530185810810811,1.145669417108251,False
2014-11-12 04:30:00+00:00,1.2963940893286976,1.5137764553014552,1.0888077214231642,False
2014-11-12 05:00:00+00:00,1.3964227333511634,1.7947809771309775,1.4202105601816803,False
2014-11-12 05:30:00+00:00,1.274864108050281,1.719127390852391,1.3834037471612413,False
2014-11-12 06:00:00+00:00,1.2765943567798876,1.7422150987525988,1.1715381150643451,False
2014-11-12 06:30:00+00:00,1.2657629580101633,1.537316528066528,1.1995171839515515,False
2014-11-12 07:00:00+00:00,1.195771355977534,1.7481689189189191,1.126795533686601,False
2014-11-12 07:30:00+00:00,1.3991921101898903,1.5293930873180874,1.08612036336109,False
2014-11-12 08:00:00+00:00,1.3512292324150843,1.792763305613306,1.2843611657834972,False
2014-11-12 08:30:00+00:00,1.663818694838192,1.656996153846154,1.6800465934897804,False
2014-11-12 09:00:00+00:00,2.264918721583311,2.8174216995842,2.7316034822104465,False
2014-11-12 09:30:00+00:00,3.3739717838994383,4.4695763253638265,4.089632437547313,False
2014-11-12 10:00:00+00:00,4.570947071409467,5.680915384615385,5.326056131718394,False
2014-11-12 10:30:00+00:00,4.338853222786841,6.8191124220374215,5.937450227100681,False
2014-11-12 11:00:00+00:00,5.223597994116074,8.114875883575884,7.009844208932625,False
2014-11-12 11:30:00+00:00,4.8737399572078095,8.656824662162164,7.016140461771385,False
2014-11-12 12:00:00+00:00,7.489870740839796,8.422718892931394,7.658583043149129,False
2014-11-12 12:30:00+00:00,5.652553410002675,8.560801013513514,8.19538179409538,False
2014-11-12 13:00:00+00:00,4.826490612463226,6.328382120582121,5.627538342165025,False
2014-11-12 13:30:00+00:00,4.583973388606579,6.850852286902287,4.716429636638909,False
2014-11-12 14:00:00+00:00,4.979402300080236,6.791589630977132,5.561582361847085,False
2014-11-12 14:30:00+00:00,4.716456592671838,6.459652650727651,5.822004239212717,False
2014-11-12 15:00:00+00:00,3.647189168226799,5.363472531185032,4.755948485995458,False
2014-11-12 15:30:00+00:00,2.681208451457609,3.6904220893970896,3.22948315669947,False
2014-11-12 16:00:00+00:00,2.0327566729071944,3.530127884615385,2.568957456472369,False
2014-11-12 16:30:00+00:00,1.2637437015244717,2.4828114864864865,1.9322192278576835,False
2014-11-12 17:00:00+00:00,1.4419350093607917,1.9003688669438676,1.609248561695685,False
2014-11-12 17:30:00+00:00,1.3838335918694835,1.64224183991684,1.4860758894776684,False
2014-11-12 18:00:00+00:00,1.4641744316662209,1.2764818866943868,1.1960052990158971,False
2014-11-12 18:30:00+00:00,1.3862154586787911,1.238294152806653,1.175112376987131,False
2014-11-12 19:00:00+00:00,1.4106258357849693,1.2587260135135137,1.033301059803179,False
2014-11-12 19:30:00+00:00,1.196998395292859,1.206832172557173,1.134777024981075,False
2014-11-12 20:00:00+00:00,1.1779466167424444,1.1840178274428277,1.0779338758516277,False
2014-11-12 20:30:00+00:00,1.1779466167424444,1.311341424116424,1.1267330431491294,False
2014-11-12 21:00:00+00:00,1.1779466167424444,1.373702079002079,1.0994229371688111,False
2014-11-12 21:30:00+00:00,1.1806873228135866,1.3802286122661125,1.1246417108251323,False
2014-11-12 22:00:00+00:00,1.3171940358384595,1.6140044698544698,1.0844364118092351,False
2014-11-12 22:30:00+00:00,1.2842211553891414,1.4722260395010398,1.204049167297502,False
2014-11-12 23:00:00+00:00,1.3699277079433003,1.5213221153846157,1.1121679031037093,False
2014-11-12 23:30:00+00:00,1.3136802353570474,1.608856211018711,1.1834717638152914,False
2014-11-13 00:00:00+00:00,1.4080547740037443,1.3509908783783784,1.1137611279333837,False
2014-11-13 00:30:00+00:00,1.3806488900775609,1.4135603430353432,1.182915556396669,False
2014-11-13 01:00:00+00:00,1.34509973254881,1.4682882536382535,1.193127592732778,False
2014-11-13 01:30:00+00:00,1.2636231345279485,1.3223869542619544,1.1464461771385313,False
2014-11-13 02:00:00+00:00,1.4329318534367477,1.6138704261954264,1.1834327781983345,False
2014-11-13 02:30:00+00:00,1.3130222519390211,1.3165498180873183,1.149364572293717,False
2014-11-13 03:00:00+00:00,1.3866515110992244,1.7152739864864863,1.1695080620741862,False
2014-11-13 03:30:00+00:00,1.3720150040117678,1.4307805873180874,1.095560333080999,False
2014-11-13 04:00:00+00:00,1.394594784701792,1.5901705041580043,1.2899043906131715,False
2014-11-13 04:30:00+00:00,1.3549257822947314,1.4952392931392933,1.3254736941710823,False
2014-11-13 05:00:00+00:00,1.3973936079165552,1.3474559511434512,1.3025825132475397,False
2014-11-13 05:30:00+00:00,1.536808478202728,1.5878442307692309,1.111473996971991,False
2014-11-13 06:00:00+00:00,1.3507918159935812,1.6304802234927236,1.280974072672218,False
2014-11-13 06:30:00+00:00,1.3631940893286976,1.9705146569646568,1.2224079106737322,False
2014-11-13 07:00:00+00:00,1.340417090131051,1.9627098232848237,1.549653860711582,False
2014-11-13 07:30:00+00:00,1.650506659534635,2.72636735966736,2.5127465934897804,False
2014-11-13 08:00:00+00:00,2.1853241775875905,3.1176031444906447,2.770365291445874,False
2014-11-13 08:30:00+00:00,2.547091709013105,3.3824607328482337,2.883309424678274,False
2014-11-13 09:00:00+00:00,3.172383605242043,4.148447427234927,4.386871385314155,False
2014-11-13 09:30:00+00:00,3.554117972719979,4.592642177754678,4.287479295987888,False
2014-11-13 10:00:00+00:00,4.217901470981546,5.147448154885655,4.9045764950794855,False
2014-11-13 10:30:00+00:00,3.965563332441829,4.78701198024948,4.628395760787282,False
2014-11-13 11:00:00+00:00,2.873346857448516,3.5717696985446987,3.1699703633610903,False
2014-11-13 11:30:00+00:00,3.608574324685745,4.826650935550936,4.148541975775927,False
2014-11-13 12:00:00+00:00,4.0867072746723725,4.6177975051975055,4.406790726722179,False
2014-11-13 12:30:00+00:00,2.096737790853169,3.04507538981289,2.5350948523845567,False
2014-11-13 13:00:00+00:00,2.626893420700722,3.597604885654886,2.9596052233156698,False
2014-11-13 13:30:00+00:00,2.897408210751538,4.322118711018712,3.761427024981075,False
2014-11-13 14:00:00+00:00,2.380175528216101,3.0688894750519755,2.875217221801665,False
2014-11-13 14:30:00+00:00,2.5914642150307574,2.4345614085239085,2.5159855791067374,False
2014-11-13 15:00:00+00:00,2.416401711687617,3.066969074844075,2.54929947009841,False
2014-11-13 15:30:00+00:00,1.8992791388071677,2.5904790540540543,2.352923656320969,False
2014-11-13 16:00:00+00:00,1.2967760096282428,1.8019150207900207,1.907837887963664,False
2014-11-13 16:30:00+00:00,1.561399839529286,1.7799934511434516,1.6931651778955334,False
2014-11-13 17:00:00+00:00,1.7469073816528484,1.7394700363825364,1.6908999242997726,False
2014-11-13 17:30:00+00:00,1.6364498261567266,1.5980427234927237,1.5849943981831949,False
2014-11-13 18:00:00+00:00,1.4867944905054826,1.4903936590436593,1.4342842165026493,False
2014-11-13 18:30:00+00:00,1.6168506552554158,1.5584938149688152,1.5523853141559425,False
2014-11-13 19:00:00+00:00,1.4594231880181867,1.4547232848232847,1.3786313777441332,False
2014-11-13 19:30:00+00:00,1.4871166622091467,1.8751984407484408,1.4188155563966691,False
2014-11-13 20:00:00+00:00,1.5723755014709817,1.5202346933471935,1.40838198334595,False
2014-11-13 20:30:00+00:00,1.5784581973789784,1.409076819126819,1.3813032172596518,False
2014-11-13 21:00:00+00:00,1.32239836854774,1.5446037162162165,1.4623640045420134,False
2014-11-13 21:30:00+00:00,1.781213372559508,1.5020340176715177,1.51006566994701,False
2014-11-13 22:00:00+00:00,1.6206565124364805,1.5435418139293142,1.4124311884935654,False
2014-11-13 22:30:00+00:00,1.409280930730142,1.5605347972972974,1.4967404617713853,False
2014-11-13 23:00:00+00:00,1.4447509494517248,1.4246243762993762,1.419485541256624,False
2014-11-13 23:30:00+00:00,1.5721544263171972,1.4004360706860708,1.7153871688115063,False
2014-11-14 00:00:00+00:00,1.8801788981010967,1.7411405925155925,1.6582815291445872,False
2014-11-14 00:30:00+00:00,2.034902674511901,1.693351377338877,1.4653534822104468,False
2014-11-14 01:00:00+00:00,2.0314040652580907,1.5367017411642414,1.6755894776684328,False
2014-11-14 01:30:00+00:00,1.953825140411875,1.7320705301455304,1.5164510219530658,False
2014-11-14 02:00:00+00:00,1.8309683605242044,1.5817119282744283,1.5938038607115823,False
2014-11-14 02:30:00+00:00,2.0248903182669165,1.7476658523908528,1.4672264950794849,False
2014-11-14 03:00:00+00:00,2.0612143353837924,1.8272868243243243,1.5980166919000758,False
2014-11-14 03:30:00+00:00,1.8614413746991172,1.6793748440748442,1.569393338380015,False
2014-11-14 04:00:00+00:00,2.164677748060979,1.9435267931392932,1.629088304314913,False
2014-11-14 04:30:00+00:00,2.034236721048409,1.957131574844075,1.6364294095382286,False
2014-11-14 05:00:00+00:00,2.4222189890345014,1.9144982328482327,1.6153691143073428,False
2014-11-14 05:30:00+00:00,2.27796603369885,1.718579963617464,1.4854386449659347,False
2014-11-14 06:00:00+00:00,2.061273040920032,1.732246127858628,1.6350869417108251,False
2014-11-14 06:30:00+00:00,2.0053000534902377,2.4231870062370064,1.5841829295987886,False
2014-11-14 07:00:00+00:00,1.9347162610323616,2.0822114604989608,1.6391776305828918,False
2014-11-14 07:30:00+00:00,1.65621331906927,2.399304287941788,1.6314457229371686,False
2014-11-14 08:00:00+00:00,1.7337713024872958,2.303831470893971,1.6890700605601816,False
2014-11-14 08:30:00+00:00,1.9484312917892483,2.627126481288981,1.7369978803936412,False
2014-11-14 09:00:00+00:00,2.267823482214496,2.288314293139293,1.7189391748675245,False
2014-11-14 09:30:00+00:00,4.010200160470714,4.120839215176715,2.842339364118092,False
2014-11-14 10:00:00+00:00,4.058566595346349,4.863204573804574,4.1025074564723685,False
2014-11-14 10:30:00+00:00,5.150084059909067,6.248219698544698,4.942545041635125,False
2014-11-14 11:00:00+00:00,5.790307836319872,6.6904749220374224,6.4045815669947,False
2014-11-14 11:30:00+00:00,5.791146135330302,7.324606003118504,5.969707797123392,False
2014-11-14 12:00:00+00:00,6.235147445841133,6.660393814968815,6.543173656320968,False
2014-11-14 12:30:00+00:00,5.898102487296069,7.161300311850312,6.722360257380772,False
2014-11-14 13:00:00+00:00,5.733140973522333,7.387134719334721,6.6365766086298255,False
2014-11-14 13:30:00+00:00,5.217394142818936,6.922285836798337,6.604918925056775,False
2014-11-14 14:00:00+00:00,5.038879005081572,6.672670140332641,5.975165253595761,False
2014-11-14 14:30:00+00:00,3.87107715966836,5.44734695945946,5.0802039364118095,False
2014-11-14 15:00:00+00:00,2.862293233484889,4.841377286902287,3.8926615821347457,False
2014-11-14 15:30:00+00:00,2.5566940090933405,3.725633705821207,2.9836415215745644,False
2014-11-14 16:00:00+00:00,2.1896855308906127,3.219199220374221,2.346365897047691,False
2014-11-14 16:30:00+00:00,2.0440512436480343,2.209483991683992,1.9030382286146856,False
2014-11-14 17:00:00+00:00,1.817964856913613,2.362569984407485,2.049163058289175,False
2014-11-14 17:30:00+00:00,1.867505536239636,2.243589734927235,1.9221209311127927,False
2014-11-14 18:00:00+00:00,1.4469452527413746,2.051885472972973,2.0219527252081755,False
2014-11-14 18:30:00+00:00,1.4080618347151646,1.6691208679833682,1.771777327781983,False
2014-11-14 19:00:00+00:00,1.1938988232147631,1.482900207900208,1.4989585919757755,False
2014-11-14 19:30:00+00:00,1.4623165552286708,1.466383108108108,1.2400933762301285,False
2014-11-14 20:00:00+00:00,1.2832666488365871,1.5895242203742206,1.174192846328539,False
2014-11-14 20:30:00+00:00,1.4688775875902649,1.3431901507276507,1.2248916729750188,False
2014-11-14 21:00:00+00:00,1.3948874832843006,1.4546747661122663,1.2489704390613172,False
2014-11-14 21:30:00+00:00,1.4088483284300617,1.839752494802495,1.038896971990916,False
2014-11-14 22:00:00+00:00,1.4628978871355978,1.7189553274428278,1.2832030658591975,False
2014-11-14 22:30:00+00:00,1.4843318534367478,1.6721790280665283,1.12433433005299,False
2014-11-14 23:00:00+00:00,1.445955736828029,1.7553048076923077,1.1308837623012868,False
2014-11-14 23:30:00+00:00,1.384832709280556,1.6389345634095636,1.1052722558667676,False
2014-11-15 00:00:00+00:00,1.3654092270660605,1.5576354469854472,1.1092139288417864,False
2014-11-15 00:30:00+00:00,1.4246546402781493,1.5980517151767153,1.1736400075700226,False
2014-11-15 01:00:00+00:00,1.2551957475260764,1.4185883575883578,1.184661355034065,False
2014-11-15 01:30:00+00:00,1.3642909868948918,1.4605991164241166,1.2811549962149886,False
2014-11-15 02:00:00+00:00,1.4074332441829365,1.54643775987526,1.0941547691143074,False
2014-11-15 02:30:00+00:00,1.3178462423107782,1.3991817567567568,1.2025204390613171,False
2014-11-15 03:00:00+00:00,1.3638062316127308,1.4443925415800416,1.2036670325510976,False
2014-11-15 03:30:00+00:00,1.2827665418561112,1.615435914760915,1.0997347842543528,False
2014-11-15 04:00:00+00:00,1.203106846750468,1.415960498960499,1.0514442467827405,False
2014-11-15 04:30:00+00:00,1.3112957207809577,1.5354465176715175,1.1547541635124905,False
2014-11-15 05:00:00+00:00,1.2315094410270124,1.5654315748440748,1.055686184708554,False
2014-11-15 05:30:00+00:00,1.244069751270393,1.4677112266112269,1.1419932248296745,False
2014-11-15 06:00:00+00:00,1.1779466167424444,1.5135887733887736,1.137093679031037,False
2014-11-15 06:30:00+00:00,1.2466857448515645,1.4342471673596675,1.2711283875851629,False
2014-11-15 07:00:00+00:00,1.285159347419096,1.3736588097713098,1.1860747918243757,False
2014-11-15 07:30:00+00:00,2.4793680930730138,1.2669741943866943,1.1298080620741862,False
2014-11-15 08:00:00+00:00,1.562118855308906,2.4360202442827443,1.5742233535200605,False
2014-11-15 08:30:00+00:00,1.851396630115004,4.452287551975052,2.8695811884935654,False
2014-11-15 09:00:00+00:00,3.4512210751537844,5.26832143970894,4.2499110522331565,False
2014-11-15 09:30:00+00:00,3.673999090665953,5.665861330561331,4.861449432248296,False
2014-11-15 10:00:00+00:00,4.687539449050548,6.287774168399168,5.702012831188493,False
2014-11-15 10:30:00+00:00,4.658007729339396,5.912111902286902,4.92216631339894,False
2014-11-15 11:00:00+00:00,4.821972372292056,7.8462718295218306,6.238911809235428,False
2014-11-15 11:30:00+00:00,5.946814709815459,7.355749584199584,7.528760749432247,False
2014-11-15 12:00:00+00:00,7.254011928323081,7.395479002079003,7.544799242997729,False
2014-11-15 12:30:00+00:00,6.644759079967906,8.046062084199583,8.834671082513248,False
2014-11-15 13:00:00+00:00,5.877668654720513,7.557435628898129,5.978223618470856,False
2014-11-15 13:30:00+00:00,6.19351465632522,7.207728586278586,6.377770779712339,False
2014-11-15 14:00:00+00:00,4.9428084247124895,7.361090228690229,6.448081831945496,False
2014-11-15 14:30:00+00:00,4.651670152447179,6.2359219854469865,5.975904996214989,False
2014-11-15 15:00:00+00:00,3.8926813586520455,6.244611668399169,5.588758175624528,False
2014-11-15 15:30:00+00:00,3.437797352233217,4.916960317047818,4.36282323996972,False
2014-11-15 16:00:00+00:00,2.735600080235357,4.046033108108108,3.612778803936412,False
2014-11-15 16:30:00+00:00,2.046375501470981,3.4807910083160087,2.538370098410295,False
2014-11-15 17:00:00+00:00,1.3449497459213693,2.184212136174636,1.673855374716124,False
2014-11-15 17:30:00+00:00,1.577593099759294,2.299104132016632,1.6007200605601817,False
2014-11-15 18:00:00+00:00,1.2370324150842469,1.5881884615384616,1.317212112036336,False
2014-11-15 18:30:00+00:00,1.480877748060979,1.7368964916839915,1.4063993565480697,False
2014-11-15 19:00:00+00:00,1.2388208879379514,1.7436875779625778,1.3741461014383043,False
2014-11-15 19:30:00+00:00,1.4160422037978069,1.634933861746362,1.088236525359576,False
2014-11-15 20:00:00+00:00,1.3874837389676384,1.6513514033264034,1.1931625283875853,False
2014-11-15 20:30:00+00:00,1.279312062048676,1.404588071725572,1.1061774413323238,False
2014-11-15 21:00:00+00:00,1.271262556833378,1.3287638773388777,1.073322293716881,False
2014-11-15 21:30:00+00:00,1.2097509494517251,1.2756097713097714,1.1268180166540498,False
2014-11-15 22:00:00+00:00,1.222537416421503,1.359354106029106,1.1072808099924298,False
2014-11-15 22:30:00+00:00,1.263091227600963,1.5801392411642414,1.3327789174867524,False
2014-11-15 23:00:00+00:00,1.272866381385397,1.6710582900207902,1.2321600681302043,False
2014-11-15 23:30:00+00:00,1.295984621556566,1.51253367983368,1.2040437925813778,False
2014-11-16 00:00:00+00:00,1.315774511901578,1.7124225831600832,1.12256044663134,False
2014-11-16 00:30:00+00:00,1.2534316127306766,1.523293892931393,1.2729164647993942,False
2014-11-16 01:00:00+00:00,1.2783929392885798,1.4835092255717257,1.1123048448145345,False
2014-11-16 01:30:00+00:00,1.3679817063385933,1.5510060550935552,1.155790234670704,False
2014-11-16 02:00:00+00:00,1.372739288579834,1.8752905665280664,1.238477100681302,False
2014-11-16 02:30:00+00:00,1.522425193902113,1.8446740904365904,1.1805305071915215,False
2014-11-16 03:00:00+00:00,1.3163994918427386,1.63641211018711,1.204491218773656,False
2014-11-16 03:30:00+00:00,1.231859133458144,1.3566527546777547,1.1408957607872825,False
2014-11-16 04:00:00+00:00,1.2603962556833377,1.7097593295218296,1.3337648372445117,False
2014-11-16 04:30:00+00:00,1.1779466167424444,1.4909332640332642,1.328929258137774,False
2014-11-16 05:00:00+00:00,1.1958562984755283,1.5368664241164245,1.2330924678274036,False
2014-11-16 05:30:00+00:00,1.1779466167424444,1.573504521829522,1.3948390991672974,False
2014-11-16 06:00:00+00:00,1.281623803155924,1.5237974272349273,1.358254806964421,False
2014-11-16 06:30:00+00:00,1.246367959347419,1.3550147349272352,1.0720056018168054,False
2014-11-16 07:00:00+00:00,1.226437362931265,1.2433433212058214,1.2076730885692657,False
2014-11-16 07:30:00+00:00,2.086780048141214,1.2480403326403329,1.1675071158213473,False
2014-11-16 08:00:00+00:00,1.258895159133458,2.803955509355509,2.048859500378501,False
2014-11-16 08:30:00+00:00,2.4756542123562446,4.079342593555094,3.0957186222558666,False
2014-11-16 09:00:00+00:00,3.317994410270126,4.794549454261954,3.844729295987888,False
2014-11-16 09:30:00+00:00,3.889849772666489,4.98967538981289,4.735158819076457,False
2014-11-16 10:00:00+00:00,3.888821155389141,4.786066865904366,4.358517448902346,False
2014-11-16 10:30:00+00:00,4.140618801818668,5.94482920997921,5.139792732778197,False
2014-11-16 11:00:00+00:00,3.938866381385397,6.111301845114346,5.8310865632096895,False
2014-11-16 11:30:00+00:00,5.947947419096015,7.633261148648649,6.767235276305828,False
2014-11-16 12:00:00+00:00,5.647644530623161,7.721181055093557,6.909759878879635,False
2014-11-16 12:30:00+00:00,6.051214201658198,7.132847713097714,7.463453482210446,False
2014-11-16 13:00:00+00:00,3.688815672639744,5.49865025987526,5.21399659348978,False
2014-11-16 13:30:00+00:00,5.491353436747793,7.156014838877339,6.653268243754731,False
2014-11-16 14:00:00+00:00,5.4682614870286175,7.336864267151768,6.744915404996215,False
2014-11-16 14:30:00+00:00,4.138448809842204,5.994391138253639,5.4557783497350485,False
2014-11-16 15:00:00+00:00,3.374411473656058,4.701308290020791,4.120759954579864,False
2014-11-16 15:30:00+00:00,1.8728163947579568,2.334768399168399,2.0797873959121875,False
2014-11-16 16:00:00+00:00,1.3604979138807167,1.5359010914760918,1.5217945874337622,False
2014-11-16 16:30:00+00:00,1.2395944637603635,1.4200304313929315,1.2525338001514004,False
2014-11-16 17:00:00+00:00,1.2134240973522332,1.201556522869023,1.2462018168054505,False
2014-11-16 17:30:00+00:00,1.1779466167424444,1.3181512733887737,1.3477580620741862,False
2014-11-16 18:00:00+00:00,1.286627066060444,1.2262305873180874,1.1161446631339893,False
2014-11-16 18:30:00+00:00,1.1935145493447443,1.3889470374220376,1.1936624526873578,False
2014-11-16 19:00:00+00:00,1.2181942497994118,1.56973329002079,1.0199401211203634,False
2014-11-16 19:30:00+00:00,1.3298995453329767,1.4160783004158006,1.2463786146858442,False
2014-11-16 20:00:00+00:00,1.241913452794865,1.2789283523908523,1.1516267221801666,False
2014-11-16 20:30:00+00:00,1.2535792190425248,1.4768240384615383,1.3011660105980318,False
2014-11-16 21:00:00+00:00,1.1900510831773203,1.3602028846153846,1.0966874337623012,False
2014-11-16 21:30:00+00:00,1.202795159133458,1.2526911122661124,1.0294451173353518,False
2014-11-16 22:00:00+00:00,1.1779466167424444,1.3446354989604992,1.0341926570779711,False
2014-11-16 22:30:00+00:00,1.2201876705001338,1.357127208939709,1.0797191521574565,False
