TIMESTAMP,FIN_PET_Bpu_Js_1,FIN_PET_Bpu_Js_2,FIN_PET_Bpu_Js_3,FIN_PET_Bpu_Js_4,FIN_PET_Bpu_Js_5,FIN_PET_Bpu_Js_6,FIN_PET_Bpu_Js_7,interpolated
2008-06-15 22:00:00+00:00,,,,,,,,False
2008-06-15 22:30:00+00:00,,,,,,,,False
2008-06-15 23:00:00+00:00,,,,,,,,False
2008-06-15 23:30:00+00:00,,,,,,,,False
2008-06-16 00:00:00+00:00,,,,,,,,False
2008-06-16 00:30:00+00:00,,,,,,,,False
2008-06-16 01:00:00+00:00,,,,,,,,False
2008-06-16 01:30:00+00:00,,,,,,,,False
2008-06-16 02:00:00+00:00,,,,,,,,False
2008-06-16 02:30:00+00:00,,,,,,,,False
2008-06-16 03:00:00+00:00,,,,,,,,False
2008-06-16 03:30:00+00:00,,,,,,,,False
2008-06-16 04:00:00+00:00,,,,,,,,False
2008-06-16 04:30:00+00:00,,,,,,,,False
2008-06-16 05:00:00+00:00,,,,,,,,False
2008-06-16 05:30:00+00:00,,,,,,,,False
2008-06-16 06:00:00+00:00,,,,,,,,False
2008-06-16 06:30:00+00:00,,,,,,,,False
2008-06-16 07:00:00+00:00,,,,,,,,False
2008-06-16 07:30:00+00:00,,,,,,,,False
2008-06-16 08:00:00+00:00,,,,,,,,False
2008-06-16 08:30:00+00:00,,,,,,,,False
2008-06-16 09:00:00+00:00,,,,,,,,False
2008-06-16 09:30:00+00:00,,,,,,,,False
2008-06-16 10:00:00+00:00,,,,,,,,False
2008-06-16 10:30:00+00:00,,,,,,,,False
2008-06-16 11:00:00+00:00,,,,,,,,False
2008-06-16 11:30:00+00:00,,,,,,,,False
2008-06-16 12:00:00+00:00,,,,,,,,False
2008-06-16 12:30:00+00:00,,,,,,,,False
2008-06-16 13:00:00+00:00,,,,,,,,False
2008-06-16 13:30:00+00:00,,,,,,,,False
2008-06-16 14:00:00+00:00,,,,,,,,False
2008-06-16 14:30:00+00:00,,,,,,,,False
2008-06-16 15:00:00+00:00,,,,,,,,False
2008-06-16 15:30:00+00:00,,,,,,,,False
2008-06-16 16:00:00+00:00,,,,,,,,False
2008-06-16 16:30:00+00:00,,,,,,,,False
2008-06-16 17:00:00+00:00,,,,,,,,False
2008-06-16 17:30:00+00:00,,,,,,,,False
2008-06-16 18:00:00+00:00,,,,,,,,False
2008-06-16 18:30:00+00:00,,,,,,,,False
2008-06-16 19:00:00+00:00,,,,,,,,False
2008-06-16 19:30:00+00:00,,,,,,,,False
2008-06-16 20:00:00+00:00,,,,,,,,False
2008-06-16 20:30:00+00:00,,,,,,,,False
2008-06-16 21:00:00+00:00,,,,,,,,False
2008-06-16 21:30:00+00:00,,,,,,,,False
2008-06-16 22:00:00+00:00,,,,,,,,False
2008-06-16 22:30:00+00:00,,,,,,,,False
2008-06-16 23:00:00+00:00,,,,,,,,False
2008-06-16 23:30:00+00:00,,,,,,,,False
2008-06-17 00:00:00+00:00,,,,,,,,False
2008-06-17 00:30:00+00:00,,,,,,,,False
2008-06-17 01:00:00+00:00,,,,,,,,False
2008-06-17 01:30:00+00:00,,,,,,,,False
2008-06-17 02:00:00+00:00,,,,,,,,False
2008-06-17 02:30:00+00:00,,,,,,,,False
2008-06-17 03:00:00+00:00,,,,,,,,False
2008-06-17 03:30:00+00:00,,,,,,,,False
2008-06-17 04:00:00+00:00,,,,,,,,False
2008-06-17 04:30:00+00:00,,,,,,,,False
2008-06-17 05:00:00+00:00,,,,,,,,False
2008-06-17 05:30:00+00:00,,,,,,,,False
2008-06-17 06:00:00+00:00,,,,,,,,False
2008-06-17 06:30:00+00:00,,,,,,,,False
2008-06-17 07:00:00+00:00,,,,,,,,False
2008-06-17 07:30:00+00:00,,,,,,,,False
2008-06-17 08:00:00+00:00,,,,,,,,False
2008-06-17 08:30:00+00:00,,,,,,,,False
2008-06-17 09:00:00+00:00,,,,,,,,False
2008-06-17 09:30:00+00:00,,,,,,,,False
2008-06-17 10:00:00+00:00,,,,,,,,False
2008-06-17 10:30:00+00:00,,,,,,,,False
2008-06-17 11:00:00+00:00,,,,,,,,False
2008-06-17 11:30:00+00:00,,,,,,,,False
2008-06-17 12:00:00+00:00,,,,,,,,False
2008-06-17 12:30:00+00:00,,,,,,,,False
2008-06-17 13:00:00+00:00,,,,,,,,False
2008-06-17 13:30:00+00:00,,,,,,,,False
2008-06-17 14:00:00+00:00,,,,,,,,False
2008-06-17 14:30:00+00:00,,,,,,,,False
2008-06-17 15:00:00+00:00,,,,,,,,False
2008-06-17 15:30:00+00:00,,,,,,,,False
2008-06-17 16:00:00+00:00,,,,,,,,False
2008-06-17 16:30:00+00:00,,,,,,,,False
2008-06-17 17:00:00+00:00,,,,,,,,False
2008-06-17 17:30:00+00:00,,,,,,,,False
2008-06-17 18:00:00+00:00,,,,,,,,False
2008-06-17 18:30:00+00:00,,,,,,,,False
2008-06-17 19:00:00+00:00,,,,,,,,False
2008-06-17 19:30:00+00:00,,,,,,,,False
2008-06-17 20:00:00+00:00,,,,,,,,False
2008-06-17 20:30:00+00:00,,,,,,,,False
2008-06-17 21:00:00+00:00,,,,,,,,False
2008-06-17 21:30:00+00:00,,,,,,,,False
2008-06-17 22:00:00+00:00,,,,,,,,False
2008-06-17 22:30:00+00:00,,,,,,,,False
2008-06-17 23:00:00+00:00,,,,,,,,False
2008-06-17 23:30:00+00:00,,,,,,,,False
2008-06-18 00:00:00+00:00,,,,,,,,False
2008-06-18 00:30:00+00:00,,,,,,,,False
2008-06-18 01:00:00+00:00,,,,,,,,False
2008-06-18 01:30:00+00:00,,,,,,,,False
2008-06-18 02:00:00+00:00,,,,,,,,False
2008-06-18 02:30:00+00:00,,,,,,,,False
2008-06-18 03:00:00+00:00,,,,,,,,False
2008-06-18 03:30:00+00:00,,,,,,,,False
2008-06-18 04:00:00+00:00,,,,,,,,False
2008-06-18 04:30:00+00:00,,,,,,,,False
2008-06-18 05:00:00+00:00,,,,,,,,False
2008-06-18 05:30:00+00:00,,,,,,,,False
2008-06-18 06:00:00+00:00,,,,,,,,False
2008-06-18 06:30:00+00:00,,,,,,,,False
2008-06-18 07:00:00+00:00,,,,,,,,False
2008-06-18 07:30:00+00:00,,,,,,,,False
2008-06-18 08:00:00+00:00,,,,,,,,False
2008-06-18 08:30:00+00:00,,,,,,,,False
2008-06-18 09:00:00+00:00,,,,,,,,False
2008-06-18 09:30:00+00:00,,,,,,,,False
2008-06-18 10:00:00+00:00,,,,,,,,False
2008-06-18 10:30:00+00:00,,,,,,,,False
2008-06-18 11:00:00+00:00,,,,,,,,False
2008-06-18 11:30:00+00:00,,,,,,,,False
2008-06-18 12:00:00+00:00,,,,,,,,False
2008-06-18 12:30:00+00:00,,,,,,,,False
2008-06-18 13:00:00+00:00,,,,,,,,False
2008-06-18 13:30:00+00:00,,,,,,,,False
2008-06-18 14:00:00+00:00,,,,,,,,False
2008-06-18 14:30:00+00:00,,,,,,,,False
2008-06-18 15:00:00+00:00,,,,,,,,False
2008-06-18 15:30:00+00:00,,,,,,,,False
2008-06-18 16:00:00+00:00,,,,,,,,False
2008-06-18 16:30:00+00:00,,,,,,,,False
2008-06-18 17:00:00+00:00,,,,,,,,False
2008-06-18 17:30:00+00:00,,,,,,,,False
2008-06-18 18:00:00+00:00,,,,,,,,False
2008-06-18 18:30:00+00:00,,,,,,,,False
2008-06-18 19:00:00+00:00,,,,,,,,False
2008-06-18 19:30:00+00:00,,,,,,,,False
2008-06-18 20:00:00+00:00,,,,,,,,False
2008-06-18 20:30:00+00:00,,,,,,,,False
2008-06-18 21:00:00+00:00,,,,,,,,False
2008-06-18 21:30:00+00:00,,,,,,,,False
2008-06-18 22:00:00+00:00,,,,,,,,False
2008-06-18 22:30:00+00:00,,,,,,,,False
2008-06-18 23:00:00+00:00,,,,,,,,False
2008-06-18 23:30:00+00:00,,,,,,,,False
2008-06-19 00:00:00+00:00,,,,,,,,False
2008-06-19 00:30:00+00:00,,,,,,,,False
2008-06-19 01:00:00+00:00,,,,,,,,False
2008-06-19 01:30:00+00:00,,,,,,,,False
2008-06-19 02:00:00+00:00,,,,,,,,False
2008-06-19 02:30:00+00:00,,,,,,,,False
2008-06-19 03:00:00+00:00,,,,,,,,False
2008-06-19 03:30:00+00:00,,,,,,,,False
2008-06-19 04:00:00+00:00,,,,,,,,False
2008-06-19 04:30:00+00:00,,,,,,,,False
2008-06-19 05:00:00+00:00,,,,,,,,False
2008-06-19 05:30:00+00:00,,,,,,,,False
2008-06-19 06:00:00+00:00,,,,,,,,False
2008-06-19 06:30:00+00:00,,,,,,,,False
2008-06-19 07:00:00+00:00,,,,,,,,False
2008-06-19 07:30:00+00:00,,,,,,,,False
2008-06-19 08:00:00+00:00,,,,,,,,False
2008-06-19 08:30:00+00:00,,,,,,,,False
2008-06-19 09:00:00+00:00,,,,,,,,False
2008-06-19 09:30:00+00:00,,,,,,,,False
2008-06-19 10:00:00+00:00,,,,,,,,False
2008-06-19 10:30:00+00:00,,,,,,,,False
2008-06-19 11:00:00+00:00,,,,,,,,False
2008-06-19 11:30:00+00:00,,,,,,,,False
2008-06-19 12:00:00+00:00,,,,,,,,False
2008-06-19 12:30:00+00:00,,,,,,,,False
2008-06-19 13:00:00+00:00,,,,,,,,False
2008-06-19 13:30:00+00:00,,,,,,,,False
2008-06-19 14:00:00+00:00,,,,,,,,False
2008-06-19 14:30:00+00:00,,,,,,,,False
2008-06-19 15:00:00+00:00,,,,,,,,False
2008-06-19 15:30:00+00:00,,,,,,,,False
2008-06-19 16:00:00+00:00,,,,,,,,False
2008-06-19 16:30:00+00:00,,,,,,,,False
2008-06-19 17:00:00+00:00,,,,,,,,False
2008-06-19 17:30:00+00:00,,,,,,,,False
2008-06-19 18:00:00+00:00,,,,,,,,False
2008-06-19 18:30:00+00:00,,,,,,,,False
2008-06-19 19:00:00+00:00,,,,,,,,False
2008-06-19 19:30:00+00:00,,,,,,,,False
2008-06-19 20:00:00+00:00,,,,,,,,False
2008-06-19 20:30:00+00:00,,,,,,,,False
2008-06-19 21:00:00+00:00,,,,,,,,False
2008-06-19 21:30:00+00:00,,,,,,,,False
2008-06-19 22:00:00+00:00,0.5254300271607444,,0.0,0.9149668458524604,0.0,,0.9509796291074436,False
2008-06-19 22:30:00+00:00,0.5254300271607444,,0.0524727412272795,0.9149668458524604,0.0213859660546071,,0.893169229388202,False
2008-06-19 23:00:00+00:00,0.4599302617061496,,0.0866673518547034,0.8566618438029996,0.0503279711952789,,0.780381297293688,False
2008-06-19 23:30:00+00:00,0.4599302617061496,,0.2050684083266616,0.9149668458524604,0.0831175454783969,,0.6715038634198416,False
2008-06-20 00:00:00+00:00,0.4599302617061496,,0.3887440374105504,0.9742393324023192,0.1566842751797464,,0.5667357525089652,False
2008-06-20 00:30:00+00:00,0.396489754994868,,0.8779435326410832,1.0956226831078069,0.4200636685785696,,0.6185916204455844,False
2008-06-20 01:00:00+00:00,0.4599302617061496,,1.3170170846217455,1.0344628424520648,0.9560609387386488,,0.7254425155294476,False
2008-06-20 01:30:00+00:00,0.4599302617061496,,1.383516781805286,1.0956226831078069,1.5195336203084653,,0.780381297293688,False
2008-06-20 02:00:00+00:00,0.4599302617061496,,1.5192482636454552,1.157705716251085,2.6092843995510107,,0.893169229388202,False
2008-06-20 02:30:00+00:00,0.4599302617061496,,1.5192482636454552,1.2207001793400685,3.4369975200286835,,0.8362970405486568,False
2008-06-20 03:00:00+00:00,0.396489754994868,,1.5192482636454552,1.2845955337512336,4.93297831912266,,0.6185916204455844,False
2008-06-20 03:30:00+00:00,0.2763517924656281,,1.4509296935415577,0.3795027061951656,7.602475378969332,,0.2801683531714496,False
2008-06-20 04:00:00+00:00,0.116538634058558,,1.4509296935415577,0.0,8.486383744353168,,0.0826923125969301,False
2008-06-20 04:30:00+00:00,0.0299367221133121,,1.4509296935415577,0.0512463953339409,9.014564390068116,,0.0,False
2008-06-20 05:00:00+00:00,0.0,,1.4509296935415577,2.8241947776930765,9.699353020092024,,0.021277007379371,False
2008-06-20 05:30:00+00:00,,,1.383516781805286,4.634734743483624,10.267496855999136,,0.0,False
2008-06-20 06:00:00+00:00,,,1.3170170846217455,4.341279299517648,10.412428465552717,,0.0500710250982517,False
2008-06-20 06:30:00+00:00,,,1.383516781805286,4.341279299517648,10.705831652308175,,0.0500710250982517,False
2008-06-20 07:00:00+00:00,,,1.5884657620235605,5.03840447451738,11.00401885123697,,0.3706519792495932,False
2008-06-20 07:30:00+00:00,,,2.73188747264517,4.150009762440012,10.854322379209153,,0.2370877006839343,False
2008-06-20 08:00:00+00:00,,,4.2641077608982085,3.777825020120892,10.854322379209153,,0.8362970405486568,False
2008-06-20 08:30:00+00:00,,,5.28652044585378,3.1592280698768627,10.267496855999136,,0.3706519792495932,False
2008-06-20 09:00:00+00:00,,,5.393897303018364,4.245210264111012,11.00401885123697,,0.5667357525089652,False
2008-06-20 09:30:00+00:00,1.03462822464165,,7.245566691275988,6.566948772668172,10.750189168482713,,1.6451809506329904,True
2008-06-20 10:00:00+00:00,,,4.970059397343324,5.889326577365015,10.267496855999136,,0.2370877006839343,False
2008-06-20 10:30:00+00:00,,,3.332131700135044,4.834784771689428,9.699353020092024,,0.155879326426005,False
2008-06-20 11:00:00+00:00,,,2.022358626071337,4.150009762440012,8.880906284617536,,0.0500710250982517,False
2008-06-20 11:30:00+00:00,,,2.1739812292052747,5.889326577365015,8.616823916645233,,0.021277007379371,False
2008-06-20 12:00:00+00:00,,,2.6495985643034867,7.279770346250473,7.602475378969332,,0.00654491446268283,True
2008-06-20 12:30:00+00:00,,,1.1867922104230475,5.77972006417908,2.930651898926407,,0.0,False
2008-06-20 13:00:00+00:00,,,0.2050684083266616,1.7564076038263463,,,0.0,False
2008-06-20 13:30:00+00:00,,,0.1238257706525892,0.1209195646228587,,,,False
2008-06-20 14:00:00+00:00,0.0,,0.0524727412272795,0.528371588710134,,,,False
2008-06-20 14:30:00+00:00,,,,0.528371588710134,,,0.0,False
2008-06-20 15:00:00+00:00,,,,0.9149668458524604,,,0.35217593064370895,True
2008-06-20 15:30:00+00:00,3.683028660130944,,0.7031355682515624,2.8876856788830927,1.1531576004697224,,0.8458031662787124,False
2008-06-20 16:00:00+00:00,1.5551546340814666,,0.4051872559545156,1.9753186321590877,0.937523045083878,,1.069470751390272,False
2008-06-20 16:30:00+00:00,1.0690798745067516,,0.2299460447834733,1.9098760933448855,0.937523045083878,,1.069470751390272,False
2008-06-20 17:00:00+00:00,0.3639195534084803,,0.1145977972736666,0.8524955638987884,0.7836923440250928,,1.1274716997605232,False
2008-06-20 17:30:00+00:00,0.05601794103226,,0.0802215721929308,0.8008525981791217,0.7836923440250928,,1.012291346258309,False
2008-06-20 18:00:00+00:00,,,0.0485779868184358,0.5088368994564312,0.7836923440250928,,1.186283900578356,False
2008-06-20 18:30:00+00:00,,,0.0206438389475594,0.0744198709256506,0.637031733165486,,1.2458980758474971,False
2008-06-20 19:00:00+00:00,,,0.0206438389475594,0.3330754348867203,0.68509371238767,,1.3674996969894109,False
2008-06-20 19:30:00+00:00,,,0.0206438389475594,,0.5434887573616141,,1.4922190111055111,False
2008-06-20 20:00:00+00:00,,,0.0206438389475594,,0.4980588768458532,,1.6200093526833708,False
2008-06-20 20:30:00+00:00,,,0.0206438389475594,0.0744198709256506,0.4980588768458532,,1.4922190111055111,False
2008-06-20 21:00:00+00:00,,,0.0206438389475594,,0.4980588768458532,,1.685044103503489,False
2008-06-20 21:30:00+00:00,,,0.0485779868184358,,0.5434887573616141,,1.6200093526833708,False
2008-06-20 22:00:00+00:00,0.0,,0.0206438389475594,0.0,0.5434887573616141,0.4529819224751651,1.4922190111055111,False
2008-06-20 22:30:00+00:00,0.0237982793747781,,0.0206438389475594,0.1062942403424655,0.589822105061466,0.4529819224751651,1.42947279095409,False
2008-06-20 23:00:00+00:00,0.0925362513673055,,0.0485779868184358,0.1402261945384118,0.4980588768458532,0.4017177540532908,1.42947279095409,False
2008-06-20 23:30:00+00:00,0.174521480520519,,0.0485779868184358,0.2518733500960521,0.3260738799019811,0.3035442601837346,1.069470751390272,False
2008-06-21 00:00:00+00:00,0.2655735837221862,,0.0485779868184358,0.2518733500960521,0.104084986958263,0.0895147088960012,0.739165629987306,False
2008-06-21 00:30:00+00:00,0.3639195534084803,,0.0485779868184358,0.3330754348867203,0.0728760008789236,0.0895147088960012,0.586119846963402,False
2008-06-21 01:00:00+00:00,0.8146767299196385,,0.0206438389475594,0.418877349759702,0.044138147273083,0.0541928478069856,0.4889953027472076,False
2008-06-21 01:30:00+00:00,2.090193568077636,,0.0206438389475594,0.46335956169141,0.0728760008789236,0.0541928478069856,0.4420048333523256,False
2008-06-21 02:00:00+00:00,3.11738829611319,,0.0206438389475594,0.5088368994564312,0.044138147273083,0.0541928478069856,0.2656675566840373,False
2008-06-21 02:30:00+00:00,3.97905508413936,,0.0,0.602635945801644,0.0,0.0230246255233101,0.0201909834029562,False
2008-06-21 03:00:00+00:00,4.181360237735724,,0.0,0.7000359215019876,0.0187605668523685,0.0,0.0,False
2008-06-21 03:30:00+00:00,4.812431984329032,,0.0,0.5088368994564312,0.0728760008789236,0.0541928478069856,0.1478595779314808,False
2008-06-21 04:00:00+00:00,3.3958335050968427,,0.0485779868184358,0.1759245358982201,0.104084986958263,0.168797609436807,0.537046335161262,False
2008-06-21 04:30:00+00:00,4.387666919857416,,0.1145977972736666,0.418877349759702,0.0728760008789236,0.168797609436807,0.4420048333523256,False
2008-06-21 05:00:00+00:00,5.828951559788496,,0.1897240019431813,0.7000359215019876,0.2087330490819378,0.2118509501506531,0.4889953027472076,False
2008-06-21 05:30:00+00:00,6.308658643331304,,0.3149008551564883,1.0669580318018124,0.5434887573616141,0.3518769490487554,0.586119846963402,False
2008-06-21 06:00:00+00:00,6.308658643331304,,0.4051872559545156,0.904940647075998,0.68509371238767,0.5055996474859032,0.3961192822569756,False
2008-06-21 06:30:00+00:00,6.431349553776864,,0.7031355682515624,1.5929621303918111,4.494686828386716,1.9403502573399665,0.537046335161262,False
2008-06-21 07:00:00+00:00,6.308658643331304,,1.7930045250377242,1.9098760933448855,10.412971453020097,2.6607853962311148,0.3078818216691789,False
2008-06-21 07:30:00+00:00,6.308658643331304,,5.222892869196624,4.516106220084132,11.77035515881506,2.4124476145397726,0.3078818216691789,False
2008-06-21 08:00:00+00:00,6.187080663575999,,6.593831464725971,9.150594919760843,,2.17229249021877,0.1478595779314808,False
2008-06-21 08:30:00+00:00,5.947234243285645,,6.156372321814968,10.703586763548648,,1.9403502573399665,0.0475102370393539,False
2008-06-21 09:00:00+00:00,5.366598697377864,,4.082973092013672,7.174518305330556,10.944106745932295,2.016748592337064,0.1120688901315547,False
2008-06-21 09:30:00+00:00,5.480583393338748,,4.082973092013672,8.189426288487743,11.07932233368672,1.7166854057087413,0.0784547875881277,False
2008-06-21 10:00:00+00:00,5.59563279326388,,5.424377616611136,12.549148428570804,,1.2276931477819355,,False
2008-06-21 10:30:00+00:00,4.9211839857951,,2.5099365540643417,5.825154081224556,,0.1279029929119689,,False
2008-06-21 11:00:00+00:00,2.5013993930881884,,1.6588607144758991,1.9753186321590877,4.847217580541412,,0.0784547875881277,False
2008-06-21 11:30:00+00:00,0.7539072926333148,,1.0946288756599991,0.2918650261064166,3.117729214193173,,0.739165629987306,False
2008-06-21 12:00:00+00:00,0.05601794103226,,0.865532197312686,0.0744198709256506,2.396970668782753,,0.9004441352667624,False
2008-06-21 12:30:00+00:00,,,0.9214920240121836,,1.741582342418598,0.0541928478069856,1.42947279095409,False
2008-06-21 13:00:00+00:00,,,1.2753943433259085,,1.9958476632716595,0.0541928478069856,1.685044103503489,False
2008-06-21 13:30:00+00:00,,,1.2753943433259085,2.0414424547917323,2.8215915086225523,0.027096423903492803,1.012291346258309,True
2008-06-21 14:00:00+00:00,1.4111648929304783,,0.9783373719457404,3.2690047592187863,2.6774432145204767,0.0,0.6361828468670376,False
2008-06-21 14:30:00+00:00,2.2517939652956493,,0.8104738751338787,6.535115228139984,3.26973204701874,,0.3078818216691789,False
2008-06-21 15:00:00+00:00,1.351760156040823,,0.6508983904286328,0.6508983904286328,1.618441418568006,,0.6361828468670376,True
2008-06-21 15:30:00+00:00,0.4517263467859967,,0.4591407457846043,5.760619973992152,2.3094572894263226,,0.8330979580833421,False
2008-06-21 16:00:00+00:00,,,0.6089869253013119,,1.4447748994804837,0.2961700965080924,0.8868905745797231,False
2008-06-21 16:30:00+00:00,,,0.6089869253013119,,0.6614373601256723,0.5995395371535371,1.5950135668262366,False
2008-06-21 17:00:00+00:00,,,0.7681876408094327,,0.1664368765890091,0.8852515762505472,4.535845411050036,False
2008-06-21 17:30:00+00:00,0.4517263467859967,,0.993800331137124,1.056584722045698,0.8546687996231124,0.4419045206010432,6.306507741841273,False
2008-06-21 18:00:00+00:00,0.7850140945182036,,1.2957704029922437,2.711817042398179,1.220700179340072,0.2067268128585307,4.088621172864456,False
2008-06-21 18:30:00+00:00,2.0108392247650757,,1.2957704029922437,3.70960723710198,1.5607216039813994,0.4419045206010432,2.705867739049144,False
2008-06-21 19:00:00+00:00,2.4052936483008147,,0.993800331137124,1.516529285082054,1.3877718310899323,0.7105466558978604,2.6310386348581107,False
2008-06-21 19:30:00+00:00,1.8594328319514932,,0.6089869253013119,0.9488950879575132,1.5024262071781656,0.8259594804605449,2.5569267767126425,False
2008-06-21 20:00:00+00:00,1.4274173663034662,,0.2334673917356173,1.1672564044453164,1.4447748994804837,0.3919156223711004,1.72370549436444,False
2008-06-21 20:30:00+00:00,1.2241876140787715,,0.1163418764160078,1.2236883041796551,1.1126573510821811,0.2505990545066783,1.3465748333147796,False
2008-06-21 21:00:00+00:00,1.2241876140787715,,0.1535088638059131,1.1672564044453164,0.9048447473807664,0.164723717180003,0.8868905745797231,False
2008-06-21 21:30:00+00:00,0.9052890693574752,,0.1926233853032358,0.7428204012921049,0.5695313765115528,0.164723717180003,0.67694628659787,False
2008-06-21 22:00:00+00:00,0.5041950632866727,,0.1535088638059131,0.5968792233155016,0.2382399810825987,0.0528934076973968,0.3462176638722643,False
2008-06-21 22:30:00+00:00,0.3509059887690134,,0.1535088638059131,0.5499788889764736,0.3549990078135806,0.0224737316205634,0.1457042605741994,False
2008-06-21 23:00:00+00:00,0.1683359727833026,,0.0814399644592047,0.2891143193494669,0.3549990078135806,0.0224737316205634,0.0198989689971999,False
2008-06-21 23:30:00+00:00,0.0892709822742249,,0.0209560900789758,0.2495040830794699,0.2382399810825987,0.0224737316205634,0.0,False
2008-06-22 00:00:00+00:00,0.0540456196020865,,0.0209560900789758,0.0446522609944231,0.0,0.0224737316205634,0.0468217667108631,False
2008-06-22 00:30:00+00:00,0.0229622112077703,,0.0209560900789758,0.0446522609944231,0.0181327215045171,0.0873636632005665,0.2215507165841235,False
2008-06-22 01:00:00+00:00,0.0,,0.0209560900789758,0.0,0.0704282438443377,0.0873636632005665,0.261771912854127,False
2008-06-22 01:30:00+00:00,0.1683359727833026,,0.0209560900789758,0.1053019574089264,0.396037040169456,0.0224737316205634,0.2215507165841235,False
2008-06-22 02:00:00+00:00,1.290963442280879,,0.0,0.2111875612813555,0.6614373601256723,0.0224737316205634,0.1828108487201475,False
2008-06-22 02:30:00+00:00,3.172380628930988,,0.0,0.2891143193494669,0.5695313765115528,0.0,0.1828108487201475,False
2008-06-22 03:00:00+00:00,4.111549418653848,,0.0209560900789758,0.2891143193494669,0.6150760220982275,0.0,0.1828108487201475,False
2008-06-22 03:30:00+00:00,2.24478931208895,,0.0493142674222296,0.4589588985348636,0.708594742281654,0.0528934076973968,0.1828108487201475,False
2008-06-22 04:00:00+00:00,2.4052936483008147,,0.0493142674222296,0.6446685516582852,0.6150760220982275,0.124822792879974,0.8868905745797231,False
2008-06-22 04:30:00+00:00,4.111549418653848,,0.0209560900789758,0.6933227317233013,0.7565297854509505,0.2961700965080924,1.053273965234544,False
2008-06-22 05:00:00+00:00,5.037275867765365,,0.0209560900789758,1.1672564044453164,3.0742187327161234,1.069221981594348,0.78016435413246,False
2008-06-22 05:30:00+00:00,4.513386546611784,,,1.6385484254654663,7.431773349280536,1.964671499486264,0.1104385036163421,False
2008-06-22 06:00:00+00:00,3.724775341890228,,,2.22121989989312,9.590888240037504,1.069221981594348,,False
2008-06-22 06:30:00+00:00,2.6528375612351662,,,1.8907797912870743,7.013403900347364,0.3919156223711004,,False
2008-06-22 07:00:00+00:00,2.569418371625044,,,2.0870369257173045,5.365157437735596,0.2505990545066783,,False
2008-06-22 07:30:00+00:00,1.093591640624598,,,1.7633069138326536,1.220700179340072,,,False
2008-06-22 08:00:00+00:00,1.093591640624598,,,1.0023622510459282,0.7565297854509505,,,False
2008-06-22 08:30:00+00:00,,,,0.9488950879575132,0.2760379983688852,,,False
2008-06-22 09:00:00+00:00,,,,1.8907797912870743,0.100582612757848,,,False
2008-06-22 09:30:00+00:00,,,,0.5968792233155016,,,,False
2008-06-22 10:00:00+00:00,,,,0.2111875612813555,,,,False
2008-06-22 10:30:00+00:00,,,,,,,,False
2008-06-22 11:00:00+00:00,,,,,,,,False
2008-06-22 11:30:00+00:00,,,,0.0446522609944231,0.0181327215045171,,,False
2008-06-22 12:00:00+00:00,,,,0.1053019574089264,0.00625791311280205,,0.1828108487201475,True
2008-06-22 12:30:00+00:00,,,,1.7633069138326536,0.0,,0.3462176638722643,False
2008-06-22 13:00:00+00:00,,,,1.8907797912870743,0.1664368765890091,0.2505990545066783,1.1103614244861912,False
2008-06-22 13:30:00+00:00,,,,0.6933227317233013,0.0426583281570523,0.4419045206010432,1.922246174801286,False
2008-06-22 14:00:00+00:00,,,,0.4589588985348636,0.0426583281570523,0.3433098281365213,2.1273254054657245,False
2008-06-22 14:30:00+00:00,,,,,0.0,0.4932081596830788,2.410854514231989,False
2008-06-22 15:00:00+00:00,,,,,0.0704282438443377,0.3433098281365213,2.5569267767126425,False
2008-06-22 15:30:00+00:00,,,0.0195678271585172,,0.09281117474829895,0.5914217870514288,0.6627764927917584,True
2008-06-22 16:00:00+00:00,,,0.009738835294147987,3.259546174338213,0.1014954845460879,0.0,,True
2008-06-22 16:30:00+00:00,,,0.0,0.7648267508932356,,0.7572525793945848,,False
2008-06-22 17:00:00+00:00,,,,4.635874518998061,,0.6455961255679236,,True
2008-06-22 17:30:00+00:00,,,,8.506922287102885,0.0,0.8193250489798494,,True
2008-06-22 18:00:00+00:00,,,,5.554898644876367,,0.9930539723917752,,True
2008-06-22 18:30:00+00:00,,,,2.1518560426934807,,0.7008833571582492,0.0210089651800267,False
2008-06-22 19:00:00+00:00,,,,,,1.24448774950251,1.6230512863164277,False
2008-06-22 19:30:00+00:00,,,0.3836534073381756,,,0.6455961255679236,5.748067295435196,False
2008-06-22 20:00:00+00:00,,,0.6653219379050591,0.663690816846504,0.278566578462483,0.873131987729088,4.541263205225112,False
2008-06-22 20:30:00+00:00,,,0.7155794180224404,1.882966010325599,0.1338839188123406,0.9325972953049896,2.482038612287546,False
2008-06-22 21:00:00+00:00,0.1307586710152825,,0.818706174746202,0.8693849004155567,0.0430440663851931,0.873131987729088,1.556647590835267,False
2008-06-22 21:30:00+00:00,0.0915087746032192,,0.87153874628211,1.20240068317047,0.0430440663851931,0.7572525793945848,1.362338906326596,False
2008-06-22 22:00:00+00:00,0.0,,0.7667139644027495,0.1793077970596322,0.0,0.6455961255679236,0.8253586017940535,False
2008-06-22 22:30:00+00:00,0.2166024709404291,,0.3836534073381756,0.2975110526032833,0.1338839188123406,0.6455961255679236,0.7159941666847152,False
2008-06-22 23:00:00+00:00,0.310383485727476,,0.2573560305304269,0.2975110526032833,0.1338839188123406,0.4865593859662644,0.4125039550296732,False
2008-06-22 23:30:00+00:00,0.6863984315963533,,0.2178206357871168,0.2567361995500741,0.1014954845460879,0.3387119938687116,0.2340637966960199,False
2008-06-23 00:00:00+00:00,0.8053360823497249,,0.1432606974166688,0.0,0.0430440663851931,0.3387119938687116,0.1931144330458969,False
2008-06-23 00:30:00+00:00,0.5170966438100256,,0.1085899697138354,0.0195213356110267,0.0430440663851931,0.2039761449036565,0.2340637966960199,False
2008-06-23 01:00:00+00:00,1.0567071380392417,,0.1085899697138354,0.1083304662994436,0.1338839188123406,0.0862087090504564,0.116637239175058,False
2008-06-23 01:30:00+00:00,1.9094382079115364,,0.1085899697138354,0.1083304662994436,0.1014954845460879,0.052195651573149,0.0494389496666073,False
2008-06-23 02:00:00+00:00,3.353657935626616,,0.0760240545309745,0.2172970485129718,0.278566578462483,0.052195651573149,0.0494389496666073,False
2008-06-23 02:30:00+00:00,3.447127318451638,,0.0195678271585172,0.0195213356110267,0.3582630356613912,0.052195651573149,0.0494389496666073,False
2008-06-23 03:00:00+00:00,3.5415528664757763,,0.0,0.1429176735439574,0.3996852031018871,0.0,0.0,False
2008-06-23 03:30:00+00:00,3.447127318451638,,,0.3827239390071,0.6207953981306688,,,False
2008-06-23 04:00:00+00:00,3.733284025603584,,,0.0,0.8127705574180728,,,False
2008-06-23 04:30:00+00:00,3.733284025603584,,,,0.5748172668404496,,,False
2008-06-23 05:00:00+00:00,4.539122408768148,,,,0.1338839188123406,,,False
2008-06-23 05:30:00+00:00,3.733284025603584,,,,,,,False
2008-06-23 06:00:00+00:00,1.6094367503100433,,,,,,,False
2008-06-23 06:30:00+00:00,,,,,,,,False
2008-06-23 07:00:00+00:00,,,,,,,,False
2008-06-23 07:30:00+00:00,,,,,,,,False
2008-06-23 08:00:00+00:00,,,,0.0459314893950364,,,,False
2008-06-23 08:30:00+00:00,,,,,,,,False
2008-06-23 09:00:00+00:00,,,,,,,,False
2008-06-23 09:30:00+00:00,,,,,,,,False
2008-06-23 10:00:00+00:00,,,,,,,,False
2008-06-23 10:30:00+00:00,,,,0.0,,,,False
2008-06-23 11:00:00+00:00,,,,0.1429176735439574,,,,False
2008-06-23 11:30:00+00:00,,,,0.3708337428581429,,,,True
2008-06-23 12:00:00+00:00,,,,0.5187778054003008,,,,False
2008-06-23 12:30:00+00:00,,,,,,,,False
2008-06-23 13:00:00+00:00,,,,,,,,False
2008-06-23 13:30:00+00:00,,,,0.2172970485129718,,,,False
2008-06-23 14:00:00+00:00,,,,2.576135418806776,0.1338839188123406,,,False
2008-06-23 14:30:00+00:00,,,0.0195678271585172,1.439696359212588,0.2035112543434544,,,False
2008-06-23 15:00:00+00:00,,,0.6159633680403755,0.2567361995500741,,,0.0494389496666073,False
2008-06-23 15:30:00+00:00,,,1.324931705635824,1.8928420107742956,,0.9226102758723396,0.9877921100708184,True
2008-06-23 16:00:00+00:00,,,1.384199200042218,3.528947821998517,0.4639150239631848,0.1417287287077988,0.1670885199039196,False
2008-06-23 16:30:00+00:00,,,2.0159653835677607,1.9800702697573007,0.4225257764185536,1.220700179340072,,False
2008-06-23 17:00:00+00:00,,,2.3578916966186942,4.19978307665268,0.6377880237959412,0.4457863860973524,,False
2008-06-23 17:30:00+00:00,,,1.7548381417446035,2.7534292247701115,1.1238678010343772,0.7546478341634316,,False
2008-06-23 18:00:00+00:00,,,0.5288631121956421,1.9800702697573007,1.559791269443131,1.1593304548505496,,False
2008-06-23 18:30:00+00:00,,,,0.0117666784311161,0.8721961850771784,1.673788067735443,0.0086228602561869,False
2008-06-23 19:00:00+00:00,,,,3.528947821998517,0.9708686800732728,0.98045231474574,,False
2008-06-23 19:30:00+00:00,,,,3.858693512214924,0.6832132454690388,0.2631432295841555,,False
2008-06-23 20:00:00+00:00,,,0.2673884534464349,,0.2663270584535617,,,False
2008-06-23 20:30:00+00:00,,,0.350126486965463,,0.1280430861145358,,,False
2008-06-23 21:00:00+00:00,,,0.0275547615877609,,0.0679768678290816,0.2631432295841555,0.130194397139158,False
2008-06-23 21:30:00+00:00,,,,,0.0411761509695795,0.8096902122895885,0.3307115373322194,False
2008-06-23 22:00:00+00:00,,,,,,0.9226102758723396,0.5148242039794679,False
2008-06-23 22:30:00+00:00,,,,,,1.4746429957622615,0.8219349137018053,False
2008-06-23 23:00:00+00:00,,,0.0550049339450037,,,1.409903456294376,0.4671155999440944,False
2008-06-23 23:30:00+00:00,,,0.0855289384120601,,,1.1593304548505496,0.03342346924741,False
2008-06-24 00:00:00+00:00,,,0.0275547615877609,,0.0175038037471973,1.7417950574671368,0.0628367004635414,False
2008-06-24 00:30:00+00:00,,,,,,1.2829245989589286,,False
2008-06-24 01:00:00+00:00,,,,,,0.9226102758723396,,False
2008-06-24 01:30:00+00:00,,,,,,0.7546478341634316,,False
2008-06-24 02:00:00+00:00,,,,,,0.9226102758723396,0.03342346924741,False
2008-06-24 02:30:00+00:00,,,,,,0.6475049016497676,0.0086228602561869,False
2008-06-24 03:00:00+00:00,,,,,,,,False
2008-06-24 03:30:00+00:00,,,,,,,,False
2008-06-24 04:00:00+00:00,,,,0.0966334886759019,,,,False
2008-06-24 04:30:00+00:00,,,,,,,,False
2008-06-24 05:00:00+00:00,,,,,,,,False
2008-06-24 05:30:00+00:00,,,,0.0117666784311161,,,,False
2008-06-24 06:00:00+00:00,,,,,,,,False
2008-06-24 06:30:00+00:00,,,,,,,,False
2008-06-24 07:00:00+00:00,,,,,,,,False
2008-06-24 07:30:00+00:00,,,0.0049892770272457,0.5466868712899489,,,,False
2008-06-24 08:00:00+00:00,,,0.0275547615877609,0.5943693069393516,,,,False
2008-06-24 08:30:00+00:00,,,,0.4542105474591552,0.1946012780447978,,0.03342346924741,False
2008-06-24 09:00:00+00:00,,,,1.0624848106320073,0.3038797195346408,0.0708058093482637,0.3307115373322194,False
2008-06-24 09:30:00+00:00,,,,1.2911783443521947,0.0411761509695795,,0.21301369633003192,True
2008-06-24 10:00:00+00:00,,,,,0.1355249293069622,,0.0953158553278444,True
2008-06-24 10:30:00+00:00,,,,,0.2298737076443449,,0.931644666916632,False
2008-06-24 11:00:00+00:00,,,,,0.1606128798286717,0.1417287287077988,1.6589265450736788,False
2008-06-24 11:30:00+00:00,,,0.1898243938794827,0.6924761221367376,0.2298737076443449,0.6475049016497676,2.0643192042974783,False
2008-06-24 12:00:00+00:00,,,0.8777169186103151,0.9527301245646216,0.1946012780447978,1.0391950852696512,1.994881189302576,False
2008-06-24 12:30:00+00:00,,,1.5049008437091445,2.679679745922298,0.3820295121000516,0.7546478341634316,1.3420035089299152,False
2008-06-24 13:00:00+00:00,,,1.819078060850964,3.289003354973891,0.3038797195346408,0.5954555919669048,0.8763539472995256,False
2008-06-24 13:30:00+00:00,,,1.884014143893054,4.19978307665268,0.6377880237959412,0.8096902122895885,0.8763539472995256,False
2008-06-24 14:00:00+00:00,,,2.082976584740716,3.08992667320499,0.1280430861145358,1.2829245989589286,1.8582446808603612,True
2008-06-24 14:30:00+00:00,,,1.56632479570908,1.9800702697573007,0.4225257764185536,0.8096902122895885,1.724610392429569,False
2008-06-24 15:00:00+00:00,,,1.9496439590027437,8.04517719470874,0.6377880237959412,0.3067978924783116,0.8763539472995256,False
2008-06-24 15:30:00+00:00,,,2.850531948118191,,1.175000310739422,2.1713619770878285,2.5102281101456447,False
2008-06-24 16:00:00+00:00,,,2.7768690079687186,,1.0745758183749587,2.1713619770878285,2.73029071622499,False
2008-06-24 16:30:00+00:00,,,2.703876888366306,0.6226246954261584,1.27780452944874,2.0320168432273453,2.880490947623327,False
2008-06-24 17:00:00+00:00,,,2.4889219093314323,0.5746434996539233,1.22610775366278,1.8285063794861256,2.880490947623327,False
2008-06-24 17:30:00+00:00,,,2.2116993094037376,5.802706133652204,1.9426793181873805,0.9134220644067635,2.5828843583536525,False
2008-06-24 18:00:00+00:00,,,1.8160652347424928,3.287285587083346,1.6558123821345323,1.8285063794861256,3.111040988021869,True
2008-06-24 18:30:00+00:00,0.6493307295247164,,1.268962288452882,0.7718650405144883,1.5449673779753688,1.5675426608378762,2.880490947623327,False
2008-06-24 19:00:00+00:00,0.7482135258034021,,0.6808174286989896,0.7718650405144883,1.5449673779753688,1.5675426608378762,2.4382697609547828,False
2008-06-24 19:30:00+00:00,0.5539407639282792,,0.7806609106732512,,1.27780452944874,1.3797348253409016,2.2964477486573664,False
2008-06-24 20:00:00+00:00,0.2126855144415582,,0.8837811649515204,,1.175000310739422,1.6965308329191826,2.2964477486573664,False
2008-06-24 20:30:00+00:00,0.0632937474086618,,0.8837811649515204,,1.0745758183749587,1.9634437764752617,2.088960678777503,True
2008-06-24 21:00:00+00:00,0.0,,0.8837811649515204,,1.0745758183749587,2.0320168432273453,1.954145857732128,False
2008-06-24 21:30:00+00:00,0.0191117561187472,,0.8318195774118288,,0.9765812265495336,1.9634437764752617,1.693005257578525,False
2008-06-24 22:00:00+00:00,0.0,,,,0.7881341445770437,1.8956061995724431,1.629503767275372,False
2008-06-24 22:30:00+00:00,0.10159000501166518,,,0.6715038634198452,0.9765812265495336,1.5675426608378762,1.3827412719820404,True
2008-06-24 23:00:00+00:00,0.2512772208811246,,,0.2273676427044965,0.9765812265495336,1.6965308329191826,1.3228853043336264,False
2008-06-24 23:30:00+00:00,0.332284075055425,,,,0.7881341445770437,1.8285063794861256,1.566722361016051,False
2008-06-25 00:00:00+00:00,0.5076185387547348,,,,0.6103047021183468,1.5675426608378762,1.566722361016051,False
2008-06-25 00:30:00+00:00,0.5539407639282792,,,,0.6103047021183468,1.4415742858275395,1.3827412719820404,False
2008-06-25 01:00:00+00:00,0.6493307295247164,,,,0.0651225671041996,0.9134220644067635,0.818706174746202,False
2008-06-25 01:30:00+00:00,0.5076185387547348,,,,0.0,0.5019623834749092,0.818706174746202,False
2008-06-25 02:00:00+00:00,0.332284075055425,,,,0.1863739841668675,0.2779812968067658,0.5200451898317712,False
2008-06-25 02:30:00+00:00,0.2512772208811246,,,,0.2550285620504248,0.0888835121945636,0.1797390034392862,False
2008-06-25 03:00:00+00:00,0.2126855144415582,,,,0.0651225671041996,,0.0,False
2008-06-25 03:30:00+00:00,0.1398962130747505,,,,,,,False
2008-06-25 04:00:00+00:00,0.0,,,,,,,False
2008-06-25 04:30:00+00:00,,,,,,,,False
2008-06-25 05:00:00+00:00,,,,,,,,False
2008-06-25 05:30:00+00:00,,,,0.6715038634198452,0.2201384601001008,,,False
2008-06-25 06:00:00+00:00,,,,0.1893733867364094,0.3278866846478702,,,False
2008-06-25 06:30:00+00:00,,,,0.7212575663252424,0.1863739841668675,,,False
2008-06-25 07:00:00+00:00,,,,1.6243680799763316,0.039450136994177,,,False
2008-06-25 07:30:00+00:00,,,,1.0925289606621025,0.0167713297084034,,,False
2008-06-25 08:00:00+00:00,,,,1.3807507170151765,0.039450136994177,0.6492668887232964,,False
2008-06-25 08:30:00+00:00,,,,2.493010025149198,0.2909658609498589,0.7002964730695463,0.3403542925805871,False
2008-06-25 09:00:00+00:00,,,,0.7718650405144883,0.3278866846478702,0.8588277590024267,1.0909856926050625,False
2008-06-25 09:30:00+00:00,,,,2.932892598593228,0.8342800361643059,0.45489432623976,0.87153874628211,False
2008-06-25 10:00:00+00:00,,,,2.213384555814534,0.8342800361643059,0.028631213844598,0.2573560305304269,False
2008-06-25 10:30:00+00:00,,,,1.2632518746396542,0.4844659856114376,0.38630673775878666,0.3836534073381756,True
2008-06-25 11:00:00+00:00,,,,1.6243680799763316,1.0745758183749587,0.9134220644067635,1.954145857732128,False
2008-06-25 11:30:00+00:00,,,,4.489724750378004,1.4363828795586708,1.1988685237544965,2.4382697609547828,False
2008-06-25 12:00:00+00:00,,,,3.2398107026715506,1.175000310739422,1.5041786724520452,2.880490947623327,False
2008-06-25 12:30:00+00:00,,,,9.141314219021952,1.8841995053716103,1.025142514050683,1.954145857732128,False
2008-06-25 13:00:00+00:00,,,,6.002345637746459,1.22610775366278,1.025142514050683,1.8877961949366704,False
2008-06-25 13:30:00+00:00,,,,6.410992974907608,0.8342800361643059,0.4089081821073839,1.629503767275372,False
2008-06-25 14:00:00+00:00,,,,7.047918652396716,1.0745758183749587,0.3203873890560004,1.5046650659689162,False
2008-06-25 14:30:00+00:00,,,,10.838121793447932,1.27780452944874,0.0571580229383121,0.9251961960388644,False
2008-06-25 15:00:00+00:00,,,,0.0049775586196443,0.2909658609498589,0.0888835121945636,1.2637746052028531,False
2008-06-25 15:30:00+00:00,,,,0.10598316952134164,0.0920199140082464,0.7000359215019876,1.223742756413304,True
2008-06-25 16:00:00+00:00,,,,0.3754326810872376,0.121363483873199,0.555272902269576,0.5865951884786317,False
2008-06-25 16:30:00+00:00,,,,1.3519823195518452,0.152219988944699,0.2918650261064166,0.2753022008318302,False
2008-06-25 17:00:00+00:00,,,,1.9098760933448855,0.3618609474598019,0.5088368994564312,,False
2008-06-25 17:30:00+00:00,,,,3.831523841472336,0.4793032524840156,0.0,,False
2008-06-25 18:00:00+00:00,,,,,0.324416577734118,0.3330754348867203,0.0601648163424943,False
2008-06-25 18:30:00+00:00,,,,,0.19150062219424963,0.6508983904286328,1.3408843510544544,True
2008-06-25 19:00:00+00:00,,,,,0.121363483873199,0.5088368994564312,,False
2008-06-25 19:30:00+00:00,,,,1.9753186321590877,0.4793032524840156,0.555272902269576,,False
2008-06-25 20:00:00+00:00,,,,0.0,0.3618609474598019,0.8008525981791217,,False
2008-06-25 20:30:00+00:00,,,,,0.324416577734118,0.418877349759702,,False
2008-06-25 21:00:00+00:00,,,,,0.0920199140082464,0.2918650261064166,,False
2008-06-25 21:30:00+00:00,0.1134611987570096,,,,0.0920199140082464,0.1759245358982201,,False
2008-06-25 22:00:00+00:00,0.1497002541339931,0.0914452438856788,,0.0,0.152219988944699,0.1402261945384118,,False
2008-06-25 22:30:00+00:00,0.1497002541339931,0.0387960097041799,,0.0191564932580487,0.0,0.0,,False
2008-06-25 23:00:00+00:00,0.1878346791097729,0.0,,0.0744198709256506,0.1844150150095002,0.2131891182741884,,False
2008-06-25 23:30:00+00:00,0.2276515396070355,0.0,,0.0191564932580487,0.324416577734118,0.602635945801644,,False
2008-06-26 00:00:00+00:00,0.268994992010589,0.0387960097041799,,0.1062942403424655,0.152219988944699,0.3330754348867203,,False
2008-06-26 00:30:00+00:00,0.268994992010589,0.0914452438856788,0.0443424992618664,0.2131891182741884,0.324416577734118,0.1402261945384118,,False
2008-06-26 01:00:00+00:00,0.1134611987570096,0.0914452438856788,0.0443424992618664,0.1402261945384118,0.3618609474598019,0.1402261945384118,,False
2008-06-26 01:30:00+00:00,0.0,0.0914452438856788,0.0443424992618664,0.1062942403424655,0.324416577734118,0.1062942403424655,,False
2008-06-26 02:00:00+00:00,0.0,0.1206042774625501,0.0188472620011118,0.0744198709256506,0.2878917820871691,0.0450714244994384,,False
2008-06-26 02:30:00+00:00,0.0480981160513778,0.1206042774625501,0.0,0.1759245358982201,0.2878917820871691,0.0191564932580487,,False
2008-06-26 03:00:00+00:00,0.5438558778302448,0.3976431767966232,0.0732140398469275,0.750027030049152,0.4001809555574028,0.0450714244994384,,False
2008-06-26 03:30:00+00:00,0.8021850351623028,0.4762532386154448,0.1379455214552089,1.0121836344244308,0.4393391495248404,0.0744198709256506,,False
2008-06-26 04:00:00+00:00,0.8566618438030033,0.4365482535313272,0.1379455214552089,0.8524955638987884,0.3618609474598019,0.0450714244994384,,False
2008-06-26 04:30:00+00:00,0.9120284730042516,0.4762532386154448,0.1730578455480092,0.750027030049152,0.4001809555574028,0.0744198709256506,,False
2008-06-26 05:00:00+00:00,0.96826903070886,0.4365482535313272,0.1379455214552089,0.8008525981791217,0.4393391495248404,0.0744198709256506,,False
2008-06-26 05:30:00+00:00,1.025369284333698,0.4762532386154448,0.1379455214552089,0.7000359215019876,0.5200451898317712,0.1062942403424655,,False
2008-06-26 06:00:00+00:00,1.262130295956977,0.5579546679003528,0.1730578455480092,0.602635945801644,0.5200451898317712,0.1402261945384118,,False
2008-06-26 06:30:00+00:00,1.5118264453435957,0.6425620433284212,0.2097086198718542,1.0669580318018124,0.6903397411686792,0.1759245358982201,,False
2008-06-26 07:00:00+00:00,1.7073279324731303,0.5167302053322924,0.2477534923778227,0.5088368994564312,0.6903397411686792,0.2518733500960521,,False
2008-06-26 07:30:00+00:00,1.5118264453435957,0.3595701118136515,0.2097086198718542,0.904940647075998,0.7346531832385248,0.1062942403424655,,False
2008-06-26 08:00:00+00:00,1.5118264453435957,0.2507494712819518,0.1730578455480092,0.2131891182741884,0.5615403489838151,0.1402261945384118,,False
2008-06-26 08:30:00+00:00,1.5118264453435957,0.2164510682425173,0.1730578455480092,0.2131891182741884,0.5200451898317712,0.1402261945384118,,False
2008-06-26 09:00:00+00:00,1.3233612034481796,0.183257459236557,0.1045687017120551,0.8524955638987884,0.5615403489838151,0.0191564932580487,,False
2008-06-26 09:30:00+00:00,0.96826903070886,0.1206042774625501,0.0443424992618664,0.602635945801644,0.4793032524840156,,,False
2008-06-26 10:00:00+00:00,0.7486158395443752,0.0914452438856788,0.0188472620011118,0.3330754348867203,0.4393391495248404,,,False
2008-06-26 10:30:00+00:00,0.5438558778302448,0.1512661395680978,0.0188472620011118,0.2131891182741884,0.4393391495248404,,,False
2008-06-26 11:00:00+00:00,0.4011110737444872,0.3223663060868971,0.1379455214552089,0.2518733500960521,0.2878917820871691,,,False
2008-06-26 11:30:00+00:00,0.5438558778302448,0.2860754508234194,0.1730578455480092,0.16314661051085133,0.152219988944699,,,True
2008-06-26 12:00:00+00:00,0.4951828300853448,0.1512661395680978,0.1379455214552089,0.0744198709256506,0.2178206357871168,,,False
2008-06-26 12:30:00+00:00,0.4475862899568684,0.183257459236557,0.1730578455480092,0.6508983904286328,0.2178206357871168,,,False
2008-06-26 13:00:00+00:00,0.6959742415961112,0.4365482535313272,0.3692566102622868,0.1402261945384118,0.1844150150095002,,,False
2008-06-26 13:30:00+00:00,0.9120284730042516,0.5167302053322924,0.6400666890559403,,0.2178206357871168,0.0450714244994384,,False
2008-06-26 14:00:00+00:00,1.2017067895547675,0.5999050114663608,0.7374973191809687,,0.1844150150095002,0.0191564932580487,,False
2008-06-26 14:30:00+00:00,1.2017067895547675,0.4365482535313272,2.071382472947293,0.1062942403424655,0.2178206357871168,,,False
2008-06-26 15:00:00+00:00,1.2017067895547675,0.2507494712819518,0.3692566102622868,0.555272902269576,0.324416577734118,,,False
2008-06-26 15:30:00+00:00,,,0.0450714244994384,,,,,False
2008-06-26 16:00:00+00:00,,,0.0,,,,,False
2008-06-26 16:30:00+00:00,,,0.0,,,,,False
2008-06-26 17:00:00+00:00,,,,,,,,False
2008-06-26 17:30:00+00:00,,0.095198652254993,,,0.0,,,False
2008-06-26 18:00:00+00:00,,0.1574967890386094,0.0,,0.0975016643780102,,,False
2008-06-26 18:30:00+00:00,,0.0403828389784198,,0.0,0.0975016643780102,,,False
2008-06-26 19:00:00+00:00,,0.010847465334943966,,,0.1286062503940227,,,True
2008-06-26 19:30:00+00:00,,0.0,,,0.0975016643780102,,,False
2008-06-26 20:00:00+00:00,,0.095198652254993,0.0,,0.1613205581233676,,,False
2008-06-26 20:30:00+00:00,,,,,0.0975016643780102,,,False
2008-06-26 21:00:00+00:00,,,,,,,,False
2008-06-26 21:30:00+00:00,,0.095198652254993,0.0,,,,,False
2008-06-26 22:00:00+00:00,0.0,0.1908191467150837,0.0191564932580487,0.0471637252338861,0.0,0.0,3.0541015246597163,False
2008-06-26 22:30:00+00:00,0.0915087746032192,0.1574967890386094,0.0191564932580487,0.1841566370605131,0.0413562881640938,0.2226377855201652,2.7541349111617164,False
2008-06-26 23:00:00+00:00,0.1307586710152825,0.095198652254993,0.0191564932580487,0.1467747495176731,0.068274782021021,0.2630588974898245,2.2553768475733067,False
2008-06-26 23:30:00+00:00,0.310383485727476,0.095198652254993,0.0191564932580487,0.1467747495176731,0.1286062503940227,0.2630588974898245,2.0518317679635145,False
2008-06-27 00:00:00+00:00,1.0567071380392417,0.0666649238065394,0.0191564932580487,0.2637066980261959,0.2308901951917519,0.0776920248652798,2.0518317679635145,False
2008-06-27 00:30:00+00:00,2.0651801498159403,0.0666649238065394,0.0191564932580487,0.3931779401243928,0.3052283014720303,0.0776920248652798,1.9195558208024472,False
2008-06-27 01:00:00+00:00,3.447127318451638,0.0403828389784198,0.0,0.3931779401243928,0.3439880354123777,0.1109771646930482,1.6009534052579593,False
2008-06-27 01:30:00+00:00,4.128359111605368,0.0171671556719434,0.0,0.3056048340496193,0.3837310476984108,0.1464163402124937,1.299940437999643,False
2008-06-27 02:00:00+00:00,3.830595944822928,0.0,0.0,0.0,0.5084301908609424,0.1109771646930482,0.9628755357022236,False
2008-06-27 02:30:00+00:00,3.733284025603584,0.0403828389784198,0.0191564932580487,0.1841566370605131,0.6406598640325356,0.1837060510982209,1.07221415787612,False
2008-06-27 03:00:00+00:00,4.028129741686608,0.1574967890386094,0.0450714244994384,0.5817323887682256,0.8761597668873503,0.2226377855201652,1.4182011498127427,False
2008-06-27 03:30:00+00:00,4.128359111605368,0.1908191467150837,0.0450714244994384,0.6314109646800709,1.0258783947565595,0.2630588974898245,1.3587098593546367,False
2008-06-27 04:00:00+00:00,3.830595944822928,0.1574967890386094,0.0450714244994384,0.2637066980261959,1.1815702332474456,0.3479266459888182,0.9628755357022236,False
2008-06-27 04:30:00+00:00,3.447127318451638,0.1255632326726803,0.0450714244994384,0.0200440124682429,1.3981150245576637,0.2630588974898245,0.605552178347784,False
2008-06-27 05:00:00+00:00,3.0789617287323026,0.1255632326726803,0.0191564932580487,0.3056048340496193,1.9212937042309453,0.2630588974898245,0.0,False
2008-06-27 05:30:00+00:00,3.261142098629324,0.2611326919410619,0.0450714244994384,1.2962627333082073,3.626254020712068,0.6298347279564792,,False
2008-06-27 06:00:00+00:00,3.92887663305354,0.297942484775674,0.1402261945384118,0.7860604386046032,4.09063623906924,0.5317090767737532,,False
2008-06-27 06:30:00+00:00,4.229568768616632,0.2611326919410619,0.1759245358982201,0.4853496591468432,2.626163347159224,0.4376297740994568,0.4208885387413595,False
2008-06-27 07:00:00+00:00,4.028129741686608,0.3357625220068755,0.1759245358982201,0.6820414477200216,1.982424890024928,0.4841453723909795,1.3587098593546367,False
2008-06-27 07:30:00+00:00,4.128359111605368,0.4547866100767271,0.2131891182741884,1.3569641702821116,1.9212937042309453,0.4376297740994568,3.605399813976156,False
2008-06-27 08:00:00+00:00,3.830595944822928,0.3745389589765955,0.1759245358982201,0.1841566370605131,1.3430367332133049,0.5317090767737532,,False
2008-06-27 08:30:00+00:00,3.733284025603584,0.6696492699023965,0.2518733500960521,,0.7797927057623388,0.4841453723909795,,False
2008-06-27 09:00:00+00:00,3.733284025603584,0.5813907915784283,0.2918650261064166,,0.9253875821287644,0.4376297740994568,,False
2008-06-27 09:30:00+00:00,3.447127318451638,0.4142265147828,0.2918650261064166,,0.8761597668873503,0.3922062739939188,,False
2008-06-27 10:00:00+00:00,3.5415528664757763,0.5383958449343256,0.2918650261064166,0.3487868808969168,0.8761597668873503,0.3922062739939188,,False
2008-06-27 10:30:00+00:00,4.028129741686608,0.6251485339621116,0.2918650261064166,0.3931779401243928,0.8761597668873503,0.5317090767737532,,False
2008-06-27 11:00:00+00:00,4.331762919268416,0.5813907915784283,0.2918650261064166,0.9486860942711844,0.9752970138312024,0.5317090767737532,,False
2008-06-27 11:30:00+00:00,3.830595944822928,0.3745389589765955,0.2131891182741884,0.5817323887682256,0.9752970138312024,0.4376297740994568,,False
2008-06-27 12:00:00+00:00,3.733284025603584,0.3745389589765955,0.2131891182741884,0.3487868808969168,0.8761597668873503,0.3922062739939188,,False
2008-06-27 12:30:00+00:00,3.733284025603584,0.3357625220068755,0.1759245358982201,0.8394069987801216,0.8761597668873503,0.3479266459888182,,False
2008-06-27 13:00:00+00:00,3.447127318451638,0.1908191467150837,0.0744198709256506,0.733598680357314,0.7797927057623388,0.2630588974898245,,False
2008-06-27 13:30:00+00:00,3.5415528664757763,0.1255632326726803,0.0450714244994384,0.3383379272381415,0.3837310476984108,0.2630588974898245,0.7536780353715589,True
2008-06-27 14:00:00+00:00,3.733284025603584,0.3745389589765955,0.0744198709256506,0.0200440124682429,0.2675068595112755,0.2226377855201652,2.0518317679635145,False
2008-06-27 14:30:00+00:00,4.434945947024328,0.5383958449343256,0.2131891182741884,0.0509279731230695,0.3837310476984108,0.3922062739939188,2.978087432099987,True
2008-06-27 15:00:00+00:00,5.185319582979179,0.6251485339621116,0.3754326810872376,0.1467747495176731,0.5517058700432196,0.4841453723909795,3.444443508409873,False
2008-06-27 15:30:00+00:00,7.293165514676352,1.417393790650105,0.6431279518151568,0.9605196162700091,0.7710594389413847,1.3031739730950336,3.83420231425314,False
2008-06-27 16:00:00+00:00,7.41851619260094,1.3125645207921095,0.5954555919669048,1.1252514420486,0.866311400316978,1.3031739730950336,3.2762524840017084,False
2008-06-27 16:30:00+00:00,7.045656402971448,0.9638754258633409,0.5027975349689844,0.8545741023814885,0.9149668458524568,1.187527132997856,2.326944022999877,False
2008-06-27 17:00:00+00:00,6.328150942537512,0.7330724570568744,0.5027975349689844,0.0451773312687493,0.7710594389413847,1.1308170098808792,2.395986933965497,False
2008-06-27 17:30:00+00:00,3.53255760754344,0.5603404922188776,0.4578705505391868,0.1763410958635975,0.7244875322223264,0.8587588472915867,2.326944022999877,False
2008-06-27 18:00:00+00:00,2.4219289447833745,0.4384052660012004,0.4139248118328972,0.4198807618762284,0.7244875322223264,0.755515638834174,1.9916989421037912,False
2008-06-27 18:30:00+00:00,1.9590354643139352,0.3610944031676399,0.3710023155557388,0.2925601248943498,0.7244875322223264,0.755515638834174,1.798571987850906,False
2008-06-27 19:00:00+00:00,1.391315447136629,0.3610944031676399,0.3710023155557388,0.0,0.6335237654403192,0.655642785068244,1.8626118095695934,True
2008-06-27 19:30:00+00:00,0.94295062045584,0.3237305338879693,0.2884339730947712,0.1763410958635975,0.5455827624351492,0.4219007079052476,1.9266516312882804,False
2008-06-27 20:00:00+00:00,0.6526833835573188,0.2518069869906541,0.2106924857267396,0.1065449628476434,0.4608355832963819,0.2939593594280061,1.7355441993729732,False
2008-06-27 20:30:00+00:00,0.4407039782428248,0.2173623721298002,0.1385902474433712,0.0,0.3402043967598688,0.2147129757101894,1.6731946447620372,False
2008-06-27 21:00:00+00:00,0.249924197993153,0.1840276939864827,0.1050565060075064,0.0,0.2645749416835303,0.1771796001009585,1.6731946447620372,False
2008-06-27 21:30:00+00:00,0.1642820530356237,0.1519008306478729,0.0735549313432352,0.0,0.2283641000246581,0.2536772105073546,1.6115264027126206,False
2008-06-27 22:00:00+00:00,0.1642820530356237,0.121109454809047,0.0735549313432352,0.0,0.2283641000246581,0.2939593594280061,,False
2008-06-27 22:30:00+00:00,0.124488840151099,0.121109454809047,0.0735549313432352,0.0,0.2283641000246581,0.2939593594280061,,False
2008-06-27 23:00:00+00:00,0.124488840151099,0.121109454809047,0.1050565060075064,0.0,0.2645749416835303,0.2939593594280061,,False
2008-06-27 23:30:00+00:00,0.124488840151099,0.121109454809047,0.1050565060075064,0.0451773312687493,0.2645749416835303,0.2939593594280061,,False
2008-06-28 00:00:00+00:00,0.0871304360640926,0.0918276316797182,0.0735549313432352,0.0745950737605719,0.2283641000246581,0.2536772105073546,,False
2008-06-28 00:30:00+00:00,0.0527525083513166,0.064308280942189,0.0735549313432352,0.0745950737605719,0.0964424611338332,0.1070496361392926,,False
2008-06-28 01:00:00+00:00,0.0,0.0389576900377367,0.0445485724117009,0.1405575893451027,0.0173902674913154,0.0192918502964171,,False
2008-06-28 01:30:00+00:00,0.0,0.0165623302894541,0.0189346859667482,0.1065449628476434,0.0,0.0192918502964171,,False
2008-06-28 02:00:00+00:00,0.0,0.0165623302894541,0.0,0.1405575893451027,0.0409085970337684,0.0,,False
2008-06-28 02:30:00+00:00,0.0224139945612815,0.0,0.0,0.0745950737605719,0.0173902674913154,0.0,,False
2008-06-28 03:00:00+00:00,0.124488840151099,0.0165623302894541,0.0,0.0451773312687493,0.0173902674913154,0.0,,False
2008-06-28 03:30:00+00:00,0.3423812411938842,0.0165623302894541,0.0189346859667482,0.0,0.0173902674913154,0.0453905032271529,,False
2008-06-28 04:00:00+00:00,1.06624490440581,0.2872840212937415,0.1050565060075064,0.6040908728035128,0.0675343899598118,0.0749477309954324,,False
2008-06-28 04:30:00+00:00,2.186552216592443,0.4384052660012004,0.1738682169308427,0.7518485162454119,0.159561854185748,0.1412246541939973,,False
2008-06-28 05:00:00+00:00,3.716603766127764,0.5603404922188776,0.1738682169308427,1.1252514420486,0.2283641000246581,0.1771796001009585,,False
2008-06-28 05:30:00+00:00,5.319742571176896,0.5603404922188776,0.2106924857267396,1.1816707463126208,0.3018769829810849,0.2147129757101894,,False
2008-06-28 06:00:00+00:00,5.21256231519192,0.4782826567243259,0.2106924857267396,0.7017326538812316,0.3795027061951656,0.2536772105073546,,False
2008-06-28 06:30:00+00:00,5.319742571176896,0.518935922196354,0.2106924857267396,0.8028013619446092,0.3795027061951656,0.2939593594280061,,False
2008-06-28 07:00:00+00:00,5.319742571176896,0.4782826567243259,0.2106924857267396,0.4198807618762284,0.3795027061951656,0.2536772105073546,,False
2008-06-28 07:30:00+00:00,5.106334966513128,0.3610944031676399,0.1738682169308427,0.376330275704358,0.3018769829810849,0.2536772105073546,,False
2008-06-28 08:00:00+00:00,5.00105542993452,0.2518069869906541,0.1385902474433712,0.376330275704358,0.3018769829810849,0.1771796001009585,,False
2008-06-28 08:30:00+00:00,5.00105542993452,0.1519008306478729,0.1050565060075064,0.2925601248943498,0.2645749416835303,0.1412246541939973,,False
2008-06-28 09:00:00+00:00,5.00105542993452,0.0918276316797182,0.0735549313432352,0.213694887405438,0.1933255771366359,0.1412246541939973,,False
2008-06-28 09:30:00+00:00,4.290237756415224,0.064308280942189,0.0189346859667482,0.1763410958635975,0.0964424611338332,0.1070496361392926,,False
2008-06-28 10:00:00+00:00,2.2641397037016984,0.0389576900377367,0.0,0.3338702170409808,0.0964424611338332,0.0749477309954324,,False
2008-06-28 10:30:00+00:00,1.391315447136629,0.0389576900377367,0.0,0.4198807618762284,0.0675343899598118,0.0453905032271529,,False
2008-06-28 11:00:00+00:00,1.06624490440581,0.0389576900377367,0.0,0.1763410958635975,0.0409085970337684,0.0749477309954324,,False
2008-06-28 11:30:00+00:00,2.6651387907713664,0.0918276316797182,0.0,0.7518485162454119,0.0173902674913154,0.0749477309954324,,False
2008-06-28 12:00:00+00:00,4.589318190341376,0.2872840212937415,0.0,1.7855276459115996,0.0675343899598118,0.0749477309954324,,False
2008-06-28 12:30:00+00:00,4.589318190341376,0.2872840212937415,0.0,1.014666273043067,0.0173902674913154,0.0749477309954324,,False
2008-06-28 13:00:00+00:00,4.389013895802444,0.1840276939864827,,0.8545741023814885,0.0,0.0192918502964171,,False
2008-06-28 13:30:00+00:00,2.342598937747398,0.064308280942189,,0.252472047381603,,,,False
2008-06-28 14:00:00+00:00,0.3908532317886827,0.064308280942189,,0.0192014205506796,,,,False
2008-06-28 14:30:00+00:00,0.1642820530356237,0.0389576900377367,,0.0,,,,False
2008-06-28 15:00:00+00:00,0.0224139945612815,0.0389576900377367,,0.1763410958635975,,,,False
2008-06-28 15:30:00+00:00,1.0016989008852923,0.2476247045096714,0.1360435737089185,0.4968868404962124,0.3641783719280436,0.137625193317416,,False
2008-06-28 16:00:00+00:00,0.8297026931862684,0.2137582614660123,0.1360435737089185,0.4090773873218148,0.3264906048770592,0.1726552223491957,,False
2008-06-28 16:30:00+00:00,0.8297026931862684,0.2137582614660123,0.1360435737089185,0.2082483427413265,0.2897291219250348,0.1726552223491957,,False
2008-06-28 17:00:00+00:00,0.6137552241112249,0.2137582614660123,0.1360435737089185,0.4524982610719283,0.2539464413110862,0.1043263362525897,,False
2008-06-28 17:30:00+00:00,0.4627130440536576,0.1809814384330142,0.1031296289898877,0.4090773873218148,0.2192059898557693,0.0730446659621866,,False
2008-06-28 18:00:00+00:00,0.2780098728632809,0.1493905982932875,0.0722083433128185,0.9352782369021528,0.1855858905820198,,,False
2008-06-28 18:30:00+00:00,0.2352649260697131,0.1493905982932875,0.0722083433128185,0.4524982610719283,0.0926011628323307,,,False
2008-06-28 19:00:00+00:00,0.1546858661387345,0.1493905982932875,0.0722083433128185,0.2850753279723458,0.0926011628323307,,,False
2008-06-28 19:30:00+00:00,0.1941033640745181,0.1493905982932875,0.0722083433128185,0.0727080403094193,0.0392847400910959,,,False
2008-06-28 20:00:00+00:00,0.1941033640745181,0.1493905982932875,0.0722083433128185,0.0727080403094193,0.0392847400910959,0.0188038238757876,,True
2008-06-28 20:30:00+00:00,0.1941033640745181,0.0903152128663346,0.0437345241395479,0.0727080403094193,0.0167011345075397,0.0,,False
2008-06-28 21:00:00+00:00,0.1172320592064357,0.0383181884053585,0.018589328077325,0.2082483427413265,0.0,0.0,,False
2008-06-28 21:30:00+00:00,0.0820618090104762,0.0162909073192426,0.0,0.1369885655749734,0.0,0.0188038238757876,,False
2008-06-28 22:00:00+00:00,0.0496900354524714,0.0162909073192426,0.0,0.1369885655749734,0.0167011345075397,0.0188038238757876,,False
2008-06-28 22:30:00+00:00,0.0211154438452222,0.0162909073192426,0.0,0.2082483427413265,0.0167011345075397,0.0,,False
2008-06-28 23:00:00+00:00,0.0,0.0,0.0,0.1369885655749734,0.0,0.0188038238757876,,False
2008-06-28 23:30:00+00:00,0.0211154438452222,0.0,0.0,0.1038446476705065,0.0,0.0442401094263924,,False
2008-06-29 00:00:00+00:00,0.0211154438452222,0.0,0.0,0.0440366102196159,0.0,0.0730446659621866,,False
2008-06-29 00:30:00+00:00,0.0211154438452222,0.0,0.0,0.0440366102196159,0.0,0.0730446659621866,,False
2008-06-29 01:00:00+00:00,0.0496900354524714,0.0162909073192426,0.018589328077325,0.0,0.0392847400910959,0.137625193317416,,False
2008-06-29 01:30:00+00:00,0.0820618090104762,0.0162909073192426,0.018589328077325,0.0,0.0648490713663463,0.2092198039380954,,False
2008-06-29 02:00:00+00:00,0.1172320592064357,0.0162909073192426,0.018589328077325,0.0,0.0392847400910959,0.2092198039380954,,False
2008-06-29 02:30:00+00:00,0.0820618090104762,0.0,0.018589328077325,0.0440366102196159,0.0392847400910959,0.1726552223491957,,False
2008-06-29 03:00:00+00:00,0.1172320592064357,0.0162909073192426,0.018589328077325,0.0440366102196159,0.0392847400910959,0.2471749009648945,,False
2008-06-29 03:30:00+00:00,0.1172320592064357,0.0383181884053585,0.0437345241395479,0.1369885655749734,0.0926011628323307,0.2471749009648945,,False
2008-06-29 04:00:00+00:00,0.1546858661387345,0.0383181884053585,0.0722083433128185,0.1038446476705065,0.1221313964086364,0.286410239354197,,False
2008-06-29 04:30:00+00:00,0.1941033640745181,0.0632508795727135,0.1031296289898877,0.1369885655749734,0.1531847952681156,0.32683861363609,,False
2008-06-29 05:00:00+00:00,0.1941033640745181,0.0632508795727135,0.1031296289898877,0.2082483427413265,0.1855858905820198,0.32683861363609,,False
2008-06-29 05:30:00+00:00,0.1941033640745181,0.0632508795727135,0.0722083433128185,0.246025035911521,0.1531847952681156,0.286410239354197,,False
2008-06-29 06:00:00+00:00,0.1941033640745181,0.0383181884053585,0.0722083433128185,0.246025035911521,0.1855858905820198,0.286410239354197,,False
2008-06-29 06:30:00+00:00,0.1546858661387345,0.0383181884053585,0.0722083433128185,1.150374825251928,0.1855858905820198,0.2092198039380954,,False
2008-06-29 07:00:00+00:00,0.1941033640745181,0.0383181884053585,0.0437345241395479,1.150374825251928,0.1221313964086364,0.137625193317416,,False
2008-06-29 07:30:00+00:00,0.2352649260697131,0.0632508795727135,0.018589328077325,0.7322429696914728,0.1221313964086364,0.0730446659621866,,False
2008-06-29 08:00:00+00:00,0.1941033640745181,0.0903152128663346,0.018589328077325,0.4968868404962124,0.0648490713663463,0.0730446659621866,,False
2008-06-29 08:30:00+00:00,0.1172320592064357,0.1191114171455983,0.018589328077325,0.6355240181697133,0.0648490713663463,0.1043263362525897,,False
2008-06-29 09:00:00+00:00,0.0,0.0632508795727135,,0.8322036787836612,0.0926011628323307,,,False
2008-06-29 09:30:00+00:00,,0.0162909073192426,,0.9879501335065956,0.0167011345075397,,,False
2008-06-29 10:00:00+00:00,,0.0162909073192426,,0.3253123828789495,,,,False
2008-06-29 10:30:00+00:00,,0.0383181884053585,,0.8833586850250812,,,,False
2008-06-29 11:00:00+00:00,,0.0383181884053585,,0.5884288037753436,,,,False
2008-06-29 11:30:00+00:00,,0.0632508795727135,,2.0559395388046102,,,,False
2008-06-29 12:00:00+00:00,,0.1493905982932875,,3.3380860419034954,,,,False
2008-06-29 12:30:00+00:00,,0.2476247045096714,0.0722083433128185,2.9607724354196847,0.0,,,False
2008-06-29 13:00:00+00:00,,0.5509064658160908,0.4934005429093812,1.150374825251928,,,,False
2008-06-29 13:30:00+00:00,,0.8094746621699317,1.0339009012145628,0.3666658022062884,,,,False
2008-06-29 14:00:00+00:00,,0.9945754072903368,1.1972633182124472,3.731841619445988,0.6076742962337532,,,False
2008-06-29 14:30:00+00:00,,1.605183138000918,3.085975625931946,5.196875170634568,1.5380794858847149,0.2471749009648945,,False
2008-06-29 15:00:00+00:00,,1.392772547532193,4.533308685625356,8.645873490673091,1.4300021959315523,0.1726552223491957,,False
2008-06-29 15:30:00+00:00,,2.022306351092993,8.53742577720391,9.89546759633304,2.904155018905946,0.19565446657437,,False
2008-06-29 16:00:00+00:00,,1.213790524908264,8.65156038146183,9.156312402855084,4.608973442841264,0.3522118419524217,,False
2008-06-29 16:30:00+00:00,,0.3766340922004692,8.766507384808524,10.799197956838908,4.531886037145944,0.5720227104827484,,False
2008-06-29 17:00:00+00:00,,0.0534984721995801,8.42409837660204,11.74966661855088,4.531886037145944,0.0930816998268397,,False
2008-06-29 17:30:00+00:00,,0.5237594113464421,6.319645550366867,7.881720640181028,4.080597919284168,,,True
2008-06-29 18:00:00+00:00,,1.365830021614752,3.691068348339936,7.01675686633302,4.303845006391512,,,False
2008-06-29 18:30:00+00:00,0.1123448674424554,2.1981997430499423,2.128415131617516,12.458552683227696,4.228898968753164,,,False
2008-06-29 19:00:00+00:00,0.1123448674424554,0.8333724995637156,2.0011363982087182,14.268253075492357,4.531886037145944,,,False
2008-06-29 19:30:00+00:00,0.0786476021531803,,2.593289277752749,12.896336939964517,4.303845006391512,,,False
2008-06-29 20:00:00+00:00,0.1482244221169879,,3.015710970419232,4.710019713112908,3.862099575026532,,,False
2008-06-29 20:30:00+00:00,0.0202404084624942,,1.9384257216298248,4.797961681969584,3.100956362458348,,,False
2008-06-29 21:00:00+00:00,,,0.3674497118380452,0.734752183731426,2.462756658779106,0.0113365987805201,,False
2008-06-29 21:30:00+00:00,,,0.5379844745054916,0.834005262389058,2.401731067291509,0.5720227104827484,,False
2008-06-29 22:00:00+00:00,,,0.7702948692568476,0.3302515907149402,2.046259403895809,1.0756524192393924,,False
2008-06-29 22:30:00+00:00,,,0.493991965097514,,1.2891179570871456,1.1854396317800988,,False
2008-06-29 23:00:00+00:00,,,0.3674497118380452,,0.6400141403014583,0.8648439604751988,,False
2008-06-29 23:30:00+00:00,,,0.2499511289978923,0.0490666053213234,0.4382102571999803,0.5720227104827484,,False
2008-06-30 00:00:00+00:00,,,0.1107486897342613,,0.5167974750713028,0.618754022885502,,False
2008-06-30 00:30:00+00:00,,,0.0800017784609508,,0.477133673105214,0.618754022885502,,False
2008-06-30 01:00:00+00:00,,,0.0514567572652558,,0.400053369952962,0.5720227104827484,,False
2008-06-30 01:30:00+00:00,,,,,0.3261636801966621,0.4812306841306188,,False
2008-06-30 02:00:00+00:00,,,,0.2136104416103353,0.4382102571999803,0.4372307547272496,,False
2008-06-30 02:30:00+00:00,,,,0.1424451680978471,0.6824341035347005,0.4372307547272496,,False
2008-06-30 03:00:00+00:00,,,0.0514567572652558,0.1424451680978471,0.7255022777350957,0.4812306841306188,,False
2008-06-30 03:30:00+00:00,,,0.0514567572652558,0.0232137261978772,0.477133673105214,0.4372307547272496,,False
2008-06-30 04:00:00+00:00,,,0.0514567572652558,0.2136104416103353,0.3261636801966621,0.2715010144681982,,False
2008-06-30 04:30:00+00:00,,,0.004668594917649,0.2136104416103353,0.1577118787556662,0.19565446657437,,False
2008-06-30 05:00:00+00:00,,,,0.2618454025218738,0.0229311189202362,0.0627499618215472,,True
2008-06-30 05:30:00+00:00,,,,0.3714097091443847,0.0711306416156745,,,False
2008-06-30 06:00:00+00:00,,,0.1107486897342613,0.591897277745766,0.2905059561983035,,,False
2008-06-30 06:30:00+00:00,,0.1682811684320806,0.9188718619205988,3.0914294042634625,0.8135320555035576,,,False
2008-06-30 07:00:00+00:00,,1.213790524908264,2.593289277752749,6.102643216409783,0.9040127081182632,,,False
2008-06-30 07:30:00+00:00,,1.964710605560033,4.33411812081558,5.065916688844236,1.3397614630453225,0.19565446657437,,False
2008-06-30 08:00:00+00:00,,2.817984194431779,3.848022124435332,7.01675686633302,2.221703373424824,0.8140301842326012,,False
2008-06-30 08:30:00+00:00,,,3.848022124435332,4.797961681969584,1.9888001062819411,2.0308202247541427,,False
2008-06-30 09:00:00+00:00,,,0.4508823936048228,9.521891766637127,2.221703373424824,1.9020511251325405,,False
2008-06-30 09:30:00+00:00,,,1.8763362390653104,9.156312402855084,1.9318535011459224,1.5916627359150337,,False
2008-06-30 10:00:00+00:00,,,3.0882692801155933,4.797961681969584,1.6010214383116583,1.241398456377246,,False
2008-06-30 10:30:00+00:00,,,2.5250358231372134,7.442913463070652,1.764103001262599,0.666341216044794,,False
2008-06-30 11:00:00+00:00,,,2.5250358231372134,9.770043581733024,1.9888001062819411,1.4721796504973592,,False
2008-06-30 11:30:00+00:00,,,5.376530870468351,12.030155215465212,2.401731067291509,2.432766827169148,,False
2008-06-30 12:00:00+00:00,,,5.934045917014776,14.745868921411056,2.1627119023328807,1.713828467878985,,False
2008-06-30 12:30:00+00:00,,,5.839401018554496,14.907410678774053,2.221703373424824,1.1854396317800988,,False
2008-06-30 13:00:00+00:00,,1.7950458888001908,5.652192300337728,21.17519579794633,2.524290014290468,1.2980579039271467,,False
2008-06-30 13:30:00+00:00,,2.753691950131477,6.125434444216296,19.16375296848887,3.2347111185095945,1.1854396317800988,,False
2008-06-30 14:00:00+00:00,,3.700867863990348,7.125330967687872,17.118898247205287,3.578085355482994,0.9687609521742024,,False
2008-06-30 14:30:00+00:00,,2.3180421185955327,7.545937064968547,17.660073030103224,3.1675778668383265,0.5261721572291004,,False
2008-06-30 15:00:00+00:00,,3.350901588957799,6.919519433042844,,2.839573565584643,0.0351029339444499,,False
2008-06-30 15:30:00+00:00,,3.1038279524158825,9.070430398856532,,4.817969127404353,,,False
2008-06-30 16:00:00+00:00,,1.5475683453720372,9.894813704598995,,5.9402723499522,,,False
2008-06-30 16:30:00+00:00,,0.8756359409768238,9.655191268147044,,6.54105431767968,,,True
2008-06-30 17:00:00+00:00,,0.4754354115086279,9.418857782717916,,5.773558234100292,,,False
2008-06-30 17:30:00+00:00,,0.2539250062688765,8.067584730081636,25.82113058133732,5.856644287843272,,,False
2008-06-30 18:00:00+00:00,,3.170589671071148,6.05274033769434,18.36225344239348,5.773558234100292,,,False
2008-06-30 18:30:00+00:00,,2.2228024222116898,5.323810634137008,,5.856644287843272,,,False
2008-06-30 19:00:00+00:00,,0.6384920481346967,5.323810634137008,,6.109164274479587,,,False
2008-06-30 19:30:00+00:00,,0.19043465832273013,5.323810634137008,8.484478314659208,5.44658676728814,,,True
2008-06-30 20:00:00+00:00,,0.0214982422188853,4.720035585924432,11.490565145974523,4.15006025133006,,,False
2008-06-30 20:30:00+00:00,,0.02693069418521857,3.307007914098969,7.810375558661748,2.9979462692978243,,,True
2008-06-30 21:00:00+00:00,,0.0441618213725992,1.9635243031648908,1.9755357430797684,2.444529182853697,,,False
2008-06-30 21:30:00+00:00,,0.2201593295551172,2.605846020593216,0.5496723281016397,2.326812239190942,0.0528732374821084,,False
2008-06-30 22:00:00+00:00,,0.1255767688757455,,1.372063652230615,1.8751514743235231,0.256909479304118,,False
2008-06-30 22:30:00+00:00,,0.2539250062688765,,1.095148162024128,0.929404034128746,0.0822081456249433,,False
2008-06-30 23:00:00+00:00,,0.3609007664668883,,1.6056600093171396,1.0201320435014676,0.3777372482226516,,False
2008-06-30 23:30:00+00:00,,0.6809637163313556,,1.4875447544861615,1.160272080364907,0.7427896100216855,,False
2008-07-01 00:00:00+00:00,,0.7240863636170928,,0.5048964701808912,1.2080423771341453,0.9976813541964936,,False
2008-07-01 00:30:00+00:00,,0.6384920481346967,,0.9892341511133292,1.160272080364907,1.1594808318757643,,False
2008-07-01 01:00:00+00:00,,0.28867437900428,,1.1491599208815757,0.929404034128746,0.8424608502912481,,False
2008-07-01 01:30:00+00:00,,0.069433225047158,,0.8861947926068448,0.7124478302747448,0.5993048024031636,,False
2008-07-01 02:00:00+00:00,,0.069433225047158,,0.0541191429680432,0.5106006763080336,0.5993048024031636,,False
2008-07-01 02:30:00+00:00,,0.0214982422188853,,0.18823187881220366,0.5106006763080336,0.7922351520971496,,True
2008-07-01 03:00:00+00:00,,,,0.3760936897806972,0.5106006763080336,0.463553836317702,,False
2008-07-01 03:30:00+00:00,,,,0.4610183898639455,0.4721985333452519,0.1138087381584718,,False
2008-07-01 04:00:00+00:00,,,,0.3351305329406345,0.3975201288988668,0.0822081456249433,,False
2008-07-01 04:30:00+00:00,,,,0.8357800548446027,0.4721985333452519,0.1472927567581634,,False
2008-07-01 05:00:00+00:00,,0.5966860361489028,,2.103938512267482,1.113026817007836,0.463553836317702,,False
2008-07-01 05:30:00+00:00,,1.0432033090775064,,0.8357800548446027,1.5054539645206908,0.7922351520971496,,False
2008-07-01 06:00:00+00:00,,0.5555620261341035,,1.5462751516078896,1.4042863200114362,0.5993048024031636,,False
2008-07-01 06:30:00+00:00,,0.8122329470704969,,3.000093800925337,1.7670708733082543,0.7427896100216855,,False
2008-07-01 07:00:00+00:00,,1.39053784212864,,2.9273766744884147,2.268672109655663,1.2148329790552177,,False
2008-07-01 07:30:00+00:00,,1.9894573050333624,,4.167434879547444,2.8091635087393656,1.4431483350451728,,False
2008-07-01 08:00:00+00:00,,2.588146548515521,,3.1474259827318654,3.0618341368692947,2.1259975013035057,,False
2008-07-01 08:30:00+00:00,,2.2228024222116898,,3.683135589862788,3.126203080923442,2.060659602302274,,False
2008-07-01 09:00:00+00:00,,2.3425441451773024,,3.683135589862788,3.256386912362268,2.258606605377272,,False
2008-07-01 09:30:00+00:00,,3.512120122539724,,10.559881829176344,4.29495311213568,2.393787483888012,,False
2008-07-01 10:00:00+00:00,,4.771350422566992,,7.4841206793156,4.078362443238828,3.033870861160055,,False
2008-07-01 10:30:00+00:00,,4.92969601364328,,11.354742016208458,4.590772195703832,2.8147300197543075,,False
2008-07-01 11:00:00+00:00,,5.840435250861876,,10.559881829176344,4.4418527166783965,3.646700412661944,,False
2008-07-01 11:30:00+00:00,,6.728889139639777,,14.265135046133244,4.590772195703832,4.133828327216976,,False
2008-07-01 12:00:00+00:00,,7.48311398628192,,14.421937475835358,4.15006025133006,3.887287565557284,,False
2008-07-01 12:30:00+00:00,,4.159656345733668,,8.484478314659208,2.747194680926779,3.033870861160055,,False
2008-07-01 13:00:00+00:00,,1.7093665977716557,,6.446634456632796,2.385431364952296,1.931923445844114,,False
2008-07-01 13:30:00+00:00,,1.9324047247099447,,6.852554355425868,2.504105487204789,1.2148329790552177,,False
2008-07-01 14:00:00+00:00,,3.0375790501510544,,8.484478314659208,2.8091635087393656,1.2708820301159232,,False
2008-07-01 14:30:00+00:00,,3.2378649817202607,,10.430687561336892,2.934538882145248,0.9451963291729932,,False
2008-07-01 15:00:00+00:00,,5.75480748593646,,24.629058794674517,4.222256631486371,1.1594808318757643,,False
2008-07-01 15:30:00+00:00,,5.2715234263293,,16.54546325380405,4.94326239779916,1.7119713729152195,,False
2008-07-01 16:00:00+00:00,,3.12721025174361,,3.896223483127752,3.735088454742444,1.7119713729152195,,False
2008-07-01 16:30:00+00:00,,2.488577915232083,,6.999117787873801,4.076254691592516,1.0265348043743436,,False
2008-07-01 17:00:00+00:00,,2.488577915232083,,4.814165158351848,3.668248928457144,0.9739092331763892,,False
2008-07-01 17:30:00+00:00,,2.306845540445976,,5.07835223669358,3.276877072941633,0.8204441538998664,,False
2008-07-01 18:00:00+00:00,,2.550165833420658,,10.842607084544136,3.4054997576899466,0.8204441538998664,,False
2008-07-01 18:30:00+00:00,,3.193861784837047,,18.88411492747069,3.80239099063272,1.2441301020843516,,False
2008-07-01 19:00:00+00:00,,2.550165833420658,,20.43869630406606,4.357625632374168,0.5346326079437869,,False
2008-07-01 19:30:00+00:00,0.3245541027648682,1.6796130963198768,,2.983128294408224,4.357625632374168,0.0434361729284557,,False
2008-07-01 20:00:00+00:00,0.0439354957040478,1.2131657860262113,,6.392922183377063,3.601871318228256,0.1024234832893708,,False
2008-07-01 20:30:00+00:00,,0.747505111509324,,3.20130627373946,2.3700932586431134,0.2053824325352218,,True
2008-07-01 21:00:00+00:00,,0.1747356273650239,,0.0096903641018552,1.4659161423089688,0.169494381171608,,False
2008-07-01 21:30:00+00:00,,0.1437873083858523,,1.5424725386317968,1.6157942484857029,0.4033947303321876,,False
2008-07-01 22:00:00+00:00,0.0,,2.617885221930994,,1.3683604266208007,0.626611892790798,1.0425200931443233,False
2008-07-01 22:30:00+00:00,0.0439354957040478,,2.1091768576357355,,0.90994934960352,0.7219353879514512,1.2549411727260695,False
2008-07-01 23:00:00+00:00,0.0,,1.4690754561078794,0.0324849567819106,0.9535141495082844,0.626611892790798,1.0946288756599991,False
2008-07-01 23:30:00+00:00,0.0186745917540669,,1.0482666883412868,,0.7824477227957676,0.7708001807545631,1.0946288756599991,False
2008-07-02 00:00:00+00:00,0.1366722496946217,,0.7132957584969636,,0.3255658568110224,0.7708001807545631,1.2549411727260695,False
2008-07-02 00:30:00+00:00,0.2454537325391996,,5.943703371473108,,0.0,0.3208102737514139,0.74443092374736,True
2008-07-02 01:00:00+00:00,0.2077656724542798,,11.174110984449252,,0.0829044349260476,0.2053824325352218,0.5165105680700676,False
2008-07-02 01:30:00+00:00,0.2454537325391996,,0.0402964019612974,0.2616081214800215,0.504772564032054,0.169494381171608,0.2717117597924024,False
2008-07-02 02:00:00+00:00,0.2077656724542798,,0.0,0.4224810730178412,0.4675551439362732,0.0717148357993483,0.0693363641576652,False
2008-07-02 02:30:00+00:00,0.2454537325391996,,0.0,0.1532310148320505,0.3951344155926852,0.0717148357993483,0.0419981652837309,False
2008-07-02 03:00:00+00:00,0.1714574782793808,,0.1252930628920719,0.5986890627330672,0.4310015753149992,0.0,0.0419981652837309,False
2008-07-02 03:30:00+00:00,0.1036053122795362,,0.260566866328208,0.3399501306008369,0.3951344155926852,0.0,0.0178526099676338,False
2008-07-02 04:00:00+00:00,0.0186745917540669,,0.1571573156365544,0.18800502471531,0.2591060691147156,0.0,0.0,False
2008-07-02 04:30:00+00:00,,,0.0402964019612974,0.2616081214800215,0.2271472772647294,,,False
2008-07-02 05:00:00+00:00,,,0.0402964019612974,0.4651938903379824,0.2591060691147156,,,False
2008-07-02 05:30:00+00:00,,,0.1904071278548081,0.8375286480179761,0.3599793493213565,,,False
2008-07-02 06:00:00+00:00,,,1.0482666883412868,3.3525751217665465,0.741038323446756,,,False
2008-07-02 06:30:00+00:00,,,3.233270792059726,3.976431201805572,1.41690022495182,0.0717148357993483,3.613258269529128,False
2008-07-02 07:00:00+00:00,,,4.441596381246995,3.659430034932552,2.0358717857927964,0.7219353879514512,,False
2008-07-02 07:30:00+00:00,,,5.892570144431748,6.999117787873801,2.720592132567955,1.2441301020843516,,False
2008-07-02 08:00:00+00:00,,,5.712562070575812,5.167759883358564,2.720592132567955,2.0256718741879465,,False
2008-07-02 08:30:00+00:00,,,6.167379118042009,6.794106192523152,3.087364147988976,2.090340599235581,,False
2008-07-02 09:00:00+00:00,,,6.638400322576739,7.632240964290433,3.3409598291438685,2.221594265300263,,False
2008-07-02 09:30:00+00:00,,,7.837569549841319,11.10581107744572,3.870157675631652,1.835515275121242,,False
2008-07-02 10:00:00+00:00,,,10.674076758724873,12.622166185429547,3.735088454742444,1.079878252229021,,False
2008-07-02 10:30:00+00:00,,,,11.372775977792626,3.150079947005551,1.2441301020843516,,False
2008-07-02 11:00:00+00:00,,,,16.374591495138564,3.535954577393857,2.7720539807479887,4.916093742618949,False
2008-07-02 11:30:00+00:00,,,,26.436571407078336,3.087364147988976,2.988964604645082,4.003135938953424,False
2008-07-02 12:00:00+00:00,,,,,3.0251026656911986,2.0256718741879465,3.312422211684906,False
2008-07-02 12:30:00+00:00,,,,,2.6610467115611085,0.6738664172522868,3.238737684215868,False
2008-07-02 13:00:00+00:00,,,,,2.4851199564402657,0.4033947303321876,0.9403428209929596,False
2008-07-02 13:30:00+00:00,,,6.638400322576739,15.869347619861196,2.4851199564402657,0.4033947303321876,0.5604902201194848,False
2008-07-02 14:00:00+00:00,,,6.353820104317632,9.826345162449217,1.9280987791014452,0.3208102737514139,1.0946288756599991,False
2008-07-02 14:30:00+00:00,,,4.850010799796664,5.348611237012272,1.5154054333565905,0.169494381171608,1.891818775027195,False
2008-07-02 15:00:00+00:00,,,5.273558395793028,9.459875034138204,2.0358717857927964,0.0717148357993483,1.5929621303918111,False
2008-07-02 15:30:00+00:00,,,7.852257252663948,11.12535013485564,2.774709265748591,0.9812689558767576,2.742088431077798,False
2008-07-02 16:00:00+00:00,,,8.48882235780432,20.983064876401823,3.463017290133973,0.3716737490318292,2.280643005033421,False
2008-07-02 16:30:00+00:00,,,9.039441272644872,13.802457034321415,3.0807787334998644,0.6358134608232048,1.44376570568025,False
2008-07-02 17:00:00+00:00,,,6.464630348901432,11.25748482591834,2.252174264691131,0.0809079042953091,2.154031072190856,False
2008-07-02 17:30:00+00:00,,,7.9565563545744595,17.21398348171015,3.206372924799504,0.03896406054493593,1.729322775027234,True
2008-07-02 18:00:00+00:00,,,6.184331083316557,7.67189246184018,2.365140775742946,0.0260714330724155,1.729322775027234,False
2008-07-02 18:30:00+00:00,,,6.092193288665952,27.054712780932277,3.0186612177410272,0.2155057187897311,1.44376570568025,False
2008-07-02 19:00:00+00:00,,,5.291485050588912,4.523483384497836,2.479909427532691,0.0260714330724155,1.44376570568025,False
2008-07-02 19:30:00+00:00,,,4.785518393478468,6.242880192122664,1.6632818568372132,0.11677172642392936,1.121306346939528,True
2008-07-02 20:00:00+00:00,,,4.951746174793896,5.39806567281588,1.71453056569137,0.2528084455728253,1.333789300875229,False
2008-07-02 20:30:00+00:00,,,4.380414981052788,4.2738461105058,1.317631453314721,0.3309642592969006,1.2262887537286609,False
2008-07-02 21:00:00+00:00,,,3.688191242679672,2.479972087133316,0.9956060818122564,0.3716737490318292,1.1734798255902288,False
2008-07-02 21:30:00+00:00,,,3.3237587869092864,2.0234413173082646,0.5037832954045224,0.1449545241265815,0.87022655965197,False
2008-07-02 22:00:00+00:00,,,3.252576442210157,2.479972087133316,0.658611309572478,0.3309642592969006,0.9686681551923516,False
2008-07-02 22:30:00+00:00,,,2.973491130456273,3.713651417653848,0.8651879548667711,0.5895942190955424,0.9191095003044468,False
2008-07-02 23:00:00+00:00,,,2.2522988128000607,2.2154228756265493,0.7395720071842008,0.4560849689010768,0.6816816271023264,False
2008-07-02 23:30:00+00:00,,,2.190097253163942,1.4809684418677873,0.3592783152044287,0.2155057187897311,0.2657406884390222,False
2008-07-03 00:00:00+00:00,,,1.7704753954657235,0.4268340934130196,0.3249328419397191,0.1795118187367011,0.2657406884390222,False
2008-07-03 00:30:00+00:00,,,1.5991780907235458,0.5569335166914936,0.2586038619774506,0.1795118187367011,0.3417087599009356,False
2008-07-03 01:00:00+00:00,,,1.2723122137623228,0.4268340934130196,0.1091123701142122,0.0520385025093238,0.1602611470830625,False
2008-07-03 01:30:00+00:00,,,0.7305429232804752,,,0.0260714330724155,0.0968636286887328,False
2008-07-03 02:00:00+00:00,,,0.2393154040999417,,,,,False
2008-07-03 02:30:00+00:00,,,,,,,,False
2008-07-03 03:00:00+00:00,,,,0.1585588381168474,,,,False
2008-07-03 03:30:00+00:00,,,,0.2293685002445706,,,,False
2008-07-03 04:00:00+00:00,,,,0.1253267764776514,,,,False
2008-07-03 04:30:00+00:00,,,,0.6945991842557988,0.0,,,False
2008-07-03 05:00:00+00:00,,,,1.0422957371443486,0.2267077057268454,,,False
2008-07-03 05:30:00+00:00,,,,2.150815251118014,0.698806597932,,,False
2008-07-03 06:00:00+00:00,,,,2.150815251118014,1.0401128436073788,0.0520385025093238,,False
2008-07-03 06:30:00+00:00,,,,2.3464749199340305,1.085126681968704,0.4560849689010768,0.0410866147617876,False
2008-07-03 07:00:00+00:00,,,,2.824402309814221,1.1306423310550775,0.5442154525392661,0.6816816271023264,False
2008-07-03 07:30:00+00:00,,,,3.949943169875292,1.223160025265136,0.5895942190955424,0.9191095003044468,False
2008-07-03 08:00:00+00:00,,,,4.11062395644594,1.462938916747151,0.7306858531669969,0.87022655965197,False
2008-07-03 08:30:00+00:00,,,,5.21784275320044,1.6632818568372132,0.8286808341241728,1.1734798255902288,False
2008-07-03 09:00:00+00:00,,,,5.955046838805275,2.0316605732397828,1.0865880127843774,1.3884703704913213,False
2008-07-03 09:30:00+00:00,,,2.315061434045952,4.2738461105058,1.7662406563840642,1.1402968743060804,2.091599299086246,False
2008-07-03 10:00:00+00:00,,,,4.2738461105058,1.6632818568372132,1.0335758196158604,2.154031072190856,False
2008-07-03 10:30:00+00:00,,,,4.02996694944438,1.562175845201538,0.8286808341241728,1.9684891641191724,False
2008-07-03 11:00:00+00:00,,,13.746434858161669,7.997201894350368,2.196367641110782,1.305528307560558,2.2170459173213235,False
2008-07-03 11:30:00+00:00,,,,4.2738461105058,1.977664832951029,1.653937478511156,3.0891245688133235,False
2008-07-03 12:00:00+00:00,,,,5.040296327117556,1.871038688712451,1.3619520028330343,3.018552254911548,False
2008-07-03 12:30:00+00:00,,,,6.242880192122664,2.1410127355184745,1.535187214329203,2.9485631626900486,False
2008-07-03 13:00:00+00:00,,,,5.58098991873018,2.0861101452706774,1.4190395620895782,2.810331824686254,False
2008-07-03 13:30:00+00:00,,,5.641075376867772,5.673473080125948,2.1410127355184745,1.535187214329203,2.6744259712274747,False
2008-07-03 14:00:00+00:00,,,,6.340232510458559,2.0316605732397828,1.535187214329203,2.9485631626900486,False
2008-07-03 14:30:00+00:00,,,,6.837723949742856,2.1410127355184745,1.5942388776646823,2.540842794482605,False
2008-07-03 15:00:00+00:00,,,,6.340232510458559,2.365140775742946,1.7142797566412604,2.2170459173213235,False
2008-07-03 15:30:00+00:00,,,,6.288537106556172,2.474718664619891,2.153348917970753,3.0852021867266988,False
2008-07-03 16:00:00+00:00,,,,5.721373974684132,2.191809122178487,1.962413563227023,3.5130264221641108,False
2008-07-03 16:30:00+00:00,,,11.964345445178171,18.07025527787299,3.0742187327161234,1.2553357776190812,2.947116276457974,False
2008-07-03 17:00:00+00:00,,,6.225225271911361,9.51897799993338,2.709127327632653,1.2553357776190812,3.155090705247777,True
2008-07-03 17:30:00+00:00,,,0.486105098644548,7.186634683809804,2.709127327632653,0.3014199623709849,2.546343299754486,False
2008-07-03 18:00:00+00:00,,,,7.186634683809804,2.3036247926823963,,3.2965632335709616,False
2008-07-03 18:30:00+00:00,,,,1.4777575768286246,1.7110252799511911,,3.5130264221641108,False
2008-07-03 19:00:00+00:00,,,,0.2345129152054506,1.267594934297904,,3.015877638258612,False
2008-07-03 19:30:00+00:00,,,,0.0419981652837309,0.86347045828206,0.1216002340381615,2.611736546297908,False
2008-07-03 20:00:00+00:00,,,,0.0693363641576652,0.5405073381644112,0.3014199623709849,2.227787844086744,False
2008-07-03 20:30:00+00:00,,,1.847799453012109,0.05566726472069805,0.3243020541957435,0.7876912332184703,1.923293772153414,True
2008-07-03 21:00:00+00:00,0.0,,1.506641342988852,0.0419981652837309,0.2581034161931953,0.8368082325489996,1.6899125198218128,False
2008-07-03 21:30:00+00:00,0.0484572079470733,,,0.0990204261613203,0.2907966517714011,,1.5209142146269128,False
2008-07-03 22:00:00+00:00,0.1892484514774472,,,0.1638425304240026,0.1654221240802591,,1.1472229900397088,False
2008-07-03 22:30:00+00:00,0.150824708974274,,,0.1306131492154647,0.1365671050744046,,0.9962186064600096,False
2008-07-03 23:00:00+00:00,0.1892484514774472,,,0.1638425304240026,0.1654221240802591,,0.8987294649644315,False
2008-07-03 23:30:00+00:00,0.2710279190304882,,,0.1306131492154647,0.1654221240802591,,0.8987294649644315,False
2008-07-04 00:00:00+00:00,0.3585100304264778,,,0.0,0.0825866199441892,,0.7574494746664872,False
2008-07-04 00:30:00+00:00,0.3141066929495205,,,0.0419981652837309,0.035049262503742,,0.5788403562915541,False
2008-07-04 01:00:00+00:00,0.2710279190304882,,,0.1985214923325205,0.0149032660152525,,0.3729104461932012,False
2008-07-04 01:30:00+00:00,0.2710279190304882,,,0.1638425304240026,0.057846624130778,,0.3729104461932012,False
2008-07-04 02:00:00+00:00,0.1892484514774472,,,0.1638425304240026,0.035049262503742,,0.2966515766654086,False
2008-07-04 02:30:00+00:00,0.150824708974274,,,0.3100349074460216,0.0,,0.1568191660319073,False
2008-07-04 03:00:00+00:00,0.0205926158728827,,,0.2345129152054506,0.1089028644735549,,0.1568191660319073,False
2008-07-04 03:30:00+00:00,0.0205926158728827,,,0.4733810063225639,0.057846624130778,,0.0170939345257701,False
2008-07-04 04:00:00+00:00,0.0,,,0.8902929260264688,0.1365671050744046,,0.0,False
2008-07-04 04:30:00+00:00,,,,0.7923244690481508,0.1089028644735549,,0.0,False
2008-07-04 05:00:00+00:00,,,,1.891818775027195,0.2581034161931953,,,False
2008-07-04 05:30:00+00:00,,,,2.9500621733703816,0.6177807657129528,,,False
2008-07-04 06:00:00+00:00,,,,1.0425200931443233,0.5788403562915612,,0.0947904908017035,False
2008-07-04 06:30:00+00:00,,,,0.8409495182990796,0.6177807657129528,,0.8038679500216583,False
2008-07-04 07:00:00+00:00,,,,1.3650722382696658,0.7381109409131089,,1.2509884746332856,False
2008-07-04 07:30:00+00:00,,,,1.6514998824090528,0.86347045828206,,1.4111648929304712,False
2008-07-04 08:00:00+00:00,,,,2.015646793618212,0.9063314843915772,,1.2509884746332856,False
2008-07-04 08:30:00+00:00,,,,2.401658461138331,1.1283759486711828,,1.2509884746332856,False
2008-07-04 09:00:00+00:00,,,,2.4681031577672217,1.1742924753661896,,1.4111648929304712,False
2008-07-04 09:30:00+00:00,,,,1.2008464134238943,0.86347045828206,,1.4111648929304712,False
2008-07-04 10:00:00+00:00,,,,1.7106570579953846,0.9063314843915772,,1.2509884746332856,False
2008-07-04 10:30:00+00:00,,,,2.6027969667551893,1.1283759486711828,,1.1472229900397088,False
2008-07-04 11:00:00+00:00,,,,3.238737684215868,1.459972631754475,,1.465745719389131,False
2008-07-04 11:30:00+00:00,,,,1.5929621303918111,1.220700179340072,,1.805460719277366,False
2008-07-04 12:00:00+00:00,,,,1.891818775027195,1.1283759486711828,,1.6899125198218128,False
2008-07-04 12:30:00+00:00,,,,1.3096849590896544,0.9936200825165628,,1.7473999950247787,False
2008-07-04 13:00:00+00:00,,,,1.6514998824090528,0.9497169429967044,,1.5209142146269128,False
2008-07-04 13:30:00+00:00,,,,2.2059366234187068,1.1283759486711828,,1.3571755524152425,False
2008-07-04 14:00:00+00:00,,,,2.141901969449332,1.1742924753661896,,1.3571755524152425,False
2008-07-04 14:30:00+00:00,,,,2.9500621733703816,1.4111648929304783,,1.465745719389131,False
2008-07-04 15:00:00+00:00,,,,0.9910884581265492,0.9936200825165628,,1.4111648929304712,False
2008-07-04 15:30:00+00:00,,,,3.116236031046396,1.2727213735294405,,1.5106148382304332,False
2008-07-04 16:00:00+00:00,,,,3.1892947024889624,1.8221544897508049,,2.0293278263742023,False
2008-07-04 16:30:00+00:00,0.0773156652223298,,,3.412154103512191,2.0358717857927964,,3.1326553307579617,False
2008-07-04 17:00:00+00:00,0.1104385036163421,,,2.621919711443904,1.8221544897508049,,2.9945144561458785,False
2008-07-04 17:30:00+00:00,0.0773156652223298,,,1.2150009809057591,0.90994934960352,,2.593446618114677,True
2008-07-04 18:00:00+00:00,0.0468217667108631,,,0.2360972004600539,0.7001898625520712,,2.2744878295156887,False
2008-07-04 18:30:00+00:00,0.1457042605741994,,,,0.5426338872327156,,1.9694336824654413,False
2008-07-04 19:00:00+00:00,0.1828108487201475,,,,0.3255658568110224,,1.4016436386551965,False
2008-07-04 19:30:00+00:00,0.2215507165841235,,,,0.1660617109591293,,1.0889460455034887,False
2008-07-04 20:00:00+00:00,0.2215507165841235,,,,0.1093226073534813,,0.7985605410010584,False
2008-07-04 20:30:00+00:00,0.2215507165841235,,,,0.0829044349260476,,0.4907957295744684,False
2008-07-04 21:00:00+00:00,0.1457042605741994,,,,0.0829044349260476,,0.37049160875355,False
2008-07-04 21:30:00+00:00,0.2215507165841235,,,0.0179716909555676,0.1370942992010613,,0.3321405574701797,False
2008-07-04 22:00:00+00:00,0.1104385036163421,,,0.0,0.1660617109591293,,0.2947341185708173,False
2008-07-04 22:30:00+00:00,0.261771912854127,,,0.1649453570541633,0.1660617109591293,,0.2583256196639391,False
2008-07-04 23:00:00+00:00,0.2215507165841235,,,0.1998601835479358,0.1093226073534813,,0.1558125856464318,False
2008-07-04 23:30:00+00:00,0.1457042605741994,,,0.1649453570541633,0.0829044349260476,,0.0659557339694978,False
2008-07-05 00:00:00+00:00,0.1457042605741994,,,0.131490708887169,0.0580688857088769,,0.0659557339694978,False
2008-07-05 00:30:00+00:00,0.1104385036163421,,,0.0698005302849478,0.0580688857088769,,0.0941841636215698,False
2008-07-05 01:00:00+00:00,0.0468217667108631,,,0.0698005302849478,0.014960350015418,,0.0659557339694978,False
2008-07-05 01:30:00+00:00,0.0468217667108631,,,0.0996845134126093,0.014960350015418,,0.0169851584281705,False
2008-07-05 02:00:00+00:00,0.0468217667108631,,,0.0996845134126093,0.0,,0.0,False
2008-07-05 02:30:00+00:00,0.0773156652223298,,,0.1649453570541633,0.014960350015418,,0.0169851584281705,False
2008-07-05 03:00:00+00:00,0.0468217667108631,,,0.1649453570541633,0.0829044349260476,,0.0169851584281705,False
2008-07-05 03:30:00+00:00,0.0,,,0.131490708887169,0.1370942992010613,,0.0941841636215698,False
2008-07-05 04:00:00+00:00,0.0773156652223298,,,0.2735507111244473,0.1370942992010613,,0.0659557339694978,False
2008-07-05 04:30:00+00:00,0.1104385036163421,,,0.3121370832814826,0.1370942992010613,,0.0941841636215698,False
2008-07-05 05:00:00+00:00,0.0773156652223298,,,0.2735507111244473,0.1370942992010613,,0.0941841636215698,False
2008-07-05 05:30:00+00:00,0.0773156652223298,,,0.2735507111244473,0.196109000744657,,0.1242228418532301,False
2008-07-05 06:00:00+00:00,0.0773156652223298,,,0.3517884788066823,0.196109000744657,,0.1242228418532301,False
2008-07-05 06:30:00+00:00,0.0773156652223298,,,0.2735507111244473,0.2271472772647294,,0.1887750569137647,False
2008-07-05 07:00:00+00:00,0.0198989689971999,,,0.2735507111244473,0.1660617109591293,,0.1242228418532301,False
2008-07-05 07:30:00+00:00,0.0198989689971999,,,0.2360972004600539,0.1370942992010613,,0.0659557339694978,False
2008-07-05 08:00:00+00:00,0.0198989689971999,,,0.1998601835479358,0.1660617109591293,,0.1242228418532301,False
2008-07-05 08:30:00+00:00,0.0,,,0.3517884788066823,0.2271472772647294,,0.1242228418532301,False
2008-07-05 09:00:00+00:00,0.0,,,0.2360972004600539,0.1660617109591293,,0.1242228418532301,False
2008-07-05 09:30:00+00:00,,,,0.1649453570541633,0.1370942992010613,,0.1242228418532301,False
2008-07-05 10:00:00+00:00,,,,0.1649453570541633,0.1370942992010613,,0.1558125856464318,False
2008-07-05 10:30:00+00:00,,,,0.1998601835479358,0.1660617109591293,,0.1887750569137647,False
2008-07-05 11:00:00+00:00,,,,0.1649453570541633,0.1660617109591293,,0.2229794790645409,False
2008-07-05 11:30:00+00:00,,,,0.3121370832814826,0.1660617109591293,,0.1558125856464318,False
2008-07-05 12:00:00+00:00,,,,0.3121370832814826,0.196109000744657,,0.2229794790645409,False
2008-07-05 12:30:00+00:00,,,,0.5200451898317712,0.196109000744657,,0.1887750569137647,False
2008-07-05 13:00:00+00:00,,,,0.1649453570541633,0.1660617109591293,,0.2947341185708173,False
2008-07-05 13:30:00+00:00,,,,0.131490708887169,0.1660617109591293,,0.37049160875355,False
2008-07-05 14:00:00+00:00,,,,0.3121370832814826,0.196109000744657,,0.37049160875355,False
2008-07-05 14:30:00+00:00,,,,0.6094514336925168,0.2591060691147156,,0.3321405574701797,False
2008-07-05 15:00:00+00:00,,,,0.2360972004600539,0.196109000744657,,0.37049160875355,False
2008-07-05 15:30:00+00:00,0.3754326810872376,,,0.1317856070662794,0.1095335798970402,,0.2953707697730066,False
2008-07-05 16:00:00+00:00,0.418877349759702,,,0.18540693531161323,0.0830641748299995,,0.371294721199314,True
2008-07-05 16:30:00+00:00,0.418877349759702,,,0.3128435580822854,0.1373592814144225,,0.3328592709736177,False
2008-07-05 17:00:00+00:00,0.418877349759702,,,0.6108488191696968,0.2275883959045687,,0.2588826479173722,False
2008-07-05 17:30:00+00:00,0.46335956169141,,,0.042373114064762,0.1663831874922098,,0.450833362636338,False
2008-07-05 18:00:00+00:00,0.5088368994564312,,,0.009799595441911639,0.0830641748299995,,0.450833362636338,True
2008-07-05 18:30:00+00:00,0.602635945801644,,,0.0,0.0830641748299995,,0.6196757648401907,False
2008-07-05 19:00:00+00:00,0.602635945801644,,,0.2366296127412721,0.1095335798970402,,0.4106321824973147,False
2008-07-05 19:30:00+00:00,0.7000359215019876,,,0.1317856070662794,0.0830641748299995,,0.4106321824973147,False
2008-07-05 20:00:00+00:00,0.7000359215019876,,,0.0,0.035251301210909,,0.371294721199314,False
2008-07-05 20:30:00+00:00,0.8008525981791217,,,,0.035251301210909,,0.371294721199314,False
2008-07-05 21:00:00+00:00,0.8524955638987884,,,,0.035251301210909,,0.2953707697730066,False
2008-07-05 21:30:00+00:00,0.904940647075998,,,0.0180117050063532,0.0581805977300575,,0.2588826479173722,False
2008-07-05 22:00:00+00:00,0.904940647075998,,,0.042373114064762,0.035251301210909,,0.2588826479173722,False
2008-07-05 22:30:00+00:00,0.8524955638987884,,,0.042373114064762,0.0149890408296552,,0.1561468084176445,False
2008-07-05 23:00:00+00:00,0.8524955638987884,,,0.042373114064762,0.035251301210909,,0.1561468084176445,False
2008-07-05 23:30:00+00:00,0.904940647075998,,,0.0180117050063532,0.035251301210909,,0.1891806920194179,False
2008-07-06 00:00:00+00:00,0.8524955638987884,,,0.042373114064762,0.0149890408296552,,0.0943854899125539,False
2008-07-06 00:30:00+00:00,0.904940647075998,,,0.042373114064762,0.035251301210909,,0.1561468084176445,False
2008-07-06 01:00:00+00:00,0.8524955638987884,,,0.1317856070662794,0.035251301210909,,0.124488840151099,False
2008-07-06 01:30:00+00:00,0.8008525981791217,,,0.1317856070662794,0.0,,0.0400390917849129,False
2008-07-06 02:00:00+00:00,0.750027030049152,,,0.1317856070662794,0.0,,0.0170212774248759,False
2008-07-06 02:30:00+00:00,0.750027030049152,,,0.1653159601749232,0.0149890408296552,,0.0660964753103554,False
2008-07-06 03:00:00+00:00,0.750027030049152,,,0.2366296127412721,0.035251301210909,,0.0660964753103554,False
2008-07-06 03:30:00+00:00,0.750027030049152,,,0.2366296127412721,0.0581805977300575,,0.124488840151099,False
2008-07-06 04:00:00+00:00,0.8524955638987884,,,0.0,0.0581805977300575,,0.2588826479173722,False
2008-07-06 04:30:00+00:00,0.8524955638987884,,,0.0999076723097983,0.0581805977300575,,0.2234594495878246,False
2008-07-06 05:00:00+00:00,0.750027030049152,,,0.2003100552313696,0.0581805977300575,,0.124488840151099,False
2008-07-06 05:30:00+00:00,0.8008525981791217,,,0.2366296127412721,0.1095335798970402,,0.124488840151099,False
2008-07-06 06:00:00+00:00,0.7000359215019876,,,0.565624456788438,0.1663831874922098,,0.0400390917849129,False
2008-07-06 06:30:00+00:00,0.602635945801644,,,0.7513012292566789,0.1663831874922098,,0.0,False
2008-07-06 07:00:00+00:00,0.5088368994564312,,,0.4350587377732452,0.1095335798970402,,0.0660964753103554,False
2008-07-06 07:30:00+00:00,0.418877349759702,,,0.6568830563733036,0.1663831874922098,,0.0660964753103554,False
2008-07-06 08:00:00+00:00,0.2918650261064166,,,1.0522508733394955,0.1964892433781124,,0.1891806920194179,False
2008-07-06 08:30:00+00:00,0.2518733500960521,,,1.5496235478775189,0.3262011102156193,,0.3328592709736177,False
2008-07-06 09:00:00+00:00,0.0744198709256506,,,2.035087107114949,0.4684732721071704,,0.3328592709736177,False
2008-07-06 09:30:00+00:00,0.0,,,2.492238192607458,0.7015780976020236,,0.5336992393205183,False
2008-07-06 10:00:00+00:00,,,,2.907900903986676,0.955423086527916,,0.9917932155411024,False
2008-07-06 10:30:00+00:00,,,,4.1247236916142205,1.2281067597228876,,1.2453807579045482,False
2008-07-06 11:00:00+00:00,,,,3.884405967439992,1.4689043669759114,,2.4699446411797186,False
2008-07-06 11:30:00+00:00,,,,4.622572797535656,1.77351517615635,,3.2101906093783272,False
2008-07-06 12:00:00+00:00,,,,7.68909844647954,2.261591965517036,,3.942167788816632,False
2008-07-06 12:30:00+00:00,,,,5.876219441517444,2.1499352936853557,,5.493226123786068,False
2008-07-06 13:00:00+00:00,,,,8.014660352959716,2.205536407979357,,7.368247457817803,False
2008-07-06 13:30:00+00:00,,,,5.78228130650556,1.985865005831713,,7.468956775894968,False
2008-07-06 14:00:00+00:00,,,,3.345604429161787,1.985865005831713,,6.3982400927060885,False
2008-07-06 14:30:00+00:00,,,,3.80556098706834,2.205536407979357,,6.3982400927060885,False
2008-07-06 15:00:00+00:00,,,,8.572911587428392,2.261591965517036,,5.758099166314835,False
2008-07-06 15:30:00+00:00,,,,6.574138863995988,3.5479694972766995,,5.788693420214364,False
2008-07-06 16:00:00+00:00,,,,8.227306882362601,3.67899822611892,,4.848444047113055,False
2008-07-06 16:30:00+00:00,,,,5.815180976934276,2.919706358516701,,4.287544413797304,False
2008-07-06 17:00:00+00:00,,,,0.425359474397226,1.6430993539698888,,4.132499069319229,False
2008-07-06 17:30:00+00:00,,,,1.1842895357118863,1.4453032948827982,,3.82925636843922,False
2008-07-06 18:00:00+00:00,,,,0.8781538201739352,1.3970090690606662,,3.0416897204963025,False
2008-07-06 18:30:00+00:00,,,,1.5707080949527763,1.2549411727260695,,2.5109710303531645,False
2008-07-06 19:00:00+00:00,,,,1.745556420973482,1.2549411727260695,,2.197129065076268,False
2008-07-06 19:30:00+00:00,,,,0.5529454558116912,0.8549748745729812,,2.1360114657504,False
2008-07-06 20:00:00+00:00,,,,0.2314014988723225,0.5732082356630795,,2.0154326816561543,False
2008-07-06 20:30:00+00:00,,,,0.0684246279254929,0.3551235498944312,,1.6109383721577806,False
2008-07-06 21:00:00+00:00,,,,0.0684246279254929,0.3211811284610469,,1.2863586783007008,False
2008-07-06 21:30:00+00:00,,,,0.0977160381147784,0.2880025344540947,,1.1319747391245816,False
2008-07-06 22:00:00+00:00,0.0,,,0.1616765199392588,0.1638425304240026,,0.8397753954145777,False
2008-07-06 22:30:00+00:00,0.1478595779314808,,,0.2681003179664621,0.1352650641019214,,0.6579963820291824,False
2008-07-06 23:00:00+00:00,0.0784547875881277,,,0.2314014988723225,0.1078661822488506,,0.4469419574771616,False
2008-07-06 23:30:00+00:00,0.0475102370393539,,,0.128889518712417,0.1078661822488506,,0.4876122438393948,False
2008-07-07 00:00:00+00:00,0.1855204887278577,,,0.2681003179664621,0.057297661117992,,0.4876122438393948,False
2008-07-07 00:30:00+00:00,0.1478595779314808,,,0.1616765199392588,0.0147622691800933,,0.2928390050454397,False
2008-07-07 01:00:00+00:00,0.0475102370393539,,,0.0,0.0147622691800933,,0.3300011991034146,False
2008-07-07 01:30:00+00:00,0.1478595779314808,,,0.1616765199392588,0.0147622691800933,,0.3681010570658976,False
2008-07-07 02:00:00+00:00,0.2248411658203566,,,0.425359474397226,0.0147622691800933,,0.2215507165841235,False
2008-07-07 02:30:00+00:00,0.1855204887278577,,,0.5095704625862904,0.057297661117992,,0.1548176540410209,False
2008-07-07 03:00:00+00:00,0.1478595779314808,,,0.2681003179664621,0.0347171579293538,,0.0935848290588339,False
2008-07-07 03:30:00+00:00,0.0475102370393539,,,0.0,0.0147622691800933,,0.0655367510632762,False
2008-07-07 04:00:00+00:00,0.0475102370393539,,,0.5971310928577008,0.0,,0.0,False
2008-07-07 04:30:00+00:00,0.0201909834029562,,,0.8295043360094532,0.0,,0.016877630366201,False
2008-07-07 05:00:00+00:00,,,,1.1316161648876868,0.0347171579293538,,0.0,False
2008-07-07 05:30:00+00:00,,,,1.5136424273172024,0.0347171579293538,,,False
2008-07-07 06:00:00+00:00,,,,0.425359474397226,0.0,,,False
2008-07-07 06:30:00+00:00,,,,0.7343365440606553,0.057297661117992,,0.0,False
2008-07-07 07:00:00+00:00,,,,0.9274975740732384,0.1078661822488506,,0.1875675576491222,False
2008-07-07 07:30:00+00:00,,,,1.1842895357118863,0.1934842099535697,,0.2928390050454397,False
2008-07-07 08:00:00+00:00,,,,1.5136424273172024,0.1934842099535697,,0.2928390050454397,False
2008-07-07 08:30:00+00:00,,,,1.3461450734035043,0.2880025344540947,,0.5290763631352415,False
2008-07-07 09:00:00+00:00,,,,3.11933243466346,0.4251694905195516,,0.61428921304437,False
2008-07-07 09:30:00+00:00,,,,3.5597436654937398,0.6906099603826727,,0.7475247560360088,False
2008-07-07 10:00:00+00:00,,,,4.180635794276856,1.027755872323031,,0.886890574579716,False
2008-07-07 10:30:00+00:00,,,,3.711333569967,1.208534275713031,,1.5004411735820904,False
2008-07-07 11:00:00+00:00,,,,4.423554614750184,1.4940618680345326,,2.0154326816561543,False
2008-07-07 11:30:00+00:00,,,,6.094705216776877,1.900582885251832,,2.5109710303531645,False
2008-07-07 12:00:00+00:00,,,,7.7964644515014365,2.392215476424412,,4.52443476523158,False
2008-07-07 12:30:00+00:00,,,,5.815180976934276,2.224343109434429,,6.24065472755496,False
2008-07-07 13:00:00+00:00,,,,7.585516587378168,2.6808449950695348,,6.613638797173175,False
2008-07-07 13:30:00+00:00,,,,4.672061984624724,2.6808449950695348,,7.094482454600568,False
2008-07-07 14:00:00+00:00,,,,5.541646932137736,2.919706358516701,,7.094482454600568,False
2008-07-07 14:30:00+00:00,,,,4.58860137918876,2.919706358516701,,6.900172474606416,False
2008-07-07 15:00:00+00:00,,,,11.07932233368672,3.291307453771243,,5.967597369929832,False
2008-07-07 15:30:00+00:00,,,,13.159283370600887,4.124971571105232,,4.54667885538084,False
2008-07-07 16:00:00+00:00,,,,14.599256752356876,5.056636007725524,,2.78493656302984,False
2008-07-07 16:30:00+00:00,,,,15.511331969433684,3.207823750314529,,2.652693453455573,False
2008-07-07 17:00:00+00:00,0.0199954522978899,,,14.899152121199352,2.7227858789122847,,3.056069676598729,False
2008-07-07 17:30:00+00:00,0.946288649783358,,,5.743517819322456,2.8414098150369447,,2.919393989105299,False
2008-07-07 18:00:00+00:00,0.5317090767737532,,,12.340835579218751,3.0839251000953816,,2.9874542430051285,False
2008-07-07 18:30:00+00:00,0.8913671260251588,,,15.82374486536172,2.9013796352267027,,2.9874542430051285,False
2008-07-07 19:00:00+00:00,0.7317598872128904,,,12.340835579218751,3.0839251000953816,,2.522662349033462,False
2008-07-07 19:30:00+00:00,0.3922062739939188,,,8.491750997468328,3.0839251000953816,,1.905738733855048,False
2008-07-07 20:00:00+00:00,0.3479266459888182,,,3.5605202265674785,1.994458784563062,,1.9649283810884388,False
2008-07-07 20:30:00+00:00,0.3479266459888182,,,0.4907957295744684,1.2013397278529292,,2.331762524462599,False
2008-07-07 21:00:00+00:00,0.1464163402124937,,,0.4498547686899264,0.8499499096664663,,1.9649283810884388,False
2008-07-07 21:30:00+00:00,,,,0.5750525152524564,0.7266081872260691,,1.4525624933377632,False
2008-07-07 22:00:00+00:00,,,,0.5325366740127948,0.4950356128268723,,1.1881156651500278,False
2008-07-07 22:30:00+00:00,0.0,,,0.0941841636215698,0.1344945911818273,,0.7968054960304092,False
2008-07-07 23:00:00+00:00,0.1464163402124937,,,0.0,0.0,,0.6608749809139308,False
2008-07-07 23:30:00+00:00,0.1837060510982209,,,0.5750525152524564,0.0146788264577748,,0.3314246515416014,False
2008-07-08 00:00:00+00:00,0.2630588974898245,,,0.37049160875355,0.0146788264577748,,0.2225013736956293,False
2008-07-08 00:30:00+00:00,0.3922062739939188,,,0.5325366740127948,0.1072527201837702,,0.3696916390806528,False
2008-07-08 01:00:00+00:00,0.5317090767737532,,,0.9408633345369756,0.1344945911818273,,0.3696916390806528,False
2008-07-08 01:30:00+00:00,0.5317090767737532,,,1.1395526434064749,0.1923787092285486,,0.2940999500291425,False
2008-07-08 02:00:00+00:00,0.580283107285554,,,0.9895938583298796,0.1344945911818273,,0.2577707597863353,False
2008-07-08 02:30:00+00:00,0.580283107285554,,,1.038957387460722,0.1072527201837702,,0.2225013736956293,False
2008-07-08 03:00:00+00:00,0.580283107285554,,,1.2425939549601228,0.1072527201837702,,0.2225013736956293,False
2008-07-08 03:30:00+00:00,0.5317090767737532,,,1.4558381023207716,0.1629078379445221,,0.1239578718453507,False
2008-07-08 04:00:00+00:00,0.4841453723909795,,,1.4016436386551965,0.1923787092285486,,0.0939836142668059,False
2008-07-08 04:30:00+00:00,0.304852608841564,,,1.6219015146161495,0.1923787092285486,,0.0169491780983339,False
2008-07-08 05:00:00+00:00,0.2226377855201652,,,1.9101001981350887,0.2541621990632475,,0.0,False
2008-07-08 05:30:00+00:00,0.1464163402124937,,,2.21236220748789,0.3530786801807625,,0.0169491780983339,False
2008-07-08 06:00:00+00:00,0.0470492374376041,,,2.858602329203638,0.4227136243507692,,,False
2008-07-08 06:30:00+00:00,,,,3.0633059399895863,0.4950356128268723,,,False
2008-07-08 07:00:00+00:00,,,,3.782070348206004,0.6081987319962552,,0.0,False
2008-07-08 07:30:00+00:00,,,,3.857058050171076,0.6865766967983185,,0.0939836142668059,False
2008-07-08 08:00:00+00:00,,,,3.932617189120632,0.8921172009012877,,0.4088561444808335,False
2008-07-08 08:30:00+00:00,,,,5.39259794147376,1.2013397278529292,,0.7508066866458804,False
2008-07-08 09:00:00+00:00,,,,5.2208296012935,1.4850806745044556,,1.5624340329327444,False
2008-07-08 09:30:00+00:00,,,,4.319044994985084,1.4850806745044556,,1.847109407834272,False
2008-07-08 10:00:00+00:00,,,,5.922714889363175,1.8369470864499264,,2.3948427026469745,False
2008-07-08 10:30:00+00:00,,,,3.487802983190888,1.6834440229410383,,3.479467988851632,False
2008-07-08 11:00:00+00:00,,,,6.196249161511416,2.2658101323706368,,4.708394266824252,False
2008-07-08 11:30:00+00:00,,,,5.922714889363175,2.3213988551064744,,7.530549871720572,False
2008-07-08 12:00:00+00:00,,,,8.928861527338883,2.4907945321636307,,10.165112309371969,False
2008-07-08 12:30:00+00:00,,,,8.06628383323308,2.433891289860868,,,False
2008-07-08 13:00:00+00:00,,,,11.813277760419457,3.0839251000953816,,,False
2008-07-08 13:30:00+00:00,,,,10.074512594243268,3.333489442397324,,11.909656895464945,False
2008-07-08 14:00:00+00:00,,,,6.381800983391797,3.5253141580226277,,7.734178363856328,False
2008-07-08 14:30:00+00:00,,,,8.818476743705329,3.5253141580226277,,10.284370034584608,False
2008-07-08 15:00:00+00:00,,,,16.623753423246757,3.460928007785814,,8.149806625368456,False
2008-07-08 15:30:00+00:00,,,,14.616604887081229,4.444892334075564,,5.997043252710612,False
2008-07-08 16:00:00+00:00,,,,9.991344171437747,5.09764617258894,,5.299253576285544,False
2008-07-08 16:30:00+00:00,,,,12.23468679305124,4.030407178405199,,4.401847639687104,False
2008-07-08 17:00:00+00:00,0.1471347520399432,,,11.330100587966689,3.4389802627250545,,4.16920660175682,False
2008-07-08 17:30:00+00:00,1.1802148219214064,,,6.332939943191208,3.632123492289612,,3.501610353221861,False
2008-07-08 18:00:00+00:00,0.73544586474024,,,12.907252061828965,4.030407178405199,,3.719132327180484,False
2008-07-08 18:30:00+00:00,0.8958847965036912,,,17.62399284102421,3.632123492289612,,3.719132327180484,False
2008-07-08 19:00:00+00:00,0.8415292882112568,,,11.456751237051598,3.69738983103462,,3.501610353221861,False
2008-07-08 19:30:00+00:00,0.2643573955109317,,,6.613638797173175,3.4389802627250545,,2.680844995069528,False
2008-07-08 20:00:00+00:00,0.184609229986553,,,3.904215442490844,2.307142653764357,,2.3619462116075063,False
2008-07-08 20:30:00+00:00,0.1471347520399432,,,2.258797669615761,1.5247987705008683,,2.812196910319891,False
2008-07-08 21:00:00+00:00,0.184609229986553,,,,1.0156624207329168,,2.615981923129968,False
2008-07-08 21:30:00+00:00,0.0780717180104658,,,,0.8868905745797231,,1.997172035409006,False
2008-07-08 22:00:00+00:00,0.023975790584084965,,,0.1875675576491222,0.4559097987412596,,1.3271360913227628,True
2008-07-08 22:30:00+00:00,0.0,,,0.5290763631352415,0.3853233846241848,,1.1220118974576323,False
2008-07-08 23:00:00+00:00,0.0780717180104658,,,0.0,0.2215507165841235,,0.9264836909724444,False
2008-07-08 23:30:00+00:00,0.0780717180104658,,,0.571309359384978,0.1337320353510471,,0.6089869253013119,False
2008-07-09 00:00:00+00:00,0.0780717180104658,,,0.886890574579716,0.1619827647809637,,0.5663866850150759,False
2008-07-09 00:30:00+00:00,0.1471347520399432,,,0.9830485221046128,0.1912846032003168,,0.4036106450483424,False
2008-07-09 01:00:00+00:00,0.1471347520399432,,,1.0817176856460553,0.0343260907666295,,0.1859791808183061,False
2008-07-09 01:30:00+00:00,0.184609229986553,,,1.1828378313080676,0.0343260907666295,,0.1535088638059131,False
2008-07-09 02:00:00+00:00,0.184609229986553,,,1.2343009709736108,0.0566512528169502,,0.1859791808183061,False
2008-07-09 02:30:00+00:00,0.1471347520399432,,,1.2343009709736108,0.0566512528169502,,0.1223893269763473,False
2008-07-09 03:00:00+00:00,0.1115206063019056,,,1.2863586783007008,0.0343260907666295,,0.0649855584793411,False
2008-07-09 03:30:00+00:00,0.1115206063019056,,,1.2863586783007008,0.0,,0.0393672811192473,False
2008-07-09 04:00:00+00:00,0.1115206063019056,,,1.4460511951455013,0.0343260907666295,,0.0649855584793411,False
2008-07-09 04:30:00+00:00,0.0780717180104658,,,1.392238176224454,0.0343260907666295,,0.0649855584793411,False
2008-07-09 05:00:00+00:00,0.0472787189324312,,,1.4460511951455013,0.0145962346296273,,0.0,False
2008-07-09 05:30:00+00:00,0.0,,,1.55540462418684,0.0343260907666295,,0.0167361654105844,False
2008-07-09 06:00:00+00:00,,,,1.6109383721577806,0.0566512528169502,,0.0393672811192473,False
2008-07-09 06:30:00+00:00,,,,1.5004411735820904,0.0566512528169502,,0.0393672811192473,False
2008-07-09 07:00:00+00:00,,,,1.8970697440800075,0.0566512528169502,,0.0649855584793411,False
2008-07-09 07:30:00+00:00,,,,2.0154326816561543,0.0808774007404478,,0.0649855584793411,False
2008-07-09 08:00:00+00:00,,,,2.5109710303531645,0.1337320353510471,,0.1535088638059131,False
2008-07-09 08:30:00+00:00,,,,2.5109710303531645,0.2527122489470114,,0.092796393253933,False
2008-07-09 09:00:00+00:00,,,,2.838545572634979,0.2215507165841235,,0.1859791808183061,False
2008-07-09 09:30:00+00:00,,,,2.70586773904914,0.3510550510487442,,0.254486459275349,False
2008-07-09 10:00:00+00:00,,,,3.1798778762800586,0.6046746273312948,,0.1223893269763473,False
2008-07-09 10:30:00+00:00,,,,3.754862282628828,0.8449782150998341,,0.364956832744146,False
2008-07-09 11:00:00+00:00,,,,5.877833987673395,1.4280492338866655,,0.9264836909724444,False
2008-07-09 11:30:00+00:00,,,,6.708497180325011,2.142775076123437,,1.4331861022558356,False
2008-07-09 12:00:00+00:00,,,,8.638816960858032,2.4754213424721527,,2.812196910319891,False
2008-07-09 12:30:00+00:00,,,,11.07932233368672,2.88326033780548,,4.88259587448468,False
2008-07-09 13:00:00+00:00,,,,16.79437455494778,3.0036962048442013,,7.314408183206916,False
2008-07-09 13:30:00+00:00,,,,18.65800429129537,4.2356075600833565,,6.925138509123036,False
2008-07-09 14:00:00+00:00,,,,9.528389659717345,4.802880883417164,,3.150079947005544,False
2008-07-09 14:30:00+00:00,,,,12.501013383208369,4.515568027084152,,4.639625293839408,False
2008-07-09 15:00:00+00:00,,,,,3.56730041842154,,4.720035585924432,False
2008-07-09 15:30:00+00:00,,,,,4.091855009088492,,3.149423969644289,True
2008-07-09 16:00:00+00:00,,,,21.4556727890934,4.023220619003868,,1.303781884184351,False
2008-07-09 16:30:00+00:00,,,,20.849522860012968,2.569418371625044,,0.94715046365481,False
2008-07-09 17:00:00+00:00,,,,6.08056011157518,2.3406571768296853,,0.94715046365481,False
2008-07-09 17:30:00+00:00,,,,15.951269149950637,2.284575673837428,,1.2509884746332856,False
2008-07-09 18:00:00+00:00,,,,,3.298318541549341,,1.2509884746332856,False
2008-07-09 18:30:00+00:00,,,,,2.805272438339577,,0.94715046365481,False
2008-07-09 19:00:00+00:00,,,,26.102049880737603,2.6864585463355954,,1.0962624232184113,False
2008-07-09 19:30:00+00:00,,,,14.364470749814783,2.454151116405168,,1.0459252261420164,False
2008-07-09 20:00:00+00:00,,,,14.985743321096963,1.30443539842251,,1.3571755524152425,False
2008-07-09 20:30:00+00:00,,,,0.3889190151499427,0.7323186349172556,,1.6899125198218128,False
2008-07-09 21:00:00+00:00,,,,,0.2561190688250121,,1.5209142146269128,False
2008-07-09 21:30:00+00:00,,,,,0.057406696677824,,1.303781884184351,False
2008-07-09 22:00:00+00:00,,,,0.1303229845040101,0.057406696677824,,1.1472229900397088,False
2008-07-09 22:30:00+00:00,,,,,0.1641562572816482,,1.0962624232184113,False
2008-07-09 23:00:00+00:00,,,,,0.1080720846339274,,0.8509651333510069,False
2008-07-09 23:30:00+00:00,0.0,,,0.0,0.1080720846339274,,0.6667011579506508,False
2008-07-10 00:00:00+00:00,0.0778814520838131,,,0.0178132336022815,0.0347831215649132,,0.4124222522249436,False
2008-07-10 00:30:00+00:00,0.1841566370605131,,,0.3889190151499427,0.057406696677824,,0.2600032588181806,False
2008-07-10 01:00:00+00:00,0.1467747495176731,,,0.3889190151499427,0.0819575716081546,,0.1568191660319073,False
2008-07-10 01:30:00+00:00,0.1112482840996929,,,0.3093398753140822,0.1080720846339274,,0.1568191660319073,False
2008-07-10 02:00:00+00:00,0.3056048340496193,,,0.515342021287338,0.0819575716081546,,0.125023944816864,False
2008-07-10 02:30:00+00:00,0.2637066980261959,,,0.515342021287338,0.0147902747057437,,0.0170939345257701,False
2008-07-10 03:00:00+00:00,0.1112482840996929,,,0.4301595663789096,0.057406696677824,,0.04021029967037,False
2008-07-10 03:30:00+00:00,0.2231849517173982,,,0.4723119999661752,0.0819575716081546,,0.04021029967037,False
2008-07-10 04:00:00+00:00,0.1112482840996929,,,0.4301595663789096,0.0347831215649132,,0.0663795967691944,False
2008-07-10 04:30:00+00:00,0.0778814520838131,,,0.3889190151499427,0.0,,0.0170939345257701,False
2008-07-10 05:00:00+00:00,0.0200440124682429,,,0.6956942703703596,0.0347831215649132,,0.0,False
2008-07-10 05:30:00+00:00,0.0471637252338861,,,0.6039193746359196,0.1080720846339274,,0.0663795967691944,False
2008-07-10 06:00:00+00:00,0.0,,,0.6039193746359196,0.1080720846339274,,0.125023944816864,False
2008-07-10 06:30:00+00:00,0.0471637252338861,,,1.3618843151953643,0.1938552720958242,,0.0947904908017035,False
2008-07-10 07:00:00+00:00,0.0200440124682429,,,1.5314414956475326,0.2561190688250121,,0.125023944816864,False
2008-07-10 07:30:00+00:00,,,,1.474293349828242,0.3218009490201686,,0.1899967185006688,False
2008-07-10 08:00:00+00:00,,,,1.948778502190679,0.4621141685961828,,0.3343051847194859,False
2008-07-10 08:30:00+00:00,,,,2.0108392247650757,0.5743266959549987,,0.4528021674840696,False
2008-07-10 09:00:00+00:00,,,,2.265116811159391,0.6919639367409216,,0.4940170841445732,False
2008-07-10 09:30:00+00:00,,,,2.6645493696846336,0.985747394328264,,0.7574494746664872,False
2008-07-10 10:00:00+00:00,,,,3.304219709382977,1.2109498350023626,,0.8038679500216583,False
2008-07-10 10:30:00+00:00,,,,3.993040255756608,1.497077504515555,,1.1988003449095308,False
2008-07-10 11:00:00+00:00,,,,4.90340979029718,1.646432204074189,,1.6330006261218888,False
2008-07-10 11:30:00+00:00,,,,4.563492373300104,1.7482889008292184,,1.9830625797781616,False
2008-07-10 12:00:00+00:00,,,,5.614462971193608,2.1189973846341204,,1.9830625797781616,False
2008-07-10 12:30:00+00:00,,,,4.563492373300104,1.957430547679788,,2.4815105568887508,False
2008-07-10 13:00:00+00:00,,,,6.08056011157518,2.0646951165244367,,2.947116276457974,False
2008-07-10 13:30:00+00:00,,,,5.432739672625344,2.173745300117515,,3.5130264221641108,False
2008-07-10 14:00:00+00:00,,,,4.90340979029718,2.0646951165244367,,3.5130264221641108,False
2008-07-10 14:30:00+00:00,,,,8.231410489509216,2.3406571768296853,,3.225544067276539,False
2008-07-10 15:00:00+00:00,,,,5.342875591894128,1.546402355524177,,4.115472346070532,False
2008-07-10 15:30:00+00:00,0.0,,,4.09063623906924,3.3191411034470075,,5.696587377334261,False
2008-07-10 16:00:00+00:00,0.0,,,3.1117304157590087,3.080413623607765,,4.654095638452596,False
2008-07-10 16:30:00+00:00,,,,3.47627182778059,3.0217427498855627,,4.426351594062048,False
2008-07-10 17:00:00+00:00,,,,3.255767940246419,2.848148741913739,,3.91315061072322,False
2008-07-10 17:30:00+00:00,,,,3.626254020712068,2.963475255349735,,3.984919681747032,False
2008-07-10 18:00:00+00:00,0.0,,,2.8307357735037986,2.7344312576720533,,3.771144372746628,False
2008-07-10 18:30:00+00:00,0.024318048857041058,,,2.6937671497856464,2.457166159446919,,3.42500377982409,True
2008-07-10 19:00:00+00:00,0.0725407799998568,,,2.3616147572639243,2.295625397475762,,3.493222460580752,False
2008-07-10 19:30:00+00:00,0.1366722496946217,,,2.1064635599726738,2.1377042048071693,,3.2233589944557264,False
2008-07-10 20:00:00+00:00,0.0725407799998568,,,1.6245886914708156,1.832774189747065,,2.5835966372305514,False
2008-07-10 20:30:00+00:00,,,,1.0258783947565595,1.4491414213482636,,1.937140642585314,False
2008-07-10 21:00:00+00:00,,,,0.6862952637632735,1.2230231315312197,,1.7713101838234897,False
2008-07-10 21:30:00+00:00,,,,0.3837310476984108,1.0499554895511674,,1.6100308388405378,False
2008-07-10 22:00:00+00:00,0.0,,,0.2675068595112755,0.764676137498022,0.9387844072689708,1.3515040911052691,False
2008-07-10 22:30:00+00:00,0.0186745917540669,,,0.1286062503940227,0.5393941589793095,0.705491819630046,1.0587158922188196,False
2008-07-10 23:00:00+00:00,0.0725407799998568,,,0.0975016643780102,0.5393941589793095,0.705491819630046,1.0118298703159945,False
2008-07-10 23:30:00+00:00,0.0439354957040478,,,0.0,0.3343610240860409,0.5737998694641624,0.8299755747064403,False
2008-07-11 00:00:00+00:00,0.1366722496946217,,,0.0413562881640938,0.3343610240860409,0.6608749809139308,0.8299755747064403,False
2008-07-11 00:30:00+00:00,0.2454537325391996,,,0.1954602502762669,0.2407481275901569,0.4897303919803764,0.6576381546235164,False
2008-07-11 01:00:00+00:00,0.2844120934331222,,,0.424411090518978,0.1016337112054822,0.2940999500291425,0.3449458821106285,False
2008-07-11 01:30:00+00:00,0.2454537325391996,,,0.2675068595112755,0.0327199997783672,0.1883709953559467,0.2077054812116125,False
2008-07-11 02:00:00+00:00,0.2454537325391996,,,0.3052283014720303,0.0,0.0939836142668059,0.1157552002467583,False
2008-07-11 02:30:00+00:00,0.2077656724542798,,,0.3837310476984108,0.0,0.0658155348242352,0.061474460500054,False
2008-07-11 03:00:00+00:00,0.2077656724542798,,,0.3837310476984108,0.0139142850764995,0.0658155348242352,0.0877745439491036,False
2008-07-11 03:30:00+00:00,0.1366722496946217,,,0.9752970138312024,0.0539967045237825,0.0169491780983339,0.0372437619992064,False
2008-07-11 04:00:00+00:00,0.0725407799998568,,,1.3981150245576637,0.1016337112054822,0.0,0.0,False
2008-07-11 04:30:00+00:00,0.0439354957040478,,,1.288583066384597,0.2110773624013382,0.0658155348242352,0.061474460500054,False
2008-07-11 05:00:00+00:00,0.0186745917540669,,,1.234759058823618,0.3024308943184705,0.0658155348242352,0.1451743078613166,False
2008-07-11 05:30:00+00:00,0.0186745917540669,,,1.3430367332133049,0.4341324600908819,0.0398692004940849,0.2406014226408884,False
2008-07-11 06:00:00+00:00,0.0186745917540669,,,1.51012754510202,0.5393941589793095,0.04596485947622944,0.3449458821106285,True
2008-07-11 06:30:00+00:00,0.0186745917540669,,,1.8008154540513253,0.8438196402917388,0.0658155348242352,0.4955742614859948,False
2008-07-11 07:00:00+00:00,0.0725407799998568,,,2.6937671497856464,1.2230231315312197,0.3314246515416014,0.7859744117141796,False
2008-07-11 07:30:00+00:00,0.1036053122795362,,,3.550964046956863,1.6376451792633002,0.6608749809139308,0.9655055341471944,False
2008-07-11 08:00:00+00:00,0.1366722496946217,,,4.250289409168825,2.189941837716445,1.086526888496856,1.2517567098479496,False
2008-07-11 08:30:00+00:00,0.1036053122795362,,,4.33103595046344,2.295625397475762,1.1370164839481087,1.453358032966559,False
2008-07-11 09:00:00+00:00,0.0,,,5.527288810641132,2.5668678398986877,1.1881156651500278,1.453358032966559,False
2008-07-11 09:30:00+00:00,,,,8.204705984595924,3.139488351811584,1.5624340329327444,1.881360923259532,False
2008-07-11 10:00:00+00:00,,,,5.708450156787252,3.564368729426081,3.1252410197073828,2.5835966372305514,False
2008-07-11 10:30:00+00:00,,,,6.07871218168044,3.502449967423899,3.3360991200529884,2.7075795174969373,False
2008-07-11 11:00:00+00:00,,,,8.534742104798893,3.880118615627448,3.479467988851632,2.770313951457414,False
2008-07-11 11:30:00+00:00,,,,9.805292873000209,3.689434796163408,3.194969090955318,2.770313951457414,False
2008-07-11 12:00:00+00:00,,,,10.415519388246384,4.074527438579736,3.5519949055338085,3.157144726321789,False
2008-07-11 12:30:00+00:00,,,,10.665565897783464,3.6266967211464,3.1252410197073828,2.8335440509632503,False
2008-07-11 13:00:00+00:00,,,,18.37036164232307,4.406899490114328,2.522662349033462,,False
2008-07-11 13:30:00+00:00,,,,10.415519388246384,4.2062168976957,3.92310844119072,,False
2008-07-11 14:00:00+00:00,,,,16.972274634507755,4.74984994908186,4.152615379122024,,False
2008-07-11 14:30:00+00:00,0.0,,,11.83447777439754,4.680405723127572,3.99903752471292,,False
2008-07-11 15:00:00+00:00,0.0186745917540669,,,22.03184428575138,5.997437107049772,3.92310844119072,,False
2008-07-11 15:30:00+00:00,0.5761526520939805,,,20.03217670473048,6.309910433041632,4.480533434594448,,False
2008-07-11 16:00:00+00:00,1.1802148219214064,,,12.54259521089748,4.960767569373108,3.86692014839976,,False
2008-07-11 16:30:00+00:00,0.7653920302641851,,,11.730751670468734,5.1035482577529,3.646071787035564,,False
2008-07-11 17:00:00+00:00,0.5761526520939805,,,16.312328312573882,5.692296815820108,2.615981923129968,3.586320072346507,False
2008-07-11 17:30:00+00:00,1.3473518044169124,,,14.421161723430384,4.74984994908186,2.3213833633770786,4.306958815937328,True
2008-07-11 18:00:00+00:00,1.2352490797752864,,,9.253966841591147,4.272690107202624,2.177111676342866,4.457331193027212,False
2008-07-11 18:30:00+00:00,0.8146767299196385,,,8.686147555519597,4.272690107202624,2.116586841873419,4.012496168137776,False
2008-07-11 19:00:00+00:00,0.7168796918027388,,,6.31338998974416,3.816144797392656,0.6523068587774832,3.868380079080228,False
2008-07-11 19:30:00+00:00,0.8146767299196385,,,5.938450708719132,3.6266967211464,1.4452435739246294,5.822412159481523,True
2008-07-11 20:00:00+00:00,0.7653920302641851,,,5.046906299856012,3.379836910603673,2.2381802890717752,3.940179790803876,False
2008-07-11 20:30:00+00:00,0.8146767299196385,,,4.2985497031449125,3.139488351811584,0.5245255518570072,3.586320072346507,False
2008-07-11 21:00:00+00:00,0.864718933056048,,,3.3772640707733657,2.5668678398986877,,3.245214815282419,False
2008-07-11 21:30:00+00:00,0.5761526520939805,,,2.474921852917344,1.2673878950962332,,1.7828135698312546,False
2008-07-11 22:00:00+00:00,0.2792052920164287,,,1.4437657056802429,1.0925561854858896,,1.5147554720296894,False
2008-07-11 22:30:00+00:00,0.2039761449036565,,,0.8702265596519628,1.1790938998981584,,1.7281736988646896,False
2008-07-11 23:00:00+00:00,0.1341886254177092,,,0.462884409741906,1.1790938998981584,,1.7281736988646896,False
2008-07-11 23:30:00+00:00,0.1341886254177092,,,0.3811838635539936,1.0925561854858896,,1.6204319592356844,False
2008-07-12 00:00:00+00:00,0.3186013458594863,,,0.5480171579972087,1.2230231315312197,0.0393672811192473,1.7828135698312546,False
2008-07-12 00:30:00+00:00,0.4006067739865452,,,0.6363608381490203,0.9661122760450644,0.364956832744146,1.4111648929304783,False
2008-07-12 01:00:00+00:00,0.4006067739865452,,,0.6363608381490203,0.687508138617858,0.4036106450483424,1.065426284162711,False
2008-07-12 01:30:00+00:00,0.2792052920164287,,,0.2657406884390182,0.3343610240860409,0.1859791808183061,0.661743015038784,False
2008-07-12 02:00:00+00:00,0.1683359727833026,,,0.12776317725457,0.1822553525818954,0.0393672811192473,0.4596141602908152,False
2008-07-12 02:30:00+00:00,0.0183377212957571,,,0.0,0.2110773624013382,0.0393672811192473,0.4213217860789068,False
2008-07-12 03:00:00+00:00,0.0183377212957571,,,0.041086614761785,0.1274380155993711,,0.2420758023816268,False
2008-07-12 03:30:00+00:00,0.0431414900809153,,,0.2293685002445659,0.0139142850764995,,0.0618474558849076,False
2008-07-12 04:00:00+00:00,0.0,,,0.3811838635539936,0.0,,0.0,False
2008-07-12 04:30:00+00:00,,,,1.388470370491314,0.1543479148214816,,0.0,False
2008-07-12 05:00:00+00:00,,,,2.217045917321316,0.2712141114797588,0.0393672811192473,0.0159306219814611,False
2008-07-12 05:30:00+00:00,,,,4.2985497031449125,1.6858103340987036,0.443111003303598,0.2420758023816268,False
2008-07-12 06:00:00+00:00,,,,1.907813368148872,2.1377042048071693,1.3271360913227628,0.3111783563754864,False
2008-07-12 06:30:00+00:00,,,,2.7420884310777915,1.9834142856786967,1.3798741812372757,0.971604202706262,False
2008-07-12 07:00:00+00:00,,,,2.607344150607993,1.832774189747065,1.5415164596595743,1.5147554720296894,False
2008-07-12 07:30:00+00:00,,,,2.810331824686247,1.9834142856786967,1.7082303905676528,1.9497876990946883,False
2008-07-12 08:00:00+00:00,,,,4.624964837616024,2.457166159446919,2.116586841873419,2.417238382306849,False
2008-07-12 08:30:00+00:00,,,,6.031186382200753,2.848148741913739,2.2381802890717752,2.357051773851479,False
2008-07-12 09:00:00+00:00,,,,6.601660861942836,3.139488351811584,2.615981923129968,2.417238382306849,False
2008-07-12 09:30:00+00:00,,,,5.307618123461628,3.139488351811584,3.013294797224398,3.0466189750206563,False
2008-07-12 10:00:00+00:00,,,,9.253966841591147,4.140163064344572,3.646071787035564,4.085330696203176,False
2008-07-12 10:30:00+00:00,,,,10.574039994119676,3.75258384559818,3.430206826569885,3.5170833133200885,False
2008-07-12 11:00:00+00:00,,,,11.730751670468734,4.074527438579736,3.86692014839976,3.940179790803876,False
2008-07-12 11:30:00+00:00,,,,8.4644421431922,3.6266967211464,3.573564912801353,3.868380079080228,False
2008-07-12 12:00:00+00:00,,,,9.722496113234316,3.198967456084718,3.2192907064642764,3.656066891710464,False
2008-07-12 12:30:00+00:00,,,,13.388685189599736,3.564368729426081,3.430206826569885,3.586320072346507,False
2008-07-12 13:00:00+00:00,0.0712274073523408,,,13.102755936570576,3.816144797392656,3.573564912801353,3.797095601130372,False
2008-07-12 13:30:00+00:00,0.0,,,13.825055955037788,4.3395838937514,3.941650465774704,4.012496168137776,False
2008-07-12 14:00:00+00:00,0.1017260519884552,,,10.44987175781669,4.3395838937514,2.615981923129968,4.457331193027212,False
2008-07-12 14:30:00+00:00,0.0431414900809153,,,8.574912399858084,4.140163064344572,0.0167361654105844,4.381881832139364,False
2008-07-12 15:00:00+00:00,0.0183377212957571,,,11.07932233368672,4.406899490114328,,4.381881832139364,False
2008-07-12 15:30:00+00:00,0.6450118157706192,,,15.511331969433684,5.610255410868336,,4.9971617870422325,False
2008-07-12 16:00:00+00:00,0.599829733752372,,,13.159283370600887,5.319742571176896,,5.075963853521256,False
2008-07-12 16:30:00+00:00,0.5118649631150508,,,11.42681071614127,5.106334966513128,0.3603307967116992,4.9971617870422325,False
2008-07-12 17:00:00+00:00,0.3462950146667547,,,7.550405114437116,4.224893892401016,1.0582395095331936,4.46026715543214,False
2008-07-12 17:30:00+00:00,0.3072716252077457,,,8.17157435661162,4.031282949006744,3.812173565999436,4.385647860139835,False
2008-07-12 18:00:00+00:00,0.3462950146667547,,,7.550405114437116,3.967549241279112,3.812173565999436,4.237951368276864,False
2008-07-12 18:30:00+00:00,0.3462950146667547,,,6.954085738829988,3.904215442490844,3.812173565999436,4.164870852863316,False
2008-07-12 19:00:00+00:00,0.2692944200462864,,,4.638660017004252,3.3520547636943228,3.3124222116849027,3.598452379657163,False
2008-07-12 19:30:00+00:00,0.2692944200462864,,,5.306408433000396,3.292671130723501,3.0386901115143035,3.3272560398206736,False
2008-07-12 20:00:00+00:00,0.4272678081950868,,,6.013258078202387,3.2336783909763587,3.1744859894024797,3.667495712872608,False
2008-07-12 20:30:00+00:00,0.469131080664024,,,1.7931213082154198,2.448565665971886,2.1476983436451507,2.871678962904847,False
2008-07-12 21:00:00+00:00,0.3072716252077457,,,2.2744878295156887,2.1353121707137594,1.741372786320757,2.262501275309345,False
2008-07-12 21:30:00+00:00,0.3462950146667547,,,1.565970364664237,1.934243185400503,1.741372786320757,2.089290787727613,False
2008-07-12 22:00:00+00:00,0.0981473578067854,,,0.892774455341922,1.691720856290556,1.6301416028234794,1.8652348752115395,False
2008-07-12 22:30:00+00:00,0.0,,,0.3321405574701797,1.3244239434078289,1.3096849590896509,1.492321000633146,False
2008-07-12 23:00:00+00:00,0.041629186634905,,,0.1558125856464318,0.9429506204558364,1.0582395095331936,1.1926021359613428,False
2008-07-12 23:30:00+00:00,0.0176960436122584,,,0.0399539824834543,0.6342952360905288,0.7762779866531628,0.867326266707138,False
2008-07-13 00:00:00+00:00,0.0981473578067854,,,0.0659557339694978,0.4239383344730748,0.6011873570991852,0.6940364128999812,False
2008-07-13 00:30:00+00:00,0.1623927300395032,,,0.0659557339694978,0.2953707697730033,0.5178309353242667,0.6522363042046164,False
2008-07-13 01:00:00+00:00,0.2324302855537535,,,0.0,0.2648919522477053,0.4374749739929616,0.5705522743528152,False
2008-07-13 01:30:00+00:00,0.469131080664024,,,0.2947341185708173,0.1507708166690451,0.2169058528147406,0.2722610875181,False
2008-07-13 02:00:00+00:00,0.5554398278424312,,,0.5325366740127948,0.0992850962539813,0.1208563877612408,0.087072305521348,False
2008-07-13 02:30:00+00:00,0.599829733752372,,,0.5325366740127948,0.0,0.0,0.0,False
2008-07-13 03:00:00+00:00,0.599829733752372,,,0.7070401960097364,0.206171318328255,0.0641743587491493,0.0609834331634526,False
2008-07-13 03:30:00+00:00,0.5554398278424312,,,0.892774455341922,0.3265441009655817,0.1208563877612408,0.114827595993757,False
2008-07-13 04:00:00+00:00,0.5118649631150508,,,1.038957387460722,0.3265441009655817,0.1208563877612408,0.114827595993757,False
2008-07-13 04:30:00+00:00,0.469131080664024,,,1.1395526434064749,0.4576151481855984,0.183641844757424,0.2060328672106841,False
2008-07-13 05:00:00+00:00,0.3863092482414971,,,1.4016436386551965,0.6342952360905288,0.2169058528147406,0.2722610875181,False
2008-07-13 05:30:00+00:00,0.3072716252077457,,,1.6219015146161495,0.74648002421322,0.2512772208811246,0.3421498054049683,False
2008-07-13 06:00:00+00:00,0.3072716252077457,,,1.7354794605034751,0.8236803489335353,0.3230471148452089,0.3783466809789012,False
2008-07-13 06:30:00+00:00,0.19676166422275,,,2.21236220748789,0.9836084746293589,0.3603307967116992,0.4530658524029063,False
2008-07-13 07:00:00+00:00,0.0981473578067854,,,2.7914804794336754,1.2366814289941224,0.5591452738321189,0.7364569765151628,False
2008-07-13 07:30:00+00:00,0.0687261144816,,,3.34405969524931,1.413817488631555,0.64393796105217,0.9121186293892992,False
2008-07-13 08:00:00+00:00,0.0687261144816,,,3.707652485090376,1.7394365566999008,0.91447200093888,1.0969170798481451,False
2008-07-13 08:30:00+00:00,0.0,,,4.720035585924432,2.448565665971886,1.5211009557964728,1.8652348752115395,False
2008-07-13 09:00:00+00:00,,,,5.566819898464308,2.831628990923647,1.9122877199167811,2.262501275309345,False
2008-07-13 09:30:00+00:00,,,,6.475545287938764,2.775745294488036,2.028922626739021,2.38042521111735,False
2008-07-13 10:00:00+00:00,,,,7.6521846328057075,2.9445585077650827,2.329859642806962,2.745931605887178,False
2008-07-13 10:30:00+00:00,0.0687261144816,,,8.928861527338883,3.292671130723501,2.708526342532288,2.745931605887178,False
2008-07-13 11:00:00+00:00,0.0981473578067854,,,8.5999260006648,3.532557607543436,2.905028276277798,2.5003055755747727,False
2008-07-13 11:30:00+00:00,0.041629186634905,,,11.683589304906793,3.471997305573601,3.1744859894024797,2.745931605887178,False
2008-07-13 12:00:00+00:00,0.0,,,17.451742429133713,3.967549241279112,3.452506323155633,,False
2008-07-13 12:30:00+00:00,,,,21.655062934292413,4.42214262193392,3.959851138078644,,False
2008-07-13 13:00:00+00:00,,,,20.682546771245907,4.623060786856848,4.338680167920492,,False
2008-07-13 13:30:00+00:00,,,,15.98156086955778,4.159954206941472,4.034512450260972,,False
2008-07-13 14:00:00+00:00,,,,15.050636574852923,4.159954206941472,3.959851138078644,,False
2008-07-13 14:30:00+00:00,0.0,,,23.921187918350142,4.759061492552112,4.034512450260972,,False
2008-07-13 15:00:00+00:00,0.19676166422275,,,23.076286232590725,4.488705997660261,4.185488330041392,,False
2008-07-13 15:30:00+00:00,,,,21.003341559397487,3.8883073313754,3.3539712858436683,,False
2008-07-13 16:00:00+00:00,,,,17.491222690614432,4.14589025754324,,,False
2008-07-13 16:30:00+00:00,,,,11.337213374909531,3.4531200864419005,,,False
2008-07-13 17:00:00+00:00,,,,3.2320222783120407,1.7111741764107278,1.0860350065413695,,False
2008-07-13 17:30:00+00:00,,,,2.091599299086239,1.1636012643301727,0.6681996923474268,3.688595314228584,False
2008-07-13 18:00:00+00:00,,,,2.879156561723359,1.1636012643301727,0.4595253277000536,3.412961530414384,False
2008-07-13 18:30:00+00:00,0.0,,,2.879156561723359,1.250684185414435,0.8940476386768499,3.0145750435556744,False
2008-07-13 19:00:00+00:00,0.246025035911521,,,3.750687846400392,1.5220396334389752,1.0860350065413695,2.822112015834395,False
2008-07-13 19:30:00+00:00,0.4090773873218148,,,1.333789300875222,1.339466315218524,0.7565815897980912,2.572441839344937,False
2008-07-13 20:00:00+00:00,0.246025035911521,,,1.4437657056802429,1.0362224817074628,0.7565815897980912,2.450579907693924,False
2008-07-13 20:30:00+00:00,0.1718550489819294,,,0.9686681551923444,0.872619299105688,0.71205610721481,2.330700215554339,False
2008-07-13 21:00:00+00:00,0.0187174898394104,,,1.1734798255902217,0.6045077360333808,0.4200563004177671,1.7069827226079133,False
2008-07-13 21:30:00+00:00,0.0,,,0.6816816271023228,0.3951344155926816,0.2357472217651599,1.242424393539732,False
2008-07-13 22:00:00+00:00,0.0187174898394104,,,0.3417087599009312,0.2985917629014637,,,False
2008-07-13 22:30:00+00:00,0.0440366102196159,,,0.3811838635539936,0.2677763179117335,,,False
2008-07-13 23:00:00+00:00,0.0727080403094193,,,0.5050369638021456,0.2377009900519739,,,False
2008-07-13 23:30:00+00:00,0.2082483427413265,,,0.3417087599009312,0.0761150128526622,,,False
2008-07-14 00:00:00+00:00,0.2850753279723458,,,0.3417087599009312,0.0137404703715275,,,False
2008-07-14 00:30:00+00:00,0.1718550489819294,,,0.2293685002445659,0.1003567166126254,,,False
2008-07-14 01:00:00+00:00,0.0440366102196159,,,0.0,0.0137404703715275,,,False
2008-07-14 01:30:00+00:00,0.0727080403094193,,,0.0678287927664932,0.0,,,False
2008-07-14 02:00:00+00:00,0.0187174898394104,,,0.0,0.2377009900519739,,,False
2008-07-14 02:30:00+00:00,0.0440366102196159,,,0.0,0.2377009900519739,,,False
2008-07-14 03:00:00+00:00,0.0727080403094193,,,0.0678287927664932,0.1799553120295075,,,False
2008-07-14 03:30:00+00:00,0.0440366102196159,,,0.1941743532128137,0.208409684679995,,,False
2008-07-14 04:00:00+00:00,0.0,,,0.4215888017561591,0.1524029112738867,,,False
2008-07-14 04:30:00+00:00,,,,0.6363608381490203,0.1799553120295075,,,False
2008-07-14 05:00:00+00:00,,,,0.8220299463734112,0.1524029112738867,,,False
2008-07-14 05:30:00+00:00,,,,0.8702265596519628,0.1524029112738867,,,False
2008-07-14 06:00:00+00:00,,,,1.018892890256436,0.1258344601214011,,,False
2008-07-14 06:30:00+00:00,,,,1.018892890256436,0.1799553120295075,,,False
2008-07-14 07:00:00+00:00,,,,1.0697749458510817,0.2985917629014637,,,False
2008-07-14 07:30:00+00:00,,,,1.6132973819482368,0.462642515127108,,,False
2008-07-14 08:00:00+00:00,,,,1.907813368148872,0.872619299105688,,,False
2008-07-14 08:30:00+00:00,,,,3.5248591769808746,1.8572654916104507,,,False
2008-07-14 09:00:00+00:00,,,,4.961267263554516,3.037518645116825,,,False
2008-07-14 09:30:00+00:00,,,,4.139003894341212,2.808742787060623,,,False
2008-07-14 10:00:00+00:00,,,,3.160280934456412,2.696719756867787,,,False
2008-07-14 10:30:00+00:00,,,,2.879156561723359,1.4757762144789686,,,False
2008-07-14 11:00:00+00:00,,,,5.13317595862764,2.4773953065942744,,,False
2008-07-14 11:30:00+00:00,,,,7.817422407119747,3.514084571841343,,,False
2008-07-14 12:00:00+00:00,,,,13.245227086452337,4.749547088297303,,,False
2008-07-14 12:30:00+00:00,,,,17.664440927755212,4.818708285600348,,,False
2008-07-14 13:00:00+00:00,,,,17.491222690614432,4.277136594886416,,,False
2008-07-14 13:30:00+00:00,,,,19.09538633569986,4.544585058222684,,,False
2008-07-14 14:00:00+00:00,,,,13.245227086452337,3.76195384515348,,,False
2008-07-14 14:30:00+00:00,,,,12.132486009741204,3.699383159054772,,,False
2008-07-14 15:00:00+00:00,0.0727080403094193,,,12.54259521089748,3.8883073313754,,,False
2008-07-14 15:30:00+00:00,0.0717148357993483,,,9.936586889876123,3.1205853034777764,,,False
2008-07-14 16:00:00+00:00,,,,2.435826162392147,1.3950477784020887,,,False
2008-07-14 16:30:00+00:00,,,,2.6281162858686766,1.3496676047563465,,,False
2008-07-14 17:00:00+00:00,,,,9.028769238255997,2.442655315248941,,,False
2008-07-14 17:30:00+00:00,0.281137451645839,,,9.251206983471276,3.792747952425456,,,False
2008-07-14 18:00:00+00:00,1.9616436374391792,,,8.918658427891465,4.379470893344124,,,False
2008-07-14 18:30:00+00:00,2.288177118681804,,,13.10614823287998,4.51443112256196,,,False
2008-07-14 19:00:00+00:00,3.211616262077085,,,18.366066595966213,6.426679080772333,,,False
2008-07-14 19:30:00+00:00,2.988964604645082,,,12.832697126967949,6.829456481235432,,,False
2008-07-14 20:00:00+00:00,1.9616436374391792,,,9.59047363350792,4.929469707505968,,,False
2008-07-14 20:30:00+00:00,0.8708523835803085,,,7.057805710459967,3.2391655702943907,,,False
2008-07-14 21:00:00+00:00,0.2426329231582636,,,1.0769469232364317,1.440848706832908,,,False
2008-07-14 21:30:00+00:00,0.0,,,0.2662216324812093,0.3980360243005668,,,True
2008-07-14 22:00:00+00:00,0.0434361729284557,,,0.0,0.1010828417401955,,,False
2008-07-14 22:30:00+00:00,0.1024234832893708,,,0.0168066281378914,0.0325434300740075,,,False
2008-07-14 23:00:00+00:00,0.0717148357993483,,,0.4053455309951927,0.0325434300740075,,,False
2008-07-14 23:30:00+00:00,0.0,,,0.3665228344876332,0.1812631333396993,,,False
2008-07-15 00:00:00+00:00,0.0434361729284557,,,0.2555727613128659,0.1535088638059131,,,False
2008-07-15 00:30:00+00:00,0.1024234832893708,,,0.291587824083952,0.1812631333396993,,,False
2008-07-15 01:00:00+00:00,0.4462005829785624,,,0.0395333094581294,0.1267462677950676,,,False
2008-07-15 01:30:00+00:00,0.5346326079437869,,,0.3285887882119895,0.1535088638059131,,,False
2008-07-15 02:00:00+00:00,0.626611892790798,,,0.7442687333521548,0.332527207163566,,,False
2008-07-15 02:30:00+00:00,0.7219353879514512,,,0.6993593089791804,0.1535088638059131,,,False
2008-07-15 03:00:00+00:00,0.6738664172522868,,,1.1776023354077028,0.1535088638059131,,,False
2008-07-15 03:30:00+00:00,0.5346326079437869,,,1.2806444304674496,0.1267462677950676,,,False
2008-07-15 04:00:00+00:00,0.2053824325352218,,,1.8304045771101227,0.0,,,False
2008-07-15 04:30:00+00:00,0.0,,,2.187078866289605,,,,False
2008-07-15 05:00:00+00:00,,,,2.2484461512838894,,,,False
2008-07-15 05:30:00+00:00,,,,2.693303701311809,,,,False
2008-07-15 06:00:00+00:00,,,,3.3752654259722243,0.6460749111811356,,,False
2008-07-15 06:30:00+00:00,,,,4.5820763776953,1.7730589286158775,,,False
2008-07-15 07:00:00+00:00,,,,10.529020660634856,4.246186168227564,,,False
2008-07-15 07:30:00+00:00,,,,11.017361073940847,4.929469707505968,,,False
2008-07-15 08:00:00+00:00,,,,11.266447668330096,4.379470893344124,,,False
2008-07-15 08:30:00+00:00,,,,10.64989037317572,4.18016905123752,,,False
2008-07-15 09:00:00+00:00,,,,16.369594859351448,4.379470893344124,,,False
2008-07-15 09:30:00+00:00,,,,14.975799513126589,3.856289986568736,,,False
2008-07-15 10:00:00+00:00,,,,17.851441047338266,3.984604708089132,,,False
2008-07-15 10:30:00+00:00,0.0,,,23.5162296754717,4.789419566032872,,,False
2008-07-15 11:00:00+00:00,0.0512117416446854,,,,5.655759481334195,,,True
2008-07-15 11:30:00+00:00,0.1024234832893708,,,,5.655759481334195,,,False
2008-07-15 12:00:00+00:00,0.1024234832893708,,,,5.4332656055665565,,,False
2008-07-15 12:30:00+00:00,0.2053824325352218,,,,5.73081393868272,,,False
2008-07-15 13:00:00+00:00,0.0,,,,6.1906095293148,,,False
2008-07-15 13:30:00+00:00,0.0434361729284557,,,,6.112840415246101,,,False
2008-07-15 14:00:00+00:00,0.4462005829785624,,,24.36666127633321,4.859230458786731,,,False
2008-07-15 14:30:00+00:00,0.8204441538998664,,,,6.1906095293148,,,False
2008-07-15 15:00:00+00:00,0.580192744468644,,,,4.379470893344124,,,False
2008-07-15 15:30:00+00:00,1.4078817842020308,,,,4.638044861502696,,,False
2008-07-15 16:00:00+00:00,1.9349476631281584,,,,4.355786785417704,,,False
2008-07-15 16:30:00+00:00,2.1849050590106653,,,,2.811995947172052,,,False
2008-07-15 17:00:00+00:00,1.084562914664448,,,,3.681701305069464,,,False
2008-07-15 17:30:00+00:00,1.463988449964715,,,16.01974067713398,2.188191437598143,,,False
2008-07-15 18:00:00+00:00,0.9820085456757132,,,26.519245155397517,3.0517845253980265,,,False
2008-07-15 18:30:00+00:00,1.1897622998485848,,,,4.2173840448765,,,False
2008-07-15 19:00:00+00:00,1.2433359966040332,,,,4.56679516019022,,,False
2008-07-15 19:30:00+00:00,0.3863092482414971,,,,4.2173840448765,,,False
2008-07-15 20:00:00+00:00,0.1294594603212502,,,,3.0517845253980265,,,False
2008-07-15 20:30:00+00:00,,,,14.928213812644438,2.2977263894700206,,,False
2008-07-15 21:00:00+00:00,,,,4.522082920142328,1.9743204786566837,,,False
2008-07-15 21:30:00+00:00,,,,4.2036906979665725,1.9743204786566837,,,False
2008-07-15 22:00:00+00:00,0.0176960436122584,,3.931854952667112,2.0481268323277977,1.6666117500666275,3.871409464561284,,False
2008-07-15 22:30:00+00:00,0.0,,2.314111101393125,0.6681722671360009,1.0554250210749216,3.5801819869046687,,False
2008-07-15 23:00:00+00:00,0.0176960436122584,,1.4049854291973347,0.1571573156365544,0.2517539193188035,2.565054283658382,,False
2008-07-15 23:30:00+00:00,0.1294594603212502,,0.9085714824561264,0.1252930628920719,0.1062442241222184,2.4387970461498933,,False
2008-07-16 00:00:00+00:00,0.1294594603212502,,0.6398261351254224,0.0402964019612974,0.3162994280062866,2.8900309829383044,,False
2008-07-16 00:30:00+00:00,0.041629186634905,,0.3580574421664109,0.0,0.1332280051714721,0.900072437146704,,False
2008-07-16 01:00:00+00:00,0.041629186634905,,0.2155466652735845,0.0949941742299058,0.0,,,False
2008-07-16 01:30:00+00:00,0.0687261144816,,0.1201029062317664,0.1571573156365544,0.0,,,False
2008-07-16 02:00:00+00:00,0.19676166422275,,0.0386355413658646,0.2249106580374609,0.0341975046199102,,,False
2008-07-16 02:30:00+00:00,0.1623927300395032,,0.0,0.4950993972319524,0.0341975046199102,,,False
2008-07-16 03:00:00+00:00,0.0,,0.0,0.9492631195756392,0.0805735077915502,,,False
2008-07-16 03:30:00+00:00,,,0.0,0.4950993972319524,0.0145416399426813,7.289508987113328,,False
2008-07-16 04:00:00+00:00,,,0.0637756087830379,0.6681722671360009,0.0805735077915502,,,False
2008-07-16 04:30:00+00:00,,,0.2496999773056755,1.1498005977269437,0.1332280051714721,,,False
2008-07-16 05:00:00+00:00,,,0.9085714824561264,1.2014987629720573,0.3497176079680622,,,False
2008-07-16 05:30:00+00:00,,,1.3011145849227277,1.253809523024622,0.527044980590136,,,False
2008-07-16 06:00:00+00:00,,,2.2533006334076675,2.1091768576357355,0.8834368944305917,,,False
2008-07-16 06:30:00+00:00,0.041629186634905,,2.885063030363887,2.4873303877656405,1.0554250210749216,,,False
2008-07-16 07:00:00+00:00,0.1294594603212502,,4.307709198486816,4.125566592048024,1.5675749027924473,,,False
2008-07-16 07:30:00+00:00,0.469131080664024,,6.582479541384672,7.225614336662784,2.521977647240077,,,False
2008-07-16 08:00:00+00:00,0.7851191683994567,,8.24323141949472,9.139231725607656,3.298511007057212,6.344621712885853,,False
2008-07-16 08:30:00+00:00,1.136835721141369,,9.200834059895207,9.366668881410348,3.681701305069464,7.585564786831476,,False
2008-07-16 09:00:00+00:00,1.032951183090307,,9.091622326301064,12.48498875348053,3.681701305069464,5.292425352817692,,False
2008-07-16 09:30:00+00:00,1.297550746339344,,8.87533284127014,9.2525653318347,3.174278306140098,4.96069137920898,,False
2008-07-16 10:00:00+00:00,1.084562914664448,,8.038010705437799,8.693500229369532,2.7531294072782364,4.171430445995989,,False
2008-07-16 10:30:00+00:00,0.6909658041608387,,6.956532230052059,7.426809137306051,2.353141963980702,3.2976570632633675,,False
2008-07-16 11:00:00+00:00,0.4272678081950868,,6.308454066656257,7.225614336662784,2.1340729316166693,2.9566284320513776,,False
2008-07-16 11:30:00+00:00,0.3462950146667547,,5.519006994464532,5.187623225866812,1.818490031132256,2.501659070322516,,False
2008-07-16 12:00:00+00:00,0.5118649631150508,,7.051617840361248,7.528446908022924,2.465267777539272,3.2976570632633675,,False
2008-07-16 12:30:00+00:00,1.2433359966040332,,10.807182782500393,14.3276114639781,3.8792421364149,4.879205851482181,,False
2008-07-16 13:00:00+00:00,1.8135641503774045,,11.170927702125468,16.50388983631373,4.080784116835656,5.633544483233171,,False
2008-07-16 13:30:00+00:00,1.297550746339344,,9.200834059895207,12.215668651684489,3.488132738462749,4.96069137920898,,False
2008-07-16 14:00:00+00:00,1.032951183090307,,8.24323141949472,11.949971452244172,3.298511007057212,4.480351724615652,,False
2008-07-16 14:30:00+00:00,0.8332878776241923,,8.661860107359193,15.389589254670216,3.552215874365941,4.402280598849468,,False
2008-07-16 15:00:00+00:00,0.4272678081950868,,6.956532230052059,8.047200039224112,2.694694480450348,3.724702608430332,,False
2008-07-16 15:30:00+00:00,0.2766662336504775,,8.45700540578532,15.484366809064332,4.491083739342025,4.371752560420404,,False
2008-07-16 16:00:00+00:00,0.6164968899763944,,7.937778495800628,10.859249554424675,4.151697153242832,4.44966263205552,,False
2008-07-16 16:30:00+00:00,0.4820934355919136,,10.121797882341216,10.667505216640139,5.499967801306032,4.141386223544736,,True
2008-07-16 17:00:00+00:00,1.278749893956534,,8.247244784772887,10.610914100588603,3.823053758012304,3.5514360614040013,,False
2008-07-16 17:30:00+00:00,0.8071002497582028,,8.247244784772887,13.82556716536266,4.085113802017572,3.842012539322712,,False
2008-07-16 18:00:00+00:00,0.6629681986194637,,7.337085726921048,9.303667575839604,3.630965499474804,3.99059349645564,,False
2008-07-16 18:30:00+00:00,0.6164968899763944,,7.435537684433065,10.004608221600815,3.567779672177585,4.294404399657132,,False
2008-07-16 19:00:00+00:00,0.396943408589004,,6.572819935976437,8.09057467766844,3.197462265724237,4.065712555932108,,False
2008-07-16 19:30:00+00:00,0.1008094321280264,,5.501492547721236,6.67311741091242,2.900308085705794,3.695630634125316,,False
2008-07-16 20:00:00+00:00,,,4.205545331491872,4.544585058222684,2.336982528409578,2.99633422769532,,False
2008-07-16 20:30:00+00:00,,,2.217901458194377,1.936653440097798,1.5219017459748685,1.9890577041862465,,False
2008-07-16 21:00:00+00:00,,,0.5200451898317712,0.3364955153926218,0.6227923765387535,0.6543324062560261,,False
2008-07-16 21:30:00+00:00,,,0.4001809555574028,0.5826736592074547,0.3399740212964698,0.1903290785179531,,False
2008-07-16 22:00:00+00:00,0.0,,0.5615403489838151,0.716461279965126,0.2447713349603845,,,False
2008-07-16 22:30:00+00:00,0.3558099491452829,,0.6467058734771233,0.9535141495082772,0.3399740212964698,,,False
2008-07-16 23:00:00+00:00,0.5708445688199448,,0.8252646229221732,1.154987421168114,0.4069769911916544,,,False
2008-07-16 23:30:00+00:00,0.4390514170143948,,0.4793032524840156,1.2594863403060803,0.2757532909095,,,False
2008-07-17 00:00:00+00:00,0.3156986638584936,,0.3618609474598019,1.2594863403060803,0.1852919108389224,,,False
2008-07-17 00:30:00+00:00,0.1329772793319396,,0.2878917820871691,1.1036683794778308,0.2145994210139763,,,False
2008-07-17 01:00:00+00:00,0.2387811912000094,,0.2523387807883008,1.2069287493442775,0.2447713349603845,,,False
2008-07-17 01:30:00+00:00,0.2766662336504775,,0.1844150150095002,1.0029241694528568,0.0548896301380555,,,False
2008-07-17 02:00:00+00:00,0.2766662336504775,,0.1844150150095002,0.7625018357451613,0.0332602731615836,,,False
2008-07-17 02:30:00+00:00,0.396943408589004,,0.2178206357871168,0.0,0.0,,,False
2008-07-17 03:00:00+00:00,0.3558099491452829,,0.1844150150095002,0.0954039293740947,0.078358701278233,,,False
2008-07-17 03:30:00+00:00,0.396943408589004,,0.121363483873199,0.125834460121404,0.078358701278233,,,False
2008-07-17 04:00:00+00:00,0.1329772793319396,,0.0,1.936653440097798,0.3399740212964698,,,False
2008-07-17 04:30:00+00:00,0.1008094321280264,,0.0644427105018839,1.6442381625327325,0.7382324965796315,,,False
2008-07-17 05:00:00+00:00,0.0181733883059912,,0.0644427105018839,1.4757762144789686,0.6607436405957532,,,False
2008-07-17 05:30:00+00:00,,,0.0390389888522059,1.3126546919701692,0.5485321721871036,,,False
2008-07-17 06:00:00+00:00,,,0.1844150150095002,1.0529782202323117,0.6607436405957532,,,False
2008-07-17 06:30:00+00:00,,,0.2878917820871691,0.856661843802996,0.6992270668847808,,,False
2008-07-17 07:00:00+00:00,,,0.3618609474598019,1.1036683794778308,0.8177731011406584,,,False
2008-07-17 07:30:00+00:00,,,0.6037670058820236,0.716461279965126,0.8177731011406584,,,False
2008-07-17 08:00:00+00:00,,,0.87153874628211,1.0029241694528568,0.8582920430450544,,,False
2008-07-17 08:30:00+00:00,,,1.2637746052028496,1.3664287793111185,0.9407915085234168,,,False
2008-07-17 09:00:00+00:00,0.0,,2.278916515436839,1.8179548890299493,1.199570199956795,,,False
2008-07-17 09:30:00+00:00,0.1329772793319396,,3.327933165029499,2.56436988731928,1.5219017459748685,,,False
2008-07-17 10:00:00+00:00,0.396943408589004,,5.501492547721236,4.544585058222684,2.176029326002266,,,False
2008-07-17 10:30:00+00:00,0.9069588040894164,,7.337085726921048,6.48159975391068,3.0179266349381244,,,False
2008-07-17 11:00:00+00:00,1.6235371891010015,,7.734870991061496,9.076295092691051,3.5050141237429404,,,False
2008-07-17 11:30:00+00:00,2.183747295607928,,10.356471387001116,10.859249554424675,3.823053758012304,,,False
2008-07-17 12:00:00+00:00,2.1189973846341204,,11.07932233368672,13.537171516391783,3.823053758012304,,,False
2008-07-17 12:30:00+00:00,1.928487373482092,,11.959558119914076,14.714819893840716,4.56026404792068,,,False
2008-07-17 13:00:00+00:00,1.928487373482092,,12.218605947987731,20.516577521321448,4.984584040280052,,,False
2008-07-17 13:30:00+00:00,2.1189973846341204,,12.218605947987731,21.09843744927804,5.350449746890152,,,False
2008-07-17 14:00:00+00:00,2.3151105585986254,,13.427628031707156,25.775331725243703,5.20275094196994,,,False
2008-07-17 14:30:00+00:00,2.3151105585986254,,12.481095946873968,23.555982338247528,4.018958921759112,,,False
2008-07-17 15:00:00+00:00,2.585273992550136,,11.83131015616512,21.85715653273689,4.21871016311694,,,True
2008-07-17 15:30:00+00:00,2.8794042915297227,,12.725397144071785,19.08641138960376,3.88812087643446,,,False
2008-07-17 16:00:00+00:00,1.95342866312697,,5.500090905320376,0.5407723302533496,1.4057551781758189,,,False
2008-07-17 16:30:00+00:00,0.3897960490989323,,2.422581716583522,2.770313951457414,1.786839518376295,,,False
2008-07-17 17:00:00+00:00,0.3897960490989323,,2.06814789028611,2.504939199209867,1.4057551781758189,,,False
2008-07-17 17:30:00+00:00,0.2345129152054506,,2.4834125098551567,5.40103947052896,1.545530480759052,,,False
2008-07-17 18:00:00+00:00,0.5604902201194848,,4.467745190498652,9.10129689261846,2.911446732574966,,,False
2008-07-17 18:30:00+00:00,1.5929621303918111,,5.417396852491764,17.4990423365766,2.969437226312063,,,False
2008-07-17 19:00:00+00:00,3.5371318312258846,,5.667154657283772,22.17168279601708,3.634126540243524,,,False
2008-07-17 19:30:00+00:00,4.003135938953424,,6.80887053335826,10.3951976018409,4.281591476041488,,,False
2008-07-17 20:00:00+00:00,3.093189425618865,,6.62679623831328,8.544428116858333,2.627545209931472,,,False
2008-07-17 20:30:00+00:00,2.2059366234187068,,3.1856932294002798,0.5407723302533496,0.8454057854414256,,,False
2008-07-17 21:00:00+00:00,1.3650722382696658,,1.5707080949527834,0.4567868709370056,0.3676488812619516,,,False
2008-07-17 21:30:00+00:00,1.3096849590896544,,1.954036688640156,1.4240436143645483,0.7271992556350236,,,False
2008-07-17 22:00:00+00:00,1.1474067574730054,0.6906099603826727,1.6239261011842618,1.5911365014818062,0.5766883815306167,,1.097787288372653,False
2008-07-17 22:30:00+00:00,0.5604902201194848,0.4979207302662852,1.2624289727907023,0.858576129974874,0.3029866504156919,,1.1470515218882746,False
2008-07-17 23:00:00+00:00,0.4733810063225639,0.3551235498944312,0.927497574073242,0.498372266402208,0.10181854493528,,1.0491052283811433,False
2008-07-17 23:30:00+00:00,0.1985214923325205,0.2556272969980178,0.7056390191945328,0.337231414006569,0.0327792426585745,,0.9535141495082844,False
2008-07-18 00:00:00+00:00,0.0419981652837309,0.1934842099535697,0.4996786298180651,0.2622710482284211,0.0540946150477088,,0.5134533204082716,False
2008-07-18 00:30:00+00:00,0.0693363641576652,0.1352650641019214,0.3477836472633392,0.1581797373651712,0.10181854493528,,0.4337893239072299,False
2008-07-18 01:00:00+00:00,0.1638425304240026,0.081801664725546,0.2425709061389761,0.0,0.0,,0.473238218886804,False
2008-07-18 01:30:00+00:00,0.1638425304240026,0.057297661117992,0.1772999764742163,0.1261067512453063,0.0139394413010043,,0.5134533204082716,False
2008-07-18 02:00:00+00:00,0.1985214923325205,0.057297661117992,0.1772999764742163,0.1916480496517603,0.0772220912084294,,0.5134533204082716,False
2008-07-18 02:30:00+00:00,0.1638425304240026,0.0347171579293538,0.1166964748524903,0.498372266402208,0.1546294478323097,,0.2842797820185723,False
2008-07-18 03:00:00+00:00,0.1985214923325205,0.0,0.0619727004163191,0.7180536041993448,0.1825882825095461,,0.1198536349523896,False
2008-07-18 03:30:00+00:00,0.0990204261613203,0.0,0.0159627765835164,1.0051775631447013,0.1546294478323097,,0.0163917401403196,False
2008-07-18 04:00:00+00:00,0.0693363641576652,0.0,0.0,0.9556526244532068,0.1276701206150476,,0.0,False
2008-07-18 04:30:00+00:00,0.0419981652837309,0.0,0.0,0.7180536041993448,0.10181854493528,,0.0,False
2008-07-18 05:00:00+00:00,0.0,0.0147622691800933,0.0159627765835164,0.7180536041993448,0.10181854493528,,0.0636436885677483,False
2008-07-18 05:30:00+00:00,,0.0147622691800933,0.0159627765835164,0.8110446756222743,0.1546294478323097,,0.0908770451749909,False
2008-07-18 06:00:00+00:00,,0.0347171579293538,0.088487114390519,1.2623422469662369,0.2114635151637997,,0.0636436885677483,False
2008-07-18 06:30:00+00:00,,0.1352650641019214,0.2425709061389761,1.5911365014818062,0.2717117597924024,,0.02454731095666366,True
2008-07-18 07:00:00+00:00,,0.2880025344540947,0.3477836472633392,1.0051775631447013,0.2411892166715316,,0.0,False
2008-07-18 07:30:00+00:00,,0.4251694905195516,0.539511828268626,1.1575967618816532,0.2411892166715316,,0.0908770451749909,False
2008-07-18 08:00:00+00:00,,0.730883414577438,1.0676802359170945,2.1860145987597863,0.4349350272127428,,0.1198536349523896,False
2008-07-18 08:30:00+00:00,,1.8481850539536349,2.9232777155626546,3.3284200030512983,0.9679366545841044,,0.7696472202393696,False
2008-07-18 09:00:00+00:00,,2.6808449950695348,4.021765310018988,3.185461129402811,1.4519249071453657,,1.247303263575157,False
2008-07-18 09:30:00+00:00,,2.919706358516701,4.2423932676652925,2.636489611847613,1.8862480948260167,,1.401914057819987,False
2008-07-18 10:00:00+00:00,,2.4490575728118973,3.525102674723315,1.05534840260754,1.4985174019123657,,1.0010118220912692,False
2008-07-18 10:30:00+00:00,,1.4940618680345326,2.184279728646618,1.2623422469662369,1.1377613505439044,,0.473238218886804,False
2008-07-18 11:00:00+00:00,,1.1626080060739572,1.5180103405805507,0.6726210934619268,0.885777798103794,,0.4337893239072299,False
2008-07-18 11:30:00+00:00,,1.07221415787612,1.2624289727907023,1.2096604489514255,0.8055138781265184,,0.3203393978984533,False
2008-07-18 12:00:00+00:00,,1.301824897154028,1.5180103405805507,1.5911365014818062,0.8055138781265184,,0.2491782109729506,False
2008-07-18 12:30:00+00:00,,1.6936919688726038,2.06814789028611,1.4240436143645483,0.9266234174730612,,0.5134533204082716,False
2008-07-18 13:00:00+00:00,,2.392215476424412,4.094785834159752,3.846965573560572,1.4985174019123657,,1.4359202566743647,True
2008-07-18 13:30:00+00:00,0.0178526099676338,3.8118358206369,6.62679623831328,5.05559475669618,2.516804386237566,,2.3089043939307228,False
2008-07-18 14:00:00+00:00,0.0990204261613203,3.946490979834708,6.447092711416164,4.314245256963324,2.8538600291381955,,2.4940429888565627,False
2008-07-18 14:30:00+00:00,0.3897960490989323,4.221292210637184,7.086479903929836,6.029889345055584,3.571658728398119,,2.4940429888565627,False
2008-07-18 15:00:00+00:00,0.9403428209929596,4.940838834081336,8.97551432407098,8.87626873666332,4.41611164054656,,2.620087539145171,False
2008-07-18 15:30:00+00:00,1.667138627291285,6.687993684158605,9.1286633765925,8.727831811803204,5.796759988292472,,2.7545049191077777,False
2008-07-18 16:00:00+00:00,2.024993364337242,7.024365447345468,10.006565922891864,10.12323007758312,6.094705216776877,,2.6260506001827,False
2008-07-18 16:30:00+00:00,2.086686720972907,7.109719739629452,9.782853382154196,10.367150688657864,6.019574673790872,,2.5626117386188443,False
2008-07-18 17:00:00+00:00,2.339271989826325,7.195583368423548,9.452613066669,8.839778880568176,5.87060377588404,,2.690014934582082,False
2008-07-18 17:30:00+00:00,2.87223577696602,8.266596674278752,12.28100431865202,17.69512288265802,7.775236588885344,,2.4996982736775677,False
2008-07-18 18:00:00+00:00,2.66803474860441,7.109719739629452,9.561988524447647,14.157430053622273,6.870092935478112,,1.6193595786673465,False
2008-07-18 18:30:00+00:00,2.87223577696602,5.049480052498033,9.452613066669,20.249252334048457,6.79055573984526,,1.1994956586995291,False
2008-07-18 19:00:00+00:00,2.5347942869884776,4.548842028900324,9.1286633765925,17.350530516060335,6.950081343234851,,1.6193595786673465,False
2008-07-18 19:30:00+00:00,1.7253070539054118,4.689633253553208,8.396617036366944,7.965408586864608,6.554631658212684,,1.4577550627751965,False
2008-07-18 20:00:00+00:00,1.609565168217186,4.4098314467217845,7.502679543107376,8.952497553049236,5.012210478440412,,1.6743165350715612,False
2008-07-18 20:30:00+00:00,1.1708052986558988,3.422969057526631,4.040420469173676,3.945271604948856,3.896427453585696,,1.785848759369406,False
2008-07-18 21:00:00+00:00,0.3025418976727815,1.990798532847432,1.4721473212299143,2.31909736284972,2.3024257974967397,,0.6829831052917344,False
2008-07-18 21:30:00+00:00,0.1274843753958168,1.9389862290201196,1.9625851973953763,0.3697935884941535,1.8050469277396284,,0.2848760635153168,False
2008-07-18 22:00:00+00:00,0.0409974307842517,1.735994677879242,2.253002377641023,,1.757406427322562,0.1611199900095062,,False
2008-07-18 22:30:00+00:00,0.0409974307842517,1.9389862290201196,2.3126069842708463,,1.9014786436657285,3.156298194655977,,True
2008-07-18 23:00:00+00:00,0.2288653015533073,1.9389862290201196,2.433332845187424,0.0347077530580826,1.8530713465359407,6.151476399302449,,False
2008-07-18 23:30:00+00:00,0.1937491228174928,1.4919354968510123,1.9060289364649283,,1.4347828773303768,,,False
2008-07-19 00:00:00+00:00,0.1599108078625812,1.0805214086875152,1.07221415787612,,0.6240219927338448,,,False
2008-07-19 00:30:00+00:00,0.4206555860072508,0.8271914445376776,0.5824594918334952,,0.3526432681894167,,,False
2008-07-19 01:00:00+00:00,0.9170339335095744,0.7866941218803828,0.4239383344730784,,0.2906557803013918,0.4114151338393476,,False
2008-07-19 01:30:00+00:00,1.1708052986558988,0.7467083331019307,0.3131011769234742,,0.1751998323724113,0.2274767578491829,,False
2008-07-19 02:00:00+00:00,1.2767995646472745,0.6683062960654884,0.2102610172001889,,0.2906557803013918,0.1611199900095062,,False
2008-07-19 02:30:00+00:00,1.2767995646472745,0.62990962509717,0.1469545509863757,,0.2906557803013918,,,False
2008-07-19 03:00:00+00:00,1.1708052986558988,0.5547814395941773,0.0622245731881885,0.0890768654121412,0.3526432681894167,,,False
2008-07-19 03:30:00+00:00,1.0165835159795376,0.3773608712113788,,0.1514174757834117,0.1483812837576961,,,False
2008-07-19 04:00:00+00:00,0.7727918734849608,0.1586708516548396,,0.4507264195126343,0.0133809675886918,,,False
2008-07-19 04:30:00+00:00,0.590479846868466,0.131001861342681,,0.6227097066083305,0.0,,,False
2008-07-19 05:00:00+00:00,0.0,0.0,,1.052801397946645,0.0133809675886918,,,False
2008-07-19 05:30:00+00:00,,0.1873676679791886,,0.6227097066083305,0.2028943798612855,,,False
2008-07-19 06:00:00+00:00,,0.5547814395941773,0.349218445195854,1.052801397946645,0.6240219927338448,,,False
2008-07-19 06:30:00+00:00,,2.2022777385165133,3.001604967039114,3.3446855100505246,1.2591114347638297,,,False
2008-07-19 07:00:00+00:00,,4.619014338488652,4.337160033283164,6.938330305983625,2.3024257974967397,0.2274767578491829,,False
2008-07-19 07:30:00+00:00,,6.1184133487259285,8.916135776895672,8.506233204076548,4.212704253069396,1.998482016120772,,False
2008-07-19 08:00:00+00:00,0.0966526291481698,9.023808366115489,7.794894874390632,7.965408586864608,4.739282553137796,5.02958033305452,,False
2008-07-19 08:30:00+00:00,0.0966526291481698,10.021570966211256,8.810891370865944,7.965408586864608,5.7233417262061685,5.707987241854752,,False
2008-07-19 09:00:00+00:00,0.503914994798598,6.60515036279904,6.935073725331503,10.367150688657864,5.2211924765208,4.15732679849826,,False
2008-07-19 09:30:00+00:00,0.6349394299671216,10.43727959653812,9.235954699330357,14.157430053622273,4.605243373942128,4.006070875826856,,False
2008-07-19 10:00:00+00:00,1.2767995646472745,11.520012743910613,10.93061709096156,15.698349416768076,4.806906363674136,5.6211071238742685,,False
2008-07-19 10:30:00+00:00,1.4962147691481469,10.021570966211256,10.695149700142249,17.01075955539618,6.019574673790872,,,False
2008-07-19 11:00:00+00:00,1.8434188799648423,9.023808366115489,12.028346076944844,21.225357152178624,6.870092935478112,,,False
2008-07-19 11:30:00+00:00,1.2767995646472745,6.60515036279904,9.672067187185068,11.638101037002984,5.151120803211852,6.242012244897336,,False
2008-07-19 12:00:00+00:00,0.3025418976727815,4.4098314467217845,5.9507468537067,7.754252179755636,4.672061984624724,3.282848239818751,,False
2008-07-19 12:30:00+00:00,0.5467975049108483,5.496365156984676,6.7507609278159,4.584041800342632,4.874934726455148,4.006070875826856,,False
2008-07-19 13:00:00+00:00,0.2733987524554241,3.2371998988929844,3.681273180673404,2.5138141925039066,3.711333569967,1.9399065940087885,,True
2008-07-19 13:30:00+00:00,0.0,4.070022981953652,5.278799306768616,4.420715946999372,4.472807020899552,2.613837092715061,,False
2008-07-19 14:00:00+00:00,2.086686720972907,7.721600467488588,11.655382244838227,7.859465274532104,6.399569171551392,6.610383409159512,,False
2008-07-19 14:30:00+00:00,4.2878189235429,9.317038022030916,13.19130466224768,21.027303333857663,7.274587698146592,7.777076206164156,,False
2008-07-19 15:00:00+00:00,4.207963879730844,9.317038022030916,13.594158567455256,25.73837484066504,6.246265250690569,6.517350171432035,,False
2008-07-19 15:30:00+00:00,3.732264829571508,6.594513357851172,12.477396238252345,17.720142612980688,4.671092137022928,5.16345771693042,,False
2008-07-19 16:00:00+00:00,3.2883109646544613,6.85053290476818,11.595634552212264,26.794724924833385,5.595800064834708,3.754075464739404,,False
2008-07-19 16:30:00+00:00,3.732264829571508,6.6793303835254445,11.595634552212264,21.282447175093512,5.669954008048404,3.608672675695164,,False
2008-07-19 17:00:00+00:00,3.2883109646544613,4.28179650036462,10.173338379606024,14.76235460423772,5.669954008048404,3.608672675695164,,False
2008-07-19 17:30:00+00:00,1.4371369411386457,2.616774506494348,4.900141555115508,2.1984319631190887,3.206830612407462,2.5874014778097045,,False
2008-07-19 18:00:00+00:00,0.0675343899598118,0.649628803748952,1.4263916615262973,2.010839224765072,2.365470357626577,0.8652930407447869,,False
2008-07-19 18:30:00+00:00,0.13846786917629755,0.4603259429370864,0.9353643955088004,5.838428349601632,2.5811941215731147,0.7284011086902564,,True
2008-07-19 19:00:00+00:00,0.3402043967598688,1.3942087522342992,2.5675050425408066,14.917046091755797,4.535184557769264,1.6872991144187437,,False
2008-07-19 19:30:00+00:00,1.3276882266022585,3.1589660269223963,5.893316792990964,3.1436822423420137,6.674652519520068,1.3617133037052949,,False
2008-07-19 20:00:00+00:00,1.1162150581539385,3.035384547564582,6.784285334982624,9.612706419772092,5.819583557456928,2.152236178833524,,False
2008-07-19 20:30:00+00:00,1.3276882266022585,2.675252666480447,4.900141555115508,4.864804082599248,4.947939101019852,3.0488749072445054,,False
2008-07-19 21:00:00+00:00,0.866311400316978,1.7412005188716948,3.913268425725781,0.3633356256687648,3.5070059793167245,2.6517148817322527,,False
2008-07-19 21:30:00+00:00,0.2283641000246581,1.0700891175554963,3.0151951995553703,0.75529110628575,2.312520360329988,1.973810619296701,,False
2008-07-19 22:00:00+00:00,0.2645749416835303,0.9818533181200032,2.444170757776909,0.0289596444177281,1.853699373522436,,,False
2008-07-19 22:30:00+00:00,0.4197261073719491,1.2061274350400388,2.6928723446851897,0.285917114227631,1.9528910801651231,,,False
2008-07-19 23:00:00+00:00,0.5027975349689808,1.2061274350400388,2.5675050425408066,0.0825413980112899,1.0762274060080956,,,False
2008-07-19 23:30:00+00:00,0.3402043967598688,1.0700891175554963,2.3832661093581526,,0.715139224413354,,,False
2008-07-20 00:00:00+00:00,0.4197261073719491,0.8532939164187996,1.971201725987652,,0.911140208820594,,,False
2008-07-20 00:30:00+00:00,0.4608355832963819,0.7701958589667877,1.914382264421329,0.7085947422816503,1.3369378016847169,,,False
2008-07-20 01:00:00+00:00,0.5455827624351492,0.8956327267738693,1.914382264421329,0.4445937226686779,1.0762274060080956,,,False
2008-07-20 01:30:00+00:00,0.3402043967598688,0.7294532838850261,1.4263916615262973,0.2127860626289353,0.6033972573892908,,,False
2008-07-20 02:00:00+00:00,0.159561854185748,0.4603259429370864,0.8893924096619412,,0.3295110444318745,,,False
2008-07-20 02:30:00+00:00,0.0409085970337684,0.2551372338087691,0.4643974015743564,,0.2080335719862662,,,False
2008-07-20 03:00:00+00:00,0.0173902674913154,0.1350073527844197,0.2111255615851145,,0.1521286769281554,,,False
2008-07-20 03:30:00+00:00,0.0409085970337684,0.0147343596133297,0.0624783073599374,,0.125608363636613,,,False
2008-07-20 04:00:00+00:00,0.0,0.0,0.0,,0.0,,,False
2008-07-20 04:30:00+00:00,,0.0147343596133297,0.0,0.3241222366028119,,,,True
2008-07-20 05:00:00+00:00,,0.3544395466995274,0.0,0.285917114227631,,,,False
2008-07-20 05:30:00+00:00,,0.8956327267738693,0.7115729800919652,1.0502177715111742,0.5315003683028208,,,False
2008-07-20 06:00:00+00:00,,1.7925882797778263,2.444170757776909,2.072780900865961,1.204660860488604,,,False
2008-07-20 06:30:00+00:00,,3.605524309391292,5.06008291634208,3.812367976410708,2.20779900377361,,,False
2008-07-20 07:00:00+00:00,0.0409085970337684,4.709643523806384,6.15442258587222,5.297678938548504,3.147985129925711,,,False
2008-07-20 07:30:00+00:00,0.2283641000246581,7.647329738275992,10.752670932540337,9.26081214483708,4.671092137022928,,,False
2008-07-20 08:00:00+00:00,0.2283641000246581,10.207821522640032,9.834564350477232,9.851383069197407,4.947939101019852,,,False
2008-07-20 08:30:00+00:00,0.0964424611338332,8.488774912708799,10.173338379606024,10.967111135053129,5.744547925227576,,,False
2008-07-20 09:00:00+00:00,0.866311400316978,6.343170028564751,8.751374483671224,15.072822751800889,4.671092137022928,,,False
2008-07-20 09:30:00+00:00,1.663281856837206,10.314493320893256,10.402841666347308,16.86051147163993,3.94403890871898,,,False
2008-07-20 10:00:00+00:00,2.206613883257345,10.52975974427489,11.843527980829174,22.097057568745537,4.1374000584054,,,False
2008-07-20 10:30:00+00:00,2.3981780379820896,9.175477508215597,11.595634552212264,27.52879939519428,5.160021652234548,,,False
2008-07-20 11:00:00+00:00,2.206613883257345,7.023843368337816,11.843527980829174,24.24200871039516,5.595800064834708,,,False
2008-07-20 11:30:00+00:00,1.9592969555427264,5.934483011037564,12.221398478102255,22.513431479066785,4.80867331076082,,,False
2008-07-20 12:00:00+00:00,2.5287718242992003,9.891606780284112,13.132014800955227,,5.231570848853868,,,False
2008-07-20 12:30:00+00:00,2.14391488070862,9.787456474558992,13.399834530704688,,6.279174129920292,,,False
2008-07-20 13:00:00+00:00,1.8989213614059133,7.199282207121517,12.867631491423277,,6.124178965647924,,,False
2008-07-20 13:30:00+00:00,1.9592969555427264,7.3768703743725474,12.9993965848665,,6.04735854424416,,,False
2008-07-20 14:00:00+00:00,1.9592969555427264,6.096438761677309,13.265492105963016,,6.04735854424416,,,False
2008-07-20 14:30:00+00:00,2.020255305024643,7.556629345999775,13.945978341080387,,5.160021652234548,,,False
2008-07-20 15:00:00+00:00,2.206613883257345,7.199282207121517,12.348985240092384,,5.0182072942626,,,False
2008-07-20 15:30:00+00:00,2.5285450693513,5.19963053737338,11.58425062823988,,3.733284025603584,,,False
2008-07-20 16:00:00+00:00,2.593446618114677,4.741406279870544,9.528389659717345,,3.3536579356266225,,,False
2008-07-20 16:30:00+00:00,2.9945144561458785,4.301081668252332,9.077648584584493,,3.169577415222036,,,False
2008-07-20 17:00:00+00:00,2.858602329203638,3.021098233037368,8.966835725907636,,3.23051496519569,,,False
2008-07-20 17:30:00+00:00,2.593446618114677,3.878299489817304,8.856762529227481,,3.54155286647578,,,False
2008-07-20 18:00:00+00:00,2.2744878295156887,2.7125012657638186,8.317333999445076,,3.605035827770892,,,False
2008-07-20 18:30:00+00:00,1.9694336824654413,2.3575237298113465,7.094482454600568,24.555856403144304,2.6400604930141105,,,False
2008-07-20 19:00:00+00:00,1.5106148382304332,2.7732900422962112,6.332939943191208,17.395076087344513,2.6400604930141105,,,False
2008-07-20 19:30:00+00:00,0.6623228531918771,2.473991712059177,4.685267088459324,10.06311923223174,2.144474631263077,,,False
2008-07-20 20:00:00+00:00,0.0941841636215698,2.07449630848944,3.754862282628828,8.539942053618324,1.8838515069627555,,,False
2008-07-20 20:30:00+00:00,,1.153767959319888,2.3837853950946686,5.787743823743615,1.394638907786262,,,False
2008-07-20 21:00:00+00:00,,1.2007617397983432,1.6109383721577806,3.158467058203981,1.2112264561184172,,,False
2008-07-20 21:30:00+00:00,,1.0158687415693044,1.838722611987155,0.2059041158414643,0.866528071255098,,,False
2008-07-20 22:00:00+00:00,0.0,0.5915906320699296,1.6109383721577806,0.21408101075431668,0.2783349751519904,,,True
2008-07-20 22:30:00+00:00,0.1558125856464318,0.8394069987801216,2.0154326816561543,0.2419410918250947,0.8256081013242264,,,False
2008-07-20 23:00:00+00:00,0.5750525152524564,1.0613163640816765,2.075445681944166,0.996394606091388,0.9079433757228456,,,False
2008-07-20 23:30:00+00:00,0.37049160875355,0.4387161604614911,1.1828378313080676,0.105985997062934,0.4810534061134752,,7.575486301999728,False
2008-07-21 00:00:00+00:00,0.4907957295744684,0.1112482840996929,0.5290763631352415,0.0032117396305444,0.3431666716792779,,0.5167302053322924,False
2008-07-21 00:30:00+00:00,0.7070401960097364,0.1689961566800685,0.7024134352083732,0.4805440026180516,0.866528071255098,,0.7299294302140417,False
2008-07-21 01:00:00+00:00,1.0889460455034887,0.402195599199702,1.1828378313080676,1.4243365674934416,0.9498474247630968,,0.6425620433284212,False
2008-07-21 01:30:00+00:00,0.7985605410010584,0.2637066980261959,0.61428921304437,0.2791534055850792,0.3766517883306756,,0.3595701118136515,False
2008-07-21 02:00:00+00:00,0.4498547686899264,0.0843624473782755,0.3300011991034146,0.2419410918250947,0.2166024709404291,,0.1512661395680978,False
2008-07-21 02:30:00+00:00,0.5325366740127948,0.1395130093891578,0.4070939794431695,0.4383876801418632,0.2166024709404291,,0.064040941154215,False
2008-07-21 03:00:00+00:00,0.4498547686899264,0.0590885051813463,0.1548176540410209,,0.0335674604019245,,0.064040941154215,False
2008-07-21 03:30:00+00:00,0.4498547686899264,0.0,0.016877630366201,,0.0,,0.064040941154215,False
2008-07-21 04:00:00+00:00,0.4097424195013752,0.0,0.0,0.1711406201139205,0.0553973449479152,,0.0,False
2008-07-21 04:30:00+00:00,0.2583256196639391,0.0152222056780739,0.0,0.5235648674316443,0.0790845897584977,,,False
2008-07-21 05:00:00+00:00,0.1242228418532301,0.1112482840996929,0.1234309937537257,0.996394606091388,0.2166024709404291,,,False
2008-07-21 05:30:00+00:00,0.0941841636215698,0.7128660599132076,0.9830485221046128,1.8925014989243767,0.628713204599376,,,False
2008-07-21 06:00:00+00:00,0.0941841636215698,1.153767959319888,1.4460511951455013,1.653518639714436,0.8256081013242264,,0.0164937097743785,False
2008-07-21 06:30:00+00:00,0.0941841636215698,1.5436716442844003,1.8970697440800075,1.5952968993549386,0.9498474247630968,,0.2164510682425173,False
2008-07-21 07:00:00+00:00,0.1558125856464318,1.5436716442844003,1.838722611987155,0.945869609668266,1.078433684070505,,0.5579546679003528,False
2008-07-21 07:30:00+00:00,0.1887750569137647,0.8827094301896269,1.0817176856460553,0.4805440026180516,0.785190633199092,,0.5579546679003528,False
2008-07-21 08:00:00+00:00,0.1887750569137647,0.3664019406921804,0.4070939794431695,0.2791534055850792,0.5170966438100256,,0.3976431767966232,False
2008-07-21 08:30:00+00:00,0.1887750569137647,0.1112482840996929,0.0655367510632762,0.3568056694998739,0.4810534061134752,,0.3595701118136515,False
2008-07-21 09:00:00+00:00,0.37049160875355,0.1395130093891578,0.1548176540410209,0.4383876801418632,0.553730955668352,,0.5999050114663608,False
2008-07-21 09:30:00+00:00,0.6623228531918771,0.1995799425996571,0.2566674964357707,0.137777562207432,0.553730955668352,,0.9124974626492628,False
2008-07-21 10:00:00+00:00,0.9895938583298796,0.2311739997020784,0.3300011991034146,0.3971288437554852,0.5170966438100256,,2.638050794626136,False
2008-07-21 10:30:00+00:00,1.2950171786467153,0.3313651189471668,0.2566674964357707,0.8468898757494409,0.5170966438100256,,2.964744019376327,False
2008-07-21 11:00:00+00:00,1.4016436386551965,0.2971198230084374,0.2566674964357707,1.0994673687451777,0.553730955668352,,2.4483862728273524,False
2008-07-21 11:30:00+00:00,1.4016436386551965,0.2971198230084374,0.1875675576491222,1.0994673687451777,0.553730955668352,,1.8506407732355628,False
2008-07-21 12:00:00+00:00,1.4016436386551965,0.3664019406921804,0.1548176540410209,0.996394606091388,0.553730955668352,,1.681746952080395,False
2008-07-21 12:30:00+00:00,1.348035268214556,0.3664019406921804,0.0935848290588339,0.945869609668266,0.553730955668352,,1.5718652914167792,False
2008-07-21 13:00:00+00:00,1.2425939549601228,0.3664019406921804,0.0655367510632762,1.0475967304501848,0.59094105756741,,1.626533172499021,False
2008-07-21 13:30:00+00:00,1.2425939549601228,0.402195599199702,0.1234309937537257,1.1519986826357602,0.628713204599376,,1.7375042253442214,False
2008-07-21 14:00:00+00:00,1.2950171786467153,0.402195599199702,0.0935848290588339,0.996394606091388,0.59094105756741,,1.681746952080395,False
2008-07-21 14:30:00+00:00,1.348035268214556,0.4387161604614911,0.0397006111854277,1.0994673687451777,0.59094105756741,,1.7375042253442214,False
2008-07-21 15:00:00+00:00,1.348035268214556,0.402195599199702,0.016877630366201,1.0475967304501848,0.553730955668352,,1.5718652914167792,False
2008-07-21 15:30:00+00:00,0.2366296127412721,0.5117972106479688,0.515633708511396,0.56176584062589,0.2512772208811246,,1.1663872016513868,False
2008-07-21 16:00:00+00:00,0.2366296127412721,0.5117972106479688,0.4752443726290836,0.6066739763741952,0.2202945709706812,,1.1154149989673687,False
2008-07-21 16:30:00+00:00,0.2366296127412721,0.4740513645144887,0.43562508479262,0.6066739763741952,0.1902017225591528,,1.065058276579668,False
2008-07-21 17:00:00+00:00,0.2366296127412721,0.43698027988521,0.3968037227112048,0.6523852689717228,0.1610671682221207,,0.9662194198816848,False
2008-07-21 17:30:00+00:00,0.2003100552313696,0.43698027988521,0.3216880931990817,0.4321071806020919,0.1060445850863619,,0.8227718851817447,False
2008-07-21 18:00:00+00:00,0.2366296127412721,0.364956832744146,0.2502237270959269,0.4321071806020919,0.0804223362703975,,0.7762779866531628,False
2008-07-21 18:30:00+00:00,0.2741687152642958,0.3300602883107644,0.2159980088827701,0.2723222481864055,0.0563329840059302,,0.7762779866531628,False
2008-07-21 19:00:00+00:00,0.2741687152642958,0.3300602883107644,0.1828745293961858,0.4744544057914464,0.0804223362703975,,0.7304643140795244,False
2008-07-21 19:30:00+00:00,0.2366296127412721,0.2626715999419358,0.150950593552411,0.4321071806020919,0.0804223362703975,,0.6409327380261408,False
2008-07-21 20:00:00+00:00,0.2003100552313696,0.2302680429138107,0.0912551305016854,0.5176839258915336,0.1060445850863619,,0.5543034995495988,False
2008-07-21 20:30:00+00:00,0.0699565057038144,0.1987990440026897,0.0639080254085864,0.3502028808910886,0.0804223362703975,,0.47073495234033,False
2008-07-21 21:00:00+00:00,0.0,0.1683359727833026,0.0639080254085864,0.1642086509564214,0.0804223362703975,,0.47073495234033,False
2008-07-21 21:30:00+00:00,0.0,0.1987990440026897,0.0912551305016854,0.0992408955857625,0.0804223362703975,,0.4301595663789096,True
2008-07-21 22:00:00+00:00,0.0,0.1683359727833026,0.1203531186834453,0.0992408955857625,0.0804223362703975,,,False
2008-07-21 22:30:00+00:00,0.0180117050063532,0.1683359727833026,0.0912551305016854,0.0992408955857625,0.0804223362703975,,,False
2008-07-21 23:00:00+00:00,0.0699565057038144,0.1389688648830421,0.0912551305016854,0.1309044869211585,0.0804223362703975,,,False
2008-07-21 23:30:00+00:00,0.0999076723097983,0.1108150671939861,0.0639080254085864,0.1309044869211585,0.0,,,False
2008-07-22 00:00:00+00:00,0.0999076723097983,0.1108150671939861,0.0387156248596015,0.0694904631662905,0.0563329840059302,,,False
2008-07-22 00:30:00+00:00,0.1317856070662794,0.0840344466071667,0.0387156248596015,0.0420913373479369,0.0804223362703975,,,False
2008-07-22 01:00:00+00:00,0.1317856070662794,0.0356617729793627,0.0387156248596015,0.0178921443669905,0.0804223362703975,,,False
2008-07-22 01:30:00+00:00,0.1317856070662794,0.0151633008865063,0.0164595924404028,0.0694904631662905,0.1329772793319396,,,False
2008-07-22 02:00:00+00:00,0.1317856070662794,0.0151633008865063,0.0164595924404028,0.0,0.1329772793319396,,,False
2008-07-22 02:30:00+00:00,0.2366296127412721,0.0,0.0,0.0420913373479369,0.0563329840059302,,,False
2008-07-22 03:00:00+00:00,0.3933403087240332,0.0,0.0,0.0420913373479369,0.0563329840059302,,,False
2008-07-22 03:30:00+00:00,0.565624456788438,0.0,0.0164595924404028,0.0992408955857625,0.0563329840059302,,,False
2008-07-22 04:00:00+00:00,0.94908673881684,0.1108150671939861,2.5053768419432325,0.56176584062589,0.1329772793319396,,,False
2008-07-22 04:30:00+00:00,1.3220264014065397,0.2959517098310638,2.894238142948104,0.9933822450426132,0.2202945709706812,,,True
2008-07-22 05:00:00+00:00,1.9722320708886176,0.550197644800572,3.0246863368529664,1.2036467261956607,0.2512772208811246,,,False
2008-07-22 05:30:00+00:00,2.559989354464231,0.7100133502133303,2.0786835023945027,1.2578731859944692,0.3156986638584936,,,False
2008-07-22 06:00:00+00:00,2.837096848049364,0.5117972106479688,0.864042270097662,1.4244372028569132,0.4178782750674672,,,False
2008-07-22 06:30:00+00:00,3.123987508173621,0.43698027988521,0.8181785483857836,1.2578731859944692,0.4532968050883056,,,False
2008-07-22 07:00:00+00:00,3.496436422262831,0.4006067739865452,0.7729497173585519,1.097171859914244,0.4532968050883056,,,False
2008-07-22 07:30:00+00:00,4.206097289490876,0.4740513645144887,0.864042270097662,1.097171859914244,0.3831217823271708,,,False
2008-07-22 08:00:00+00:00,4.967429522912388,0.6691562786954052,0.7729497173585519,1.6554103587409894,0.3490523444544926,,,False
2008-07-22 08:30:00+00:00,5.3228522398419,0.4740513645144887,0.6411914445951792,1.896333019081243,0.3490523444544926,,,False
2008-07-22 09:00:00+00:00,5.78228130650556,0.4006067739865452,0.5986276145203859,1.7746391540078028,0.3490523444544926,,,False
2008-07-22 09:30:00+00:00,6.356362030603596,0.3300602883107644,0.556768648689786,1.9580989732552043,0.3156986638584936,,,False
2008-07-22 10:00:00+00:00,6.652941540227676,0.2626715999419358,0.3968037227112048,2.083460304801377,0.2830939810737213,,,False
2008-07-22 10:30:00+00:00,6.454506463192187,0.1389688648830421,0.2502237270959269,1.896333019081243,0.2202945709706812,,,False
2008-07-22 11:00:00+00:00,6.356362030603596,0.1987990440026897,0.3216880931990817,0.6066739763741952,0.1329772793319396,,,False
2008-07-22 11:30:00+00:00,6.356362030603596,0.2959517098310638,0.3968037227112048,0.2723222481864055,0.1060445850863619,,,False
2008-07-22 12:00:00+00:00,6.066175338649187,0.2959517098310638,0.3968037227112048,0.6988792778336809,0.1060445850863619,,,False
2008-07-22 12:30:00+00:00,5.78228130650556,0.3300602883107644,0.3216880931990817,0.2723222481864055,0.0804223362703975,,,False
2008-07-22 13:00:00+00:00,5.3228522398419,0.3300602883107644,0.2854746156025595,0.7461377980019748,0.1329772793319396,,,False
2008-07-22 13:30:00+00:00,4.7936916782645405,0.3300602883107644,0.515633708511396,1.5386676945760476,0.3490523444544926,,,False
2008-07-22 14:00:00+00:00,4.288108306137084,1.102787683206498,1.7898177809169973,2.957326903347102,0.9238857643959768,,,False
2008-07-22 14:30:00+00:00,3.051345453865092,2.4052936483008147,3.297041786001492,3.470263500949463,1.1871811843668936,,,False
2008-07-22 15:00:00+00:00,1.8483734087475516,3.5236914696868467,6.415229130191676,4.5030998986263,2.1297458415120443,,,False
2008-07-22 15:30:00+00:00,1.928487373482092,4.176842729576364,10.100723168472552,7.860782697449796,2.9954375831676137,,,False
2008-07-22 16:00:00+00:00,2.381722445841048,4.392933782580684,10.100723168472552,5.22645508109286,3.1761252434114065,,,False
2008-07-22 16:30:00+00:00,2.2491186281731803,4.320413278873236,9.871321071175128,8.971561205567136,3.74111464996512,,,False
2008-07-22 17:00:00+00:00,2.2491186281731803,4.687954642144476,9.985647515823684,10.286289778002372,4.070022981953652,,,False
2008-07-22 17:30:00+00:00,1.39107053350494,3.89554200069624,6.956532230052059,4.623783676769448,3.115473688557677,,,False
2008-07-22 18:00:00+00:00,0.2021280374184278,1.864278754427682,3.2894000248027933,2.6516416246344,1.836636688919293,,,False
2008-07-22 18:30:00+00:00,0.0181733883059912,1.5500831093475336,3.152505230601476,3.0704498803294413,1.836636688919293,,,False
2008-07-22 19:00:00+00:00,,1.5500831093475336,3.2894000248027933,2.516804386237566,1.990798532847432,,,False
2008-07-22 19:30:00+00:00,,0.6745442014189008,1.352770658816508,0.9842643532968516,1.258853284137924,,,False
2008-07-22 20:00:00+00:00,,0.4778373837315132,0.8164242364717331,0.8841856189745808,1.037098643140015,,,False
2008-07-22 20:30:00+00:00,,0.2982963189093876,0.395967474878184,0.6925354722001728,0.8271914445376776,,,False
2008-07-22 21:00:00+00:00,,0.2647492123509882,0.3210124618718604,0.2698950917165105,0.7072426122558697,,,False
2008-07-22 21:30:00+00:00,,0.2320864370570523,0.3210124618718604,0.307958250656749,0.7467083331019307,,,False
2008-07-22 22:00:00+00:00,0.0181733883059912,0.1400610276849056,0.2496999773056755,0.4701870628274699,0.7467083331019307,,,False
2008-07-22 22:30:00+00:00,0.0427541738954457,0.08469277577451,0.1506362384766261,0.307958250656749,0.62990962509717,,,False
2008-07-22 23:00:00+00:00,0.0,0.0152815264967286,0.0164256027926871,0.387175635645174,0.4464598103750484,,,False
2008-07-22 23:30:00+00:00,0.1008094321280264,0.0,0.0,0.0983643137119094,0.1044716331922599,,,False
2008-07-23 00:00:00+00:00,0.2387811912000094,0.0152815264967286,0.0164256027926871,0.1627529949645926,0.0792312314115492,,,False
2008-07-23 00:30:00+00:00,0.2021280374184278,0.0152815264967286,0.1824930472661712,0.0,0.0,,,False
2008-07-23 01:00:00+00:00,0.1668135811381714,0.1400610276849056,0.395967474878184,0.0,0.0143004782110596,,,False
2008-07-23 01:30:00+00:00,0.3558099491452829,0.1696610479667537,0.395967474878184,0.2698950917165105,0.1044716331922599,,0.0412660414258783,False
2008-07-23 02:00:00+00:00,0.396943408589004,0.2003664182456246,0.5973551386515684,0.2698950917165105,0.1044716331922599,,0.0,False
2008-07-23 02:30:00+00:00,0.5708445688199448,0.2320864370570523,0.9085714824561264,0.197198964011404,0.1044716331922599,,0.0972881414765463,False
2008-07-23 03:00:00+00:00,0.6164968899763944,0.2320864370570523,1.0513753699739292,0.0417208791433024,0.0554999103183096,,0.2303809353861195,False
2008-07-23 03:30:00+00:00,0.9069588040894164,0.2003664182456246,0.7829583956495496,0.197198964011404,0.0792312314115492,,0.3432252226058323,True
2008-07-23 04:00:00+00:00,1.115276822465033,0.2003664182456246,0.51454142132517,0.8351913972574835,0.3109660304176184,,1.1788622258629031,False
2008-07-23 04:30:00+00:00,1.169091786973986,0.1696610479667537,0.51454142132517,1.3005651480150169,0.3109660304176184,,1.2319238709321445,False
2008-07-23 05:00:00+00:00,1.0621475195650991,0.1116845801835962,0.395967474878184,1.2462190085941451,0.343811729136852,,0.8257518145836577,False
2008-07-23 05:30:00+00:00,1.334580238238562,0.08469277577451,0.3580574421664109,1.2462190085941451,0.343811729136852,,0.5504713114286484,False
2008-07-23 06:00:00+00:00,1.564453019441826,0.08469277577451,0.3210124618718604,1.4111648929304783,0.3109660304176184,,0.9730782815129964,False
2008-07-23 06:30:00+00:00,1.7436196215334043,0.0593195039076538,0.3210124618718604,1.2462190085941451,0.3109660304176184,,2.0393291061847294,False
2008-07-23 07:00:00+00:00,1.991366096196636,0.08469277577451,0.2848760635153168,1.1925158998670713,0.2475217615445089,,2.962859737867848,False
2008-07-23 07:30:00+00:00,2.183747295607928,0.08469277577451,0.2848760635153168,1.4674088760797952,0.1873676679791886,,4.15972545338088,False
2008-07-23 08:00:00+00:00,2.2491186281731803,0.0359402625673618,0.2496999773056755,1.5242765688039528,0.1873676679791886,,3.692994091070148,False
2008-07-23 08:30:00+00:00,2.1189973846341204,,0.1506362384766261,1.5817641860262528,0.131001861342681,,2.4867587227776946,False
2008-07-23 09:00:00+00:00,2.381722445841048,,0.1506362384766261,1.2462190085941451,0.0792312314115492,,2.6198629985001167,False
2008-07-23 09:30:00+00:00,2.6543626472325204,0.0,0.2155466652735845,0.7393525132228523,0.0792312314115492,,2.6872919956110204,False
2008-07-23 10:00:00+00:00,2.6543626472325204,0.0593195039076538,0.3580574421664109,0.4282278035895935,0.131001861342681,,3.033217064109593,False
2008-07-23 10:30:00+00:00,2.516804386237566,0.1696610479667537,0.4742393731942932,0.3470702485614645,0.131001861342681,,3.3938350795101098,False
2008-07-23 11:00:00+00:00,2.1189973846341204,0.2647492123509882,0.5973551386515684,0.6011873570991852,0.2170071512984811,,3.467732299693272,False
2008-07-23 11:30:00+00:00,1.7436196215334043,0.4037958815697468,0.9555702147255672,0.9338801728260492,0.343811729136852,,2.962859737867848,False
2008-07-23 12:00:00+00:00,1.804612101410484,1.253393940193506,2.193016853017494,1.139461889778882,0.7467083331019307,,3.846158749146636,False
2008-07-23 12:30:00+00:00,1.928487373482092,2.908799656135556,4.384526887749132,2.126582736212524,1.3973688213224364,,4.648405310683848,False
2008-07-23 13:00:00+00:00,2.381722445841048,3.5547558175863467,6.128825745855528,2.450278274954554,1.6370708559372864,,5.512997968954272,False
2008-07-23 13:30:00+00:00,2.585273992550136,3.161522627232189,6.128825745855528,2.92846082788553,1.6863172444709786,,5.072751298387476,False
2008-07-23 14:00:00+00:00,2.3151105585986254,2.195577437636286,4.461897768873228,2.450278274954554,1.3973688213224364,,3.769276339373328,False
2008-07-23 14:30:00+00:00,1.804612101410484,1.350309860261298,3.0177282346832737,1.8178501237863915,1.124412503462334,,2.6872919956110204,False
2008-07-23 15:00:00+00:00,1.6832604062137824,1.350309860261298,3.0848524129661907,2.384347302401094,1.3045767768609768,,2.101487587790393,False
2008-07-23 15:30:00+00:00,1.247116201110396,1.4522184693470663,3.489245783032356,1.967500548876967,1.5278514203456568,,2.885399351522421,False
2008-07-23 16:00:00+00:00,1.082455049776212,1.2081690435846708,3.0130132752618444,1.431158495585544,1.2491141590754316,,2.687061261859456,False
2008-07-23 16:30:00+00:00,0.7726183126842672,0.7171842695679936,1.9620666058093417,0.7020908107044768,0.8208908670092581,,2.2433025774577247,False
2008-07-23 17:00:00+00:00,0.62808147156465,0.4046003566364484,1.2603638326739222,0.2735507111244473,0.6251485339621188,,2.0017090140759,False
2008-07-23 17:30:00+00:00,0.6754498377008472,0.3333399809564552,1.2603638326739222,0.3517884788066823,0.7018805480735988,,1.8841995053716103,False
2008-07-23 18:00:00+00:00,0.7726183126842672,0.5169241435274388,1.6815167247777227,0.7978075218278209,0.9865295698758336,,1.7688957830946794,False
2008-07-23 18:30:00+00:00,0.8729144168089356,0.6759034826193252,1.9620666058093417,0.7020908107044768,0.9443950235229708,,1.6558123821345323,False
2008-07-23 19:00:00+00:00,0.7726183126842672,0.5557182393162636,1.626989135288706,0.476614489047732,0.7807112603652455,,1.4903910105998293,False
2008-07-23 19:30:00+00:00,0.5815508699841481,0.3333399809564552,1.3111018182974197,0.4340708353283832,0.7018805480735988,,1.124487672381281,False
2008-07-23 20:00:00+00:00,0.7236350029202149,0.2652732746877222,,0.5643329272306667,0.8208908670092581,,0.8810765988299101,False
2008-07-23 20:30:00+00:00,0.7236350029202149,0.478792461758058,,0.7978075218278209,1.0291376646908208,,0.9285134698124208,False
2008-07-23 21:00:00+00:00,0.3624202888284312,0.5557182393162636,,0.6553775646831888,0.741038323446756,,0.653720860456236,False
2008-07-23 21:30:00+00:00,0.2058551060498643,0.4046003566364484,,0.5643329272306667,0.4085026066729152,,0.2201384601001008,False
2008-07-23 22:00:00+00:00,0.1026578891687644,0.232545106958814,,0.1649453570541633,0.1574967890386094,0.1221313964086364,0.1226482464739762,False
2008-07-23 22:30:00+00:00,0.0435352124841487,0.059435617918078,,0.0,0.0,0.0,0.039450136994177,False
2008-07-23 23:00:00+00:00,0.1698837328920902,0.1403365020035641,,0.131490708887169,0.3412445967329616,0.2539464413110862,0.1863739841668675,False
2008-07-23 23:30:00+00:00,0.0,0.1699952740951006,,0.0996845134126093,0.2767807367121935,0.2539464413110862,0.1226482464739762,False
2008-07-24 00:00:00+00:00,0.0185047673281706,0.0153113442479804,,0.1649453570541633,0.1574967890386094,0.0926011628323307,0.0,False
2008-07-24 00:30:00+00:00,0.0435352124841487,0.0,,0.5200451898317712,0.550601029109682,0.2539464413110862,0.039450136994177,False
2008-07-24 01:00:00+00:00,0.1026578891687644,0.059435617918078,,0.8964771179773571,1.0291376646908208,,0.0651225671041996,False
2008-07-24 01:30:00+00:00,0.0718786574528342,0.1403365020035641,,0.7495729076619109,0.9027396045282924,,0.039450136994177,False
2008-07-24 02:00:00+00:00,0.0185047673281706,0.1699952740951006,,0.6094514336925168,0.8208908670092581,,0.0167713297084034,False
2008-07-24 02:30:00+00:00,0.0435352124841487,0.2988877376478315,,0.7495729076619109,0.9865295698758336,,0.0167713297084034,False
2008-07-24 03:00:00+00:00,0.0,0.3685891440370644,,0.7495729076619109,0.9865295698758336,,0.039450136994177,False
2008-07-24 03:30:00+00:00,0.0185047673281706,0.5169241435274388,,0.946886980765338,1.1597536647402804,,0.0929923709230443,False
2008-07-24 04:00:00+00:00,0.1698837328920902,0.9322177966494408,,1.431158495585544,1.5758329836838718,,0.2909658609498589,False
2008-07-24 04:30:00+00:00,0.1698837328920902,0.9322177966494408,,1.102290075377874,1.3865068718326512,,0.3278866846478702,False
2008-07-24 05:00:00+00:00,0.0718786574528342,0.63522325103292,,0.7978075218278209,1.1597536647402804,,0.1863739841668675,False
2008-07-24 05:30:00+00:00,0.0435352124841487,0.5557182393162636,,0.7978075218278209,1.11575429104752,,0.1226482464739762,False
2008-07-24 06:00:00+00:00,0.0718786574528342,0.7590537690272424,,0.9979987960181628,1.2042082093188564,0.9723123889413372,0.1226482464739762,False
2008-07-24 06:30:00+00:00,0.1354201192197784,0.976887443272554,,0.9979987960181628,1.2491141590754316,1.0698618873576384,0.1538341769917857,False
2008-07-24 07:00:00+00:00,0.1354201192197784,1.353099379433454,,1.2637746052028531,1.4331861022558428,1.324198384495135,0.2550285620504248,False
2008-07-24 07:30:00+00:00,0.0435352124841487,1.7613116938618738,,1.3189213334484324,1.6242444275847516,1.704400902398142,0.4044764022509411,False
2008-07-24 08:00:00+00:00,0.0435352124841487,2.20023828903154,,1.722884687151019,1.8726906892247603,1.8757069509297637,0.5676101292693996,False
2008-07-24 08:30:00+00:00,0.2058551060498643,2.9777282331836723,,2.486164443736046,2.3463568180306518,2.5457905780548806,0.8810765988299101,False
2008-07-24 09:00:00+00:00,0.2817868984784935,3.83492961700326,,3.4876724706700597,2.738044646631669,3.14270942130842,1.3829464773112643,False
2008-07-24 09:30:00+00:00,0.2431923720342966,4.1862102607563845,,3.1892947024889624,2.738044646631669,3.3514478642512584,1.71207550102365,False
2008-07-24 10:00:00+00:00,0.2058551060498643,3.97398507275556,,2.900728966038584,2.624060182483858,3.2117438977303605,1.826271090338238,False
2008-07-24 10:30:00+00:00,0.1354201192197784,3.69780432286176,,2.553738115686336,2.456193912827065,3.0062710205627834,1.71207550102365,False
2008-07-24 11:00:00+00:00,0.4472391326683536,4.549727501196876,,5.490078466332852,3.3329244998421683,3.932230887180973,2.121412907483525,False
2008-07-24 11:30:00+00:00,0.5358817102397976,5.715814864073472,,6.734933601039324,3.70996943319504,4.548723269789772,,False
2008-07-24 12:00:00+00:00,0.8223830992779193,6.9111697327146,,10.090740962987784,4.102312978339488,5.201878684841856,,False
2008-07-24 12:30:00+00:00,0.7726183126842672,6.13051967942676,,8.323834227563845,3.2106094866625425,4.870649364189408,3.728006893399932,False
2008-07-24 13:00:00+00:00,0.6754498377008472,4.925680087199904,,7.350174626862456,2.85368924246004,4.313298603386556,2.952601146502729,False
2008-07-24 13:30:00+00:00,0.5358817102397976,4.1862102607563845,,6.049981000502749,2.56769009055486,3.637425707976672,2.0017090140759,False
2008-07-24 14:00:00+00:00,0.404331875761374,4.114981088885952,,6.437124650891052,2.7956593163894508,3.4221193747752423,1.6001087996330208,False
2008-07-24 14:30:00+00:00,0.1698837328920902,3.3633743454698903,,2.093502957939868,1.5758329836838718,2.3565429936092013,1.71207550102365,False
2008-07-24 15:00:00+00:00,0.5107732929444397,2.9777282331836723,,4.033702360343304,2.1316670277860736,2.172158899939228,1.6001087996330208,True
2008-07-24 15:30:00+00:00,1.2124033745569955,4.951819772804628,,9.33301768959504,4.653119257332624,4.457331193027212,2.182084957403428,False
2008-07-24 16:00:00+00:00,2.2539346645628915,6.969222350434151,,15.614136919303668,6.604683070493125,5.569973921925504,2.885399351522421,False
2008-07-24 16:30:00+00:00,3.336471504610258,5.253672437868636,,10.575275686729343,4.85507132381988,4.609816144783236,3.157481860611854,False
2008-07-24 17:00:00+00:00,2.9824466860886583,3.95504576474238,,9.999682574163048,5.129992182134233,4.457331193027212,2.5575550249700805,False
2008-07-24 17:30:00+00:00,2.38125529377419,3.95504576474238,,5.8357647405973445,4.132063720062072,4.533308685625356,2.4302226963074074,False
2008-07-24 18:00:00+00:00,1.8857233692228816,3.4905893603623706,,5.165564647744188,3.5158149870178104,4.012496168137776,1.9426793181873805,False
2008-07-24 18:30:00+00:00,1.5383653697537856,3.3619594968022213,,5.8357647405973445,3.757693000536612,4.158684912466116,1.6558123821345323,False
2008-07-24 19:00:00+00:00,1.4825325706220305,3.621022348236732,,5.749990146768743,4.005723371555808,4.457331193027212,1.7688957830946794,False
2008-07-24 19:30:00+00:00,1.4825325706220305,3.753266152407444,,4.843962507543912,3.757693000536612,4.232560405855608,1.7688957830946794,False
2008-07-24 20:00:00+00:00,1.0074401494910856,3.2351258322112177,,3.715375249122336,2.9938361390425223,3.380135440683042,1.27780452944874,False
2008-07-24 20:30:00+00:00,0.7196523537803544,2.6864585463355954,,3.644387689538592,2.717042159658474,2.916736263164743,0.8342800361643059,False
2008-07-24 21:00:00+00:00,0.541967713939656,2.5115631333550668,,3.931488973750284,2.502357195037248,2.725672370516532,0.6103047021183468,False
2008-07-24 21:30:00+00:00,0.6293108995559856,2.3406571768296853,,2.33321597636625,2.191573803123112,2.6629855009218395,0.5256565877659212,False
2008-07-24 22:00:00+00:00,0.4169598786186696,1.7482889008292184,,1.979887061045693,1.798285189834087,2.121314217037585,,False
2008-07-24 22:30:00+00:00,0.2998980404725276,1.3518918203793338,,1.591230031222806,1.4294727909540863,1.7281736988646896,,False
2008-07-24 23:00:00+00:00,0.2268723642517058,1.1193921903321793,,1.3807507170151765,1.0859590901488716,1.3601593733943385,,False
2008-07-24 23:30:00+00:00,0.1920649522485193,0.6919639367409216,,0.4663360349022707,0.3201844385461903,0.7472276878651668,,False
2008-07-25 00:00:00+00:00,0.1920649522485193,0.3558099491452829,,0.1181346634198713,0.2896264903584517,0.7041695237646983,,False
2008-07-25 00:30:00+00:00,0.1920649522485193,0.1938552720958242,0.3499398733486165,0.7145739818507628,0.3832191469346832,0.5788403562915612,,False
2008-07-25 01:00:00+00:00,0.1920649522485193,0.1080720846339274,0.2106924857267396,0.7145739818507628,0.3201844385461903,0.4986467755567884,,False
2008-07-25 01:30:00+00:00,0.2268723642517058,0.057406696677824,0.1783900693710252,1.2285723751197588,0.3832191469346832,0.3111783563754864,,False
2008-07-25 02:00:00+00:00,0.2268723642517058,0.057406696677824,0.2106924857267396,1.3807507170151765,0.351390861105233,0.2420758023816268,,False
2008-07-25 02:30:00+00:00,0.2628436045175362,0.057406696677824,4.126395294082773,0.7145739818507628,0.2021789636352911,0.2420758023816268,,True
2008-07-25 03:00:00+00:00,0.4169598786186696,0.057406696677824,8.0132172343749,0.0,0.0,0.2089761696628019,,False
2008-07-25 03:30:00+00:00,0.541967713939656,0.0,0.0,1.7546621362837524,0.1220885037426304,0.0,,False
2008-07-25 04:00:00+00:00,0.2268723642517058,0.0147902747057437,0.0623512063563598,1.9228021779154567,0.2896264903584517,0.0,,False
2008-07-25 04:30:00+00:00,0.1263801120962051,0.1080720846339274,0.1783900693710252,1.7546621362837524,0.351390861105233,0.0159306219814611,,False
2008-07-25 05:00:00+00:00,0.0670971045467995,0.1938552720958242,0.3499398733486165,1.86623540665992,0.3832191469346832,0.0374693673151126,,False
2008-07-25 05:30:00+00:00,0.017278058922166,0.3218009490201686,0.7535113821630431,2.2133845558145304,0.5509645335073295,0.0618474558849076,,False
2008-07-25 06:00:00+00:00,0.0,0.7323186349172556,1.74322044919818,4.004581956364692,1.2117351396196403,0.3111783563754864,,False
2008-07-25 06:30:00+00:00,0.0670971045467995,1.799897946669079,3.4110408691866634,5.247357456300624,1.8943339289864904,1.0182320995232377,,False
2008-07-25 07:00:00+00:00,0.0958168990501106,2.7456436835234066,4.049806961584116,4.454328112692084,2.141090711722123,1.5147554720296894,,False
2008-07-25 07:30:00+00:00,0.0670971045467995,2.986823456845153,4.347312534778896,4.92353214419034,2.449622575646489,1.6204319592356844,,False
2008-07-25 08:00:00+00:00,0.1585232274953516,3.621022348236732,5.373691667756532,6.0965734433411525,2.9938361390425223,2.1794962847100985,,False
2008-07-25 08:30:00+00:00,0.1263801120962051,3.820069715882976,5.623800092597808,5.41262991483,2.8819920605862244,2.357051773851479,,False
2008-07-25 09:00:00+00:00,0.1920649522485193,4.16095022340756,6.405022385629344,6.0965734433411525,3.28003874306447,2.916736263164743,,False
2008-07-25 09:30:00+00:00,0.2268723642517058,3.95504576474238,5.879011034718611,5.247357456300624,3.050322386894039,2.916736263164743,,False
2008-07-25 10:00:00+00:00,0.0,2.7456436835234066,3.976749081117432,4.004581956364692,2.293667610721967,1.7828135698312546,,False
2008-07-25 10:30:00+00:00,,2.397182408250192,3.832204557949056,4.454328112692084,2.293667610721967,1.6740458189088587,,False
2008-07-25 11:00:00+00:00,,2.7456436835234066,4.123390625850636,4.378030022663712,2.3972626731982394,1.9497876990946883,,False
2008-07-25 11:30:00+00:00,,2.1189973846341204,3.140560860559366,3.4345578573490174,1.94292863710272,1.3601593733943385,,False
2008-07-25 12:00:00+00:00,,1.30443539842251,1.854023053141141,2.2133845558145304,1.4294727909540863,0.7041695237646983,,False
2008-07-25 12:30:00+00:00,,1.0743468586958953,1.423322547152184,1.6996590567551448,1.2117351396196403,0.5383958449343291,,False
2008-07-25 13:00:00+00:00,,1.2109498350023626,1.7983635508294669,3.2294032415432565,1.3851270596588257,0.5788403562915612,,False
2008-07-25 13:30:00+00:00,0.1920649522485193,2.805272438339577,4.968005374899504,6.634123275993408,2.66280887835981,2.539111982346432,,False
2008-07-25 14:00:00+00:00,0.860498182816974,5.101780349017728,8.418156039286668,7.578766454806836,3.696648832004688,5.653558758809088,,False
2008-07-25 14:30:00+00:00,1.8857233692228816,5.253672437868636,9.368363721949777,9.224394497606015,5.060652391012716,7.736188428397548,,False
2008-07-25 15:00:00+00:00,1.2652099117158275,4.441966492117643,8.0132172343749,8.796852063528732,5.340469707360576,6.34262749741026,,False
2008-07-25 15:30:00+00:00,0.6771238955899812,3.178203047819625,5.478674941370484,4.77832287079368,3.900295673861904,4.72558043707848,,False
2008-07-25 16:00:00+00:00,0.5878568240347393,3.30530743079195,5.648527889761212,6.073398061827696,4.026492447527304,4.803495706598832,,False
2008-07-25 16:30:00+00:00,0.4188003442156512,3.2415276140136,5.311132961435064,5.451938658680437,3.900295673861904,4.269273333699348,,False
2008-07-25 17:00:00+00:00,0.5016845581152516,3.697593055214904,5.734327403667059,5.714555031923291,4.1542721268738125,4.495041526092516,,False
2008-07-25 17:30:00+00:00,0.7228692797400073,4.24654581434778,6.624987507217115,5.026430921192784,4.2836430688992,5.120555339633004,,False
2008-07-25 18:00:00+00:00,1.0625173007590476,4.388475015504972,6.533205738495948,4.615875366546383,4.2836430688992,5.364078435904464,,False
2008-07-25 18:30:00+00:00,0.6321138110173117,3.4342359275889973,5.064109695302148,2.778420396187098,3.4709632952725764,4.344002344322244,,False
2008-07-25 19:00:00+00:00,0.2278648841994623,2.5115184215911297,3.7588157300547,2.202185606205388,2.946871883157592,3.550585880703352,,False
2008-07-25 19:30:00+00:00,0.1592142781308364,2.226531167491734,3.3353879081840567,1.8429073634515825,2.614737205750295,3.21046875492026,,False
2008-07-25 20:00:00+00:00,0.0673880555912436,1.899480738481344,2.735748693607378,1.342003508929908,2.2446194082510886,2.81900480532057,,False
2008-07-25 20:30:00+00:00,0.0673880555912436,1.6395057883831967,2.4208654867424926,0.9852215625884304,1.942301888476996,2.506592438401622,,False
2008-07-25 21:00:00+00:00,0.0673880555912436,1.4398850409979718,2.001906697720353,0.8416217822502239,1.4243565722925204,1.919395250357418,,False
2008-07-25 21:30:00+00:00,0.0408201115220157,1.1547470963276567,1.663281856837206,0.8416217822502239,0.7215202581600635,1.1346424965076212,,False
2008-07-25 22:00:00+00:00,0.0,0.802562276252754,1.0445914992851892,0.4079733376683851,0.4708227220474715,0.8102729480128776,,False
2008-07-25 22:30:00+00:00,0.0,0.6393611380122612,0.7663702072798764,0.3688947944008596,0.3396226042500523,0.6380643290346756,,False
2008-07-25 23:00:00+00:00,0.0,0.5231099217789648,0.6357616482728448,0.3688947944008596,0.1108543241382746,0.3627080765928864,,False
2008-07-25 23:30:00+00:00,0.0,0.3423441924044492,0.4712473607311764,0.2572180560814057,0.0222364983557423,0.2229083556391713,,False
2008-07-26 00:00:00+00:00,0.1592142781308364,0.6393611380122612,0.9967125259701684,0.5302252619251632,0.2777925801064053,0.555835540876632,,False
2008-07-26 00:30:00+00:00,0.1269300674125231,0.7198303908802897,1.1420990739300023,0.4479090878467188,0.3396226042500523,0.6801686474839451,,False
2008-07-26 01:00:00+00:00,0.0962331199083061,0.4487545221720659,0.5935669644207384,0.2220251230026518,0.1108543241382746,0.3264195616422095,,False
2008-07-26 01:30:00+00:00,0.0408201115220157,0.2113043561490531,0.2142028353442608,0.0937838375135823,0.0222364983557423,0.1589668486045178,,False
2008-07-26 02:00:00+00:00,0.0408201115220157,0.0702028899322264,0.0383970827139843,0.0,,0.0473942217771759,,False
2008-07-26 02:30:00+00:00,0.1592142781308364,0.0958399367968692,0.0633813266246605,0.2572180560814057,,0.0245086248166172,,False
2008-07-26 03:00:00+00:00,0.3786671583216468,0.2751449922363118,0.4319675356011084,0.6594328347725952,0.1904555169470649,0.2564682636080919,,False
2008-07-26 03:30:00+00:00,0.4598173231250976,0.600003477391878,0.9967125259701684,0.9852215625884304,0.5050673501174928,0.555835540876632,,False
2008-07-26 04:00:00+00:00,0.5878568240347393,0.8447520129630048,1.3439495996184672,1.1344905356652144,0.7215202581600635,0.8548656885350893,,False
2008-07-26 04:30:00+00:00,0.6321138110173117,1.063621970131176,1.718392839280956,1.3953605907777842,0.9552663557554932,1.0391063478320448,,False
2008-07-26 05:00:00+00:00,0.6321138110173117,1.48908545193213,2.3594496316681397,1.9604417238150007,1.1622167209728036,1.3323073870511568,,False
2008-07-26 05:30:00+00:00,0.5016845581152516,1.8465662332191817,2.8653450834203893,2.38930245636719,1.247954637531294,1.43436236086656,,False
2008-07-26 06:00:00+00:00,0.7228692797400073,2.807780147521312,4.507416968837219,3.616405269396588,1.8446110528858344,1.9758476477255291,,False
2008-07-26 06:30:00+00:00,1.2709807969837463,4.106503821094812,5.82071246349858,4.696804879280748,2.4538245547031927,3.620136307387536,,False
2008-07-26 07:00:00+00:00,1.48934519511039,4.532303210516928,6.261516928628316,4.615875366546383,2.614737205750295,4.048228149226884,,False
2008-07-26 07:30:00+00:00,1.5454477796736454,4.678042815226332,7.188695477030592,6.073398061827696,2.890560400986575,4.048228149226884,,False
2008-07-26 08:00:00+00:00,2.201431168254427,6.411475872057816,8.912440792163123,7.310517337121651,3.531126609390553,5.52918870318834,,False
2008-07-26 08:30:00+00:00,2.6553350122717863,6.840113377585499,9.792302974695504,8.880677956103257,4.090183912910232,6.388614740174148,,False
2008-07-26 09:00:00+00:00,2.722476566094808,7.192710789109776,8.699547402573048,10.985980982211649,4.2836430688992,6.300088588898892,,False
2008-07-26 09:30:00+00:00,2.45735687783088,6.327337465109555,7.775236588885344,6.256596814404876,3.2341820241071986,5.364078435904464,,False
2008-07-26 10:00:00+00:00,2.201431168254427,5.203377308895084,8.48941527523464,7.713796313400912,3.4709632952725764,5.040476459549244,,False
2008-07-26 10:30:00+00:00,2.328243759019152,6.927447626445996,9.346644964301436,8.770992929496323,3.4709632952725764,5.8661229775419725,,False
2008-07-26 11:00:00+00:00,1.48934519511039,5.357888094671244,7.577139955690224,5.279921111007864,2.5607180427391945,5.040476459549244,,False
2008-07-26 11:30:00+00:00,1.48934519511039,4.532303210516928,7.577139955690224,4.615875366546383,2.5607180427391945,4.803495706598832,,False
2008-07-26 12:00:00+00:00,1.894503475638277,5.203377308895084,8.59413822576984,6.725814074607528,3.060644115625621,5.201180469925416,,False
2008-07-26 12:30:00+00:00,2.076924051132937,5.752908544993451,9.4569746372748,8.770992929496323,3.652619863593888,5.201180469925416,,False
2008-07-26 13:00:00+00:00,2.3925129662324918,6.667059295036943,10.48290001677,9.78514117788654,3.900295673861904,5.69653030952442,,False
2008-07-26 13:30:00+00:00,2.076924051132937,5.995999856096316,9.679799140128216,6.256596814404876,3.1181056753920373,5.364078435904464,,False
2008-07-26 14:00:00+00:00,1.7757996090201758,4.975308977625469,9.237031092717803,7.410313182307499,3.1181056753920373,4.960941646024548,,False
2008-07-26 14:30:00+00:00,1.7757996090201758,5.280384897502992,9.792302974695504,8.991101605467563,3.411187862405436,4.960941646024548,,False
2008-07-26 15:00:00+00:00,1.7173261144547782,6.753318130346868,11.07932233368672,9.44027505915786,3.591678541561481,5.120555339633004,,False
2008-07-26 15:30:00+00:00,0.5260345824554352,4.551579047769228,7.83598701014802,5.110326305709732,2.0418255431920405,4.157640501506424,,False
2008-07-26 16:00:00+00:00,0.4390514170143948,4.121426179582488,7.937778495800628,6.442347138313212,2.842787463116638,4.306184738748108,,False
2008-07-26 16:30:00+00:00,0.6164968899763944,3.574582298533461,6.572819935976437,4.065665529014604,2.092494747581496,3.724516599801156,,False
2008-07-26 17:00:00+00:00,0.957979133903772,3.708464622813648,7.239290577052032,5.982747598535219,2.6755909934896582,4.011189304471056,,False
2008-07-26 17:30:00+00:00,1.278749893956534,4.2628852209102845,7.337085726921048,5.110326305709732,2.5660717395326675,3.938744635581096,,False
2008-07-26 18:00:00+00:00,1.5060112855492716,4.334334442890516,7.239290577052032,5.194822180844304,2.620636947141984,4.23165017232648,,False
2008-07-26 18:30:00+00:00,1.169091786973986,3.574582298533461,5.848855436170081,3.838483138511196,2.195006285934565,3.724516599801156,,False
2008-07-26 19:00:00+00:00,1.0097119829018053,3.184129669692366,5.247218820002976,3.616405269396588,1.941663463943123,3.1757931187245974,,False
2008-07-26 19:30:00+00:00,0.8071002497582028,2.749642335766163,4.437398092380841,2.778420396187098,1.6035438660630583,2.6594768837269043,,False
2008-07-26 20:00:00+00:00,0.4820934355919136,2.280643005033421,3.684013831331172,2.778420396187098,1.241317318428414,2.175320354468228,,False
2008-07-26 20:30:00+00:00,0.4820934355919136,2.112345046099336,3.468734975972761,2.264005873848737,1.1549130252221915,2.1170636195325265,,False
2008-07-26 21:00:00+00:00,0.2387811912000094,1.4314249888371398,2.097480012377893,1.0841174540401968,0.7111994606078869,1.406131379930628,,False
2008-07-26 21:30:00+00:00,0.07776493989287046,0.5480171579972124,0.7796323204164576,0.34837643819637387,0.2359909784631729,0.4932790218946584,,True
2008-07-26 22:00:00+00:00,0.0,0.138428554635316,0.152219988944699,0.0,0.0,,,False
2008-07-26 22:30:00+00:00,0.2766662336504775,0.0355239905302047,0.0644427105018839,0.1236939243805054,0.2964374104781416,,,False
2008-07-26 23:00:00+00:00,0.3156986638584936,0.0151048079098128,0.0165968348772052,0.3307115373322168,0.4592798935758755,,,False
2008-07-26 23:30:00+00:00,0.2387811912000094,0.0151048079098128,0.0165968348772052,0.3307115373322168,0.5285939651569403,,,False
2008-07-27 00:00:00+00:00,0.3156986638584936,0.0,0.0,0.4886692379857692,0.5285939651569403,,,False
2008-07-27 00:30:00+00:00,0.4390514170143948,0.0,0.0165968348772052,0.7950574291321115,0.564075262516626,,,False
2008-07-27 01:00:00+00:00,0.396943408589004,0.0837087497830245,0.1844150150095002,0.8888440410783612,0.6000879000723012,,,False
2008-07-27 01:30:00+00:00,0.5708445688199448,0.138428554635316,0.324416577734118,1.1854714250622744,0.6366198957248268,,,False
2008-07-27 02:00:00+00:00,0.6164968899763944,0.1676804481625093,0.3618609474598019,1.1854714250622744,0.6736603800540347,,,False
2008-07-27 02:30:00+00:00,0.5260345824554352,0.1980236653617387,0.4001809555574028,1.1854714250622744,0.6736603800540347,,,False
2008-07-27 03:00:00+00:00,0.6164968899763944,0.2616438419358652,0.5615403489838151,1.342003508929908,0.7111994606078869,,,False
2008-07-27 03:30:00+00:00,0.5708445688199448,0.2616438419358652,0.4793032524840156,1.3953605907777842,0.7111994606078869,,,False
2008-07-27 04:00:00+00:00,0.5260345824554352,0.2293685002445699,0.4393391495248404,1.3953605907777842,0.7111994606078869,,,False
2008-07-27 04:30:00+00:00,0.4820934355919136,0.1676804481625093,0.2523387807883008,1.342003508929908,0.6736603800540347,,,False
2008-07-27 05:00:00+00:00,0.4390514170143948,0.2293685002445699,0.324416577734118,1.6708126236845111,0.7111994606078869,,,False
2008-07-27 05:30:00+00:00,0.396943408589004,0.2293685002445699,0.324416577734118,1.614577794548393,0.7111994606078869,,,False
2008-07-27 06:00:00+00:00,0.3156986638584936,0.4352568073664724,0.6903397411686792,2.38930245636719,0.9464481377006329,,,False
2008-07-27 06:30:00+00:00,0.396943408589004,1.098323816661162,1.6930052575785215,3.1178584508025637,1.3740707767687128,,,False
2008-07-27 07:00:00+00:00,0.3156986638584936,1.4809684418677835,2.157422381346791,3.1178584508025637,1.464638845090104,,,False
2008-07-27 07:30:00+00:00,0.2766662336504775,1.7882282556292213,2.5920154581386545,3.616405269396588,1.6506519935164523,,,False
2008-07-27 08:00:00+00:00,0.2021280374184278,2.6894118861887795,4.359552521626871,6.725814074607528,2.4581077075726165,,,False
2008-07-27 08:30:00+00:00,0.1668135811381714,4.624964837616024,5.673974847732397,7.410313182307499,3.129244801136294,,,False
2008-07-27 09:00:00+00:00,0.0427541738954457,4.698838825880508,5.673974847732397,5.982747598535219,3.0711720247774594,,,False
2008-07-27 09:30:00+00:00,0.0705867730323782,4.051413483947784,5.673974847732397,5.803329089065897,3.013490326636588,,,False
2008-07-27 10:00:00+00:00,0.1668135811381714,4.406265453176748,6.760043101535183,7.310517337121651,3.129244801136294,,,False
2008-07-27 10:30:00+00:00,0.0181733883059912,4.406265453176748,6.388114649432617,6.256596814404876,3.2465655909201603,,,False
2008-07-27 11:00:00+00:00,0.0427541738954457,4.551579047769228,7.337085726921048,8.023505184402588,3.546750807360576,,,False
2008-07-27 11:30:00+00:00,0.0,4.624964837616024,6.760043101535183,6.918059162213064,3.2465655909201603,,,False
2008-07-27 12:00:00+00:00,,3.8442263417208,5.937202054747727,4.8604316337707045,2.8992984243298414,,,False
2008-07-27 12:30:00+00:00,,3.057687042419462,4.99822314465762,4.29799822310466,2.404708962490206,,,False
2008-07-27 13:00:00+00:00,,2.9951577932481794,4.916386026857304,4.615875366546383,2.351699218958414,,,False
2008-07-27 13:30:00+00:00,0.0181733883059912,3.708464622813648,5.937202054747727,7.01517230484462,2.7866660686441955,,,False
2008-07-27 14:00:00+00:00,0.2387811912000094,4.923407191017744,7.239290577052032,9.669415514932512,3.607973290034424,,,False
2008-07-27 14:30:00+00:00,0.2766662336504775,5.385967050451392,7.337085726921048,8.023505184402588,3.669592707543636,,,False
2008-07-27 15:00:00+00:00,0.2387811912000094,4.406265453176748,5.937202054747727,4.53553209588744,2.8992984243298414,,,False
2008-07-27 15:30:00+00:00,0.1645762569184897,3.163620297089376,5.329711755187092,2.607344150607993,1.871655126506453,,,False
2008-07-27 16:00:00+00:00,,1.5717805661173825,2.897798902002756,0.7745313754452636,0.91968356934927,,,False
2008-07-27 16:30:00+00:00,,0.5447756481116364,1.278749893956534,0.0678287927664932,0.3007746592215394,,,False
2008-07-27 17:00:00+00:00,,0.2280310695446223,0.758287315674252,0.1941743532128137,0.1535088638059131,,,False
2008-07-27 17:30:00+00:00,,0.1968708243014049,0.58734924293781,0.1602611470830589,0.1010828417401955,,,False
2008-07-27 18:00:00+00:00,,0.1667057937016877,0.3893908192698024,0.0968636286887295,0.0766649304960498,,,False
2008-07-27 18:30:00+00:00,,0.137625193317416,0.2801683531714496,0.0678287927664932,0.0766649304960498,,,False
2008-07-27 19:00:00+00:00,,0.0832244734239202,0.1481635015071642,0.1602611470830589,0.0325434300740075,,,False
2008-07-27 19:30:00+00:00,,0.0582926998522366,0.0627339229198923,0.041086614761785,0.0138393078023941,,,False
2008-07-27 20:00:00+00:00,,0.0150178315202302,0.0,0.0968636286887295,,,,False
2008-07-27 20:30:00+00:00,,0.0,0.0,0.0174658094064811,,,,False
2008-07-27 21:00:00+00:00,,0.0,0.0,,,,,False
2008-07-27 21:30:00+00:00,,0.0353191171171287,0.0161582004225933,,0.0325434300740075,,,False
2008-07-27 22:00:00+00:00,0.0,0.0353191171171287,0.0380055284495859,0.0,0.0138393078023941,,,False
2008-07-27 22:30:00+00:00,0.0,0.0150178315202302,0.0161582004225933,0.0174658094064811,0.0,,,False
2008-07-27 23:00:00+00:00,0.0,0.0,0.0161582004225933,0.0678287927664932,0.0,,,False
2008-07-27 23:30:00+00:00,0.0,0.0,0.0,0.0968636286887295,0.0138393078023941,,,False
2008-07-28 00:00:00+00:00,0.0179318377205569,0.0150178315202302,0.0161582004225933,0.0968636286887295,0.0325434300740075,,,False
2008-07-28 00:30:00+00:00,0.0179318377205569,0.0150178315202302,0.0380055284495859,0.0678287927664932,0.0325434300740075,,,False
2008-07-28 01:00:00+00:00,0.0421848847012748,0.0150178315202302,0.089575829064928,0.0968636286887295,0.0537048911256004,,,False
2008-07-28 01:30:00+00:00,0.0696451839952388,0.0353191171171287,0.1181346634198713,0.0968636286887295,0.0766649304960498,,,False
2008-07-28 02:00:00+00:00,0.0696451839952388,0.0832244734239202,0.1481635015071642,0.12776317725457,0.1010828417401955,,,False
2008-07-28 02:30:00+00:00,0.0994622562604317,0.0832244734239202,0.1181346634198713,0.1941743532128137,0.1010828417401955,,,False
2008-07-28 03:00:00+00:00,0.1311970045008341,0.137625193317416,0.1481635015071642,0.303209471381499,0.1010828417401955,,,False
2008-07-28 03:30:00+00:00,0.1994121396466686,0.2280310695446223,0.1794923699774648,0.5480171579972087,0.1267462677950676,,,False
2008-07-28 04:00:00+00:00,0.2355669552614177,0.2280310695446223,0.1794923699774648,0.6816816271023228,0.1535088638059131,,,False
2008-07-28 04:30:00+00:00,0.2729352270501954,0.2280310695446223,0.1794923699774648,0.6816816271023228,0.1535088638059131,,,False
2008-07-28 05:00:00+00:00,0.3114334945825232,0.2280310695446223,0.2119965701033329,0.6363608381490203,0.2099265362867199,,,False
2008-07-28 05:30:00+00:00,0.2729352270501954,0.1968708243014049,0.2119965701033329,0.9686681551923444,0.2099265362867199,,,False
2008-07-28 06:00:00+00:00,0.2729352270501954,0.137625193317416,0.1794923699774648,0.8220299463734112,0.1812631333396993,,,False
2008-07-28 06:30:00+00:00,0.1994121396466686,0.1097452914751846,0.1481635015071642,0.9686681551923444,0.2099265362867199,,,False
2008-07-28 07:00:00+00:00,0.1645762569184897,0.1097452914751846,0.1794923699774648,0.8702265596519628,0.2099265362867199,,,False
2008-07-28 07:30:00+00:00,0.0994622562604317,0.1968708243014049,0.3893908192698024,1.333789300875222,0.3007746592215394,,,False
2008-07-28 08:00:00+00:00,0.2355669552614177,0.432694584087462,0.6715038634198452,0.5050369638021456,0.4317407868408984,,,False
2008-07-28 08:30:00+00:00,0.1994121396466686,0.6625301614487136,1.0813874385418991,1.0697749458510817,0.6836806286823061,,,False
2008-07-28 09:00:00+00:00,0.391560911230806,1.3256657631061632,2.33321597636625,1.7293227750272269,1.0440297573699924,,,False
2008-07-28 09:30:00+00:00,0.7478517783319453,1.82968449246495,3.2294032415432565,1.907813368148872,1.3047107399477784,,,False
2008-07-28 10:00:00+00:00,0.9446964456346776,2.04434183725362,4.004581956364692,2.217045917321316,1.3950477784020887,,,False
2008-07-28 10:30:00+00:00,1.0473650027217325,2.210146845140358,4.302270435388536,3.089124568813317,1.5807532644639433,,,False
2008-07-28 11:00:00+00:00,1.315829457645282,2.9759660313162013,5.247357456300624,4.139003894341212,1.871655126506453,,,False
2008-07-28 11:30:00+00:00,1.4277906813432817,3.4855467162040688,5.749990146768743,4.542440067262223,1.871655126506453,,,False
2008-07-28 12:00:00+00:00,1.5423040086390756,4.164190263800784,6.543037217716524,5.395796266866264,2.2821332617371817,,,False
2008-07-28 12:30:00+00:00,1.5423040086390756,4.965520984232832,7.481489347404793,5.846375575813104,2.6622574091788103,,,False
2008-07-28 13:00:00+00:00,1.315829457645282,5.117541494564664,7.775236588885344,6.40880145055188,2.718152864126388,,,False
2008-07-28 13:30:00+00:00,1.718791254875448,5.98950342731394,10.458668837175912,10.574039994119676,3.984604708089132,,,False
2008-07-28 14:00:00+00:00,1.839558183796192,5.585554784374632,12.417651237697632,11.467492920014903,4.246186168227564,,,False
2008-07-28 14:30:00+00:00,1.5423040086390756,6.749477524192644,13.340439181369405,13.825055955037788,4.18016905123752,,,False
2008-07-28 15:00:00+00:00,1.2064588963980336,5.506296017211108,13.2060378918969,15.34695453135216,3.729614826333132,,,False
2008-07-28 15:30:00+00:00,0.3987674672568732,6.357714015480156,13.33435209626556,19.320750479345293,4.255461768428172,,,False
2008-07-28 16:00:00+00:00,0.3987674672568732,6.110339355250776,,19.320750479345293,4.320619780624236,,,False
2008-07-28 16:30:00+00:00,2.129353258136033,4.221292210637184,,21.20768274810035,3.810498462823464,,,False
2008-07-28 17:00:00+00:00,2.598086668360976,3.418741651608184,11.385908983819188,21.20768274810035,3.5649012293540965,,,False
2008-07-28 17:30:00+00:00,2.808331080128428,4.291143965635968,,17.392747265113574,3.3847971895428914,,,False
2008-07-28 18:00:00+00:00,2.129353258136033,2.919706358516701,,15.92119618877765,3.62571411211038,,,False
2008-07-28 18:30:00+00:00,2.064892488878099,3.418741651608184,8.9594499379608,27.516618062235324,3.266666203602524,,,False
2008-07-28 19:00:00+00:00,2.3264926495432667,4.151902371797988,,13.519122807272614,3.03503399705439,,,False
2008-07-28 19:30:00+00:00,1.6913740239114192,3.74519038793904,,5.161623402429576,2.69910374171445,,,False
2008-07-28 20:00:00+00:00,1.6913740239114192,3.5479694972766995,,9.201969534368413,3.0923646850724293,,,False
2008-07-28 20:30:00+00:00,1.752040668472787,3.228260924463203,,3.87579651006672,3.0923646850724293,,,False
2008-07-28 21:00:00+00:00,1.2293919924827508,2.224343109434429,,3.360084542260981,2.7541349111617093,,,False
2008-07-28 21:30:00+00:00,0.6660492145117524,1.5929621303918111,,0.296009917736067,2.272615969744418,,,False
2008-07-28 22:00:00+00:00,0.2398703218223609,0.9403428209929596,,,0.8961195977176285,,,False
2008-07-28 22:30:00+00:00,0.0,0.4979207302662852,,,0.7034368542517476,,,False
2008-07-28 23:00:00+00:00,0.0429470406862678,0.5352564987251892,,0.0662377618887955,0.817658040516876,,,False
2008-07-28 23:30:00+00:00,0.1335804638749743,0.2880025344540947,,,0.1767594468731637,,,False
2008-07-29 00:00:00+00:00,0.484317081634338,0.1078661822488506,,,0.0,,,False
2008-07-29 00:30:00+00:00,0.6193565415757081,0.057297661117992,,,0.0134988900139056,,,False
2008-07-29 01:00:00+00:00,0.8108724527306675,0.0347171579293538,,0.1247558725282827,0.2047031449402492,,,False
2008-07-29 01:30:00+00:00,0.8606733015949632,0.057297661117992,,0.0662377618887955,0.2334673917356173,,,False
2008-07-29 02:00:00+00:00,0.7618246629274512,0.057297661117992,,0.577572730008984,0.2334673917356173,,,False
2008-07-29 02:30:00+00:00,0.3574419427471654,0.0147622691800933,,1.1446558358691743,0.2932582297137382,,,False
2008-07-29 03:00:00+00:00,0.2398703218223609,0.0,,1.0435932253708344,0.2932582297137382,,,False
2008-07-29 03:30:00+00:00,0.1675716437016191,0.0,,0.7557788165775876,0.2630001495368196,,,False
2008-07-29 04:00:00+00:00,0.1012658624836182,0.0147622691800933,,0.7101554941148903,0.2630001495368196,,,False
2008-07-29 04:30:00+00:00,0.0429470406862678,0.0147622691800933,,0.4518158215191588,0.2047031449402492,,,False
2008-07-29 05:00:00+00:00,0.0429470406862678,0.0347171579293538,,0.296009917736067,0.2047031449402492,,,False
2008-07-29 05:30:00+00:00,0.0,0.057297661117992,,0.3335808080257131,0.2334673917356173,,,False
2008-07-29 06:00:00+00:00,,0.057297661117992,,0.6210357966515448,0.2334673917356173,,,False
2008-07-29 06:30:00+00:00,,0.081801664725546,,0.6652359083495124,0.2334673917356173,,,False
2008-07-29 07:00:00+00:00,,0.081801664725546,,0.7101554941148903,0.2932582297137382,,,False
2008-07-29 07:30:00+00:00,,0.081801664725546,,0.84908146362138,0.2630001495368196,,,False
2008-07-29 08:00:00+00:00,,0.081801664725546,,0.7557788165775876,0.1767594468731637,,,False
2008-07-29 08:30:00+00:00,,0.1352650641019214,,0.8020917271210213,0.0985821403528195,,,False
2008-07-29 09:00:00+00:00,,0.3211811284610469,,0.9940014475985988,0.0985821403528195,,,False
2008-07-29 09:30:00+00:00,,1.4940618680345326,,1.5174669826379374,0.3558099491452796,,,False
2008-07-29 10:00:00+00:00,,5.629234570944083,,2.6714012118558985,0.7791145607330496,,,False
2008-07-29 10:30:00+00:00,,8.605762558773264,,8.646483704189292,2.8653450834203893,,,False
2008-07-29 11:00:00+00:00,,5.241937565858112,,10.985337763743347,3.150079947005544,,,False
2008-07-29 11:30:00+00:00,,5.090425956079812,,10.614109404962845,3.5649012293540965,,,False
2008-07-29 12:00:00+00:00,,5.165940288898908,,12.1451084444268,4.255461768428172,,,False
2008-07-29 12:30:00+00:00,,5.947964384871564,,12.412532914832305,4.994469405160524,,,False
2008-07-29 13:00:00+00:00,,5.867532650309436,,12.412532914832305,5.346841277784348,,,False
2008-07-29 13:30:00+00:00,,5.090425956079812,,11.110756143112487,4.788027707447556,,,False
2008-07-29 14:00:00+00:00,,4.720035585924432,,8.866428506301132,4.38617902836726,,,False
2008-07-29 14:30:00+00:00,,4.57519864442418,,7.0887395162907,4.062383919081576,,,False
2008-07-29 15:00:00+00:00,,5.241937565858112,,9.201969534368413,4.320619780624236,,,False
2008-07-29 15:30:00+00:00,1.0769469232364317,5.629234570944083,,9.944093617494625,4.320619780624236,,,False
2008-07-29 16:00:00+00:00,1.0275295500802908,5.165940288898908,,8.18626442272344,4.190703854637348,,,False
2008-07-29 16:30:00+00:00,0.8830068979319136,4.647381684798204,,6.985474222562892,3.93565146389532,,,False
2008-07-29 17:00:00+00:00,0.7442687333521548,4.647381684798204,,9.714044832235668,4.126344931108224,,,False
2008-07-29 17:30:00+00:00,1.1269733657938596,5.090425956079812,,9.600156256966164,4.788027707447556,,,False
2008-07-29 18:00:00+00:00,0.6551404270024932,3.67899822611892,,5.70226604514822,3.62571411211038,,,False
2008-07-29 18:30:00+00:00,0.5688383715163008,3.354800768817599,,5.966986701005244,3.50447794747164,,,False
2008-07-29 19:00:00+00:00,0.6993593089791804,3.74519038793904,,8.823698556058872,4.190703854637348,,,False
2008-07-29 19:30:00+00:00,1.3330470726258552,4.291143965635968,,10.77363602696718,6.007807643006088,,,False
2008-07-29 20:00:00+00:00,1.3330470726258552,3.67899822611892,,9.041882062926923,5.134165552848384,,,False
2008-07-29 20:30:00+00:00,0.7898546972807928,3.291307453771243,,4.458871230230232,3.5649012293540965,,,False
2008-07-29 21:00:00+00:00,0.291587824083952,1.6430993539698888,,1.2180125741599224,2.482801718596816,,,False
2008-07-29 21:30:00+00:00,0.1229081604021558,0.6906099603826727,,1.018550161042434,1.77403686251985,,,False
2008-07-29 22:00:00+00:00,0.0395333094581294,0.4979207302662852,,1.2693529205336196,1.4935719922729958,,,False
2008-07-29 22:30:00+00:00,0.0,0.4979207302662852,,0.9224481698881344,1.3145647931965403,,,False
2008-07-29 23:00:00+00:00,0.0395333094581294,0.3897960490989323,,0.6933227317233013,0.7034368542517476,,,False
2008-07-29 23:30:00+00:00,0.0395333094581294,0.2880025344540947,,0.5222766638059487,0.4208885387413559,,,False
2008-07-30 00:00:00+00:00,0.0931890999888673,0.1934842099535697,,0.401889169772946,0.2047031449402492,,,False
2008-07-30 00:30:00+00:00,0.1867703090730235,0.1638425304240026,,0.5639540822983188,0.4208885387413559,,,False
2008-07-30 01:00:00+00:00,0.154160741760661,0.1352650641019214,,0.6494954241057012,0.324205206878457,,,False
2008-07-30 01:30:00+00:00,0.1229081604021558,0.081801664725546,,0.5222766638059487,0.2047031449402492,,,False
2008-07-30 02:00:00+00:00,0.154160741760661,0.081801664725546,,0.4412177717271768,0.1767594468731637,,,False
2008-07-30 02:30:00+00:00,0.0931890999888673,0.057297661117992,,0.0,0.0747710255685618,,,False
2008-07-30 03:00:00+00:00,0.0931890999888673,0.0147622691800933,,0.1218744493099873,0.0134988900139056,,,False
2008-07-30 03:30:00+00:00,0.1229081604021558,0.0147622691800933,,0.0,0.0,,,False
2008-07-30 04:00:00+00:00,0.1229081604021558,0.0147622691800933,,0.5222766638059487,0.0317417861626472,,,False
2008-07-30 04:30:00+00:00,0.0931890999888673,0.0,,0.7830130152980016,0.0747710255685618,,,False
2008-07-30 05:00:00+00:00,0.0652601001317248,0.0147622691800933,,0.4813563277112868,0.0747710255685618,,,False
2008-07-30 05:30:00+00:00,0.0,0.0347171579293538,,0.6933227317233013,0.123606168136763,,,False
2008-07-30 06:00:00+00:00,,0.081801664725546,,0.6933227317233013,0.2334673917356173,,,False
2008-07-30 06:30:00+00:00,,0.1934842099535697,,0.9701906312710044,0.3558099491452796,,,False
2008-07-30 07:00:00+00:00,,0.9837968643902844,,3.067052946677708,0.856661843802996,,,False
2008-07-30 07:30:00+00:00,,3.946490979834708,,7.4740959724920835,2.4296816651440647,,,False
2008-07-30 08:00:00+00:00,0.0168066281378914,7.216102430581356,,7.178952955108104,3.6869173885062,,,False
2008-07-30 08:30:00+00:00,0.4053455309951927,5.550793922578932,,6.794589147107004,3.6869173885062,,,False
2008-07-30 09:00:00+00:00,0.6116276559731653,5.629234570944083,,9.15206321507922,3.93565146389532,,,False
2008-07-30 09:30:00+00:00,0.9305513223925392,8.22277768220046,,13.645468333068372,4.38617902836726,,,False
2008-07-30 10:00:00+00:00,1.1776023354077028,7.040191644493488,,17.13402102989603,3.93565146389532,,,False
2008-07-30 10:30:00+00:00,1.3330470726258552,6.441197972019731,,17.13402102989603,3.208180275433152,,,False
2008-07-30 11:00:00+00:00,1.8304045771101227,6.609718603033956,,17.797976042085036,3.150079947005544,,,False
2008-07-30 11:30:00+00:00,1.659539503217772,6.028899220697652,,14.070586743610129,3.266666203602524,,,False
2008-07-30 12:00:00+00:00,0.6116276559731653,3.165660450142027,,5.615238671923932,1.8221544897507973,,,False
2008-07-30 12:30:00+00:00,0.0395333094581294,1.2549411727260695,,2.41355164818726,0.7410383234467524,,,False
2008-07-30 13:00:00+00:00,0.0168066281378914,0.8973999188825509,,2.351162135525922,0.4543182660429,,,False
2008-07-30 13:30:00+00:00,0.1229081604021558,1.2549411727260695,,4.617105475792104,1.1420990739299988,,,False
2008-07-30 14:00:00+00:00,1.228827848447304,3.8118358206369,,7.6741837504300445,3.208180275433152,,,False
2008-07-30 14:30:00+00:00,2.8253155749876937,6.357714015480156,,8.395923892891105,3.3847971895428914,,,False
2008-07-30 15:00:00+00:00,2.126258953163712,4.940838834081336,,15.550809037964171,4.38617902836726,,,False
2008-07-30 15:30:00+00:00,1.0596575846979972,5.3142927389217,,15.593360052434075,4.237417641757932,,,False
2008-07-30 16:00:00+00:00,1.3877718310899323,5.3935560016146,,19.695234211661017,5.203712512002672,,,False
2008-07-30 16:30:00+00:00,1.220700179340072,5.157313049351556,,22.224894013402704,4.370396684687568,,,False
2008-07-30 17:00:00+00:00,1.4447748994804837,4.257928807905492,,16.069428421062444,3.4741063214764774,,,False
2008-07-30 17:30:00+00:00,1.0596575846979972,3.2329341501362245,,7.045656402971448,2.6016101883970126,,,False
2008-07-30 18:00:00+00:00,0.9557419161946644,2.73005527239472,,5.907685765996477,2.997606575573464,,,False
2008-07-30 18:30:00+00:00,0.7565297854509505,2.5492286027830247,,4.696522857221687,2.7127657085927117,,,False
2008-07-30 19:00:00+00:00,0.6614373601256723,2.431021760522665,,3.98079408500442,2.6016101883970126,,,False
2008-07-30 19:30:00+00:00,0.6614373601256723,2.314690938098176,,3.603708912841668,2.6016101883970126,,,False
2008-07-30 20:00:00+00:00,0.5695313765115528,1.9769842551499524,,2.493175002807269,2.277667776877783,,,False
2008-07-30 20:30:00+00:00,0.4380470374451508,1.604583052189135,,1.9321815760756524,1.917841179930948,,,False
2008-07-30 21:00:00+00:00,0.4380470374451508,1.2559745853769788,,1.1523887206903585,1.6250938511120605,,,False
2008-07-30 21:30:00+00:00,0.2016707455788692,0.8445168791330436,,0.5813907915784283,0.6448791517402824,,,False
2008-07-30 22:00:00+00:00,0.0426583281570523,0.5169241435274388,,0.297942484775674,0.607861500607818,,,False
2008-07-30 22:30:00+00:00,0.0,0.232545106958814,,0.0403828389784198,0.4651938903379824,,,False
2008-07-30 23:00:00+00:00,0.0181327215045171,0.1119038928371967,,0.0,0.4309488622647612,,,False
2008-07-30 23:30:00+00:00,0.0426583281570523,0.0848588203187409,,0.0,0.3642893962960428,,,False
2008-07-31 00:00:00+00:00,0.2016707455788692,0.1119038928371967,,0.095198652254993,0.3973070092737024,,,False
2008-07-31 00:30:00+00:00,0.4809885392879208,0.232545106958814,,0.3357625220068755,0.3973070092737024,,,False
2008-07-31 01:00:00+00:00,0.5695313765115528,0.2652732746877222,0.4469419574771616,0.4142265147828,0.3973070092737024,,,False
2008-07-31 01:30:00+00:00,0.708594742281654,0.2652732746877222,0.3681010570658976,0.3357625220068755,0.3319199804297236,,,False
2008-07-31 02:00:00+00:00,0.708594742281654,0.2007617655153074,0.2566674964357707,0.3357625220068755,0.153231014832049,,,False
2008-07-31 02:30:00+00:00,0.708594742281654,0.1119038928371967,0.1548176540410209,0.4547866100767271,0.0138144778920522,,,False
2008-07-31 03:00:00+00:00,0.7565297854509505,0.1119038928371967,0.1875675576491222,0.3357625220068755,0.0,,,False
2008-07-31 03:30:00+00:00,0.7565297854509505,0.1119038928371967,0.1234309937537257,0.4961860153768332,0.153231014832049,,,False
2008-07-31 04:00:00+00:00,0.6614373601256723,0.0360105015690136,0.016877630366201,0.6696492699023965,0.100900419603935,,,False
2008-07-31 04:30:00+00:00,0.5248267299047555,0.0,0.0,0.7148753437467924,0.053608254351688,,,False
2008-07-31 05:00:00+00:00,0.5695313765115528,0.059435617918078,0.0935848290588339,0.7608109450587371,0.153231014832049,,,False
2008-07-31 05:30:00+00:00,0.6614373601256723,0.3685891440370644,0.4876122438393948,1.3096849590896509,0.3973070092737024,,,False
2008-07-31 06:00:00+00:00,0.8052260539358987,0.8015012326839419,1.0817176856460553,1.7554297545275113,0.6448791517402824,,,False
2008-07-31 06:30:00+00:00,0.7565297854509505,0.8445168791330436,1.2343009709736108,2.364547738033699,0.7589924010972865,,,False
2008-07-31 07:00:00+00:00,0.8052260539358987,1.6563438988038035,2.575387509299831,3.4569186533058023,1.1270466251630678,,,False
2008-07-31 07:30:00+00:00,0.8546687996231124,1.4522184693470663,1.9559735991151308,1.204208209318849,0.9588766802897052,,,False
2008-07-31 08:00:00+00:00,0.5695313765115528,0.8015012326839419,1.1319747391245816,1.204208209318849,0.7589924010972865,,,False
2008-07-31 08:30:00+00:00,0.708594742281654,0.976887443272554,1.4460511951455013,1.2566421220430088,0.91796330845053,,,False
2008-07-31 09:00:00+00:00,1.1126573510821811,2.20023828903154,3.4629058634672734,3.904215442490844,1.6250938511120605,,,False
2008-07-31 09:30:00+00:00,1.9238335890656613,3.83492961700326,5.438300934818484,4.37248770676182,2.3306656048618177,,,False
2008-07-31 10:00:00+00:00,1.8002742574424326,3.766126319876772,5.181906356187444,4.614615500238252,2.38406069968403,,,False
2008-07-31 10:30:00+00:00,1.7394365566999082,3.629962446811524,5.09764617258894,4.779033075260856,2.3306656048618177,,,False
2008-07-31 11:00:00+00:00,1.5024262071781656,3.3633743454698903,4.930917481432476,4.696522857221687,2.38406069968403,,,False
2008-07-31 11:30:00+00:00,1.3877718310899323,3.4957145925681767,5.09764617258894,4.292969205429288,2.3306656048618177,,,False
2008-07-31 12:00:00+00:00,1.5024262071781656,3.97398507275556,5.788693420214364,5.115150975014028,2.6016101883970126,,,False
2008-07-31 12:30:00+00:00,1.331421578263717,4.1862102607563845,5.967597369929832,4.862148531797016,2.7689389120891224,,,False
2008-07-31 13:00:00+00:00,1.0073494688571252,4.4028400918968,6.425863512543576,6.46477084245204,2.997606575573464,,,False
2008-07-31 13:30:00+00:00,1.1126573510821811,4.623916364207532,6.900172474606416,5.998911431618303,2.9398428281680484,,,False
2008-07-31 14:00:00+00:00,1.5607216039813994,5.553639916848541,8.530935645441744,8.068834537054524,3.659430034932552,,,False
2008-07-31 14:30:00+00:00,1.7394365566999082,5.715814864073472,8.638816960858032,6.752191527217835,3.659430034932552,,,False
2008-07-31 15:00:00+00:00,1.8002742574424326,5.553639916848541,8.638816960858032,7.345264920500015,3.848405963635332,,,False
2008-07-31 15:30:00+00:00,0.83819861236359,6.8664177247662,8.638816960858032,7.443670804279381,4.404094295530069,,,False
2008-07-31 16:00:00+00:00,0.83819861236359,6.192287018653285,8.1065850225993,5.801145060380833,3.88848951564696,,,False
2008-07-31 16:30:00+00:00,0.83819861236359,5.629234570944083,8.423776103858748,6.743547530091217,4.143087804408912,,,False
2008-07-31 17:00:00+00:00,1.5053583005324136,5.867532650309436,8.856762529227481,6.940110691347912,4.143087804408912,,,False
2008-07-31 17:30:00+00:00,1.687984753762361,5.629234570944083,8.211605049024227,5.71052755006362,4.014991896815556,,,False
2008-07-31 18:00:00+00:00,1.8766833179527156,5.241937565858112,7.6935114020952,4.427141065228548,3.763572751751976,,,False
2008-07-31 18:30:00+00:00,1.7502136635147731,5.165940288898908,7.291455804285372,6.358588576544053,3.951542021526756,,,False
2008-07-31 19:00:00+00:00,2.2720341826887624,5.395388446021428,7.491122017448112,4.923671979555216,4.014991896815556,,,False
2008-07-31 19:30:00+00:00,1.8766833179527156,4.221292210637184,5.438300934818484,1.3246566239769049,2.820549645587927,,,False
2008-07-31 20:00:00+00:00,1.626430287218112,3.613258269529128,4.52443476523158,1.894503475638277,2.492431450404988,,,False
2008-07-31 20:30:00+00:00,1.387028924210513,2.980528846939955,3.607762947111144,1.1136850980693804,1.976355419237658,,,False
2008-07-31 21:00:00+00:00,1.2714805207372897,2.224343109434429,2.321016618905269,0.6771238955899812,1.59146078052411,,,False
2008-07-31 21:30:00+00:00,1.0489240008196417,1.5929621303918111,1.4460511951455013,0.4598173231250976,1.1041068475540332,,,False
2008-07-31 22:00:00+00:00,0.83819861236359,1.2549411727260695,,0.3012147119953343,0.7437501541957068,,,False
2008-07-31 22:30:00+00:00,0.6400666890559403,0.8973999188825509,,0.0962331199083061,0.5247632979579816,,,False
2008-07-31 23:00:00+00:00,0.455707830783546,0.4612184850852072,,0.1929037065209506,0.3253708451118431,,,False
2008-07-31 23:30:00+00:00,0.3692566102622868,0.3897960490989323,,0.2278648841994623,0.2343031323841191,,,False
2008-08-01 00:00:00+00:00,0.5926267169527644,0.5352564987251892,,0.1592142781308364,0.2639429791239758,,,False
2008-08-01 00:30:00+00:00,0.6400666890559403,0.3897960490989323,,0.1929037065209506,0.2343031323841191,,,False
2008-08-01 01:00:00+00:00,0.5926267169527644,0.1934842099535697,,0.0,0.1240460812824854,,,False
2008-08-01 01:30:00+00:00,0.455707830783546,0.081801664725546,,0.0173527182290165,0.0318541054091924,,,False
2008-08-01 02:00:00+00:00,0.2870819508445326,0.0147622691800933,,0.1592142781308364,0.0750363677780922,,,False
2008-08-01 02:30:00+00:00,0.2870819508445326,0.0,,0.4598173231250976,0.0,,,False
2008-08-01 03:00:00+00:00,0.2870819508445326,0.0347171579293538,,0.6771238955899812,0.1773903560635645,,,False
2008-08-01 03:30:00+00:00,0.2477534923778227,0.057297661117992,,0.4188003442156512,0.2054348546436064,,,False
2008-08-01 04:00:00+00:00,0.1379455214552089,0.1078661822488506,,0.4598173231250976,0.2639429791239758,,,False
2008-08-01 04:30:00+00:00,0.0,0.1352650641019214,,0.4598173231250976,0.2343031323841191,,,False
2008-08-01 05:00:00+00:00,0.0443424992618664,0.2241023298931627,,0.9129081872594088,0.3570910890821679,,,False
2008-08-01 05:30:00+00:00,0.0732140398469275,0.4612184850852072,,1.0119931182091189,0.59572628513325,,,False
2008-08-01 06:00:00+00:00,0.1045687017120551,0.730883414577438,,1.217923172028108,0.7819699757933808,,,False
2008-08-01 06:30:00+00:00,0.2477534923778227,1.208534275713031,,1.48934519511039,1.0622987654950835,,,False
2008-08-01 07:00:00+00:00,0.2870819508445326,1.6936919688726038,,2.015537299396585,1.2755705532908903,,,False
2008-08-01 07:30:00+00:00,0.3692566102622868,2.1146434904884,,2.264549646828784,1.499187977107823,,,False
2008-08-01 08:00:00+00:00,0.411973410550122,2.169271448256337,,1.834859413425017,1.59146078052411,,,False
2008-08-01 08:30:00+00:00,0.2870819508445326,2.224343109434429,,2.328243759019152,1.6853252531053464,,,False
2008-08-01 09:00:00+00:00,0.2477534923778227,2.622235319620193,,2.7901928691105558,1.829080018018768,,,False
2008-08-01 09:30:00+00:00,0.2477534923778227,3.165660450142027,,4.03005137016222,2.1781569747781404,,,False
2008-08-01 10:00:00+00:00,0.411973410550122,3.8118358206369,,3.87539892176832,2.4390905443473345,,,False
2008-08-01 10:30:00+00:00,0.3276066040433308,3.418741651608184,,2.45735687783088,2.026225038775864,,,False
2008-08-01 11:00:00+00:00,0.411973410550122,3.5479694972766995,,3.4255989588744216,2.4390905443473345,,,False
2008-08-01 11:30:00+00:00,0.5926267169527644,3.878935633740421,,4.187086506437904,2.820549645587927,,,False
2008-08-01 12:00:00+00:00,0.7374973191809687,4.291143965635968,,2.996794524540233,2.5461567318684706,,,False
2008-08-01 12:30:00+00:00,0.9420420746662632,4.361459032933127,,3.647856487024512,2.6547603549189662,,,False
2008-08-01 13:00:00+00:00,1.158759900764064,4.647381684798204,,6.646292349901633,3.5184670111536622,,,False
2008-08-01 13:30:00+00:00,1.2147634393497937,5.165940288898908,,5.008583428420968,3.279621954638876,,,False
2008-08-01 14:00:00+00:00,1.2147634393497937,5.241937565858112,,6.076903339747584,3.5791545984879782,,,False
2008-08-01 14:30:00+00:00,1.2147634393497937,5.090425956079812,,4.346519883918696,3.3387488258493856,,,False
2008-08-01 15:00:00+00:00,0.9951089079159215,4.50348488094726,,3.4255989588744216,2.933000565197857,,,False
2008-08-01 15:30:00+00:00,1.1972633182124472,2.704186401867993,,3.631421598577596,1.9633427318423955,,,False
2008-08-01 16:00:00+00:00,1.3096849590896544,2.8278674885155395,,3.181381180148156,1.9122877199167847,,,False
2008-08-01 16:30:00+00:00,1.0876422109367376,2.286360550092589,,1.6005075405203664,1.378460367332424,,,False
2008-08-01 17:00:00+00:00,0.4062180503294316,1.0347537189601657,,0.2729352270501954,0.697907134399932,,,False
2008-08-01 17:30:00+00:00,0.1031296289898877,0.113236327988037,,,0.2142028353442608,,,False
2008-08-01 18:00:00+00:00,0.0437345241395479,0.0543063937610976,,,0.1566265291700637,,,True
2008-08-01 18:30:00+00:00,0.244318310660008,0.0364372134660093,,0.1311970045008341,0.339341944296038,,,False
2008-08-01 19:00:00+00:00,0.4934005429093812,0.6841645190057232,,0.6080598309582396,0.6594982631095284,,,False
2008-08-01 19:30:00+00:00,1.0876422109367376,1.6248658779840024,,1.4847304649530717,1.1093395651546285,,,False
2008-08-01 20:00:00+00:00,1.542732834332999,1.8376095856988373,,2.0253246781459104,1.332500646443256,,,False
2008-08-01 20:30:00+00:00,1.786474386027072,1.892014641430384,,2.0253246781459104,1.378460367332424,,,False
2008-08-01 21:00:00+00:00,1.602675279853603,1.470481554645432,,1.371488818386143,1.1093395651546285,,,False
2008-08-01 21:30:00+00:00,1.4248556067027924,1.2232347062797475,,0.9956856714141168,0.8975896357314348,,,False
2008-08-01 22:00:00+00:00,1.2531275253493452,1.0347537189601657,,1.0473650027217325,0.8162222545119745,,,False
2008-08-01 22:30:00+00:00,1.1420990739300023,1.0347537189601657,,0.9956856714141168,0.7368367931888437,,,False
2008-08-01 23:00:00+00:00,1.1420990739300023,0.9437258202736284,,0.8448283806319584,0.5842844745835608,,,False
2008-08-01 23:30:00+00:00,0.9808841525525712,0.6841645190057232,,0.5630467324611528,0.4756593185413704,,,False
2008-08-02 00:00:00+00:00,0.7270560749335931,0.4845963446679492,,0.3509940571570465,0.339341944296038,,,False
2008-08-02 00:30:00+00:00,0.4493294266388508,0.2684575395399661,,0.1645762569184897,0.1566265291700637,,,False
2008-08-02 01:00:00+00:00,0.4493294266388508,0.2353319829968723,,0.2355669552614177,0.1566265291700637,,,False
2008-08-02 01:30:00+00:00,0.5383958449343291,0.3730352605417223,,0.4755322245668579,0.244318310660008,,,False
2008-08-02 02:00:00+00:00,0.6310394427015324,0.523200556371708,,0.4755322245668579,0.3069293520631543,,,False
2008-08-02 02:30:00+00:00,0.5383958449343291,0.4466846949891228,,0.391560911230806,0.244318310660008,,,False
2008-08-02 03:00:00+00:00,0.4493294266388508,0.3730352605417223,,0.3509940571570465,0.1849499995503805,,,False
2008-08-02 03:30:00+00:00,0.2830939810737213,0.1420101812131578,,0.0,0.054789098118975,,,False
2008-08-02 04:00:00+00:00,0.1706673181111138,0.0,,0.0,0.0141178684075167,,,False
2008-08-02 04:30:00+00:00,0.1031296289898877,0.0154924877281175,,0.0994622562604317,0.0,,,False
2008-08-02 05:00:00+00:00,0.0722083433128185,0.0154924877281175,,0.2729352270501954,0.0331994464648615,,,False
2008-08-02 05:30:00+00:00,0.1031296289898877,0.0858676046256972,,0.3509940571570465,0.1031296289898877,,,False
2008-08-02 06:00:00+00:00,0.0722083433128185,0.1720259482535258,,0.1994121396466686,0.1031296289898877,,,False
2008-08-02 06:30:00+00:00,0.0722083433128185,0.2684575395399661,,0.1994121396466686,0.1293165472417099,,,False
2008-08-02 07:00:00+00:00,0.0,0.2031638449015706,,0.2729352270501954,0.0782149710975602,,,False
2008-08-02 07:30:00+00:00,0.0437345241395479,0.3024813412367946,,0.3509940571570465,0.1849499995503805,,,False
2008-08-02 08:00:00+00:00,0.0437345241395479,0.4094888430182976,,0.4330869909704064,0.2142028353442608,,,False
2008-08-02 08:30:00+00:00,0.0722083433128185,0.523200556371708,,0.7478517783319453,0.3724475119821072,,,False
2008-08-02 09:00:00+00:00,0.0722083433128185,0.6841645190057232,,0.9446964456346776,0.51128958476727,,,False
2008-08-02 09:30:00+00:00,0.0,0.7683618916128996,,1.2608176379640157,0.5842844745835608,,,False
2008-08-02 10:00:00+00:00,,1.1279382448165307,,1.962789559261477,0.8162222545119745,,,False
2008-08-02 10:30:00+00:00,,1.8376095856988373,,4.266215655455484,1.378460367332424,,,False
2008-08-02 11:00:00+00:00,,2.403349235967247,,1.4847304649530717,1.241899019530801,,,False
2008-08-02 11:30:00+00:00,,0.9437258202736284,,,0.4756593185413704,,,False
2008-08-02 12:00:00+00:00,,0.2684575395399661,,,0.2142028353442608,,,False
2008-08-02 12:30:00+00:00,,0.0601410410158345,,,0.0782149710975602,,,False
2008-08-02 13:00:00+00:00,,0.0858676046256972,,0.4755322245668579,0.2752421565239525,,,False
2008-08-02 13:30:00+00:00,,0.523200556371708,,0.0994622562604317,0.244318310660008,,,False
2008-08-02 14:00:00+00:00,,0.6024068009149032,,0.1311970045008341,0.2752421565239525,,,False
2008-08-02 14:30:00+00:00,,0.2684575395399661,,0.1994121396466686,0.1849499995503805,,,False
2008-08-02 15:00:00+00:00,,0.3024813412367946,,0.5188621234907016,0.2142028353442608,,,False
2008-08-02 15:30:00+00:00,1.3307324269166891,1.4111648929304783,,1.4996711280825576,1.028520377313552,,,False
2008-08-02 16:00:00+00:00,1.609565168217186,1.7626236443633698,,1.5561828371364013,1.1979033117217956,,,False
2008-08-02 16:30:00+00:00,1.7253070539054118,1.7626236443633698,,1.6710116361010452,1.1979033117217956,,,False
2008-08-02 17:00:00+00:00,1.7253070539054118,1.7626236443633698,,2.2806430050334137,1.329403914122022,,,False
2008-08-02 17:30:00+00:00,1.7840679000081767,1.8671942741547565,,1.9684891641191653,1.3740707767687128,,,False
2008-08-02 18:00:00+00:00,1.667138627291285,1.8146804635670648,,1.788228255629214,1.329403914122022,,,False
2008-08-02 18:30:00+00:00,1.440444412769033,1.3149729335234592,,0.9686681551923444,0.9872623014064632,,,False
2008-08-02 19:00:00+00:00,1.0673457720575186,0.6974282780102629,,0.6816816271023228,0.6366198957248268,,,False
2008-08-02 19:30:00+00:00,0.8201803940967167,0.46572863863023,,0.462884409741906,0.493657265527776,,,False
2008-08-02 20:00:00+00:00,0.8201803940967167,0.46572863863023,,0.2657406884390182,0.4592798935758755,,,False
2008-08-02 20:30:00+00:00,0.86826498057117,0.3585797514216997,,0.0968636286887295,0.4254782924674116,,,False
2008-08-02 21:00:00+00:00,0.8201803940967167,0.2907966517714011,,0.0678287927664932,0.3922709163006636,,,False
2008-08-02 21:30:00+00:00,0.8201803940967167,0.2581034161931953,,0.0,0.3596786028276707,,,False
2008-08-02 22:00:00+00:00,0.7727918734849608,0.1365671050744046,,0.0,0.3277250467476491,,,False
2008-08-02 22:30:00+00:00,0.7727918734849608,0.0825866199441892,,0.041086614761785,0.3277250467476491,,,False
2008-08-02 23:00:00+00:00,0.7261123622643001,0.057846624130778,,0.0678287927664932,0.2964374104781416,,,False
2008-08-02 23:30:00+00:00,0.7261123622643001,0.035049262503742,,0.0678287927664932,0.2658471270528603,,,False
2008-08-03 00:00:00+00:00,0.7261123622643001,0.0149032660152525,,0.0,0.2069125808563458,,,False
2008-08-03 00:30:00+00:00,0.6801562202309568,0.0149032660152525,,0.0678287927664932,0.2069125808563458,,,False
2008-08-03 01:00:00+00:00,0.7261123622643001,0.0149032660152525,,0.041086614761785,0.1786644923487807,,,False
2008-08-03 01:30:00+00:00,0.7727918734849608,0.0149032660152525,,0.12776317725457,0.1249344714798496,,,False
2008-08-03 02:00:00+00:00,0.8201803940967167,0.0149032660152525,,0.1941743532128137,0.0755722027035939,,,False
2008-08-03 02:30:00+00:00,0.86826498057117,0.0149032660152525,,0.0678287927664932,0.0320809178048402,,,False
2008-08-03 03:00:00+00:00,0.9664766529729228,0.0149032660152525,,0.041086614761785,0.0,,,False
2008-08-03 03:30:00+00:00,0.9170339335095744,0.0149032660152525,,0.303209471381499,0.013642904853752,,,False
2008-08-03 04:00:00+00:00,0.86826498057117,0.0,,0.303209471381499,0.0529405258056119,,,False
2008-08-03 04:30:00+00:00,0.86826498057117,0.0149032660152525,,0.303209471381499,0.1249344714798496,,,False
2008-08-03 05:00:00+00:00,0.7727918734849608,0.035049262503742,,0.462884409741906,0.1249344714798496,,,False
2008-08-03 05:30:00+00:00,0.6801562202309568,0.0149032660152525,,0.4215888017561591,0.0996399900117151,,,False
2008-08-03 06:00:00+00:00,0.5467975049108483,0.0149032660152525,,0.4215888017561591,0.0996399900117151,,,False
2008-08-03 06:30:00+00:00,0.503914994798598,0.0149032660152525,,0.3417087599009312,0.1249344714798496,,,False
2008-08-03 07:00:00+00:00,0.4618579375412712,0.0149032660152525,,0.462884409741906,0.1786644923487807,,,False
2008-08-03 07:30:00+00:00,0.3025418976727815,0.035049262503742,,0.462884409741906,0.1513113151709865,,,False
2008-08-03 08:00:00+00:00,0.1599108078625812,0.057846624130778,,0.7745313754452636,0.2069125808563458,,,False
2008-08-03 08:30:00+00:00,0.1599108078625812,0.1654221240802591,,0.4215888017561591,0.2658471270528603,,,False
2008-08-03 09:00:00+00:00,0.0966526291481698,0.3935957050386612,,1.0697749458510817,0.4254782924674116,,,False
2008-08-03 09:30:00+00:00,0.0,0.6974282780102629,,1.388470370491314,0.6736603800540347,,,False
2008-08-03 10:00:00+00:00,0.0409974307842517,1.1283759486711828,,1.6132973819482368,0.7877380582772064,,,False
2008-08-03 10:30:00+00:00,0.0966526291481698,0.9063314843915772,,1.1734798255902217,0.7111994606078869,,,False
2008-08-03 11:00:00+00:00,0.2651566539985531,1.267594934297904,,1.2262887537286535,0.7877380582772064,,,False
2008-08-03 11:30:00+00:00,0.590479846868466,1.9201637558230773,,1.4996711280825576,1.1123499109728852,,,False
2008-08-03 12:00:00+00:00,1.4962147691481469,3.0122445849921538,,3.160280934456412,1.89217212930738,,,False
2008-08-03 12:30:00+00:00,2.339271989826325,4.127735484407628,,4.961267263554516,2.51189532305487,,,False
2008-08-03 13:00:00+00:00,2.6011253098033635,5.456498348218464,,6.699116042999387,3.013490326636588,,,False
2008-08-03 13:30:00+00:00,2.6011253098033635,4.699068297737472,,6.699116042999387,3.0711720247774594,,,False
2008-08-03 14:00:00+00:00,2.4038674673144653,5.147660468968596,,8.4644421431922,3.856841127044064,,,False
2008-08-03 14:30:00+00:00,2.339271989826325,5.773301840861748,,8.354732048934263,3.425493470440792,,,False
2008-08-03 15:00:00+00:00,2.339271989826325,4.9211839857951,,6.31338998974416,3.0711720247774594,,,False
2008-08-03 15:30:00+00:00,1.12054942855665,4.919008859681652,,6.1646800896094325,3.95828632395558,,,False
2008-08-03 16:00:00+00:00,0.962482155568326,4.993193524323059,,6.349151419385832,3.835123291699776,,,False
2008-08-03 16:30:00+00:00,0.962482155568326,4.993193524323059,,5.279921111007864,3.713476781864196,,,False
2008-08-03 17:00:00+00:00,0.8108724527306675,4.342461656015124,,3.763892121807853,3.299563836746449,,,False
2008-08-03 17:30:00+00:00,0.2779305080705928,2.9074653265102417,,2.7121896609733294,2.5791991518387203,,,False
2008-08-03 18:00:00+00:00,0.0709057789501845,2.270475267422962,,2.020045190964862,2.2171347062398947,,,False
2008-08-03 18:30:00+00:00,0.1012658624836182,2.438927763015899,,2.7121896609733294,2.421817073053175,,,False
2008-08-03 19:00:00+00:00,0.2398703218223609,2.9074653265102417,,2.91253715423194,2.685962376319129,,,False
2008-08-03 19:30:00+00:00,0.1335804638749743,2.4959574345396387,,2.202185606205388,2.4739093863681263,,,False
2008-08-03 20:00:00+00:00,0.1012658624836182,2.10598417352983,,1.6708126236845111,2.3700932586431103,,,False
2008-08-03 20:30:00+00:00,0.0182552196760155,1.737675830568971,,1.7849796452054605,2.2171347062398947,,,False
2008-08-03 21:00:00+00:00,0.0709057789501845,1.4395101403716648,,0.7491624642298441,1.96960090499109,,,False
2008-08-03 21:30:00+00:00,0.0,1.1579930486948626,,0.6594328347725952,1.4579782620613415,,,False
2008-08-03 22:00:00+00:00,0.0182552196760155,0.9799167193635024,,0.7039495777414573,1.2834225355439843,,,False
2008-08-03 22:30:00+00:00,0.0,0.8938718315943769,,0.7491624642298441,1.240766688513924,,,False
2008-08-03 23:00:00+00:00,0.0182552196760155,0.8098886102920956,,0.7950574291321115,1.240766688513924,,,False
2008-08-03 23:30:00+00:00,0.1675716437016191,0.8938718315943769,,0.5302252619251632,1.3699187650644011,,,False
2008-08-04 00:00:00+00:00,0.2779305080705928,0.7686888050165869,,0.5302252619251632,1.198509281871199,,,False
2008-08-04 00:30:00+00:00,0.2030482805101228,0.6093817165043136,,1.034358737503194,1.1152018253544551,,,False
2008-08-04 01:00:00+00:00,0.2030482805101228,0.4959939453144984,,0.8416217822502239,1.1566532685807684,,,False
2008-08-04 01:30:00+00:00,0.2030482805101228,0.4235293839698028,,0.6156278759384533,1.1566532685807684,,,False
2008-08-04 02:00:00+00:00,0.2779305080705928,0.3199479572524392,,0.2572180560814057,0.9933104185963524,,,False
2008-08-04 02:30:00+00:00,0.3171439863850327,0.2232458984153412,,0.1879684985211163,0.914142373718652,,,False
2008-08-04 03:00:00+00:00,0.3574419427471654,0.1347505299541569,,0.0,0.7610057008844652,,,False
2008-08-04 03:30:00+00:00,0.5734874804537916,0.1074565035511001,,0.2220251230026518,0.6151404782170368,,,False
2008-08-04 04:00:00+00:00,0.6660492145117524,0.0814914583177842,,0.1236939243805054,0.4112459281981583,,,False
2008-08-04 04:30:00+00:00,0.6193565415757081,0.0814914583177842,,0.4479090878467188,0.4112459281981583,,,False
2008-08-04 05:00:00+00:00,0.484317081634338,0.0,,1.034358737503194,0.0,,,False
2008-08-04 05:30:00+00:00,0.1335804638749743,,,1.9604417238150007,0.0512019733757889,,,False
2008-08-04 06:00:00+00:00,,,,2.080204383777149,0.2000599002250988,,,False
2008-08-04 06:30:00+00:00,,,,1.9604417238150007,0.2865779000132687,,,False
2008-08-04 07:00:00+00:00,,,,1.8429073634515825,0.3168093873089833,,,False
2008-08-04 07:30:00+00:00,,0.0,,1.7276140258379136,0.3791680864441308,,,False
2008-08-04 08:00:00+00:00,,0.1347505299541569,,2.778420396187098,0.6508983904286328,,,False
2008-08-04 08:30:00+00:00,,0.8938718315943769,,2.91253715423194,0.6871343167370088,,,False
2008-08-04 09:00:00+00:00,,2.553426279995231,,4.21997869724328,1.198509281871199,,,False
2008-08-04 09:30:00+00:00,,6.246148536375984,,6.073398061827696,2.117009384556847,,,False
2008-08-04 10:00:00+00:00,,6.834714560094277,,6.1646800896094325,2.421817073053175,,,False
2008-08-04 10:30:00+00:00,,5.294708665416576,,11.617192924071157,3.184665590600085,,,False
2008-08-04 11:00:00+00:00,,5.921056913957676,,8.991101605467563,3.357571494655609,,,False
2008-08-04 11:30:00+00:00,,6.246148536375984,,12.8080186923636,4.336948979813412,,,False
2008-08-04 12:00:00+00:00,,7.007563764619776,,12.944824551428148,4.9991446541858044,,,False
2008-08-04 12:30:00+00:00,,6.579371388016081,,12.8080186923636,5.06753891148942,,,False
2008-08-04 13:00:00+00:00,,5.525911774926432,,10.862251786787365,4.729546979875764,,,False
2008-08-04 13:30:00+00:00,0.1012658624836182,5.37129067425714,,13.082552566020576,4.9991446541858044,,,False
2008-08-04 14:00:00+00:00,0.2398703218223609,6.164119005958152,,13.22120944159686,5.27513096582694,,,False
2008-08-04 14:30:00+00:00,0.4410727457392404,6.579371388016081,,15.111467426064529,5.557595264240544,,,False
2008-08-04 15:00:00+00:00,0.3171439863850327,6.749078572845648,,17.01075955539618,5.773751821014841,,,False
2008-08-04 15:30:00+00:00,0.4360507225910676,7.559907984166392,,21.60884338540765,5.430604309179732,,,False
2008-08-04 16:00:00+00:00,1.1074517271356363,6.282118220165639,,15.698213896469618,4.616661539484324,,,False
2008-08-04 16:30:00+00:00,1.6119478304223156,4.679150873156964,,12.8080186923636,5.152969760773104,,,False
2008-08-04 17:00:00+00:00,1.160873496947502,3.277841693587888,,6.306687224241984,4.616661539484324,,,False
2008-08-04 17:30:00+00:00,0.3135529361616836,2.450178232466947,,3.461745761494333,3.3252092553441783,,,False
2008-08-04 18:00:00+00:00,,1.7065264726187603,,2.710340670779323,2.607530201799941,,,False
2008-08-04 18:30:00+00:00,,1.7568330636644711,,3.974460951217284,2.3990794918052543,,,False
2008-08-04 19:00:00+00:00,0.0424678005118126,2.8535132998007318,,7.25577920365806,3.26781043414493,,,False
2008-08-04 19:30:00+00:00,1.0026543773879388,3.5938810873306517,,8.58914013941532,5.290987924252296,,,False
2008-08-04 20:00:00+00:00,1.160873496947502,2.450178232466947,,6.584674661478467,5.290987924252296,,,False
2008-08-04 20:30:00+00:00,0.3135529361616836,2.014891288291163,,5.250426004265292,3.097814260749415,,,False
2008-08-04 21:00:00+00:00,0.0,0.6760272998049228,,,0.9844056530914032,,,False
2008-08-04 21:30:00+00:00,0.0,0.250328716030058,,,0.2840815239403676,,,True
2008-08-04 22:00:00+00:00,0.0,0.1894859563349268,,,0.0,,,False
2008-08-04 22:30:00+00:00,0.1656880751604204,0.1604619660732699,,,0.0507615633818035,,,False
2008-08-04 23:00:00+00:00,0.478792461758058,0.1894859563349268,,,0.1450486432657332,,,False
2008-08-04 23:30:00+00:00,0.7053291901085257,0.2820237354948856,,,0.4400005347072468,,,False
2008-08-05 00:00:00+00:00,0.951295776132762,0.2820237354948856,,,0.5402955138840324,,,False
2008-08-05 00:30:00+00:00,1.054709326045782,0.2820237354948856,,,0.6097050726399468,,,False
2008-08-05 01:00:00+00:00,1.160873496947502,0.2820237354948856,,0.2366923925481213,0.6451387580897532,,,False
2008-08-05 01:30:00+00:00,1.160873496947502,0.2820237354948856,,0.3083190223583505,0.9059711315390172,,,False
2008-08-05 02:00:00+00:00,1.160873496947502,0.250328716030058,,0.4228041236418252,0.7915179706051717,,,False
2008-08-05 02:30:00+00:00,1.160873496947502,0.250328716030058,,0.5033376799358796,0.8673882513685812,,,False
2008-08-05 03:00:00+00:00,1.1074517271356363,0.1894859563349268,,0.673501967577936,0.9449785790427384,,,False
2008-08-05 03:30:00+00:00,0.850707823511376,0.1894859563349268,,0.673501967577936,0.9449785790427384,,,False
2008-08-05 04:00:00+00:00,0.6122520222555707,0.1324783849931013,,0.8084796914743416,0.9449785790427384,,,False
2008-08-05 04:30:00+00:00,0.7053291901085257,0.1056473401839519,,1.1458728469080144,0.717415905560958,,,False
2008-08-05 05:00:00+00:00,0.4360507225910676,0.0,,1.51253340011064,0.4729053515764608,,,False
2008-08-05 05:30:00+00:00,0.0701131139484616,,,2.144339088409533,0.4729053515764608,,,False
2008-08-05 06:00:00+00:00,,,,2.024523867991025,0.5063417538776172,,,False
2008-08-05 06:30:00+00:00,,,,1.9654336629217943,0.0507615633818035,,,False
2008-08-05 07:00:00+00:00,,0.0144604385925302,,3.0437281601692523,0.08060106568269827,,,True
2008-08-05 07:30:00+00:00,,1.0492514209802664,,5.250426004265292,0.1712593174716871,,,False
2008-08-05 08:00:00+00:00,,3.854556841136184,,7.354269390662172,0.8292352744131551,,,False
2008-08-05 08:30:00+00:00,,7.121104229830609,,8.91362422700262,3.3829757073508824,,,False
2008-08-05 09:00:00+00:00,,6.864069866706864,,10.278169656103584,5.290987924252296,,,False
2008-08-05 09:30:00+00:00,,11.244869980790437,,11.002231140358283,4.357824209385264,,,False
2008-08-05 10:00:00+00:00,,7.920509337720107,,14.06086063456554,3.26781043414493,,,False
2008-08-05 10:30:00+00:00,,2.736137086122578,,11.375197503810767,3.3829757073508824,,,False
2008-08-05 11:00:00+00:00,,4.679150873156964,,13.2173091487584,3.919527084571956,,,False
2008-08-05 11:30:00+00:00,0.0701131139484616,7.03491047818146,,16.166214206506584,5.360595626696256,,,False
2008-08-05 12:00:00+00:00,0.035056556974230796,6.445879220443428,,12.013528102541532,5.152969760773104,,,True
2008-08-05 12:30:00+00:00,0.0,6.445879220443428,,16.166214206506584,5.430604309179732,,,False
2008-08-05 13:00:00+00:00,0.4360507225910676,7.29505107689706,,15.08876611951151,5.78671407216936,,,False
2008-08-05 13:30:00+00:00,0.850707823511376,7.03491047818146,,18.30811444271111,6.529893654935736,,,False
2008-08-05 14:00:00+00:00,1.325144743192548,7.29505107689706,,26.25678711508057,5.290987924252296,,,False
2008-08-05 14:30:00+00:00,0.951295776132762,6.120338888421324,,14.20476898741434,4.1677112286238325,,,False
2008-08-05 15:00:00+00:00,1.160873496947502,6.20098194241926,,15.08876611951151,4.881683795851909,,,False
2008-08-05 15:30:00+00:00,1.9547299731677543,6.655717842484789,,22.292913964313485,5.21044658017434,,,False
2008-08-05 16:00:00+00:00,1.48934519511039,6.401710740138659,,21.319466803074107,4.463767643630796,,,False
2008-08-05 16:30:00+00:00,1.6021475023508855,5.277285556086852,,25.2084303398966,5.071037160665268,,,False
2008-08-05 17:00:00+00:00,2.076924051132937,4.678269205793364,,15.669634547798964,3.888667574314488,,,False
2008-08-05 17:30:00+00:00,0.9621205030170684,3.636641543270976,,9.05482845940043,2.667939566903201,,,False
2008-08-05 18:00:00+00:00,0.3394567089079535,3.312422211684906,,9.497272852652651,2.1957378587161704,,,False
2008-08-05 18:30:00+00:00,0.6321138110173117,4.678269205793364,,10.536323233989096,2.887580056275119,,,False
2008-08-05 19:00:00+00:00,0.2639955381465412,3.70284873229206,,7.998419694471768,2.4018458399700804,,,False
2008-08-05 19:30:00+00:00,0.0408201115220157,2.6387423449659937,,4.572655316532757,1.995663848574492,,,False
2008-08-05 20:00:00+00:00,0.3786671583216468,2.9994852132636662,,4.494102697050588,2.349754447806093,,,False
2008-08-05 20:30:00+00:00,0.3786671583216468,2.6977497850946768,,3.1744859894024797,1.8495893184063912,,,False
2008-08-05 21:00:00+00:00,0.0962331199083061,2.1277540823495507,,1.970336989909807,1.5677834297850108,,,False
2008-08-05 21:30:00+00:00,0.0,1.7554297545275186,,1.3096849590896509,1.171547113882824,,,False
2008-08-05 22:00:00+00:00,0.0,1.4540726513654711,,1.0582395095331936,0.8087728497530652,1.6451809506329942,,False
2008-08-05 22:30:00+00:00,0.0173527182290165,1.3096849590896544,,0.7314978842586863,0.3520160552109657,1.0813874385418991,,False
2008-08-05 23:00:00+00:00,0.0673880555912436,1.1695932538386875,,0.7762779866531628,0.3520160552109657,1.0813874385418991,,False
2008-08-05 23:30:00+00:00,0.1929037065209506,1.2158072929986912,,0.8677758374657101,0.4830794336512259,1.278749893956534,,False
2008-08-06 00:00:00+00:00,0.2278648841994623,0.9896695510589676,,0.961786888424766,0.5519533840774848,1.3294774021415183,,False
2008-08-06 00:30:00+00:00,0.1269300674125231,0.6946863702049584,,0.3603307967116992,0.5172510746211985,1.278749893956534,,False
2008-08-06 01:00:00+00:00,0.1592142781308364,0.2896731329011758,,0.0,0.3520160552109657,0.8931692293882056,,False
2008-08-06 01:30:00+00:00,0.1929037065209506,0.1946012780448018,,0.2512772208811246,0.4830794336512259,0.758287315674252,,False
2008-08-06 02:00:00+00:00,0.1592142781308364,0.1360435737089185,,0.5178309353242667,0.4494529364721408,0.6290905763855305,,False
2008-08-06 02:30:00+00:00,0.1592142781308364,0.0349157324677018,,0.4374749739929616,0.2025360992614176,0.3156986638584936,,False
2008-08-06 03:00:00+00:00,0.1592142781308364,0.0148465755510223,,0.5591452738321189,0.2025360992614176,0.2801683531714496,,False
2008-08-06 03:30:00+00:00,0.1929037065209506,0.0,,0.7762779866531628,0.0,0.0,,False
2008-08-06 04:00:00+00:00,0.2278648841994623,0.0349157324677018,,1.2073685895119557,0.2309922920383408,0.1794923699774648,,False
2008-08-06 04:30:00+00:00,0.1929037065209506,0.1946012780448018,,1.6301416028234794,0.3520160552109657,12.939833676496356,,False
2008-08-06 05:00:00+00:00,0.1269300674125231,0.4276513378761372,,1.970336989909807,0.4163877364773671,12.8080186923636,,False
2008-08-06 05:30:00+00:00,0.0173527182290165,0.5383958449343291,,2.2686071262262666,0.4830794336512259,0.3893908192698024,,False
2008-08-06 06:00:00+00:00,0.0,0.9027396045282924,,2.5801809414304246,0.6228991253196432,0.5059519020659269,,False
2008-08-06 06:30:00+00:00,0.019503016657295077,1.357341272024922,,3.1744859894024797,0.8863530560161813,0.6290905763855305,,True
2008-08-06 07:00:00+00:00,0.0673880555912436,2.182743345300357,,4.416111640546524,1.3436573600492605,1.0813874385418991,,False
2008-08-06 07:30:00+00:00,0.1929037065209506,3.1233120799474867,,5.819836950801072,2.09494478654842,2.2133845558145304,,False
2008-08-06 08:00:00+00:00,0.4188003442156512,4.109724281076228,,7.397338402561212,2.887580056275119,2.897798902002756,,False
2008-08-06 08:30:00+00:00,0.4188003442156512,4.678269205793364,,7.998419694471768,3.2864694277736666,10.113322403410848,,False
2008-08-06 09:00:00+00:00,0.7228692797400073,6.655717842484789,,12.410493369679152,4.797111380700421,8.195487315299555,,True
2008-08-06 09:30:00+00:00,0.816503829995754,7.35648085678536,,13.488284695847687,4.729641325739136,6.18468040544976,,False
2008-08-06 10:00:00+00:00,1.217923172028108,7.35648085678536,,17.745344467183045,4.864984652316744,,,False
2008-08-06 10:30:00+00:00,1.3789456234814916,5.9887434818447645,,16.605127983942072,4.398294679701876,,,False
2008-08-06 11:00:00+00:00,1.894503475638277,6.485856106841604,,15.51733993512972,4.333217520507624,,,False
2008-08-06 11:30:00+00:00,2.264549646828784,6.401710740138659,,17.745344467183045,4.463767643630796,5.8357647405973445,,False
2008-08-06 12:00:00+00:00,2.076924051132937,5.907685765996477,,12.8080186923636,3.228349909874328,4.531166552980296,,False
2008-08-06 12:30:00+00:00,1.2709807969837463,5.747088177665784,,16.289105485519332,3.1706096557009174,,,False
2008-08-06 13:00:00+00:00,0.6321138110173117,6.485856106841604,,12.542130168248413,3.703978011917772,,,False
2008-08-06 13:30:00+00:00,0.5878568240347393,5.5885000262625,,12.942282749808385,4.140349594457509,,,False
2008-08-06 14:00:00+00:00,0.5878568240347393,5.9887434818447645,,17.745344467183045,4.529637581101884,,,False
2008-08-06 14:30:00+00:00,0.4188003442156512,5.747088177665784,,17.087204827922832,3.0562648438695983,5.165564647744188,,False
2008-08-06 15:00:00+00:00,0.0673880555912436,4.605551795149632,,17.579136661062876,3.4631094627811008,5.003654247727092,,False
2008-08-06 15:30:00+00:00,,4.865191570051776,,10.74834722810473,3.835123291699776,5.048037326781468,,False
2008-08-06 16:00:00+00:00,,3.75508755001458,,6.098479370677836,4.082973092013672,4.423015806240961,,False
2008-08-06 16:30:00+00:00,,2.0846146130531817,,3.552967354780404,3.0712531992983965,3.074218732716117,,False
2008-08-06 17:00:00+00:00,,1.1018084057141868,,3.138004083969947,2.2171347062398947,,,False
2008-08-06 17:30:00+00:00,0.0424678005118126,1.2376060944140088,,4.518172534073868,2.9593229011041022,,,False
2008-08-06 18:00:00+00:00,0.522426045735612,1.4252098147318295,,2.3037188793773686,2.9039125318395267,,,False
2008-08-06 18:30:00+00:00,1.054709326045782,1.2376060944140088,,2.8066714061344955,2.848871561027364,0.0377740530991756,,False
2008-08-06 19:00:00+00:00,1.5533069681813578,1.1465996920543908,,2.1832042390032456,2.9593229011041022,2.5000074121424114,,False
2008-08-06 19:30:00+00:00,1.0026543773879388,0.8433326802713436,,2.0063639519914536,1.5929621303918038,1.2705419395734372,,False
2008-08-06 20:00:00+00:00,1.054709326045782,0.7612330302394704,,1.7221845583439244,0.6871343167370088,0.7975676992741308,,False
2008-08-06 20:30:00+00:00,1.0026543773879388,0.8433326802713436,,1.834264929322116,0.443894854067244,0.5836749968112371,,False
2008-08-06 21:00:00+00:00,0.951295776132762,0.9703366899155064,,1.612243119393029,0.3476815705158735,0.5428850665229352,,False
2008-08-06 21:30:00+00:00,0.951295776132762,0.9703366899155064,,1.612243119393029,0.4112459281981583,0.6251485339621188,,False
2008-08-06 22:00:00+00:00,1.054709326045782,0.8851606817479416,,1.7779583921649875,0.6508983904286328,,,False
2008-08-06 22:30:00+00:00,0.850707823511376,0.5654882541331656,,1.612243119393029,0.6151404782170368,,,False
2008-08-06 23:00:00+00:00,0.7053291901085257,0.384586974714276,,1.4513829152606426,0.2570176051352201,,,False
2008-08-06 23:30:00+00:00,0.3942355125042144,0.2211305619209079,,1.0954169336406132,0.2865779000132687,,,False
2008-08-07 00:00:00+00:00,0.2007617655153074,0.1334795890913341,,0.9514660880539944,0.4112459281981583,,,False
2008-08-07 00:30:00+00:00,0.2007617655153074,0.1064445453532015,,1.1445704433795816,0.0,,,False
2008-08-07 01:00:00+00:00,0.1320817060782327,0.0807251950973941,,1.04684395484556,0.0,,,False
2008-08-07 01:30:00+00:00,0.1001317382601055,0.0807251950973941,,0.6371112661522237,0.0131961301428558,,,False
2008-08-07 02:00:00+00:00,0.1001317382601055,0.0807251950973941,,0.1500110751966912,0.0131961301428558,,,False
2008-08-07 02:30:00+00:00,0.2371642049552119,0.1064445453532015,,0.0,0.0512019733757889,,,False
2008-08-07 03:00:00+00:00,0.4360507225910676,0.1334795890913341,,0.0635122620721303,0.1727557188901045,,,False
2008-08-07 03:30:00+00:00,0.5669213532395075,0.1909224039871152,,0.2146490877978417,0.1208143030789094,,,False
2008-08-07 04:00:00+00:00,0.478792461758058,0.1616765199392624,,0.9988579818419832,0.2570176051352201,,,False
2008-08-07 04:30:00+00:00,0.1320817060782327,0.0565448018396299,,2.48841084947499,0.443894854067244,,,False
2008-08-07 05:00:00+00:00,0.0,0.0,,2.871890529200777,0.6151404782170368,,,False
2008-08-07 05:30:00+00:00,,,,2.677800928207396,0.6871343167370088,,,False
2008-08-07 06:00:00+00:00,,,,2.5510189656365747,0.6151404782170368,,,False
2008-08-07 06:30:00+00:00,,,,2.5510189656365747,0.5450982340062204,,,False
2008-08-07 07:00:00+00:00,,0.0807251950973941,,2.064785399634546,0.5450982340062204,,,False
2008-08-07 07:30:00+00:00,,0.384586974714276,,2.243199923518608,0.6508983904286328,,,False
2008-08-07 08:00:00+00:00,,1.1465996920543908,,2.9376327937096294,0.9933104185963524,,,False
2008-08-07 08:30:00+00:00,,2.0846146130531817,,3.412530787684637,1.6387214905105163,,,False
2008-08-07 09:00:00+00:00,,3.6244161590985,,4.061319493442292,2.73989670532897,,,False
2008-08-07 09:30:00+00:00,0.1001317382601055,4.576729562155728,,4.596238585711116,3.357571494655609,,,False
2008-08-07 10:00:00+00:00,0.3533871356679283,4.648152117865572,,5.1583545146805845,3.5933400569861824,,,False
2008-08-07 10:30:00+00:00,0.478792461758058,5.012210478440412,,6.277092130496987,3.896514802658485,,,False
2008-08-07 11:00:00+00:00,0.6583948274587463,5.464582442998307,,6.827546269856124,4.082973092013672,,,False
2008-08-07 11:30:00+00:00,1.269726394859064,6.4216129409757725,,8.200526250266316,4.597117645949532,,,False
2008-08-07 12:00:00+00:00,1.325144743192548,6.756606002810628,,9.593524929090671,4.9991446541858044,,,False
2008-08-07 12:30:00+00:00,1.4379374877549949,7.8116453931579475,,10.868017042029347,5.345136105438492,,,False
2008-08-07 13:00:00+00:00,1.5533069681813578,7.451459396883792,,13.026337929426024,5.27513096582694,,,False
2008-08-07 13:30:00+00:00,1.6119478304223156,7.362757337739768,,14.26983048022698,5.345136105438492,,,False
2008-08-07 14:00:00+00:00,1.160873496947502,6.756606002810628,,11.853943577613467,4.931149656548592,,,False
2008-08-07 14:30:00+00:00,1.160873496947502,6.927181353502957,,16.51341956843412,5.846632930293985,,,False
2008-08-07 15:00:00+00:00,1.2149672830434397,8.180568191264257,,20.606098996278792,5.06753891148942,,,False
2008-08-07 15:30:00+00:00,1.6514998824090528,5.428373948340444,,17.446018359393577,4.1486656307883845,,,False
2008-08-07 16:00:00+00:00,2.2705747147291397,6.296284745164511,,18.25078451650362,4.739282553137796,,,False
2008-08-07 16:30:00+00:00,2.809349318300364,5.737193114546844,,15.76477821403638,4.672061984624724,,,False
2008-08-07 17:00:00+00:00,2.671046023319539,6.378126853387427,,18.58011937163471,5.577775175805084,,,False
2008-08-07 17:30:00+00:00,2.6027969667551893,5.504861805460668,,20.82980658078954,5.50562364614322,,,False
2008-08-07 18:00:00+00:00,1.95342866312697,3.862753569264132,,15.76477821403638,4.1486656307883845,,,False
2008-08-07 18:30:00+00:00,1.5929621303918111,3.284705325175254,,10.21711695017976,3.11933243466346,,,False
2008-08-07 19:00:00+00:00,0.8409495182990796,3.601471042218564,,9.66456375366132,2.5119718936906934,,,False
2008-08-07 19:30:00+00:00,0.8409495182990796,4.761131684698116,,10.557112678944623,3.589869244224265,,,False
2008-08-07 20:00:00+00:00,0.5165105680700676,4.761131684698116,,8.009336895204637,3.292922998445616,,,False
2008-08-07 20:30:00+00:00,0.2345129152054506,3.796773243375096,,8.61046734473244,2.5119718936906934,,,False
2008-08-07 21:00:00+00:00,0.1306131492154647,1.7099373943909115,,3.0060520056885744,1.08994500819369,,,False
2008-08-07 21:30:00+00:00,0.0,0.7168068927190836,,0.869838832545178,0.1483812837576961,,,True
2008-08-07 22:00:00+00:00,0.0693363641576652,0.6000330228814188,,0.0,0.0,1.3124796640553915,,False
2008-08-07 22:30:00+00:00,0.3100349074460216,0.7973663492782115,,1.0992139676852544,0.3213239718372498,1.6776619027484112,,False
2008-08-07 23:00:00+00:00,0.5604902201194848,0.9220894045627392,,1.3932775729607834,0.4839451843396464,2.06814789028611,,False
2008-08-07 23:30:00+00:00,0.6508983904286328,0.7973663492782115,,0.6123260368669607,0.2314014988723268,1.7866781641501954,,False
2008-08-08 00:00:00+00:00,0.74443092374736,0.6000330228814188,,0.3073962597264129,0.0741150543407576,,,False
2008-08-08 00:30:00+00:00,0.8409495182990796,0.4884201601145351,,0.5717230826767417,0.1225186627660689,,,False
2008-08-08 01:00:00+00:00,0.9403428209929596,0.3823929744626844,,0.5717230826767417,0.1225186627660689,,,False
2008-08-08 01:30:00+00:00,0.8409495182990796,0.3150999645275408,,0.5717230826767417,0.2028943798612855,,,False
2008-08-08 02:00:00+00:00,0.8902929260264688,0.2508021558158018,,0.6123260368669607,0.1751998323724113,,,False
2008-08-08 02:30:00+00:00,1.1474067574730054,0.2198787204205073,,1.0992139676852544,0.1751998323724113,1.2624289727907023,,False
2008-08-08 03:00:00+00:00,0.6508983904286328,0.1607640510139808,,2.3262769547559863,0.2906557803013918,0.927497574073242,,False
2008-08-08 03:30:00+00:00,0.4733810063225639,0.0802716779978514,,2.689703158631317,0.5529454558116912,0.927497574073242,,False
2008-08-08 04:00:00+00:00,0.2717117597924024,0.0562276136014513,,2.878038262925928,0.5529454558116912,0.7056390191945328,,False
2008-08-08 04:30:00+00:00,0.0990204261613203,0.014487414219558,,2.689703158631317,0.4839451843396464,0.4605636479229936,,False
2008-08-08 05:00:00+00:00,0.0,0.0,,2.2090604658767354,0.3213239718372498,0.2767291997081044,,False
2008-08-08 05:30:00+00:00,,,,3.136036018919277,0.3213239718372498,0.088487114390519,,False
2008-08-08 06:00:00+00:00,,,,2.689703158631317,0.2028943798612855,0.088487114390519,,True
2008-08-08 06:30:00+00:00,,0.2508021558158018,,3.606581981874384,0.2314014988723268,0.088487114390519,,False
2008-08-08 07:00:00+00:00,,0.7973663492782115,,3.606581981874384,0.5882302476015804,0.4996786298180651,,False
2008-08-08 07:30:00+00:00,,1.6599640018576536,,4.775013767154456,0.967465249810002,0.8369432248861981,,False
2008-08-08 08:00:00+00:00,,3.284705325175254,,6.783242442403644,1.4347828773303768,1.954036688640156,,False
2008-08-08 08:30:00+00:00,,5.053019593380624,,8.009336895204637,1.9994381924846507,3.4562035828526976,,False
2008-08-08 09:00:00+00:00,,6.296284745164511,,8.107939993767552,2.8931877192952977,4.39210015774848,,False
2008-08-08 09:30:00+00:00,,8.030764307669328,,9.66456375366132,3.351547720090501,5.012210478440412,,False
2008-08-08 10:00:00+00:00,,6.965137157886108,,13.925174605131204,3.834342022966884,5.457910578200251,,True
2008-08-08 10:30:00+00:00,,4.833410829092316,,12.61020407886432,3.711333569967,5.836469045277744,,False
2008-08-08 11:00:00+00:00,0.3494149308431449,6.965137157886108,,14.475018881868875,3.11933243466346,6.18193170795096,,False
2008-08-08 11:30:00+00:00,1.2549411727260695,6.296284745164511,,15.76477821403638,4.085019662135544,5.5970710931956855,,True
2008-08-08 12:00:00+00:00,1.535046888779982,7.311871581189912,,20.11688215550298,4.341963750576552,5.012210478440412,,False
2008-08-08 12:30:00+00:00,0.4311313803132408,5.97386739721662,,11.375908628034132,3.062228315182085,5.417396852491764,,False
2008-08-08 13:00:00+00:00,0.6972834782995488,6.378126853387427,,18.58011937163471,3.958901566571988,6.536649604178016,,False
2008-08-08 13:30:00+00:00,0.4733810063225639,5.737193114546844,,19.941588878811984,4.341963750576552,6.536649604178016,,False
2008-08-08 14:00:00+00:00,0.8902929260264688,6.214939931128464,,21.748124086134226,4.021765310018988,6.717535554006541,,False
2008-08-08 14:30:00+00:00,0.9403428209929596,5.35236086847978,,15.617769771715812,3.896427453585696,6.62679623831328,,False
2008-08-08 15:00:00+00:00,0.7923244690481508,5.428373948340444,,12.737980611413892,3.4699425982072416,6.008054394631212,,False
2008-08-08 15:30:00+00:00,0.2675068595112755,5.566418709484932,,12.164836130694397,4.294434297997585,5.710233435782075,,False
2008-08-08 16:00:00+00:00,0.3052283014720303,5.801699593197755,,14.677419310886844,3.849672683964996,6.050602410463692,,False
2008-08-08 16:30:00+00:00,2.1064635599726738,3.904215442490844,,14.237318294119044,3.4240370134902407,3.709342972287972,,False
2008-08-08 17:00:00+00:00,2.1064635599726738,3.971423983875372,,10.77156673270416,4.229713437020712,3.2306145563760915,,False
2008-08-08 17:30:00+00:00,1.9212937042309453,4.175755947106128,,8.168149312966152,3.912031688735988,3.570036394638186,,False
2008-08-08 18:00:00+00:00,1.8607566317908035,3.510355772450405,,7.75483369371216,3.13156590447965,4.287035650696343,,False
2008-08-08 18:30:00+00:00,2.492715702391776,4.525408381163651,,10.2896798627979,3.912031688735988,5.216386159364616,,False
2008-08-08 19:00:00+00:00,2.626163347159224,4.384174329654084,,4.824628957739628,3.3058992710539257,4.664969351468748,,False
2008-08-08 19:30:00+00:00,1.682729088662358,3.4462680870088334,,3.3752654259722243,2.5216537539617567,3.9940735859847,,False
2008-08-08 20:00:00+00:00,1.077122937839616,3.0709955718413924,,2.435826162392147,1.860071157532944,3.2974923033143098,,False
2008-08-08 20:30:00+00:00,0.827624220842808,2.5951358921145085,,1.659539503217772,1.30725733614228,2.589307708414036,,False
2008-08-08 21:00:00+00:00,0.6862952637632735,2.2565317986030817,,0.9787284039144384,0.9710109605230164,2.3467118990132487,,False
2008-08-08 21:30:00+00:00,0.9253875821287644,2.480526590314291,,0.9305513223925392,1.2637746052028496,3.032986933839932,,False
2008-08-08 22:00:00+00:00,1.234759058823618,2.039517718950618,,1.0275295500802908,1.1357883231139907,2.7135862268601456,,False
2008-08-08 22:30:00+00:00,0.5517058700432196,1.061664769596618,,0.4855106409660396,0.891212080804938,1.8300281051720808,,False
2008-08-08 23:00:00+00:00,0.3052283014720303,0.5300973832953852,,0.2555727613128659,0.5903544602532492,1.2544094098492524,,False
2008-08-08 23:30:00+00:00,0.3052283014720303,0.3517272537896387,,0.1229081604021558,0.3859636764680568,0.8763986198271096,,False
2008-08-09 00:00:00+00:00,0.2308901951917519,0.3517272537896387,,0.0168066281378914,0.4518737340519492,0.9216757586901312,,False
2008-08-09 00:30:00+00:00,0.3052283014720303,0.2852566967955027,,0.0395333094581294,0.2036143973098134,0.6173973486560016,,False
2008-08-09 01:00:00+00:00,0.2308901951917519,0.1916480496517603,,0.0,0.098060818122356,0.4965946121434752,,False
2008-08-09 01:30:00+00:00,0.2308901951917519,0.10684724794745,,0.0395333094581294,0.0,0.3456513801432072,,False
2008-08-09 02:00:00+00:00,0.2675068595112755,0.0567580675524782,,0.1229081604021558,0.0315746472035976,0.3822251447629008,,False
2008-08-09 02:30:00+00:00,0.2675068595112755,0.081030127289797,,0.1229081604021558,0.0521038769424602,0.3456513801432072,,False
2008-08-09 03:00:00+00:00,0.2308901951917519,0.081030127289797,,0.0395333094581294,0.2036143973098134,0.457725790830348,,False
2008-08-09 03:30:00+00:00,0.1954602502762669,0.10684724794745,,0.0931890999888673,0.2322238657603683,0.4965946121434752,,False
2008-08-09 04:00:00+00:00,0.1954602502762669,0.081030127289797,,0.0931890999888673,0.2322238657603683,0.5361763855785587,,False
2008-08-09 04:30:00+00:00,0.1613205581233676,0.0567580675524782,,0.1229081604021558,0.0315746472035976,0.3456513801432072,,False
2008-08-09 05:00:00+00:00,0.0,0.0,,0.8361045642610367,0.0,0.0,,False
2008-08-09 05:30:00+00:00,,0.0,,0.8361045642610367,0.0315746472035976,,,True
2008-08-09 06:00:00+00:00,,0.0,,0.9787284039144384,0.074376186703101,,,False
2008-08-09 06:30:00+00:00,,0.0567580675524782,,0.9305513223925392,0.1758206744567075,0.0,,False
2008-08-09 07:00:00+00:00,,0.3181142129813485,,1.659539503217772,0.2916917189059514,4.588330544080596,,False
2008-08-09 07:30:00+00:00,,0.9741482502957,,2.2484461512838894,0.5549393237398595,,,False
2008-08-09 08:00:00+00:00,,1.7781292498163794,,1.7728920619287551,1.0115646942589127,,,False
2008-08-09 08:30:00+00:00,,3.639860580660408,,3.4464860642055384,1.576587182895846,,,False
2008-08-09 09:00:00+00:00,,8.890243327061315,,7.75483369371216,2.848637468920471,,,False
2008-08-09 09:30:00+00:00,,9.692111413150704,,2.187078866289605,2.31124478217237,4.36157393126688,,False
2008-08-09 10:00:00+00:00,,3.194328808823637,,0.7442687333521548,1.30725733614228,2.28730549703575,,False
2008-08-09 10:30:00+00:00,,2.093115080555928,,1.4395926033297826,1.1357883231139907,2.7135862268601456,,False
2008-08-09 11:00:00+00:00,,3.5748862947973765,,2.3728202676725725,1.6228612221820775,3.850685174672856,,False
2008-08-09 11:30:00+00:00,0.5084301908609424,4.668486827703012,,5.848254470298168,2.1069088816408343,2.527913589124295,,False
2008-08-09 12:00:00+00:00,0.3837310476984108,4.039082759900772,,3.663476134634232,2.1069088816408343,4.139519652349272,,False
2008-08-09 12:30:00+00:00,1.1290226458189463,4.960226766098772,,6.208990467232392,3.074218732716117,5.297319929393136,,False
2008-08-09 13:00:00+00:00,1.234759058823618,6.7876543726239245,,9.476630455976604,3.787703879054544,5.964663637166544,,False
2008-08-09 13:30:00+00:00,1.288583066384597,6.7876543726239245,,10.053502315539012,2.683439664712376,6.050602410463692,,False
2008-08-09 14:00:00+00:00,1.3981150245576637,5.961008133731879,,13.523245663712435,3.13156590447965,6.224188724414316,,False
2008-08-09 14:30:00+00:00,1.8008154540513253,5.335507727261352,,9.251206983471276,2.904462449624117,5.964663637166544,,False
2008-08-09 15:00:00+00:00,1.5670538051655132,6.7026945102534,,15.27823412446428,3.787703879054544,6.311841645506832,,False
2008-08-09 15:30:00+00:00,0.1354201192197784,6.122299940907336,,17.420236079356403,4.870424467588068,4.9709253171699,,False
2008-08-09 16:00:00+00:00,1.247116201110396,5.335507727261352,,13.658482146239605,4.102864048933344,4.191563234230416,,False
2008-08-09 16:30:00+00:00,1.3603466116178498,4.384174329654084,,8.893922830310736,4.804384193862984,3.678339687402744,,False
2008-08-09 17:00:00+00:00,1.1915311465426714,5.335507727261352,,11.18597020852111,5.55208645283028,3.822300628333237,,False
2008-08-09 17:30:00+00:00,1.5352594497777132,4.039082759900772,,5.626473906062484,4.608547241137524,3.466374438568241,,False
2008-08-09 18:00:00+00:00,1.136641626501473,3.639860580660408,,6.69625672207194,4.416111640546524,4.343045751049968,,False
2008-08-09 18:30:00+00:00,0.6754498377008472,4.244772921796116,,6.69625672207194,4.164770542862844,4.267032972340861,,False
2008-08-09 19:00:00+00:00,0.7236350029202149,4.740721528546188,,7.168054315103531,4.352717083044996,4.343045751049968,,False
2008-08-09 19:30:00+00:00,1.3603466116178498,5.034334431903192,,10.703360789596404,5.138424750698568,3.466374438568241,,False
2008-08-09 20:00:00+00:00,0.8729144168089356,3.4462680870088334,,5.123486938020948,4.289696065035108,1.8261751640439672,,False
2008-08-09 20:30:00+00:00,0.924198822345456,2.093115080555928,,5.041665505458719,3.218142286583233,1.7146162230379416,,False
2008-08-09 21:00:00+00:00,0.4911008835046536,1.061664769596618,,0.8824546023581592,2.1150931412371463,1.5512694348427165,,False
2008-08-09 21:30:00+00:00,0.1354201192197784,0.5676746537427084,,,1.0894310486121563,0.8094746621699317,,False
2008-08-09 22:00:00+00:00,0.0185047673281706,0.3181142129813485,,,1.0097119829018053,0.6344172029012113,,False
2008-08-09 22:30:00+00:00,0.0,0.2219723202925929,,,0.970455391910424,0.5923139007638519,,False
2008-08-09 23:00:00+00:00,0.0435352124841487,0.10684724794745,,,0.433896921546624,,,False
2008-08-09 23:30:00+00:00,0.2817868984784935,0.0146236714723553,,,0.0,,,False
2008-08-10 00:00:00+00:00,0.5358817102397976,0.0,,,0.1430645013126471,,,False
2008-08-10 00:30:00+00:00,0.62808147156465,0.0146236714723553,,,0.4663360349022707,2.539520890519752,,False
2008-08-10 01:00:00+00:00,0.8729144168089356,0.0146236714723553,,0.0507440898174545,0.6715038634198452,0.9473937965919,,False
2008-08-10 01:30:00+00:00,0.8729144168089356,0.0343907129032505,,0.3383568716925258,0.7436455205552389,0.8548345655656343,,False
2008-08-10 02:00:00+00:00,0.6754498377008472,0.2219723202925929,,0.3757194888744419,0.8175512247777107,0.8094746621699317,,False
2008-08-10 02:30:00+00:00,0.6754498377008472,0.6058452084466752,,0.4139248118329008,0.7436455205552389,0.677199404987262,,False
2008-08-10 03:00:00+00:00,0.5358817102397976,1.061664769596618,,0.6592114722829212,1.828812769753648,0.3550664582795013,,False
2008-08-10 03:30:00+00:00,0.4472391326683536,1.1061572128840838,,0.8824546023581592,2.066483102911049,0.3550664582795013,,False
2008-08-10 04:00:00+00:00,0.2431923720342966,0.8886266042940324,,1.1211330720087107,1.9228021779154567,0.2825044369866104,,False
2008-08-10 04:30:00+00:00,0.1698837328920902,0.6058452084466752,,1.2713374864982268,1.6001851403333376,0.1493905982932875,,False
2008-08-10 05:00:00+00:00,0.0435352124841487,0.3181142129813485,,1.641332433208543,1.2955981674375432,0.0,,False
2008-08-10 05:30:00+00:00,,0.10684724794745,,1.5868364177690135,0.9316062914723388,,,False
2008-08-10 06:00:00+00:00,,,,1.8646832739104569,0.4992980231205936,,,False
2008-08-10 06:30:00+00:00,,,,2.096532877936853,,,,False
2008-08-10 07:00:00+00:00,,,,2.215618108507116,,,,False
2008-08-10 07:30:00+00:00,,,,3.592592066724444,0.1181346634198713,,,False
2008-08-10 08:00:00+00:00,,,,5.123486938020948,0.0500710250982517,,,False
2008-08-10 08:30:00+00:00,,,,4.9604119104448445,0.4663360349022707,2.114281397803331,,False
2008-08-10 09:00:00+00:00,,1.3831085205083844,,3.451445024203595,0.7436455205552389,,,False
2008-08-10 09:30:00+00:00,,3.319417750642794,,5.541194863538784,1.970336989909807,,,False
2008-08-10 10:00:00+00:00,,4.525408381163651,,7.4587452144615,3.1063209312703464,0.3183354695609802,,False
2008-08-10 10:30:00+00:00,,5.566418709484932,,12.844273531142736,3.620841444924408,3.327700690913346,,False
2008-08-10 11:00:00+00:00,,5.64435747938898,,16.459658182369548,4.93684740388818,3.327700690913346,,True
2008-08-10 11:30:00+00:00,,5.488965462704364,,14.79521839118839,4.93684740388818,3.327700690913346,,False
2008-08-10 12:00:00+00:00,,4.960226766098772,,11.18597020852111,4.164770542862844,3.327700690913346,,False
2008-08-10 12:30:00+00:00,,4.039082759900772,,12.71165468271563,4.54402562626368,3.968394981676128,,False
2008-08-10 13:00:00+00:00,,6.7026945102534,,15.688024378659469,5.622408167970384,5.381521156929672,,False
2008-08-10 13:30:00+00:00,,5.488965462704364,,16.303270913725175,4.738725360517572,5.6347347478011125,,False
2008-08-10 14:00:00+00:00,,4.740721528546188,,13.247377023536856,4.870424467588068,4.810631189169312,,False
2008-08-10 14:30:00+00:00,,5.722783765548948,,21.29502421054307,5.482160849578536,5.1334641014860445,,False
2008-08-10 15:00:00+00:00,,4.244772921796116,,10.117513611592129,3.503980202593212,4.11663478141458,,False
2008-08-10 15:30:00+00:00,0.8702265596519628,3.787326063655812,,15.937284153858696,3.351547720090501,4.65333872151474,,False
2008-08-10 16:00:00+00:00,1.1213063469395208,4.403286269932212,,15.787478872244447,4.341963750576552,4.423015806240961,,False
2008-08-10 16:30:00+00:00,2.3448216706525726,3.853950930079452,,15.49077420251088,4.341963750576552,3.6192943858788,,False
2008-08-10 17:00:00+00:00,1.6710116361010452,2.4907945321636307,,10.407189611625984,3.292922998445616,2.878247196654357,,False
2008-08-10 17:30:00+00:00,1.6132973819482368,3.207823750314529,,8.870234298840648,3.4105540361341067,3.904215442490844,,False
2008-08-10 18:00:00+00:00,1.5561828371364013,3.721151010101724,,8.870234298840648,3.65040880647102,4.49925335346006,,False
2008-08-10 18:30:00+00:00,1.6132973819482368,4.263211871979984,,10.17912410740386,3.292922998445616,4.347312534778896,,False
2008-08-10 19:00:00+00:00,1.6710116361010452,4.263211871979984,,6.536649604178016,3.005503095490337,3.976749081117432,,False
2008-08-10 19:30:00+00:00,1.7293227750272269,4.05653582685258,,5.751529267365576,2.7823834632698783,3.904215442490844,,False
2008-08-10 20:00:00+00:00,1.0697749458510817,2.8414098150369447,,2.606578982504575,1.525006554488676,2.4387408902104637,,False
2008-08-10 20:30:00+00:00,0.5050369638021456,1.4850806745044556,,0.3477836472633392,0.0314641049289192,1.0268834125410466,,False
2008-08-10 21:00:00+00:00,0.2657406884390182,0.9347984735648652,,0.539511828268626,0.0133809675886918,0.5428850665229352,,False
2008-08-10 21:30:00+00:00,0.2657406884390182,0.7266081872260691,,1.0203825144960792,0.66030998273163,1.2705419395734372,,False
2008-08-10 22:00:00+00:00,0.4215888017561591,0.4950356128268723,,0.0,0.3526432681894167,,,False
2008-08-10 22:30:00+00:00,0.3811838635539936,0.458550219111966,,0.7487896871535948,0.4502572524795887,,,False
2008-08-10 23:00:00+00:00,0.3811838635539936,0.3875480233059276,,1.7319132655804224,0.2906557803013918,,,False
2008-08-10 23:30:00+00:00,0.5480171579972087,0.3193345849007142,,1.0676802359170945,0.1483812837576961,,,False
2008-08-11 00:00:00+00:00,0.6816816271023228,0.1923787092285486,,0.2425709061389761,0.0,,,False
2008-08-11 00:30:00+00:00,0.5050369638021456,0.1072527201837702,,1.212918928302384,0.0314641049289192,,,False
2008-08-11 01:00:00+00:00,0.462884409741906,0.0345206207402181,,1.8419547687919164,0.2314014988723268,,,False
2008-08-11 01:30:00+00:00,0.4215888017561591,0.0345206207402181,,2.06814789028611,0.66030998273163,,,False
2008-08-11 02:00:00+00:00,0.303209471381499,0.0345206207402181,,1.954036688640156,0.5181794175343032,,,False
2008-08-11 02:30:00+00:00,0.2293685002445659,0.0146788264577748,,1.7866781641501954,0.4502572524795887,,,False
2008-08-11 03:00:00+00:00,0.12776317725457,0.0,,1.7866781641501954,0.4171317991718508,,,False
2008-08-11 03:30:00+00:00,0.0968636286887295,0.0,,1.8977414341526604,0.4839451843396464,,,False
2008-08-11 04:00:00+00:00,0.0678287927664932,0.0,,1.7866781641501954,0.4171317991718508,,,False
2008-08-11 04:30:00+00:00,0.041086614761785,0.0146788264577748,,1.1639540805624289,0.3526432681894167,,,False
2008-08-11 05:00:00+00:00,0.0,0.0146788264577748,,1.8419547687919164,0.5529454558116912,,,False
2008-08-11 05:30:00+00:00,0.0,0.0569727955216015,,1.5180103405805507,0.4839451843396464,,,False
2008-08-11 06:00:00+00:00,,0.0813371534673598,,3.11933243466346,0.6240219927338448,,,False
2008-08-11 06:30:00+00:00,,0.7671870869720004,,5.335258145972976,0.9274975740732384,,,False
2008-08-11 07:00:00+00:00,,1.8369470864499264,,5.253672437868636,1.3902646624900847,,,False
2008-08-11 07:30:00+00:00,,2.961788494081464,,6.358122661739076,1.8530713465359407,,,False
2008-08-11 08:00:00+00:00,0.0,3.0226368201112512,,4.69786841089776,1.757406427322562,,,False
2008-08-11 08:30:00+00:00,,2.2658101323706368,,3.525102674723315,1.4796975201928415,,,False
2008-08-11 09:00:00+00:00,,1.9415115141546024,,3.805818047826948,1.4796975201928415,,,False
2008-08-11 09:30:00+00:00,0.1602611470830589,2.66413121415495,,4.93281415818216,1.9014786436657285,,,False
2008-08-11 10:00:00+00:00,0.1602611470830589,3.0839251000953816,,6.094705216776877,2.25098219003805,,,False
2008-08-11 10:30:00+00:00,0.5917993259765976,4.54520611238958,,7.658203075271172,3.11933243466346,,,False
2008-08-11 11:00:00+00:00,1.0697749458510817,6.314262255043777,,9.512136656262792,4.1486656307883845,,,False
2008-08-11 11:30:00+00:00,0.9686681551923444,6.648663559792392,,11.592208381473684,3.958901566571988,,,False
2008-08-11 12:00:00+00:00,1.018892890256436,6.564292312898016,,12.340398035495808,4.1486656307883845,,,False
2008-08-11 12:30:00+00:00,1.388470370491314,8.35306040059704,,16.856918176181257,4.212704253069396,,,False
2008-08-11 13:00:00+00:00,0.8702265596519628,7.165854093830292,,16.70113197988506,4.672061984624724,,,False
2008-08-11 13:30:00+00:00,0.6816816271023228,5.591391904149012,,17.81340250711777,4.021765310018988,,,False
2008-08-11 14:00:00+00:00,0.9191095003044396,5.907685765996477,,19.668501460927583,4.538825463166452,,,False
2008-08-11 14:30:00+00:00,0.9191095003044396,4.83463046917638,,23.614143352204422,4.538825463166452,,,False
2008-08-11 15:00:00+00:00,1.0697749458510817,5.907685765996477,,23.81650226384717,3.958901566571988,,,False
2008-08-11 15:30:00+00:00,1.6404767825361697,4.094215125226271,,20.10544072840987,3.67956285796386,,,False
2008-08-11 16:00:00+00:00,2.961156970880917,4.094215125226271,,18.83455394368626,4.182234597415476,,,False
2008-08-11 16:30:00+00:00,3.5300264070789438,2.099153319073398,,19.371627890272404,3.927749549169636,,,False
2008-08-11 17:00:00+00:00,2.6240601824838503,2.495600749793524,,17.455781451770424,3.802872702986856,,,False
2008-08-11 17:30:00+00:00,3.4569186533058023,2.04434183725362,,17.455781451770424,4.443083589107772,,,False
2008-08-11 18:00:00+00:00,2.89260670124579,1.3256657631061632,,14.616604887081229,4.246847495600148,,,False
2008-08-11 18:30:00+00:00,2.961156970880917,2.914327659769988,,22.843026910209275,4.182234597415476,,,False
2008-08-11 19:00:00+00:00,3.0302737845215435,3.61754521064136,,13.182652921179889,4.3772708487346925,,,False
2008-08-11 19:30:00+00:00,2.2381802890717752,3.038060565122706,,6.425863512543576,4.182234597415476,,,False
2008-08-11 20:00:00+00:00,1.1011896763929827,3.038060565122706,,4.766561358817536,3.802872702986856,,,False
2008-08-11 20:30:00+00:00,0.9513843314358637,1.4226779424452254,,4.848444047113055,2.2167749978714086,,,False
2008-08-11 21:00:00+00:00,0.7608109450587371,1.1374912342426824,,1.723705494364433,1.225227903099246,,,False
2008-08-11 21:30:00+00:00,0.4961860153768332,1.1837942738778526,,0.0655367510632762,0.8161649181177228,,,False
2008-08-11 22:00:00+00:00,0.5813907915784283,1.0916891084433886,,0.0,1.0152886577237965,,,False
2008-08-11 22:30:00+00:00,0.7608109450587371,1.0916891084433886,,0.2215507165841235,0.8161649181177228,,,False
2008-08-11 23:00:00+00:00,0.8547552789326928,0.9573389610704676,,0.2215507165841235,1.0979968836307032,,,False
2008-08-11 23:30:00+00:00,0.8074418622246432,0.7439868155906244,,0.1548176540410209,0.3873493358154072,,,False
2008-08-12 00:00:00+00:00,0.8074418622246432,0.4693946729963148,,0.0397006111854277,0.0,,,False
2008-08-12 00:30:00+00:00,0.8547552789326928,0.3613888793294856,,0.2566674964357707,0.3551724988075713,,,False
2008-08-12 01:00:00+00:00,0.7148753437467924,0.2930675382971553,,0.4469419574771616,0.4535007641238024,,,False
2008-08-12 01:30:00+00:00,0.6251485339621116,0.32683861363609,,0.4469419574771616,0.4201322958250271,,,False
2008-08-12 02:00:00+00:00,0.5813907915784283,0.3613888793294856,,0.7024134352083732,0.7021580019933132,,,False
2008-08-12 02:30:00+00:00,0.5383958449343256,0.396684062848224,,0.7024134352083732,0.6651087711475284,,,False
2008-08-12 03:00:00+00:00,0.4142265147828,0.3613888793294856,,0.61428921304437,0.4874364809201124,,,False
2008-08-12 03:30:00+00:00,0.3357625220068755,0.2930675382971553,,0.4876122438393948,0.4535007641238024,,,False
2008-08-12 04:00:00+00:00,0.2253981955265341,0.1968708243014049,,0.4070939794431695,0.3236252220162727,,,False
2008-08-12 04:30:00+00:00,0.095198652254993,0.0832244734239202,,0.3681010570658976,0.2330515446979482,,,False
2008-08-12 05:00:00+00:00,0.0,0.0,,0.4070939794431695,0.2043390589621009,,,False
2008-08-12 05:30:00+00:00,,,,0.5290763631352415,0.2043390589621009,,,False
2008-08-12 06:00:00+00:00,,,,0.3681010570658976,0.2330515446979482,,,False
2008-08-12 06:30:00+00:00,,0.0353191171171287,,0.8397753954145777,0.4201322958250271,,,False
2008-08-12 07:00:00+00:00,,0.2601158034766946,,0.8397753954145777,0.4874364809201124,,,False
2008-08-12 07:30:00+00:00,,0.5834187191878812,,0.9830485221046128,0.7021580019933132,,,False
2008-08-12 08:00:00+00:00,,1.1374912342426824,,2.447103616281076,0.9745802927420328,,,False
2008-08-12 08:30:00+00:00,,1.9360934317120533,,2.7719318088121643,1.1823999297179797,,,False
2008-08-12 09:00:00+00:00,,1.6224269413122974,,0.3681010570658976,0.7776939298427675,,,False
2008-08-12 09:30:00+00:00,,1.4226779424452254,,1.723705494364433,0.8944783275493008,,,False
2008-08-12 10:00:00+00:00,,1.7771728300557983,,3.1798778762800586,1.2684691697697683,,,False
2008-08-12 10:30:00+00:00,,2.099153319073398,,1.780933895041878,1.3121207647728732,,,False
2008-08-12 11:00:00+00:00,,1.7771728300557983,,0.886890574579716,1.1399884432303644,,,False
2008-08-12 11:30:00+00:00,,1.6735423719648457,,2.1360114657504,1.3121207647728732,,,False
2008-08-12 12:00:00+00:00,,0.8276992771331232,,0.6579963820291824,0.7776939298427675,,,False
2008-08-12 12:30:00+00:00,,0.7029713289890304,,0.7024134352083732,0.739689118924176,,,False
2008-08-12 13:00:00+00:00,,1.1374912342426824,,2.075445681944166,1.0152886577237965,,,False
2008-08-12 13:30:00+00:00,,1.5717805661173825,,1.4460511951455013,1.0564289570395655,,,False
2008-08-12 14:00:00+00:00,,1.471903649694756,,0.9346514354946756,0.9343085096214252,,,False
2008-08-12 14:30:00+00:00,,1.1837942738778526,,0.9830485221046128,0.7776939298427675,,,False
2008-08-12 15:00:00+00:00,,1.2778855110554688,,1.0817176856460553,0.739689118924176,,,False
2008-08-12 15:30:00+00:00,0.8334462038570964,1.9415115141546024,,2.522448899351532,1.324051808532433,,,False
2008-08-12 16:00:00+00:00,1.0160898839143344,2.781878665077417,,3.9406570061166,1.7281736988646823,,,False
2008-08-12 16:30:00+00:00,0.9695635731309492,2.781878665077417,,3.102274990977944,1.681746952080395,,,False
2008-08-12 17:00:00+00:00,0.8782337533730437,2.7227858789122847,,2.33842030528356,1.5900271046459964,,,False
2008-08-12 17:30:00+00:00,0.7027055651663172,2.433891289860868,,2.460592578249558,1.499828579114004,,,False
2008-08-12 18:00:00+00:00,0.6603695800974252,2.3774259997052387,,2.7110977655836788,1.4553039517983504,,,False
2008-08-12 18:30:00+00:00,0.6603695800974252,2.3213988551064744,,2.2183037691292333,1.3674134448930455,,,False
2008-08-12 19:00:00+00:00,0.5372840382375887,2.047848091373168,,2.1002469221318183,1.2385076312227752,,,False
2008-08-12 19:30:00+00:00,0.346359497590732,1.583355146331085,,1.6487724972653066,0.9517958810603784,,,False
2008-08-12 20:00:00+00:00,0.2085510448153108,1.155698001664002,,1.332349188382152,0.6859086345612576,,,False
2008-08-12 20:30:00+00:00,0.0881295239616105,0.7671870869720004,,0.8043324853483477,0.4762532386154448,,,False
2008-08-12 21:00:00+00:00,0.0,0.458550219111966,,0.352852789453174,0.2565676240945344,,,False
2008-08-12 21:30:00+00:00,0.0,0.2541621990632475,,0.1798625506084488,0.1206042774625501,,,True
2008-08-12 22:00:00+00:00,0.0,0.1629078379445221,,0.089759644170057,0.0511133385142681,0.0865522771905445,,False
2008-08-12 22:30:00+00:00,0.0617226693331784,0.0813371534673598,,0.089759644170057,0.0511133385142681,0.0606198053863332,,False
2008-08-12 23:00:00+00:00,0.176579933557199,0.0569727955216015,,0.0,0.0131733506143884,0.0865522771905445,,False
2008-08-12 23:30:00+00:00,0.3105421652937513,0.0569727955216015,,0.0161911930478347,0.0,0.0865522771905445,,False
2008-08-13 00:00:00+00:00,0.346359497590732,0.0345206207402181,,0.352852789453174,0.0309752282050529,0.0606198053863332,,False
2008-08-13 00:30:00+00:00,0.346359497590732,0.0146788264577748,,0.4283652649459104,0.0511133385142681,0.0367268107452343,,False
2008-08-13 01:00:00+00:00,0.346359497590732,0.0,,0.3902020438655088,0.0511133385142681,0.0156154211729372,,False
2008-08-13 01:30:00+00:00,0.346359497590732,0.0,,0.3902020438655088,0.0729602450891514,0.0,,False
2008-08-13 02:00:00+00:00,0.346359497590732,0.0,,0.3902020438655088,0.096191350463453,0.0,,False
2008-08-13 02:30:00+00:00,0.346359497590732,0.0146788264577748,,0.3902020438655088,0.1460595139333041,0.0,,False
2008-08-13 03:00:00+00:00,0.3830094942453539,0.0345206207402181,,0.4283652649459104,0.199710633025774,0.0156154211729372,,False
2008-08-13 03:30:00+00:00,0.4204560981497112,0.0569727955216015,,0.4283652649459104,0.2277652783164897,0.0367268107452343,,False
2008-08-13 04:00:00+00:00,0.4204560981497112,0.0813371534673598,,0.4673108603356884,0.199710633025774,0.0606198053863332,,False
2008-08-13 04:30:00+00:00,0.4586682142932156,0.0813371534673598,,0.3902020438655088,0.199710633025774,0.0606198053863332,,False
2008-08-13 05:00:00+00:00,0.4204560981497112,0.0813371534673598,,0.4673108603356884,0.199710633025774,0.0606198053863332,,False
2008-08-13 05:30:00+00:00,0.3830094942453539,0.0813371534673598,,0.6729195905916552,0.2277652783164897,0.0606198053863332,,False
2008-08-13 06:00:00+00:00,0.346359497590732,0.1344945911818273,,0.7598915027033293,0.2860754508234194,0.1141406918311136,,False
2008-08-13 06:30:00+00:00,0.3105421652937513,0.1923787092285486,,0.8950685567680512,0.3470702485614645,0.143146190475257,,False
2008-08-13 07:00:00+00:00,0.2415825270433364,0.286349315910697,,1.0356688680259212,0.4105207706949035,0.2047943501896921,,False
2008-08-13 07:30:00+00:00,0.2085510448153108,0.458550219111966,,1.0837030128251617,0.4762532386154448,0.3049208542395079,,False
2008-08-13 08:00:00+00:00,0.176579933557199,0.6471030502272636,,1.594697649656461,0.614046386463948,0.4128076795757436,,False
2008-08-13 08:30:00+00:00,0.1457633606631588,0.9347984735648652,,1.7585063227602578,0.7971949015624945,0.567065785538034,,False
2008-08-13 09:00:00+00:00,0.176579933557199,1.3886385352343749,,2.1002469221318183,0.9915178116077604,0.8180320948629156,,False
2008-08-13 09:30:00+00:00,0.2085510448153108,1.8369470864499264,,2.8394315645016963,1.281082353764346,1.0433525217063804,,False
2008-08-13 10:00:00+00:00,0.2755997700743711,2.047848091373168,,2.6477014347814967,1.3674134448930455,1.137343155286932,,False
2008-08-13 10:30:00+00:00,0.2085510448153108,1.6834440229410383,,2.33842030528356,1.1545535672164404,0.9064701508186872,,False
2008-08-13 11:00:00+00:00,0.176579933557199,1.4850806745044556,,1.8703386377213291,1.0722141578761164,0.774682971856992,,False
2008-08-13 11:30:00+00:00,0.2415825270433364,1.5339900606479568,,1.231216916797998,1.0316586582885636,0.8619641654433481,,False
2008-08-13 12:00:00+00:00,0.176579933557199,1.4850806745044556,,1.7585063227602578,1.0316586582885636,0.8180320948629156,,False
2008-08-13 12:30:00+00:00,0.2415825270433364,1.8890072511981983,,2.6477014347814967,1.324051808532433,1.1851416448969825,,False
2008-08-13 13:00:00+00:00,0.346359497590732,2.210660194207154,,3.102274990977944,1.4553039517983504,1.482889721080417,,False
2008-08-13 13:30:00+00:00,0.346359497590732,2.4907945321636307,,3.236794037896201,1.5900271046459964,1.6386476172317892,,False
2008-08-13 14:00:00+00:00,0.3105421652937513,2.3213988551064744,,2.7750077106219253,1.499828579114004,1.482889721080417,,False
2008-08-13 14:30:00+00:00,0.2415825270433364,2.210660194207154,,2.8394315645016963,1.4553039517983504,1.482889721080417,,False
2008-08-13 15:00:00+00:00,0.3105421652937513,2.047848091373168,,2.159017559216669,1.499828579114004,1.5862261943571805,,False
2008-08-13 15:30:00+00:00,,1.8109642536458856,,2.222939868217499,0.8661721636997748,1.1664292328419212,,False
2008-08-13 16:00:00+00:00,,2.3552918778972134,,1.7530726690650096,1.1123499109728852,1.6812921678171913,,False
2008-08-13 16:30:00+00:00,,2.187267721220628,,1.9252064507873976,1.0702176905439575,1.6812921678171913,,False
2008-08-13 17:00:00+00:00,,1.4570172292022316,,0.9680772500129952,0.7111994606078869,1.215502667802108,,False
2008-08-13 17:30:00+00:00,,0.7778121363966527,,0.3251052610085293,0.3277250467476491,0.7071140818344311,,False
2008-08-13 18:00:00+00:00,,0.5777059273514136,,0.0922129272843418,0.1786644923487807,0.5406320110015872,,False
2008-08-13 18:30:00+00:00,,0.4648202282168028,,0.1216184802589638,0.1249344714798496,0.4615166964254508,,False
2008-08-13 19:00:00+00:00,,0.4648202282168028,,0.1525403646477504,0.1513113151709865,0.5406320110015872,,False
2008-08-13 19:30:00+00:00,,0.5018152647367295,,0.2528726135331013,0.1786644923487807,0.5406320110015872,,False
2008-08-13 20:00:00+00:00,,0.4284844628227956,,0.1216184802589638,0.1786644923487807,0.5007143603658168,,False
2008-08-13 20:30:00+00:00,0.0,0.3236734822491144,,0.0391205956687066,0.0996399900117151,0.3853801373929236,,False
2008-08-13 21:00:00+00:00,,0.1651040024078754,,,0.013642904853752,0.2430678481469254,,False
2008-08-13 21:30:00+00:00,,0.0577360706866725,,,0.0033305197178808937,0.0886668972123013,,True
2008-08-13 22:00:00+00:00,0.0,0.0349823820184871,,0.0,0.0,0.0620984053656561,,False
2008-08-13 22:30:00+00:00,0.0,0.0148748718371595,,0.0645776502167095,0.013642904853752,0.0620984053656561,,False
2008-08-13 23:00:00+00:00,0.0171304741976647,0.0,,0.0645776502167095,0.0529405258056119,0.0620984053656561,,False
2008-08-13 23:30:00+00:00,0.0402964019612974,0.0148748718371595,,0.1216184802589638,0.0755722027035939,0.0620984053656561,,False
2008-08-14 00:00:00+00:00,0.1252930628920719,0.0148748718371595,,0.1525403646477504,0.1249344714798496,0.0620984053656561,,False
2008-08-14 00:30:00+00:00,0.1252930628920719,0.0148748718371595,,0.2182806534557898,0.1513113151709865,0.0620984053656561,,False
2008-08-14 01:00:00+00:00,0.1904071278548081,0.1949762349393455,,0.2885018771038046,0.1786644923487807,0.0620984053656561,,False
2008-08-14 01:30:00+00:00,0.453792422843208,0.5394497192359163,,0.4402766446791516,0.2359909784631729,0.0620984053656561,,False
2008-08-14 02:00:00+00:00,0.7132957584969636,0.6960548772294732,,0.6480979287362244,0.2658471270528603,0.0376211511993096,,False
2008-08-14 02:30:00+00:00,0.7591268378127312,0.7366550974546716,,0.9680772500129952,0.2964374104781416,0.0159950490025061,,False
2008-08-14 03:00:00+00:00,0.8056513145030977,0.8617591308144672,,1.0651853007756251,0.2658471270528603,0.0,,False
2008-08-14 03:30:00+00:00,0.9492631195756392,0.9045323132169204,,1.1646956260714103,0.3596786028276707,0.0376211511993096,,False
2008-08-14 04:00:00+00:00,0.9984447444820392,0.8617591308144672,,1.4236726971311675,0.3922709163006636,0.0376211511993096,,False
2008-08-14 04:30:00+00:00,1.0482666883412868,0.8195164005132685,,1.6410544408976544,0.4254782924674116,0.0376211511993096,,False
2008-08-14 05:00:00+00:00,1.5802618880727108,0.8617591308144672,,1.809905011720398,0.493657265527776,0.0376211511993096,,False
2008-08-14 05:30:00+00:00,1.5243756654979872,0.8195164005132685,,2.222939868217499,0.6000879000723012,0.0376211511993096,,False
2008-08-14 06:00:00+00:00,1.4690754561078794,0.8195164005132685,,2.1623143732251338,0.564075262516626,0.0376211511993096,,False
2008-08-14 06:30:00+00:00,1.4690754561078794,0.8195164005132685,,1.9836722751949944,0.5285939651569403,0.0376211511993096,,False
2008-08-14 07:00:00+00:00,1.4690754561078794,0.8617591308144672,,1.9252064507873976,0.4254782924674116,0.0159950490025061,,False
2008-08-14 07:30:00+00:00,1.5243756654979872,0.8617591308144672,,2.1022273392842448,0.4592798935758755,0.0159950490025061,,False
2008-08-14 08:00:00+00:00,1.4690754561078794,0.8195164005132685,,2.1623143732251338,0.4254782924674116,0.0159950490025061,,False
2008-08-14 08:30:00+00:00,1.3067273804639004,0.7778121363966527,,2.042679632855158,0.4254782924674116,0.0376211511993096,,False
2008-08-14 09:00:00+00:00,1.0987210440226511,0.7366550974546716,,1.9252064507873976,0.3922709163006636,0.0159950490025061,,False
2008-08-14 09:30:00+00:00,0.9007304901624756,0.7778121363966527,,1.6967884266048312,0.3277250467476491,0.0,,False
2008-08-14 10:00:00+00:00,0.6237721497633768,0.7366550974546716,,1.7530726690650096,0.3277250467476491,0.0,,True
2008-08-14 10:30:00+00:00,0.453792422843208,0.65602200892707,,1.3183581953594088,0.2359909784631729,0.0,,False
2008-08-14 11:00:00+00:00,0.3350324172682792,0.6165680895162036,,1.1146435136301025,0.2069125808563458,,,False
2008-08-14 11:30:00+00:00,0.8056513145030977,0.7778121363966527,,1.531247046754133,0.2069125808563458,,,False
2008-08-14 12:00:00+00:00,6.353820104317632,0.7778121363966527,,2.662351650724612,0.2658471270528603,,,False
2008-08-14 12:30:00+00:00,5.53508376191208,0.8195164005132685,,1.3707310916341693,0.1786644923487807,,,False
2008-08-14 13:00:00+00:00,4.048028109150264,0.7778121363966527,,0.9680772500129952,0.1513113151709865,,,False
2008-08-14 13:30:00+00:00,3.233270792059726,0.6960548772294732,,0.6480979287362244,0.1786644923487807,0.0,,False
2008-08-14 14:00:00+00:00,2.422896696988247,0.65602200892707,,0.9204423361937748,0.2359909784631729,0.0,,False
2008-08-14 14:30:00+00:00,1.927728391021729,0.6165680895162036,,0.5211587622895092,0.2069125808563458,0.0159950490025061,,False
2008-08-14 15:00:00+00:00,1.8683826811549276,0.65602200892707,,0.2885018771038046,0.1513113151709865,0.0159950490025061,,False
2008-08-14 15:30:00+00:00,0.0,1.038034696303055,,0.6024746792317572,0.7610057008844652,0.2891143193494651,,False
2008-08-14 16:00:00+00:00,0.0,1.038034696303055,,0.7779518770386635,0.7986256772022937,0.3597828100281807,,False
2008-08-14 16:30:00+00:00,,0.9063314843915772,,0.9164542964292576,0.8366925562353468,0.3597828100281807,,False
2008-08-14 17:00:00+00:00,,1.220700179340072,,1.1596045016922911,0.8752000551498145,0.3963387458844576,,False
2008-08-14 17:30:00+00:00,0.5566108579725888,1.267594934297904,,1.5244694163609085,0.9933104185963524,0.433663236518004,,False
2008-08-14 18:00:00+00:00,4.9807493028185394,1.3149729335234592,,1.3646964868111584,0.9933104185963524,0.4717276264221372,,False
2008-08-14 18:30:00+00:00,4.352476752613476,1.3149729335234592,,1.5244694163609085,1.033526580987888,0.51050686457718,,False
2008-08-14 19:00:00+00:00,2.9703223302941195,1.220700179340072,,1.4706526009034735,0.9933104185963524,0.51050686457718,,False
2008-08-14 19:30:00+00:00,2.181273951092803,1.220700179340072,,1.417393790650105,1.033526580987888,0.51050686457718,,False
2008-08-14 20:00:00+00:00,1.7855276459115996,1.220700179340072,,1.417393790650105,0.9933104185963524,0.51050686457718,,False
2008-08-14 20:30:00+00:00,1.4146750931468004,1.1742924753661896,,1.5788410420304086,0.914142373718652,0.4717276264221372,,False
2008-08-14 21:00:00+00:00,1.1816707463126208,1.038034696303055,,1.4706526009034735,0.914142373718652,0.433663236518004,,False
2008-08-14 21:30:00+00:00,1.0695802433347907,0.9497169429967044,,0.9638754258633409,0.8752000551498145,0.4717276264221372,,False
2008-08-14 22:00:00+00:00,0.907151434961616,0.86347045828206,,0.7779518770386635,0.7610057008844652,,,False
2008-08-14 22:30:00+00:00,0.8028013619446092,0.7381109409131089,,0.7330724570568744,0.72383944408443,,,False
2008-08-14 23:00:00+00:00,0.7518485162454119,0.6177807657129528,,0.6453192277126188,0.7610057008844652,,,False
2008-08-14 23:30:00+00:00,0.6040908728035128,0.5027975349689844,,0.6888569543479692,0.6151404782170368,,,False
2008-08-15 00:00:00+00:00,0.5100605702663292,0.4293205339528944,,0.8234827022123532,0.6871343167370088,,,False
2008-08-15 00:30:00+00:00,0.5100605702663292,0.4293205339528944,,0.6453192277126188,0.72383944408443,,,False
2008-08-15 01:00:00+00:00,0.5100605702663292,0.4293205339528944,,0.7779518770386635,0.7986256772022937,,,False
2008-08-15 01:30:00+00:00,0.464471694203562,0.3935957050386612,,0.8234827022123532,0.8752000551498145,,,False
2008-08-15 02:00:00+00:00,0.376330275704358,0.3935957050386612,,0.5603404922188776,0.6871343167370088,,,False
2008-08-15 02:30:00+00:00,0.376330275704358,0.3585797514216997,,0.121109454809047,0.4112459281981583,,,False
2008-08-15 03:00:00+00:00,0.5566108579725888,0.3585797514216997,,0.0,0.2281641760489849,,,False
2008-08-15 03:30:00+00:00,0.9605196162700091,0.3935957050386612,,0.2173623721298002,0.0,,,False
2008-08-15 04:00:00+00:00,0.8028013619446092,0.2907966517714011,,1.6337645675976744,0.6508983904286328,,,False
2008-08-15 04:30:00+00:00,0.6524729241114168,0.2262696734451096,,1.5244694163609085,0.6508983904286328,,,False
2008-08-15 05:00:00+00:00,0.4198807618762284,0.1089028644735549,,2.152550410971397,0.5798702282061996,,,False
2008-08-15 05:30:00+00:00,0.1763410958635975,0.035049262503742,,2.152550410971397,0.4112459281981583,,,False
2008-08-15 06:00:00+00:00,0.0,0.0,,2.397086714100568,0.3791680864441308,,,False
2008-08-15 06:30:00+00:00,0.1472074159218139,0.0,,2.152550410971397,0.5108361661109592,,,True
2008-08-15 07:00:00+00:00,0.5100605702663292,0.0,,2.273751231401315,0.6871343167370088,,,False
2008-08-15 07:30:00+00:00,1.4747255729839908,0.1089028644735549,,1.5788410420304086,0.6871343167370088,,,False
2008-08-15 08:00:00+00:00,1.980323148241415,0.3243020541957435,,1.5244694163609085,0.72383944408443,,,False
2008-08-15 08:30:00+00:00,2.2496181271303426,0.7381109409131089,,1.3646964868111584,0.914142373718652,,,False
2008-08-15 09:00:00+00:00,1.5969487086126648,0.9936200825165628,,1.5788410420304086,0.9933104185963524,,,False
2008-08-15 09:30:00+00:00,0.907151434961616,1.220700179340072,,2.335152388403668,1.240766688513924,,,False
2008-08-15 10:00:00+00:00,0.213694887405438,1.9201637558230773,,2.092752079325248,1.4137542265901293,,,False
2008-08-15 10:30:00+00:00,,1.973587723722047,,1.6337645675976744,1.1152018253544551,,,False
2008-08-15 11:00:00+00:00,,2.081795014380787,,2.9784702714739524,1.3699187650644011,,,False
2008-08-15 11:30:00+00:00,,2.081795014380787,,2.273751231401315,1.3264740780628572,,,False
2008-08-15 12:00:00+00:00,,2.829025200047803,,3.89495721683034,1.8731889256155296,,,False
2008-08-15 12:30:00+00:00,0.6040908728035128,4.625990684497548,,5.922410585056596,2.848871561027364,,,False
2008-08-15 13:00:00+00:00,0.6524729241114168,5.147660468968596,,5.922410585056596,2.9593229011041022,,,False
2008-08-15 13:30:00+00:00,0.8545741023814885,5.224130148907475,,6.8371772823158405,3.299563836746449,,,False
2008-08-15 14:00:00+00:00,1.3553385243637717,5.853762828492911,,8.434766083200373,3.774110903913276,,,False
2008-08-15 14:30:00+00:00,0.9605196162700091,5.773301840861748,,8.7536736168525,3.4747068723339023,,,False
2008-08-15 15:00:00+00:00,0.8028013619446092,5.773301840861748,,8.540366792728861,3.357571494655609,,,False
2008-08-15 15:30:00+00:00,4.132499069319229,6.450903251756784,,9.99558651432636,4.86897885289494,,,False
2008-08-15 16:00:00+00:00,4.055835081039696,5.64435747938898,,12.1974537573414,5.067445331591244,,,False
2008-08-15 16:30:00+00:00,5.013984044385793,3.5748862947973765,,11.812183388164836,4.803575703971363,,,False
2008-08-15 17:00:00+00:00,3.979741119999516,4.107192993524628,,9.7665964054425,4.482149621686344,,,False
2008-08-15 17:30:00+00:00,3.979741119999516,4.244772921796116,,6.393670355542609,3.748090404758688,,,False
2008-08-15 18:00:00+00:00,3.0416897204963025,3.904215442490844,,7.048649345922648,4.23165017232648,,,False
2008-08-15 18:30:00+00:00,2.7719318088121643,4.314245256963324,,9.207101617040951,4.356166895114256,,,False
2008-08-15 19:00:00+00:00,2.7719318088121643,3.971423983875372,,5.340767341939812,4.23165017232648,,,False
2008-08-15 19:30:00+00:00,2.3837853950946686,3.319417750642794,,2.296565852802559,3.572678086115342,,,False
2008-08-15 20:00:00+00:00,1.6109383721577806,2.4238746951451846,,1.38638964817746,2.283432665864065,,,False
2008-08-15 20:30:00+00:00,1.0320732232256593,0.9741482502957,,,1.1562554972053043,,,False
2008-08-15 21:00:00+00:00,1.2863586783007008,0.5676746537427084,,,0.6987513703675968,,,False
2008-08-15 21:30:00+00:00,1.2343009709736108,0.4567868709370092,,,0.7345922718737304,,,False
2008-08-15 22:00:00+00:00,1.5004411735820904,0.3860623540759716,,,0.6633519119074944,,,False
2008-08-15 22:30:00+00:00,1.8970697440800075,0.3860623540759716,,0.1672793436521066,0.4932790218946584,,,False
2008-08-15 23:00:00+00:00,2.1360114657504,0.3517272537896387,,0.4174356270344256,0.0,,,False
2008-08-15 23:30:00+00:00,2.258797669615761,0.3517272537896387,,0.2685705256183979,0.0299871433521825,0.5590790082907561,,False
2008-08-16 00:00:00+00:00,1.838722611987155,0.2219723202925929,,0.8437522643953236,0.3662086608714744,0.6390774587650356,,False
2008-08-16 00:30:00+00:00,1.723705494364433,0.1339853482378648,,1.180858846220316,0.6284017720122445,0.5590790082907561,,False
2008-08-16 01:00:00+00:00,1.2863586783007008,0.081030127289797,,0.6648611430815928,0.6633519119074944,0.4439995573931136,,False
2008-08-16 01:30:00+00:00,1.0320732232256593,0.081030127289797,,0.1672793436521066,0.9585399218606856,0.8496834151285764,,False
2008-08-16 02:00:00+00:00,0.9346514354946756,0.081030127289797,,0.1059339680491212,1.1562554972053043,0.9379398221313228,,False
2008-08-16 02:30:00+00:00,0.886890574579716,0.081030127289797,,0.1059339680491212,1.075997344470725,0.9379398221313228,,False
2008-08-16 03:00:00+00:00,0.8397753954145777,0.081030127289797,,0.4567868709370128,1.075997344470725,0.7636821293425536,,False
2008-08-16 03:30:00+00:00,0.886890574579716,0.0567580675524782,,0.4567868709370128,0.9201840946697988,0.5987618451389772,,False
2008-08-16 04:00:00+00:00,0.886890574579716,0.10684724794745,,0.2685705256183979,0.8822338593958008,0.6800112660128508,,False
2008-08-16 04:30:00+00:00,0.7933163001967044,0.0343907129032505,,0.8900839392888168,0.9201840946697988,0.4816785609085788,,False
2008-08-16 05:00:00+00:00,0.6579963820291824,0.0146236714723553,,0.8437522643953236,0.9201840946697988,0.4070312995871556,,False
2008-08-16 05:30:00+00:00,0.4070939794431695,0.0,,1.3341551513390424,0.9585399218606856,0.2019563329483764,,False
2008-08-16 06:00:00+00:00,0.2928390050454397,0.0,,1.5464440340746308,1.1159334372875975,0.0362227187700396,,False
2008-08-16 06:30:00+00:00,0.1548176540410209,0.0567580675524782,,1.939073025459128,1.2380451560302643,0.0,,False
2008-08-16 07:00:00+00:00,0.0,0.2852566967955027,,2.358009610914168,1.3213436668975007,0.0,,False
2008-08-16 07:30:00+00:00,0.0,0.9741482502957,,2.934857646853178,1.5801086074266035,0.1411688464563571,,True
2008-08-16 08:00:00+00:00,0.0,2.2565317986030817,,3.343340035396386,2.234080994123704,0.8935339170955392,,False
2008-08-16 08:30:00+00:00,0.016877630366201,3.4462680870088334,,4.846163481470232,3.0109810645365407,,,False
2008-08-16 09:00:00+00:00,0.0397006111854277,5.801699593197755,,6.858358181636472,4.23165017232648,,,False
2008-08-16 09:30:00+00:00,0.016877630366201,8.695678828728925,,8.880122606831243,4.738546730241755,12.865543514149715,,False
2008-08-16 10:00:00+00:00,0.0935848290588339,7.308394931064419,,10.111213075007628,4.60960667045766,4.6555590767009045,,False
2008-08-16 10:30:00+00:00,0.0935848290588339,6.041405056636332,,9.317535606901837,4.803575703971363,12.241627669077085,,False
2008-08-16 11:00:00+00:00,0.4876122438393948,6.041405056636332,,10.22760043472772,4.545693321337116,,,False
2008-08-16 11:30:00+00:00,0.9346514354946756,6.618250967512895,,12.06818577495432,4.60960667045766,,,False
2008-08-16 12:00:00+00:00,1.780933895041878,7.397039032494768,,15.418619217846611,5.269323430214784,4.21454262642624,,False
2008-08-16 12:30:00+00:00,2.0154326816561543,8.408154500201917,,17.96895020926116,4.86897885289494,5.114744368796412,,False
2008-08-16 13:00:00+00:00,1.6109383721577806,5.034334431903192,,17.801372631619405,6.039314821050479,6.782236099879933,,False
2008-08-16 13:30:00+00:00,1.6670395333171333,5.722783765548948,,19.174439024305997,7.01171627958756,7.418115923164128,,False
2008-08-16 14:00:00+00:00,1.780933895041878,5.64435747938898,,21.57276101315191,6.184439203012812,6.3450177312951,,False
2008-08-16 14:30:00+00:00,1.838722611987155,6.450903251756784,,20.254654606005467,5.067445331591244,5.59250929578618,,False
2008-08-16 15:00:00+00:00,1.8970697440800075,5.1089145802576565,,17.634926235182256,4.934757364147693,5.036934974570208,,False
2008-08-16 15:30:00+00:00,1.4962147691481469,5.265455007516984,,16.191346572504756,6.46925080318056,6.106978111977648,,False
2008-08-16 16:00:00+00:00,2.024993364337242,5.113180725542856,,21.75689922679476,7.281049288023864,4.778400936893256,,False
2008-08-16 16:30:00+00:00,1.9638833127716664,3.3691459579853253,,15.275169073588716,5.70318292019988,3.722456892990961,,False
2008-08-16 17:00:00+00:00,1.7253070539054118,4.309950255596928,,15.275169073588716,6.541131109885452,4.631447961419472,,False
2008-08-16 17:30:00+00:00,2.339271989826325,5.18907461946066,,20.24941317421518,7.901365711856508,4.4864126943264,,False
2008-08-16 18:00:00+00:00,2.2752555792234443,4.100772005109792,,18.47798511592824,6.46925080318056,2.770539320377836,,False
2008-08-16 18:30:00+00:00,1.7253070539054118,4.309950255596928,,13.27403167748669,5.303929104975564,3.2654904631623323,,False
2008-08-16 19:00:00+00:00,1.667138627291285,4.451732899302456,,13.68741015265266,6.83246019963906,4.778400936893256,,False
2008-08-16 19:30:00+00:00,1.7840679000081767,4.523327738532144,,8.578632693361715,7.129956448674036,5.230903215990456,,False
2008-08-16 20:00:00+00:00,1.2767995646472745,3.694867498743624,,6.415229130191676,6.46925080318056,5.463794434158972,,False
2008-08-16 20:30:00+00:00,0.503914994798598,2.233550600210714,,0.864042270097662,3.832392879927576,,,False
2008-08-16 21:00:00+00:00,0.3409550746415571,1.2599750922644195,,0.2854746156025595,2.60226195930742,,,False
2008-08-16 21:30:00+00:00,0.38034160145388,1.1216259498624372,,0.1828745293961858,1.6288408979539235,,,False
2008-08-16 22:00:00+00:00,0.4206555860072508,1.2599750922644195,,0.9576343290837276,1.8475688632281264,,,False
2008-08-16 22:30:00+00:00,0.6801562202309568,1.451138840919569,,1.0536544300790556,0.911882003319684,,,False
2008-08-16 23:00:00+00:00,0.6801562202309568,1.451138840919569,,1.0053448462189871,1.7590879033766027,,,False
2008-08-16 23:30:00+00:00,0.86826498057117,1.5495339061372178,,1.152043027846686,2.309544073270357,,,False
2008-08-17 00:00:00+00:00,0.9170339335095744,1.6497773264635955,,1.903762212097752,1.8475688632281264,,,False
2008-08-17 00:30:00+00:00,0.8201803940967167,1.6497773264635955,,1.6229391923315557,2.120858084087968,,,False
2008-08-17 01:00:00+00:00,0.4206555860072508,1.7518527336212966,,2.1380534488963225,2.309544073270357,,,False
2008-08-17 01:30:00+00:00,0.3025418976727815,1.9614473154357803,,2.0786835023945027,2.405826198298379,,,False
2008-08-17 02:00:00+00:00,0.2288653015533073,1.700586944760582,,1.1025559875458917,2.214554002783542,,,False
2008-08-17 02:30:00+00:00,0.1274843753958168,1.3546115798113585,,0.2159980088827701,1.8923015121232825,,,False
2008-08-17 03:00:00+00:00,0.1274843753958168,0.8583548552892504,,0.0,1.5436716442844003,,,False
2008-08-17 03:30:00+00:00,0.503914994798598,1.07648726007258,,2.5053768419432325,2.702414987400643,,,False
2008-08-17 04:00:00+00:00,0.590479846868466,0.9440722646270135,,1.3039600564842553,1.8475688632281264,,,False
2008-08-17 04:30:00+00:00,0.38034160145388,0.5754491177422751,,0.5986276145203859,1.2962627333082073,,,False
2008-08-17 05:00:00+00:00,0.0966526291481698,0.2249647344564876,,0.0387156248596015,0.5653892349861516,,,False
2008-08-17 05:30:00+00:00,0.0966526291481698,0.0821140178558796,,0.3216880931990817,0.1590410042522658,,,False
2008-08-17 06:00:00+00:00,0.0,0.0,,1.2527502799573405,0.0,,,False
2008-08-17 06:30:00+00:00,,0.0348493126983476,,4.1656040204160245,0.1841566370605131,,,False
2008-08-17 07:00:00+00:00,,0.9009533247623353,,5.447579465314512,1.0613163640816765,,,False
2008-08-17 07:30:00+00:00,,2.9320411145286496,,6.879464123244912,1.80316405042848,,,False
2008-08-17 08:00:00+00:00,,4.962845021812056,,8.578632693361715,2.309544073270357,,,False
2008-08-17 08:30:00+00:00,,7.793682533437573,,9.783972291542185,2.8038587673238524,,,False
2008-08-17 09:00:00+00:00,0.0409974307842517,8.74507390402169,,10.836819892210393,3.276374296224269,,,False
2008-08-17 09:30:00+00:00,,8.167342533008004,,9.783972291542185,2.3575237298113465,,,False
2008-08-17 10:00:00+00:00,,4.100772005109792,,9.225302851700748,2.120858084087968,,,False
2008-08-17 10:30:00+00:00,0.2288653015533073,5.734062100311156,,15.275169073588716,3.3305005411830435,,,False
2008-08-17 11:00:00+00:00,0.4618579375412712,6.5553525404453525,,14.394810754067976,4.854269144927232,,,False
2008-08-17 11:30:00+00:00,0.2288653015533073,5.419682871525216,,11.573950657092588,5.635741931596368,,,False
2008-08-17 12:00:00+00:00,0.1599108078625812,5.113180725542856,,9.897917713744356,5.907685765996477,,,False
2008-08-17 12:30:00+00:00,0.1599108078625812,4.740944850679788,,8.058890876214743,5.635741931596368,,,False
2008-08-17 13:00:00+00:00,0.09057813097459536,4.523327738532144,,8.161473786915744,5.70318292019988,,,True
2008-08-17 13:30:00+00:00,0.0174279642702098,4.888399599992988,,7.165559525862419,5.635741931596368,,,False
2008-08-17 14:00:00+00:00,,2.9320411145286496,,3.86741983206258,4.301081668252332,,,False
2008-08-17 14:30:00+00:00,,2.6332191247432606,,3.0246863368529664,4.241320353748908,,,False
2008-08-17 15:00:00+00:00,,2.123367552508086,,2.019844249355117,3.662131996375956,,,False
2008-08-17 15:30:00+00:00,,2.937131258656688,,2.46611102344618,3.34919540882704,,,False
2008-08-17 16:00:00+00:00,0.0,3.368367701505803,,3.661292363762197,3.629782175991516,,,False
2008-08-17 16:30:00+00:00,0.0933865846308244,3.954426219914112,,6.126606825802632,4.522944651349572,,,False
2008-08-17 17:00:00+00:00,0.1231690743016513,3.75508755001458,,4.322570957542836,4.338062967150432,,,False
2008-08-17 17:30:00+00:00,,3.058163953428488,,2.6536721483610286,3.802210900505028,,,False
2008-08-17 18:00:00+00:00,,1.3776182892013031,,0.8060399515129751,2.710079381783632,,,False
2008-08-17 18:30:00+00:00,,0.8020208261640528,,0.5080748038597657,2.214176639495929,,,False
2008-08-17 19:00:00+00:00,,0.6421045875575507,,0.2813320006445408,1.8869163102433837,,,False
2008-08-17 19:30:00+00:00,,0.8433326802713436,,0.9433529839500444,1.8869163102433837,,,False
2008-08-17 20:00:00+00:00,,1.0574975369197044,,1.284275432510838,2.071909645307831,,,False
2008-08-17 20:30:00+00:00,,0.4194788747949828,,,1.083316460012316,,,False
2008-08-17 21:00:00+00:00,,0.2211305619209079,,,0.2142028353442608,,,False
2008-08-17 21:30:00+00:00,0.0396168002659958,0.1064445453532015,,,0.3558099491452829,,,False
2008-08-17 22:00:00+00:00,0.4459786050954888,0.0807251950973941,,,0.5438558778302448,,,False
2008-08-17 22:30:00+00:00,0.1544885650981529,0.0807251950973941,,0.5080748038597657,0.96826903070886,,,False
2008-08-17 23:00:00+00:00,0.0396168002659958,0.0342616883656586,,1.1840258818721772,0.8202440461845312,,,False
2008-08-17 23:30:00+00:00,0.0168420614412832,0.0342616883656586,,0.7615018509238368,0.7486158395443752,,,False
2008-08-18 00:00:00+00:00,0.0168420614412832,0.0565448018396299,,0.589822105061466,0.7842268520574803,,,False
2008-08-18 00:30:00+00:00,0.0,0.0342616883656586,,0.3535878937424955,0.8566618438030033,,,False
2008-08-18 01:00:00+00:00,0.0396168002659958,0.0342616883656586,,0.0899441440339809,0.8934750782458595,,,False
2008-08-18 01:30:00+00:00,0.1544885650981529,0.0565448018396299,,0.31926848189842183,0.7842268520574803,,,True
2008-08-18 02:00:00+00:00,0.3673104095577816,0.0145688909388449,,0.5485928197628628,0.7842268520574803,,,False
2008-08-18 02:30:00+00:00,0.5279319681634512,0.0342616883656586,,,0.2142028353442608,,,False
2008-08-18 03:00:00+00:00,0.4062180503294316,0.0565448018396299,,,0.0,,,False
2008-08-18 03:30:00+00:00,0.5700714390541296,0.1064445453532015,,,0.5768834161245336,,,False
2008-08-18 04:00:00+00:00,0.7915820694161075,0.1064445453532015,,,0.0905017893146319,,,False
2008-08-18 04:30:00+00:00,1.079327527255962,0.1064445453532015,,0.0381612781081036,0.1373972117993517,,,False
2008-08-18 05:00:00+00:00,0.8849448750789468,0.0807251950973941,,0.4682893851950183,0.3262920441079781,,,False
2008-08-18 05:30:00+00:00,0.7008833571582492,0.0565448018396299,,1.1347426726880183,0.7486158395443752,,,False
2008-08-18 06:00:00+00:00,0.4062180503294316,0.0,,1.8181498302305927,0.9306789573138912,,,False
2008-08-18 06:30:00+00:00,,,,2.343645710951875,0.7134170404149324,,,False
2008-08-18 07:00:00+00:00,,,,2.2232428324536166,0.51128958476727,,,False
2008-08-18 07:30:00+00:00,,,,2.283186270601782,0.5768834161245336,,,False
2008-08-18 08:00:00+00:00,,,,2.283186270601782,0.1878346791097729,,,False
2008-08-18 08:30:00+00:00,,0.4912356195751536,,1.988642001153672,0.51128958476727,,,False
2008-08-18 09:00:00+00:00,,1.8221544897508049,,1.9312894483693417,1.619578327367646,,,False
2008-08-18 09:30:00+00:00,,3.495512022250144,,3.5201725749904758,2.3106918028811902,,,False
2008-08-18 10:00:00+00:00,,5.619193371852912,,8.527369883172804,3.629782175991516,,,False
2008-08-18 10:30:00+00:00,,4.865191570051776,,4.867129846642968,3.74439339718236,,,False
2008-08-18 11:00:00+00:00,,4.021765310018988,,6.484596368233032,3.97771973447742,,,False
2008-08-18 11:30:00+00:00,,5.464582442998307,,10.515041361434053,4.838149085007887,,,False
2008-08-18 12:00:00+00:00,,6.756606002810628,,8.842759770706092,4.774396527770508,,,False
2008-08-18 12:30:00+00:00,,7.186947855372216,,12.10154683648986,5.162304581361972,,,False
2008-08-18 13:00:00+00:00,,4.365212200984584,,13.96640225575422,5.495555907570924,,,False
2008-08-18 13:30:00+00:00,,4.365212200984584,,14.964593486006915,6.698855248536024,,,False
2008-08-18 14:00:00+00:00,,4.365212200984584,,17.75281297369313,5.838059977486848,,,False
2008-08-18 14:30:00+00:00,0.1871681640439269,5.6972237269311,,16.94468820595169,5.907685765996477,,,False
2008-08-18 15:00:00+00:00,0.4459786050954888,4.720035585924432,,19.103322022979977,5.76881101209276,,,False
2008-08-18 15:30:00+00:00,0.0681255297889819,5.276820705651937,,18.865939857272352,3.949462750494636,,,False
2008-08-18 16:00:00+00:00,0.9232862735571696,4.906150767066024,,18.36152088310595,4.010110414156908,,,False
2008-08-18 16:30:00+00:00,2.164234106876508,2.4551894415061617,,18.195599415691945,4.194241891246944,,,False
2008-08-18 17:00:00+00:00,2.227567678591705,4.063348600026265,,17.382243859002934,4.132499069319229,,,False
2008-08-18 17:30:00+00:00,2.4867587227776946,2.233634621433462,,15.535760840361467,3.82925636843922,,,False
2008-08-18 18:00:00+00:00,1.977759831053865,2.2883795455170746,,16.75056659062399,4.132499069319229,,,False
2008-08-18 18:30:00+00:00,1.7966019239812476,3.731233407241356,,13.42127730385073,3.769695976049712,,,False
2008-08-18 19:00:00+00:00,1.4504500912179348,4.063348600026265,,10.092775811648796,3.5931765187311844,,,False
2008-08-18 19:30:00+00:00,1.2319238709321445,3.666133009994256,,5.104254770798328,3.769695976049712,,,False
2008-08-18 20:00:00+00:00,0.6392210209789104,2.859418100558203,,4.327050420560376,3.306140446226249,,,False
2008-08-18 20:30:00+00:00,0.2669157775929967,1.8112010463464288,,1.7356675236140844,1.9088060278658507,,,False
2008-08-18 21:00:00+00:00,0.0681255297889819,1.007742525145182,,0.1169339637345807,0.7749188954107091,,,False
2008-08-18 21:30:00+00:00,0.047729808294888015,0.4524318308171484,,0.07441344271349698,0.2215507165841235,,,True
2008-08-18 22:00:00+00:00,0.0412660414258783,0.3823929744626844,,0.0620984053656561,0.2495574811485504,,,False
2008-08-18 22:30:00+00:00,0.2669157775929967,0.5250276894421296,,0.7071140818344311,0.495842406212412,,,False
2008-08-18 23:00:00+00:00,0.2669157775929967,0.6000330228814188,,0.7071140818344311,0.8491462919268624,,,False
2008-08-18 23:30:00+00:00,0.1950299071092504,0.4884201601145351,,0.5812485666904692,0.7749188954107091,,,False
2008-08-19 00:00:00+00:00,0.2303809353861195,0.417082120040016,,0.5406320110015872,0.7024134352083732,,,False
2008-08-19 00:30:00+00:00,0.0681255297889819,0.3483893709689789,,0.4230628866335268,0.7384476455026452,,,False
2008-08-19 01:00:00+00:00,0.0,0.2825579399314053,,0.3124578493804057,0.7749188954107091,,,False
2008-08-19 01:30:00+00:00,0.1950299071092504,0.1607640510139808,,0.1776619964718734,0.5290763631352415,,,False
2008-08-19 02:00:00+00:00,0.5504713114286484,0.105845624886205,,0.4615166964254508,0.3681010570658976,,,False
2008-08-19 02:30:00+00:00,0.5072945351293368,0.105845624886205,,0.4230628866335268,0.1677621355646443,,,False
2008-08-19 03:00:00+00:00,0.7780317492643127,0.0802716779978514,,0.0,0.0,,,False
2008-08-19 03:30:00+00:00,0.9232862735571696,0.0802716779978514,,0.1466551032301857,0.0301393345252643,,,False
2008-08-19 04:00:00+00:00,0.8257518145836577,0.105845624886205,,0.2430678481469254,0.2215507165841235,,,False
2008-08-19 04:30:00+00:00,1.2319238709321445,0.105845624886205,,1.215502667802108,0.5290763631352415,,,False
2008-08-19 05:00:00+00:00,1.2319238709321445,0.105845624886205,,1.627433922096205,0.5628023451913248,,,False
2008-08-19 05:30:00+00:00,1.0235402724145428,0.0562276136014513,,2.015236828093158,0.7024134352083732,,,False
2008-08-19 06:00:00+00:00,0.5504713114286484,0.0,,2.8653450834203893,0.7749188954107091,,,False
2008-08-19 06:30:00+00:00,0.0175419481457707,,,3.533155236546048,0.666823526112006,,,False
2008-08-19 07:00:00+00:00,,,,4.104280706574816,0.6316858227562561,,,False
2008-08-19 07:30:00+00:00,,,,4.327050420560376,0.8118204996918167,,,False
2008-08-19 08:00:00+00:00,,0.2508021558158018,,5.104254770798328,0.5628023451913248,,,False
2008-08-19 08:30:00+00:00,,2.233634621433462,,4.944494239555968,0.7384476455026452,,,False
2008-08-19 09:00:00+00:00,,5.504861805460668,,5.680809928165139,1.8619945543139869,,,False
2008-08-19 09:30:00+00:00,,8.978870134544652,,6.643115177526396,2.601307833108239,,,False
2008-08-19 10:00:00+00:00,,8.123061772413037,,7.67748625216434,3.306140446226249,,,False
2008-08-19 10:30:00+00:00,,5.35236086847978,,8.273569600399933,3.82925636843922,,,False
2008-08-19 11:00:00+00:00,,5.201751631310388,,9.105011480420172,4.5084798058203,,,False
2008-08-19 11:30:00+00:00,,5.659269449829552,,12.247267674687372,4.5084798058203,,,False
2008-08-19 12:00:00+00:00,,7.051040527586544,,14.665276213499231,4.071122219611008,,,False
2008-08-19 12:30:00+00:00,,6.965137157886108,,13.154492325228947,4.010110414156908,,,False
2008-08-19 13:00:00+00:00,,4.761131684698116,,16.595220448036944,4.5084798058203,,,False
2008-08-19 13:30:00+00:00,,5.737193114546844,,17.70436926437162,6.003677782837656,,,False
2008-08-19 14:00:00+00:00,,5.276820705651937,,18.03077264124605,5.717827404543276,,,False
2008-08-19 14:30:00+00:00,,6.296284745164511,,17.06433097901623,5.859956144330387,,,False
2008-08-19 15:00:00+00:00,,5.894490056297688,,20.44119027133804,6.003677782837656,,,False
2008-08-19 15:30:00+00:00,0.7933163001967044,5.0603318270641084,,16.88071429327986,5.449206158339508,,,False
2008-08-19 16:00:00+00:00,1.780933895041878,4.762022591936988,,18.194493268297908,5.24319260055948,,,False
2008-08-19 16:30:00+00:00,2.3837853950946686,3.2558801676012825,,17.693527062352537,5.24319260055948,,,False
2008-08-19 17:00:00+00:00,2.321016618905269,4.762022591936988,,16.563135354370598,5.518657006114644,,,False
2008-08-19 17:30:00+00:00,2.447103616281076,2.9444706373771226,,14.743931112468577,5.518657006114644,,,False
2008-08-19 18:00:00+00:00,2.1360114657504,2.585592913195372,,15.33431230917516,5.449206158339508,,,False
2008-08-19 18:30:00+00:00,1.838722611987155,4.118712039497376,,12.663523970570411,4.775966363086632,,,False
2008-08-19 19:00:00+00:00,1.6109383721577806,3.3195150994097915,,8.221828584244356,4.517318912434632,,,False
2008-08-19 19:30:00+00:00,1.4460511951455013,2.9444706373771226,,4.221408633636636,4.2646436100756,,,False
2008-08-19 20:00:00+00:00,0.886890574579716,2.469547559295421,,3.0777559024929158,2.9246955805642934,,,False
2008-08-19 20:30:00+00:00,0.61428921304437,2.0774960331386185,,1.561505823923501,1.7726565338774245,,,False
2008-08-19 21:00:00+00:00,0.7024134352083732,1.7590200343435043,,0.9535141495082844,1.20549549928095,,,False
2008-08-19 21:30:00+00:00,0.7475247560360088,1.3600809496411526,,0.5544102684338136,1.083636728876394,,,False
2008-08-19 22:00:00+00:00,0.7024134352083732,0.65602200892707,,0.473238218886804,0.9266797696089888,,,False
2008-08-19 22:30:00+00:00,0.2566674964357707,0.2576047228296131,,0.2491782109729506,0.4967022389740416,,,False
2008-08-19 23:00:00+00:00,0.1875675576491222,0.0824285392905823,,0.0908770451749909,0.3381289350070226,,,False
2008-08-19 23:30:00+00:00,0.0655367510632762,0.0577360706866725,,0.0,0.5637810495245941,,,False
2008-08-20 00:00:00+00:00,0.1234309937537257,0.1086940867502487,,0.5960875564515781,0.7762779866531628,,,False
2008-08-20 00:30:00+00:00,0.2566674964357707,0.1363048838541032,,0.7696472202393696,0.5299951206301596,,,False
2008-08-20 01:00:00+00:00,0.1875675576491222,0.1949762349393455,,0.5960875564515781,0.3381289350070226,,,False
2008-08-20 01:30:00+00:00,0.1234309937537257,0.1949762349393455,,0.473238218886804,0.2219300945084912,,,False
2008-08-20 02:00:00+00:00,0.0935848290588339,0.1949762349393455,,0.3951344155926852,0.1946012780448018,,,False
2008-08-20 02:30:00+00:00,0.0397006111854277,0.1651040024078754,,0.2842797820185723,0.1680486102659699,,,False
2008-08-20 03:00:00+00:00,0.016877630366201,0.1363048838541032,,0.1821130049334218,0.2219300945084912,,,False
2008-08-20 03:30:00+00:00,0.0,0.0824285392905823,,0.1503230678421357,0.2499854124295782,,,False
2008-08-20 04:00:00+00:00,0.0935848290588339,0.0,,0.2842797820185723,0.3381289350070226,,,False
2008-08-20 04:30:00+00:00,0.2566674964357707,0.0148748718371595,,0.473238218886804,0.1423330838959784,,,False
2008-08-20 05:00:00+00:00,0.2566674964357707,0.0349823820184871,,0.5134533204082716,0.0,,,False
2008-08-20 05:30:00+00:00,0.2215507165841235,0.0148748718371595,,0.473238218886804,0.0711064874005776,,,False
2008-08-20 06:00:00+00:00,0.1875675576491222,0.0,,0.473238218886804,0.3081170977030624,,,False
2008-08-20 06:30:00+00:00,0.1875675576491222,0.0,,0.681528807500958,0.3999152353829184,,,False
2008-08-20 07:00:00+00:00,0.1548176540410209,0.0,,0.8146767299196385,0.2499854124295782,,,False
2008-08-20 07:30:00+00:00,0.1234309937537257,0.0148748718371595,,0.681528807500958,0.2499854124295782,,,False
2008-08-20 08:00:00+00:00,0.0655367510632762,0.0349823820184871,,0.90661995375291,0.3687357989087244,,,False
2008-08-20 08:30:00+00:00,0.0397006111854277,0.0577360706866725,,0.8146767299196385,0.4639150239631884,,,False
2008-08-20 09:00:00+00:00,0.016877630366201,0.0824285392905823,,1.0491052283811433,0.4639150239631884,,,False
2008-08-20 09:30:00+00:00,,0.0824285392905823,,1.1470515218882746,0.5299951206301596,,,False
2008-08-20 10:00:00+00:00,,0.0824285392905823,,1.0491052283811433,0.5637810495245941,,,False
2008-08-20 10:30:00+00:00,,0.1086940867502487,,1.097787288372653,0.6679880568822996,,,False
2008-08-20 11:00:00+00:00,,0.2258331726257359,,2.2482399980438426,0.8506398226362805,,,False
2008-08-20 11:30:00+00:00,,0.6165680895162036,,1.615794248485699,0.9266797696089888,,,False
2008-08-20 12:00:00+00:00,,0.8195164005132685,,1.561505823923501,1.0437986109793211,,,False
2008-08-20 12:30:00+00:00,,1.126117786366717,,1.952807480246365,1.1644884416227752,,,False
2008-08-20 13:00:00+00:00,,1.707532960701089,,2.813082820807907,1.416231156788352,,,False
2008-08-20 13:30:00+00:00,,1.7590200343435043,,2.3089043939307228,1.459501727640498,,,False
2008-08-20 14:00:00+00:00,,1.8633641516581645,,2.3700932586431063,1.5915246155059826,,,False
2008-08-20 14:30:00+00:00,,2.0774960331386185,,2.431806210950548,1.7268310352569105,,,False
2008-08-20 15:00:00+00:00,,2.1321570630253537,,2.748227011779305,1.7726565338774245,,,False
2008-08-20 15:30:00+00:00,0.5497474369162284,2.2197651206702838,,1.7452569860002838,1.390755759338052,,,False
2008-08-20 16:00:00+00:00,0.591065623120194,2.4439831562970324,,3.969263615129712,1.6118661720540994,,,False
2008-08-20 16:30:00+00:00,0.5497474369162284,2.675252666480447,,1.974763989556542,1.5222970839590892,,,False
2008-08-20 17:00:00+00:00,0.3543257782665522,2.2751578395413965,,1.2610020809603917,1.2626358241091653,,,False
2008-08-20 17:30:00+00:00,0.2471107641827047,1.896710087324704,,1.1097798126875749,1.0568872082612737,,,False
2008-08-20 18:00:00+00:00,0.213315357034441,1.7925882797778263,,1.21001374262034,1.0169328111251184,,,False
2008-08-20 18:30:00+00:00,0.213315357034441,1.6397787110534423,,0.7779518770386635,0.861229278526392,,,False
2008-08-20 19:00:00+00:00,0.1188658597336293,1.2524378610943907,,0.3610944031676399,0.6405971836118725,,,False
2008-08-20 19:30:00+00:00,0.0631209182823975,1.0257222188643047,,0.3610944031676399,0.536508246540564,,,False
2008-08-20 20:00:00+00:00,0.038239587395559,0.8532939164187996,,0.2872840212937415,0.4369294130436792,,,False
2008-08-20 20:30:00+00:00,0.0631209182823975,0.7294532838850261,,0.0918276316797182,0.3732351210513,,,False
2008-08-20 21:00:00+00:00,0.038239587395559,0.5720937166496844,,0.0165623302894541,0.2530185596376941,,,False
2008-08-20 21:30:00+00:00,0.0162575458362597,0.3205634681674663,,0.0,0.1700790171336335,,,False
2008-08-20 22:00:00+00:00,0.0,0.2236733712699832,,0.0165623302894541,0.1440503812233435,,,False
2008-08-20 22:30:00+00:00,0.0,0.1350073527844197,,0.0,0.118947610188126,,,False
2008-08-20 23:00:00+00:00,0.0,0.1076609897341952,,0.0165623302894541,0.118947610188126,,,False
2008-08-20 23:30:00+00:00,0.038239587395559,0.1350073527844197,,0.0165623302894541,0.1700790171336335,,,False
2008-08-21 00:00:00+00:00,0.038239587395559,0.1076609897341952,,0.0389576900377367,0.1969558024915929,,,False
2008-08-21 00:30:00+00:00,0.0631209182823975,0.0816462945191984,,0.0389576900377367,0.1700790171336335,,,False
2008-08-21 01:00:00+00:00,0.038239587395559,0.034651420661031,,0.0389576900377367,0.118947610188126,,,False
2008-08-21 01:30:00+00:00,0.038239587395559,0.0147343596133297,,0.0389576900377367,0.094871869107795,,,False
2008-08-21 02:00:00+00:00,0.0162575458362597,0.0,,0.064308280942189,0.0719608228327328,,,False
2008-08-21 02:30:00+00:00,0.0,0.0,,0.0389576900377367,0.0305521011860491,,,False
2008-08-21 03:00:00+00:00,0.0,0.0,,0.0389576900377367,0.0129936496098921,,,False
2008-08-21 03:30:00+00:00,0.0,0.0,,0.064308280942189,0.0,,,False
2008-08-21 04:00:00+00:00,0.0162575458362597,0.0147343596133297,,0.0918276316797182,0.0129936496098921,,,False
2008-08-21 04:30:00+00:00,0.0162575458362597,0.034651420661031,,0.1840276939864827,0.0305521011860491,,,False
2008-08-21 05:00:00+00:00,0.0162575458362597,0.034651420661031,,0.2518069869906541,0.0719608228327328,,,False
2008-08-21 05:30:00+00:00,0.0162575458362597,0.0571890003116482,,0.2518069869906541,0.094871869107795,,,False
2008-08-21 06:00:00+00:00,0.0162575458362597,0.0571890003116482,,0.2872840212937415,0.094871869107795,,,False
2008-08-21 06:30:00+00:00,0.038239587395559,0.0571890003116482,,0.4384052660012004,0.118947610188126,,,False
2008-08-21 07:00:00+00:00,0.0631209182823975,0.2874495434831481,,0.6453192277126188,0.1440503812233435,,,False
2008-08-21 07:30:00+00:00,0.0631209182823975,0.389044086663006,,0.8696536033642631,0.1969558024915929,,,False
2008-08-21 08:00:00+00:00,0.0901293323571723,0.389044086663006,,0.9164542964292576,0.2246190520054928,,,False
2008-08-21 08:30:00+00:00,0.038239587395559,0.3205634681674663,,1.0605456316893096,0.1969558024915929,,,False
2008-08-21 09:00:00+00:00,,0.2236733712699832,,1.011908465195339,0.1700790171336335,,,False
2008-08-21 09:30:00+00:00,,0.2236733712699832,,0.5603404922188776,0.1440503812233435,,,False
2008-08-21 10:00:00+00:00,,0.2236733712699832,,0.6024746792317572,0.1700790171336335,,,False
2008-08-21 10:30:00+00:00,,0.2236733712699832,,0.5603404922188776,0.1969558024915929,,,False
2008-08-21 11:00:00+00:00,,0.2236733712699832,,0.6888569543479692,0.1969558024915929,,,False
2008-08-21 11:30:00+00:00,,0.2236733712699832,,0.5603404922188776,0.2821126424055552,,,False
2008-08-21 12:00:00+00:00,,0.2236733712699832,,1.1596045016922911,0.4369294130436792,,,False
2008-08-21 12:30:00+00:00,,0.4603259429370864,,1.1097798126875749,0.5027975349689844,,,False
2008-08-21 13:00:00+00:00,,0.5720937166496844,,0.8696536033642631,0.6054190677484524,,,False
2008-08-21 13:30:00+00:00,,0.9818533181200032,,1.8589283903981304,0.7489100860577603,,,False
2008-08-21 14:00:00+00:00,,1.7925882797778263,,3.0457361393375577,1.3476660721193556,,,False
2008-08-21 14:30:00+00:00,,3.1589660269223963,,3.969263615129712,2.330370893478237,,,False
2008-08-21 15:00:00+00:00,0.0631209182823975,2.8533319640964647,,3.1135373727442595,3.299724007951248,,,False
2008-08-21 15:30:00+00:00,1.3475307461299524,3.201063391209078,,3.913268425725781,3.5174644377546964,,,False
2008-08-21 16:00:00+00:00,1.446221867123754,2.1515417452936694,,2.086380379175713,2.952414755195925,,,False
2008-08-21 16:30:00+00:00,1.2989271856923108,1.2914769270297672,,2.50558377583968,2.952414755195925,,,False
2008-08-21 17:00:00+00:00,1.446221867123754,1.62988938120708,,3.081189575886523,3.2304305061499785,,,False
2008-08-21 17:30:00+00:00,1.396630052401932,2.4856509522732515,,3.147695277311563,3.174107917751539,,,False
2008-08-21 18:00:00+00:00,1.753964829248681,4.1847917968954444,,3.841073857760436,3.753633982446216,,,False
2008-08-21 18:30:00+00:00,1.6494582128512283,3.3264401111512703,,3.913268425725781,4.057101104290848,,,False
2008-08-21 19:00:00+00:00,1.3475307461299524,2.542864779591318,,3.081189575886523,3.813590916680832,,,False
2008-08-21 19:30:00+00:00,1.1561276947669992,2.0973889080635653,,2.3832661093581526,3.344158189061032,,,False
2008-08-21 20:00:00+00:00,1.0179361350539062,1.6800529792615848,,1.914382264421329,2.897888731038126,,,False
2008-08-21 20:30:00+00:00,0.7982675472062989,1.4337589328551368,,1.3748100977931552,2.6306272068808068,,,False
2008-08-21 21:00:00+00:00,0.7559963496255455,1.1083432993551432,,0.9353643955088004,1.8355152751212385,,,False
2008-08-21 21:30:00+00:00,0.9284381491283028,1.5801761205810754,,0.8440176133890287,1.4727235628516833,,,False
2008-08-21 22:00:00+00:00,0.8844969657862765,1.4337589328551368,,0.8440176133890287,1.6967110659523164,,,False
2008-08-21 22:30:00+00:00,0.8411040528124033,0.6852417495049477,,0.6686885459614283,1.1339305945398972,,,False
2008-08-21 23:00:00+00:00,0.9284381491283028,0.2536772105073546,,0.5848951067516196,0.6032964881063736,,,False
2008-08-21 23:30:00+00:00,0.9729201506747795,0.0811833773312275,,0.4643974015743564,0.4679627979404016,,,False
2008-08-22 00:00:00+00:00,0.7559963496255455,0.0146512019273148,,0.3506640070785566,0.4354083826521804,,,False
2008-08-22 00:30:00+00:00,0.9729201506747795,0.0146512019273148,,0.4643974015743564,0.4679627979404016,,,False
2008-08-22 01:00:00+00:00,1.0634798246283217,0.0568652478491451,,0.3143950588227848,0.4679627979404016,,,False
2008-08-22 01:30:00+00:00,1.1561276947669992,0.1342395320669953,,0.0892102384589533,0.4033947303321876,,,False
2008-08-22 02:00:00+00:00,0.8844969657862765,0.034455555862951,,0.0,0.1185398737932988,,,False
2008-08-22 02:30:00+00:00,0.7143002162273376,0.0146512019273148,,0.1787561367543551,0.0502420574582697,,,False
2008-08-22 03:00:00+00:00,0.7143002162273376,0.0146512019273148,,0.2111255615851145,0.0,,,False
2008-08-22 03:30:00+00:00,0.7143002162273376,0.034455555862951,,0.2445698030335571,0.0129494170551272,,,False
2008-08-22 04:00:00+00:00,0.6731898663597083,0.0,,0.2445698030335571,0.0129494170551272,,,False
2008-08-22 04:30:00+00:00,0.632677109710662,0.0,,0.3143950588227848,0.0304479527234306,,,False
2008-08-22 05:00:00+00:00,0.5927749975653012,0.0,,0.3877775077298796,0.0502420574582697,,,False
2008-08-22 05:30:00+00:00,0.5148622466584344,0.0146512019273148,,0.4643974015743564,0.0502420574582697,,,False
2008-08-22 06:00:00+00:00,0.4029943007760984,0.0146512019273148,,0.4643974015743564,0.0304479527234306,,,False
2008-08-22 06:30:00+00:00,0.2642270233580283,0.0146512019273148,,0.5038450217273808,0.0129494170551272,,,False
2008-08-22 07:00:00+00:00,0.1693280108671804,0.0811833773312275,,0.6264575627760756,0.0304479527234306,,,False
2008-08-22 07:30:00+00:00,0.0845273191309416,0.2536772105073546,,0.8440176133890287,0.0945471132726832,,,False
2008-08-22 08:00:00+00:00,0.0152518138185522,0.4940806308916968,,1.5311575129692527,0.2238447760086697,,,False
2008-08-22 08:30:00+00:00,0.0,1.3858685289002124,,3.081189575886523,0.7462693898110548,,,False
2008-08-22 09:00:00+00:00,0.0,2.6005150725689554,,4.282142044576068,1.3428098044056145,,,False
2008-08-22 09:30:00+00:00,0.1114660452670779,4.0477922453097,,5.893316792990964,2.221594265300256,,,False
2008-08-22 10:00:00+00:00,0.2316294041205992,5.045462888213952,,6.784285334982624,2.897888731038126,,,False
2008-08-22 10:30:00+00:00,0.5927749975653012,5.657016250164563,,7.933740917736023,3.5174644377546964,,,False
2008-08-22 11:00:00+00:00,0.9729201506747795,5.735641851164844,,9.723083023045296,3.753633982446216,,,False
2008-08-22 11:30:00+00:00,1.2032216759858363,5.814758824488504,,10.870786334762569,3.5759595973969907,,,False
2008-08-22 12:00:00+00:00,1.1561276947669992,5.120228212811172,,8.96246955881424,3.401564378474873,,,False
2008-08-22 12:30:00+00:00,1.753964829248681,4.82400510834996,,8.85658179729546,3.344158189061032,,,False
2008-08-22 13:00:00+00:00,1.8603765840862296,5.120228212811172,,10.402841666347308,3.45933291831844,,,False
2008-08-22 13:30:00+00:00,2.023540800803424,6.3825141351144605,,11.719182833106805,3.344158189061032,,,False
2008-08-22 14:00:00+00:00,2.247668393759053,6.217787913890328,,14.936490649247688,4.956554154438936,,,False
2008-08-22 14:30:00+00:00,2.247668393759053,6.055078857868439,,14.36497532170153,4.626795558882312,,,False
2008-08-22 15:00:00+00:00,2.304869390859953,4.897353062443068,,12.221398478102255,3.753633982446216,,,False
2008-08-22 15:30:00+00:00,1.2052271082593593,4.678714741987871,,11.10970574610091,6.058827557149644,,,False
2008-08-22 16:00:00+00:00,1.0609441596799596,4.751126215082964,,12.627861097716576,6.41438271547632,,,False
2008-08-22 16:30:00+00:00,1.304127788375772,5.894369242056864,,12.108558172307111,6.41438271547632,,,False
2008-08-22 17:00:00+00:00,0.9216757586901312,4.1847917968954444,,8.407203095817433,5.781165673987368,,,False
2008-08-22 17:30:00+00:00,0.8317076083613244,3.912604722671184,,7.996543224508692,5.309480161920636,,,False
2008-08-22 18:00:00+00:00,0.5764501681478712,3.1390358687420368,,5.240919387154032,4.66629359392494,,,False
2008-08-22 18:30:00+00:00,0.5764501681478712,3.1390358687420368,,3.274212427013344,4.117425893896968,,,False
2008-08-22 19:00:00+00:00,0.419593628516724,1.530915164232858,,1.4513829152606426,3.484157964759641,,,False
2008-08-22 19:30:00+00:00,0.3099083275623449,0.8482867997523804,,1.04684395484556,2.8394315645016963,,,False
2008-08-22 20:00:00+00:00,0.419593628516724,0.6852417495049477,,0.9988579818419832,2.891340916449574,,,False
2008-08-22 20:30:00+00:00,0.2410910703613066,0.5687736071290668,,0.5123693825649036,3.0490463675671164,,,False
2008-08-22 21:00:00+00:00,0.1762218964574114,0.7656906775158323,,0.2836857586592901,2.7366000954097607,,,False
2008-08-22 21:30:00+00:00,0.145468293893578,0.4940806308916968,,0.2486584172379286,1.1913848219277214,,,False
2008-08-22 22:00:00+00:00,0.2081274847741547,0.2858020600670438,,0.2836857586592901,1.3119465064350024,,,False
2008-08-22 22:30:00+00:00,0.2750381832966811,0.4219007079052476,,0.3565562663386001,1.5625075588621309,,,False
2008-08-22 23:00:00+00:00,0.145468293893578,0.6458468378027652,,0.2146490877978417,0.8132955901797853,,,False
2008-08-22 23:30:00+00:00,0.0,0.4219007079052476,,0.0384762719090952,1.0740501906724225,,,False
2008-08-23 00:00:00+00:00,0.0158666637448987,0.0811833773312275,,0.0,0.6388622249785236,,,False
2008-08-23 00:30:00+00:00,0.145468293893578,0.3187233403681921,,0.0163580037972758,0.2392751372039071,,,False
2008-08-23 01:00:00+00:00,0.457725790830348,0.3524017929073873,,0.2836857586592901,0.507011339275326,,,False
2008-08-23 01:30:00+00:00,0.4965946121434752,0.2223953802950799,,0.3565562663386001,1.1913848219277214,,,False
2008-08-23 02:00:00+00:00,0.5361763855785587,0.2858020600670438,,0.3565562663386001,1.1127986589868164,,,False
2008-08-23 02:30:00+00:00,0.5361763855785587,0.1625984185154436,,0.2836857586592901,0.352852789453174,,,False
2008-08-23 03:00:00+00:00,0.5361763855785587,0.0,,0.3565562663386001,0.0,,,False
2008-08-23 03:30:00+00:00,0.5764501681478712,0.0811833773312275,,0.3565562663386001,0.0289123086245096,,,False
2008-08-23 04:00:00+00:00,0.6173973486560016,0.0146512019273148,,0.3565562663386001,0.0,,,False
2008-08-23 04:30:00+00:00,0.5764501681478712,0.0811833773312275,,0.3943045272776328,0.7073983885390417,,,False
2008-08-23 05:00:00+00:00,0.5361763855785587,0.1342395320669953,,0.472240888437528,0.99765802010853,,,False
2008-08-23 05:30:00+00:00,0.5361763855785587,0.1342395320669953,,0.472240888437528,1.0356688680259212,,,False
2008-08-23 06:00:00+00:00,0.5361763855785587,0.1342395320669953,,0.4328766928272564,1.231216916797998,,,False
2008-08-23 06:30:00+00:00,0.4965946121434752,0.1625984185154436,,0.472240888437528,1.5625075588621309,,,False
2008-08-23 07:00:00+00:00,0.4965946121434752,0.192012749571038,,0.5948248407116364,1.6924132061345196,,,False
2008-08-23 07:30:00+00:00,0.701247113237466,0.6070199030127144,,0.768005546075676,1.9613061233805056,,,False
2008-08-23 08:00:00+00:00,1.156585428274986,1.2449819499841044,,1.1445704433795816,2.1002469221318254,,,False
2008-08-23 08:30:00+00:00,1.4051564185015295,1.3384401984086545,,1.3468783429893816,2.194527463069021,,,False
2008-08-23 09:00:00+00:00,1.4051564185015295,1.3858685289002124,,1.2445958254744367,2.24216245616598,,,False
2008-08-23 09:30:00+00:00,1.7751296649081276,1.6800529792615848,,1.2445958254744367,2.24216245616598,,,False
2008-08-23 10:00:00+00:00,1.997750186037148,1.7817241464728388,,1.0954169336406132,2.2901268250197324,,,False
2008-08-23 10:30:00+00:00,2.112074326111583,1.8851770613002208,,1.0954169336406132,2.4359937899282964,,,False
2008-08-23 11:00:00+00:00,2.2283967422124142,2.04367521267112,,0.9514660880539944,2.48527350763241,,,False
2008-08-23 11:30:00+00:00,2.28730549703575,2.1515417452936694,,1.295457278297011,2.58481851528172,,,False
2008-08-23 12:00:00+00:00,2.28730549703575,2.04367521267112,,1.7779583921649875,2.6856776130089903,,,False
2008-08-23 12:30:00+00:00,2.406615554165022,2.04367521267112,,1.6669454039288785,2.7366000954097607,,,False
2008-08-23 13:00:00+00:00,2.112074326111583,1.8851770613002208,,2.064785399634546,2.8394315645016963,,,False
2008-08-23 13:30:00+00:00,1.997750186037148,1.5801761205810754,,1.3988548332958968,2.7878513576875776,,,False
2008-08-23 14:00:00+00:00,2.054662045622327,1.530915164232858,,1.0954169336406132,2.7878513576875776,,,False
2008-08-23 14:30:00+00:00,2.054662045622327,1.62988938120708,,1.1942985527036891,2.8394315645016963,,,False
2008-08-23 15:00:00+00:00,2.169986142674052,1.62988938120708,,1.1445704433795816,2.943579649069336,,,False
2008-08-23 15:30:00+00:00,1.1073623621566644,1.3831085205083844,,0.8416217822502239,1.4727235628516833,,,False
2008-08-23 16:00:00+00:00,1.0097119829018053,1.1511325560761063,,0.7950574291321115,1.4290421420893789,,,False
2008-08-23 16:30:00+00:00,0.961786888424766,1.1965863531495635,,0.8416217822502239,1.3857368736330036,,,False
2008-08-23 17:00:00+00:00,0.91447200093888,1.3831085205083844,,0.7950574291321115,1.5167792350643363,,,False
2008-08-23 17:30:00+00:00,1.0097119829018053,1.6266169250404847,,0.6594328347725952,1.5612073952324976,,,False
2008-08-23 18:00:00+00:00,1.2582405606848508,2.1471503019044187,,0.6156278759384533,1.7426140243504884,,,False
2008-08-23 18:30:00+00:00,1.57534616901834,2.3118770522497143,,0.8888440410783612,1.8355152751212385,,,False
2008-08-23 19:00:00+00:00,1.741372786320757,2.1471503019044187,,1.0841174540401968,1.8825114886655363,,,False
2008-08-23 19:30:00+00:00,1.8547761926743345,2.1471503019044187,,1.034358737503194,1.7426140243504884,,,False
2008-08-23 20:00:00+00:00,1.9122877199167811,2.2565317986030817,,1.034358737503194,1.1749301303766624,,,False
2008-08-23 20:30:00+00:00,1.970336989909807,1.986358975698636,,0.936713790262566,1.3857368736330036,,,False
2008-08-23 21:00:00+00:00,1.9122877199167811,2.3118770522497143,,0.8416217822502239,1.2580992397170538,,,False
2008-08-23 21:30:00+00:00,1.8547761926743345,2.1471503019044187,,0.7491624642298441,0.5010422418766872,,,False
2008-08-23 22:00:00+00:00,2.0880434255956093,1.933639717233208,,0.936713790262566,0.3719394859850675,,,False
2008-08-23 22:30:00+00:00,1.685484608953849,1.727178951654018,,0.6156278759384533,0.5687211886027596,,,False
2008-08-23 23:00:00+00:00,1.3096849590896509,1.1965863531495635,,0.3688947944008596,0.5010422418766872,,,False
2008-08-23 23:30:00+00:00,1.1073623621566644,0.8466295782788028,,0.2220251230026518,0.3410625594329046,,,False
2008-08-24 00:00:00+00:00,1.1570740394931036,0.5676746537427084,,0.2934682501517215,0.6383480678225028,,,False
2008-08-24 00:30:00+00:00,1.1570740394931036,0.4210906203046295,,0.2572180560814057,0.3410625594329046,,,False
2008-08-24 01:00:00+00:00,1.0582395095331936,0.3517272537896387,,0.2220251230026518,0.169494381171608,,,False
2008-08-24 01:30:00+00:00,1.0097119829018053,0.3517272537896387,,0.1236939243805054,0.0945471132726832,,,False
2008-08-24 02:00:00+00:00,0.961786888424766,0.1916480496517603,,0.1879684985211163,0.1962778326851725,,,False
2008-08-24 02:30:00+00:00,0.7314978842586863,0.10684724794745,,0.0656758748547662,0.169494381171608,,,False
2008-08-24 03:00:00+00:00,0.5178309353242667,0.081030127289797,,0.0,0.1185398737932988,,,False
2008-08-24 03:30:00+00:00,0.7762779866531628,0.0343907129032505,,0.0937838375135823,0.1185398737932988,,,False
2008-08-24 04:00:00+00:00,0.7762779866531628,0.0146236714723553,,0.0397847439969516,0.252145165908172,,,False
2008-08-24 04:30:00+00:00,0.6873799296026087,0.0146236714723553,,0.0397847439969516,0.1962778326851725,,,False
2008-08-24 05:00:00+00:00,0.5178309353242667,0.0146236714723553,,0.2220251230026518,0.0717148357993483,,,False
2008-08-24 05:30:00+00:00,0.4374749739929616,0.0,,0.2934682501517215,0.0945471132726832,,,False
2008-08-24 06:00:00+00:00,0.2866785818119077,0.0,,0.3307115373322168,0.0,,,False
2008-08-24 06:30:00+00:00,0.183641844757424,0.0567580675524782,,0.4479090878467188,0.0,,,False
2008-08-24 07:00:00+00:00,0.0916360762966747,0.2219723202925929,,0.7491624642298441,0.0502420574582697,,,False
2008-08-24 07:30:00+00:00,0.0165279554904567,0.5300973832953852,,1.034358737503194,0.1435559074485977,,,False
2008-08-24 08:00:00+00:00,0.0,1.1061572128840838,,1.3953605907777842,0.4033947303321876,,,False
2008-08-24 08:30:00+00:00,0.0388766975446238,1.8295236926479048,,1.901395285026757,0.7831387363808123,,,False
2008-08-24 09:00:00+00:00,0.0388766975446238,2.5951358921145085,,2.516804386237559,1.3002631369204103,,,False
2008-08-24 09:30:00+00:00,0.0641743587491493,3.639860580660408,,3.4711690239825628,1.8825114886655363,,,False
2008-08-24 10:00:00+00:00,0.0641743587491493,4.384174329654084,,3.543506508232307,2.172075130580508,,,False
2008-08-24 10:30:00+00:00,0.4772659927342392,5.722783765548948,,5.803329089065897,2.952414755195925,,,False
2008-08-24 11:00:00+00:00,0.5178309353242667,5.259499414050096,,4.943133516275784,2.4745592611211324,,,False
2008-08-24 11:30:00+00:00,0.64393796105217,5.034334431903192,,5.451938658680437,2.4232511386721702,,,False
2008-08-24 12:00:00+00:00,0.7762779866531628,5.18396897519262,,5.982747598535219,2.5782473162525763,,,False
2008-08-24 12:30:00+00:00,1.0097119829018053,5.566418709484932,,6.536187255500892,2.5782473162525763,,,False
2008-08-24 13:00:00+00:00,1.1570740394931036,5.566418709484932,,6.1646800896094325,2.271471727362372,,,False
2008-08-24 13:30:00+00:00,1.2582405606848508,5.488965462704364,,6.821607597885756,2.271471727362372,,,False
2008-08-24 14:00:00+00:00,1.1570740394931036,5.566418709484932,,6.630675105800628,2.074113450808294,,,False
2008-08-24 14:30:00+00:00,0.961786888424766,5.64435747938898,,6.630675105800628,2.02567187418794,,,False
2008-08-24 15:00:00+00:00,0.8677758374657101,5.259499414050096,,7.611948800993808,2.02567187418794,,,False
2008-08-24 15:30:00+00:00,1.392772547532193,4.396458980549268,,6.536187255500892,2.6958080412108827,,,False
2008-08-24 16:00:00+00:00,1.392772547532193,4.32470546670762,,6.725814074607528,2.6958080412108827,,,False
2008-08-24 16:30:00+00:00,1.2392127853830504,4.182637191823332,,7.01517230484462,2.438074109597144,,,False
2008-08-24 17:00:00+00:00,1.2392127853830504,3.904215442490844,,6.1646800896094325,2.287628770331196,,,False
2008-08-24 17:30:00+00:00,1.4450610701887705,3.767840531445456,,5.714555031923291,2.2381802890717752,,,False
2008-08-24 18:00:00+00:00,1.4450610701887705,3.566795730624601,,3.838483138511196,2.0438944535868697,,,False
2008-08-24 18:30:00+00:00,1.5512694348427165,3.4350982048593828,,3.187407296842596,1.8089689256134307,,,False
2008-08-24 19:00:00+00:00,1.341032377754538,2.7437874343149526,,2.581381826656002,1.5388254720150047,,,False
2008-08-24 19:30:00+00:00,0.9473937965919,2.107931146907011,,1.7849796452054605,1.1583038237841468,,,False
2008-08-24 20:00:00+00:00,0.392654193882786,1.0961041449213216,,0.5725521602165736,0.4941308098416275,,,False
2008-08-24 20:30:00+00:00,0.2137582614660123,0.6651662801409576,,0.0656758748547662,0.2207954766618756,,,False
2008-08-24 21:00:00+00:00,0.1809814384330142,0.3982447597429728,,,0.0495642044050945,,,False
2008-08-24 21:30:00+00:00,0.2137582614660123,0.2611326919410619,,,0.0,,,False
2008-08-24 22:00:00+00:00,0.2137582614660123,0.1976380283921752,,0.0,0.0,,,False
2008-08-24 22:30:00+00:00,0.2825044369866104,0.2611326919410619,,0.0656758748547662,0.0495642044050945,,,False
2008-08-24 23:00:00+00:00,0.3183354695609802,0.3628084438462248,,0.1236939243805054,0.1671918337655571,,,False
2008-08-24 23:30:00+00:00,0.3550664582795013,0.4343996840493851,,0.0937838375135823,0.1936077542113827,,,False
2008-08-25 00:00:00+00:00,0.3550664582795013,0.2611326919410619,,0.0397847439969516,0.1936077542113827,,,False
2008-08-25 00:30:00+00:00,0.3550664582795013,0.2289211136832711,,0.0169133356657034,0.1936077542113827,,,False
2008-08-25 01:00:00+00:00,0.392654193882786,0.508765084513956,,0.2934682501517215,0.2772970650292252,,,False
2008-08-25 01:30:00+00:00,0.4310618331115548,0.5857325851309056,,0.2220251230026518,0.3065352792196424,,,False
2008-08-25 02:00:00+00:00,0.392654193882786,0.546932778896286,,0.155148015677634,0.3363906245687633,,,False
2008-08-25 02:30:00+00:00,0.392654193882786,0.4343996840493851,,0.0656758748547662,0.2487055899856187,,,False
2008-08-25 03:00:00+00:00,0.3183354695609802,0.110170946780721,,0.0169133356657034,0.1416084154903505,,,False
2008-08-25 03:30:00+00:00,0.2476247045096714,0.0835467580377586,,0.0169133356657034,0.1169339637345807,,,False
2008-08-25 04:00:00+00:00,0.1809814384330142,0.110170946780721,,0.0169133356657034,0.0707459501203776,,,False
2008-08-25 04:30:00+00:00,0.1493905982932875,0.0585180823164425,,0.0,0.0495642044050945,,,False
2008-08-25 05:00:00+00:00,0.1191114171455983,0.0150757145509753,,0.0,0.0495642044050945,,,False
2008-08-25 05:30:00+00:00,0.0903152128663346,0.0,,0.0169133356657034,0.0707459501203776,,,False
2008-08-25 06:00:00+00:00,0.0632508795727135,0.0,,0.0937838375135823,0.1169339637345807,,,False
2008-08-25 06:30:00+00:00,0.0162909073192426,0.0150757145509753,,0.2572180560814057,0.1936077542113827,,,False
2008-08-25 07:00:00+00:00,0.0,0.0585180823164425,,0.4479090878467188,0.2772970650292252,,,False
2008-08-25 07:30:00+00:00,0.0162909073192426,0.2942150693719719,,0.5725521602165736,0.3363906245687633,,,False
2008-08-25 08:00:00+00:00,0.0,0.3628084438462248,,0.8888440410783612,0.4615166964254508,,,False
2008-08-25 08:30:00+00:00,0.0162909073192426,0.8310140094893471,,1.2370541272613136,0.5949394326699335,,,False
2008-08-25 09:00:00+00:00,0.0383181884053585,1.235595189161754,,1.7849796452054605,0.8461734459584184,,,False
2008-08-25 09:30:00+00:00,0.1191114171455983,1.8372710809026505,,2.080204383777149,1.1583038237841468,,,False
2008-08-25 10:00:00+00:00,0.2137582614660123,2.5061619277422107,,2.7121896609733294,1.5388254720150047,,,False
2008-08-25 10:30:00+00:00,0.3183354695609802,3.3699461723577797,,3.68986666457142,1.9962022497092389,,,False
2008-08-25 11:00:00+00:00,0.4702576148048844,3.767840531445456,,4.77832287079368,2.3875758907561115,,,False
2008-08-25 11:30:00+00:00,0.4310618331115548,4.04247753912924,,5.451938658680437,2.540119210006302,,,False
2008-08-25 12:00:00+00:00,0.6344172029012113,4.32470546670762,,5.803329089065897,2.6958080412108827,,,False
2008-08-25 12:30:00+00:00,0.6344172029012113,5.295543664403304,,5.365625713607016,2.6435622369878136,,,False
2008-08-25 13:00:00+00:00,0.6344172029012113,6.100004082582108,,5.194822180844304,2.438074109597144,,,False
2008-08-25 13:30:00+00:00,0.5923139007638519,5.85325837094976,,5.026430921192784,2.287628770331196,,,False
2008-08-25 14:00:00+00:00,0.764741168505702,5.373691667756532,,7.919570479891248,2.6958080412108827,,,False
2008-08-25 14:30:00+00:00,0.9008106991104924,4.614615500238252,,7.112950613794908,2.6435622369878136,,,False
2008-08-25 15:00:00+00:00,0.8548345655656343,4.32470546670762,,5.982747598535219,2.540119210006302,,,False
2008-08-25 15:30:00+00:00,0.7696472202393696,4.3718038653760924,,7.100130127512996,2.7331255603641167,,,False
2008-08-25 16:00:00+00:00,0.681528807500958,4.159105411918248,,5.71650769458576,2.577324084463555,,,False
2008-08-25 16:30:00+00:00,0.5544102684338136,3.746466591966144,,4.628340561840516,2.177111676342866,,,False
2008-08-25 17:00:00+00:00,0.5544102684338136,3.612662936494884,,4.391204330761056,2.032767255525815,,,False
2008-08-25 17:30:00+00:00,0.681528807500958,4.735887020814132,,4.313298603386556,2.032767255525815,,,False
2008-08-25 18:00:00+00:00,0.7252604381097181,3.480715466469256,,3.710295974742768,1.891568554761748,,,False
2008-08-25 18:30:00+00:00,0.681528807500958,3.286257478908322,,3.0062710205627834,1.7535343904557237,,,False
2008-08-25 19:00:00+00:00,0.5544102684338136,2.7878713820033543,,2.172158899939228,1.4870680264139544,,,False
2008-08-25 19:30:00+00:00,0.473238218886804,2.2620230672335637,,1.5929621303918038,1.1521784796720371,,,False
2008-08-25 20:00:00+00:00,0.3573054254459077,1.773122401154268,,1.1195459838085933,0.8047587369685141,,,False
2008-08-25 20:30:00+00:00,0.3203393978984533,1.5678488437202194,,0.924461939629854,0.6262295489022492,,,False
2008-08-25 21:00:00+00:00,0.2150970280208866,1.2268819014629364,,0.6508983904286328,0.4591407457846043,,,False
2008-08-25 21:30:00+00:00,0.1503230678421357,1.180115421745932,,0.4421625510811032,0.364956832744146,,,False
2008-08-25 22:00:00+00:00,0.1198536349523896,,,0.3264906048770592,0.2758813433761525,,,False
2008-08-25 22:30:00+00:00,0.1198536349523896,,,0.3264906048770592,0.3049681172752919,,,False
2008-08-25 23:00:00+00:00,0.0908770451749909,,,0.2897291219250348,0.2758813433761525,,,False
2008-08-25 23:30:00+00:00,0.0636436885677483,,,0.2192059898557693,0.2196713282793444,,,False
2008-08-26 00:00:00+00:00,0.0908770451749909,,,0.2897291219250348,0.3049681172752919,,,False
2008-08-26 00:30:00+00:00,0.1198536349523896,,,0.2897291219250348,0.3346684429939405,,,False
2008-08-26 01:00:00+00:00,0.0908770451749909,,,0.1531847952681156,0.2196713282793444,,,False
2008-08-26 01:30:00+00:00,0.0636436885677483,,,0.0167011345075397,0.0703887123343017,,,False
2008-08-26 02:00:00+00:00,0.0636436885677483,,,0.0,0.0493142674222296,,,False
2008-08-26 02:30:00+00:00,0.0908770451749909,,,0.0392847400910959,0.0703887123343017,,,False
2008-08-26 03:00:00+00:00,0.1198536349523896,,,0.0926011628323307,0.1408904062785234,,,False
2008-08-26 03:30:00+00:00,0.1503230678421357,,,0.0926011628323307,0.1663429412640657,,,False
2008-08-26 04:00:00+00:00,0.1503230678421357,,,0.0926011628323307,0.0703887123343017,,,False
2008-08-26 04:30:00+00:00,0.1503230678421357,,,0.1855858905820198,0.0493142674222296,,,False
2008-08-26 05:00:00+00:00,0.0908770451749909,,,0.2539464413110862,0.0703887123343017,,,False
2008-08-26 05:30:00+00:00,0.0385557575896209,,,0.2897291219250348,0.0127109383521132,,,False
2008-08-26 06:00:00+00:00,0.0,,,0.4421625510811032,0.0,,,False
2008-08-26 06:30:00+00:00,,,,0.5233989187964484,0.0,,,False
2008-08-26 07:00:00+00:00,,,,0.4421625510811032,0.007748366878973973,,,True
2008-08-26 07:30:00+00:00,,,,0.6508983904286328,0.0298864543151626,,,False
2008-08-26 08:00:00+00:00,,,,0.8306525478316211,0.1408904062785234,,,False
2008-08-26 08:30:00+00:00,,,,1.2721588403051771,0.2474375931561074,,,False
2008-08-26 09:00:00+00:00,,,,1.9926536594051012,0.4272114593453616,,,False
2008-08-26 09:30:00+00:00,,,,2.1117806372525147,0.5579546679003528,,,False
2008-08-26 10:00:00+00:00,,,,2.172158899939228,0.8417493904719348,,,False
2008-08-26 10:30:00+00:00,,,,2.1117806372525147,1.1521784796720371,,,False
2008-08-26 11:00:00+00:00,,,,2.172158899939228,1.3166576950145112,,,False
2008-08-26 11:30:00+00:00,0.0636436885677483,,,5.371029813851928,1.891568554761748,,,False
2008-08-26 12:00:00+00:00,0.0385557575896209,,,9.176668082710847,2.6289112005989423,,,False
2008-08-26 12:30:00+00:00,0.0385557575896209,,,10.087791021354528,3.501610353221864,,,False
2008-08-26 13:00:00+00:00,0.0385557575896209,,,7.394171182487352,2.7857530315230155,,,True
2008-08-26 13:30:00+00:00,0.0385557575896209,,,5.892877925719777,1.891568554761748,,,False
2008-08-26 14:00:00+00:00,0.3573054254459077,,,8.418156039286668,2.374442121261416,,,False
2008-08-26 14:30:00+00:00,0.90661995375291,,,8.000328257190684,2.9457188424404244,,,False
2008-08-26 15:00:00+00:00,0.9535141495082844,,,6.0716993213612165,2.7331255603641167,,,False
2008-08-26 15:30:00+00:00,1.1814827022342071,,,7.500443876132112,2.5868693090962767,,,False
2008-08-26 16:00:00+00:00,0.7160830980831973,,,6.199910604170136,2.5354249994008047,,,False
2008-08-26 16:30:00+00:00,0.9882136077360516,,,7.02211130908398,2.5868693090962767,,,False
2008-08-26 17:00:00+00:00,1.231216916797998,,,6.4685386578210124,2.4843292075062537,,,False
2008-08-26 17:30:00+00:00,1.1323095942432166,,,5.59371929965686,2.333133537234646,,,False
2008-08-26 18:00:00+00:00,1.0837030128251617,,,4.697611763031504,1.9925731425052224,,,False
2008-08-26 18:30:00+00:00,0.8493948835547257,,,3.582179095273996,1.8518874395844167,,,False
2008-08-26 19:00:00+00:00,0.5474425900773888,,,2.8394315645016963,1.6245097859839177,,,False
2008-08-26 19:30:00+00:00,0.2460886628374753,,,1.281507265915751,0.8822338593958008,,,False
2008-08-26 20:00:00+00:00,0.4673108603356884,,,0.7160830980831973,0.3662086608714744,,,False
2008-08-26 20:30:00+00:00,0.507011339275326,,,0.0628624425437769,0.3060112731436148,,,False
2008-08-26 21:00:00+00:00,0.4673108603356884,,,0.2460886628374753,0.8075700344665008,,,False
2008-08-26 21:30:00+00:00,0.507011339275326,,,0.6304146162641928,1.075997344470725,,,False
2008-08-26 22:00:00+00:00,0.6304146162641928,,,0.5474425900773888,1.075997344470725,,,False
2008-08-26 22:30:00+00:00,0.7160830980831973,,,0.1798625506084488,0.9585399218606856,,,False
2008-08-26 23:00:00+00:00,0.7160830980831973,,,0.0,0.6284017720122445,,,False
2008-08-26 23:30:00+00:00,0.6304146162641928,,,0.1484685591704172,0.5263373330550685,,,False
2008-08-27 00:00:00+00:00,0.7598915027033293,,,0.4673108603356884,0.3662086608714744,,,False
2008-08-27 00:30:00+00:00,0.9882136077360516,,,0.0628624425437769,0.0,,,False
2008-08-27 01:00:00+00:00,0.9882136077360516,,,0.0628624425437769,0.2204196041913944,,,False
2008-08-27 01:30:00+00:00,0.8043324853483477,,,0.6304146162641928,0.3358147826846369,,,False
2008-08-27 02:00:00+00:00,0.6729195905916552,,,0.7160830980831973,0.3358147826846369,,,False
2008-08-27 02:30:00+00:00,0.5885833203501516,,,0.6304146162641928,0.4286809198288944,,,False
2008-08-27 03:00:00+00:00,0.4673108603356884,,,0.507011339275326,0.3662086608714744,,,False
2008-08-27 03:30:00+00:00,0.352852789453174,,,0.507011339275326,0.3358147826846369,,,False
2008-08-27 04:00:00+00:00,0.2807490842745545,,,0.4283652649459104,0.3060112731436148,,,False
2008-08-27 04:30:00+00:00,0.2460886628374753,,,0.3902020438655088,0.3060112731436148,,,False
2008-08-27 05:00:00+00:00,0.2124345203206412,,,0.4673108603356884,0.3060112731436148,,,False
2008-08-27 05:30:00+00:00,0.1798625506084488,,,0.507011339275326,0.3662086608714744,,,False
2008-08-27 06:00:00+00:00,0.1484685591704172,,,0.507011339275326,0.4286809198288944,,,False
2008-08-27 06:30:00+00:00,0.0628624425437769,,,0.8493948835547257,0.4932790218946584,,,False
2008-08-27 07:00:00+00:00,0.0,,,1.1323095942432166,0.5263373330550685,,,False
2008-08-27 07:30:00+00:00,,,,0.8493948835547257,0.5263373330550685,,,False
2008-08-27 08:00:00+00:00,,,,0.6304146162641928,0.5598846254109707,,,False
2008-08-27 08:30:00+00:00,,,,0.8043324853483477,0.593909543180304,,,False
2008-08-27 09:00:00+00:00,,,,0.7160830980831973,0.593909543180304,,,False
2008-08-27 09:30:00+00:00,,,,0.5885833203501516,0.593909543180304,,,False
2008-08-27 10:00:00+00:00,,,,1.0356688680259212,0.6987513703675968,,,False
2008-08-27 10:30:00+00:00,,,,1.231216916797998,0.8446940872144848,,,False
2008-08-27 11:00:00+00:00,,,,1.984255780083786,0.9972968214909564,,,False
2008-08-27 11:30:00+00:00,,,,2.159017559216669,1.2795070986515626,,,False
2008-08-27 12:00:00+00:00,,,,1.4356713684387958,1.4490782727130584,,,False
2008-08-27 12:30:00+00:00,,,,1.8703386377213291,1.6245097859839177,,,False
2008-08-27 13:00:00+00:00,,,,1.927037344852321,1.714390104430703,,,False
2008-08-27 13:30:00+00:00,,,,2.522448899351532,1.714390104430703,,,False
2008-08-27 14:00:00+00:00,,,,3.442462255566705,1.8518874395844167,,,False
2008-08-27 14:30:00+00:00,,,,3.652822303755696,2.0881244465826767,,,False
2008-08-27 15:00:00+00:00,,,,4.855521135271032,2.333133537234646,,,False
2008-08-27 15:30:00+00:00,,,,2.9630913570390347,2.0513740881097835,,,False
2008-08-27 16:00:00+00:00,,,,3.5039802025932087,1.7694433249463666,,,False
2008-08-27 16:30:00+00:00,,,,3.0952175329063727,1.6783276206006073,,,False
2008-08-27 17:00:00+00:00,,,,2.2730439266196805,1.5886566281433492,,,False
2008-08-27 17:30:00+00:00,,,,2.897798902002756,1.5443662130000029,,,False
2008-08-27 18:00:00+00:00,,,,2.833019455966614,1.5443662130000029,,,False
2008-08-27 18:30:00+00:00,0.0069832426972795,,,1.979887061045693,1.244665113890857,,,False
2008-08-27 19:00:00+00:00,0.077102082967501,,,1.86623540665992,1.1624202651884363,,,False
2008-08-27 19:30:00+00:00,0.0270576239317018,,,0.3156986638584936,0.7384476455026452,,,False
2008-08-27 20:00:00+00:00,0.0069832426972795,,,,0.2782482138624135,,,False
2008-08-27 20:30:00+00:00,0.077102082967501,,,,,,,False
2008-08-27 21:00:00+00:00,0.1986694324295515,,,,,,,False
2008-08-27 21:30:00+00:00,0.3025101748949355,,,,0.0301393345252643,,,False
2008-08-27 22:00:00+00:00,0.453895087079196,,,,0.0709859389770082,,,False
2008-08-27 22:30:00+00:00,0.7040622174649559,,,,0.1677621355646443,,,False
2008-08-27 23:00:00+00:00,0.9782415016837164,,,,0.0709859389770082,,,False
2008-08-27 23:30:00+00:00,1.2741079930981956,,,0.4663360349022707,,,,False
2008-08-28 00:00:00+00:00,1.0745343045023328,,,0.2455804809376531,,,,False
2008-08-28 00:30:00+00:00,1.1235633454675729,,,0.1181346634198713,0.1173317305973014,,,False
2008-08-28 01:00:00+00:00,1.482718465102745,,,0.1794923699774648,0.3075881841381351,,,False
2008-08-28 01:30:00+00:00,1.5362521068219193,,,0.6715038634198452,0.0,,,False
2008-08-28 02:00:00+00:00,1.1731723504626996,,,1.0334597639350211,0.3681010570658976,,,False
2008-08-28 02:30:00+00:00,1.1731723504626996,,,0.8026315631708041,0.3681010570658976,,,False
2008-08-28 03:00:00+00:00,1.2233556359207964,,,0.6715038634198452,0.3075881841381351,,,False
2008-08-28 03:30:00+00:00,1.2741079930981956,,,0.5462967237558551,0.2495574811485504,,,False
2008-08-28 04:00:00+00:00,1.2233556359207964,,,0.6715038634198452,0.4631130763211376,,,False
2008-08-28 04:30:00+00:00,1.0745343045023328,,,0.8475955769305872,0.5628023451913248,,,False
2008-08-28 05:00:00+00:00,0.9309919222232604,,,0.758287315674252,0.5970089502410616,,,False
2008-08-28 05:30:00+00:00,0.8383270142204244,,,0.8931692293882056,0.7024134352083732,,,False
2008-08-28 06:00:00+00:00,0.6178464389174076,,,1.0813874385418991,0.7384476455026452,,,False
2008-08-28 06:30:00+00:00,0.453895087079196,,,1.0334597639350211,0.7024134352083732,,,False
2008-08-28 07:00:00+00:00,0.3390677921162505,,,1.0334597639350211,0.7024134352083732,,,False
2008-08-28 07:30:00+00:00,0.077102082967501,,,1.1298859542451043,0.666823526112006,,,False
2008-08-28 08:00:00+00:00,,,,1.4325660036754813,0.6316858227562561,,,False
2008-08-28 08:30:00+00:00,,,,1.1789494053335927,0.5970089502410616,,,False
2008-08-28 09:00:00+00:00,,,,1.1298859542451043,0.5970089502410616,,,False
2008-08-28 09:30:00+00:00,,,,1.4325660036754813,0.6316858227562561,,,False
2008-08-28 10:00:00+00:00,,,,1.7546621362837524,0.7024134352083732,,,False
2008-08-28 10:30:00+00:00,,,,2.2730439266196805,0.7384476455026452,,,False
2008-08-28 11:00:00+00:00,,,,5.165564647744188,1.3284295499945735,,,False
2008-08-28 11:30:00+00:00,,,,5.749990146768743,2.197129065076271,,,False
2008-08-28 12:00:00+00:00,,,,3.931488973750284,2.4981536199957985,,,False
2008-08-28 12:30:00+00:00,,,,5.329711755187092,2.653412044820004,,,False
2008-08-28 13:00:00+00:00,,,,8.074784999773044,3.249801943898861,,,False
2008-08-28 13:30:00+00:00,,,,6.18468040544976,2.099605719280784,,,False
2008-08-28 14:00:00+00:00,,,,7.004545884937332,1.81554001374578,,,False
2008-08-28 14:30:00+00:00,,,,6.634123275993408,2.099605719280784,,,False
2008-08-28 15:00:00+00:00,,,,6.634123275993408,2.003496512405205,,,False
2008-08-28 15:30:00+00:00,,,,3.706796195915724,1.5085701198239867,,,False
2008-08-28 16:00:00+00:00,,,,3.4959345501467958,1.4213304810180036,,,False
2008-08-28 16:30:00+00:00,,,,3.2220429735923712,1.6874739744527485,,,False
2008-08-28 17:00:00+00:00,,,,2.511182722972982,1.6874739744527485,,,False
2008-08-28 17:30:00+00:00,,,,1.9185838500350196,1.4213304810180036,,,False
2008-08-28 18:00:00+00:00,,,,1.7508331530384011,1.3355846017889077,,,False
2008-08-28 18:30:00+00:00,,,,1.1274716997605232,1.168644861395136,,,False
2008-08-28 19:00:00+00:00,,,,0.4265844821691336,0.7790091675626304,,,False
2008-08-28 19:30:00+00:00,,,,0.1178927402730418,0.1952687743939958,,,False
2008-08-28 20:00:00+00:00,,,,0.0161253294378228,0.0940637410544959,,,False
2008-08-28 20:30:00+00:00,,,,0.0626058787061599,0.0499859041101728,,,False
2008-08-28 21:00:00+00:00,0.0166314699646077,,,0.1791235678333406,0.0499859041101728,,,False
2008-08-28 21:30:00+00:00,0.0391205956687066,,,0.279589795490884,0.071348700492878,,,False
2008-08-28 22:00:00+00:00,0.0645776502167095,,,0.351390861105233,0.071348700492878,,,False
2008-08-28 22:30:00+00:00,0.1848038159708362,,,0.3885826460894676,0.0499859041101728,,,False
2008-08-28 23:00:00+00:00,0.2528726135331013,,,0.0379280849805633,0.0,,,False
2008-08-28 23:30:00+00:00,0.4010334142978691,,,0.0,0.071348700492878,,,False
2008-08-29 00:00:00+00:00,0.5211587622895092,,,0.2115602534614201,0.1428199400075259,,,False
2008-08-29 00:30:00+00:00,0.2885018771038046,,,1.1274716997605232,0.3091798841776758,5.456498348218464,,False
2008-08-29 01:00:00+00:00,0.1525403646477504,,,0.9840132444028428,0.3700112509579319,,,False
2008-08-29 01:30:00+00:00,0.0645776502167095,,,0.8009371487206007,0.3700112509579319,,,False
2008-08-29 02:00:00+00:00,0.0166314699646077,,,0.7130706197603796,0.3700112509579319,,,False
2008-08-29 02:30:00+00:00,0.0,,,0.6700935250950264,0.4013004828758292,,,False
2008-08-29 03:00:00+00:00,0.0,,,0.6700935250950264,0.46552649173209,1.673788067735443,,False
2008-08-29 03:30:00+00:00,0.0,,,0.6277715677697688,0.46552649173209,0.0,,False
2008-08-29 04:00:00+00:00,0.0,,,0.6277715677697688,0.46552649173209,6.859601779007088,,False
2008-08-29 04:30:00+00:00,0.0,,,0.6277715677697688,0.4331447522658612,7.7609321596471315,,False
2008-08-29 05:00:00+00:00,0.0166314699646077,,,0.7130706197603796,0.46552649173209,3.930530750071848,,False
2008-08-29 05:30:00+00:00,0.0166314699646077,,,0.8009371487206007,0.46552649173209,3.026290012323714,,False
2008-08-29 06:00:00+00:00,0.0391205956687066,,,0.8912771938438093,0.4984300350398772,4.583033100534492,,False
2008-08-29 06:30:00+00:00,0.0645776502167095,,,0.8912771938438093,0.5318413356438791,5.8244455857359885,,False
2008-08-29 07:00:00+00:00,0.0922129272843418,,,0.8912771938438093,0.5657477390024039,7.477662491265527,,False
2008-08-29 07:30:00+00:00,0.0922129272843418,,,1.0790808157514664,0.6001377963213996,10.396073780508743,,False
2008-08-29 08:00:00+00:00,0.0645776502167095,,,1.1764259356491145,0.6001377963213996,10.396073780508743,,False
2008-08-29 08:30:00+00:00,0.0391205956687066,,,1.1274716997605232,0.6350011106459615,10.480092636014676,,False
2008-08-29 09:00:00+00:00,0.0391205956687066,,,0.9840132444028428,0.6001377963213996,10.480092636014676,,False
2008-08-29 09:30:00+00:00,0.0645776502167095,,,0.9373500209634732,0.6350011106459615,10.480092636014676,,False
2008-08-29 10:00:00+00:00,0.0645776502167095,,,1.1274716997605232,0.670328208518202,10.480092636014676,,False
2008-08-29 10:30:00+00:00,0.0922129272843418,,,1.1274716997605232,0.7061104320665077,10.480092636014676,,False
2008-08-29 11:00:00+00:00,0.0645776502167095,,,1.1764259356491145,0.7061104320665077,10.396073780508743,,False
2008-08-29 11:30:00+00:00,0.0391205956687066,,,1.3777746046375463,0.7423398475872983,10.396073780508743,,False
2008-08-29 12:00:00+00:00,0.0391205956687066,,,1.1274716997605232,0.7423398475872983,10.564504143916103,,False
2008-08-29 12:30:00+00:00,0.0391205956687066,,,1.1274716997605232,0.8161116837159096,10.564504143916103,,False
2008-08-29 13:00:00+00:00,0.0391205956687066,,,1.3266168146079336,0.8536412092064868,10.82011294275246,,False
2008-08-29 13:30:00+00:00,0.1848038159708362,,,2.0330028608080823,1.1278734259708836,11.879074142238888,,False
2008-08-29 14:00:00+00:00,0.362630445985494,,,2.388572462075389,1.2513495043846907,12.524759985499594,,False
2008-08-29 14:30:00+00:00,0.5211587622895092,,,2.826633542277042,1.5085701198239867,12.903325775067746,,False
2008-08-29 15:00:00+00:00,0.480327802072488,,,2.3280326013032493,1.4213304810180036,12.524759985499594,,False
2008-08-29 15:30:00+00:00,0.7268107411371852,,,1.6669454039288785,0.6908352895329948,0.4836201985358064,,False
2008-08-29 16:00:00+00:00,0.5555871906543108,,,1.2445958254744367,0.5480171579972124,0.2348633106557431,,False
2008-08-29 16:30:00+00:00,0.5973551386515684,,,0.8584962133030163,0.3811838635539972,0.2027598901224955,,False
2008-08-29 17:00:00+00:00,0.4347054480970151,,,0.8129359905633324,0.2583761688096851,0.0154620280919929,,False
2008-08-29 17:30:00+00:00,0.5973551386515684,,,1.1942985527036891,0.3495272983345382,0.1716844571625495,,False
2008-08-29 18:00:00+00:00,0.8164242364717331,,,1.5044590807705187,0.4796443286051904,0.4457863860973488,,False
2008-08-29 18:30:00+00:00,0.7712952653773584,,,1.0954169336406132,0.3811838635539972,0.372287508118308,,False
2008-08-29 19:00:00+00:00,0.5973551386515684,,,0.5123693825649036,0.1736649801854442,0.0856979683229714,,False
2008-08-29 19:30:00+00:00,0.51454142132517,,,0.2836857586592901,0.0734694391405292,0.0,,False
2008-08-29 20:00:00+00:00,0.51454142132517,,,0.2836857586592901,0.0311907951640752,,,False
2008-08-29 20:30:00+00:00,0.5555871906543108,,,0.1817343945413892,0.0132648989716367,,,False
2008-08-29 21:00:00+00:00,0.5555871906543108,,,0.2146490877978417,0.0,,,False
2008-08-29 21:30:00+00:00,0.5973551386515684,,,0.1500110751966912,0.0,,,False
2008-08-29 22:00:00+00:00,0.6398261351254224,,,0.0635122620721303,0.0132648989716367,0.0,,False
2008-08-29 22:30:00+00:00,0.6398261351254224,,,0.1817343945413892,0.0,0.0,,False
2008-08-29 23:00:00+00:00,0.7268107411371852,,,0.0,0.121448374925184,0.2027598901224955,,False
2008-08-29 23:30:00+00:00,0.8164242364717331,,,0.2146490877978417,0.2293685002445699,0.2348633106557431,,False
2008-08-30 00:00:00+00:00,0.9555702147255672,,,0.3943045272776328,0.2880948870942642,0.1716844571625495,,False
2008-08-30 00:30:00+00:00,0.8164242364717331,,,0.2146490877978417,0.121448374925184,0.0856979683229714,,False
2008-08-30 01:00:00+00:00,0.7712952653773584,,,0.2836857586592901,0.0514695567694849,0.0,,False
2008-08-30 01:30:00+00:00,0.8164242364717331,,,0.1196052997269049,0.0311907951640752,0.0600224193611571,,False
2008-08-30 02:00:00+00:00,0.9085714824561264,,,0.1500110751966912,0.0734694391405292,0.1417287287077974,,False
2008-08-30 02:30:00+00:00,0.9085714824561264,,,0.3196688871742876,0.1736649801854442,0.2027598901224955,,False
2008-08-30 03:00:00+00:00,0.9085714824561264,,,0.5532378568525153,0.1736649801854442,0.1716844571625495,,False
2008-08-30 03:30:00+00:00,0.8621863860825396,,,0.6371112661522237,0.2293685002445699,0.1417287287077974,,False
2008-08-30 04:00:00+00:00,0.8621863860825396,,,0.472240888437528,0.1736649801854442,0.0856979683229714,,False
2008-08-30 04:30:00+00:00,0.8621863860825396,,,0.3196688871742876,0.0734694391405292,0.0856979683229714,,False
2008-08-30 05:00:00+00:00,0.8621863860825396,,,0.3943045272776328,0.121448374925184,0.0600224193611571,,False
2008-08-30 05:30:00+00:00,0.7712952653773584,,,0.5948248407116364,0.2011143738434443,0.0600224193611571,,False
2008-08-30 06:00:00+00:00,0.6829831052917344,,,0.768005546075676,0.2583761688096851,0.0363654599983027,,False
2008-08-30 06:30:00+00:00,0.5973551386515684,,,0.8584962133030163,0.2880948870942642,,,False
2008-08-30 07:00:00+00:00,0.4742393731942932,,,0.9988579818419832,0.3184888106349389,,,False
2008-08-30 07:30:00+00:00,0.3210124618718604,,,0.9988579818419832,0.3184888106349389,,,False
2008-08-30 08:00:00+00:00,0.1201029062317664,,,1.0954169336406132,0.3184888106349389,,,False
2008-08-30 08:30:00+00:00,0.0164256027926871,,,1.612243119393029,0.3811838635539972,,,False
2008-08-30 09:00:00+00:00,0.0386355413658646,,,1.7779583921649875,0.4796443286051904,0.6416705509810452,,False
2008-08-30 09:30:00+00:00,0.0,,,2.5510189656365747,0.727743808655298,0.2348633106557431,,False
2008-08-30 10:00:00+00:00,,,,2.9376327937096294,0.9587028427176708,0.4836201985358064,,False
2008-08-30 10:30:00+00:00,,,,3.343107369631777,1.333789300875222,0.7667962085983824,,False
2008-08-30 11:00:00+00:00,,,,3.552967354780404,1.6018264006762033,0.372287508118308,,False
2008-08-30 11:30:00+00:00,,,,1.834264929322116,1.377484874623044,1.3672050430261284,,False
2008-08-30 12:00:00+00:00,,,,1.295457278297011,1.0800295207314372,0.4836201985358064,,False
2008-08-30 12:30:00+00:00,,,,2.36476059235542,1.377484874623044,1.3178597797068012,,False
2008-08-30 13:00:00+00:00,,,,5.662382345613504,1.4215741359355405,1.998021298570632,,False
2008-08-30 13:30:00+00:00,,,,6.367304438571961,1.6478541566056009,2.63733614718344,,False
2008-08-30 14:00:00+00:00,0.1201029062317664,,,3.987084273347628,1.377484874623044,2.63733614718344,,False
2008-08-30 14:30:00+00:00,0.0910657322277926,,,1.891102395193085,1.2904897846701635,1.3672050430261284,,False
2008-08-30 15:00:00+00:00,0.1201029062317664,,,3.274212427013344,1.2904897846701635,1.4674088760797952,,False
2008-08-30 15:30:00+00:00,0.06856209182832114,,,2.871890529200777,0.8799485962421916,1.6773651726175691,,True
2008-08-30 16:00:00+00:00,0.0170212774248759,,,0.6371112661522237,0.5480171579972124,0.7231121279006436,,False
2008-08-30 16:30:00+00:00,0.0400390917849129,,,1.2445958254744367,0.7651165431977964,0.3337550963296794,,False
2008-08-30 17:00:00+00:00,0.2234594495878246,,,1.612243119393029,1.03916729732238,0.1384088593884544,,False
2008-08-30 17:30:00+00:00,0.2588826479173722,,,2.614148973056441,1.1213063469395244,,,False
2008-08-30 18:00:00+00:00,0.450833362636338,,,1.3468783429893816,0.9587028427176708,,,False
2008-08-30 18:30:00+00:00,0.5763101259175705,,,0.6371112661522237,0.6543990873457416,0.0333919728060001,,False
2008-08-30 19:00:00+00:00,0.6196757648401907,,,0.2146490877978417,0.4796443286051904,,,False
2008-08-30 19:30:00+00:00,0.6637764845920968,,,0.2146490877978417,0.4134353931054215,,,False
2008-08-30 20:00:00+00:00,0.6196757648401907,,,0.3565562663386001,0.3495272983345382,0.1097016431999594,,False
2008-08-30 20:30:00+00:00,0.6196757648401907,,,0.1817343945413892,0.2583761688096851,,,False
2008-08-30 21:00:00+00:00,0.7085947422816468,,,0.5123693825649036,0.3184888106349389,,,False
2008-08-30 21:30:00+00:00,0.5763101259175705,,,0.3565562663386001,0.2880948870942642,,,False
2008-08-30 22:00:00+00:00,0.5336992393205183,,,0.5123693825649036,0.3184888106349389,,,False
2008-08-30 22:30:00+00:00,0.5763101259175705,,,0.0,0.2880948870942642,,,False
2008-08-30 23:00:00+00:00,0.6196757648401907,,,0.0163580037972758,0.1736649801854442,,,False
2008-08-30 23:30:00+00:00,0.6196757648401907,,,0.2486584172379286,0.0968636286887295,,,False
2008-08-31 00:00:00+00:00,0.6196757648401907,,,0.8129359905633324,0.121448374925184,,,False
2008-08-31 00:30:00+00:00,0.3328592709736177,,,0.9514660880539944,0.0,,,False
2008-08-31 01:00:00+00:00,0.1891806920194179,,,0.6371112661522237,0.121448374925184,,,False
2008-08-31 01:30:00+00:00,0.1561468084176445,,,0.0906890654819217,0.0132648989716367,,,False
2008-08-31 02:00:00+00:00,0.1561468084176445,,,0.0384762719090952,0.0311907951640752,,,False
2008-08-31 02:30:00+00:00,0.1891806920194179,,,0.4328766928272564,0.0734694391405292,,,False
2008-08-31 03:00:00+00:00,0.2588826479173722,,,0.768005546075676,0.0734694391405292,,,False
2008-08-31 03:30:00+00:00,0.2588826479173722,,,0.7237161178407253,0.121448374925184,,,False
2008-08-31 04:00:00+00:00,0.3328592709736177,,,1.2445958254744367,0.4134353931054215,,,False
2008-08-31 04:30:00+00:00,0.3328592709736177,,,1.0954169336406132,0.4462615531150272,,,False
2008-08-31 05:00:00+00:00,0.2953707697730066,,,0.8584962133030163,0.3811838635539972,,,False
2008-08-31 05:30:00+00:00,0.2234594495878246,,,1.1445704433795816,0.4134353931054215,,,False
2008-08-31 06:00:00+00:00,0.1891806920194179,,,1.1942985527036891,0.4462615531150272,,,False
2008-08-31 06:30:00+00:00,0.0943854899125539,,,0.9988579818419832,0.3811838635539972,,,False
2008-08-31 07:00:00+00:00,0.0400390917849129,,,1.5044590807705187,0.5135676609008304,,,False
2008-08-31 07:30:00+00:00,0.0,,,1.5044590807705187,0.6184440488876328,,,False
2008-08-31 08:00:00+00:00,0.0,,,1.5044590807705187,0.6543990873457416,,,False
2008-08-31 08:30:00+00:00,0.0170212774248759,,,1.295457278297011,0.7651165431977964,,,False
2008-08-31 09:00:00+00:00,0.0400390917849129,,,2.1832042390032456,1.03916729732238,,,False
2008-08-31 09:30:00+00:00,0.0170212774248759,,,2.5510189656365747,1.1213063469395244,,,False
2008-08-31 10:00:00+00:00,0.0,,,2.0063639519914536,1.03916729732238,,,False
2008-08-31 10:30:00+00:00,,,,1.5580801238550372,0.7651165431977964,,,False
2008-08-31 11:00:00+00:00,,,,2.064785399634546,0.8412255088964569,,,False
2008-08-31 11:30:00+00:00,,,,3.070688923550506,1.1213063469395244,,,False
2008-08-31 12:00:00+00:00,,,,3.412530787684637,1.2904897846701635,,,False
2008-08-31 12:30:00+00:00,,,,4.518172534073868,1.5109250822572644,,,False
2008-08-31 13:00:00+00:00,,,,4.754037237868404,1.6018264006762033,,,False
2008-08-31 13:30:00+00:00,,,,2.5510189656365747,1.2475888780289544,,,False
2008-08-31 14:00:00+00:00,,,,0.9046760086451808,0.7651165431977964,,,False
2008-08-31 14:30:00+00:00,,,,0.8584962133030163,0.5829798602810953,,,False
2008-08-31 15:00:00+00:00,,,,0.6800801122847449,0.5135676609008304,,,False
2008-08-31 15:30:00+00:00,0.0929923709230443,,,0.8313655623569964,0.519118896656358,,,False
2008-08-31 16:00:00+00:00,0.2909658609498589,,,1.3616396492100264,0.55364430008772,,,False
2008-08-31 16:30:00+00:00,0.4440631491091908,,,1.7337435029699508,0.7337207503862209,,,False
2008-08-31 17:00:00+00:00,0.3278866846478702,,,1.6789992799762368,0.7337207503862209,,,False
2008-08-31 17:30:00+00:00,0.3657383145944856,,,0.8313655623569964,0.4187432020494456,,,False
2008-08-31 18:00:00+00:00,0.4844659856114376,,,0.8313655623569964,0.4187432020494456,,,False
2008-08-31 18:30:00+00:00,0.5256565877659212,,,0.8313655623569964,0.4187432020494456,,,False
2008-08-31 19:00:00+00:00,0.7881341445770437,,,0.7866719739580067,0.4187432020494456,,,False
2008-08-31 19:30:00+00:00,0.8342800361643059,,,1.0638327724803756,0.519118896656358,,,False
2008-08-31 20:00:00+00:00,0.7881341445770437,,,1.1608734969475056,0.4851172186145244,,,False
2008-08-31 20:30:00+00:00,0.653720860456236,,,1.1608734969475056,0.4851172186145244,,,False
2008-08-31 21:00:00+00:00,0.653720860456236,,,1.1608734969475056,0.4516534008713663,,,False
2008-08-31 21:30:00+00:00,0.6978412563174756,,,0.8313655623569964,0.4187432020494456,,,False
2008-08-31 22:00:00+00:00,,,,,,,,False
2008-08-31 22:30:00+00:00,,,,,,,,False
2008-08-31 23:00:00+00:00,,,,,,,,False
2008-08-31 23:30:00+00:00,,,,,,,,False
2008-09-01 00:00:00+00:00,,,,,,,,False
2008-09-01 00:30:00+00:00,,,,,,,,False
2008-09-01 01:00:00+00:00,,,,,,,,False
2008-09-01 01:30:00+00:00,,,,,,,,False
2008-09-01 02:00:00+00:00,,,,,,,,False
2008-09-01 02:30:00+00:00,,,,,,,,False
2008-09-01 03:00:00+00:00,,,,,,,,False
2008-09-01 03:30:00+00:00,,,,,,,,False
2008-09-01 04:00:00+00:00,,,,,,,,False
2008-09-01 04:30:00+00:00,,,,,,,,False
2008-09-01 05:00:00+00:00,,,,,,,,False
2008-09-01 05:30:00+00:00,,,,,,,,False
2008-09-01 06:00:00+00:00,,,,,,,,False
2008-09-01 06:30:00+00:00,,,,,,,,False
2008-09-01 07:00:00+00:00,,,,,,,,False
2008-09-01 07:30:00+00:00,,,,,,,,False
2008-09-01 08:00:00+00:00,,,,,,,,False
2008-09-01 08:30:00+00:00,,,,,,,,False
2008-09-01 09:00:00+00:00,,,,,,,,False
2008-09-01 09:30:00+00:00,,,,,,,,False
2008-09-01 10:00:00+00:00,,,,,,,,False
2008-09-01 10:30:00+00:00,,,,,,,,False
2008-09-01 11:00:00+00:00,,,,,,,,False
2008-09-01 11:30:00+00:00,,,,,,,,False
2008-09-01 12:00:00+00:00,,,,,,,,False
2008-09-01 12:30:00+00:00,,,,,,,,False
2008-09-01 13:00:00+00:00,,,,,,,,False
2008-09-01 13:30:00+00:00,,,,,,,,False
2008-09-01 14:00:00+00:00,,,,,,,,False
2008-09-01 14:30:00+00:00,,,,,,,,False
2008-09-01 15:00:00+00:00,,,,,,,,False
2008-09-01 15:30:00+00:00,,,,,,,,False
2008-09-01 16:00:00+00:00,,,,,,,,False
2008-09-01 16:30:00+00:00,,,,,,,,False
2008-09-01 17:00:00+00:00,,,,,,,,False
2008-09-01 17:30:00+00:00,,,,,,,,False
2008-09-01 18:00:00+00:00,,,,,,,,False
2008-09-01 18:30:00+00:00,,,,,,,,False
2008-09-01 19:00:00+00:00,,,,,,,,False
2008-09-01 19:30:00+00:00,,,,,,,,False
2008-09-01 20:00:00+00:00,,,,,,,,False
2008-09-01 20:30:00+00:00,,,,,,,,False
2008-09-01 21:00:00+00:00,,,,,,,,False
2008-09-01 21:30:00+00:00,,,,,,,,False
2008-09-01 22:00:00+00:00,,,,,,,,False
2008-09-01 22:30:00+00:00,,,,,,,,False
2008-09-01 23:00:00+00:00,,,,,,,,False
2008-09-01 23:30:00+00:00,,,,,,,,False
2008-09-02 00:00:00+00:00,,,,,,,,False
2008-09-02 00:30:00+00:00,,,,,,,,False
2008-09-02 01:00:00+00:00,,,,,,,,False
2008-09-02 01:30:00+00:00,,,,,,,,False
2008-09-02 02:00:00+00:00,,,,,,,,False
2008-09-02 02:30:00+00:00,,,,,,,,False
2008-09-02 03:00:00+00:00,,,,,,,,False
2008-09-02 03:30:00+00:00,,,,,,,,False
2008-09-02 04:00:00+00:00,,,,,,,,False
2008-09-02 04:30:00+00:00,,,,,,,,False
2008-09-02 05:00:00+00:00,,,,,,,,False
2008-09-02 05:30:00+00:00,,,,,,,,False
2008-09-02 06:00:00+00:00,,,,,,,,False
2008-09-02 06:30:00+00:00,,,,,,,,False
2008-09-02 07:00:00+00:00,,,,,,,,False
2008-09-02 07:30:00+00:00,,,,,,,,False
2008-09-02 08:00:00+00:00,,,,,,,,False
2008-09-02 08:30:00+00:00,,,,,,,,False
2008-09-02 09:00:00+00:00,,,,,,,,False
2008-09-02 09:30:00+00:00,,,,,,,,False
2008-09-02 10:00:00+00:00,,,,,,,,False
2008-09-02 10:30:00+00:00,,,,,,,,False
2008-09-02 11:00:00+00:00,,,,,,,,False
2008-09-02 11:30:00+00:00,,,,,,,,False
2008-09-02 12:00:00+00:00,,,,,,,,False
2008-09-02 12:30:00+00:00,,,,,,,,False
2008-09-02 13:00:00+00:00,,,,,,,,False
2008-09-02 13:30:00+00:00,,,,,,,,False
2008-09-02 14:00:00+00:00,,,,,,,,False
2008-09-02 14:30:00+00:00,,,,,,,,False
2008-09-02 15:00:00+00:00,,,,,,,,False
2008-09-02 15:30:00+00:00,,,,,,,,False
2008-09-02 16:00:00+00:00,,,,,,,,False
2008-09-02 16:30:00+00:00,,,,,,,,False
2008-09-02 17:00:00+00:00,,,,,,,,False
2008-09-02 17:30:00+00:00,,,,,,,,False
2008-09-02 18:00:00+00:00,,,,,,,,False
2008-09-02 18:30:00+00:00,,,,,,,,False
2008-09-02 19:00:00+00:00,,,,,,,,False
2008-09-02 19:30:00+00:00,,,,,,,,False
2008-09-02 20:00:00+00:00,,,,,,,,False
2008-09-02 20:30:00+00:00,,,,,,,,False
2008-09-02 21:00:00+00:00,,,,,,,,False
2008-09-02 21:30:00+00:00,,,,,,,,False
2008-09-02 22:00:00+00:00,,,,,,,,False
2008-09-02 22:30:00+00:00,,,,,,,,False
2008-09-02 23:00:00+00:00,,,,,,,,False
2008-09-02 23:30:00+00:00,,,,,,,,False
2008-09-03 00:00:00+00:00,,,,,,,,False
2008-09-03 00:30:00+00:00,,,,,,,,False
2008-09-03 01:00:00+00:00,,,,,,,,False
2008-09-03 01:30:00+00:00,,,,,,,,False
2008-09-03 02:00:00+00:00,,,,,,,,False
2008-09-03 02:30:00+00:00,,,,,,,,False
2008-09-03 03:00:00+00:00,,,,,,,,False
2008-09-03 03:30:00+00:00,,,,,,,,False
2008-09-03 04:00:00+00:00,,,,,,,,False
2008-09-03 04:30:00+00:00,,,,,,,,False
2008-09-03 05:00:00+00:00,,,,,,,,False
2008-09-03 05:30:00+00:00,,,,,,,,False
2008-09-03 06:00:00+00:00,,,,,,,,False
2008-09-03 06:30:00+00:00,,,,,,,,False
2008-09-03 07:00:00+00:00,,,,,,,,False
2008-09-03 07:30:00+00:00,,,,,,,,False
2008-09-03 08:00:00+00:00,,,,,,,,False
2008-09-03 08:30:00+00:00,,,,,,,,False
2008-09-03 09:00:00+00:00,,,,,,,,False
2008-09-03 09:30:00+00:00,,,,,,,,False
2008-09-03 10:00:00+00:00,,,,,,,,False
2008-09-03 10:30:00+00:00,,,,,,,,False
2008-09-03 11:00:00+00:00,,,,,,,,False
2008-09-03 11:30:00+00:00,,,,,,,,False
2008-09-03 12:00:00+00:00,,,,,,,,False
2008-09-03 12:30:00+00:00,,,,,,,,False
2008-09-03 13:00:00+00:00,,,,,,,,False
2008-09-03 13:30:00+00:00,,,,,,,,False
2008-09-03 14:00:00+00:00,,,,,,,,False
2008-09-03 14:30:00+00:00,,,,,,,,False
2008-09-03 15:00:00+00:00,,,,,,,,False
2008-09-03 15:30:00+00:00,,,,,,,,False
2008-09-03 16:00:00+00:00,,,,,,,,False
2008-09-03 16:30:00+00:00,,,,,,,,False
2008-09-03 17:00:00+00:00,,,,,,,,False
2008-09-03 17:30:00+00:00,,,,,,,,False
2008-09-03 18:00:00+00:00,,,,,,,,False
2008-09-03 18:30:00+00:00,,,,,,,,False
2008-09-03 19:00:00+00:00,,,,,,,,False
2008-09-03 19:30:00+00:00,,,,,,,,False
2008-09-03 20:00:00+00:00,,,,,,,,False
2008-09-03 20:30:00+00:00,,,,,,,,False
2008-09-03 21:00:00+00:00,,,,,,,,False
2008-09-03 21:30:00+00:00,,,,,,,,False
2008-09-03 22:00:00+00:00,,,,,,,,False
2008-09-03 22:30:00+00:00,,,,,,,,False
2008-09-03 23:00:00+00:00,,,,,,,,False
2008-09-03 23:30:00+00:00,,,,,,,,False
2008-09-04 00:00:00+00:00,,,,,,,,False
2008-09-04 00:30:00+00:00,,,,,,,,False
2008-09-04 01:00:00+00:00,,,,,,,,False
2008-09-04 01:30:00+00:00,,,,,,,,False
2008-09-04 02:00:00+00:00,,,,,,,,False
2008-09-04 02:30:00+00:00,,,,,,,,False
2008-09-04 03:00:00+00:00,,,,,,,,False
2008-09-04 03:30:00+00:00,,,,,,,,False
2008-09-04 04:00:00+00:00,,,,,,,,False
2008-09-04 04:30:00+00:00,,,,,,,,False
2008-09-04 05:00:00+00:00,,,,,,,,False
2008-09-04 05:30:00+00:00,,,,,,,,False
2008-09-04 06:00:00+00:00,,,,,,,,False
2008-09-04 06:30:00+00:00,,,,,,,,False
2008-09-04 07:00:00+00:00,,,,,,,,False
2008-09-04 07:30:00+00:00,,,,,,,,False
2008-09-04 08:00:00+00:00,,,,,,,,False
2008-09-04 08:30:00+00:00,,,,,,,,False
2008-09-04 09:00:00+00:00,,,,,,,,False
2008-09-04 09:30:00+00:00,,,,,,,,False
2008-09-04 10:00:00+00:00,,,,,,,,False
2008-09-04 10:30:00+00:00,,,,,,,,False
2008-09-04 11:00:00+00:00,,,,,,,,False
2008-09-04 11:30:00+00:00,,,,,,,,False
2008-09-04 12:00:00+00:00,,,,,,,,False
2008-09-04 12:30:00+00:00,,,,,,,,False
2008-09-04 13:00:00+00:00,,,,,,,,False
2008-09-04 13:30:00+00:00,,,,,,,,False
2008-09-04 14:00:00+00:00,,,,,,,,False
2008-09-04 14:30:00+00:00,,,,,,,,False
2008-09-04 15:00:00+00:00,,,,,,,,False
2008-09-04 15:30:00+00:00,,,,,,,,False
2008-09-04 16:00:00+00:00,,,,,,,,False
2008-09-04 16:30:00+00:00,,,,,,,,False
2008-09-04 17:00:00+00:00,,,,,,,,False
2008-09-04 17:30:00+00:00,,,,,,,,False
2008-09-04 18:00:00+00:00,,,,,,,,False
2008-09-04 18:30:00+00:00,,,,,,,,False
2008-09-04 19:00:00+00:00,,,,,,,,False
2008-09-04 19:30:00+00:00,,,,,,,,False
2008-09-04 20:00:00+00:00,,,,,,,,False
2008-09-04 20:30:00+00:00,,,,,,,,False
2008-09-04 21:00:00+00:00,,,,,,,,False
2008-09-04 21:30:00+00:00,,,,,,,,False
2008-09-04 22:00:00+00:00,,,,,,,,False
2008-09-04 22:30:00+00:00,,,,,,,,False
2008-09-04 23:00:00+00:00,,,,,,,,False
2008-09-04 23:30:00+00:00,,,,,,,,False
2008-09-05 00:00:00+00:00,,,,,,,,False
2008-09-05 00:30:00+00:00,,,,,,,,False
2008-09-05 01:00:00+00:00,,,,,,,,False
2008-09-05 01:30:00+00:00,,,,,,,,False
2008-09-05 02:00:00+00:00,,,,,,,,False
2008-09-05 02:30:00+00:00,,,,,,,,False
2008-09-05 03:00:00+00:00,,,,,,,,False
2008-09-05 03:30:00+00:00,,,,,,,,False
2008-09-05 04:00:00+00:00,,,,,,,,False
2008-09-05 04:30:00+00:00,,,,,,,,False
2008-09-05 05:00:00+00:00,,,,,,,,False
2008-09-05 05:30:00+00:00,,,,,,,,False
2008-09-05 06:00:00+00:00,,,,,,,,False
2008-09-05 06:30:00+00:00,,,,,,,,False
2008-09-05 07:00:00+00:00,,,,,,,,False
2008-09-05 07:30:00+00:00,,,,,,,,False
2008-09-05 08:00:00+00:00,,,,,,,,False
2008-09-05 08:30:00+00:00,,,,,,,,False
2008-09-05 09:00:00+00:00,,,,,,,,False
2008-09-05 09:30:00+00:00,,,,,,,,False
2008-09-05 10:00:00+00:00,,,,,,,,False
2008-09-05 10:30:00+00:00,,,,,,,,False
2008-09-05 11:00:00+00:00,,,,,,,,False
2008-09-05 11:30:00+00:00,,,,,,,,False
2008-09-05 12:00:00+00:00,,,,,,,,False
2008-09-05 12:30:00+00:00,,,,,,,,False
2008-09-05 13:00:00+00:00,,,,,,,,False
2008-09-05 13:30:00+00:00,,,,,,,,False
2008-09-05 14:00:00+00:00,,,,,,,,False
2008-09-05 14:30:00+00:00,,,,,,,,False
2008-09-05 15:00:00+00:00,,,,,,,,False
2008-09-05 15:30:00+00:00,,,,,,,,False
2008-09-05 16:00:00+00:00,,,,,,,,False
2008-09-05 16:30:00+00:00,,,,,,,,False
2008-09-05 17:00:00+00:00,,,,,,,,False
2008-09-05 17:30:00+00:00,,,,,,,,False
2008-09-05 18:00:00+00:00,,,,,,,,False
2008-09-05 18:30:00+00:00,,,,,,,,False
2008-09-05 19:00:00+00:00,,,,,,,,False
2008-09-05 19:30:00+00:00,,,,,,,,False
2008-09-05 20:00:00+00:00,,,,,,,,False
2008-09-05 20:30:00+00:00,,,,,,,,False
2008-09-05 21:00:00+00:00,,,,,,,,False
2008-09-05 21:30:00+00:00,,,,,,,,False
2008-09-05 22:00:00+00:00,3.851371839002508,0.380942872544106,,0.2293685002445699,0.34891008631416,1.278749893956534,,False
2008-09-05 22:30:00+00:00,4.064434362457776,0.3139087193352277,,0.0,0.2289657811503395,1.3294774021415183,,False
2008-09-05 23:00:00+00:00,3.238973638133205,0.2190512738580606,,0.5868957642905556,0.121236348758396,0.758287315674252,,False
2008-09-05 23:30:00+00:00,3.1082860432916566,0.249856893483543,,0.4721786817656724,0.0733415380100816,0.6290905763855305,,False
2008-09-06 00:00:00+00:00,3.851371839002508,0.2814913586639408,,0.0837087497830245,0.2579218708604004,1.0813874385418991,,False
2008-09-06 00:30:00+00:00,3.574261695708036,0.2190512738580606,,0.0355239905302047,0.0311366490262953,0.8475955769305872,,False
2008-09-06 01:00:00+00:00,3.238973638133205,0.1891299012745827,,0.5097721682241289,0.1468260806667577,0.7145739818507628,,False
2008-09-06 01:30:00+00:00,3.043673470804788,0.249856893483543,,0.4721786817656724,0.0966947623819621,0.5462967237558551,,False
2008-09-06 02:00:00+00:00,2.979547485560802,0.2814913586639408,,0.2293685002445699,0.0513800812263682,0.4663360349022707,,False
2008-09-06 02:30:00+00:00,3.1082860432916566,0.1891299012745827,,0.4721786817656724,0.0966947623819621,0.4663360349022707,,False
2008-09-06 03:00:00+00:00,3.238973638133205,0.1322302081114249,,0.5097721682241289,0.1468260806667577,0.4663360349022707,,False
2008-09-06 03:30:00+00:00,3.438672941548505,0.160160908316653,,0.138428554635316,0.0966947623819621,0.5462967237558551,,False
2008-09-06 04:00:00+00:00,3.438672941548505,0.1054497276632638,,0.2947918931524303,0.121236348758396,0.6290905763855305,,False
2008-09-06 04:30:00+00:00,3.3050501688303,0.1054497276632638,,0.3635220214239732,0.0966947623819621,0.5059519020659269,,False
2008-09-06 05:00:00+00:00,3.3050501688303,0.1322302081114249,,0.4721786817656724,0.1468260806667577,0.5462967237558551,,False
2008-09-06 05:30:00+00:00,3.238973638133205,0.1322302081114249,,0.6664914786187259,0.2289657811503395,0.5059519020659269,,False
2008-09-06 06:00:00+00:00,2.852752999573386,0.1054497276632638,,0.8756243079390071,0.2289657811503395,0.2801683531714496,,False
2008-09-06 06:30:00+00:00,2.727898750725689,0.1054497276632638,,0.5868957642905556,0.1468260806667577,0.2119965701033329,,False
2008-09-06 07:00:00+00:00,2.544249924061027,0.05601794103226,,0.5868957642905556,0.0966947623819621,0.089575829064928,,False
2008-09-06 07:30:00+00:00,1.7988979953262572,0.0,,1.5814928481817931,0.121236348758396,0.0,,False
2008-09-06 08:00:00+00:00,0.4885368867109332,0.3470702485614645,,1.5309919004774146,0.2579218708604004,0.2455804809376531,,False
2008-09-06 08:30:00+00:00,0.0865522771905445,0.918515613066912,,1.3823642817362267,0.0,0.3156986638584936,,False
2008-09-06 09:00:00+00:00,0.1141406918311136,1.3640640657964236,,1.632468977785649,0.0513800812263682,0.8475955769305872,,False
2008-09-06 09:30:00+00:00,0.0,2.501399393088196,,2.112345046099336,0.412703228560626,1.7546621362837524,,False
2008-09-06 10:00:00+00:00,0.0865522771905445,3.3958335050968502,,3.1206774621792346,0.8015012326839384,2.0956062262563537,,False
2008-09-06 10:30:00+00:00,0.0606198053863332,3.97905508413936,,4.848058242972107,1.2028887186476076,1.6451809506329942,,False
2008-09-06 11:00:00+00:00,0.0865522771905445,4.046047626708756,,3.3772640707733723,1.4189588063051255,2.516804386237559,,False
2008-09-06 11:30:00+00:00,,3.97905508413936,,4.334334442890516,1.5533069681813545,1.979887061045693,,False
2008-09-06 12:00:00+00:00,,4.181360237735724,,4.121426179582488,1.928399377418885,2.2730439266196805,,False
2008-09-06 12:30:00+00:00,,4.884818595739308,,4.406265453176748,1.508137036414218,2.7049978454204378,,False
2008-09-06 13:00:00+00:00,,4.387666919857416,,4.334334442890516,1.4633536854500928,2.897798902002756,,False
2008-09-06 13:30:00+00:00,,4.318451244894852,,4.698838825880508,1.7848985669951147,2.833019455966614,,False
2008-09-06 14:00:00+00:00,,4.318451244894852,,5.785357513736808,1.8801895423912451,2.393900265785544,,False
2008-09-06 14:30:00+00:00,,4.457331193027212,,4.334334442890516,1.1608734969474983,2.579023903513151,,False
2008-09-06 15:00:00+00:00,,4.113482269081536,,5.307618123461628,1.6911194009429484,2.516804386237559,,False
2008-09-06 15:30:00+00:00,,4.802004345963996,,6.296284745164511,2.1268451776821085,3.4562035828526976,,False
2008-09-06 16:00:00+00:00,,4.588100502605856,,7.051040527586544,2.2756963034364803,3.949264828096596,,False
2008-09-06 16:30:00+00:00,,4.447757252032057,,6.543311909434056,2.5830863117308187,4.620627442870092,,False
2008-09-06 17:00:00+00:00,,4.104723299599008,,5.81559931120842,2.53095880754214,4.2423932676652925,,False
2008-09-06 17:30:00+00:00,,3.080590952903118,,5.127151848765984,2.17610267486787,3.87728288924454,,False
2008-09-06 18:00:00+00:00,,2.059484736044747,,5.053019593380624,1.792159974906001,3.053476707174921,,False
2008-09-06 18:30:00+00:00,,1.408385976406902,,2.8003844565425915,1.475394006111307,2.302425797496736,,False
2008-09-06 19:00:00+00:00,,0.4498547686899264,,0.417082120040016,0.6394708336540824,1.7319132655804224,,False
2008-09-06 19:30:00+00:00,,,,0.014487414219558,0.2525811785941507,1.6239261011842618,,False
2008-09-06 20:00:00+00:00,,,,0.5250276894421296,0.4040972197351884,1.4658355323982837,,False
2008-09-06 20:30:00+00:00,,0.0144067595789056,,0.4884201601145351,0.5019184977770987,1.6776619027484112,,False
2008-09-06 21:00:00+00:00,0.1564823327616198,0.0144067595789056,,0.0340697888070451,0.2816242820291019,1.8977414341526604,,False
2008-09-06 21:30:00+00:00,0.296009917736067,0.007203379789452801,,0.2825579399314053,0.4040972197351884,1.8977414341526604,,True
2008-09-06 22:00:00+00:00,0.1247558725282827,0.0,,1.2303090554901517,0.4361676962125247,1.3630668244058808,,False
2008-09-06 22:30:00+00:00,0.296009917736067,0.1319828725449025,,1.4645005923142764,0.7110949388238396,1.3630668244058808,,False
2008-09-06 23:00:00+00:00,0.3335808080257131,0.2493866801879146,,1.4645005923142764,0.8218975848854508,1.3124796640553915,,False
2008-09-06 23:30:00+00:00,0.296009917736067,0.1887750569137647,,1.2303090554901517,0.7845240865345561,1.1639540805624289,,False
2008-09-07 00:00:00+00:00,0.296009917736067,0.1319828725449025,,1.0953430095297132,0.7475876248093812,1.0203825144960792,,False
2008-09-07 00:30:00+00:00,0.296009917736067,0.1052527840290921,,1.007742525145182,0.7110949388238396,0.927497574073242,,False
2008-09-07 01:00:00+00:00,0.25944185684039,0.1052527840290921,,0.8800075119131747,0.7110949388238396,0.927497574073242,,False
2008-09-07 01:30:00+00:00,0.3335808080257131,0.1052527840290921,,0.417082120040016,0.6394708336540824,1.0676802359170945,,False
2008-09-07 02:00:00+00:00,0.4518158215191588,0.079822757554808,,0.0340697888070451,0.4687800412682304,1.2624289727907023,,False
2008-09-07 02:30:00+00:00,0.223941295821578,0.0338798283876866,,0.0,0.0304999463877522,0.9736526294465184,,False
2008-09-07 03:00:00+00:00,0.1247558725282827,0.0144067595789056,,0.2198787204205073,0.0129714991625588,0.927497574073242,,False
2008-09-07 03:30:00+00:00,0.25944185684039,0.0144067595789056,,0.5622371331874344,0.1187434248150546,0.9736526294465184,,False
2008-09-07 04:00:00+00:00,0.577572730008984,0.0338798283876866,,0.4884201601145351,0.2242313083235127,1.2624289727907023,,False
2008-09-07 04:30:00+00:00,0.6652359083495124,0.079822757554808,,0.7973663492782115,0.3113255052423104,1.3124796640553915,,False
2008-09-07 05:00:00+00:00,0.3335808080257131,0.2186396638578234,,0.9220894045627392,0.0947092389164992,0.8369432248861981,,False
2008-09-07 05:30:00+00:00,0.3721009943304,0.41471006928849,,0.9646697811529512,0.0503279711952789,0.7925614415431093,,False
2008-09-07 06:00:00+00:00,0.296009917736067,0.5590197301329288,,1.276231733798472,0.0718376384964978,0.5800421964334896,,False
2008-09-07 06:30:00+00:00,0.1247558725282827,0.3464140770639989,,1.610431727647536,0.0304999463877522,0.2425709061389761,,False
2008-09-07 07:00:00+00:00,0.0,0.0338798283876866,,1.7099373943909115,0.0,0.0,,False
2008-09-07 07:30:00+00:00,,,,1.862488420124976,0.0,,,False
2008-09-07 08:00:00+00:00,,,,2.125434626247636,0.0129714991625588,,,False
2008-09-07 08:30:00+00:00,,,,2.018958174545515,0.0304999463877522,,,False
2008-09-07 09:00:00+00:00,,,,1.5126979557996505,0.0503279711952789,,,False
2008-09-07 09:30:00+00:00,,,,1.416752637616397,0.0129714991625588,,,False
2008-09-07 10:00:00+00:00,,,,1.3694566339001952,0.0,,,False
2008-09-07 10:30:00+00:00,,0.1319828725449025,,1.8112010463464288,0.0129714991625588,,,False
2008-09-07 11:00:00+00:00,,0.6734357423784109,,2.9787743545213714,0.2525811785941507,,,False
2008-09-07 11:30:00+00:00,,1.3148295067013076,,4.979353132776996,0.8597019057083531,,,False
2008-09-07 12:00:00+00:00,,1.8513288488186748,,5.659269449829552,1.0549992402274644,,,False
2008-09-07 12:30:00+00:00,,2.552818143385476,,5.581826331585193,1.1770388510994287,,,False
2008-09-07 13:00:00+00:00,,3.0202459320116124,,5.894490056297688,1.345233966733224,0.1463567595075734,,False
2008-09-07 13:30:00+00:00,,3.451655995611887,,6.7948759842939,2.0294110551653786,0.7487896871535948,,False
2008-09-07 14:00:00+00:00,,3.451655995611887,,6.543311909434056,2.635572050998657,1.2624289727907023,,False
2008-09-07 14:30:00+00:00,,2.960327693565144,,6.296284745164511,2.7951794779630283,1.7319132655804224,,False
2008-09-07 15:00:00+00:00,,2.6671239761223133,,6.0537334122045365,2.6884160820065954,1.8419547687919164,,False
2008-09-07 15:30:00+00:00,,1.994458784563062,,4.511158018169976,2.0856551578443216,1.830211946026524,,False
2008-09-07 16:00:00+00:00,,1.8369470864499264,,4.656958967979865,2.334724746522811,1.718392839280956,,False
2008-09-07 16:30:00+00:00,,1.9415115141546024,,4.8046914267163565,2.385621848087377,1.395807686176482,,False
2008-09-07 17:00:00+00:00,,1.8369470864499264,,5.732453070016777,2.698571332904263,1.0445914992851892,,False
2008-09-07 17:30:00+00:00,,1.2940499126258027,,2.847080181210131,2.385621848087377,1.191715278617448,,False
2008-09-07 18:00:00+00:00,,0.1072527201837702,,0.1663831874922098,0.8248184880017435,1.292645315484486,,False
2008-09-07 18:30:00+00:00,,,,,0.5374505438717256,1.5546680201655143,,False
2008-09-07 19:00:00+00:00,,,,,0.3428449648969647,1.4482157409367669,,False
2008-09-07 19:30:00+00:00,,,,,0.5717230826767417,1.4482157409367669,,False
2008-09-07 20:00:00+00:00,0.0920199140082464,0.0345206207402181,,0.4684732721071704,0.9011316643892496,1.241899019530801,,False
2008-09-07 20:30:00+00:00,0.0165968348772052,0.1923787092285486,,0.5822679892924404,0.6064854396696037,0.7663702072798764,,False
2008-09-07 21:00:00+00:00,,0.2541621990632475,,0.8686415846452897,0.4376935441772316,0.3934777924826207,,False
2008-09-07 21:30:00+00:00,,0.6081987319962552,,1.4197837572168948,0.4704223107207276,0.2481405853185183,,False
2008-09-07 22:00:00+00:00,0.0,0.7266081872260691,,1.0894936581757475,0.5036793662555243,0.3934777924826207,,False
2008-09-07 22:30:00+00:00,0.0390389888522059,0.3530786801807625,,0.4684732721071704,0.4704223107207276,0.4319675356011084,,False
2008-09-07 23:00:00+00:00,0.0644427105018839,0.1629078379445221,,0.2924968101615061,0.4376935441772316,0.51128958476727,,False
2008-09-07 23:30:00+00:00,0.0920199140082464,0.1344945911818273,,0.3606828664440888,0.5374505438717256,0.6357616482728448,,False
2008-09-08 00:00:00+00:00,0.0920199140082464,0.0569727955216015,,0.3606828664440888,0.5036793662555243,0.3934777924826207,,False
2008-09-08 00:30:00+00:00,0.121363483873199,0.0146788264577748,,0.2596100465970432,0.4376935441772316,0.2830939810737213,,False
2008-09-08 01:00:00+00:00,0.2523387807883008,0.0,,0.0830641748299995,0.3428449648969647,0.3190009156960882,,False
2008-09-08 01:30:00+00:00,0.324416577734118,0.0345206207402181,,0.0,0.1972963810156913,0.3190009156960882,,False
2008-09-08 02:00:00+00:00,0.324416577734118,0.0146788264577748,,0.2275883959045687,0.2534573152668042,0.2830939810737213,,False
2008-09-08 02:30:00+00:00,0.0390389888522059,0.0345206207402181,,0.2596100465970432,0.0,0.0,,False
2008-09-08 03:00:00+00:00,0.2878917820871691,0.0345206207402181,,0.4318465760778312,0.2534573152668042,0.1813572082895706,,False
2008-09-08 03:30:00+00:00,0.4001809555574028,0.1072527201837702,,0.5057653589618976,0.5036793662555243,0.4319675356011084,,False
2008-09-08 04:00:00+00:00,0.4793032524840156,0.1629078379445221,,0.4684732721071704,0.7136111692382723,0.6357616482728448,,False
2008-09-08 04:30:00+00:00,0.4001809555574028,0.2228199038879072,,0.4318465760778312,0.6417271342893168,0.5935669644207384,,False
2008-09-08 05:00:00+00:00,0.2878917820871691,0.1629078379445221,,0.3959078651097696,0.4704223107207276,0.2481405853185183,,False
2008-09-08 05:30:00+00:00,0.2878917820871691,0.1072527201837702,,0.3959078651097696,0.4055088695261147,0.1497002541339931,,False
2008-09-08 06:00:00+00:00,0.324416577734118,0.0345206207402181,,0.4318465760778312,0.4376935441772316,0.1193578954732915,,False
2008-09-08 06:30:00+00:00,0.4393391495248404,0.0146788264577748,,0.4684732721071704,0.5717230826767417,0.1813572082895706,,False
2008-09-08 07:00:00+00:00,0.4001809555574028,0.0146788264577748,,0.6214448615543208,0.6417271342893168,0.1497002541339931,,False
2008-09-08 07:30:00+00:00,0.2878917820871691,0.0345206207402181,,0.7425099170650981,0.677438618787486,0.1193578954732915,,False
2008-09-08 08:00:00+00:00,0.1844150150095002,0.0569727955216015,,0.7425099170650981,0.677438618787486,0.1497002541339931,,False
2008-09-08 08:30:00+00:00,0.0920199140082464,0.1072527201837702,,0.66121919180055,0.7136111692382723,0.1813572082895706,,False
2008-09-08 09:00:00+00:00,0.0,0.1629078379445221,,0.7015780976020236,0.7502367932069507,0.3558099491452829,,False
2008-09-08 09:30:00+00:00,,0.3193345849007142,,0.9117681119244792,0.86276157639813,0.5935669644207384,,False
2008-09-08 10:00:00+00:00,,0.6865766967983185,,1.0894936581757475,0.8248184880017435,0.8566618438030033,,False
2008-09-08 10:30:00+00:00,,1.0216767181004351,,0.7840040601072852,0.7502367932069507,1.0445914992851892,,False
2008-09-08 11:00:00+00:00,,1.0216767181004351,,1.2281067597228876,0.8248184880017435,1.0930558384373292,,False
2008-09-08 11:30:00+00:00,,1.0658618595405434,,1.9320886112610167,1.058781308412096,0.9027396045282924,,False
2008-09-08 12:00:00+00:00,,1.2474582967156176,,2.3181014815260013,0.939923432019522,0.8112019805164583,,False
2008-09-08 12:30:00+00:00,,1.2940499126258027,,1.7215803164872618,1.018752657592043,1.0930558384373292,,False
2008-09-08 13:00:00+00:00,,1.5339900606479568,,2.6074480262236164,1.436829969055187,1.191715278617448,,False
2008-09-08 13:30:00+00:00,,1.583355146331085,,1.5685671267565704,1.307317927308325,1.191715278617448,,False
2008-09-08 14:00:00+00:00,,1.583355146331085,,0.6214448615543208,1.1812769323645391,1.191715278617448,,False
2008-09-08 14:30:00+00:00,,1.6331737886484157,,0.7425099170650981,1.1812769323645391,1.292645315484486,,False
2008-09-08 15:00:00+00:00,,1.2940499126258027,,0.8686415846452897,1.0992139676852508,1.191715278617448,,False
2008-09-08 15:30:00+00:00,,2.461143415325616,,0.5485584453906617,0.1478595779314808,1.6016741239976424,,True
2008-09-08 16:00:00+00:00,,1.5308420885755307,,0.2284753061360336,0.351390861105233,1.547884290459528,,False
2008-09-08 16:30:00+00:00,,1.2065394190721617,,0.54585228230091,0.4822164858159251,1.3897493489477413,,False
2008-09-08 17:00:00+00:00,,0.9044681768267544,,0.0150467225914535,0.4486512206508588,1.4419188316548217,,False
2008-09-08 17:30:00+00:00,,0.443943928178892,,0.0150467225914535,0.1745829520632165,1.0401128436073788,,False
2008-09-08 18:00:00+00:00,,0.4792431082070628,,0.26062334886664,0.2021789636352911,1.7662406563840571,,False
2008-09-08 18:30:00+00:00,,0.626332679402004,,,0.5163257415702059,2.5964787955883577,,False
2008-09-08 19:00:00+00:00,,0.309224311114586,,,0.0,1.3897493489477413,,False
2008-09-08 19:30:00+00:00,,0.0787927775005004,,,,1.1865790001802132,,False
2008-09-08 20:00:00+00:00,,,,,,1.4419188316548217,,False
2008-09-08 20:30:00+00:00,,,,,,1.1371852429042897,,False
2008-09-08 21:00:00+00:00,,0.0142216956404308,,,,1.236537063117954,,False
2008-09-08 21:30:00+00:00,0.0,0.1038926350215007,,0.0353871698380837,,1.1371852429042897,,False
2008-09-08 22:00:00+00:00,0.1297461468065382,0.1577888255727234,,0.0,0.0,1.0883612178318312,,False
2008-09-08 22:30:00+00:00,0.0688777620632514,0.2157972004620403,,0.1099577458430312,0.0133343200599983,0.8530143389589312,,False
2008-09-08 23:00:00+00:00,0.1297461468065382,0.309224311114586,,0.0150467225914535,0.0313542620554046,0.7631183946646871,,False
2008-09-08 23:30:00+00:00,0.387175635645174,0.2772970650292252,,0.0584051940513457,0.1220885037426304,0.8077539981894444,,False
2008-09-09 00:00:00+00:00,0.4282278035895935,0.2461395858539814,,0.26062334886664,0.2305843948013003,0.6757673311775556,,False
2008-09-09 00:30:00+00:00,0.307958250656749,0.309224311114586,,0.1972537503467659,0.0973734488501612,0.391833714277692,,False
2008-09-09 01:00:00+00:00,0.307958250656749,0.3752408440304424,,0.0150467225914535,0.0517396853557206,0.3176725349656011,,False
2008-09-09 01:30:00+00:00,0.5130192469954031,0.5887069865645039,,0.0150467225914535,0.1220885037426304,0.3543257782665522,,False
2008-09-09 02:00:00+00:00,0.5130192469954031,0.9462061751443164,,0.2284753061360336,0.1478595779314808,0.1490821013589674,,False
2008-09-09 02:30:00+00:00,0.5566946741984592,1.251536110416421,,0.2284753061360336,0.3201844385461903,0.213315357034441,,False
2008-09-09 03:00:00+00:00,0.5130192469954031,1.4359825759395275,,0.1099577458430312,0.415646075702178,0.1806070772818307,,False
2008-09-09 03:30:00+00:00,0.3470702485614645,1.3892079822030143,,0.4335456148681788,0.6217799143938229,0.0631209182823975,,False
2008-09-09 04:00:00+00:00,0.2329477926304805,1.0311175037594051,,0.5077616007839147,0.7316865092440223,0.038239587395559,,False
2008-09-09 04:30:00+00:00,0.1297461468065382,0.7424484949420237,,0.7043695827973776,0.6579340562098908,0.0,,False
2008-09-09 05:00:00+00:00,0.0417208791433024,0.443943928178892,,0.7454690467633944,0.5861198469633984,0.0162575458362597,,False
2008-09-09 05:30:00+00:00,0.0,0.1038926350215007,,0.4335456148681788,0.4486512206508588,0.0,,False
2008-09-09 06:00:00+00:00,0.0177349513275202,0.0,,0.1972537503467659,0.3201844385461903,0.0,,False
2008-09-09 06:30:00+00:00,0.0417208791433024,0.055193241560472,,0.1378920396413387,0.2896264903584517,0.0,,False
2008-09-09 07:00:00+00:00,0.0177349513275202,0.0334439708209694,,0.2936402879054259,0.2896264903584517,0.0,,False
2008-09-09 07:30:00+00:00,,,,1.0036225180359504,0.3201844385461903,,,False
2008-09-09 08:00:00+00:00,,,,1.5247225958939892,0.3201844385461903,,,False
2008-09-09 08:30:00+00:00,,,,1.0485013570802892,0.0973734488501612,,,False
2008-09-09 09:00:00+00:00,,,,1.2330898709801976,0.0,,,False
2008-09-09 09:30:00+00:00,,0.0334439708209694,,0.6638458493513484,,,,False
2008-09-09 10:00:00+00:00,,0.443943928178892,,0.7454690467633944,,,,False
2008-09-09 10:30:00+00:00,,1.3892079822030143,,1.7286827777392249,0.4486512206508588,,,False
2008-09-09 11:00:00+00:00,,2.1890822334096347,,2.327844508207499,0.7316865092440223,,,False
2008-09-09 11:30:00+00:00,,2.3510695574017584,,4.244016769540992,0.5861198469633984,,,False
2008-09-09 12:00:00+00:00,,2.629374050018884,,4.458748691969063,0.259747803440029,,,False
2008-09-09 12:30:00+00:00,,3.5268548839155467,,2.737955088438077,0.9241257582961812,,,False
2008-09-09 13:00:00+00:00,,3.653667711143101,,2.6780003472016545,1.6570794847663584,0.391833714277692,,False
2008-09-09 13:30:00+00:00,,3.847079007203472,,3.1072743072791065,1.94292863710272,0.6757673311775556,,False
2008-09-09 14:00:00+00:00,,3.717711579003552,,3.298120675697941,1.9919023975753636,0.9453694774882824,,False
2008-09-09 14:30:00+00:00,,3.717711579003552,,6.852682873997928,2.0909840810042413,1.0401128436073788,,False
2008-09-09 15:00:00+00:00,,4.313414285295588,,5.439918020617368,2.0909840810042413,1.2870544550502996,,False
2008-09-09 15:30:00+00:00,,2.5376136727756498,,1.7394365566999082,2.334724746522811,2.2381802890717752,,False
2008-09-09 16:00:00+00:00,,1.7781292498163794,,2.458275713235396,2.4884973231579,2.2381802890717752,,False
2008-09-09 16:30:00+00:00,,1.8295236926479048,,3.319615195790558,2.805770517363126,2.539111982346432,,False
2008-09-09 17:00:00+00:00,,1.881360923259532,,2.69515075697681,2.592813839264611,2.2381802890717752,,False
2008-09-09 17:30:00+00:00,,1.5278514203456568,,2.458275713235396,2.4884973231579,1.837963597950173,,False
2008-09-09 18:00:00+00:00,,1.7781292498163794,,3.2550851077619365,2.540475473865732,1.89362213324631,,False
2008-09-09 18:30:00+00:00,,1.8295236926479048,,2.0614748895029376,2.284188309111312,1.7281736988646896,,False
2008-09-09 19:00:00+00:00,,1.4308989219704484,,1.1467408542230593,1.8929242385665992,1.7281736988646896,,False
2008-09-09 19:30:00+00:00,,1.2889131983059356,,0.9209616076419193,1.6148106040306751,1.7828135698312546,,False
2008-09-09 20:00:00+00:00,0.1176517135164362,1.2889131983059356,,1.0097119829018053,1.4807613008353826,1.837963597950173,,False
2008-09-09 20:30:00+00:00,0.2790133994724418,1.4308989219704484,,1.1934363345743846,1.4807613008353826,1.89362213324631,,False
2008-09-09 21:00:00+00:00,0.2445698030335571,1.3357789507101996,,1.0548735930184896,1.307317927308325,1.7281736988646896,,False
2008-09-09 21:30:00+00:00,0.2111255615851145,1.1511325560761063,,0.9650725697397744,1.0992139676852508,1.5147554720296894,,False
2008-09-09 22:00:00+00:00,0.2445698030335571,1.061664769596618,,0.9209616076419193,1.058781308412096,1.4111648929304783,,False
2008-09-09 22:30:00+00:00,0.3143950588227848,0.9311350554301284,,0.7499480164293276,1.058781308412096,1.4111648929304783,,False
2008-09-09 23:00:00+00:00,0.3143950588227848,0.7641995495137271,,0.6678214697559312,0.9791319524025311,1.3096849590896544,,False
2008-09-09 23:30:00+00:00,0.3506640070785566,0.6058452084466752,,0.2298174739323782,0.787308150989574,1.2597454841493383,,False
2008-09-10 00:00:00+00:00,0.3877775077298796,0.3860623540759716,,0.0,0.6064854396696037,1.2103451253097128,,False
2008-09-10 00:30:00+00:00,0.4643974015743564,0.2531938965890558,,0.0151340031823781,0.5717230826767417,1.1131803528375492,,False
2008-09-10 01:00:00+00:00,0.5038450217273808,0.2531938965890558,,0.1105996036125607,0.5036793662555243,1.065426284162711,,False
2008-09-10 01:30:00+00:00,0.5440179856528548,0.2531938965890558,,0.1386982329269104,0.4704223107207276,1.065426284162711,,False
2008-09-10 02:00:00+00:00,0.5440179856528548,0.2852566967955027,,0.1680076310453305,0.4376935441772316,0.971604202706262,,False
2008-09-10 02:30:00+00:00,0.5038450217273808,0.2852566967955027,,0.1680076310453305,0.4055088695261147,0.8800758630483587,,False
2008-09-10 03:00:00+00:00,0.4256991142544916,0.3517272537896387,,0.2621568081491913,0.3124084618729508,0.7472276878651668,,False
2008-09-10 03:30:00+00:00,0.3877775077298796,0.3517272537896387,,0.2298174739323782,0.2826025397487011,0.7041695237646983,,False
2008-09-10 04:00:00+00:00,0.3506640070785566,0.3181142129813485,,0.1984106682260726,0.2250080125603236,0.6199616385071748,,False
2008-09-10 04:30:00+00:00,0.3506640070785566,0.2219723202925929,,0.058745049067116,0.1972963810156913,0.5788403562915612,,False
2008-09-10 05:00:00+00:00,0.3506640070785566,0.1622900625560316,,0.1386982329269104,0.1972963810156913,0.5383958449343291,,False
2008-09-10 05:30:00+00:00,0.2111255615851145,0.1622900625560316,,0.058745049067116,0.0306044178425318,0.4213217860789068,,False
2008-09-10 06:00:00+00:00,0.1475567823476401,0.0567580675524782,,0.2298174739323782,0.0130158687038514,0.2089761696628019,,False
2008-09-10 06:30:00+00:00,0.0624783073599374,0.0,,0.3998166207467184,0.0,0.088307991139834,,False
2008-09-10 07:00:00+00:00,0.0,0.0,,0.5491054398403152,0.0,0.0,,False
2008-09-10 07:30:00+00:00,0.0,0.10684724794745,,0.4731133438979027,0.0130158687038514,0.0,,False
2008-09-10 08:00:00+00:00,,0.10684724794745,,0.0838713116692666,0.0,0.0159306219814611,,False
2008-09-10 08:30:00+00:00,,0.0343907129032505,,,,0.0374693673151126,,False
2008-09-10 09:00:00+00:00,,,,,,0.0374693673151126,,False
2008-09-10 09:30:00+00:00,,,,0.0355927609243604,,0.0374693673151126,,False
2008-09-10 10:00:00+00:00,,,,0.5107828706482392,,,,False
2008-09-10 10:30:00+00:00,,0.0343907129032505,,1.7394365566999082,0.05050059974825,,,False
2008-09-10 11:00:00+00:00,,1.3831085205083844,,4.20123275605764,0.3428449648969647,,,False
2008-09-10 11:30:00+00:00,,2.7114859037679557,,5.24169857335662,0.5374505438717256,,,False
2008-09-10 12:00:00+00:00,,3.0099857899058424,,6.813323666922132,1.0992139676852508,,,False
2008-09-10 12:30:00+00:00,,3.382622357702375,,5.4773529583943885,1.307317927308325,0.1460595139333041,,False
2008-09-10 13:00:00+00:00,,3.837455952838596,,6.296412634633908,1.8456528905932608,0.1164598586834277,,False
2008-09-10 13:30:00+00:00,,3.0099857899058424,,4.416111640546524,2.134745804874143,0.5383958449343291,,False
2008-09-10 14:00:00+00:00,,2.949413178361622,,5.637007077606359,2.698571332904263,1.0182320995232377,,False
2008-09-10 14:30:00+00:00,,2.770313951457421,,2.516804386237566,3.0800870128027733,1.56733435717776,,False
2008-09-10 15:00:00+00:00,,2.039517718950618,,3.190026371552847,2.859911166901939,2.063634825658417,,True
2008-09-10 15:30:00+00:00,,1.6863172444709786,,3.863248356868128,3.218142286583233,1.9101973250119535,,False
2008-09-10 16:00:00+00:00,,2.645433277547062,,3.109061636621669,3.562229742097637,2.9430625252193243,,False
2008-09-10 16:30:00+00:00,,2.877087493971803,,4.893614024051304,3.274590567474115,2.813939681852261,,False
2008-09-10 17:00:00+00:00,,1.6863172444709786,,5.038558000437348,3.274590567474115,1.9668849103251864,,False
2008-09-10 17:30:00+00:00,,0.8271914445376776,,4.821819573633516,2.9959301284893254,1.74322044919818,,False
2008-09-10 18:00:00+00:00,,0.5547814395941773,,4.469560822753956,2.8869667154293825,1.320928983591606,,False
2008-09-10 18:30:00+00:00,,0.343811729136852,,2.305899678878233,2.1150931412371463,1.0744942249004903,,False
2008-09-10 19:00:00+00:00,,0.1586708516548396,,0.2166024709404291,0.8551491093473113,1.0744942249004903,,False
2008-09-10 19:30:00+00:00,,0.0143004782110596,,0.628713204599376,0.6361132226633892,0.84223888032825,,False
2008-09-10 20:00:00+00:00,,0.2475217615445089,,1.6829911673284572,0.70735061053521,0.6672888965766348,,False
2008-09-10 20:30:00+00:00,,0.7072426122558697,,1.832996625980728,0.5667357525089652,0.5428850665229352,,False
2008-09-10 21:00:00+00:00,,0.9096900630990769,,1.1665021758345755,0.3097137720729618,0.4248170710392924,,False
2008-09-10 21:30:00+00:00,,0.8271914445376776,,0.2783349751519904,0.4019963719287059,0.8875148366633436,,False
2008-09-10 22:00:00+00:00,0.0,0.5180761192458347,,0.2470594764695691,0.1181346634198713,0.8875148366633436,,False
2008-09-10 22:30:00+00:00,0.2173623721298002,0.343811729136852,,0.553730955668352,0.1956040806270207,1.122671137536144,,False
2008-09-10 23:00:00+00:00,0.6024746792317572,0.2475217615445089,,0.2166024709404291,0.1689133772505283,1.320928983591606,,False
2008-09-10 23:30:00+00:00,0.6453192277126188,0.0554999103183096,,0.0553973449479152,0.0,1.0744942249004903,,False
2008-09-11 00:00:00+00:00,0.8234827022123532,0.0,,1.2564056292841477,0.3398835939898529,1.0268834125410466,,False
2008-09-11 00:30:00+00:00,0.7779518770386635,0.0792312314115492,,1.489011556275583,0.433896921546624,0.7100810313540337,,False
2008-09-11 01:00:00+00:00,0.4782826567243259,0.1586708516548396,,1.6338470772884472,0.2801683531714496,0.2440672865881052,,False
2008-09-11 01:30:00+00:00,0.399331775190114,0.1873676679791886,,1.8838515069627555,0.4663360349022707,0.0623512063563598,,False
2008-09-11 02:00:00+00:00,0.4384052660012004,0.2788565741855222,,1.1665021758345755,0.433896921546624,0.0377740530991756,,False
2008-09-11 02:30:00+00:00,0.6453192277126188,0.2788565741855222,,0.158375852067555,0.2230753236201756,0.313746909058216,,False
2008-09-11 03:00:00+00:00,0.9164542964292576,0.0792312314115492,,0.0,0.1956040806270207,0.5027975349689844,,False
2008-09-11 03:30:00+00:00,0.8696536033642631,0.0143004782110596,,0.628713204599376,0.2512772208811246,0.4248170710392924,,False
2008-09-11 04:00:00+00:00,0.8234827022123532,0.0554999103183096,,1.2564056292841477,0.4019963719287059,0.2440672865881052,,False
2008-09-11 04:30:00+00:00,0.6453192277126188,0.1873676679791886,,1.078433684070505,0.2512772208811246,0.0377740530991756,,False
2008-09-11 05:00:00+00:00,0.7779518770386635,0.1873676679791886,,1.1222365595579424,0.4019963719287059,0.0890284556862766,,False
2008-09-11 05:30:00+00:00,0.8696536033642631,0.1873676679791886,,1.394638907786262,0.6715038634198452,0.0890284556862766,,False
2008-09-11 06:00:00+00:00,0.9638754258633409,0.343811729136852,,1.6829911673284572,1.0894310486121563,0.1472551087027489,,False
2008-09-11 06:30:00+00:00,0.8696536033642631,0.3773608712113788,,1.3481149608918648,0.8931692293882056,0.0890284556862766,,False
2008-09-11 07:00:00+00:00,0.6888569543479692,0.2788565741855222,,2.0915064149589395,1.049371842610645,0.0,,False
2008-09-11 07:30:00+00:00,0.3237305338879693,0.3109660304176184,,2.3605466765582914,0.9316062914723388,0.01438680374012509,,True
2008-09-11 08:00:00+00:00,,0.4115851299917676,,2.5269996570115425,0.970455391910424,0.0377740530991756,,False
2008-09-11 08:30:00+00:00,,0.4819632091322183,,3.23051496519569,0.5327688197121624,,,False
2008-09-11 09:00:00+00:00,,0.59206386320253,,2.305899678878233,0.5667357525089652,,,False
2008-09-11 09:30:00+00:00,,1.444431630179034,,2.197863253640153,0.6715038634198452,0.0890284556862766,,False
2008-09-11 10:00:00+00:00,,1.8875986050809088,,3.048967050415808,0.6361132226633892,0.3869753877144036,,False
2008-09-11 10:30:00+00:00,,2.365311238739608,,3.798051172178796,1.1298859542451043,0.2440672865881052,,False
2008-09-11 11:00:00+00:00,,2.532125403698796,,5.185319582979179,1.4674088760797914,0.2106924857267396,,False
2008-09-11 11:30:00+00:00,,2.9954375831676137,,6.264733634210881,1.6001851403333376,,,False
2008-09-11 12:00:00+00:00,,3.422969057526631,,6.1048454231655,1.7362695738398004,,,False
2008-09-11 12:30:00+00:00,,4.272590282381676,,6.264733634210881,1.7362695738398004,0.2440672865881052,,False
2008-09-11 13:00:00+00:00,,4.689633253553208,,6.025623022121832,1.690542858831127,0.3869753877144036,,False
2008-09-11 13:30:00+00:00,,3.937159857778056,,4.750474710001212,2.164060444655855,0.9333863801067313,,False
2008-09-11 14:00:00+00:00,,3.937159857778056,,4.609127618496576,2.5686184572050434,0.9798451264373724,,False
2008-09-11 14:30:00+00:00,,3.806031244033584,,4.679577893992068,2.066483102911049,0.8875148366633436,,False
2008-09-11 15:00:00+00:00,,3.806031244033584,,4.750474710001212,2.164060444655855,0.8875148366633436,,False
2008-09-11 15:30:00+00:00,,2.818543656928544,,0.7058951510573124,1.828812769753648,1.320928983591606,,False
2008-09-11 16:00:00+00:00,,2.043034598922991,,1.078433684070505,2.018230854235816,1.9101973250119535,,False
2008-09-11 16:30:00+00:00,,2.365311238739608,,3.54155286647578,2.414242134318607,2.377981082780284,,False
2008-09-11 17:00:00+00:00,,2.043034598922991,,4.469560822753956,2.4653455937299835,2.198744867025367,,False
2008-09-11 17:30:00+00:00,,1.124412503462334,,4.400441451448164,1.9228021779154567,1.854023053141141,,False
2008-09-11 18:00:00+00:00,,0.62990962509717,,3.994937092186488,1.828812769753648,1.688595564983076,,False
2008-09-11 18:30:00+00:00,,0.5547814395941773,,2.583320874149938,1.8756271628914465,1.688595564983076,,False
2008-09-11 19:00:00+00:00,,0.5180761192458347,,1.489011556275583,1.7362695738398004,1.74322044919818,,False
2008-09-11 19:30:00+00:00,,0.4115851299917676,,0.7452834752848392,1.049371842610645,1.634490912149593,,False
2008-09-11 20:00:00+00:00,,0.343811729136852,,0.7058951510573124,0.6361132226633892,1.3718571310545769,,False
2008-09-11 20:30:00+00:00,0.0389576900377367,0.343811729136852,,0.785190633199092,0.5327688197121624,1.3718571310545769,,False
2008-09-11 21:00:00+00:00,0.4384052660012004,0.343811729136852,,0.8256081013242264,0.8175512247777107,1.688595564983076,,False
2008-09-11 21:30:00+00:00,0.6024746792317572,0.4464598103750484,,1.1222365595579424,0.8175512247777107,1.5809087146334977,,False
