TIMESTAMP,IDN_JAM_OIL_Egu_Js_1,IDN_JAM_OIL_Egu_Js_2,IDN_JAM_OIL_Egu_Js_3,IDN_JAM_OIL_Egu_Js_4,IDN_JAM_OIL_Egu_Js_5,IDN_JAM_OIL_Egu_Js_6,IDN_JAM_OIL_Egu_Js_7,IDN_JAM_OIL_Egu_Js_8,IDN_JAM_OIL_Egu_Js_9,IDN_JAM_OIL_Egu_Js_10,interpolated
2013-07-02 17:00:00+00:00,0.069225505,0.149888465,0.082231935,0.0,0.30083451,0.02335042,0.020808535,0.099894351,0.00473411,0.182335031,False
2013-07-02 17:30:00+00:00,0.06738045861316035,0.161254796375,0.0816560683125,0.0006858809849248516,0.30739380914220027,0.023915399172919512,0.016194736201583054,0.09854361975002122,0.004817913169513984,0.1875501497463572,True
2013-07-02 18:00:00+00:00,0.065374361,0.162878558,0.081560737,0.002074094,0.313402676,0.02518036,0.013658863,0.095418406,0.005032869,0.193710446,False
2013-07-02 18:30:00+00:00,0.06259326501183966,0.1352132284349367,0.08210621980407849,0.00439168234259381,0.31860885077733253,0.02754434171376514,0.012954273071226935,0.08760700242384521,0.005798391502425139,0.20308322887864283,True
2013-07-02 19:00:00+00:00,0.060852119,0.093822355,0.083391426,0.007819297,0.323865355,0.031138471,0.01258072,0.078282144,0.007182613,0.209178569,False
2013-07-02 19:30:00+00:00,0.06104975299751811,0.06679267382784614,0.08648065563528043,0.012585194651876247,0.33017724593931447,0.03600436306725869,0.012327627164690014,0.07130286382613356,0.009244435238958109,0.20880620508422437,True
2013-07-02 20:00:00+00:00,0.061527894,0.048259018,0.091102364,0.01856774,0.336931811,0.042101991,0.012211931,0.067611521,0.012142269,0.207741788,False
2013-07-02 20:30:00+00:00,0.0630484896937347,0.040281935302142344,0.09626286236657663,0.025484981651172647,0.34282366468925896,0.04917586829493239,0.013099196822371357,0.06781475973633853,0.016119663874631554,0.19081377634083535,True
2013-07-02 21:00:00+00:00,0.064831449,0.034683797,0.102168603,0.03309275,0.350664297,0.057044552,0.014810935,0.068362096,0.02094053,0.169988197,False
2013-07-02 21:30:00+00:00,0.06556124152467753,0.028344004435074833,0.11031406469406445,0.040698553022047015,0.37244503842613386,0.06515828866859678,0.016760159799041687,0.07122532162635585,0.02603681855812677,0.16362657235993452,True
2013-07-02 22:00:00+00:00,0.06644872,0.024854786,0.115442082,0.048851329,0.397002299,0.073866567,0.019321826,0.076642674,0.031791358,0.15786021,False
2013-07-02 22:30:00+00:00,0.07204049078406967,0.029761104143382,0.11046491474021937,0.05870854059799777,0.41342933221325995,0.08408183836398288,0.023999665878586953,0.08716269474631297,0.040004021625946073,0.14730864228021326,True
2013-07-02 23:00:00+00:00,0.076931705,0.03924976,0.102431289,0.068038205,0.421783269,0.09370197,0.027240592,0.095964511,0.046122116,0.134453411,False
2013-07-02 23:30:00+00:00,0.0753865825,0.04880388256167843,0.09513795925978064,0.07425125356741166,0.42028704299999997,0.099023039432095,0.0269534265,0.09724037390513111,0.047208978226730106,0.11766829943479251,True
2013-07-03 00:00:00+00:00,0.07384146,0.064473036,0.090901088,0.080615443,0.418790817,0.106864534,0.026666261,0.098652923,0.048427663,0.10718121,False
2013-07-03 00:30:00+00:00,0.09574058200635323,0.10859712527432068,0.11182189213373193,0.08796566233868566,0.4504197398146272,0.3321407285832907,0.03961092087548811,0.13310120042538506,0.07295276837020348,0.16968176069456378,True
2013-07-03 01:00:00+00:00,0.158780212,0.205426383,0.172455794,0.101854945,0.53953714,0.920421881,0.077187349,0.227374541,0.141263827,0.34386575,False
2013-07-03 01:30:00+00:00,1.2172738992907743,0.7553793883323987,1.3961252344075286,0.6967593535867228,1.554588596790369,4.906128424958843,0.8499590397363821,1.2414882680526982,1.214741545577606,2.0453228171810807,True
2013-07-03 02:00:00+00:00,2.788404352,1.468732492,3.215701253,1.803046143,2.945874176,8.979853036,2.056309046,2.672285988,2.907383997,4.313592831,False
2013-07-03 02:30:00+00:00,3.6900074239033653,1.8002560655671154,4.251766884685331,2.965112455852382,3.610306270815797,9.508415153364295,2.825592950205587,3.425723791894239,4.079557787006349,5.338179330091088,True
2013-07-03 03:00:00+00:00,4.70188596,2.17645352,5.398929273,4.503796679,4.302282379,10.0120375,3.763003717,4.24117488,5.462254859,6.375375741,False
2013-07-03 03:30:00+00:00,6.877346140157086,3.309925676794256,7.761047299799591,7.139989941681755,5.717475290468951,12.66865565512117,5.97970466230161,5.893719500429841,8.167327439928139,8.609016657596321,True
2013-07-03 04:00:00+00:00,9.043206451,4.508576801,10.12570135,9.873721671,7.18636582,15.35704175,8.471889212,7.703680139,11.00913633,10.56894076,False
2013-07-03 04:30:00+00:00,10.307372544642421,5.150208294326848,11.597369862973817,11.95515738315993,8.244859625110253,16.15117059625885,10.384490531380933,9.2197423966837,13.106580212921372,11.298761261436946,True
2013-07-03 05:00:00+00:00,10.91708577,5.455184304,12.31978592,13.04056554,8.788389199,16.48097175,11.3952713,10.03854959,14.19268898,11.61119228,False
2013-07-03 05:30:00+00:00,9.96621349715754,5.081942770427124,11.098007451723031,12.229160492967667,8.48727822140504,15.197345821106927,11.066632133052883,9.7569523591128,12.775365174888433,10.62070849385572,True
2013-07-03 06:00:00+00:00,8.734130649,4.62191568,9.507079207,11.00548057,8.062973403,13.74523513,10.4773131,9.296871432,10.84207899,9.45992661,False
2013-07-03 06:30:00+00:00,8.321283701897753,4.509333393891568,8.963655954125088,10.245179933524668,7.889987600016775,13.468839898893073,9.885561250533545,8.957456114820626,10.02772023182677,9.216839721165194,True
2013-07-03 07:00:00+00:00,7.976516089,4.40267677,8.506012421,9.619293054,7.689856438,13.36092943,9.270585187,8.60867931,9.350898832,9.055262527,False
2013-07-03 07:30:00+00:00,7.510060324977449,4.144756310749644,7.812953549231898,9.155959838915091,7.015197357419547,13.709925815,8.742692218552556,8.101083598066573,8.580366325513078,8.866437116189696,True
2013-07-03 08:00:00+00:00,7.001895181,3.78626835,7.199749786,8.691698308,6.141120465,14.0589222,8.198165758,7.78133307,7.813988193,8.738824916,False
2013-07-03 08:30:00+00:00,6.538339314309943,3.400200594461151,6.9299194144018035,8.11821321707883,5.541973997776022,13.26957122484647,7.631296737121639,7.8119301525000004,7.155103733838753,8.708122912043022,True
2013-07-03 09:00:00+00:00,5.933485597,2.904140371,6.608481339,7.293900908,4.865408583,11.55900155,6.830578021,7.842527235,6.354721558,8.672033836,False
2013-07-03 09:30:00+00:00,4.478786215582013,2.005916040187444,4.922255849047925,5.162565989117068,3.584655607181062,8.160268543617164,4.3587052501086525,7.090521552201606,4.642459701780057,6.5321001443716025,True
2013-07-03 10:00:00+00:00,2.868015765,1.186267284,2.884953258,2.920745021,2.278767734,4.553580048,1.939084144,5.706116615,2.8354747,3.590774262,False
2013-07-03 10:30:00+00:00,1.8690017588434693,0.8501807445313059,1.8231964376562568,1.837721952514932,1.4588047895782326,2.530957574325857,1.1870454802939527,4.137818906212711,1.7296077488832227,2.0956304246039164,True
2013-07-03 11:00:00+00:00,1.141613031,0.620342721,1.087194413,1.110648858,0.887623349,1.220856521,0.738050464,2.605965835,0.965828325,1.106080564,False
2013-07-03 11:30:00+00:00,0.6223746130577295,0.41409780195113627,0.5743645223980416,0.5945171852867301,0.5104264381583817,0.4769214690277919,0.41846080837236443,1.43296115534705,0.4845428148833956,0.5272136264182907,True
2013-07-03 12:00:00+00:00,0.310189727,0.278298377,0.271954592,0.282258437,0.312188258,0.109727058,0.227649968,0.669576625,0.212818014,0.211946068,False
2013-07-03 12:30:00+00:00,0.19572445064084731,0.22277950670115812,0.16204865077219324,0.15350984939892778,0.27303811046494214,0.05068143685804697,0.14835056555689374,0.3731525951977431,0.12151925033986109,0.11202942520182045,True
2013-07-03 13:00:00+00:00,0.131526455,0.186618796,0.102854988,0.083097155,0.258458585,0.02372431,0.102313377,0.208092486,0.073331365,0.059388203,False
2013-07-03 13:30:00+00:00,0.09321020275843453,0.15605642779965767,0.07101990086166422,0.047213324473352934,0.26390105415154647,0.010430857209211209,0.07383923690184407,0.1170752023041658,0.04784318836638804,0.029197091339234947,True
2013-07-03 14:00:00+00:00,0.068616841,0.133619899,0.052794916,0.026804504,0.273715286,0.004597045,0.055464885,0.063768564,0.032701458,0.012660186,False
2013-07-03 14:30:00+00:00,0.05263847320952489,0.12021542364152439,0.04406479650444345,0.016222537316662487,0.2861417443484536,0.0040366541154588376,0.044122110453443254,0.035166287598592444,0.023942126211366065,0.005791218974438154,True
2013-07-03 15:00:00+00:00,0.04122859,0.107864335,0.038024533,0.01000585,0.29419644,0.003840256,0.035696282,0.018396556,0.018043375,0.002325523,False
2013-07-03 15:30:00+00:00,0.030936106565298018,0.08543694515828774,0.0314294932776535,0.006147522906072131,0.2940103621679607,0.004798128424346655,0.02780873571647694,0.008548770638131595,0.013555943948187136,0.0009251438370702118,True
2013-07-03 16:00:00+00:00,0.025615698,0.070622449,0.027847214,0.004392817,0.293457993,0.006098294,0.022064001,0.004128342,0.010337386,0.000352966,False
2013-07-03 16:30:00+00:00,0.025701652079380733,0.07168542208427808,0.03696368917202887,0.0051405420000000005,0.25840707983281747,0.006760660575653344,0.01864473373191868,0.004313038931945605,0.007844602020489243,0.0015877664598986125,True
2013-07-03 17:00:00+00:00,0.025939758,0.074452697,0.054031734,0.005888267,0.201209834,0.007080734,0.016828451,0.004795595,0.006608313,0.004165878,False
2013-07-03 17:30:00+00:00,0.028035296277093617,0.0884296131148464,0.07546820013083812,,0.1459759679992218,0.0068785685000000004,0.016360151603833643,0.00719184268816153,0.006971634424117144,0.008435377946381073,True
2013-07-03 18:00:00+00:00,0.030931207,0.105416702,0.094533694,,0.113254726,0.006676403,0.016180248,0.010352264,0.007879919,0.013261098,False
2013-07-03 18:30:00+00:00,0.03247781094310855,0.11353878201932427,0.103013055444153,,0.12450468405695853,0.010906267343393903,0.016596818329030948,0.012102279422578884,0.011296865447765692,0.0166831961506665,True
2013-07-03 19:00:00+00:00,0.034012127,0.11897404,0.109940595,,0.143662762,0.017090919,0.017366026,0.013790683,0.015508492,0.01978532,False
2013-07-03 19:30:00+00:00,0.036483117930119636,0.12288088628155124,0.1191569411040285,,0.160074972881811,0.02006915339156251,0.018237739724531153,0.01607602102490671,0.017624388781570428,0.023510752658331992,True
2013-07-03 20:00:00+00:00,0.038838317,0.12476008,0.126832142,,0.176622432,0.023350211,0.019106491,0.018576327,0.019638205,0.025910163,False
2013-07-03 20:30:00+00:00,0.040110027368977286,0.12203881617928067,0.13071865188535428,,0.19224253315116585,0.031396429935992905,0.019754547580244114,0.02099073247962345,0.022699821881226285,0.026228137000254455,True
2013-07-03 21:00:00+00:00,0.041342912,0.118253573,0.133884662,,0.20804634,0.039554877,0.020275616,0.023516241,0.025815912,0.026463001,False
2013-07-03 21:30:00+00:00,0.04304458987548239,0.11614051382071934,0.13741570996429078,,0.22475742276829558,0.04344337191410687,0.020620204862210927,0.02622781475294797,0.02801424145967154,0.026821811932203295,True
2013-07-03 22:00:00+00:00,0.045559211,0.115091434,0.140969259,,0.242586213,0.046253958,0.020995058,0.029246854,0.03025811,0.027351889,False
2013-07-03 22:30:00+00:00,0.05297170002583778,0.1170594345,0.14548108229930645,,0.26684885817280213,0.04900302791494381,0.02197375600398286,0.03386599469983585,0.03428943950564891,0.029000666352264073,True
2013-07-03 23:00:00+00:00,0.058785627,0.119027435,0.148203274,,0.283313183,0.050460168,0.022699503,0.036851178,0.036983194,0.030307753,False
2013-07-03 23:30:00+00:00,0.055640142636489046,0.10066014967433108,0.13119644900247032,,0.28504922823478485,0.0484561807867686,0.01990001646521612,0.03534334531515407,0.034338161782158406,0.025198286535691478,True
2013-07-04 00:00:00+00:00,0.048625827,0.068331993,0.10160019,,0.286660294,0.043972135,0.015047485,0.033789157,0.029655288,0.016616574,False
2013-07-04 00:30:00+00:00,0.030463367863510962,0.0312277623321526,0.06792027249752967,,0.2924640476112207,0.032200961713231405,0.00959054653478388,0.03371817618484593,0.02404470421784159,0.007834156464308519,True
2013-07-04 01:00:00+00:00,0.01616974,0.006176738,0.046829789,,0.305535131,0.022909847,0.006186653,0.033693551,0.020471962,0.002523985,False
2013-07-04 01:30:00+00:00,0.03315123562475159,0.003190482493516319,0.058288891794639114,,0.3679987298740455,0.13641562597291565,0.01622462427952435,0.07512899541907045,0.04131212573127879,0.02455321005440087,True
2013-07-04 02:00:00+00:00,0.081840496,0.002111892,0.09178884,,0.524608477,0.447575227,0.045326432,0.190065975,0.100935494,0.087536057,False
2013-07-04 02:30:00+00:00,0.756927434657623,0.12592786753054802,0.9062626924008956,,1.8963099222930964,2.7315131646702913,0.5729958198460017,1.1382957074872575,0.8833603831912737,0.9085265832543945,True
2013-07-04 03:00:00+00:00,1.928460233,0.390201324,2.350691209,,3.886196324,6.165777459,1.519785151,2.643514445,2.255233879,2.330205866,False
2013-07-04 03:30:00+00:00,2.9753562106147284,0.7539687454045156,3.6699390734780013,,5.0893750803398365,8.624213257286312,2.407079629915991,3.813586291542228,3.5160573088864835,3.6440136474016644,True
2013-07-04 04:00:00+00:00,4.396595108,1.407422383,5.435363313,,6.411553093,11.26664204,3.680271506,5.237926778,5.270039793,5.330027443,False
2013-07-04 04:30:00+00:00,8.134282963165276,4.390836998745749,9.797791738826465,,9.338260095961466,15.727638600163546,7.146482192853047,8.058640892277495,10.007820116783034,8.860635533603293,True
2013-07-04 05:00:00+00:00,11.11456475,6.983679432,13.06204828,,11.430604,18.93939732,10.63062376,10.80332113,14.028252,11.58717531,False
2013-07-04 05:30:00+00:00,11.338750537937623,7.043606422819186,13.017359761649741,,11.439100886654519,19.38599532640694,12.162893698605437,12.34773934677395,14.675384232407929,11.916922779186246,True
2013-07-04 06:00:00+00:00,11.41784585,7.063961899,12.89101229,,11.4419417,19.54985801,12.85315158,13.08343226,14.91847404,12.03689017,False
2013-07-04 06:30:00+00:00,10.134769170129282,6.469295730365857,11.287844416898487,,11.017585763921984,18.183067887284132,12.577860074764327,12.368800601280746,13.094097040822973,11.394800443124366,True
2013-07-04 07:00:00+00:00,8.485209191,5.60214018,9.271818458,,10.16398623,16.46485538,11.94252551,11.24331085,10.50629274,10.29934294,False
2013-07-04 07:30:00+00:00,7.96936045259886,5.168724903226206,8.552490420595902,,8.94888091414087,16.02709230117038,10.354639361257084,10.492355402216264,9.2487869729668,9.259682058186824,True
2013-07-04 08:00:00+00:00,7.508005948,4.733221694,7.910872215,,7.548512129,15.55463948,8.50109924,9.758580108,8.171458582,8.403009643,False
2013-07-04 08:30:00+00:00,6.73485947664536,4.049943327408407,6.906668137748349,,6.351178961202993,13.320033381952724,7.531319814266442,8.988013065668554,7.005041273859717,8.040921737277579,True
2013-07-04 09:00:00+00:00,5.781759902,3.240962338,5.759467076,,5.230050208,10.46091958,6.534653087,8.082277251,5.840290455,7.64653448,False
2013-07-04 09:30:00+00:00,4.658127438707182,2.315384006461904,4.585442086843988,,4.209807238956458,8.77715675755681,4.558207635479524,6.752796701338806,4.666055261643345,6.348580908781215,True
2013-07-04 10:00:00+00:00,3.493890757,1.513849635,3.424965424,,3.220101256,7.110001791,2.653462574,5.216148143,3.518771082,4.616198835,False
2013-07-04 10:30:00+00:00,2.4110012939849614,1.0413009753734097,2.3010124433144905,,2.100972245697792,4.515121651431395,1.6626869940897042,3.609357693971835,2.365005062654619,3.050391986901647,True
2013-07-04 11:00:00+00:00,1.501054656,0.701532056,1.371429886,,1.167476585,2.222090035,0.995374398,2.189803239,1.394481365,1.745365967,False
2013-07-04 11:30:00+00:00,0.8064658280232095,0.4302260338880843,0.7007824345366467,,0.5682207040831844,0.9603691878932075,0.5271723766699877,1.125931403210692,0.6795135046616964,0.8451618719405969,True
2013-07-04 12:00:00+00:00,0.37571757,0.257942827,0.300710989,,0.228488367,0.290791656,0.248681991,0.467691558,0.252339145,0.31958407,False
2013-07-04 12:30:00+00:00,0.2166104501742107,0.1807804012717514,0.16418627041239797,,0.12494139149671736,0.12920450571135492,0.1396688058053337,0.23886545279492274,0.11260833289085025,0.15011147278777537,True
2013-07-04 13:00:00+00:00,0.144909334,0.146812614,0.108970988,,0.084003189,0.067637492,0.083263347,0.1243129,0.056474121,0.082338918,False
2013-07-04 13:30:00+00:00,0.13172143523693575,0.14492619200438156,0.10962880886130097,,0.08801045429731595,0.10572151568263591,0.05723769316759802,0.0751658255181824,0.058641500875641024,0.08379171050938769,True
2013-07-04 14:00:00+00:00,0.126890525,0.144278553,0.111595201,,0.099635744,0.209307508,0.046313637,0.054891934,0.065025902,0.088110968,False
2013-07-04 14:30:00+00:00,0.36050889723513496,0.531157683,0.5979289111386991,,0.3750840746318124,1.0523069551150397,0.09851661065631884,0.23304061382675262,0.37343219462435895,0.4506350250872904,True
2013-07-04 15:00:00+00:00,0.656383365,0.918036813,1.08295405,,0.700328438,1.949340594,0.161151873,0.456146521,0.677621466,0.933988438,False
2013-07-04 15:30:00+00:00,0.7689082817648651,0.8956015743841621,1.0657901704514976,,0.8000186295708718,2.147684497702324,0.17911654334368118,0.5365659261732474,0.6485216448462556,1.170663391903322,True
2013-07-04 16:00:00+00:00,0.819177103,0.841953368,1.021961964,,0.842294764,2.226492241,0.186648925,0.572028104,0.581812632,1.283642525,False
2013-07-04 16:30:00+00:00,0.7375594152943827,0.6684506669001312,0.8244143508720608,,0.7523265617564495,2.1624186810363812,0.16997326868865154,0.48980618881596283,0.4056152698514872,1.217182973470925,True
2013-07-04 17:00:00+00:00,0.609067694,0.494190092,0.597527356,,0.636427314,2.080730334,0.147361076,0.368675172,0.231816134,1.11006668,False
2013-07-04 17:30:00+00:00,0.5233173237453406,0.4498726017145328,0.5119266538596762,,0.5940556745232568,2.0565603308126654,0.1383042684826867,0.2937037398091267,0.17771947170407795,1.0349015038402989,True
2013-07-04 18:00:00+00:00,0.439790246,0.415843096,0.445364466,,0.567100399,2.034272164,0.130345891,0.242617945,0.14365565,0.957089274,False
2013-07-04 18:30:00+00:00,0.339853766007414,0.3679378208096453,0.3714190531589363,,0.5520755698356847,1.9990980058706143,0.12054576831904168,0.22177650791764916,0.11815553427645828,0.866149558156114,True
2013-07-04 19:00:00+00:00,0.250774373,0.318717627,0.301569222,,0.536914586,1.93676536,0.107911885,0.203167672,0.097357629,0.757465323,False
2013-07-04 19:30:00+00:00,0.1891417642485697,0.2715260832522484,0.2333749519379743,,0.5031143098729705,1.5973679162648098,0.08386308943759715,0.16690710022475813,0.07566984513732412,0.5900185442181355,True
2013-07-04 20:00:00+00:00,0.145567875,0.231345308,0.180464045,,0.464537489,1.223317206,0.059363477,0.130398254,0.059086468,0.443080519,False
2013-07-04 20:30:00+00:00,0.1187432045385862,0.2027477442524482,0.14688656671985473,,0.4331838592511147,1.0854613750155295,0.04516496410765109,0.10675455083537039,0.04893294518439673,0.376435925657669,True
2013-07-04 21:00:00+00:00,0.10066706,0.180916982,0.130895338,,0.410754914,1.025150249,0.034948229,0.089754552,0.04415093,0.333824525,False
2013-07-04 21:30:00+00:00,0.08703108966570672,0.1637690164184679,0.13090899137829515,,0.3998904029625908,1.0266448581063443,0.027155921446898518,0.07838534715302556,0.04433625328103827,0.30627903695740366,True
2013-07-04 22:00:00+00:00,0.080381528,0.151846032,0.130949742,,0.393601607,1.03105808,0.022415096,0.071089732,0.044770767,0.286517529,False
2013-07-04 22:30:00+00:00,0.08283478288325279,0.14433882726836403,0.13643986066913205,,0.3910902662715715,1.276729088393656,0.020551713017473317,0.06741576569466194,0.04581195645964577,0.27176650990306045,True
2013-07-04 23:00:00+00:00,0.088494365,0.140826847,0.14502235,,0.38863082,1.519481484,0.019777754,0.064908093,0.047314195,0.25888194,False
2013-07-04 23:30:00+00:00,0.1053973036167472,0.18244609526190744,0.15218597545257279,,0.38305371035184116,1.2306739694932878,0.0201912085,0.06316756070208032,0.04927797475931598,0.24605613252387568,True
2013-07-05 00:00:00+00:00,0.119093915,0.241223051,0.156230133,,0.373358728,0.843648689,0.020604663,0.061217035,0.050531515,0.231666791,False
2013-07-05 00:30:00+00:00,0.10883997249008362,0.27302072080300277,0.13275667237576055,,0.3425106896745205,0.6560767975067123,0.018267955222844533,0.05528379484736508,0.049077330999999995,0.2110927270017255,True
2013-07-05 01:00:00+00:00,0.095316545,0.293358285,0.102598035,,0.317655611,0.566722672,0.014196047,0.050716098,0.047623147,0.187500877,False
2013-07-05 01:30:00+00:00,0.0891721175099164,0.30013948878013536,0.09035021762423948,,0.32203144222091046,0.5670386537075656,0.009543756777155465,0.056830990863067324,0.04847240196213588,0.15805730977079266,True
2013-07-05 02:00:00+00:00,0.086297175,0.307940788,0.084787577,,0.334478963,0.567984727,0.006626667,0.072886586,0.05091668,0.140051002,False
2013-07-05 02:30:00+00:00,0.10626257811314113,0.369607282054482,0.11527548301669525,,0.4711761166576874,0.8389316861908368,0.016681217794045345,0.13921468816595386,0.08203957526523362,0.18448129106524738,True
2013-07-05 03:00:00+00:00,0.15185522,0.478736927,0.189418866,,0.733885698,1.417645352,0.042741015,0.265444197,0.152441873,0.290801376,False
2013-07-05 03:30:00+00:00,0.22921466562403403,0.6009250596496281,0.3632106024367213,,1.0493933649291585,2.265322579626743,0.12968909552383906,0.448819994596078,0.29152950319264115,0.525181307631311,True
2013-07-05 04:00:00+00:00,0.386771674,0.775172013,0.716860028,,1.550019672,3.668136698,0.324436647,0.774154868,0.572113414,0.982654492,False
2013-07-05 04:30:00+00:00,1.2188322390047472,1.0693404401052269,1.92398215085832,,2.8887568027500645,7.188714826399097,1.1425317992158188,1.8445754824000193,1.6697818880294635,2.3448156992087195,True
2013-07-05 05:00:00+00:00,2.523716392,1.525404512,3.648907371,,4.481595358,11.09376186,2.370734028,3.306117577,3.358773381,4.217886794,False
2013-07-05 05:30:00+00:00,3.7624389650077283,2.36283131000588,5.1151139656644915,,5.4695569658825445,13.090823221269067,3.412770544971785,4.455220130335929,5.005793840647633,5.831702697580164,True
2013-07-05 06:00:00+00:00,5.048173537,3.405775299,6.648151419,,6.364749833,14.85356465,4.603890017,5.608444246,6.83826849,7.351421894,False
2013-07-05 06:30:00+00:00,6.60160362125035,4.597134826839738,8.804877490523772,,7.586406305559633,17.560339295806692,6.704258184994512,7.196256963638953,9.455526292402894,8.973520026014558,True
2013-07-05 07:00:00+00:00,7.529373317,5.31484185,10.15345644,,8.327527337,19.25343128,8.121631604,8.177025454,11.11363618,9.893821929,False
2013-07-05 07:30:00+00:00,7.183447368544258,4.957608853449784,9.510963715961752,,7.806083476316271,18.185873333206015,7.800851188494214,7.9011975107948125,10.310292325930293,9.579624112906371,True
2013-07-05 08:00:00+00:00,6.469385525,4.301878501,8.288062936,,6.85804947,16.12326136,7.119308353,7.317254976,8.814227748,8.884472559,False
2013-07-05 08:30:00+00:00,5.373307835790073,3.6054965859456534,6.839407988395108,,5.908370399878349,13.625948672371273,5.974156387877779,6.377482758894761,7.13517357420879,7.529978256733317,True
2013-07-05 09:00:00+00:00,4.058509619,2.848081968,5.214761325,,4.82375694,10.65919266,4.543791203,5.14178958,5.328657917,5.776547636,False
2013-07-05 09:30:00+00:00,2.8205942690519583,2.088055656582882,3.6098282397559047,,3.5272784038940626,7.305390602013358,3.138771328142509,3.725326091672364,3.6313895161954215,4.117149707552664,True
2013-07-05 10:00:00+00:00,1.771279981,1.425303562,2.235406558,,2.316621978,4.346071903,1.951448454,2.425092864,2.230030163,2.645264662,False
2013-07-05 10:30:00+00:00,1.0313218397858044,0.9465680814447983,1.250903575542255,,1.4123398224999713,2.3835375450207374,1.1799831984387388,1.526096000472602,1.2701766599021296,1.5066210696389906,True
2013-07-05 11:00:00+00:00,0.549183106,0.59452148,0.609731237,,0.783386653,1.108603717,0.67220624,0.902802825,0.645188375,0.739409766,False
2013-07-05 11:30:00+00:00,0.3069183636762963,0.3381978817904498,0.29831520100635533,,0.4344780539386456,0.4367428985339372,0.3910167524390213,0.5383799942822926,0.3226840299898295,0.3631888693658422,True
2013-07-05 12:00:00+00:00,0.184495926,0.192030728,0.138861755,,0.240829886,0.107203767,0.228969867,0.314725177,0.147385435,0.164138016,False
2013-07-05 12:30:00+00:00,0.153000515741267,0.15378339513536354,0.09184094828524397,,0.16878200355214198,0.046945871161405736,0.1573881688874487,0.19841661459928314,0.07961970379174026,0.0971818403360332,True
2013-07-05 13:00:00+00:00,0.138064752,0.133865363,0.068532021,,0.132606566,0.020040964,0.114625539,0.126360988,0.045748046,0.060872524,False
2013-07-05 13:30:00+00:00,0.13264927634922455,0.12287977181952231,0.058103131934736006,,0.11684275892055887,0.009199449385573401,0.0867080877464506,0.08026013266444246,0.03296153770897659,0.03989014676718587,True
2013-07-05 14:00:00+00:00,0.128299998,0.115144718,0.051414981,,0.110319515,0.004098243,0.067727895,0.050341371,0.025884391,0.025664737,False
2013-07-05 14:30:00+00:00,0.12052077257577788,0.10787265734719258,0.04502373876689564,,0.11098803557096391,0.0024575488077038595,0.05433051120972449,0.03150048553634832,0.021428755606628082,0.01350328673387475,True
2013-07-05 15:00:00+00:00,0.113163517,0.102175921,0.041483195,,0.112602112,0.001815333,0.044836495,0.019781932,0.018844939,0.00569574,False
2013-07-05 15:30:00+00:00,0.1096017500676148,0.09894247969956399,0.04102724835174762,,0.11609538877332491,0.0038393970706787272,0.0372805777641136,0.012877971083093718,0.017565317166192994,0.002159399465719527,True
2013-07-05 16:00:00+00:00,0.105490902,0.095259638,0.04086312,,0.123628442,0.008283088,0.033512706,0.00975024,0.017012633,0.00064017,False
2013-07-05 16:30:00+00:00,0.09152613588767926,0.08489602311723607,0.05084712802445283,,0.1650293920269962,0.017123745502129355,0.034555083463630676,0.021993105209340953,0.017972321718769873,0.005277952562143109,True
2013-07-05 17:00:00+00:00,0.073461798,0.070429227,0.066850004,,0.227771138,0.027502666,0.036617947,0.041616062,0.019736526,0.012032293,False
2013-07-05 17:30:00+00:00,0.05781719663252521,0.05540386893728826,0.08047967398478602,,0.2907984114475159,0.03492222104779946,0.040105685036369326,0.059054362790659044,0.021804936126562733,0.01645864893785689,True
2013-07-05 18:00:00+00:00,0.047335797,0.040281944,0.089275979,,0.334263683,0.040961677,0.042572937,0.069112572,0.023667801,0.018768447,False
2013-07-05 18:30:00+00:00,0.04391484389752106,0.024089542230264386,0.09061020774039522,,0.3426236445760906,0.0450466041857379,0.040350135499999995,0.068534186,0.02444907007375106,0.0186246075,True
2013-07-05 19:00:00+00:00,0.042525177,0.014801645,0.091927298,,0.34976058,0.049318348,0.038127334,0.0679558,0.025390764,0.018480768,False
2013-07-05 19:30:00+00:00,0.0477340440001964,0.021010293799728685,0.10055783995778987,,0.36839380480737793,0.0575274927726931,0.03930373040758333,0.0709656047133568,0.03062674212634966,0.02152217393639248,True
2013-07-05 20:00:00+00:00,0.057081596,0.031346654,0.111620912,,0.388662397,0.065660185,0.041532808,0.075205358,0.038207462,0.025837589,False
2013-07-05 20:30:00+00:00,0.06672111376104682,0.03969236171040191,0.11777736669149495,,0.40042058227779287,0.06975247337718683,0.044530687807022684,0.07700258822973159,0.04425227015556184,0.027642047213830276,True
2013-07-05 21:00:00+00:00,0.076270627,0.047823477,0.122974678,,0.411407028,0.073672456,0.047047532,0.078928621,0.050248089,0.029735714,False
2013-07-05 21:30:00+00:00,0.08284623224644053,0.0545211060367516,0.12698044276430331,,0.4251803724646729,0.0797935837699712,0.04774675064928525,0.0831754250480046,0.056225230996506184,0.036183447478844936,True
2013-07-05 22:00:00+00:00,0.090279384,0.062730161,0.132856893,,0.440731761,0.08719849,0.048489836,0.088988643,0.062654104,0.045528639,False
2013-07-05 22:30:00+00:00,0.10653265684068944,0.08326045300051338,0.17009856185616726,,0.46203346665898637,0.09776977477380343,0.05299940063610875,0.09731541031301114,0.07134550295933509,0.058010939870932324,True
2013-07-05 23:00:00+00:00,0.123036857,0.102587265,0.236882795,,0.477764574,0.104541432,0.056893453,0.102969345,0.078790717,0.066032565,False
2013-07-05 23:30:00+00:00,0.13314268565162682,0.11005318695260444,0.35254633648061057,,0.48211186839627823,0.1031711275,0.056893453,0.10335729319589587,0.08306176384316358,0.063220659,True
2013-07-06 00:00:00+00:00,0.13809136,0.113298044,0.434154877,,0.483846989,0.101800823,0.056893453,0.103492909,0.085072117,0.060408753,False
2013-07-06 00:30:00+00:00,0.114730457,0.0580973885,0.39888356799999997,,0.455139974,0.2314350205386059,0.0426171595,0.10201316999999999,0.07506047800000001,0.06786697600944937,True
2013-07-06 01:00:00+00:00,0.091369554,0.002896733,0.363612259,,0.426432959,0.585151173,0.028340866,0.100533431,0.065048839,0.089964709,False
2013-07-06 01:30:00+00:00,0.5407824959594153,0.40162332562187714,0.9315869549614095,,1.2064361750581702,2.8637775028796786,0.4310196458865695,0.7877887423366507,0.546661755787279,1.1169097992431787,True
2013-07-06 02:00:00+00:00,1.555147903,1.252590304,2.236140209,,2.830285872,6.741505204,1.360247544,2.240095008,1.661940353,3.214763607,False
2013-07-06 02:30:00+00:00,3.7907691416731084,2.8419063821571546,5.3812855605122625,,5.707762985894324,11.714333911890673,3.542585540971441,4.785810556138072,4.331693790548465,6.854738973474797,True
2013-07-06 03:00:00+00:00,6.508912653,4.526871579,9.143324312,,8.495173493,15.68510557,6.391044194,7.611651852,7.802824426,10.32834485,False
2013-07-06 03:30:00+00:00,8.734817975710865,5.421144001708692,12.04580919502633,,9.700963955433245,17.10148646319104,8.800656981215065,9.540813016360243,10.856826761522772,12.027436638772574,True
2013-07-06 04:00:00+00:00,10.13904817,6.173823591,13.59482212,,10.54941526,17.69674108,10.92718209,11.03370487,13.19137554,12.80734969,False
2013-07-06 04:30:00+00:00,10.509828679656614,7.178966493012276,13.515809615182642,,11.39327592811426,17.334199648475888,12.900570762926924,12.283479875665032,14.523551475641483,12.804931530032382,True
2013-07-06 05:00:00+00:00,10.65480958,7.777812724,13.30653765,,11.84069588,16.65816922,13.96437734,12.92434749,15.14013809,12.79773426,False
2013-07-06 05:30:00+00:00,9.84282140274423,7.384555681157844,12.16375583460093,,11.414333182129335,15.951707174202102,12.838875854456033,12.50177473135235,13.552102913808042,12.166035477969496,True
2013-07-06 06:00:00+00:00,8.57807076,6.7129168,10.60161875,,10.58560103,15.07612013,11.15859429,11.63859965,11.181056,11.19125629,False
2013-07-06 06:30:00+00:00,7.548873408755769,6.095518721741519,9.440223022948231,,9.468917532163681,13.59698415232201,10.034297067327735,10.01794497314765,9.574422238804267,10.403740844498124,True
2013-07-06 07:00:00+00:00,6.972438523,5.546103686,8.749874282,,8.34287796,12.60046217,9.323231085,8.837892619,8.59022289,9.964084915,False
2013-07-06 07:30:00+00:00,7.167699603,5.211002712368459,8.664434810718225,,7.663519132814012,14.237484990000002,9.158065406844907,9.0405531645,8.403645561191974,10.609420957500001,True
2013-07-06 08:00:00+00:00,7.362960683,4.887950962,8.578168141,,7.041666729,15.87450781,8.988502876,9.24321371,8.223625543,11.254757,False
2013-07-06 08:30:00+00:00,6.857054145619724,4.4452817069291655,7.756629618519205,,6.309928250253382,13.500032356908347,8.118687683257265,9.06163924155993,7.416342724286355,11.102156070189103,True
2013-07-06 09:00:00+00:00,5.922018718,3.889346835,6.467247171,,5.486555879,10.33488239,6.707655117,8.644998191,6.295144838,10.70587442,False
2013-07-06 09:30:00+00:00,4.934443141103948,3.0803837335304594,5.365940680592371,,4.478653243630874,9.213596064605829,4.946589095090957,7.784311164389855,5.434573625923123,8.971417186310601,True
2013-07-06 10:00:00+00:00,3.799600287,2.231371467,4.194266332,,3.396276227,8.121777391,3.249790935,6.44921599,4.476901448,6.357707135,False
2013-07-06 10:30:00+00:00,2.4249490820880397,1.5584607175519094,2.741260862688481,,2.2748390606370155,5.760993700521804,2.1250671936615095,4.4214388972198275,2.92347190747833,3.7595760150987387,True
2013-07-06 11:00:00+00:00,1.276248545,1.009870649,1.488827199,,1.323860188,3.243676935,1.302399275,2.438437604,1.491095244,1.712601881,False
2013-07-06 11:30:00+00:00,0.650585806458404,0.5524532327196621,0.7211932588672463,,0.6503617172103128,1.3680508886868996,0.7069409023016918,1.1812929877276421,0.6763947162620018,0.7048619626953108,True
2013-07-06 12:00:00+00:00,0.305805406,0.285573297,0.28301219,,0.267422519,0.30093236,0.345374291,0.449939457,0.227273605,0.195581912,False
2013-07-06 12:30:00+00:00,0.19987725851894889,0.23140492107384197,0.145930190410775,,0.173817330737379,0.1383971791994603,0.2090475702206041,0.23625376776643658,0.10640101551228298,0.08359842437427326,True
2013-07-06 13:00:00+00:00,0.14339538,0.203633097,0.07807811,,0.133799327,0.064948437,0.132865332,0.12700636,0.04825446,0.033258558,False
2013-07-06 13:30:00+00:00,0.11044100829358172,0.18726103909791367,0.04837943317139091,,0.1246793064240074,0.033032834143799816,0.08824580315786407,0.07073064150776638,0.022921457691033844,0.014737062852955733,True
2013-07-06 14:00:00+00:00,0.089912231,0.175722257,0.033365744,,0.121281914,0.016360569,0.061174831,0.039355753,0.010240892,0.005990626,False
2013-07-06 14:30:00+00:00,0.07717665228256299,0.16490777970731876,0.027145469800503138,,0.12317059523500042,0.008259737111079565,0.046078760089653704,0.023840799969805693,0.005613209647647481,0.0028366624790171703,True
2013-07-06 15:00:00+00:00,0.068319114,0.157147245,0.024592337,,0.126614125,0.004076241,0.03622377,0.014872704,0.003044957,0.001580704,False
2013-07-06 15:30:00+00:00,0.060516983634791396,0.1536108201777239,0.02486873678325625,,0.13112191076499957,0.0024100198227792057,0.02829993959178055,0.009349424858735864,0.0012417553949410432,0.0016903804624762671,True
2013-07-06 16:00:00+00:00,0.056528111,0.150221383,0.025545361,,0.134074848,0.001729106,0.024389608,0.006848022,0.000404408,0.001997286,False
2013-07-06 16:30:00+00:00,0.060756746148721286,0.1425969534402485,0.02746412150483461,,0.12995988325809588,0.0021468714520510032,0.0304466973362589,0.009167468617609179,0.001645635126458707,0.0047193232439085115,True
2013-07-06 17:00:00+00:00,0.06845295,0.135093109,0.030545173,,0.124435544,0.002962236,0.041536991,0.01350798,0.003835724,0.009424753,False
2013-07-06 17:30:00+00:00,0.07847384285127872,0.13075320100393578,0.03435262951876278,,0.12173902624190412,0.003909107102399442,0.0562420686637411,0.018897853505725107,0.005863726107496342,0.014996914345461566,True
2013-07-06 18:00:00+00:00,0.085027167,0.128668143,0.038879248,,0.120451883,0.005201358,0.065913942,0.02379147,0.00808176,0.01998921,False
2013-07-06 18:30:00+00:00,0.084042546,0.128668143,0.043686724620317315,,0.1285109426611361,0.007106317297297314,0.06314868254427346,0.02607088870961622,0.010496866099890758,0.022213400585045496,True
2013-07-06 19:00:00+00:00,0.083057925,0.128668143,0.04896521,,0.142990455,0.009619041,0.06028611,0.028126725,0.012995552,0.024582784,False
2013-07-06 19:30:00+00:00,0.0861069595084325,0.128668143,0.054610835849073405,,0.15702703557028222,0.01267758486513417,0.060136654455726544,0.03109351440279247,0.015194058554347047,0.030789593541737267,True
2013-07-06 20:00:00+00:00,0.09197094,0.128668143,0.061087443,,0.172834301,0.016572972,0.060084512,0.034637724,0.017861778,0.039142674,False
2013-07-06 20:30:00+00:00,0.09902877518409531,0.1350903383296235,0.06924764016772912,,0.19038792162053092,0.021913246919667433,0.06488386861819857,0.03863338721377865,0.022988717558998093,0.04787451255013187,True
2013-07-06 21:00:00+00:00,0.107254958,0.146275973,0.078622436,,0.209153249,0.028371153,0.071214394,0.043521643,0.028964867,0.055870798,False
2013-07-06 21:30:00+00:00,0.11607284641185586,0.1562141957000948,0.08951318297708856,,0.22838197436080493,0.03624224831702326,0.07400549969489494,0.049863502922770316,0.033883980095287515,0.06129756938063053,True
2013-07-06 22:00:00+00:00,0.123894878,0.167034378,0.099819886,,0.248152433,0.043404873,0.075439156,0.058257466,0.038335538,0.066011205,False
2013-07-06 22:30:00+00:00,0.13004968339561632,0.18223501797028174,0.10892290307893794,,0.2706859277655362,0.048670510046427376,0.07571530168690649,0.0734305421125584,0.04309131945752153,0.0719496593906085,True
2013-07-06 23:00:00+00:00,0.133217052,0.191790259,0.113811698,,0.288741635,0.0513394,0.075817728,0.086189846,0.04577376,0.075444583,False
2013-07-06 23:30:00+00:00,0.12997158697742325,0.16956286203808313,0.10992044747106626,,0.2989573430217096,0.047926195500000005,0.07451524384135863,0.08939606031473703,0.04363628771640641,0.066061489,True
2013-07-07 00:00:00+00:00,0.121960266,0.125918591,0.100704654,,0.303706261,0.044512991,0.071113143,0.09201378,0.03983774,0.056678395,False
2013-07-07 00:30:00+00:00,0.08847825602257675,0.05397349596191688,0.06964929552893376,,0.295110655,0.31439276506773983,0.050516895158641384,0.09536771009159892,0.03523494878359359,0.08386478920986412,True
2013-07-07 01:00:00+00:00,0.059762102,0.003445275,0.04391848,,0.286515049,1.021355177,0.032020264,0.101735926,0.032293233,0.162801409,False
2013-07-07 01:30:00+00:00,0.6264838237323078,0.5159978489926533,0.6804552408830562,,1.0017638673948317,4.954620936866904,0.4242196768972021,0.7109985833968083,0.47690794049150714,1.7602547789544702,True
2013-07-07 02:00:00+00:00,1.709218336,1.279439086,1.953937486,,2.363730729,9.337942778,1.239035621,1.930012513,1.410922339,4.350986974,False
2013-07-07 02:30:00+00:00,2.934384262666597,1.6682458035853334,3.6894763064882,,3.997564653675254,10.606274242080458,2.4485309535924697,3.7021570491495805,2.84746700062418,6.743670757795569,True
2013-07-07 03:00:00+00:00,4.46625837,2.106423237,5.77888438,,5.791666008,11.59340505,4.058989228,5.68106616,4.78586231,8.523064849,False
2013-07-07 03:30:00+00:00,6.636207901582516,3.058185649771601,7.89754717275222,,7.438108987556132,13.0531349416634,5.946464599069179,7.2037820626303875,7.086628079976679,9.08968083613558,True
2013-07-07 04:00:00+00:00,8.547364071,4.299338842,9.890833534,,8.841664204,14.21258593,8.019539157,8.603665007,9.590970016,9.611894373,False
2013-07-07 04:30:00+00:00,9.60862113001858,5.830657826881764,11.818105349876523,,9.942750133274302,14.669312210482683,10.508744426934621,10.074431203516234,12.565273240407635,11.148030430404518,True
2013-07-07 05:00:00+00:00,10.10595058,6.850707292,12.87993886,,10.63216739,15.01002759,12.13540537,11.28004022,14.34474996,12.29682958,False
2013-07-07 05:30:00+00:00,9.936704479678323,6.973409383268648,12.689156286636756,,10.892089763599481,15.466528579338817,12.366606616506528,12.137637424415805,13.82243331228679,12.276309376228513,True
2013-07-07 06:00:00+00:00,9.528281372,7.017730836,12.20675894,,10.9995831,15.73338131,12.45117353,12.56187356,12.70231656,12.21716379,False
2013-07-07 06:30:00+00:00,8.300647132953005,6.485303403690701,10.20092956364364,,9.853928016937656,14.292516286881627,11.758074388772322,11.23327936083538,10.612963991671085,11.218052555237504,True
2013-07-07 07:00:00+00:00,6.745923752,5.526198863,7.841925261,,8.015758981,12.00378411,10.36844953,9.171289934,8.307625752,9.668849385,False
2013-07-07 07:30:00+00:00,5.507807798368673,4.3156419898093,6.604354123219603,,6.377067222562344,10.025073672618374,8.020968818070653,7.51202205416462,6.608292409542124,8.280130115033986,True
2013-07-07 08:00:00+00:00,4.835957994,3.531762225,6.011572685,,5.430889417,8.894230389,6.16161022,6.586149402,5.722744843,7.480128163,False
2013-07-07 08:30:00+00:00,5.46615574,3.674885538,6.766221509999999,,5.587545670500001,10.712372224500001,5.925049443635518,7.698801567500001,6.1166066605000005,8.7859465765,True
2013-07-07 09:00:00+00:00,6.096353486,3.818008851,7.520870335,,5.744201924,12.53051406,5.698964813,8.811453733,6.510468478,10.09176499,False
2013-07-07 09:30:00+00:00,5.517955783395741,3.0538011374677305,6.147705208426173,,4.827431221654273,11.065495614478516,4.508821211715939,8.09634971193337,5.729271640021461,9.058613633338503,True
2013-07-07 10:00:00+00:00,4.395845883,1.93961001,4.041416377,,3.32777377,8.390436987,2.956950857,6.669425023,4.305384842,7.077634425,False
2013-07-07 10:30:00+00:00,2.802591296151825,1.2975779787666417,2.600226541076212,,2.0609063699268497,5.284998147370893,1.8615130533268593,4.519761221006088,2.629480876312409,4.358846118690225,True
2013-07-07 11:00:00+00:00,1.379659124,0.823875828,1.507279799,,1.075347098,2.565240243,1.065566836,2.424527739,1.223555141,1.969112104,False
2013-07-07 11:30:00+00:00,0.7363453324893159,0.47519358513093846,0.8119071743948149,,0.5400323983159537,1.0492752379508556,0.612073802358097,1.2210207871254266,0.5809204779176593,0.8918237549024626,True
2013-07-07 12:00:00+00:00,0.387141498,0.285147086,0.401687351,,0.251608153,0.265668924,0.347774948,0.519788171,0.240306545,0.335922337,False
2013-07-07 12:30:00+00:00,0.26517432792823215,0.2535998046059279,0.24515169414059293,,0.16658453319352023,0.12916659429623314,0.23598979057969674,0.2773154002738353,0.13144934572908068,0.18813356910636234,True
2013-07-07 13:00:00+00:00,0.198435047,0.234810098,0.158328269,,0.125485167,0.065664369,0.170853414,0.149196502,0.075181034,0.114775201,False
2013-07-07 13:30:00+00:00,0.15949961020781603,0.2171556393889163,0.10923140728958997,,0.10738516491741068,0.03502674410480391,0.1302706723591568,0.08268678440109156,0.04587505005449404,0.07832029424087497,True
2013-07-07 14:00:00+00:00,0.133873561,0.200167044,0.078639771,,0.099526473,0.018749664,0.103772053,0.044680324,0.028809786,0.056833424,False
2013-07-07 14:30:00+00:00,0.11520479816897089,0.17721061384978556,0.05843853715599004,,0.09872064349199228,0.011414917288065972,0.08642337071700164,0.02429825053547659,0.01924813109100138,0.0435014365852444,True
2013-07-07 15:00:00+00:00,0.101672395,0.157152924,0.046267142,,0.098437417,0.007181684,0.074310132,0.0126484,0.013120775,0.034774768,False
2013-07-07 15:30:00+00:00,0.09228651675484724,0.1471999682843105,0.04009295001662651,,0.10001893715532474,0.004316657510632224,0.06655682926240734,0.006642391228772888,0.008392755873892934,0.029643350020459057,True
2013-07-07 16:00:00+00:00,0.084470272,0.137708112,0.037399272,,0.104167588,0.002990024,0.059171439,0.003603404,0.00609183,0.025015781,False
2013-07-07 16:30:00+00:00,0.07611117538296136,0.11966735820421985,0.04771705523346859,,0.1230624072578905,0.005800434132245118,0.04692118835265633,0.0026849144959402607,0.0065065786027666455,0.017922426254886274,True
2013-07-07 17:00:00+00:00,0.069257816,0.10295106,0.065556668,,0.153537819,0.011069831,0.035296249,0.002326063,0.00753998,0.01097089,False
2013-07-07 17:30:00+00:00,0.0641996115202902,0.09522396728432336,0.08546821426653141,,0.18903567915798838,0.017520276195648977,0.027574813817868672,0.0037819585657107167,0.011251857018087834,0.005116683860982273,True
2013-07-07 18:00:00+00:00,0.061672226,0.089263808,0.097857931,,0.219823323,0.02363731,0.023233673,0.006336357,0.016038209,0.001999684,False
2013-07-07 18:30:00+00:00,0.06171260555434962,0.08187942651720617,0.09648795258831475,,0.23354436559056374,0.026826393351810744,0.022221160531823294,0.008531454624962046,0.018767980114698612,0.0030627637322456543,True
2013-07-07 19:00:00+00:00,0.061831413,0.077638168,0.093530653,,0.246212837,0.030061569,0.021835229,0.011195286,0.021667576,0.004957391,False
2013-07-07 19:30:00+00:00,0.06564728127696154,0.07934321762534104,0.08677779791168526,,0.2673141861066651,0.03626895941023997,0.022284070744334382,0.015240075289566488,0.026851779490958034,0.006666383664786836,True
2013-07-07 20:00:00+00:00,0.072542298,0.08245163,0.081612264,,0.292217535,0.043470379,0.023303885,0.020027164,0.032686702,0.008756945,False
2013-07-07 20:30:00+00:00,0.08043161827053276,0.08651948987465896,0.08889924665035302,,0.3178356053564087,0.049275449549615054,0.025832831424968214,0.024713871585777317,0.037303519985762895,0.011982944994746733,True
2013-07-07 21:00:00+00:00,0.087930149,0.089183987,0.10049137,,0.344056171,0.055465781,0.028437243,0.029710753,0.041932185,0.015469576,False
2013-07-07 21:30:00+00:00,0.09201597837215042,0.0887060905,0.10781162396613077,,0.36890649224851096,0.06340762505973777,0.029244670139705668,0.035101834219115696,0.04702971263842462,0.01804172349657715,True
2013-07-07 22:00:00+00:00,0.096571047,0.088228194,0.116321265,,0.394550637,0.072874704,0.030165357,0.041127147,0.053065784,0.020724483,False
2013-07-07 22:30:00+00:00,0.11108171002600566,0.1045950065,0.1370360318835162,,0.42550384480844444,0.08687960406036302,0.03670734137218378,0.04969736628862785,0.06396168158886972,0.025507510111643622,True
2013-07-07 23:00:00+00:00,0.122356347,0.120961819,0.152256271,,0.453353828,0.09723096,0.042745354,0.056263418,0.071407344,0.028706178,False
2013-07-07 23:30:00+00:00,0.11921987950000001,0.108290703,0.1433264275,,0.46727578376919626,0.09874880269471342,0.04313977981880796,0.05764375030099361,0.07142118264424206,0.024356687499999998,True
2013-07-08 00:00:00+00:00,0.116083412,0.095619587,0.134396584,,0.485922971,0.10045261,0.04327848,0.059257377,0.07143504,0.020007197,False
2013-07-08 00:30:00+00:00,0.1288968507080464,0.10827358941042198,0.13870537638016944,,0.616972210453724,0.8039601138125797,0.0318863665,0.14583775293694326,0.1180717674595101,0.2161468613570774,True
2013-07-08 01:00:00+00:00,0.166318073,0.144928329,0.151548206,,0.944755131,2.443401147,0.020494253,0.378441181,0.248345211,0.728709783,False
2013-07-08 01:30:00+00:00,0.9854572131667777,0.8077356468260543,1.3498207340771216,,3.205361760975749,6.6314020524197606,0.038060279703300066,1.8360555318728917,1.301216242546539,3.1598240010636274,True
2013-07-08 02:00:00+00:00,2.592323662,1.955492776,3.655484162,,6.508847129,11.8333598,0.088640142,4.27405721,3.328491441,6.641222163,False
2013-07-08 02:30:00+00:00,5.0659118068302424,3.2732561630674866,6.807029264594005,,9.252613158677603,16.14875319231329,0.7909812659826791,7.1022024344381425,6.5421646547581505,9.59632679767553,True
2013-07-08 03:00:00+00:00,7.510936924,4.280534721,9.803070504,,11.08047596,18.5126476,2.212838288,9.632956748,10.08956815,11.72484859,False
2013-07-08 03:30:00+00:00,9.053223475794935,4.536018439559677,11.680165073948704,,11.566379132086785,17.37100940591956,4.647493029953809,11.114951912994545,13.151255600151991,12.680779219403766,True
2013-07-08 04:00:00+00:00,9.811737963,4.75918065,12.59683857,,11.87630066,15.97264882,7.376535275,12.04004527,14.82115804,13.09658549,False
2013-07-08 04:30:00+00:00,9.543351406526659,5.3856088996363605,12.122018376194761,,12.233676088855146,15.619536360444028,9.66097288086021,12.530943034382725,14.519747310591681,12.615876240884923,True
2013-07-08 05:00:00+00:00,9.019182834,5.845892938,11.24804988,,12.42811871,15.32911841,10.89849325,12.74824007,13.84564999,11.87635577,False
2013-07-08 05:30:00+00:00,8.254943975494427,5.651140911734694,10.175515700551388,,11.688090477771828,14.747204353253395,9.332684142,12.135932019865301,12.246449665923866,11.297468414115077,True
2013-07-08 06:00:00+00:00,7.576280543,5.312601846,9.292102718,,10.49490097,14.35162146,7.766875034,11.16708948,10.68612207,10.97739228,False
2013-07-08 06:30:00+00:00,7.3148006624616055,4.98239850377786,9.003443223995827,,9.616660928300771,14.339953235383017,7.9079911415,10.414105364389522,10.214074285572835,11.190173419999999,True
2013-07-08 07:00:00+00:00,7.130758721,4.688466412,8.757167102,,8.7886715,14.33598173,8.049107249,9.868283672,9.839624106,11.40295456,False
2013-07-08 07:30:00+00:00,6.996917585502613,4.540974861703208,8.403030012395687,,8.067144469136162,14.822439000000001,6.179667588700292,9.685796459861855,9.396454338172244,11.224305151794983,True
2013-07-08 08:00:00+00:00,6.812813188,4.360410772,7.858800608,,7.261679438,15.30889627,3.791130433,9.480296986,8.770524659,10.79170275,False
2013-07-08 08:30:00+00:00,5.65480735877785,3.533802388149876,6.336418843733469,,6.0200161390471125,11.862309843284791,3.0265552509073537,8.288405433382591,7.0814849420132955,9.63770715885976,True
2013-07-08 09:00:00+00:00,3.959994942,2.392757424,4.344443865,,4.574453289,6.809092011,2.418177096,6.385161694,4.894835319,7.787629189,False
2013-07-08 09:30:00+00:00,2.4872048689408937,1.4120172659102013,2.532105330890711,,2.9933246362040267,3.6593525819157,1.565422535373934,4.1380226150974275,2.890623261376281,5.075055928244336,True
2013-07-08 10:00:00+00:00,1.362175499,0.699625245,1.217560002,,1.731297266,1.642745507,0.878368518,2.264710048,1.416379518,2.617395741,False
2013-07-08 10:30:00+00:00,0.8079082778221384,0.39335024163651455,0.6831780800908098,,1.127021513760117,0.9014004173245758,0.5501754997332441,1.4454016628800608,0.7866347857177862,1.421362004884327,True
2013-07-08 11:00:00+00:00,0.469902357,0.220653332,0.382471198,,0.724897675,0.483201456,0.348164533,0.90946392,0.422129397,0.715832164,False
2013-07-08 11:30:00+00:00,0.27073746638880697,0.12775973279100475,0.22064214437829527,,0.4032055130284062,0.2195888384410421,0.2308164224763818,0.49031137483232434,0.21674669315840922,0.3798746487962696,True
2013-07-08 12:00:00+00:00,0.157054432,0.084202092,0.133616372,,0.21372814,0.077209183,0.154156081,0.228843916,0.100954188,0.194371434,False
2013-07-08 12:30:00+00:00,0.10888186253356924,0.07833838179664282,0.09972274060247585,,0.15295870657425914,0.03031912008788356,0.10079911786160985,0.11610551592949149,0.04893949137886868,0.10585541263961762,True
2013-07-08 13:00:00+00:00,0.0817893,0.076237391,0.082921434,,0.12643487,0.009215514,0.065901501,0.056205832,0.021686823,0.057638298,False
2013-07-08 13:30:00+00:00,0.06713246626334843,0.077093583,0.07715772037377223,,0.12165616717731678,0.0039933831501826065,0.046344276345183844,0.030749138691613144,0.01039876631438981,0.035471819000884725,True
2013-07-08 14:00:00+00:00,0.057243775,0.077949775,0.073519799,,0.119912096,0.001823715,0.033422846,0.016877833,0.004606465,0.022853269,False
2013-07-08 14:30:00+00:00,0.04864808451817646,0.07490336567356351,0.07020173635455856,,0.12303319681825656,0.0013790232958255984,0.024266116686791725,0.009146159644639674,0.001976672280343918,0.014991486170450964,True
2013-07-08 15:00:00+00:00,0.043100511,0.06930539,0.067474978,,0.129056866,0.001215373,0.017972195,0.005440803,0.000877315,0.011367729,False
2013-07-08 15:30:00+00:00,0.0413106960441799,0.06180109782643649,0.06564114808733636,,0.13845612468174345,0.003842613000000001,0.013837300517090013,0.004948839097162497,0.000995539,0.01128654162793837,True
2013-07-08 16:00:00+00:00,0.039489224,0.056848372,0.063221632,,0.144952815,0.006469853,0.01112553,0.004571718,0.001113763,0.011207028,False
2013-07-08 16:30:00+00:00,0.031515394181915006,0.0655873846508908,0.0522381200921721,,0.12182777870095891,0.0050661375,0.009579848326086783,0.0036792135435586766,0.0010051705,0.008928274981433913,True
2013-07-08 17:00:00+00:00,0.023671236,0.081134316,0.036568416,0.0,0.081936452,0.003662422,0.008499452,0.002845796,0.000896578,0.00672709,False
2013-07-08 17:30:00+00:00,0.02138718954381451,0.09824845748622069,0.020542117258736486,0.0007013597868447861,0.03771833029904109,0.003683360265637582,0.007491650072033593,0.0024173987844556596,0.001169443236302936,0.008367257568019931,True
2013-07-08 18:00:00+00:00,0.020443503,0.112124959,0.011036012,0.00225229,0.010266499,0.003745845,0.006967595,0.002218926,0.001890591,0.012612814,False
2013-07-08 18:30:00+00:00,0.023477519434840752,0.11688798392623394,0.030361282052203946,0.005002512079436076,0.022904823211250487,0.013200646156437124,0.007648534692991083,0.008248667835385703,0.005845098984175203,0.03378953225946431,True
2013-07-08 19:00:00+00:00,0.028231485,0.121403352,0.061175426,0.009170782,0.04584913,0.024747507,0.009099971,0.019589336,0.011035959,0.058052282,False
2013-07-08 19:30:00+00:00,0.03153691920671765,0.1347725414366546,0.08441293419615628,0.015214361273992658,0.06968910708906098,0.027997192079700937,0.011836007441711798,0.030486293365111307,0.013765711679065262,0.06667532735468037,True
2013-07-08 20:00:00+00:00,0.034392789,0.144819109,0.103591484,0.022336386,0.094840134,0.03010284,0.014656401,0.046929392,0.016370564,0.073239641,False
2013-07-08 20:30:00+00:00,0.03646340262432278,0.137015295,0.1156249392743533,0.02885334681764386,0.1159801731088316,0.031485968902266834,0.015828139002617442,0.08582787437484007,0.019674090175666573,0.07981970617732535,True
2013-07-08 21:00:00+00:00,0.038716585,0.129211481,0.126464552,0.035946677,0.139032503,0.033242156,0.017126002,0.152452682,0.023883027,0.087168213,False
2013-07-08 21:30:00+00:00,0.04266945195760289,0.13028138744792883,0.14181128894000813,0.0447304482740481,0.17832007765884525,0.04212333753651768,0.021566812682223834,0.30901108165279323,0.030589997720884284,0.09875362487629083,True
2013-07-08 22:00:00+00:00,0.047578032,0.132992831,0.153892528,0.054465852,0.208823856,0.053904382,0.026670597,0.439614069,0.038226998,0.111084614,False
2013-07-08 22:30:00+00:00,0.05406022627651593,0.14627101055207117,0.15916976053727835,0.06688872314353109,0.21535608502901304,0.06329201255943985,0.03000042618045585,0.4562136977127072,0.04635725790433666,0.1226934847642192,True
2013-07-08 23:00:00+00:00,0.058133754,0.157907653,0.161476418,0.075048048,0.219808768,0.068417153,0.031686303,0.467305503,0.051121549,0.129155648,False
2013-07-08 23:30:00+00:00,0.055669774396099755,0.15304338999518532,0.15260280027604042,0.07574245029934255,0.22420917825796208,0.06719918750000001,0.03166893595255724,0.4855236445591625,0.05115176885392967,0.12659634252755064,True
2013-07-09 00:00:00+00:00,0.050376045,0.142473374,0.134325999,0.076346093,0.230169929,0.065981222,0.031617309,0.496621629,0.051180226,0.121040097,False
2013-07-09 00:30:00+00:00,0.03849873710390025,0.11998351622815637,0.09902771672395957,0.0779329763646726,0.24423837787318067,0.07030138958694229,0.02661540704744277,0.48476725200000004,0.051407217898404876,0.10807810547244937,True
2013-07-09 01:00:00+00:00,0.029451179,0.098690549,0.073132618,0.081565469,0.276058504,0.082870074,0.021647765,0.472912875,0.052029698,0.098113054,False
2013-07-09 01:30:00+00:00,0.06694045629388991,0.09075770077665833,0.12876296169828833,0.17340631737269935,0.6165489909188263,0.3091324728149232,0.05962950795559499,0.5733135264243372,0.11016813711914747,0.1760023174997514,True
2013-07-09 02:00:00+00:00,0.161903872,0.087333715,0.267314905,0.383684224,1.319782566,0.793954589,0.15688076,0.804774399,0.251080627,0.362057689,False
2013-07-09 02:30:00+00:00,0.4879913114605033,0.21637503710420325,0.7081184428847744,0.8726171117975186,2.609370333130313,1.6722540888259059,0.5129756692183441,1.3180636963399932,0.639414744924145,0.8256521994481066,True
2013-07-09 03:00:00+00:00,1.03169631,0.465830685,1.403689228,1.59994543,4.2477386,2.93206573,1.117130473,2.052069212,1.265286104,1.561318911,False
2013-07-09 03:30:00+00:00,1.670846457762706,0.7353877187110952,2.131949536444929,2.363673098523025,5.7072348107098705,4.437533773595837,1.844808540921561,2.78014080954779,2.0057828278288246,2.4631873306510776,True
2013-07-09 04:00:00+00:00,2.528979841,1.127950452,3.068521074,3.357340384,7.187820314,6.226729534,2.825005112,3.665955877,3.010701121,3.639810523,False
2013-07-09 04:30:00+00:00,3.8671405913469217,1.9507450126971075,4.55191863869489,5.01542187733212,8.819056500465491,8.367334160563923,4.293807563389139,4.986098378507169,4.637219570875279,5.358959291492805,True
2013-07-09 05:00:00+00:00,5.434976089,2.966990518,6.242222263,6.936614282,10.28874828,10.5198298,6.076227361,6.430725977,6.562548145,7.182785083,False
2013-07-09 05:30:00+00:00,7.238892988635978,4.017731790987594,8.051324155277118,8.990657238935125,11.545664641047354,12.67664388261247,8.400778409515361,7.918843410180711,8.764542860799837,8.89264888040826,True
2013-07-09 06:00:00+00:00,8.319060208,4.631602094,9.107519912,10.19225181,12.20953453,13.88951886,9.851864205,8.772955837,10.08257166,9.842842573,False
2013-07-09 06:30:00+00:00,8.243827389998293,4.505108708606529,8.900648236913373,10.006600551886343,11.876748858803053,13.492720617255557,9.707314144395434,8.702358109187477,9.928971746937886,9.813440357155613,True
2013-07-09 07:00:00+00:00,8.052032032,4.2462855,8.450717932,9.596800457,11.23712368,12.69586682,9.385373706,8.531925313,9.567800533,9.731967715,False
2013-07-09 07:30:00+00:00,7.393511485713441,3.910054971279525,7.7281355900666835,8.911758809175753,10.576991573974324,11.732954881073905,8.846421963908497,8.132097243495298,8.769046846430282,9.171423700545812,True
2013-07-09 08:00:00+00:00,6.215888074,3.40109792,6.580118279,7.782782233,9.57363002,10.26904363,7.903839091,7.368333749,7.422798141,8.017296936,False
2013-07-09 08:30:00+00:00,4.091016837929293,2.2962975187547903,4.158307150624644,5.235859702054347,6.674123876424361,6.744129109230131,5.22052778671215,5.150216173586297,4.788175568981325,5.4226192720588475,True
2013-07-09 09:00:00+00:00,2.082934727,1.207500498,1.89325656,2.710419083,3.621416029,3.268391339,2.515256211,2.796098087,2.320589206,2.787369401,False
2013-07-09 09:30:00+00:00,1.2098656542721937,0.7213102597732869,1.0535943641128542,1.6257287632979986,2.2695934368947226,1.8468176406002403,1.5347421701129613,1.7985865067533455,1.354773037689427,1.6248717289801853,True
2013-07-09 10:00:00+00:00,0.69724662,0.422518537,0.583858199,0.974689505,1.420956299,1.016618822,0.961580369,1.169923487,0.792245425,0.926614693,False
2013-07-09 10:30:00+00:00,0.43989801278385043,0.2483523801884201,0.35493321592235133,0.6276891718839941,0.913343573519461,0.5887237680981829,0.6409543490030685,0.7818679265263906,0.48963807713356944,0.5638509535525459,True
2013-07-09 11:00:00+00:00,0.286464355,0.148148226,0.22182908,0.410302441,0.595698764,0.338775586,0.438626983,0.524882466,0.304958879,0.343521137,False
2013-07-09 11:30:00+00:00,0.19536116436962972,0.09960569489744864,0.14419122417595814,0.26590127654412976,0.4071260027127572,0.19870294938248811,0.3066650705032981,0.3486441293798178,0.1910460559627251,0.2062749989376647,True
2013-07-09 12:00:00+00:00,0.138053062,0.078755611,0.098533978,0.173777766,0.295296534,0.120492209,0.219015961,0.235623076,0.120842508,0.124717087,False
2013-07-09 12:30:00+00:00,0.1037154505515106,0.08002233911760898,0.07614064213014074,0.12190023716064878,0.24003623072761415,0.08748624238076758,0.16267463860652623,0.176116366096649,0.0827085206513984,0.08636791048535086,True
2013-07-09 13:00:00+00:00,0.080574081,0.083293245,0.06228824,0.089533379,0.209480645,0.069419282,0.124584682,0.137497503,0.05915145,0.063678179,False
2013-07-09 13:30:00+00:00,0.0637965800167835,0.09803568272018062,0.05225725309953292,0.06991831679761994,0.19428165244370796,0.06031889617628274,0.09929393121492229,0.11005530281264844,0.04420797358169879,0.04960246031114387,True
2013-07-09 14:00:00+00:00,0.052103157,0.117657859,0.046640719,0.05771064,0.187751939,0.05455915,0.081611297,0.091116658,0.035580996,0.041241148,False
2013-07-09 14:30:00+00:00,0.04414181886386477,0.12968148260397797,0.044902615454462634,0.05150908413144933,0.18829373067457214,0.049774187802446246,0.06867771652049656,0.07854545652583843,0.03175447913168823,0.037260616406490824,True
2013-07-09 15:00:00+00:00,0.039215487,0.140628742,0.044214699,0.04651315,0.189739275,0.047404048,0.060140935,0.070048621,0.030138677,0.034844633,False
2013-07-09 15:30:00+00:00,0.03672502150113978,0.15528024605823246,0.04573402376416835,0.03887255256771703,0.19609042824936304,0.04920821562302618,0.05504160502264386,0.06393082713623695,0.03029534339379679,0.033480493621541096,True
2013-07-09 16:00:00+00:00,0.035635434,0.164124198,0.049803068,0.034167813,0.209714287,0.053482794,0.052704077,0.060982326,0.030724904,0.032245029,False
2013-07-09 16:30:00+00:00,0.0460819375370468,0.15436168447055135,0.07274580330765869,0.05066332453339754,0.24759936931721865,0.06424995309608493,0.053378608999999994,0.06931029962764537,0.033762784008764694,0.030312708557863145,True
2013-07-09 17:00:00+00:00,0.06360683,0.136055919,0.108088596,0.07870791,0.299896802,0.07987646,0.054053141,0.082763814,0.03863705,0.028144021,False
2013-07-09 17:30:00+00:00,0.08147811946295319,0.10994862652944866,0.14551921636098575,0.10847265746660247,0.35466947442078267,0.09831116624492421,0.05339714135359082,0.0945544449304871,0.043618877282198786,0.02555084138693832,True
2013-07-09 18:00:00+00:00,0.09227102,0.092384586,0.169481989,0.126688331,0.390425418,0.112850168,0.052044803,0.102128596,0.047673761,0.023989553,False
2013-07-09 18:30:00+00:00,0.09120171770097603,0.095135705,0.17135358811414972,0.1204794195,0.394896078434871,0.11739289117255285,0.04942511664640918,0.10320435658611452,0.04931215783977683,0.0259198255,True
2013-07-09 19:00:00+00:00,0.089542228,0.097886824,0.17259619,0.114270508,0.39818167,0.121525203,0.047501769,0.104135105,0.050876511,0.027850098,False
2013-07-09 19:30:00+00:00,0.08820704079902397,0.09717918707680316,0.1749087109530375,0.11789098619569405,0.4037402008179287,0.13179054630568798,0.04786788051189049,0.10699906558479996,0.0540327678875813,0.027576978712203704,True
2013-07-09 20:00:00+00:00,0.087462041,0.096272009,0.1763683,0.123414302,0.410598053,0.141489211,0.048697649,0.110544108,0.058075283,0.027038878,False
2013-07-09 20:30:00+00:00,0.09000443860084423,0.09590719492319684,0.17401789750000002,0.12670769725754139,0.41915115359778155,0.1449113077355791,0.05099406498810951,0.11317380601216737,0.0625419426268037,0.026142110787796293,True
2013-07-09 21:00:00+00:00,0.094056903,0.095741922,0.171667495,0.129933136,0.428747722,0.148007562,0.052826824,0.115808402,0.067022197,0.025510325,False
2013-07-09 21:30:00+00:00,0.0969367606597285,0.0958677215,0.17373540746721292,0.1337038305608781,0.4386576757233631,0.15382496282426783,0.0520935,0.11878531504837644,0.07097676461376987,0.025510325,True
2013-07-09 22:00:00+00:00,0.099628617,0.095993521,0.177376106,0.138329755,0.448504597,0.160322044,0.051360176,0.122265772,0.074310003,0.025510325,False
2013-07-09 22:30:00+00:00,0.10280577673942727,0.09441073816636263,0.1816655375327871,0.14603085789429343,0.45968358526411907,0.16651980903898606,0.052577485,0.1276814159545963,0.07724232684730804,0.028477752000000002,True
2013-07-09 23:00:00+00:00,0.104660871,0.090589273,0.184382183,0.153306455,0.466195806,0.170665448,0.053794794,0.132158969,0.078787834,0.031445179,False
2013-07-09 23:30:00+00:00,0.10114779689246943,0.08075168198947898,0.1771454869998279,0.15623666597254438,0.4657929975,0.1714956118312765,0.05168442771897956,0.13332640237063642,0.07878372849999994,0.0288345795,True
2013-07-10 00:00:00+00:00,0.094647853,0.064483734,0.160815594,0.159799175,0.465390189,0.172443659,0.04695609,0.134714568,0.0787796229999999,0.02622398,False
2013-07-10 00:30:00+00:00,0.08575022910753058,0.0343367288441584,0.1164385365001721,0.17492219356227828,0.4746686066002569,0.2045797087563748,0.034476673781020435,0.1547443533635762,0.08476447076221962,0.04590106133911513,True
2013-07-10 01:00:00+00:00,0.079839475,0.012858763,0.081154676,0.21362209,0.502125542,0.296680619,0.024615229,0.210684539,0.102438567,0.103473629,False
2013-07-10 01:30:00+00:00,0.7631640500167658,0.5160126955968534,0.8000494716014652,1.3327794914297815,1.7949801984636171,2.505142820910688,0.028149419789301793,1.4119431091734886,0.7232452907895686,1.5199414333966415,True
2013-07-10 02:00:00+00:00,2.158162717,1.431428956,2.315190087,3.46921484,4.032464176,6.215550137,0.038617883,3.576766684,2.074684495,4.117267373,False
2013-07-10 02:30:00+00:00,4.259202848890597,2.385411748673599,4.83815555003997,6.330205823887035,6.262210818605927,9.852965507343322,0.49686090060810995,6.1687443622552465,4.732628959433366,7.33361575481891,True
2013-07-10 03:00:00+00:00,6.674636399,3.40037919,7.860692784,9.287315525,8.268756425,12.83849886,1.486665421,8.513498483,8.07974434,10.32403963,False
2013-07-10 03:30:00+00:00,9.068177479592638,4.422094097734837,10.941330842358566,11.45251028486223,9.57119824421649,14.550501498117228,3.337119014317766,9.704036357702135,11.271767911022328,12.280320982445334,True
2013-07-10 04:00:00+00:00,10.43565105,5.22304831,12.72615131,13.0358778,10.54159008,15.35159962,5.689629435,10.6826142,13.55141527,13.24377322,False
2013-07-10 04:30:00+00:00,10.347026935114638,5.680134332240996,12.591889797827822,14.109535245377723,11.38081894961371,14.59381323,8.271025507784822,11.871950233360726,14.451657816492517,12.524008625,True
2013-07-10 05:00:00+00:00,10.15720289,5.92153833,12.30483802,14.62514949,11.812491,13.83602684,9.811868978,12.84573102,14.83278393,11.80424403,False
2013-07-10 05:30:00+00:00,9.833762481525666,5.981080107253715,11.84763352411324,14.615986980604607,11.702863035586835,14.281843275,9.4599218205,13.475320521030007,14.01545791015919,11.92877946249369,True
2013-07-10 06:00:00+00:00,9.416122957,6.003817628,11.1924033,14.58923714,11.43897961,14.72765971,9.107974663,13.77893724,12.75431134,12.15205821,False
2013-07-10 06:30:00+00:00,9.030095058187003,5.743011598190139,10.326227352848111,13.883770045788992,10.757192952519825,14.678822495985031,10.6727520865,13.022323294831688,12.001753802027247,12.429893147506311,True
2013-07-10 07:00:00+00:00,8.589324103,5.258053289,9.292416463,12.87685263,9.666187081,14.55028681,12.23752951,11.779556,11.20502606,12.60898477,False
2013-07-10 07:30:00+00:00,8.01213657292784,4.744302104983997,8.11136921377762,12.4103472491846,8.05882178252937,13.949216828189574,7.887645296758324,10.59009632316831,9.970137368171484,11.2228271445,True
2013-07-10 08:00:00+00:00,7.322506797,4.134104523,7.009790774,11.85979882,6.572793119,12.97748044,2.93651354,9.886789996,8.56755207,9.836669519,False
2013-07-10 08:30:00+00:00,6.526151267202235,3.4095667332236737,6.31008784613078,10.24045350958064,5.939797648640665,12.084467740900351,1.9895629448553056,10.163518858,7.207738491684128,9.8446836675,True
2013-07-10 09:00:00+00:00,5.626469477,2.641259637,5.583067073,7.971989227,5.334554856,10.86957567,1.555468017,10.44024772,5.959363678,9.852697816,False
2013-07-10 09:30:00+00:00,4.627193443049954,1.8454730236217514,4.2699778307768845,5.5271952732208085,4.131925277051365,8.176040905363328,1.4477619059898406,9.713687041002748,5.031658998960516,8.152835185223367,True
2013-07-10 10:00:00+00:00,3.558463377,1.21752313,2.890295418,3.384427849,2.828335124,5.091193234,1.352732685,8.214708282,4.091217214,5.455697895,False
2013-07-10 10:30:00+00:00,2.35412500266204,0.9104720134744532,1.8798747670177687,2.058091769167038,1.8388753856407618,2.777278584029678,1.0804666279112396,5.7344536243969815,2.63033776913961,3.3965753082103145,True
2013-07-10 11:00:00+00:00,1.338142352,0.674560484,1.126346488,1.154932825,1.077680065,1.194956836,0.754350645,3.163911686,1.331829043,1.805244816,False
2013-07-10 11:30:00+00:00,0.6990960120664665,0.39261745749973576,0.6206909232816279,0.5653759201333359,0.5322944922370039,0.4411594782796288,0.49276721122944245,1.5096283518732343,0.6195375449777797,0.8486382579566473,True
2013-07-10 12:00:00+00:00,0.328551073,0.208524741,0.322926687,0.229468425,0.223308417,0.084888258,0.297290601,0.543253835,0.226439725,0.313552555,False
2013-07-10 12:30:00+00:00,0.20726967488526718,0.16721907432309496,0.21597238736991664,0.11434268283858301,0.1438110039265208,0.033049766792808175,0.1884014077270448,0.27407555190565025,0.1093371025146237,0.14413159555435903,True
2013-07-10 13:00:00+00:00,0.142619306,0.146058906,0.158896712,0.055143372,0.108299533,0.01145577,0.121584434,0.139846639,0.051760153,0.061084174,False
2013-07-10 13:30:00+00:00,0.10682956055925119,0.1346132599621271,0.12882288662278707,0.0266402398127143,0.09737293186765433,0.0049150938767679835,0.08732926415859918,0.0756343861610419,0.026375058297226816,0.026043595563687197,True
2013-07-10 14:00:00+00:00,0.085402138,0.126677769,0.112013595,0.011600659,0.09314241,0.001987032,0.065050862,0.040532469,0.01289564,0.009000675,False
2013-07-10 14:30:00+00:00,0.072380049616732,0.12063525070995512,0.10410482340092178,0.004786979668679295,0.09485367084789678,0.0010342420828328921,0.04897208216704879,0.023017424849856118,0.006355463839703241,0.003040690991624884,True
2013-07-10 15:00:00+00:00,0.065020482,0.113704224,0.099411081,0.001929916,0.098193566,0.000662461,0.036843258,0.013134901,0.002853892,0.000671221,False
2013-07-10 15:30:00+00:00,0.06183187520290465,0.09323338851107339,0.09611015533251918,0.00261758668886477,0.10166251819025139,0.0018852253865113324,0.02520706070315616,0.007568819310488792,0.0012044627284900102,0.0019734875128437084,True
2013-07-10 16:00:00+00:00,0.060494912,0.077536775,0.094560485,0.003636888,0.107365252,0.004644452,0.019030009,0.005107055,0.000506385,0.005158021,False
2013-07-10 16:30:00+00:00,0.07372519137118064,0.10217810900548413,0.1058357460382612,0.004123054142135335,0.12612002050901086,0.0097685220377037,0.021480160984880144,0.007513691151394557,0.0021648752107632356,0.013543402240125985,True
2013-07-10 17:00:00+00:00,0.096445069,0.144916936,0.128402434,0.004721641,0.156333375,0.018104806,0.026573264,0.011485823,0.005689769,0.02854374,False
2013-07-10 17:30:00+00:00,0.12129200362881937,0.1930679799945159,0.16562436102540481,0.006359467559803669,0.2016952233664269,0.03660804507578497,0.03545158242346828,0.014464609802870164,0.012156655490178959,0.06329094048838946,True
2013-07-10 18:00:00+00:00,0.13664934,0.223121531,0.196280694,0.00962055,0.238210034,0.050362608,0.044236832,0.01763522,0.019028306,0.090726567,False
2013-07-10 18:30:00+00:00,0.13172290930573857,0.20953092353660918,0.20357162428296138,0.021344907367746312,0.24679668510040234,0.047191085,0.048443884663922174,0.021576355051383136,0.023357107670324347,0.09255204775864087,True
2013-07-10 19:00:00+00:00,0.123328469,0.188555019,0.207261355,0.036122243,0.253590168,0.044019562,0.051406638,0.025838212,0.025916291,0.093191879,False
2013-07-10 19:30:00+00:00,0.1143590716942614,0.1719665824633908,0.20862617121438662,0.04575334677978764,0.26459813671920684,0.08161883973828243,0.05342918647211843,0.029978795598521076,0.02649466832078933,0.06879644027274923,True
2013-07-10 20:00:00+00:00,0.108857684,0.162763443,0.210090048,0.052811895,0.277513327,0.130407682,0.055513466,0.034262493,0.027090371,0.044227074,False
2013-07-10 20:30:00+00:00,0.10913055642451863,0.16493397089337536,0.21902003339360196,0.057407479361877935,0.29085238103818856,0.15034289119247582,0.05915082916559139,0.03880218182506448,0.03049354667809331,0.043964938227250776,True
2013-07-10 21:00:00+00:00,0.109908508,0.168526179,0.228245866,0.060146727,0.306843256,0.160611109,0.063697874,0.043660668,0.036027463,0.04387673,False
2013-07-10 21:30:00+00:00,0.12177759056793296,0.17140829740173036,0.22995923790393907,0.06095397850542035,0.3304172796514045,0.16306568856924175,0.06874431353763692,0.04915687706441202,0.042286351677561985,0.04841247853657238,True
2013-07-10 22:00:00+00:00,0.136011554,0.174138864,0.231895928,0.061850764,0.356796714,0.163997695,0.073964387,0.054716443,0.049046021,0.053455772,False
2013-07-10 22:30:00+00:00,0.1411254730075484,0.17709418770489424,0.2611499891637028,0.07160052059436399,0.38232857732328895,0.16118774140837538,0.07987902675238269,0.06093873800635456,0.05672646445228883,0.054277248963427616,True
2013-07-10 23:00:00+00:00,0.143369432,0.178779383,0.309313617,0.08056935,0.403326721,0.155561551,0.083343037,0.064557724,0.061256512,0.054591181,False
2013-07-10 23:30:00+00:00,0.13885197236475838,0.1610558727102187,0.35422539081825666,0.07983451,0.4149989888311061,0.1456794765916246,0.08172050057391081,0.06279237818416271,0.060067531227428465,0.046567855,True
2013-07-11 00:00:00+00:00,0.128496086,0.12716,0.397861802,0.07909967,0.425513035,0.138613639,0.077873814,0.060141635,0.057409112,0.038544529,False
2013-07-11 00:30:00+00:00,0.0984105521352416,0.07576268128978128,0.4254215464503255,0.08366896779395908,0.4362050188263906,0.17192807338356433,0.06484666142608918,0.05822084231583729,0.05045163677257153,0.03855114080156563,True
2013-07-11 01:00:00+00:00,0.074163445,0.040537725,0.466777807,0.097227054,0.455251636,0.269404176,0.054043659,0.057185447,0.0449636,0.038570976,False
2013-07-11 01:30:00+00:00,0.5469451239186495,0.16076317314105212,1.0571873882622294,0.8005385664543778,1.4166910293883994,2.8027636455517784,0.4328224363062548,0.5553679587549609,0.3981305382343482,1.182457475560633,True
2013-07-11 02:00:00+00:00,1.562396225,0.427483107,2.24671356,2.27259974,3.165932553,7.072044599,1.272686895,1.590772465,1.22139946,3.429581299,False
2013-07-11 02:30:00+00:00,3.2552466022206445,0.9240038464695635,4.13968871109742,4.743027623533246,5.078060179814951,11.04233067055301,2.8430245916498533,3.2578847813261764,3.1061858702843015,6.623695757794566,True
2013-07-11 03:00:00+00:00,5.571483239,1.634114233,6.614324148,7.731165568,7.100862302,14.71945592,5.063258599,5.179530758,5.903619328,9.74634761,False
2013-07-11 03:30:00+00:00,8.942159600360707,2.448173952904589,9.95473053184951,10.844757204218418,9.261611009393075,17.959997930011646,8.076838716269107,6.841190643362412,9.67031498910534,11.794635535343238,True
2013-07-11 04:00:00+00:00,11.14678028,3.4204324,12.08118646,12.66290033,10.50917515,19.69361761,10.43267869,8.013515495,12.65925279,12.81113552,False
2013-07-11 04:30:00+00:00,10.485832748895481,4.878103445379496,11.78822671807499,12.63107706,10.332866735000001,17.988270141867304,11.072312788390304,8.412431865154247,13.69874003037601,11.736385185000001,True
2013-07-11 05:00:00+00:00,9.716590859,5.890095799,11.24362425,12.59925379,10.15655832,16.0281661,11.52328168,8.782470411,14.1332361,10.66163485,False
2013-07-11 05:30:00+00:00,9.592671292104018,6.0035376221053,10.700410502512486,13.085742285,10.49511803,15.728574776409591,12.169503970884481,9.867286703902202,13.322924057034468,10.938372005000002,True
2013-07-11 06:00:00+00:00,9.461348017,6.044375277,9.982594681,13.57223078,10.83367774,15.43639417,12.55114962,10.6785602,11.80341758,11.21510916,False
2013-07-11 06:30:00+00:00,8.1651266500005,5.238614912499999,8.453793674412523,11.517300057,9.819968005372209,13.804974971723103,10.9040938325,9.321589744999999,9.635960397965531,10.135022623,True
2013-07-11 07:00:00+00:00,6.98460335,4.432854548,7.351237468,9.462369334,8.434177401,12.42090163,9.257038045,7.96461929,8.17769765,9.054936086,False
2013-07-11 07:30:00+00:00,7.582656500000001,4.511432999999999,7.682507640500001,9.890040312,7.899876206885569,14.378067639999998,9.9462609725,8.2833339275,8.3676192085,10.241843462999999,True
2013-07-11 08:00:00+00:00,8.18070965,4.590011452,8.013777813,10.31771129,7.355475831,16.33523365,10.6354839,8.602048565,8.557540767,11.42875084,False
2013-07-11 08:30:00+00:00,7.2604397551005135,3.8775933340161504,7.010365726916653,9.120218091481991,6.168018174945043,13.04819577324259,8.856706296343845,7.629003347788939,7.2279074329906505,10.579424858895583,True
2013-07-11 09:00:00+00:00,5.61850926,2.71565258,5.280581124,6.993493605,4.732479727,8.168054204,5.974100754,5.959140504,5.086752264,8.890078614,False
2013-07-11 09:30:00+00:00,3.865579464145836,1.7449303679855093,3.6139132465212325,4.750547224771106,3.4463725689021287,5.162960481019959,3.558669435410309,4.410664585324147,3.4006215013488084,6.442751889871891,True
2013-07-11 10:00:00+00:00,2.313346221,0.987866274,2.179614446,2.77864617,2.305760053,2.943706999,1.780183186,3.010825435,2.038040554,3.922789107,False
2013-07-11 10:30:00+00:00,1.3838956477873432,0.5801013160252155,1.2928321369421307,1.6089751955650404,1.3460093386712821,1.4804579507448032,1.0156594160422545,1.9972368739332604,1.163894227776776,2.185097803078253,True
2013-07-11 11:00:00+00:00,0.791744481,0.338973116,0.729621685,0.864430641,0.691154023,0.607067386,0.578970254,1.265414426,0.60258203,1.03707201,False
2013-07-11 11:30:00+00:00,0.4798649522109038,0.21750392269912014,0.4450140882301764,0.47143536646144163,0.38575007700479447,0.2421663964010173,0.34580768544107204,0.7944562712550465,0.301636589470705,0.4887896119888813,True
2013-07-11 12:00:00+00:00,0.30751836,0.162961723,0.284002774,0.248275277,0.228282534,0.072848085,0.217094832,0.498450355,0.13924407,0.204777198,False
2013-07-11 12:30:00+00:00,0.24045549698912097,0.15944880877400477,0.20449737855236869,0.14790425743216407,0.1783827963842716,0.04143119010903833,0.16401565325753129,0.35209300794427667,0.08340602801226944,0.11587378352216396,True
2013-07-11 13:00:00+00:00,0.199580297,0.158236661,0.165401861,0.089175836,0.154190186,0.025320612,0.13153767,0.258231981,0.052352246,0.068041311,False
2013-07-11 13:30:00+00:00,0.1694388185544507,0.16647834749999998,0.15676693884146348,0.052477135837996465,0.14441509653095091,0.014142012189032268,0.10823434309478021,0.19087846225205093,0.03245660079895968,0.03839690490082239,True
2013-07-11 14:00:00+00:00,0.145816366,0.174720034,0.15098937,0.029942325,0.139219074,0.007365372,0.089928134,0.142875217,0.019949696,0.020457218,False
2013-07-11 14:30:00+00:00,0.12363249970203352,0.16706222199999998,0.1435639509377755,0.017231240480774193,0.13628138680374913,0.003812718884680484,0.07198116033479376,0.10784041645366431,0.012226716119017522,0.010325120481920207,True
2013-07-11 15:00:00+00:00,0.106076718,0.15940441,0.136854607,0.010149147,0.134991905,0.001835099,0.058203417,0.083424837,0.00782353,0.004605968,False
2013-07-11 15:30:00+00:00,0.09234742350979858,0.1603746135767241,0.132694444475545,0.007424815252020348,0.13815566099999999,0.0008961349088818077,0.05030089585808488,0.06934606697884249,0.006237664915086413,0.001940428760485325,True
2013-07-11 16:00:00+00:00,0.08541506,0.162993106,0.127291487,0.005781995,0.141319417,0.000496151,0.044310093,0.05762187,0.005159246,0.000807111,False
2013-07-11 16:30:00+00:00,0.0857879111948195,0.17881797595545965,0.10315014737782284,0.004532797637261379,0.13836153939351029,0.0011656249337017549,0.03878488838474702,0.04336878204462593,0.003916015230556574,0.005985629222338312,True
2013-07-11 17:00:00+00:00,0.086760291,0.203491818,0.070272557,0.003689349,0.133243685,0.002308816,0.034239379,0.030241076,0.003074872,0.015263556,False
2013-07-11 17:30:00+00:00,0.09191641293530038,0.2305370749678162,0.04052522520483195,0.0031147595802042444,0.1275192816064897,,0.030607000793779923,0.018242499525147813,0.0027620993371711925,0.025864094990279356,True
2013-07-11 18:00:00+00:00,0.097795163,0.247085071,0.023608933,0.002841789,0.123954855,,0.027929781,0.01176066,0.002631969,0.034204559,False
2013-07-11 18:30:00+00:00,0.09960026299482455,0.24253168799999997,0.025494731088417984,0.005622645777246776,0.1300147860885839,,0.02600661853880208,0.01295930990580958,0.0044230265793330625,0.03686945189759741,True
2013-07-11 19:00:00+00:00,0.101272841,0.237978305,0.029425537,0.010756573,0.141565766,,0.025067887,0.015240542,0.00785936,0.038769892,False
2013-07-11 19:30:00+00:00,0.10436215704368071,0.2417188466901841,0.035464193237744496,0.016148732413832374,0.15500129774821872,,0.028072285259952274,0.01772261561746987,0.0119275783638667,0.04052595777205627,True
2013-07-11 20:00:00+00:00,0.108805861,0.249576631,0.043204155,0.022365246,0.170742141,,0.033469699,0.020971443,0.016740324,0.042832855,False
2013-07-11 20:30:00+00:00,0.11619643945662035,0.2658312638098159,0.051435015700074346,0.029912269108303954,0.1878853789313352,,0.039540207298633834,0.026055781243296976,0.02189961451830725,0.051560515850555114,True
2013-07-11 21:00:00+00:00,0.124482239,0.277968654,0.059627665,0.036406708,0.204233796,,0.044590763,0.031401725,0.027089948,0.059111093,False
2013-07-11 21:30:00+00:00,0.13233002137475455,0.27764592479475236,0.06824289947376318,0.03963781436386755,0.2165720824133984,,0.047100581941413894,0.03540489106263139,0.03264444037757439,0.05981020676717356,True
2013-07-11 22:00:00+00:00,0.13673856,0.276726938,0.073150032,0.042500771,0.228298473,,0.048237338,0.038494605,0.036187681,0.060060692,False
2013-07-11 22:30:00+00:00,0.13442792093424932,0.2671107427561946,0.07125682472082634,0.04659357159215627,0.2425728052440214,,0.04667254208361468,0.040644470850437715,0.0368426031609186,0.05716302088563326,True
2013-07-11 23:00:00+00:00,0.129478527,0.246630587,0.068072655,0.050797326,0.255548699,,0.044757979,0.042110538,0.037087931,0.051600642,False
2013-07-11 23:30:00+00:00,0.12087520267538529,0.20634323828960513,0.06590298460010846,0.053687880567356,0.2630440151885505,,0.0443527525944431,0.04273330710219177,0.036851191,0.04306733211436674,True
2013-07-12 00:00:00+00:00,0.110152199,0.150500475,0.062819336,0.057591499,0.271805787,,0.043882409,0.043545681,0.036614451,0.03719873,False
2013-07-12 00:30:00+00:00,0.0983980453903654,0.07530413265944787,0.0479834786790652,0.06862528364349584,0.2898576471389719,,0.03574374232194222,0.06204738682827752,0.04796176058247176,0.14694574758028753,True
2013-07-12 01:00:00+00:00,0.091402326,0.027123423,0.035352562,0.095494015,0.330170477,,0.02801996,0.114246509,0.08090232,0.44559566,False
2013-07-12 01:30:00+00:00,0.8443765145387495,0.5490305072102531,0.9340545176180325,1.1732344904456067,1.4355119355836696,,0.5502950307379747,1.0137903453638684,0.6456913629610956,2.499891157126447,True
2013-07-12 02:00:00+00:00,2.297212802,1.449661526,2.642256048,3.106366622,3.293226206,,1.607043293,2.675216416,1.817502376,5.489367256,False
2013-07-12 02:30:00+00:00,4.146988549460185,2.323624602327216,4.830180141605204,5.243151109714037,5.091218717457092,,3.1610847340277486,4.891087398879463,3.9494938468069947,7.939125495679569,True
2013-07-12 03:00:00+00:00,6.127480582,3.069740126,6.914506276,7.27507389,6.596582169,,4.916134756,6.886798836,6.372038956,9.545463319,False
2013-07-12 03:30:00+00:00,8.009424825501064,3.5586139494625315,8.321763750276764,8.878896812874098,7.534141317706158,,6.607927374734276,7.967971030146552,8.372890574649437,10.011537739613697,True
2013-07-12 04:00:00+00:00,9.060790685,3.796611391,9.023119609,9.713474132,7.983338084,,7.564238221,8.473019824,9.454573335,10.19694908,False
2013-07-12 04:30:00+00:00,7.3250171775,3.2787010244999997,7.462998645500001,8.301494246499999,6.6302649615,,6.507735350500001,7.441310790499999,8.247180852,8.6043893435,True
2013-07-12 05:00:00+00:00,5.58924367,2.760790658,5.902877682,6.889514361,5.277191839,,5.45123248,6.409601757,7.039788369,7.011829607,False
2013-07-12 05:30:00+00:00,5.825240169249772,2.9047869907014205,6.604072459795455,7.225313641541862,5.799193238362806,,5.686418579575519,6.483121646272293,7.479077108974269,7.512365321521547,True
2013-07-12 06:00:00+00:00,6.387517847,3.257347432,7.947194908,8.002150271,6.852868817,,6.27422147,6.688850387,8.455928229,8.612453547,False
2013-07-12 06:30:00+00:00,8.338171894250229,4.66549204029858,9.993825499204545,10.351014764958135,8.753880543137194,,8.91495796042448,9.244289459227705,10.95705488952573,11.30229925897845,True
2013-07-12 07:00:00+00:00,9.962544763,5.86507254,11.39852842,12.25884191,10.12321809,,11.20307766,11.66751968,12.92061917,13.39259246,False
2013-07-12 07:30:00+00:00,8.889456495468018,5.512973158148822,9.94410269214559,11.62882422213939,9.16961065457261,,10.223166011972875,10.545628074527961,11.586228661912722,11.990265340480578,True
2013-07-12 08:00:00+00:00,7.040657549,4.798744602,7.460264992,10.27374678,7.461462157,,8.37204321,8.538217349,9.19238898,9.565415148,False
2013-07-12 08:30:00+00:00,5.373895638310038,3.7404131989612153,5.190747508808467,7.780631013374504,5.737155102918895,,6.103744314221857,6.5110045735397195,6.710816954998846,7.373373182685981,True
2013-07-12 09:00:00+00:00,3.732966074,2.541025894,3.146111162,4.892893786,3.976687655,,3.840716221,4.457925357,4.283680545,5.173620447,False
2013-07-12 09:30:00+00:00,2.1216819449660838,1.4696002283117082,1.5472680717321083,2.5780653301117766,2.282207157336573,,2.14666005970875,2.5286001503889044,2.209074716102753,2.9111414911599685,True
2013-07-12 10:00:00+00:00,0.989099255,0.725304199,0.579936271,1.057236861,1.081387245,,1.037405506,1.163409451,0.879844115,1.292075296,False
2013-07-12 10:30:00+00:00,0.542000685134412,0.42650627679768466,0.2973708299114531,0.5240053109702475,0.5830674104655136,,0.5838993934388996,0.5817076802887065,0.4757531233271084,0.6391156765828937,True
2013-07-12 11:00:00+00:00,0.31313389,0.288483593,0.179962165,0.272635141,0.333937586,,0.334052032,0.283395567,0.26708759,0.325852409,False
2013-07-12 11:30:00+00:00,0.23438470295777528,0.26441385728056993,0.17069246044478698,0.2133223245675209,0.26552956243561937,,0.21010403580438286,0.18679472268762548,0.16820834566238374,0.2606771911774677,True
2013-07-12 12:00:00+00:00,0.187574767,0.255624323,0.16359305,0.173975165,0.224183163,,0.13530488,0.1339882,0.104608316,0.221415755,False
2013-07-12 12:30:00+00:00,0.1509185157839798,0.2576213435,0.14853806290451074,0.12549819039592724,0.18529547692600287,,0.08585157544580892,0.10226061269291935,0.04750241091369689,0.18314543074322384,True
2013-07-12 13:00:00+00:00,0.124437465,0.259618364,0.126202299,0.081595171,0.157247223,,0.0560461,0.079113476,0.014731024,0.149974675,False
2013-07-12 13:30:00+00:00,0.10489859509852771,0.2543147092783342,0.08154882849465087,0.04054614170563889,0.13811306384478644,,0.04127164475505175,0.057012762435916166,0.007713074333851709,0.11552227239016898,True
2013-07-12 14:00:00+00:00,0.091463232,0.246510517,0.041429619,0.015406991,0.128928709,,0.033806453,0.039596474,0.004484041,0.091276879,False
2013-07-12 14:30:00+00:00,0.08268811024632713,0.2421976173865686,0.02667327705843254,0.00996929173499738,0.13503060165824093,,0.031551634152373366,0.02670380696247588,0.0031165097486381865,0.08093333927971845,True
2013-07-12 15:00:00+00:00,0.078208549,0.238424274,0.020355927,0.00790195,0.14746337,,0.030670875,0.018849619,0.002559202,0.076494171,False
2013-07-12 15:30:00+00:00,0.07775327782644871,0.23536723987306096,0.020656783602856756,0.008660142,0.16587708128229156,,0.032942922,0.01599502259529093,0.0030421525431822017,0.0765780605,True
2013-07-12 16:00:00+00:00,0.077285218,0.230808566,0.021460903,0.009418334,0.187423336,,0.035214969,0.014599574,0.003929333,0.07666195,False
2013-07-12 16:30:00+00:00,0.06801289103235028,0.20123723713934313,0.027360995397143244,0.0081333535,0.20614201809395885,,0.030952204241181114,0.014091758880481316,0.0049175928159791524,0.06303439290925901,True
2013-07-12 17:00:00+00:00,0.05353574,0.154424452,0.032757825,0.006848373,0.22338165,,0.023445432,0.013888516,0.005901476,0.040307994,False
2013-07-12 17:30:00+00:00,0.040035278228628374,0.09904432582298577,0.023009003999999996,0.0070281263983583515,0.23729425034718804,,0.014594363258818886,0.01415405348002317,0.006490860963323273,0.01754013659074099,True
2013-07-12 18:00:00+00:00,0.031984815,0.063993045,0.013260183,0.007520832,0.252107066,,0.008987302,0.014899655,0.007246654,0.003871121,False
2013-07-12 18:30:00+00:00,0.0316822414474105,0.06359141612401256,0.014513379751541402,0.010898343852811876,0.27457862252481174,,0.010076915268482901,0.022100890428858714,0.010127201486005469,0.004572415108644975,True
2013-07-12 19:00:00+00:00,0.031578882,0.063236301,0.017052145,0.016561724,0.298694801,,0.011933372,0.033931324,0.01441057,0.005798527,False
2013-07-12 19:30:00+00:00,0.034111613122534544,0.06122534758177881,0.020337831208583644,0.022353859825523535,0.3193631914176246,,0.013719301828612609,0.04556464558271228,0.018773624057403543,0.0068342996621190465,True
2013-07-12 20:00:00+00:00,0.038327891,0.058226497,0.025038264,0.028788693,0.337123699,,0.015132468,0.05599786,0.023156651,0.008103314,False
2013-07-12 20:30:00+00:00,0.04156334530616267,0.054792770793915965,0.03293296164693292,0.035479786430242743,0.34995440186248344,,0.01585241640290449,0.06241584453607631,0.026828394872687518,0.010095454857693704,True
2013-07-12 21:00:00+00:00,0.045047321,0.05267566,0.041719858,0.042588971,0.362386865,,0.016178285,0.068106246,0.03045386,0.012533988,False
2013-07-12 21:30:00+00:00,0.04923333496654432,0.05717517368555158,0.04807420072151299,0.050369212185723614,0.37873731661397253,,0.016178285,0.07465590752135902,0.034276726284336825,0.014900874298385023,True
2013-07-12 22:00:00+00:00,0.054140884,0.063993045,0.054341021,0.058173959,0.396125976,,0.016178285,0.081516891,0.03876469,0.017813057,False
2013-07-12 22:30:00+00:00,0.06008279992768125,0.06866264677144679,0.06358456577239302,0.06608038416029527,0.4143690429739392,,0.019716364244545263,0.08910900241224842,0.04576953029770152,0.02387852607315725,True
2013-07-12 23:00:00+00:00,0.06688702,0.07184787,0.070108494,0.072149514,0.428505167,,0.024126005,0.09609837,0.052769874,0.028194247,False
2013-07-12 23:30:00+00:00,0.07648741567707722,0.07332367654300163,0.07137345139903602,0.0755831876470446,0.4361706952254892,,0.025678204255454737,0.1023317425387221,0.058215572679380496,0.027999256077764385,True
2013-07-13 00:00:00+00:00,0.082571904,0.073965504,0.071853034,0.077170042,0.439681875,,0.026358842,0.105674965,0.061057894,0.027438166,False
2013-07-13 00:30:00+00:00,0.057992930000000005,0.043057551,0.055073325000000006,0.072917454,0.4164679275,,0.020325856,0.101126773,0.051681292,0.015665105922235616,True
2013-07-13 01:00:00+00:00,0.033413956,0.012149598,0.038293616,0.068664866,0.39325398,,0.01429287,0.096578581,0.04230469,0.004258145,False
2013-07-13 01:30:00+00:00,0.23150967739222242,0.033741575483641456,0.33535726113976183,0.34537033217107616,0.8817896464135592,,0.1668353277130642,0.4734793134176118,0.2745876730782343,0.44596822719260976,True
2013-07-13 02:00:00+00:00,0.711576972,0.094060838,1.040949156,1.010442832,1.933824448,,0.543013361,1.307664551,0.843809949,1.477115989,False
2013-07-13 02:30:00+00:00,2.092496171912515,0.6481277255152516,2.923269169574241,2.9066152910085004,3.891111731959972,,1.7123837120212344,2.945794219849199,2.5736157437306497,4.186545589438171,True
2013-07-13 03:00:00+00:00,4.0599032,1.517634935,5.454906379,5.44266381,6.131931242,,3.446430664,5.04310585,5.075818951,7.383303976,False
2013-07-13 03:30:00+00:00,5.85932500771256,2.141096493461291,7.527223131384111,7.379653345994399,7.7092671911752095,,5.099415448999512,6.861640662339083,7.351294433766188,9.279304458696975,True
2013-07-13 04:00:00+00:00,7.669028175,2.92746833,9.518216606,9.279287854,8.972079427,,6.896553328,8.641940682,9.739445764,10.772683,False
2013-07-13 04:30:00+00:00,9.821193327982703,5.041214753303107,11.886768001901887,11.647428570469545,9.917558988094017,,9.025967139776215,10.559936976494742,12.918034543424927,12.229221497172245,True
2013-07-13 05:00:00+00:00,11.09461772,6.80842169,13.27879723,13.3784541,10.67606524,,10.95551819,12.07296506,14.87461077,13.01161547,False
2013-07-13 05:30:00+00:00,10.900908806279478,7.0806611292367085,13.191544844927735,13.982916044356479,11.430109584357243,,12.468266309489975,12.963160946399363,14.561817619032652,12.876339381496527,True
2013-07-13 06:00:00+00:00,10.47058445,7.18236217,12.96317569,14.23360511,11.83861959,,13.24841192,13.38009337,13.87503463,12.61966182,False
2013-07-13 06:30:00+00:00,9.625564096638218,6.830656194275771,11.936267650180728,12.985836509343224,11.07116311224526,,13.092080429802595,12.528117959474681,12.597709034832985,12.373281480506364,True
2013-07-13 07:00:00+00:00,8.512314248,6.130908201,10.29518169,11.06185641,9.618555262,,12.67766238,11.03262677,10.90336076,11.98159912,False
2013-07-13 07:30:00+00:00,7.487905643313041,5.151895360829042,8.566528426155859,9.895093725008394,7.811347344517854,,10.329559972908154,9.65139596121624,9.21589118239009,10.562520881047174,True
2013-07-13 08:00:00+00:00,6.427888141,4.071363339,6.813043002,8.704089531,6.038539051,,7.279624801,8.183547406,7.520302866,8.729534837,False
2013-07-13 08:30:00+00:00,5.2967033609044964,3.2349898761119102,5.300805626094027,7.023097203801696,4.925547429285282,,5.656642994393723,6.653748209909109,5.93213598663477,7.520905423007658,True
2013-07-13 09:00:00+00:00,4.182715469,2.475579929,3.986120573,5.25216676,3.993607026,,4.300105406,5.187882203,4.49081575,6.388364009,False
2013-07-13 09:30:00+00:00,3.1287705818022973,1.6969725144644836,2.899556446085101,3.6391982460671604,3.0725795255512587,,2.8452916620271935,3.8911396917403964,3.2306797718147675,5.138640042385078,True
2013-07-13 10:00:00+00:00,2.222520924,1.077523122,2.004029603,2.335903564,2.255970204,,1.705276181,2.78812783,2.199590357,3.888121941,False
2013-07-13 10:30:00+00:00,1.542947462148134,0.7055273994903286,1.2625948875711293,1.4973518077566657,1.5642002063949778,,1.0661304190637224,1.9228922891065718,1.4336894027388227,2.6172123050476324,True
2013-07-13 11:00:00+00:00,1.004769503,0.463009758,0.709531242,0.901610921,0.995428776,,0.635763451,1.229426281,0.857165379,1.540988469,False
2013-07-13 11:30:00+00:00,0.5330629873245804,0.31498397612872725,0.32820092255871364,0.45455611840545085,0.5034670363416909,,0.3204923688686745,0.6260549227555365,0.40338362229612396,0.7416824003522708,True
2013-07-13 12:00:00+00:00,0.243763324,0.231945517,0.117303493,0.189592925,0.208266314,,0.137739646,0.250211431,0.139342066,0.277699822,False
2013-07-13 12:30:00+00:00,0.16447018966723673,0.20288817149506413,0.06771696235092982,0.10256251442069238,0.13763723474599132,,0.07941533815534896,0.13636431972654758,0.07177553373869705,0.16359015266058433,True
2013-07-13 13:00:00+00:00,0.123945996,0.186539868,0.043700654,0.057208109,0.105312883,,0.049775837,0.078152486,0.038732293,0.106695443,False
2013-07-13 13:30:00+00:00,0.10383104192052141,0.17701779067196524,0.03249488228338184,0.03437481822014034,0.09334039627196843,,0.03588215206166226,0.05031131694104129,0.023620667014128856,0.07816221744270768,True
2013-07-13 14:00:00+00:00,0.090771742,0.169233447,0.025912162,0.02124972,0.08852246,,0.028101152,0.034098012,0.015011335,0.060796328,False
2013-07-13 14:30:00+00:00,0.07969980186485573,0.1591961802396644,0.02108681529239738,0.013605502804206911,0.0884267431457169,,0.024143769848801278,0.023825835571369428,0.009462950265592325,0.04803765726491995,True
2013-07-13 15:00:00+00:00,0.07228931,0.150241769,0.018801479,0.009490714,0.088394515,,0.021321338,0.017946949,0.006634487,0.040957583,False
2013-07-13 15:30:00+00:00,0.06813764563713803,0.1431139907930439,0.0192878427342925,0.00797579717237032,0.09155311646108848,,0.0180722898701273,0.01532287055850626,0.006034406741370954,0.039419728796446916,True
2013-07-13 16:00:00+00:00,0.066259301,0.139430839,0.020573621,0.007362068,0.09559912,,0.01627049,0.014214648,0.005809739,0.038104313,False
2013-07-13 16:30:00+00:00,0.06903322408320631,0.1410874315,0.027492785351161675,0.010038087187699829,0.09722028253891152,,0.020454036999999998,0.01758790826100813,0.0067905409851865516,0.03405827318681391,True
2013-07-13 17:00:00+00:00,0.073489096,0.142744024,0.036921807,0.014210707,0.097954043,,0.024637584,0.022758356,0.008330143,0.030827289,False
2013-07-13 17:30:00+00:00,0.0774755614167937,0.13788174195676114,0.04329687508879165,0.01709204269581325,0.0962516775,,0.024629313826949138,0.02615835348211034,0.009303529341027711,0.030499820805821146,True
2013-07-13 18:00:00+00:00,0.079780078,0.129230383,0.048042584,0.019527705,0.094549312,,0.024605044,0.028963089,0.010338124,0.03038211,False
2013-07-13 18:30:00+00:00,0.078233868,0.1193023027496675,0.05065811320943164,0.021180915267969364,0.09911202427887537,,0.02363415117305086,0.030998497544301677,0.011806432247905358,0.0312087292858797,True
2013-07-13 19:00:00+00:00,0.076687658,0.111976795,0.052856925,0.023003617,0.107322024,,0.022679258,0.032887245,0.013580371,0.032880503,False
2013-07-13 19:30:00+00:00,0.07770708882206678,0.11049927006636574,0.05527932612950527,0.026716992857387312,0.11517271944925586,,0.023006462872278404,0.03504318187448348,0.015501677630462733,0.03552242310999381,True
2013-07-13 20:00:00+00:00,0.079564987,0.109225362,0.058172995,0.031200259,0.124329905,,0.023675966,0.037453809,0.017895563,0.038106513,False
2013-07-13 20:30:00+00:00,0.0812161752433874,0.10529177222720564,0.062385714129046935,0.034893776330388024,0.13542052060232995,,0.024520776260117637,0.040185603323994686,0.021376853513883468,0.03917464058392924,True
2013-07-13 21:00:00+00:00,0.083584577,0.10234107,0.068156544,0.038939233,0.148062128,,0.025862181,0.043599729,0.025840979,0.040360228,False
2013-07-13 21:30:00+00:00,0.08939415865218053,0.10563679610240072,0.07719207565373798,0.04481219951069204,0.1620837005070806,,0.029085165100679752,0.0490517238161502,0.031507303906996256,0.04415437204701549,True
2013-07-13 22:00:00+00:00,0.097354682,0.111034929,0.087501857,0.050808104,0.176855783,,0.033076553,0.054930094,0.037727002,0.049542439,False
2013-07-13 22:30:00+00:00,0.10723720628236527,0.11615782839759929,0.09843680770403235,0.055816044146023765,0.1929525025811841,,0.036779270266924215,0.060359991197951476,0.04499073437453793,0.05627441297318175,True
2013-07-13 23:00:00+00:00,0.113413108,0.119178321,0.104804935,0.059241911,0.206107985,,0.038874691,0.063371227,0.049320041,0.06050768,False
2013-07-13 23:30:00+00:00,0.1100837264396892,0.11291195072800092,0.10131512104431047,0.060800515004026404,0.21438382458127409,,0.037065221500751123,0.06299860390669003,0.04849978880703409,0.05916452464401654,True
2013-07-14 00:00:00+00:00,0.10179859,0.098236078,0.092904875,0.061476006,0.218345622,,0.032822154,0.061984958,0.046348381,0.055595409,False
2013-07-14 00:30:00+00:00,0.0655224590603108,0.05131881777199908,0.06200955995568954,0.056899133,0.19645753649999997,,0.01917902199924888,0.053138239593309974,0.03289548269296592,0.030729827355983456,True
2013-07-14 01:00:00+00:00,0.034202083,0.01281106,0.036034677,0.05232226,0.174569451,,0.007969488,0.044932544,0.02077374,0.008090206,False
2013-07-14 01:30:00+00:00,0.35557473185296345,0.0807996478084188,0.4592792117962923,0.5301577864166637,0.6652085070529073,,0.26853687290154155,0.48968351154538947,0.3487680003096077,0.6945244722386501,True
2013-07-14 02:00:00+00:00,1.103894792,0.255996512,1.447559927,1.620992511,1.770121608,,0.884973684,1.501791554,1.149838205,2.227913311,False
2013-07-14 02:30:00+00:00,2.910981461217686,0.9315673772571372,3.8761391348419107,4.106351313229685,4.322185693536408,,2.4160341051874994,3.8142802675643717,3.5847017831808685,5.621202173786209,True
2013-07-14 03:00:00+00:00,5.336582522,2.068474142,7.11502945,7.233321583,7.111241039,,4.661917757,6.633391456,6.990149998,9.377711461,False
2013-07-14 03:30:00+00:00,7.846813163052373,3.6397347307392423,10.375380271930576,9.811190860645647,8.617985985813943,,7.259000483164211,8.711386959013103,10.313559753465288,11.812295058975142,True
2013-07-14 04:00:00+00:00,9.468796051,5.119969431,12.4597948,11.77153843,9.610402051,,9.606951081,10.32769229,12.70058323,13.03670366,False
2013-07-14 04:30:00+00:00,9.717565080876977,6.019650578529156,12.77499103193122,12.975871313708003,10.126883185837881,,11.105100831207016,11.38991070699999,13.571091591044233,12.76211745458901,True
2013-07-14 05:00:00+00:00,9.809120061,6.510070552,12.89077627,13.54311524,10.53306006,,12.06773372,12.15946209,13.93432565,12.38485836,False
2013-07-14 05:30:00+00:00,9.723405328815453,6.619889346166046,12.56798955395903,13.473787687861316,11.091852906258861,,12.583442078539731,12.810226911877145,13.475657435377336,12.242071328466594,True
2013-07-14 06:00:00+00:00,9.510663759,6.661451027,11.87426669,13.28569863,11.42401359,,12.81310677,13.14136939,12.55817943,12.08507376,False
2013-07-14 06:30:00+00:00,8.827387600615484,6.227481642781505,10.663036411087857,12.047240834445867,10.233474539113336,,12.306763885216583,12.083407105967964,11.311894574948715,11.68501702610709,True
2013-07-14 07:00:00+00:00,7.803018829,5.439746767,9.128389348,10.21222913,8.281881211,,11.20418277,10.30407376,9.804187377,11.02354554,False
2013-07-14 07:30:00+00:00,6.777763275530196,4.619526485808793,7.697876103563287,8.841275592958755,6.683873926184501,,9.04077097003124,8.80484394404576,8.279623287013656,9.847841631702185,True
2013-07-14 08:00:00+00:00,5.730486913,3.758613859,6.31871052,7.53576412,5.329661311,,6.597110289,7.368735743,6.784055494,8.389683749,False
2013-07-14 08:30:00+00:00,4.823816729694567,3.0077379599342104,5.1307291509056725,6.314343473568097,4.512154913785323,,5.086240254022892,6.191296071470618,5.508686972110283,7.122836593333101,True
2013-07-14 09:00:00+00:00,3.870418186,2.27212374,3.947277953,5.008938883,3.7370623,,3.767467238,4.981612033,4.234535909,5.737464567,False
2013-07-14 09:30:00+00:00,2.5106661475023406,1.3934288382740319,2.4207241601048914,3.1165696795072257,2.517328345480462,,2.26298343176341,3.241716570015715,2.5799054699264268,3.7389356394160584,True
2013-07-14 10:00:00+00:00,1.330490564,0.723784108,1.180489394,1.507266727,1.384502557,,1.116185294,1.705128495,1.226000299,1.957855246,False
2013-07-14 10:30:00+00:00,0.6665044617909066,0.420637123701461,0.531998005879263,0.709862997813003,0.6296709715362,,0.5192792479658751,0.8130876214474714,0.5183604840703504,0.88668656511075,True
2013-07-14 11:00:00+00:00,0.336161175,0.287636126,0.235662691,0.293060754,0.226824455,,0.249077626,0.318350427,0.175570914,0.358811347,False
2013-07-14 11:30:00+00:00,0.29950600205105127,0.29829071645041916,0.2556694105,0.17988285719265898,0.17051461540017804,,0.4103329845325759,0.1738150957784972,0.1446409287863426,0.3305689187752155,True
2013-07-14 12:00:00+00:00,0.286500179,0.322181955,0.27567613,0.134330172,0.150157365,,0.633125004,0.111811697,0.124299053,0.320861517,False
2013-07-14 12:30:00+00:00,0.357316218,0.3854455715495809,0.25975804197766467,0.1314584906259615,0.15361577600500317,,0.7544502029674242,0.10022213827397114,0.091889653053798,0.32485236300000003,True
2013-07-14 13:00:00+00:00,0.428132257,0.43547254,0.234198366,0.129030234,0.161196286,,0.814238741,0.095983394,0.064002937,0.328843209,False
2013-07-14 13:30:00+00:00,0.3812828075568511,0.41694302210846007,0.2138417204215415,0.11778338180576932,0.17953927999499683,,0.552786297,0.11261463600000002,0.04810893556325537,0.312026974,True
2013-07-14 14:00:00+00:00,0.30013812,0.375119365,0.198161517,0.10778306,0.193760175,,0.291333853,0.129245878,0.036971421,0.295210739,False
2013-07-14 14:30:00+00:00,0.21620514011253725,0.26133747339153995,0.18882517910079377,0.10639304972134583,0.188423043,,0.36780143249999997,0.11664119785048786,0.02831516835100188,0.3411568574340596,True
2013-07-14 15:00:00+00:00,0.152349605,0.170849721,0.184453987,0.105877431,0.183085911,,0.444269012,0.10378634,0.023136679,0.397506713,False
2013-07-14 15:30:00+00:00,0.12833599983899205,0.177175925,0.221793811,0.1127693335,0.20522461400000003,,0.3199006213520695,0.10353051869122891,0.021769096049052805,0.4157688345659404,True
2013-07-14 16:00:00+00:00,0.117139299,0.183502129,0.259133635,0.119661236,0.227363317,,0.164096967,0.103275954,0.020526842,0.423627219,False
2013-07-14 16:30:00+00:00,0.1156101746741203,0.16756596272922647,0.22240392958003175,0.10830958448237357,0.21336386645406932,,0.11793474482761482,0.09628627997143932,0.017215684919657078,0.39428773262158234,True
2013-07-14 17:00:00+00:00,0.114095302,0.140558702,0.161305661,0.090219291,0.185429436,,0.083036492,0.083019652,0.012891919,0.343535888,False
2013-07-14 17:30:00+00:00,0.10055740843136811,0.11421226218359458,0.10489072029488755,0.0744226015176264,0.1369125245459307,,0.03279417532031566,0.06140857898684391,0.007763692330124496,0.28681146187841766,True
2013-07-14 18:00:00+00:00,0.082912644,0.094846929,0.064182581,0.065364554,0.102330593,,0.002723153,0.046323381,0.004620567,0.251499394,False
2013-07-14 18:30:00+00:00,0.07295685915834832,0.08934772138611265,0.05077161006397898,0.08862609066578747,0.10499074162470569,,0.004310383411396307,0.04666156752046544,0.007040996733967362,0.26264314929661814,True
2013-07-14 19:00:00+00:00,0.065948371,0.084884145,0.043098329,0.124072106,0.10970229,,0.006809049,0.04736425,0.01011808,0.278997932,False
2013-07-14 19:30:00+00:00,0.06212374842528497,0.0777153982031928,0.03798286321824414,0.1486598068283145,0.11431080450365176,,0.008728448399783198,0.04845128747055046,0.011070796363679757,0.28999484770338185,True
2013-07-14 20:00:00+00:00,0.058671556,0.069093104,0.035005466,0.165734901,0.118954521,,0.010100244,0.049797212,0.011843598,0.295780736,False
2013-07-14 20:30:00+00:00,0.05264946654900404,0.05633257649787351,0.03363697634285755,0.17226985375539827,0.12259174140067271,,0.010552318004615162,0.05092736385342401,0.012756700379909862,0.28910771799999996,True
2013-07-14 21:00:00+00:00,0.04787139,0.048079953,0.03305449,0.17778001,0.126556654,,0.011034455,0.052354407,0.01397463,0.2824347,False
2013-07-14 21:30:00+00:00,0.046283357253493834,0.04822433108423473,0.03756607045836917,0.18639394889207164,0.1327546262259619,,0.01315899183772051,0.05517935836043265,0.016537995767692697,0.284352595,True
2013-07-14 22:00:00+00:00,0.045625093,0.048608406,0.04410427,0.196272879,0.139791545,,0.016060746,0.058922,0.019840249,0.28627049,False
2013-07-14 22:30:00+00:00,0.0503640715,0.051185805674762955,0.04723014699976547,0.207563494748512,0.14610297485351093,,0.018379379771755595,0.06371505713279203,0.023233477088600483,0.26760150741760247,True
2013-07-14 23:00:00+00:00,0.05510305,0.053772296,0.050505631,0.217230539,0.152589898,,0.020446886,0.067270829,0.026154805,0.235783582,False
2013-07-14 23:30:00+00:00,0.0538342210826089,0.05417200574100231,0.05839287954186536,0.2236672731099161,0.16169073039149698,,0.02249168057472923,0.0682728111623354,0.02824902316614984,0.20726473903964399,True
2013-07-15 00:00:00+00:00,0.050671821,0.054322928,0.064103902,0.226815512,0.167362829,,0.023616491,0.068674114,0.029294688,0.180895091,False
2013-07-15 00:30:00+00:00,0.0366975224173911,0.0348498165,0.05935871000000001,0.22572620499999999,0.1594506445,,0.0184258955,0.0680533305,0.0269476115,0.15703772204275354,True
2013-07-15 01:00:00+00:00,0.024616795,0.015376705,0.054613518,0.224636898,0.15153846,,0.0132353,0.067432547,0.024600535,0.144180101,False
2013-07-15 01:30:00+00:00,0.05664174148978332,0.025345890721352644,0.11851364290434986,0.3333657224751624,0.2767400669592352,,0.04178359894089478,0.1710272601181151,0.07700528950889517,0.21569328414986133,True
2013-07-15 02:00:00+00:00,0.135305118,0.050794031,0.26164358,0.563175011,0.521880403,,0.113485634,0.383991024,0.194795422,0.381591214,False
2013-07-15 02:30:00+00:00,0.3354984356348342,0.13136271416471182,0.5040020252280977,0.8852211257685548,0.799493361013443,,0.3173724962609077,0.6543273284257861,0.39240231944259973,0.7049972415736464,True
2013-07-15 03:00:00+00:00,0.728285687,0.296666168,0.937073069,1.413798566,1.202806588,,0.734043527,1.091853777,0.759335805,1.302941611,False
2013-07-15 03:30:00+00:00,1.6563847210901994,0.6814293053056283,1.9444601972166415,2.4880817793600705,1.9093989477316071,,1.8122532379902228,2.068998465079645,1.7649027310639842,2.730839725228264,True
2013-07-15 04:00:00+00:00,3.205849338,1.381050929,3.627360601,4.266145949,2.96672563,,3.656775246,3.622039033,3.54548651,5.007569595,False
2013-07-15 04:30:00+00:00,6.022852614509828,3.070248359014598,6.890871937534604,7.924221875429108,4.835520094039488,,6.971100784150254,6.223382852003204,7.202585573269726,8.812303789292741,True
2013-07-15 05:00:00+00:00,8.843810947,4.921779241,9.991192234,11.71810236,6.650216831,,10.46082114,8.849069982,10.88416422,12.11695993,False
2013-07-15 05:30:00+00:00,10.523080719775354,6.067358734293711,11.419600425116306,14.001319651967105,7.689924647256226,,12.90797273465772,10.606927688873249,12.841372106214795,13.375024865255485,True
2013-07-15 06:00:00+00:00,11.33779749,6.635532564,12.06574397,15.11733964,8.18735687,,14.15747931,11.48798701,13.76437159,13.91541301,False
2013-07-15 06:30:00+00:00,10.406625557011553,6.013085702924039,10.706627740018714,13.672279640338298,7.897084898953476,,13.079371862303397,10.755733662192181,12.128490056520388,12.584036217833372,True
2013-07-15 07:00:00+00:00,8.685862241,4.88617942,8.379466168,11.04344511,7.237725764,,10.99702306,9.315343193,9.356550159,10.2461176,False
2013-07-15 07:30:00+00:00,6.706978510338678,3.643695354361375,6.236644901885798,8.100253489637266,5.703156177994481,,8.226620900377375,7.31273356838623,6.8638297366290235,7.917830530566926,True
2013-07-15 08:00:00+00:00,4.78198832,2.502503582,4.301634696,5.390929047,3.922659161,,5.486721385,5.247147457,4.66719175,5.786181506,False
2013-07-15 08:30:00+00:00,3.438315501399053,1.7875655109866126,2.895599221996947,3.7132562553569404,2.809447076097386,,3.7168319184788157,3.8529286750052476,3.1312156855796798,4.37860652311828,True
2013-07-15 09:00:00+00:00,2.420551675,1.283972663,1.877178417,2.529328264,1.966997041,,2.474732208,2.763315162,2.049434319,3.242550777,False
2013-07-15 09:30:00+00:00,1.7110963222750097,0.9697283220565892,1.250777032850009,1.7621313474470894,1.3615669720927255,,1.743460705966163,1.9233848024034437,1.4204520196992212,2.2123715606902894,True
2013-07-15 10:00:00+00:00,1.165326076,0.724038462,0.801200826,1.190005014,0.904395254,,1.207623151,1.268967973,0.955420199,1.375365172,False
2013-07-15 10:30:00+00:00,0.6737740918169378,0.4618113074499892,0.42223139785622804,0.675129603703024,0.5249462662873905,,0.7134148724957576,0.726274046714977,0.5035584655824611,0.7004852592744739,True
2013-07-15 11:00:00+00:00,0.355605533,0.283567564,0.185555305,0.33412514,0.283280968,,0.378910141,0.368232427,0.209098992,0.279860298,False
2013-07-15 11:30:00+00:00,0.24050924911092783,0.21944457909145984,0.10056789858426479,0.19295623592423314,0.18644032935245541,,0.22974052264192554,0.21072424940712411,0.10529610424570052,0.13368622278079303,True
2013-07-15 12:00:00+00:00,0.178321423,0.187942654,0.056043282,0.115027476,0.140004337,,0.146309952,0.123111178,0.053351183,0.061724301,False
2013-07-15 12:30:00+00:00,0.1450360950419902,0.17838370340401544,0.034851616132992785,0.07615446357329898,0.12734099672208618,,0.10607120960776077,0.08033311228107676,0.033723905046862165,0.035107295330975605,True
2013-07-15 13:00:00+00:00,0.127292537,0.172459007,0.023392605,0.053624178,0.122483515,,0.082383655,0.05566137,0.023370624,0.022161167,False
2013-07-15 13:30:00+00:00,0.12102549085503139,0.1667571220394525,0.01822380195853502,0.040940070062494,0.12275101186231877,,0.06811260120483381,0.04202787549353292,0.01805511368179229,0.01733681665251344,True
2013-07-15 14:00:00+00:00,0.117035788,0.162509064,0.015102703,0.033288679,0.123417159,,0.059146213,0.033497507,0.01491895,0.014882751,False
2013-07-15 14:30:00+00:00,0.11349987427535184,0.1601866343160265,0.012865521043382195,0.029185200197548528,0.1256001410245257,,0.05441310699455164,0.027973363877056522,0.012841686514870417,0.013905381956353217,True
2013-07-15 15:00:00+00:00,0.110517438,0.157900406,0.011490546,0.026282514,0.128876863,,0.050250335,0.024348406,0.011881605,0.013138739,False
2013-07-15 15:30:00+00:00,0.10808252434348081,0.15393191471900733,0.010785881673129128,0.023235318259809085,0.13142062893275908,,0.042394415929418915,0.021786370239130604,0.012190018583129987,0.011759560296023637,True
2013-07-15 16:00:00+00:00,0.105362406,0.148638814,0.010476962,0.021592765,0.135461316,,0.037184722,0.020563096,0.012978342,0.010873105,False
2013-07-15 16:30:00+00:00,0.10054786297706061,0.1414482342837069,0.02136708405621992,0.03257084235930695,0.16096548423480175,,0.03750403918948395,0.025837943921568622,0.016051291446705723,0.023611644185184504,True
2013-07-15 17:00:00+00:00,0.094941192,0.133635528,0.039729111,0.049928446,0.200439845,,0.037935418,0.034861067,0.020666702,0.042728504,False
2013-07-15 17:30:00+00:00,0.08923514758632188,0.12538267836772726,0.057834390849492594,0.06322266012277225,0.241254557796157,,0.03815120681051605,0.04394837956070373,0.025217379890116274,0.056556259314815505,True
2013-07-15 18:00:00+00:00,0.085206219,0.120615236,0.070280424,0.073138632,0.271400605,,0.038254934,0.050620342,0.029201469,0.064005694,False
2013-07-15 18:30:00+00:00,0.08377202846860292,0.12158353050000001,0.0725618145757512,0.07779837171704897,0.27980263363325353,,0.03732140505997324,0.052410881309745014,0.03137718117169177,0.056337775500000006,True
2013-07-15 19:00:00+00:00,0.083177325,0.122551825,0.074393853,0.081235088,0.286693845,,0.03604074,0.053828965,0.033620574,0.048669857,False
2013-07-15 19:30:00+00:00,0.0852518002312441,0.121198524,0.07808371778130825,0.08452480321748657,0.29909523872860555,,0.03544195048314994,0.056131625676132314,0.038132703826236285,0.04959211339744693,True
2013-07-15 20:00:00+00:00,0.088411818,0.119845223,0.08248124,0.087577738,0.312195148,,0.035029337,0.058615518,0.043433201,0.051547155,False
2013-07-15 20:30:00+00:00,0.09011763766252466,0.12171367153005627,0.08660178411424324,0.09053980060806764,0.32130208197044596,,0.03480952500192184,0.060913715226603986,0.04782043177988079,0.05572441960255307,True
2013-07-15 21:00:00+00:00,0.092121585,0.124667118,0.090971344,0.093576511,0.331406866,,0.034557112,0.062981865,0.052176802,0.058868899,False
2013-07-15 21:30:00+00:00,0.09697652401507621,0.12718244696994374,0.09638893158822424,0.09711051251376802,0.34830451281911007,,0.033386284954954985,0.06441997030014755,0.057131846134773845,0.05830144549999999,True
2013-07-15 22:00:00+00:00,0.103014941,0.128612778,0.101203095,0.100585168,0.37116517,,0.032409019,0.066112446,0.06171554,0.057733992,False
2013-07-15 22:30:00+00:00,0.10915431809115503,0.12773729211475227,0.10453772744732746,0.10377492157241772,0.4056211854262033,,0.0334360665,0.07126675650509878,0.06585513166746532,0.059264558,True
2013-07-15 23:00:00+00:00,0.112726547,0.125405225,0.106369823,0.106187576,0.437641731,,0.034463114,0.075255043,0.068085104,0.060795124,False
2013-07-15 23:30:00+00:00,0.11193771003057157,0.11455672072570992,0.10671018208743309,0.10765781688913184,0.4569549745718194,,0.033506430973132835,0.07363611850475794,0.06692431722610935,0.05548811672933161,True
2013-07-16 00:00:00+00:00,0.109723405,0.093664657,0.106836523,0.108348375,0.466264291,,0.031407871,0.070030329,0.064099816,0.045049373,False
2013-07-16 00:30:00+00:00,0.08088506196942843,0.046151540159537846,0.088575802,0.1026205695,0.44389811149999997,,0.02631488352686716,0.060738787495242044,0.053189233273890656,0.02774455077066838,True
2013-07-16 01:00:00+00:00,0.053472187,0.010138564,0.070315081,0.096892764,0.421531932,,0.022363773,0.053434111,0.043942365,0.015571465,False
2013-07-16 01:30:00+00:00,0.337009148890312,0.18879335863015054,0.3625977624250487,0.6666034748673663,0.8121942915081319,,0.26705491155689914,0.41207896054000465,0.2631524655221962,0.703173892442195,True
2013-07-16 02:00:00+00:00,1.018276497,0.601588231,1.086294258,1.962934804,1.742774518,,0.874281697,1.242847052,0.830607978,2.312989157,False
2013-07-16 02:30:00+00:00,2.9292516539014697,1.563283249818483,3.5033088325860504,4.991792039368241,4.616325666880634,,2.859751172692839,3.2599949471518017,3.287666803107151,6.560677477579371,True
2013-07-16 03:00:00+00:00,5.550271002,2.850230274,6.810133887,8.532227351,7.652817856,,5.743951709,5.823812166,6.906645266,11.66727358,False
2013-07-16 03:30:00+00:00,8.271456689208218,4.243227893051365,9.924986950488902,11.13869484276439,8.926455658111234,,8.991370413250262,8.168189156808193,10.664574132870651,15.434385104478434,True
2013-07-16 04:00:00+00:00,9.884867799,5.076833429,11.71861572,12.50696364,9.497234553,,10.97752241,9.493773582,12.91233795,17.42037601,False
2013-07-16 04:30:00+00:00,8.95060954,4.658649724,10.536551177485025,11.530135184999999,8.898718809,,10.360011335,9.161180503999999,12.154668534962251,14.570406460000001,True
2013-07-16 05:00:00+00:00,8.016351281,4.240466019,9.341582499,10.55330673,8.300203065,,9.74250026,8.828587426,11.12491108,11.72043691,False
2013-07-16 05:30:00+00:00,8.052664928853643,4.45881416788682,9.32825633128642,10.837892195,8.719344361000001,,9.989485175,8.961978589000001,10.667699557644308,11.91746397628431,True
2013-07-16 06:00:00+00:00,8.12275047,4.693855913,9.315490942,11.12247766,9.138485657,,10.23647009,9.095369752,10.34254685,12.30020778,False
2013-07-16 06:30:00+00:00,8.232115244146357,4.720223328113181,9.176389835546223,11.00272319668412,9.03955067180933,,10.08082146737578,9.066776162216039,10.148866665068944,12.90988721371569,True
2013-07-16 07:00:00+00:00,8.307708125,4.729897147,8.856994632,10.70196597,8.783486801,,9.706576899,8.985993728,9.906343002,13.33384991,False
2013-07-16 07:30:00+00:00,7.239020670060405,4.186067146548289,7.613775953424786,9.32046888966275,7.423906224704884,,8.356050320964474,7.817877383283961,8.51759783342231,11.77152577,True
2013-07-16 08:00:00+00:00,6.109399345,3.464311486,6.444487872,8.100059652,6.045190805,,7.207528798,6.701949883,7.087691045,10.20920163,False
2013-07-16 08:30:00+00:00,6.044999164126336,3.217899525014732,6.3132111509536095,8.079886867548668,5.84222051248812,,7.190757928343178,6.7686375195,6.810265513132597,10.383394930000001,True
2013-07-16 09:00:00+00:00,5.980379104,2.969265506,6.181160198,8.059610619,5.640572959,,7.173900508,6.835325156,6.537880748,10.55758823,False
2013-07-16 09:30:00+00:00,5.084731943712663,2.3631530143397916,5.155226268330572,6.520265338731425,4.556984223736912,,5.476377488762651,6.32305352439583,5.530619115865422,9.259862677539884,True
2013-07-16 10:00:00+00:00,3.629604656,1.64561365,3.598600141,4.131421641,3.054179366,,3.071347987,5.273407738,4.059422958,6.878356138,False
2013-07-16 10:30:00+00:00,2.140950585366636,1.0394382160503668,2.1007451085118993,2.2896751098912795,1.778112024857004,,1.702800561040269,3.5209146361638006,2.313671984365972,3.9399753163690625,True
2013-07-16 11:00:00+00:00,0.999660616,0.603231869,0.979517463,1.010924704,0.8558433,,0.832617116,1.827647168,0.9566124,1.602758319,False
2013-07-16 11:30:00+00:00,0.5483656868664363,0.3953306589395292,0.5302487536523772,0.512069316099971,0.45126401791367776,,0.4675883885658702,0.9936266917398806,0.4651257895138373,0.8248279419432006,True
2013-07-16 12:00:00+00:00,0.309747331,0.286004648,0.287970665,0.248002449,0.2405861,,0.266837218,0.504000284,0.212046407,0.421375795,False
2013-07-16 12:30:00+00:00,0.21514309952997365,0.25124617559695867,0.18111389603874148,0.13382997614619754,0.16788562804519766,,0.1679095887124896,0.2903654727942059,0.11461205698074182,0.2533739421572103,True
2013-07-16 13:00:00+00:00,0.162738084,0.232120141,0.123131469,0.071312299,0.131144264,,0.109530562,0.16873412,0.063759748,0.156630528,False
2013-07-16 13:30:00+00:00,0.13373631863630667,0.2215010121007522,0.09590492389547976,0.03829638093318986,0.11339587358380754,,0.07507278248212454,0.09907093287006587,0.03997054679317473,0.09452285125722862,True
2013-07-16 14:00:00+00:00,0.113671584,0.211723982,0.078111824,0.019348177,0.105163987,,0.052255363,0.057537238,0.02537016,0.054381942,False
2013-07-16 14:30:00+00:00,0.0958086654507993,0.19542060005216852,0.06330905982793437,0.009190733745580822,0.10361148236107011,,0.035464907219147725,0.03474739822934818,0.014616418223786008,0.027919301200289914,True
2013-07-16 15:00:00+00:00,0.082893483,0.175013092,0.052078268,0.003712311,0.103040498,,0.024475115,0.021453889,0.007664294,0.012269719,False
2013-07-16 15:30:00+00:00,0.07426077725044353,0.1442571408574125,0.04244422204693462,0.0014434445568187143,0.10479332159193298,,0.017924957534015663,0.014796421463036563,0.0035065110266561724,0.005126972033124556,True
2013-07-16 16:00:00+00:00,0.070137291,0.124161084,0.037485696,0.000505204,0.107663765,,0.01492756,0.010757955,0.00160572,0.002084893,False
2013-07-16 16:30:00+00:00,0.07780246040891226,0.1398927695,0.03904124,0.0011784345,0.110386308408067,,0.01598938811877757,0.008448893835929415,0.003559386,0.15216856097651837,True
2013-07-16 17:00:00+00:00,0.088521187,0.155624455,0.040596784,0.001851665,0.111991232,,0.018194669,0.006564631,0.005513052,0.384642242,False
2013-07-16 17:30:00+00:00,0.09272960979480702,0.1459094062025573,0.0405049045,0.0009258325000000001,0.1090674775,,0.022577629381222427,0.0037908180079026955,0.0054210325,0.5172634713058121,True
2013-07-16 18:00:00+00:00,0.0976663,0.134063518,0.040413025,0.0,0.106143723,,0.025817137,0.002098377,0.005329013,0.674102178,False
2013-07-16 18:30:00+00:00,0.11229662262789655,0.1303423257974427,0.05319908409074785,0.0013269731677095912,0.11608742913318544,,0.0226368915,0.00406952258831146,0.0064537461344475995,1.0359380986329134,True
2013-07-16 19:00:00+00:00,0.141404529,0.128751973,0.087061491,0.005121421,0.142800086,,0.019456646,0.009677455,0.009687845,1.483561566,False
2013-07-16 19:30:00+00:00,0.2503238165259911,0.431129588,0.29833927613558364,0.05636798389884049,0.3064284321216556,,0.05656069145878542,0.08193130835083604,0.06259619393176488,1.8303667301531024,True
2013-07-16 20:00:00+00:00,0.362650843,0.733507203,0.524441168,0.140659184,0.537025725,,0.102917689,0.19012327,0.140941743,2.217007398,False
2013-07-16 20:30:00+00:00,0.40042906314239296,0.7334178727848487,0.5853428207736684,0.23302333393344993,0.7244807767451591,,0.11943330954121459,0.2804082935608525,0.20218821093378753,2.966350098931654,True
2013-07-16 21:00:00+00:00,0.416540136,0.733150498,0.610344019,0.289875372,0.828197931,,0.126695978,0.331118422,0.235888113,3.483462259,False
2013-07-16 21:30:00+00:00,0.3646297041351055,0.6519913967902812,0.4994378299675552,0.27837598086644244,0.7865426633764947,,0.10301399299999998,0.30994728526060344,0.20615033900000002,3.394805414679154,True
2013-07-16 22:00:00+00:00,0.298685871,0.526904514,0.370454616,0.261629314,0.726963811,,0.079332008,0.275502163,0.176412565,3.227014317,False
2013-07-16 22:30:00+00:00,0.27847447760235305,0.44610022759762924,0.34629526170942027,0.2530452331321772,0.6969898183349433,,0.08122278899999999,0.24828070710178163,0.1846454335,3.0456766952729732,True
2013-07-16 23:00:00+00:00,0.261845623,0.372768859,0.327884815,0.244930466,0.671464103,,0.08311357,0.224708018,0.192878302,2.813611727,False
2013-07-16 23:30:00+00:00,0.23865724112694425,0.2993512386066624,0.2986178083646091,0.23137148500138036,0.643658000128858,,0.08147639586033653,0.20849566543427847,0.16006763,2.48684012402766,True
2013-07-17 00:00:00+00:00,0.213533447,0.233126257,0.269291736,0.222590466,0.619071852,,0.078229009,0.193709458,0.127256958,2.114947818,False
2013-07-17 00:30:00+00:00,0.188553620943305,0.17963669822764755,0.24870612738633702,0.23504993074039893,0.5970911341597039,,0.07413995134531459,0.17551095203701672,0.1322388263505996,1.6815632925387267,True
2013-07-17 01:00:00+00:00,0.162690849,0.131318163,0.226368565,0.25403001,0.585365769,,0.068776435,0.158894076,0.141335849,1.413748712,False
2013-07-17 01:30:00+00:00,0.12829795619229226,0.07944962272152378,0.1778581740720785,0.2630247852877325,0.5888235954840361,,0.05993093379434888,0.14490956416631973,0.14854946486160858,1.3993705154814864,True
2013-07-17 02:00:00+00:00,0.107174284,0.038552098,0.14348692,0.276315219,0.599066035,,0.053970104,0.137542496,0.161148106,1.394404677,False
2013-07-17 02:30:00+00:00,0.19857961901369253,0.013259611271407061,0.26418574942777373,0.487269654386098,1.0359138843069933,,0.18035388659096108,0.24818828863612308,0.29056705996764925,1.5769274218529528,True
2013-07-17 03:00:00+00:00,0.447167805,0.001265355,0.590765379,1.014959394,2.017732832,,0.524322121,0.54032176,0.624802492,2.069378172,False
2013-07-17 03:30:00+00:00,2.0688036148161015,0.5847266967814262,2.6190174154933037,3.3497163135499566,4.335147647075272,,2.790574876619768,1.9695088648106138,2.791411350745725,5.079700948341842,True
2013-07-17 04:00:00+00:00,4.617725653,1.748242949,5.776249139,6.807181289,6.985171575,,6.341958822,4.213301626,6.299606618,9.660188644,False
2013-07-17 04:30:00+00:00,7.075537566741134,3.363155423659685,8.888450700771836,9.930959741940876,8.55644648720466,,9.593549872597807,6.496904520082383,10.16996716233262,14.2034531229472,True
2013-07-17 05:00:00+00:00,9.136906848,5.201637319,11.27907112,12.61706334,9.731922193,,12.55932375,8.566758998,13.18954189,17.11141682,False
2013-07-17 05:30:00+00:00,10.470162597429072,7.106706637558888,12.374896777307088,14.677766569094937,10.73454203542904,,15.167446804191464,10.17922552847088,14.428683999741796,17.495820276358007,True
2013-07-17 06:00:00+00:00,11.1153919,8.208151625,12.85744309,15.72588502,11.24859626,,16.55867139,11.00934714,14.96270886,17.63543159,False
2013-07-17 06:30:00+00:00,9.917004375175495,7.251082238494159,11.30290271773108,13.687909551338882,10.589960070794167,,15.791153200397,10.231211580582439,13.218648157934929,15.33782752055081,True
2013-07-17 07:00:00+00:00,8.365237876,5.952893569,9.358144829,11.10164495,9.478775586,,14.48103915,9.204663545,10.85785294,12.54992028,False
2013-07-17 07:30:00+00:00,7.843587189458635,5.424623489085734,8.81940853790085,10.30867885496531,8.548754041594298,,13.403967862388988,8.860102708502305,9.887816979176016,11.87128405791933,True
2013-07-17 08:00:00+00:00,7.414030599,4.974759457,8.353690127,9.664193903,7.626324971,,12.20923619,8.519106397,9.094519452,11.33506033,False
2013-07-17 08:30:00+00:00,6.892351663938782,4.416722267595665,7.588590151259655,8.847753816552816,6.772101211895552,,10.753031122610992,7.777943335560648,8.25383459718011,10.609036034498363,True
2013-07-17 09:00:00+00:00,6.254374406,3.839506798,6.631717467,7.862146815,5.913648996,,9.055683953,6.805063759,7.337871584,9.706642385,False
2013-07-17 09:30:00+00:00,5.266677801707441,3.3032028234861692,5.4499361856388555,6.410613807100242,4.996283728872854,,6.933988988207773,5.787479357013299,6.17132471599768,8.39546163475795,True
2013-07-17 10:00:00+00:00,4.089342271,2.719523945,4.141940074,4.77428724,4.024173092,,4.846770217,4.658034972,4.844671858,6.762281086,False
2013-07-17 10:30:00+00:00,2.8219456585027283,1.8731428808642092,2.7351509649232724,3.164435734659892,2.9062932655741527,,3.177572906684274,3.3050778092585698,3.2865493295810317,4.6958518496919215,True
2013-07-17 11:00:00+00:00,1.706131372,1.121202427,1.548089455,1.828646775,1.864134545,,1.898327218,2.053643257,1.896842844,2.78143461,False
2013-07-17 11:30:00+00:00,0.908678832585285,0.6990560925939399,0.770444607044597,0.935679724538256,0.9931490989572265,,1.0150007385716153,1.0992695053755865,0.9255906580199853,1.4471117625002132,True
2013-07-17 12:00:00+00:00,0.429583489,0.456123747,0.325534752,0.405808393,0.445092308,,0.488130112,0.498274168,0.351320068,0.64924322,False
2013-07-17 12:30:00+00:00,0.27832163454185477,0.3696457580085792,0.19810248068353753,0.22362716695241602,0.2792680699891466,,0.29948708944410884,0.28913764596930025,0.18018241431655183,0.4077974872700225,True
2013-07-17 13:00:00+00:00,0.200031006,0.322564482,0.13419089,0.12686596,0.19784568,,0.197411431,0.17587314,0.094853504,0.278831243,False
2013-07-17 13:30:00+00:00,0.1609643808685356,0.2962558288310218,0.10108642531377719,0.07595256329760439,0.1647658165011466,,0.14191061375045225,0.11462422863598662,0.05641977357266552,0.20671587105861217,True
2013-07-17 14:00:00+00:00,0.138341445,0.279734498,0.086137489,0.046517036,0.147604685,,0.108829262,0.0776219,0.035274246,0.158846762,False
2013-07-17 14:30:00+00:00,0.12539617138703452,0.2687918015666097,0.08451709650437632,0.030498730305425405,0.13894581932145755,,0.08925256180662541,0.055326330440601444,0.023823904365079508,0.11748855126787386,True
2013-07-17 15:00:00+00:00,0.11721804,0.26136537,0.083945078,0.020899222,0.135246261,,0.077661339,0.040751478,0.017362879,0.093905438,False
2013-07-17 15:30:00+00:00,0.11127875733421044,0.2575391504555847,0.0858071015,0.01580005783396595,0.13852897648863063,,0.07220969445046085,0.03145848764786868,0.014439162183127885,0.08859484698490065,True
2013-07-17 16:00:00+00:00,0.108440023,0.252839671,0.087669125,0.012032262,0.143967526,,0.068492416,0.024315606,0.012551412,0.086576935,False
2013-07-17 16:30:00+00:00,0.13375733861965358,0.2261824803873141,0.08657486020908324,0.008222539662610525,0.14822974938867498,,0.06495842152112144,0.01756044454146721,0.011122693353764194,0.11562707159582764,True
2013-07-17 17:00:00+00:00,0.172937755,0.185343434,0.084509739,0.004992236,0.152495108,,0.062521682,0.011914845,0.009872698,0.165991166,False
2013-07-17 17:30:00+00:00,0.20418536038034643,0.1401518469818845,0.08217783284930431,0.0020235857925818054,,,,0.006721516971930753,0.008143807819061,0.21804243223764694,True
2013-07-17 18:00:00+00:00,0.221569865,0.108501459,0.079471753,0.000437662,,,,0.003952627,0.007096557,0.258016233,False
2013-07-17 18:30:00+00:00,0.2143603974803089,0.10275657722412977,0.07666789607707401,0.0006608917444298324,,,,0.004115196291128775,0.007244493,0.27419076416652544,True
2013-07-17 19:00:00+00:00,0.201098314,0.098498406,0.073699643,0.001176509,,,,0.004447139,0.007392429,0.281128803,False
2013-07-17 19:30:00+00:00,0.18706586755125404,0.09205521447016819,0.07054347465202886,0.002317410266528685,,,,0.004861980278777454,0.0070995995,0.2807234535,True
2013-07-17 20:00:00+00:00,0.171478015,0.084247762,0.067370722,0.003980778,,,,0.005522568,0.00680677,0.280318104,False
2013-07-17 20:30:00+00:00,0.15633090344511827,0.07395445131034636,0.06459135762873024,0.0056966029340300775,,,,0.007110980119431375,0.006944135106486888,0.282527267,True
2013-07-17 21:00:00+00:00,0.140188387,0.062520951,0.061476126,0.007871712,,,,0.009164097,0.007289222,0.28473643,False
2013-07-17 21:30:00+00:00,0.11736345014490665,0.04888996414448567,0.05548953308377933,0.010966127971787582,,,,0.010579177945488485,0.008346401375252145,0.280211232,True
2013-07-17 22:00:00+00:00,0.101957563,0.040702154,0.051364818,0.015256449,,,,0.012569104,0.010280362,0.275686034,False
2013-07-17 22:30:00+00:00,0.10010276687841216,0.04149598000292701,0.052786779352242526,0.021314130148738192,,,,0.01913400734665633,0.012995131237916416,0.27700372355316216,True
2013-07-17 23:00:00+00:00,0.099432348,0.0436185,0.056826116,0.030179333,,,,0.032554922,0.018171778,0.280931928,False
2013-07-17 23:30:00+00:00,0.1348214528943312,0.05273210727655073,0.09727144653494532,0.04315101733439627,,,,0.06899641404317368,0.041590313446261254,0.6843902560992976,True
2013-07-18 00:00:00+00:00,0.198149138,0.073545602,0.183018391,0.066242025,,,,0.131290505,0.088254526,1.382473699,False
2013-07-18 00:30:00+00:00,0.27649823210566876,0.18081281772052224,0.4061920646128122,0.1688993763970148,,,,0.25728153702114087,0.21420059670628222,2.1094769465036367,True
2013-07-18 01:00:00+00:00,0.326908746,0.275051452,0.581446749,0.277007685,,,,0.353141194,0.315868664,2.673881716,False
2013-07-18 01:30:00+00:00,0.3096768033211889,0.2572699605367769,0.5729153052307889,0.31342090620307456,,,,0.359341130454203,0.3196965366278012,2.8856431092210184,True
2013-07-18 02:00:00+00:00,0.272998208,0.219765061,0.550847934,0.328986282,,,,0.361509162,0.321010355,3.014094537,False
2013-07-18 02:30:00+00:00,0.1934631176788111,0.1410608494632231,0.426646449269211,0.30945113050000006,,,,0.3311159985,0.29587052,3.082168989343452,True
2013-07-18 03:00:00+00:00,0.13337468,0.082080046,0.315980892,0.289915979,,,,0.300722835,0.270730685,3.161108183,False
2013-07-18 03:30:00+00:00,0.18318746885341433,0.33302580677275184,0.4043468457069483,0.46107565916907345,,,,0.5345251804117163,0.37309575588712196,3.4133243056879503,True
2013-07-18 04:00:00+00:00,0.322312035,0.93161994,0.643749178,0.891523643,,,,1.093682109,0.647824368,3.969163553,False
2013-07-18 04:30:00+00:00,1.9308605137799142,3.0202206542272485,2.586382758097362,2.774289536773567,,,,3.0700166155882838,2.7334863697629217,7.9284799977633345,True
2013-07-18 05:00:00+00:00,3.594496932,4.761172996,4.496943659,4.648908817,,,,4.720996539,4.664137572,11.7047943,False
2013-07-18 05:30:00+00:00,3.770195830138333,4.622757597,4.631623526552598,4.975479411724873,,,,4.663860763999999,4.681808482864028,11.90850162001048,True
2013-07-18 06:00:00+00:00,3.911252898,4.484342198,4.750529499,5.22869779,,,,4.606724989,4.699145564,12.08855881,False
2013-07-18 06:30:00+00:00,4.225681861642649,4.826400209490733,5.224711434573184,5.675699801176801,,,,4.884566731789787,5.18316564767538,12.815302753666545,True
2013-07-18 07:00:00+00:00,4.626316582,5.385869795,5.859174371,6.148196158,,,,5.370162978,5.927382116,13.95536827,False
2013-07-18 07:30:00+00:00,5.15794340808569,5.914547010009267,6.493048194069908,6.614252070155685,,,,5.929902455710213,6.571307290310548,15.72215750115112,True
2013-07-18 08:00:00+00:00,5.493606591,6.225812651,6.863451212,6.877024163,,,,6.28188743,6.938017168,16.91646238,False
2013-07-18 08:30:00+00:00,4.957067271750391,5.5267272543817105,6.166389991179208,6.151503012184065,,,,5.718989180495767,6.241135643286695,14.465648678658011,True
2013-07-18 09:00:00+00:00,4.010972055,4.313783102,4.903855958,4.895800036,,,,4.705675377,4.982653642,10.37272796,False
2013-07-18 09:30:00+00:00,3.093046711481771,3.174632449011492,3.544966080629062,3.739988592200624,,,,3.6674921896196646,3.639345903931955,6.697844741754657,True
2013-07-18 10:00:00+00:00,2.180675426,2.091687092,2.229389452,2.614435918,,,,2.603305062,2.343426347,3.779419166,False
2013-07-18 10:30:00+00:00,1.3345678130407892,1.1603698048554858,1.1880447871019593,1.5816004001252555,,,,1.6017651796906645,1.3412996314970982,2.264151533457521,True
2013-07-18 11:00:00+00:00,0.734038814,0.535276904,0.516049564,0.834505374,,,,0.860664076,0.658399221,1.3574583,False
2013-07-18 11:30:00+00:00,0.46352425730197894,0.28057233813696447,0.26179552852528615,0.47168456236254475,,,,0.4935931351782546,0.32503535055136307,0.8873870794542049,True
2013-07-18 12:00:00+00:00,0.328333673,0.159248235,0.14407823,0.270374207,,,,0.286340862,0.150997379,0.638900824,False
2013-07-18 12:30:00+00:00,0.29459441048410223,0.13447092994282175,0.11998472702825576,0.18886781642281109,,,,0.1979705444901685,0.0966468770298091,0.5532323361165541,True
2013-07-18 13:00:00+00:00,0.276198414,0.11931786,0.108410613,0.140841414,,,,0.146707834,0.068012939,0.507649206,False
2013-07-18 13:30:00+00:00,0.2641801249172978,0.1022747814730846,0.1027508028056845,0.10858900471653561,,,,0.11540013535348666,0.051709630655646294,0.48480026856636915,True
2013-07-18 14:00:00+00:00,0.254116266,0.090170129,0.098900821,0.086292905,,,,0.09429411,0.041857875,0.467389567,False
2013-07-18 14:30:00+00:00,0.2416381334028402,0.08454724969139958,0.09531195136226345,0.06966133907361918,,,,0.07702807469068304,0.03582069921916352,0.445173031069249,True
2013-07-18 15:00:00+00:00,0.229665379,0.081006322,0.092322943,0.058363686,,,,0.067556528,0.032329704,0.427910234,False
2013-07-18 15:30:00+00:00,0.22114901627864816,0.07896239067190851,0.08937717736828181,0.05099784841454394,,,,0.0658781339813124,0.03067673832826986,0.4186850334234329,True
2013-07-18 16:00:00+00:00,0.210977066,0.076957754,0.087775718,0.047533908,,,,0.065258019,0.029969567,0.414472511,False
2013-07-18 16:30:00+00:00,0.18676801497148615,0.07329472065664654,0.09117339740394546,0.06796238235559135,,,,0.06711710772421353,0.03506480314818404,0.4996549362817499,True
2013-07-18 17:00:00+00:00,0.156672887,0.068581077,0.097848013,0.102547313,0.364838258,0.3520918,0.028186589,0.070412447,0.043535154,0.627088567,False
2013-07-18 17:30:00+00:00,0.1277859035962388,0.06293443866975248,0.1088520082039028,0.13879335014440866,0.36827867701270844,0.3496376292993365,0.02678433190975245,0.07437478227578648,0.051940687851815964,0.7183338252182502,True
2013-07-18 18:00:00+00:00,0.107969761,0.057169899,0.116609982,0.160882931,0.370172623,0.34404852,0.025569595,0.076900867,0.056971107,0.767327878,False
2013-07-18 18:30:00+00:00,0.10235937207582575,0.05208110580757099,0.11665645639215173,0.159131342,0.36739198749999996,0.3301526174359572,0.024984554511696462,0.0738760703871116,0.055948001,0.7502193396172341,True
2013-07-18 19:00:00+00:00,0.099057023,0.048057806,0.116672016,0.157379753,0.364611352,0.315611451,0.024720157,0.070238481,0.054924895,0.721948514,False
2013-07-18 19:30:00+00:00,0.09615844119863075,0.04541880203320559,0.1100328235,0.15763401511024272,0.36805583132783765,0.3085721612647063,0.024720157,0.0691811536128884,0.0559537375298013,0.696368959894471,True
2013-07-18 20:00:00+00:00,0.094718822,0.043727298,0.103393631,0.158337594,0.374734136,0.305313074,0.024720157,0.068736619,0.058292686,0.678006452,False
2013-07-18 20:30:00+00:00,0.09702278850577893,0.042782451667957105,0.10589860768791161,0.16433009278020475,0.3826750637123672,0.31404203629657496,0.025121969705843676,0.0703413488083214,0.06337876681159314,0.6726375483351316,True
2013-07-18 21:00:00+00:00,0.101940354,0.042357827,0.111559578,0.17287543,0.392646104,0.323370154,0.026122949,0.073193472,0.070096555,0.668389008,False
2013-07-18 21:30:00+00:00,0.1109972398224183,0.048387586550681476,0.12620483530204885,0.17854117878609824,0.4054625717195206,0.32400882675981885,0.030164025734389352,0.07590338571341264,0.07743289365860556,0.6601292316531635,True
2013-07-18 22:00:00+00:00,0.120868165,0.055069455,0.139361343,0.183104459,0.418184108,0.32465364,0.034344713,0.078860405,0.081827419,0.654694333,False
2013-07-18 22:30:00+00:00,0.12795597517180277,0.056122174449318524,0.14208942701003957,0.18677843353676676,0.4294532287402746,0.33141491259213673,0.03561473355976697,0.08239002138485141,0.08169980076736232,0.6786365395,True
2013-07-18 23:00:00+00:00,0.131616147,0.056522785,0.143150267,0.189148935,0.435553343,0.34596915,0.036145977,0.085185596,0.08136922,0.702578746,False
2013-07-18 23:30:00+00:00,0.12974431284817367,0.053169137096930386,0.14313852224770907,0.19018977928668757,0.4310264406182721,0.37509318808311376,0.0342729648917328,0.08611089859838589,0.0794887022326377,0.6939664163784257,True
2013-07-19 00:00:00+00:00,0.125407142,0.045452381,0.143103336,0.19063441,0.422481561,0.425196263,0.03025444,0.087187994,0.077811147,0.670845025,False
2013-07-19 00:30:00+00:00,0.11220004715182633,0.022666089403069606,0.12017655625229093,0.1826531785,0.4100428818817279,0.49866467512291235,0.021283978108267206,0.09283767175823862,0.07994604398177009,0.4940416121215742,True
2013-07-19 01:00:00+00:00,0.101458289,0.004242906,0.097273218,0.174671947,0.40162218,0.652572151,0.014459029,0.107724339,0.086306241,0.331747261,False
2013-07-19 01:30:00+00:00,0.6894844784734675,0.1749835121785966,0.8181465214651307,1.1995023415866883,1.3159763306827927,3.1180937340426764,0.6231371756226189,0.6738069180468952,0.576692936117933,2.3846806070807123,True
2013-07-19 02:00:00+00:00,1.92824134,0.612673263,2.379830594,3.246313587,3.1727637,7.102025654,1.811475801,1.860208822,1.699754338,6.178537388,False
2013-07-19 02:30:00+00:00,4.001151024886343,2.843554519627362,5.3029943979917435,6.249493093898639,6.237148625551937,10.499416386137108,3.365264309435532,3.872795620437832,4.281147020845798,11.353040616419285,True
2013-07-19 03:00:00+00:00,6.454015725,4.971064714,8.767197437,9.355528761,9.066229223,13.67964672,5.078424019,6.355752808,7.750753323,14.78662041,False
2013-07-19 03:30:00+00:00,8.86217028114019,5.229707068194041,11.893882485543127,11.698436466014675,10.350190286765272,16.85661853996566,6.481437017348181,9.063608580752065,11.588672684554497,14.596925839593457,True
2013-07-19 04:00:00+00:00,10.23963915,5.32477134,13.63871753,12.91650716,10.92702246,18.62252406,7.777734954,10.6706254,13.90147842,14.156245,False
2013-07-19 04:30:00+00:00,9.99554326752787,5.121537776719837,12.76226678714401,12.756309850799104,10.277308536500001,17.392911895026028,9.283581486093668,10.553343718898734,13.658389426344767,12.971195790182545,True
2013-07-19 05:00:00+00:00,9.497430591,4.804981401,11.32565994,12.40580238,9.627594613,15.35460588,10.1571114,10.28822531,13.08968459,11.6918831,False
2013-07-19 05:30:00+00:00,8.565325739972133,4.547381225280164,10.019663817712914,11.563499549200898,10.7695237415,13.349109889973972,8.934324826000001,9.616895993540991,11.280579948655234,11.039615425224003,True
2013-07-19 06:00:00+00:00,7.887237683,4.403103862,9.153069966,10.91150688,11.91145287,12.15230775,7.711538252,8.984524817,9.79709115,10.7325975,False
2013-07-19 06:30:00+00:00,8.115816282499999,4.536633188500001,9.01370285706342,10.994193518182637,11.485090718099883,12.98852830111999,8.353996417,8.845764523623767,10.027999485,11.21629622,True
2013-07-19 07:00:00+00:00,8.344394882,4.670162515,8.881358535,11.13467719,10.56356464,14.1034116,8.996454582,8.723102206,10.25890782,11.69999494,False
2013-07-19 07:30:00+00:00,8.114270761987266,4.412930694955944,8.316320356536167,11.283477476817362,8.756722448440375,14.632833663880009,8.35785029298598,8.46123711178766,9.825833964530684,11.06004725114234,True
2013-07-19 08:00:00+00:00,7.625319109,3.963584068,7.484635901,11.37448073,6.83034547,14.88359298,7.132632458,8.083647777,8.997121784,10.01293705,False
2013-07-19 08:30:00+00:00,6.84254651440011,3.5738192882270297,6.7194006685804615,10.457166840827245,5.860392664608386,14.502251873022443,5.453013982141834,7.4825566714522,8.059406879755631,9.30069806521705,True
2013-07-19 09:00:00+00:00,5.777280632,3.121364907,5.813854889,8.650560711,4.997303621,13.52500449,3.966252005,6.884883883,6.875119848,8.438785884,False
2013-07-19 09:30:00+00:00,4.507526785698377,2.4903393949911847,4.487372414528614,6.0971809167228885,3.8816541672246747,9.023721862670524,3.4175304462091365,6.606187696272874,5.309059956903011,6.722194286814332,True
2013-07-19 10:00:00+00:00,3.16325962,1.830959129,3.049482076,3.525690566,2.719557921,3.816272908,2.918034552,6.261365762,3.621054215,4.631697373,False
2013-07-19 10:30:00+00:00,1.801970127641728,1.2776092091737348,1.6728565898763494,1.7822248760717028,1.4537523820002556,1.4412560044552702,1.8591938028283943,4.321346266821214,1.9198579596891054,2.5031769540020874,True
2013-07-19 11:00:00+00:00,0.834182033,0.821715791,0.719966016,0.715883426,0.559906765,0.257593278,0.906957872,2.090731639,0.739280604,0.989220298,False
2013-07-19 11:30:00+00:00,0.47282727898789495,0.46011732719289045,0.38777398979512334,0.3503814826345669,0.26349273092909664,0.08661590971728748,0.5103420780937863,1.1180838836256304,0.34660639763804735,0.4839539494472086,True
2013-07-19 12:00:00+00:00,0.284588654,0.234045667,0.212457337,0.165036707,0.12118823,0.021463374,0.283610784,0.552774078,0.15313619,0.22402326,False
2013-07-19 12:30:00+00:00,0.21008245930907915,0.15498675480132204,0.13051390210065983,0.08515510676167673,0.0780152294732758,0.013911381634476574,0.17385988150220635,0.3051490123651788,0.08534425309399109,0.11034699214679738,True
2013-07-19 13:00:00+00:00,0.164679461,0.113028888,0.083276263,0.042493602,0.056435682,0.011252983,0.109520708,0.166177036,0.048666049,0.050144888,False
2013-07-19 13:30:00+00:00,0.1299741826298057,0.09382132123632846,0.05528943571253077,0.020854864204536132,0.046101400359023534,0.014957548456371065,0.0713829070989883,0.08976536149251436,0.026403964355704218,0.021118187814886197,True
2013-07-19 14:00:00+00:00,0.104144516,0.079671261,0.037939019,0.009808959,0.039796354,0.022727046,0.048358944,0.046077916,0.013268204,0.006739019,False
2013-07-19 14:30:00+00:00,0.08327751690903984,0.06184874085910302,0.027161304870392103,0.005966542777386088,0.03474162986503116,0.03468882096033387,0.036074310498343996,0.024581717116230768,0.00596747980266483,0.0022694454152970955,True
2013-07-19 15:00:00+00:00,0.068396128,0.048794621,0.021085081,0.004432588,0.032276506,0.050620894,0.028426816,0.012593204,0.002618474,0.00051978,False
2013-07-19 15:30:00+00:00,0.05838321502929254,0.04305531706246372,0.01862487307935792,0.0060159449311059585,0.03288104980115785,0.07359530008329507,0.023986195645600873,0.006240035003001883,0.0024021597311607843,0.001539939347308544,True
2013-07-19 16:00:00+00:00,0.05352071,0.040564918,0.017606418,0.0093975,0.034570117,0.088534476,0.020328307,0.003471328,0.002327475,0.003272357,False
2013-07-19 16:30:00+00:00,0.053366616907407974,0.04116830124304472,0.021215361141176555,0.015474511489050593,0.049482664362575125,0.0833987160689751,0.01574104319943266,0.0038547440240881714,0.004273450982349117,0.004379728991192384,True
2013-07-19 17:00:00+00:00,0.053314311,0.042694107,0.027402664,0.02244506,0.074508955,0.077856033,0.011632561,0.004555098,0.007180794,0.006224852,False
2013-07-19 17:30:00+00:00,0.05547755037725158,0.0467997111477607,0.03165901952222073,0.026636947665466912,0.09611500821036503,0.07721207643102491,0.008247039296295876,0.005103103515699868,0.008474120524141341,0.05295424980228721,True
2013-07-19 18:00:00+00:00,0.06168041,0.056508445,0.03829095,0.03161003,0.125499491,0.076975043,0.006479363,0.00608207,0.010365019,0.16938959,False
2013-07-19 18:30:00+00:00,0.15609154852271032,0.16064200866819267,0.08872433160335193,0.044191273149252856,0.19169872187331885,0.17183704053915366,0.01018119550160638,0.03275238423039175,0.08596340349350956,0.7460887859924011,True
2013-07-19 19:00:00+00:00,0.297307814,0.292730195,0.14832551,0.060296569,0.273941811,0.338730299,0.020718048,0.079349208,0.160002849,1.282920912,False
2013-07-19 19:30:00+00:00,0.41217772210003817,0.3586663189410019,0.1743845132332508,0.07384914921335382,0.3565395274576049,0.529890874133591,0.18071112942917128,0.13368558420116558,0.12857466864525255,1.3317172933668107,True
2013-07-19 20:00:00+00:00,0.476202883,0.390122268,0.186321785,0.087619108,0.406555384,0.659133445,0.363011379,0.174263645,0.093173491,1.349224793,False
2013-07-19 20:30:00+00:00,0.4112002744635338,0.33663705604120797,0.17302355831813646,0.10393845351618342,0.41030654329497823,0.6749847818272554,0.41206730477385545,0.18581763202865464,0.08759489289919944,1.3071428520275887,True
2013-07-19 21:00:00+00:00,0.312585373,0.248870807,0.150444255,0.118194176,0.411619008,0.680722862,0.433256887,0.190455526,0.084155227,1.223747037,False
2013-07-19 21:30:00+00:00,0.24680898733602394,0.17468563019392624,0.1285761716958151,0.12605528802958232,0.38331456374323647,0.6031828480253135,0.4352187462953669,0.1773891936122424,0.08118713160217368,1.1234264581496716,True
2013-07-19 22:00:00+00:00,0.198478249,0.115639622,0.111983399,0.133730068,0.347524892,0.48847972,0.435904761,0.157341625,0.077972173,0.981788052,False
2013-07-19 22:30:00+00:00,0.17239534995810799,0.08449140560140447,0.10658922400739254,0.1474484374579306,0.3352396563052546,0.4192161378623932,0.4345696233584412,0.14389438096330537,0.07203742307440797,0.6852414756402454,True
2013-07-19 23:00:00+00:00,0.153360407,0.061919509,0.10186395,0.161240457,0.327992185,0.367303655,0.430893851,0.133199722,0.065240619,0.460415582,False
2013-07-19 23:30:00+00:00,0.1334956862423343,0.04283130986554759,0.0903957524786559,0.16806998009242094,0.3235025499515089,0.3279594861122932,0.40237952995979054,0.12457661192445221,0.05829571427896637,0.4435724241824943,True
2013-07-20 00:00:00+00:00,0.122749655,0.027086762,0.08226442,0.177140042,0.321460378,0.308427332,0.359733253,0.120182153,0.054293792,0.437640285,False
2013-07-20 00:30:00+00:00,0.1273503554367525,0.011137831297913727,0.10492775009446269,0.23064609467162142,0.43316834482790895,0.309804354598267,0.32082348868176824,0.14571557169737112,0.07776714416338926,0.47028012418581794,True
2013-07-20 01:00:00+00:00,0.140574339,0.002410798,0.164526243,0.34955818,0.687240089,0.313886407,0.298386315,0.210313014,0.1390552,0.550585143,False
2013-07-20 01:30:00+00:00,0.3100185549341487,0.00453947650908055,0.41152321831418437,0.6890719200209057,1.2040965463748299,0.49463944997396786,0.49857411982820804,0.4165277540086726,0.37540146834899013,0.7563118982066017,True
2013-07-20 02:00:00+00:00,0.672325172,0.010761236,0.888676818,1.276187809,1.972185085,0.916430206,0.941773342,0.796987796,0.841032269,1.161847152,False
2013-07-20 02:30:00+00:00,1.3111196666505385,0.13056935029642025,1.685384179761274,2.108343098155285,2.8762560887484994,1.8682582232556426,1.71729370557797,1.4122413223707075,1.6938874215875643,2.0930175193835616,True
2013-07-20 03:00:00+00:00,2.336257863,0.426878154,2.924974392,3.351216042,4.004312448,3.469321415,2.928888594,2.360729234,3.076091354,3.762916826,False
2013-07-20 03:30:00+00:00,4.265511591298048,1.6509347385673017,5.214349063888046,5.807142935632943,5.712871615059499,6.354931581293557,5.065340609336844,4.147462073643206,5.79734450807924,7.672761846285201,True
2013-07-20 04:00:00+00:00,6.342650561,3.163050561,7.61621678,8.300015072,7.15377017,9.414217299,7.219965033,5.992497024,8.62019223,11.92365111,False
2013-07-20 04:30:00+00:00,7.787569869422827,4.0511993255226315,9.294031835942032,9.614379967670326,7.685484063860519,11.50304999870686,8.503636297196211,7.042706429878629,10.3572919369105,14.554371480438817,True
2013-07-20 05:00:00+00:00,8.668176571,4.58874336,10.14937921,10.52711165,8.053551939,12.74151408,9.285856401,7.806362022,11.27697868,15.85784499,False
2013-07-20 05:30:00+00:00,8.954914268757687,4.7892445601045655,10.13435648845452,11.256166150304573,8.371962895955553,13.086218059849104,9.552770205659812,8.357606547975852,11.403133339910317,15.816924387214987,True
2013-07-20 06:00:00+00:00,9.070249946,4.871697482,10.09328925,11.61890419,8.689349017,13.23872426,9.769069617,8.787162257,11.44865838,15.71974046,False
2013-07-20 06:30:00+00:00,8.89042846057517,4.858873318719172,9.81520331650436,11.538916833527834,9.225932884173188,13.264651793128772,10.139867065475894,9.156952659742757,11.106423135325832,15.387822102785012,True
2013-07-20 07:00:00+00:00,8.618356121,4.825058917,9.36304038,11.40459217,9.577267004,13.29206669,10.49675663,9.443494704,10.52033934,15.11216707,False
2013-07-20 07:30:00+00:00,8.485630122168912,4.688277263573128,8.980533452230336,11.317633307086625,9.380732789152074,13.92676610219383,10.767797486425062,9.673343696682808,10.067520815236444,15.114148664283483,True
2013-07-20 08:00:00+00:00,8.306547442,4.40473428,8.477368065,11.18411841,8.899400361,14.53589108,10.90755343,9.789837857,9.492840559,15.12004565,False
2013-07-20 08:30:00+00:00,7.321414050745052,3.6819043367226394,7.494316490901906,10.332904055343276,7.327899268911511,14.265750527882343,9.551797428327706,8.874009190414892,8.375197456914911,15.767391930716517,True
2013-07-20 09:00:00+00:00,5.807875866,2.742181335,6.14970263,8.80340005,5.333226482,13.56825735,7.237999079,7.887591065,6.954545961,16.41082282,False
2013-07-20 09:30:00+00:00,4.333892574291721,1.973009171963298,4.46885347661493,6.606195436636663,4.061630100466852,10.477056802160742,5.0942085955814145,7.81298927925867,5.566868835980252,13.50373614417507,True
2013-07-20 10:00:00+00:00,2.945815749,1.310371078,2.851060874,4.291914929,2.98488326,6.24466952,3.228133891,7.735094306,4.127557144,8.925221729,False
2013-07-20 10:30:00+00:00,1.8006714912587611,0.7522387652136027,1.6657986403844909,2.5392378513527385,1.9600040360617308,2.8748860514193275,2.0095253117752994,5.706886060345382,2.4779667913046426,5.37937888211671,True
2013-07-20 11:00:00+00:00,0.988982515,0.40080852,0.867825938,1.317654402,1.162055231,0.756882217,1.168640145,2.972568955,1.189583376,2.884956417,False
2013-07-20 11:30:00+00:00,0.5623872106560414,0.29202954545553506,0.479158689273409,0.7006245385422518,0.632705994427616,0.24900810790620945,0.6285426079914743,1.5156975346573722,0.5700329384599468,1.8831576890286967,True
2013-07-20 12:00:00+00:00,0.325827875,0.231389899,0.262125509,0.349623664,0.327674267,0.040683583,0.311575312,0.652706216,0.23885005,1.324617489,False
2013-07-20 12:30:00+00:00,0.23715634776544886,0.19334614341535464,0.16530128685987477,0.18913207877728622,0.2309837414238166,0.013999498631379382,0.18611372072449178,0.3633483897485114,0.12919034647627559,1.0452357228960982,True
2013-07-20 13:00:00+00:00,0.186365837,0.167226164,0.111349617,0.100280544,0.182381377,0.004525556,0.116441128,0.209346121,0.072528414,0.867576308,False
2013-07-20 13:30:00+00:00,0.15352782313074909,0.14756265988051198,0.08237674679544113,0.05543471573293418,0.16103403854604048,0.005318560404699113,0.07767315918865139,0.12641425608985568,0.04370761895930776,0.7373065442158625,True
2013-07-20 14:00:00+00:00,0.13132125,0.13212077,0.065804225,0.029727739,0.148356847,0.00713866,0.053889109,0.077690586,0.027294854,0.644178877,False
2013-07-20 14:30:00+00:00,0.11341924034874498,0.11909265288233266,0.05785628917155226,0.015362885153619542,0.13933239578451148,0.011138745154585449,0.03932331269928124,0.05008153209239799,0.018517389409562348,0.5790439823715617,True
2013-07-20 15:00:00+00:00,0.104121434,0.108141039,0.052696495,0.007823697,0.133732209,0.016742672,0.029783768,0.033482289,0.013200655,0.529522642,False
2013-07-20 15:30:00+00:00,0.10335558105939752,0.09912742373806957,0.047999834809174684,0.005501556480078569,0.13068950822584774,0.02387728944071544,0.02377749154675277,0.024795297052724916,0.009686013729524705,0.4939080214361313,True
2013-07-20 16:00:00+00:00,0.10308768,0.090707772,0.045604248,0.004262199,0.129336674,0.02838097,0.01921476,0.01870419,0.007951981,0.456685031,False
2013-07-20 16:30:00+00:00,0.25470827399999996,0.08232046494552271,0.047431656999999995,0.0035523078070587555,0.1293622669469908,0.028254766568623156,0.015076996559593847,0.01302197152936659,0.007747606703302289,0.389232555255234,True
2013-07-20 17:00:00+00:00,0.406328868,0.072497667,0.049259066,0.00306173,0.129433622,0.027920103,0.011497443,0.008927799,0.007674849,0.317980241,False
2013-07-20 17:30:00+00:00,0.2164636617959122,0.055099478013182726,0.04791571040384483,0.0025750825596376117,0.12991325977351156,0.025629762431376844,0.007710999605334918,0.00637827881082731,0.007930912497094687,0.2580775430046337,True
2013-07-20 18:00:00+00:00,0.023295657,0.039155925,0.045623776,0.00231804,0.13106958,0.023547882,0.005596548,0.005182669,0.008457603,0.225853881,False
2013-07-20 18:30:00+00:00,0.018543230393359627,0.032201206843884625,0.0433884827531484,0.003962333882800036,0.13571990180035887,0.027741111047615976,0.005918547135746756,0.005443943286663173,0.009126961480189969,0.23970117904306507,True
2013-07-20 19:00:00+00:00,0.016574144,0.027074033,0.041655886,0.00712568,0.143440919,0.034979465,0.006384133,0.006041334,0.010211925,0.268504103,False
2013-07-20 19:30:00+00:00,0.015699986810728154,0.0221509822445668,0.04085780184300677,0.01070374357018273,0.15242675570188668,0.04129146500013208,0.006581460378158366,0.007207214600043827,0.012798967224349913,0.3190527751823353,True
2013-07-20 20:00:00+00:00,0.015345288,0.017904021,0.0405056,0.015379887,0.163054562,0.048013888,0.006836108,0.009137489,0.016517265,0.368647326,False
2013-07-20 20:30:00+00:00,0.016603996921459297,0.013604215889197968,0.0427591943249192,0.022157606331375757,0.17471917380730756,0.055056336186988485,0.008255432597964624,0.0123824386703819,0.020463371088326743,0.3950846132745996,True
2013-07-20 21:00:00+00:00,0.019461491,0.011234937,0.047149116,0.02968635,0.187439128,0.062725195,0.010456643,0.016750535,0.02510027,0.407520396,False
2013-07-20 21:30:00+00:00,0.02592336199619018,0.011234937,0.05263601302936273,0.036132212708152006,0.20055844527333186,0.07189530116484946,0.012643205662525697,0.021977084471262683,0.031032750837810888,0.3722296188206539,True
2013-07-20 22:00:00+00:00,0.033789142,0.011234937,0.059121748,0.042416984,0.215196326,0.081068671,0.014756757,0.027445566,0.037173126,0.314935829,False
2013-07-20 22:30:00+00:00,0.04003055035342904,0.011234937,0.06727196764571806,0.048979969049486975,0.2358023677973037,0.08880658599311742,0.01661006444448002,0.032562790291991696,0.042823376006614636,0.2619993586793461,True
2013-07-20 23:00:00+00:00,0.04412805,0.011234937,0.072287022,0.055344379,0.253070874,0.095801187,0.017911027,0.036595539,0.047049477,0.231065901,False
2013-07-20 23:30:00+00:00,0.04521384156624928,0.008125332620920571,0.07125936836614043,0.061414007464434116,0.26016488791289155,0.10151205637977559,0.01855192978112454,0.03878119823538627,0.04891791900785859,0.25632930929305164,True
2013-07-21 00:00:00+00:00,0.046187801,0.003895572,0.068787159,0.066600414,0.265473281,0.108035391,0.018835396,0.040552224,0.050549196,0.313999223,False
2013-07-21 00:30:00+00:00,0.04799000218124965,0.001723187379079429,0.05978696963385958,0.06954077138017115,0.26971713417742665,0.11731225899718697,0.018305224000000002,0.04202598422736975,0.05244746052889993,0.47852107370694835,True
2013-07-21 01:00:00+00:00,0.051625826,0.000670959,0.052231336,0.073429932,0.276269021,0.133930695,0.017775052,0.044331449,0.055861027,0.610636419,False
2013-07-21 01:30:00+00:00,0.07967513040944635,0.001057631629632539,0.08269920532068163,0.09109775753389351,0.35263175918339945,0.19460322110475925,0.021997607917353355,0.0644884008703583,0.09934894460087429,0.426102404,True
2013-07-21 02:00:00+00:00,0.152995283,0.002187629,0.169166707,0.135053584,0.551161824,0.338992855,0.034541526,0.118660305,0.215065892,0.241568389,False
2013-07-21 02:30:00+00:00,0.7042310020804216,0.022701650678007376,1.0522117323456466,0.5128076923829961,1.857095598263493,1.2081581128345322,0.744663544896746,0.7651045042373674,1.0198241583252174,1.0692569052101928,True
2013-07-21 03:00:00+00:00,1.865014986,0.077294815,2.822406897,1.383126233,4.022659085,3.007004812,2.289414659,2.08859045,2.694308076,2.760650216,False
2013-07-21 03:30:00+00:00,4.4819330085733915,0.4126599650106786,5.948112930654789,4.120394539637499,6.445386397851467,7.043011549208201,5.518005161470053,4.480075604444071,6.372742577565396,5.316163391693821,True
2013-07-21 04:00:00+00:00,7.531800643,1.034928371,9.348082359,7.762553738,8.598687247,11.85310359,8.970747342,7.249273066,10.62970492,8.257225561,False
2013-07-21 04:30:00+00:00,9.849385356918162,2.176417880181681,11.89879241767888,11.057588437059009,9.873468408678477,15.784897392082843,11.072247173715848,9.683457493165106,13.863169687337365,11.172200139595986,True
2013-07-21 05:00:00+00:00,11.07662077,2.996181666,13.23208931,12.92580574,10.68955039,17.9177114,12.10664487,11.02707473,15.57358177,12.83792093,False
2013-07-21 05:30:00+00:00,10.265919133167015,2.9216955300850445,12.223740626807675,12.921151456876949,11.163042968832155,16.957862416728595,11.996040793068872,10.737485718602619,14.18233447571477,12.225850196785604,True
2013-07-21 06:00:00+00:00,9.042694087,2.763255777,10.61624457,12.90731106,11.37767026,15.37236624,11.73676621,10.28612677,12.09847448,11.32970543,False
2013-07-21 06:30:00+00:00,8.305451999170549,2.475848606047179,9.425965682151427,11.793733858163757,11.219862647745321,14.03785463374937,11.043678642458268,10.027402321727164,10.866491409151555,10.731908703214396,True
2013-07-21 07:00:00+00:00,7.654562157,2.161736997,8.404997681,10.1324515,10.81563077,12.91112115,10.2205867,9.711805816,9.79508742,10.41818601,False
2013-07-21 07:30:00+00:00,6.992931544596277,1.9626145275217493,7.637267409936294,9.162560772529114,9.00456190548412,12.069474339522033,9.80099678172792,8.792136769329202,8.743269105658,10.53747590911995,True
2013-07-21 08:00:00+00:00,6.423860866,1.811592699,6.998526923,8.271857384,6.81221268,11.6456966,9.339259967,7.879151696,7.817423003,10.86215568,False
2013-07-21 08:30:00+00:00,6.07512830149753,1.7212989448645277,6.518042759429371,7.320750723529789,5.819061099192252,12.399673210000001,8.35380889706736,7.552043289887661,7.149306123825402,13.71227681588005,True
2013-07-21 09:00:00+00:00,5.67071453,1.616914891,5.946976233,6.308033652,4.9832782,13.15364982,6.979905327,7.327671265,6.439431523,16.35700808,False
2013-07-21 09:30:00+00:00,4.566969625588539,1.2870820967578533,4.531762774283735,5.161474417866147,4.025971005794242,10.29416864257395,5.207806839184742,7.1759149026218845,5.272196036670244,13.043985041168058,True
2013-07-21 10:00:00+00:00,3.174407086,0.895757288,2.883195784,3.91507335,3.046432866,5.924878711,3.42246754,6.965948274,3.880763232,7.900634455,False
2013-07-21 10:30:00+00:00,1.9467022992915446,0.6327463424392001,1.6237688440837716,2.3897063140942856,1.935608907955443,2.7282622137807486,1.9880248833520073,4.963345781588312,2.2904196232929745,4.0143269534020325,True
2013-07-21 11:00:00+00:00,1.020606395,0.447901998,0.77297573,1.170753306,1.041569354,0.739008611,0.988938643,2.456207193,1.049514968,1.445737864,False
2013-07-21 11:30:00+00:00,0.540638802981651,0.3509316680644603,0.41697190016507657,0.6076752180011559,0.547098142870174,0.25596687410038865,0.4999575939114441,1.2409028887763083,0.5020812338431434,0.6058627891056301,True
2013-07-21 12:00:00+00:00,0.276567063,0.284080453,0.22930167,0.292231809,0.280670985,0.054244436,0.237212539,0.541748385,0.213963272,0.226940446,False
2013-07-21 12:30:00+00:00,0.18309167516886118,0.22988555787396833,0.15397000113550674,0.15558832671194223,0.2094886336457881,0.02188476282517167,0.1422298800482804,0.299424258981021,0.11523258388221398,0.1570835958988007,True
2013-07-21 13:00:00+00:00,0.131767191,0.190130494,0.113260009,0.081112089,0.171494784,0.009212644,0.091797179,0.169520584,0.064862191,0.11405912,False
2013-07-21 13:30:00+00:00,0.10239162151284482,0.16518703523199607,0.09244401212890536,0.043873117668917924,0.14665582403996752,0.006955887219740673,0.06619319537332316,0.09806903341323946,0.041746169462439114,0.05919775417856993,True
2013-07-21 14:00:00+00:00,0.08223202,0.144245669,0.079106851,0.022492443,0.131819987,0.006138137,0.049534877,0.056331926,0.027614045,0.025429529,False
2013-07-21 14:30:00+00:00,0.06625167746760321,0.12073914686140533,0.06981589971675868,0.010349954209971613,0.12487487167504939,0.006211475706797759,0.03620128281516222,0.03345253976694193,0.017255851902268256,0.02011166044077319,True
2013-07-21 15:00:00+00:00,0.052762932,0.098831359,0.061928974,0.003815906,0.120022293,0.006419709,0.02663045,0.020238745,0.010267311,0.017281789,False
2013-07-21 15:30:00+00:00,0.0369438190575832,0.08034899008685796,0.05271854728127487,0.0013296133479735075,0.11575119972185327,0.00850971730962672,0.019409921992620198,0.013061540305648487,0.005385712596988248,0.014871782306134264,True
2013-07-21 16:00:00+00:00,0.027871575,0.06426694,0.044621293,0.000316808,0.111616395,0.01286681,0.015853688,0.009902052,0.003051992,0.013704667,False
2013-07-21 16:30:00+00:00,0.02814645084392947,0.04757923066575825,0.03795137538020075,0.003930906981685333,0.10528894587578823,0.023492298983575518,0.01723317104484317,0.020610357971737263,0.005991230165523119,0.24531701727931296,True
2013-07-21 17:00:00+00:00,0.028911042,0.038304557,0.034478919,0.010344714,0.10127948,0.031715809,0.018720104,0.036908597,0.01142627,0.549878038,False
2013-07-21 17:30:00+00:00,0.03681644385996741,0.04284679906994458,0.03868573239867062,0.01800529740451251,0.10756040688483022,0.03149935949999999,0.018889987455156836,0.04924219002826274,0.018481278628813963,0.686571529720687,True
2013-07-21 18:00:00+00:00,0.045868858,0.052727457,0.044858473,0.023024074,0.120386768,0.03128291,0.018952421,0.05598585,0.023783673,0.750316351,False
2013-07-21 18:30:00+00:00,0.048091008271968605,0.07024196967856512,0.04792025028761103,0.023193007652579426,0.14135588429108725,0.0337183285,0.017989461499999998,0.053089744383536856,0.02481975143078481,0.7412786721113853,True
2013-07-21 19:00:00+00:00,0.049925361,0.09383479,0.051188001,0.023347943,0.161961494,0.036153747,0.017026502,0.048530418,0.025473277,0.720704162,False
2013-07-21 19:30:00+00:00,0.05281204768175964,0.12168457316742114,0.05763606862874144,0.024543075827482032,0.17218598971166646,0.036039741,0.017040020999999995,0.04484469274218644,0.026182348384037768,0.672030844996336,True
2013-07-21 20:00:00+00:00,0.056426258,0.145198912,0.06503392,0.025932614,0.179558501,0.035925735,0.01705354,0.042524093,0.026731787,0.61620636,False
2013-07-21 20:30:00+00:00,0.062457174842374875,0.15851665908406917,0.0722800371849769,0.026372446388187122,0.1852563041897708,0.039467180065506216,0.016951389219974383,0.04217121369265156,0.027019170444698058,0.5868431698631872,True
2013-07-21 21:00:00+00:00,0.066511638,0.164753127,0.07640447,0.026849166,0.190273759,0.045185221,0.016694702,0.041862203,0.027322472,0.55801797,False
2013-07-21 21:30:00+00:00,0.0658986250429607,0.14034007993950975,0.0724731015,0.028343447641761395,0.19499690118514756,0.04914120163043349,0.015503128280025614,0.040638415681625135,0.02790395255763818,0.5013816032684878,True
2013-07-21 22:00:00+00:00,0.064528617,0.11253471,0.068541733,0.030988358,0.200757782,0.053400855,0.014466091,0.039668855,0.028956329,0.461517436,False
2013-07-21 22:30:00+00:00,0.062138449119854326,0.10820985470047056,0.06944063299999999,0.03615677308344163,0.21146773543282665,0.059954139531682445,0.014937585799895303,0.04409191464419307,0.03272649733478146,0.4600546366241309,True
2013-07-21 23:00:00+00:00,0.0581276,0.10473691,0.070339533,0.042602935,0.225623438,0.0659209,0.015955234,0.049667701,0.037660294,0.458680816,False
2013-07-21 23:30:00+00:00,0.04769049283718496,0.09889404283484722,0.064814126,0.04704171816555119,0.237863300113869,0.0682378831155793,0.017267058912103263,0.05099889796244471,0.04023332972074197,0.4439186081364725,True
2013-07-22 00:00:00+00:00,0.039631062,0.090154793,0.059288719,0.053443599,0.259090853,0.071351101,0.020054157,0.052664022,0.044104868,0.430445231,False
2013-07-22 00:30:00+00:00,0.09410144036277565,0.06605864152517245,0.13390445409072996,0.07654785156635784,0.5244351759059159,0.23142075510801405,0.10114677512282422,0.16275945271710576,0.12255621776841027,0.6323070412446513,True
2013-07-22 01:00:00+00:00,0.242329461,0.047399285,0.332463794,0.132496308,1.13931696,0.652817602,0.315602377,0.439785162,0.32472376,1.170190745,False
2013-07-22 01:30:00+00:00,1.1650402225233267,0.37817022436973374,1.3268927384446023,0.6333752798708502,3.0503094316237513,2.892733545710041,1.5177079430049085,1.4408974956109875,1.2710204940414396,4.200638908514863,True
2013-07-22 02:00:00+00:00,2.745705701,1.071850341,3.010293896,1.684712139,5.46223291,6.399062951,3.545109351,3.03279719,2.972958732,8.513302935,False
2013-07-22 02:30:00+00:00,4.579147218905059,2.238461340369592,5.0012358616448305,3.822498262905713,7.112666856106231,10.12770115306007,5.95383890236527,4.793603853560328,5.39645409215972,12.216006595740486,True
2013-07-22 03:00:00+00:00,6.509525884,3.561749726,7.14879888,6.539071517,8.355338872,12.94876284,8.288498027,6.696708522,8.265158715,14.3004725,False
2013-07-22 03:30:00+00:00,8.419679861301788,4.713315840760675,9.434356446650268,9.010620264694275,9.20996043771694,13.927057766245882,9.907681709742846,8.658576318598206,11.528919993281763,14.163949403339887,True
2013-07-22 04:00:00+00:00,9.600870107,5.345295392,10.79740866,11.03342276,9.699270765,14.48704111,11.12034697,10.2466172,13.59482614,13.90801359,False
2013-07-22 04:30:00+00:00,9.790444226407052,4.8816147999999995,10.86920051866957,12.447839798817604,9.804633725237219,14.867956758032792,12.086775601552151,11.261369276406734,13.796271372081648,13.645564644152447,True
2013-07-22 05:00:00+00:00,9.860332571,4.417934208,10.89396086,13.1441472,9.916539777,15.04432987,12.57311283,11.74844597,13.86785483,13.29793061,False
2013-07-22 05:30:00+00:00,8.870605249290117,4.674171720560404,9.918623073992608,12.310689371887923,11.234143075600743,14.10166228261384,11.738485571607828,10.838486564442688,12.236940997844432,12.574280357507666,True
2013-07-22 06:00:00+00:00,7.875828873,4.932890011,8.839674842,11.09754376,12.45168721,13.05763728,10.63899192,9.709238036,10.33741007,12.05522791,False
2013-07-22 06:30:00+00:00,7.870719395197092,4.936635312439596,8.722946770255378,10.397600426951865,11.780283207078874,12.93413714279801,10.236589724005103,9.410634257071427,9.986480078697673,12.39971252,True
2013-07-22 07:00:00+00:00,7.865679117,4.937899836,8.609205989,9.890189039,10.45326369,12.8318878,9.909444837,9.150487786,9.703750796,12.74419713,False
2013-07-22 07:30:00+00:00,7.698107756073701,4.763969927955257,7.945022922955782,9.631466120238143,8.49659322114907,12.515895124588152,9.567946167756324,8.671924286331132,9.234743583319526,12.714935873558328,True
2013-07-22 08:00:00+00:00,7.333762641,4.422982741,7.022040627,9.347687695,6.640074578,12.28000907,9.119736945,8.125153627,8.612846604,12.64262552,False
2013-07-22 08:30:00+00:00,6.626649131855125,4.014799123994617,6.417260789280557,8.566500511865428,5.784067578454213,12.5071782,8.138282952919011,7.5163379606547505,7.714350125343476,12.459922157473828,True
2013-07-22 09:00:00+00:00,5.662293299,3.471440245,5.708095602,7.397717292,5.072433619,12.73434733,6.744869139,7.156561269,6.606958998,12.07745411,False
2013-07-22 09:30:00+00:00,4.694549369546594,2.648025043103113,4.181183522538987,5.9153487555287505,4.2432455686482715,9.905639369542097,4.9590250852772,7.274427399,5.380950409668008,10.773675317829781,True
2013-07-22 10:00:00+00:00,3.625875081,1.814247385,2.553183647,4.280244507,3.343453311,5.649467939,3.234372452,7.392293529,4.04829869,8.626994654,False
2013-07-22 10:30:00+00:00,2.254612932979452,1.2185879416715915,1.4995702331740433,2.6359072815394944,2.1771543809202774,2.7176872729304393,2.0409832136818,5.168818952047752,2.498821875772697,5.515839175091893,True
2013-07-22 11:00:00+00:00,1.137795539,0.810315682,0.793095476,1.370231959,1.167771103,0.867661695,1.184488145,2.272419761,1.245050445,2.7690816,False
2013-07-22 11:30:00+00:00,0.6152550244617195,0.616574775503114,0.42039576935868744,0.7316116874712368,0.5678108560100653,0.3038368081340399,0.6239016007411121,1.0925088411232258,0.5860712887587305,1.5220639114599717,True
2013-07-22 12:00:00+00:00,0.327976459,0.476679553,0.214386885,0.363873884,0.241743563,0.059371674,0.294858104,0.446629259,0.228021121,0.855083392,False
2013-07-22 12:30:00+00:00,0.2185522496517395,0.3288226506179352,0.13395438601254428,0.19772939250158741,0.16173591677419383,0.018522202410122063,0.17143339771004848,0.23046708876761823,0.11576968570298962,0.6260349700462177,True
2013-07-22 13:00:00+00:00,0.158072455,0.227255726,0.090367493,0.104856654,0.127405,0.002999154,0.103768603,0.118994404,0.059700279,0.523583284,False
2013-07-22 13:30:00+00:00,0.12036288567689107,0.18718056919498297,0.06666422173063577,0.05555691910511199,0.11906840996503508,0.0014273784833015817,0.06639695416904673,0.06355117429253172,0.034205225673995324,0.5001302265399767,True
2013-07-22 14:00:00+00:00,0.101305537,0.164493713,0.053463564,0.027690183,0.11594134,0.000877809,0.043562389,0.03253472,0.020104601,0.491361014,False
2013-07-22 14:30:00+00:00,0.09793980713873049,0.15134465869147257,0.0474211725913255,0.01406956860941381,0.11748581100000001,0.0016461489773792173,0.029519335707495688,0.016212179268447785,0.01242546575396317,0.5187668121130978,True
2013-07-22 15:00:00+00:00,0.095525488,0.144143002,0.044151673,0.00656004,0.119030282,0.003018696,0.020437381,0.007265774,0.008007395,0.567562249,False
2013-07-22 15:30:00+00:00,0.09187321891179452,0.14118101576791695,0.04258830975421353,0.0029389750695354433,0.11670186080744166,0.004290791875717997,0.014172358286134381,0.003101189000424877,0.005546796964509704,0.6163669018781074,True
2013-07-22 16:00:00+00:00,0.087596277,0.139955483,0.041780567,0.001057337,0.112180964,0.005793123,0.010834074,0.001337484,0.004458239,0.665097942,False
2013-07-22 16:30:00+00:00,0.08099165771704214,0.145279985,0.04146060885523843,0.00030693923150807773,0.10567457840333665,0.007764364459072628,0.010085005638893718,0.005136446003759515,0.0063509289508750285,0.7136236325087948,True
2013-07-22 17:00:00+00:00,0.076683254,0.150604487,0.041329971,0.0,0.099993685,0.009981292,0.009801927,0.011617604,0.00975818,0.740833297,False
2013-07-22 17:30:00+00:00,,0.15031058104750142,,0.0004157841257505007,0.09754786828922168,0.012203944864632133,0.010587982,0.018567900996240484,0.014050346049124971,,True
2013-07-22 18:00:00+00:00,,0.149482187,,0.0012829,0.096469035,0.014442787,0.011374037,0.022836002,0.016827951,,False
2013-07-22 18:30:00+00:00,,0.1419146033948245,,0.0024084089938734613,0.09904620264502804,0.016670971190365445,0.010709835499999999,0.022777132500000002,0.014694898,,True
2013-07-22 19:00:00+00:00,,0.12698357,,0.004328444,0.103977644,0.018754394,0.010045634,0.022718263,0.012561845,,False
2013-07-22 19:30:00+00:00,,0.09770406638377492,,0.010230958991385184,0.10965913766232292,0.020287281398726837,0.01044614647058172,0.023955603215209568,0.01372562011637093,,True
2013-07-22 20:00:00+00:00,,0.073962672,,0.018030573,0.116604024,0.022161283,0.011293521,0.026421044,0.016070825,,False
2013-07-22 20:30:00+00:00,,0.07019234317389915,,0.023990398152420423,0.12441080458983111,0.026656861723145426,0.012676989860880799,0.029530863982243288,0.019566141331225598,,True
2013-07-22 21:00:00+00:00,,0.068781843,,0.029644367,0.133549908,0.032882469,0.014442543,0.033716826,0.023304992,,False
2013-07-22 21:30:00+00:00,,0.072721948,,0.03499723769651002,0.14558219920216384,0.04012965498928668,0.016212027203998735,0.03969580066957592,0.025792104277894457,,True
2013-07-22 22:00:00+00:00,,0.076662053,,0.040739235,0.157360032,0.046744055,0.017943742,0.046228471,0.028007486,,False
2013-07-22 22:30:00+00:00,,0.07202745738090598,,0.0482700475407613,0.1656519272697946,0.050444303008862046,0.019782942464538746,0.05215644401854907,0.03084746377450902,,True
2013-07-22 23:00:00+00:00,,0.06309042,,0.056159904,0.172867444,0.054039554,0.020830966,0.056751934,0.032534208,,False
2013-07-22 23:30:00+00:00,,0.05278954713679985,,0.06344155039383693,0.1814641716308595,0.06129780051281158,0.020625118206249824,0.059315118353379624,0.032475243,,True
2013-07-23 00:00:00+00:00,,0.039577593,,0.069562674,0.186441747,0.066271131,0.020071727,0.061048477,0.032416278,,False
2013-07-23 00:30:00+00:00,,0.017303165982294172,,0.0726845323555425,0.18560179699999999,0.0648165685,0.015784789793750177,0.06191161075612127,0.03360516659228197,,True
2013-07-23 01:00:00+00:00,,0.002242262,,0.077161716,0.184761847,0.063362006,0.011845396,0.063105971,0.037150982,,False
2013-07-23 01:30:00+00:00,,0.8735671278490307,,0.5157388499253812,0.6466024095853707,0.6626262480464105,0.34579665386303127,0.39307951380306544,0.3443516235137517,,True
2013-07-23 02:00:00+00:00,,2.719006186,,1.554212085,1.699084419,2.078374665,1.150712259,1.180377825,1.107573357,,False
2013-07-23 02:30:00+00:00,,6.649545281150969,,5.145818421020028,4.680036113914629,6.792991454953589,3.980249085515044,3.8892147562808486,4.368160588088683,,True
2013-07-23 03:00:00+00:00,,9.605970184,,8.166497318,7.070346362,10.69112407,6.597758842,6.28689356,7.493592517,,False
2013-07-23 03:30:00+00:00,,8.8513295555,,8.199668815625543,6.611543092500001,10.555174875000002,6.890882531345777,6.444903335282239,7.856555609277032,,True
2013-07-23 04:00:00+00:00,,8.096688927,,8.23265006,6.152739823,10.41922568,7.170042951,6.599289985,8.212846789,,False
2013-07-23 04:30:00+00:00,,9.8170606585,,10.074544794269924,7.441215691297524,12.307403269887523,8.700636105582637,8.180238297914435,11.013878756528253,,True
2013-07-23 05:00:00+00:00,,11.53743239,,12.39152266,9.323609153,14.56668346,10.57546881,10.15103489,13.49835992,,False
2013-07-23 05:30:00+00:00,,11.477412609550106,,13.316937796909041,10.570241503202476,15.204222485112478,11.771074338693513,11.180173760224333,13.491222034897715,,True
2013-07-23 06:00:00+00:00,,11.32275732,,13.73471132,11.22295626,15.47065891,12.37746631,11.67589398,13.47005331,,False
2013-07-23 06:30:00+00:00,,10.754254186942887,,12.738031095345917,10.496006081973754,14.594435859438104,11.754265486469881,10.953090608868917,12.321528036451019,,True
2013-07-23 07:00:00+00:00,,9.723336511,,10.86353986,9.091786,12.79803121,10.49517918,9.572041363,10.2269647,,False
2013-07-23 07:30:00+00:00,,7.608999751507006,,8.257618709393752,6.959054067832627,9.382986999061895,8.410086611132918,7.526247046122298,7.472959573174023,,True
2013-07-23 08:00:00+00:00,,6.051713044,,6.344966619,5.374760809,6.888124387,6.574172232,6.054334646,5.519928713,,False
2013-07-23 08:30:00+00:00,,7.0036990575,,6.134498174014565,5.232314820238554,7.5762110410000005,6.05887504980938,5.960461695613756,5.339356881629718,,True
2013-07-23 09:00:00+00:00,,7.955685071,,5.943053877,5.097906968,8.264297695,5.610717115,5.877105897,5.178670872,,False
2013-07-23 09:30:00+00:00,,7.092831126270806,,5.190253504472535,4.329108623930381,7.484790001856405,4.764355468078288,5.563500448669525,4.589015923674729,,True
2013-07-23 10:00:00+00:00,,5.4616192,,4.065898092,3.201436441,5.959032402,3.712034368,4.990854564,3.666705918,,False
2013-07-23 10:30:00+00:00,,3.2922139415647287,,2.7346431993557085,2.146922591528258,3.7329417340770257,2.4438314641699863,3.7449920503948673,2.339338651454576,,True
2013-07-23 11:00:00+00:00,,1.458202262,,1.554922469,1.260045737,1.725821093,1.357675402,2.314639213,1.155636162,,False
2013-07-23 11:30:00+00:00,,0.718597068450337,,0.8647743848302821,0.6799452860049296,0.8076539671830606,0.7500357617711755,1.2923053804966393,0.585203049212037,,True
2013-07-23 12:00:00+00:00,,0.353282052,,0.442123809,0.340349624,0.321397163,0.387688711,0.627587928,0.266928064,,False
2013-07-23 12:30:00+00:00,,0.26688990221605485,,0.25066777730139767,0.22849470832747448,0.17356584673724584,0.23013893991732878,0.37438275585781594,0.14759862393279827,,True
2013-07-23 13:00:00+00:00,,0.221989643,,0.142469165,0.170950909,0.100682051,0.141463738,0.23340933,0.083447687,,False
2013-07-23 13:30:00+00:00,,0.19495932569024627,,0.0853338198472649,0.14305400175749444,0.0686394278539928,0.09368491964687409,0.15553073859979716,0.04899577903306067,,True
2013-07-23 14:00:00+00:00,,0.175441355,,0.051867726,0.127740996,0.050563339,0.064514982,0.108141172,0.029441259,,False
2013-07-23 14:30:00+00:00,,0.15699326720413373,,0.03315616977301046,0.12055612017531053,0.039125948781762065,0.0464138959362912,0.07935443392281945,0.019843804723217232,,True
2013-07-23 15:00:00+00:00,,0.142354303,,0.02241171,0.115954862,0.033172236,0.034852967,0.061322793,0.014128476,,False
2013-07-23 15:30:00+00:00,,0.13034753960369297,,0.016835193665566628,0.11288638566374355,0.03159221851050723,0.02811933956579983,0.0503631566664061,0.010812211252560527,,True
2013-07-23 16:00:00+00:00,,0.124201641,,0.014406082,0.109684188,0.030984027,0.023272246,0.044138104,0.008405662,,False
2013-07-23 16:30:00+00:00,,0.1479181937668421,,0.019153517675764356,0.10143696056747545,0.06031152071410707,0.01931386840527187,0.04157472461418821,0.006273195644786936,,True
2013-07-23 17:00:00+00:00,,0.185195053,,0.027650574,0.095369968,0.110149549,0.015761773,0.040353616,0.004428458,,False
2013-07-23 17:30:00+00:00,,0.2163927147331579,,0.03622751138880328,0.0956443383201948,0.15885775879854472,0.011094532096805566,,0.0023893619197594383,,True
2013-07-23 18:00:00+00:00,,0.23403007,,0.04493853,0.096334634,0.19528524,0.008298936,,0.001235772,,False
2013-07-23 18:30:00+00:00,,0.22412864300000002,,0.05194795285504678,0.09905809648657062,0.2066760748361566,0.009309974736290002,,0.0023909561275408976,,True
2013-07-23 19:00:00+00:00,,0.214227216,,0.05904302,0.102376545,0.215689731,0.010905491,,0.004615406,,False
2013-07-23 19:30:00+00:00,,0.21737693649999998,,0.06746383729609526,0.10374027206378855,0.22854739804880733,0.011884025515691031,,0.007178630280828538,,True
2013-07-23 20:00:00+00:00,,0.220526657,,0.077203072,0.105415203,0.243144987,0.013024958,,0.01043882,,False
2013-07-23 20:30:00+00:00,,0.1843078495618677,,0.0897803688311236,0.11314909023508075,0.2582505309918827,0.015101629751076946,,0.014421056760863209,,True
2013-07-23 21:00:00+00:00,,0.131567102,,0.102524648,0.125786279,0.277122608,0.018084691,,0.019418054,,False
2013-07-23 21:30:00+00:00,,0.0970203999381323,,0.11301150729478872,0.14174902013614693,0.3129091770137243,0.023165351405953518,,0.02716512939244388,,True
2013-07-23 22:00:00+00:00,,0.078995638,,0.12169228,0.157810157,0.34567913,0.027627316,,0.034032829,,False
2013-07-23 22:30:00+00:00,,0.11200126399999999,,0.12868857060033495,0.1697108365319457,0.3607054975866895,0.0294656045909885,,0.03755419393832348,,True
2013-07-23 23:00:00+00:00,,0.14500689,,0.133475652,0.178713373,0.367730911,0.030269324,,0.039173943,,False
2013-07-23 23:30:00+00:00,,0.1447477405,,0.13542483250182052,0.18552214672627265,0.36808003453971283,0.027306951541030376,,0.03646484348668688,,True
2013-07-24 00:00:00+00:00,,0.144488591,,0.137285328,0.188905251,0.368435767,0.022432784,,0.033409876,,False
2013-07-24 00:30:00+00:00,,0.18694997672792116,,0.14029112093773144,0.1784643225,0.38307641173357826,0.017743508458969624,,0.03284390651331311,,True
2013-07-24 01:00:00+00:00,,0.306530931,,0.146572874,0.168023394,0.425406224,0.014966028,,0.032623805,,False
2013-07-24 01:30:00+00:00,,1.5013672325435221,,0.9840953102981682,1.0614219553835693,1.6647390794544377,0.6430737496228385,,0.567470251192377,,True
2013-07-24 02:00:00+00:00,,3.509481178,,2.667192349,2.700773364,3.991278982,1.923999005,,1.742804242,,False
2013-07-24 02:30:00+00:00,,5.737162017045256,,5.483978935278467,4.88892242761643,7.171267942329643,4.097981954704202,,4.278481405268104,,True
2013-07-24 03:00:00+00:00,,7.520149949,,7.892722898,6.331118644,9.947347253,6.054773011,,6.84688449,,False
2013-07-24 03:30:00+00:00,,8.3160778461833,,8.525361386582151,6.303794620000001,11.119855747685833,6.728869802116867,,7.915621709057544,,True
2013-07-24 04:00:00+00:00,,8.666301438,,8.957178266,6.276470596,11.81647814,7.158904642,,8.675757601,,False
2013-07-24 04:30:00+00:00,,8.431597923500002,,9.338696559262253,6.526043865593881,12.114238097932,7.421146464629899,,9.242243869814217,,True
2013-07-24 05:00:00+00:00,,8.196894409,,9.840302629,7.08911684,12.44596406,7.74561832,,9.888561756,,False
2013-07-24 05:30:00+00:00,,9.4771282395,,12.012491375197452,8.587053626965835,14.42507674640139,9.625119282803043,,11.77486372116776,,True
2013-07-24 06:00:00+00:00,,10.75736207,,13.82325525,9.833729841,16.18738871,11.50933207,,13.21672193,,False
2013-07-24 06:30:00+00:00,,10.699554579215729,,13.308801738841089,9.930045416940287,16.26783209743349,11.938255303123151,,12.733025262757138,,True
2013-07-24 07:00:00+00:00,,10.53802234,,12.17531269,9.964121861,16.29566162,12.10867299,,11.63282848,,False
2013-07-24 07:30:00+00:00,,8.57274430328427,,9.391990678017908,7.909918161805493,12.950575081,10.378113099444066,,8.710130523131536,,True
2013-07-24 08:00:00+00:00,,6.711191015,,7.197484044,5.550332856,9.605488542,7.986657095,,6.067200864,,False
2013-07-24 08:30:00+00:00,,7.032057675,,7.166672448726475,5.170372331742433,10.773658216,6.935935927651203,,5.638978230489042,,True
2013-07-24 09:00:00+00:00,,7.352924335,,7.136300844,4.841481509,11.94182789,6.040938031,,5.301027076,,False
2013-07-24 09:30:00+00:00,,6.111239967940452,,6.292167434723225,3.9826303408656147,10.764260741839129,4.970801207191509,,4.666094643302474,,True
2013-07-24 10:00:00+00:00,,4.335659908,,4.890827809,3.040836709,8.541436548,3.939265148,,3.918927886,,False
2013-07-24 10:30:00+00:00,,3.4765793886913556,,3.638038755488319,2.493320224638888,5.745272596280902,3.0874402869990165,,3.207801150283661,,True
2013-07-24 11:00:00+00:00,,2.683003577,,2.430609841,1.962325247,3.114541766,2.260946312,,2.427294826,,False
2013-07-24 11:30:00+00:00,,1.4104629936270654,,1.2561665338962367,1.0445560806844412,1.4096932301598448,1.1586346420148415,,1.2496595458696231,,True
2013-07-24 12:00:00+00:00,,0.520363399,,0.495167525,0.379360179,0.510565568,0.399902114,,0.417711115,,False
2013-07-24 12:30:00+00:00,,0.40612642152011913,,0.30433903400823226,0.2857899753954054,0.41871897016852055,0.25984954347503975,,0.3094330110533882,,True
2013-07-24 13:00:00+00:00,,0.333619878,,0.199661652,0.230195461,0.353415206,0.181674102,,0.238218939,,False
2013-07-24 13:30:00+00:00,,0.24327229322801602,,0.12922560368632097,0.17004626050188656,0.20914317505160568,0.11725681245809373,,0.13137191855334013,,True
2013-07-24 14:00:00+00:00,,0.165616876,,0.082180442,0.128787099,0.112431361,0.075177855,,0.055087628,,False
2013-07-24 14:30:00+00:00,,0.09938355249299306,,0.04820987821794087,0.10860979486583801,0.141199564,0.05305413700104886,,0.0321771836370996,,True
2013-07-24 15:00:00+00:00,,0.064677624,,0.027571749,0.09972636,0.169967767,0.039199058,,0.019892849,,False
2013-07-24 15:30:00+00:00,,0.07451019386701037,,0.019611682816226224,0.1005366375,0.15184639550782078,0.030746679644350457,,0.013018247355390323,,True
2013-07-24 16:00:00+00:00,,0.094304798,,0.014395457,0.101346915,0.118052611,0.024657655,,0.009084304,,False
2013-07-24 16:30:00+00:00,,0.12318263721342823,,0.009618395280512037,0.0963992865,0.07089635835877015,0.0197601594592021,,0.00731052736853346,,True
2013-07-24 17:00:00+00:00,,0.155140357,,0.006001859,0.091451658,0.038944909,0.01547291,,0.006019505,,False
2013-07-24 17:30:00+00:00,,0.18449218341956145,,0.003192375297515991,,0.03823790013340908,0.010619624609615493,,0.004693242477386715,,True
2013-07-24 18:00:00+00:00,,0.200802095,,0.001786044,,0.037998501,0.006994596,,0.003365802,,False
2013-07-24 18:30:00+00:00,,0.1955013954610598,,0.009248676440272836,,0.08249404691691695,0.005509282013542095,,0.0014717737213881998,,True
2013-07-24 19:00:00+00:00,,0.188655937,,0.025723809,,0.15115569,0.004458442,,0.000290042,,False
2013-07-24 19:30:00+00:00,,0.1858118305389402,,0.06046969735989623,,0.20304724231683896,0.00341175423106874,,0.001827922,,True
2013-07-24 20:00:00+00:00,,0.184512483,,0.09869783,,0.235523383,0.002567578,,0.003365802,,False
2013-07-24 20:30:00+00:00,,0.18520529262536561,,0.12394698669983095,,0.24078465147950184,0.001869256807403207,,0.003365802,,True
2013-07-24 21:00:00+00:00,,0.186883199,,0.136701399,,0.246230584,0.001510044,,0.003365802,,False
2013-07-24 21:30:00+00:00,,0.1910029128653266,,0.10900876,,0.30820327928469576,0.00411565852333169,,0.004892120484858378,,True
2013-07-24 22:00:00+00:00,,0.198544889,,0.081316121,,0.372575265,0.008421678,,0.00778365,,False
2013-07-24 22:30:00+00:00,,0.2169347778718297,,0.11637496124841581,,0.38454067700204647,0.01261940697666831,,0.011741302687573292,,True
2013-07-24 23:00:00+00:00,,0.2346515,,0.168675248,,0.389171449,0.015116731,,0.014932165,,False
2013-07-24 23:30:00+00:00,,0.24122660513747812,,0.2015115923094685,,0.3837605833654051,0.014365957470982568,,0.01595013432756833,,True
2013-07-25 00:00:00+00:00,,0.244067518,,0.225645936,,0.372941866,0.012783754,,0.016369683,,False
2013-07-25 00:30:00+00:00,,0.21491034710154502,,0.23929847022150008,,0.3548952549581673,0.0100688650026982,,0.014110066499075853,,True
2013-07-25 01:00:00+00:00,,0.171161396,,0.250036821,,0.34051884,0.006994596,,0.010230011,,False
2013-07-25 01:30:00+00:00,,0.14283915191443686,,0.2608806064239876,,0.33770374267642755,0.00437609202631923,,0.005987687000924147,,True
2013-07-25 02:00:00+00:00,,0.122498643,,0.27091983,,0.336626301,0.002948398,,0.003365802,,False
2013-07-25 02:30:00+00:00,,0.1107884806413191,,0.2788896061093105,,0.349565628137583,0.004142692410795811,,0.003365802,,True
2013-07-25 03:00:00+00:00,,0.104347468,,0.28883021,,0.378040355,0.006634053,,0.003365802,,False
2013-07-25 03:30:00+00:00,,0.10210366584269899,,0.30780889056127814,,0.44801128886241703,0.009536835659445204,,0.007551761684880646,,True
2013-07-25 04:00:00+00:00,,0.101200759,,0.345049192,,0.502446823,0.015393447,,0.019426574,,False
2013-07-25 04:30:00+00:00,,0.36793919699024097,,0.5377772269569382,,0.49765229549999995,0.11336184615079536,,0.15239271250518172,,True
2013-07-25 05:00:00+00:00,,0.700719683,,0.805881999,,0.492857768,0.304482299,,0.38099859,,False
2013-07-25 05:30:00+00:00,,0.7954762030080095,,1.0167437015482934,,0.6141064537527159,0.5993174850727188,,0.6624766418469448,,True
2013-07-25 06:00:00+00:00,,0.870127075,,1.161929591,,0.790793334,0.90179295,,0.863337518,,False
2013-07-25 06:30:00+00:00,,0.9486310565981887,,1.2021886796443586,,0.866603001036663,1.045064006654751,,0.8876851424318619,,True
2013-07-25 07:00:00+00:00,,1.070862399,,1.24829888,,0.967389961,1.225860708,,0.913482615,,False
2013-07-25 07:30:00+00:00,,1.7801714402736704,,1.7857355205057304,,1.6638528789793958,2.2454973511027387,,1.4349596542821603,,True
2013-07-25 08:00:00+00:00,,2.752369333,,2.607901886,,2.768914401,3.599452199,,2.243000469,,False
2013-07-25 08:30:00+00:00,,3.53579293962989,,3.3945016524707188,,4.083214818231226,4.635135690948755,,2.981802176748971,,True
2013-07-25 09:00:00+00:00,,3.966663934,,3.855766509,,4.908501144,5.193932106,,3.409878845,,False
2013-07-25 09:30:00+00:00,,2.7190567221282165,,2.8426334190984304,,3.51596774927528,3.550087666890839,,2.332979741492852,,True
2013-07-25 10:00:00+00:00,,1.17495483,,1.499279941,,1.730169962,1.49228609,,0.968409972,,False
2013-07-25 10:30:00+00:00,,0.6791518715989702,,0.9270232684130635,,1.067054607840599,0.8124311129349461,,0.4877851163283671,,True
2013-07-25 11:00:00+00:00,,0.422037683,,0.581663314,,0.684996261,0.42585197,,0.215686526,,False
2013-07-25 11:30:00+00:00,,0.3355953101221799,,0.41500045314247686,,0.5031266073026586,0.22418485782929592,,0.07589498867878114,,True
2013-07-25 12:00:00+00:00,,0.285453037,,0.314952728,,0.399221221,0.113882261,,0.015247852,,False
2013-07-25 12:30:00+00:00,,0.2542095676346146,,0.25216499043052826,,0.34150685734339076,0.06622252530031908,,0.02278918268987601,,True
2013-07-25 13:00:00+00:00,,0.222670765,,0.213650265,,0.309149131,0.041678191,,0.03648606,,False
2013-07-25 13:30:00+00:00,,0.1404080195160188,,0.1938159225468127,,0.29542248951419964,0.03272301440694507,,0.05420829381012399,,True
2013-07-25 14:00:00+00:00,,0.079946418,,0.180686098,,0.287007125,0.026703085,,0.065774981,,False
2013-07-25 14:30:00+00:00,,0.09435850285816073,,0.16936822238216523,,0.2808028679188791,0.019276838137655045,,0.061637289,,True
2013-07-25 15:00:00+00:00,,0.121739288,,0.163114115,,0.276446253,0.015116731,,0.057499597,,False
2013-07-25 15:30:00+00:00,,0.1624073756418393,,0.16205842448652302,,0.27423091436770936,0.015116731,,0.060210546000000004,,True
2013-07-25 16:00:00+00:00,,0.190106763,,0.16166997,,0.2713111,0.015116731,,0.062921495,,False
2013-07-25 16:30:00+00:00,,0.15017804828229764,,0.1631882338998253,,0.2355604182092634,0.019611416282842412,,0.05891255986493396,,True
2013-07-25 17:00:00+00:00,,0.110071086,,0.165990118,0.535667944,0.179168999,0.027283858,,0.053484795,,False
2013-07-25 17:30:00+00:00,,,,0.1697954886001747,0.5428908790623602,0.12141232272801986,0.03482074615586907,,0.05074643813506604,,True
2013-07-25 18:00:00+00:00,,,,0.172317239,0.54881936,0.086728421,0.040589685,,0.049426911,,False
2013-07-25 18:30:00+00:00,,,,0.170822455,0.5536808683922366,0.09098482989779098,0.04277050840837817,,0.052719793610681874,,True
2013-07-25 19:00:00+00:00,,,,0.169327671,0.556182256,0.098200965,0.044167459,,0.05809684,,False
2013-07-25 19:30:00+00:00,,,,0.16956808187194522,0.5542522985,0.10305994234824521,0.04512541160845391,,0.06222307051132317,,True
2013-07-25 20:00:00+00:00,,,,0.170254159,0.552322341,0.110430401,0.046093119,,0.066124895,,False
2013-07-25 20:30:00+00:00,,,,0.1822220841280548,0.5588060570221962,0.15936473143830798,0.04789171968852606,,0.06957023762977942,,True
2013-07-25 21:00:00+00:00,,,,0.193744343,0.571174177,0.214406611,0.049834996,,0.073055428,,False
2013-07-25 21:30:00+00:00,,,,0.19085257700000002,0.5897780164778038,0.23270434471994964,0.05156393635593038,,0.07768973713425863,,True
2013-07-25 22:00:00+00:00,,,,0.187960811,0.602497452,0.244199599,0.052512512,,0.081464195,,False
2013-07-25 22:30:00+00:00,,,,0.19028529341394051,0.5919722414538683,0.25054064510172075,0.05157187938735775,,0.0829271939028455,,True
2013-07-25 23:00:00+00:00,,,,0.195954268,0.581299145,0.25826052,0.049834996,,0.084226936,,False
2013-07-25 23:30:00+00:00,,,,0.21335188341432507,0.5811495542634809,0.2969596501524576,0.048098798031807534,,0.08706334721111145,,True
2013-07-26 00:00:00+00:00,,,,0.236942562,0.580999188,0.357130701,0.045905142,,0.089023261,,False
2013-07-26 00:30:00+00:00,,,,0.25072705021866076,0.5639962972826509,0.4029225771551477,0.041814587580834714,,0.0889731815,,True
2013-07-26 01:00:00+00:00,,,,0.272622282,0.547142068,0.482382037,0.038977742,,0.088923102,,False
2013-07-26 01:30:00+00:00,,,,1.4116411634995836,1.586009571130028,2.646106918590944,1.0307206610065391,,0.6067096170551154,,True
2013-07-26 02:00:00+00:00,,,,3.559753039,3.429165309,6.250150225,2.920401728,,1.794761798,,False
2013-07-26 02:30:00+00:00,,,,6.3316192653758225,5.372778775346389,9.662050733080715,5.286721860614329,,4.553919965896871,,True
2013-07-26 03:00:00+00:00,,,,9.031382572,7.069643163,12.51589372,7.68728676,,8.054504806,,False
2013-07-26 03:30:00+00:00,,,,10.974987617577668,8.122628592395218,14.337882272014722,9.684327187379132,,11.331919592048015,,True
2013-07-26 04:00:00+00:00,,,,11.96395429,8.677079069,15.21631531,10.7491847,,13.19764204,,False
2013-07-26 04:30:00+00:00,,,,11.81347890281828,8.742013999325703,14.72246852949018,10.351971358500583,,12.86795081637204,,True
2013-07-26 05:00:00+00:00,,,,11.64448437,8.804437366,13.89495726,9.940699624,,12.23986979,,False
2013-07-26 05:30:00+00:00,,,,11.622348643009696,9.333260981302661,13.054010855509818,9.919105508499417,,11.29899816862796,,True
2013-07-26 06:00:00+00:00,,,,11.60258885,9.805591957,12.54672894,9.911569786,,10.65651635,,False
2013-07-26 06:30:00+00:00,,,,11.5564291757039,9.796434132385796,13.57431223,10.234044478,,10.809971015,,True
2013-07-26 07:00:00+00:00,,,,11.46182052,9.769487631,14.60189552,10.55651917,,10.96342568,,False
2013-07-26 07:30:00+00:00,,,,10.719134463553335,8.800819085844108,12.948469529999999,10.15497987932772,,9.81831023291534,,True
2013-07-26 08:00:00+00:00,,,,9.891969138,7.33198572,11.29504354,9.378113411,,8.249123984,,False
2013-07-26 08:30:00+00:00,,,,9.71822118348337,6.440202101204543,11.64382338,8.477434454977967,,7.633835158278891,,True
2013-07-26 09:00:00+00:00,,,,9.523928744,5.530448592,11.99260322,7.31014728,,7.015514819,,False
2013-07-26 09:30:00+00:00,,,,7.78684422403709,4.228012633027349,10.183483588802556,5.670628984473494,,5.782332155715075,,True
2013-07-26 10:00:00+00:00,,,,5.190102227,2.884159305,7.021052013,3.924077769,,4.238124023,,False
2013-07-26 10:30:00+00:00,,,,2.9051182684082795,1.6866576242394216,3.573987594963726,2.37458519692434,,2.4638947997619516,,True
2013-07-26 11:00:00+00:00,,,,1.269096365,0.835617205,1.079969861,1.237763886,,1.086923019,,False
2013-07-26 11:30:00+00:00,,,,0.6489352972962431,0.44106459726992603,0.4360492994456613,0.6591627982671978,,0.5104829534022067,,True
2013-07-26 12:00:00+00:00,,,,0.325411344,0.239484862,0.154773903,0.340519432,,0.216975074,,False
2013-07-26 12:30:00+00:00,,,,0.19648161518795784,0.18255951098828352,0.1022824425770908,0.22594089696922587,,0.13001560210861307,,True
2013-07-26 13:00:00+00:00,,,,0.121988886,0.152625225,0.072873264,0.156532885,,0.083292337,,False
2013-07-26 13:30:00+00:00,,,,0.07207110470629025,0.13417009554170625,0.046361167050578515,0.10133446735089381,,0.054730417190702485,,True
2013-07-26 14:00:00+00:00,,,,0.039924747,0.123465054,0.027794004,0.062251051,,0.035134563,,False
2013-07-26 14:30:00+00:00,,,,0.019744117785310968,0.11806199316481829,0.015990136767101065,0.03493482580095634,,0.01836068247641861,,True
2013-07-26 15:00:00+00:00,,,,0.008100151,0.115378435,0.009156844,0.018018308,,0.007714852,,False
2013-07-26 15:30:00+00:00,,,,0.003119680355007479,0.11490019616109223,0.006381418893287735,0.010007468678477778,,0.00319052865080237,,True
2013-07-26 16:00:00+00:00,,,,0.000920093,0.114375926,0.005228299,0.00622925,,0.001274039,,False
2013-07-26 16:30:00+00:00,,,,0.0006912756552379915,0.09411918564306639,0.007468916899754516,0.005669152156830331,,0.0016346728379912114,,True
2013-07-26 17:00:00+00:00,,,,0.000610744,0.061087109,0.010944191,0.00532137,,0.002143934,,False
2013-07-26 17:30:00+00:00,,,,0.0011598569149057216,0.028027610029887108,0.013444935545746951,0.004909676564066372,,0.00234463604169764,,True
2013-07-26 18:00:00+00:00,,,,0.002542399,0.008235446,0.015291635,0.004545563,,0.002595492,,False
2013-07-26 18:30:00+00:00,,,,0.007050120007510394,0.014567284969870723,0.01602967973154733,0.004187815008827818,,0.0038338001670741263,,True
2013-07-26 19:00:00+00:00,,,,0.0147019,0.025580322,0.016876066,0.003991653,,0.005920259,,False
2013-07-26 19:30:00+00:00,,,,0.02456133000622774,0.03526278704771213,0.021511471550611165,0.00446671915437589,,0.008487717706968845,,True
2013-07-26 20:00:00+00:00,,,,0.037707721,0.045923574,0.027447127,0.005254292,,0.011575951,,False
2013-07-26 20:30:00+00:00,,,,0.05734517441822666,0.057455326098949266,0.0305005375408754,0.005767511674969018,,0.014741615635762739,,True
2013-07-26 21:00:00+00:00,,,,0.077138213,0.071440049,0.033826341,0.006491956,,0.018612049,,False
2013-07-26 21:30:00+00:00,,,,0.0927461791531295,0.09319235497741118,0.041355900876415295,0.009698446120294095,,0.025154797317113026,,True
2013-07-26 22:00:00+00:00,,,,0.100934111,0.1159974,0.049372701,0.013307928,,0.031448991,,False
2013-07-26 22:30:00+00:00,,,,0.09777287300000001,0.1339370470287661,0.054999851855049346,0.015044133050361,,0.03528605057733351,,True
2013-07-26 23:00:00+00:00,,,,0.094611635,0.147139357,0.057878167,0.015853615,,0.037361075,,False
2013-07-26 23:30:00+00:00,,,,0.11164107749029507,0.15261281971650098,0.056547914500000004,0.015157362,,0.037636526044195075,,True
2013-07-27 00:00:00+00:00,,,,0.14372796,0.159514138,0.055217662,0.014461109,,0.037935759,,False
2013-07-27 00:30:00+00:00,,,,0.17143208491713097,0.21979735861864674,0.14166153151548708,0.024112835915572135,,0.06397741005438014,,True
2013-07-27 01:00:00+00:00,,,,0.221571105,0.378013496,0.361852989,0.051906472,,0.135966892,,False
2013-07-27 01:30:00+00:00,,,,0.9259314247915353,1.9267903950112224,1.1394055507450542,0.4478424744280264,,0.6877372171996325,,True
2013-07-27 02:00:00+00:00,,,,2.26358418,4.530677642,2.457487996,1.221608157,,1.765086591,,False
2013-07-27 02:30:00+00:00,,,,3.964042728848518,7.096007594445854,4.051402507312019,2.2145099927966623,,3.324532623730722,,True
2013-07-27 03:00:00+00:00,,,,6.174681095,9.776312,6.240320765,3.673802495,,5.602620825,,False
2013-07-27 03:30:00+00:00,,,,9.746678456452521,12.890103163085067,10.733832276427439,7.011880601359739,,10.188693640187129,,True
2013-07-27 04:00:00+00:00,,,,12.13771123,14.73002086,13.95806257,9.487596452,,13.48431174,,False
2013-07-27 04:30:00+00:00,,,,9.994856215999999,11.886195706,11.2921962135,7.465520908,,10.817698212,,True
2013-07-27 05:00:00+00:00,,,,7.852001202,9.042370552,8.626329857,5.443445364,,8.151084684,,False
2013-07-27 05:30:00+00:00,,,,8.965044700162574,9.343332187330443,9.406008481737185,6.318934549360325,,8.69162540077725,,True
2013-07-27 06:00:00+00:00,,,,10.63800049,9.928398503,10.93624965,7.912082691,,9.740245954,,False
2013-07-27 06:30:00+00:00,,,,11.854182135837423,10.862489746669556,13.455139506762816,9.985425283639675,,11.403393285222752,,True
2013-07-27 07:00:00+00:00,,,,12.51045149,11.51247631,15.22346682,11.34110892,,12.55846078,,False
2013-07-27 07:30:00+00:00,,,,11.680463301771278,10.492116926273281,13.734461369306345,10.647915582094782,,10.99635959792854,,True
2013-07-27 08:00:00+00:00,,,,10.12468353,8.796434997,11.07972565,9.263905891,,8.473039428,,False
2013-07-27 08:30:00+00:00,,,,8.361154514686618,7.453570719998235,8.333596732686717,7.2953248994057445,,6.550402537159229,,True
2013-07-27 09:00:00+00:00,,,,6.417557662,6.109736581,5.748890657,5.137893683,,4.841957821,,False
2013-07-27 09:30:00+00:00,,,,4.529996408394403,4.744803209524085,3.9333480953110795,3.4241686782450738,,3.4614450668872707,,True
2013-07-27 10:00:00+00:00,,,,2.874113066,3.385839997,2.525866925,2.070713926,,2.303371199,,False
2013-07-27 10:30:00+00:00,,,,1.542289300374101,1.8485074176866645,1.3331545579378454,1.0953398612952951,,1.2230992864816845,,True
2013-07-27 11:00:00+00:00,,,,0.697497078,0.745846173,0.633047266,0.499927077,,0.515131283,,False
2013-07-27 11:30:00+00:00,,,,0.40415835430514147,0.3653125822734506,0.49068544365029104,0.27987333913803236,,0.2741293627614329,,True
2013-07-27 12:00:00+00:00,,,,0.245463587,0.172120666,0.400274492,0.16086075,,0.148041547,,False
2013-07-27 12:30:00+00:00,,,,0.15897793231631707,0.09515766873226483,0.2948676532627496,0.09761657755562901,,0.08692918170775642,,True
2013-07-27 13:00:00+00:00,,,,0.108673924,0.055936073,0.214297147,0.061591647,,0.054194337,,False
2013-07-27 13:30:00+00:00,,,,0.08054752894065866,0.038234026724780594,0.16311267484497355,0.04312952452357786,,0.03873465701877374,,True
2013-07-27 14:00:00+00:00,,,,0.06578965,0.030100535,0.13878196,0.03274867,,0.031945879,,False
2013-07-27 14:30:00+00:00,,,,0.062145961119778034,0.028945874137543896,0.193707553,0.02825592175722403,,0.03160406494271793,,True
2013-07-27 15:00:00+00:00,,,,0.05893271,0.027934402,0.248633146,0.024872463,,0.031283762,,False
2013-07-27 15:30:00+00:00,,,,0.05057066742327139,0.023459841064868085,0.2364657855,0.01988166648463985,,0.028877544371764256,,True
2013-07-27 16:00:00+00:00,,,,0.039757262,0.019764158,0.224298425,0.016874967,,0.02489284,,False
2013-07-27 16:30:00+00:00,,,,0.028392484726549216,0.019646845084826,0.22533242711989268,0.0174097195,,0.020089967848530208,,True
2013-07-27 17:00:00+00:00,,,0.562548198,0.019060482,0.019606749,0.227040109,0.017944472,0.008781456,0.015777287,0.024454004,False
2013-07-27 17:30:00+00:00,,,0.557573888,0.013473946441882855,0.02557204620594605,0.2287016168801073,0.0169886865,0.008291572458733026,0.01308679489230119,0.02572325295931788,True
2013-07-27 18:00:00+00:00,,,0.552599578,0.010831409,0.036088003,0.229689445,0.016032901,0.007939667,0.011784578,0.027269481,False
2013-07-27 18:30:00+00:00,,,0.5563598360391847,0.012192051777938126,0.045630621747959746,0.21973829784455332,0.016993565182997685,0.009374740585838438,0.013573135776413212,0.02760119266894961,True
2013-07-27 19:00:00+00:00,,,0.564115152,0.01456929,0.056413542,0.197862233,0.018716696,0.01160255,0.016872104,0.027959131,False
2013-07-27 19:30:00+00:00,,,0.5784715470585434,0.01643887964046116,0.06915723687165834,0.1443231206554467,0.02035217898247286,0.012894496219307163,0.020349635800644587,0.02986123895174013,True
2013-07-27 20:00:00+00:00,,,0.590214106,0.019027476,0.083337047,0.102708926,0.022248272,0.014398047,0.024308339,0.032983388,False
2013-07-27 20:30:00+00:00,,,0.5918470465926029,0.02620225642287052,0.09869415629090912,0.1566175525,0.024647935312194266,0.01747100738799122,0.028590162460686984,0.03644657221848821,True
2013-07-27 21:00:00+00:00,,,0.593303552,0.03470687,0.114546082,0.210526179,0.027112979,0.021534734,0.032886135,0.040722619,False
2013-07-27 21:30:00+00:00,,,0.597618954399142,0.04003436670474327,0.12939572158864954,0.20950563288200344,0.028970713317187306,0.025814220203703244,0.03643089909581115,0.04632893391427655,True
2013-07-27 22:00:00+00:00,,,0.604253022,0.044774221,0.145118744,0.206614737,0.031053033,0.030585152,0.040421611,0.052512393,False
2013-07-27 22:30:00+00:00,,,0.6159005324105269,0.05049170338383184,0.16640023591577427,0.16768892553673675,0.03564682920514788,0.03734783110315993,0.04866634636644406,0.05972871528722762,True
2013-07-27 23:00:00+00:00,,,0.624024591,0.054533985,0.184392138,0.120921183,0.038927583,0.041623958,0.054459403,0.064031784,False
2013-07-27 23:30:00+00:00,,,0.6031970295,0.05545190231571507,0.1908100845376693,0.10350592808125982,0.0356454935,0.038037720500000004,0.050297411,0.057104885499999994,True
2013-07-28 00:00:00+00:00,,,0.582369468,0.056455141,0.198932095,0.095802954,0.032363404,0.034451483,0.046135419,0.050177987,False
2013-07-28 00:30:00+00:00,,,0.6345557712522064,0.06284390274444912,0.3076045862825067,0.3805930523088144,0.05723895566673291,0.16816437024350153,0.096640109727487,0.1965460294507229,True
2013-07-28 01:00:00+00:00,,,0.780036955,0.079930436,0.590593019,1.091914713,0.128036968,0.521430424,0.23655214,0.586847068,False
2013-07-28 01:30:00+00:00,,,1.9823941510479377,0.663770944639642,2.6052815745894335,3.568219272802606,0.9294840216428361,2.2873648300430705,1.2763610231664781,2.708551212251792,True
2013-07-28 02:00:00+00:00,,,4.10948644,1.869697052,5.486788092,7.03217562,2.423140409,4.988192234,3.171320444,5.951724581,False
2013-07-28 02:30:00+00:00,,,6.98968830508741,3.812430456153226,7.430770645476569,9.869781799481999,4.438366211169598,7.4955216066922805,5.703968840724268,9.415371955797484,True
2013-07-28 03:00:00+00:00,,,9.350721614,6.211471564,9.152562979,12.43121396,6.560918551,9.767569378,8.47338473,11.51361711,False
2013-07-28 03:30:00+00:00,,,10.216304650612445,8.945565870717124,11.068994400992926,14.967595280406579,8.413364535020834,11.720848490521146,11.194902074881767,11.47240859885822,True
2013-07-28 04:00:00+00:00,,,10.58302627,10.58968119,12.15947239,16.36596727,9.420352187,12.75496304,12.73509405,11.35816129,False
2013-07-28 04:30:00+00:00,,,9.803173177,10.561900349999998,11.919455094999998,14.549406564999998,9.3251015565,12.145075328068396,12.09552734,10.11093232564178,True
2013-07-28 05:00:00+00:00,,,9.023320084,10.53411951,11.6794378,12.73284586,9.229850926,11.32934124,11.45596063,8.936742159,False
2013-07-28 05:30:00+00:00,,,9.635300667,11.30707651,12.414895855000001,13.077062065,10.166293358,11.027871354898695,11.737224075,10.0213671395,True
2013-07-28 06:00:00+00:00,,,10.24728125,12.08003351,13.15035391,13.42127827,11.10273579,10.75048598,12.01848752,11.10599212,False
2013-07-28 06:30:00+00:00,,,9.511451673085398,11.327811203798674,12.339196244294124,13.321236382277222,10.525299025980281,10.306058492592722,11.573017470416513,10.99956602692464,True
2013-07-28 07:00:00+00:00,,,8.290932524,10.22092675,11.07533454,13.07012634,9.69251661,9.773259718,10.70143596,10.73387331,False
2013-07-28 07:30:00+00:00,,,7.34159560164036,9.667197190400733,10.311127697316419,12.152031749718786,9.268090223334287,9.23308168603125,9.591403816573731,9.725950289238789,True
2013-07-28 08:00:00+00:00,,,6.369451164,9.074005804,9.4690408,10.90559703,8.891889202,8.564997002,8.286736357,8.521855595,False
2013-07-28 08:30:00+00:00,,,5.3002741192810205,7.948025332693317,7.964476753946082,10.081890460136544,8.543719926966832,7.428112506589307,6.99394070137251,7.997685672643796,True
2013-07-28 09:00:00+00:00,,,4.217967481,6.553442254,6.342150483,9.184302652,8.033546405,6.231390168,5.731487009,7.474338077,False
2013-07-28 09:30:00+00:00,,,3.1668666985827807,5.144730213913987,5.206571073047176,7.828615710811276,5.5603183206383715,5.507186895973382,4.6237884746055045,6.541085223067526,True
2013-07-28 10:00:00+00:00,,,2.20015228,3.757977526,4.126752829,6.085716714,2.757078018,4.724171138,3.536219377,5.278167345,False
2013-07-28 10:30:00+00:00,,,1.3084486909381572,2.429450299241121,2.7654093824256267,3.457211947525904,1.5742992503138538,3.039092052855261,2.229162565923093,3.3628370982040368,True
2013-07-28 11:00:00+00:00,,,0.663042742,1.391630507,1.578166332,1.298814326,0.854660486,1.43712387,1.16229875,1.646504662,False
2013-07-28 11:30:00+00:00,,,0.33952224566709693,0.7739375126237553,0.7959065635238428,0.5029854651481508,0.45325097046118257,0.6722310067953485,0.5759121204843982,0.7932914416054959,True
2013-07-28 12:00:00+00:00,,,0.158451316,0.397332924,0.331924202,0.127901288,0.226924457,0.259222284,0.247828502,0.321949199,False
2013-07-28 12:30:00+00:00,,,0.08251496864518137,0.22029685973208737,0.1754305747619576,0.052074653654188875,0.1288646076434793,0.13358187050216552,0.13654585839437428,0.15962117807490583,True
2013-07-28 13:00:00+00:00,,,0.041438075,0.118207997,0.093103501,0.019400347,0.075759768,0.069517609,0.077536326,0.076854097,False
2013-07-28 13:30:00+00:00,,,0.02023148209611871,0.06086334923790617,0.050447075543608486,0.009422041948188393,0.05023774954496907,0.03670575903844421,0.04520862900487414,0.038186686736961274,True
2013-07-28 14:00:00+00:00,,,0.00921201,0.028221697,0.026496339,0.004637387,0.035299327,0.018447311,0.026930414,0.017623614,False
2013-07-28 14:30:00+00:00,,,0.005104234563888436,0.012748868296993473,0.014296117356577926,0.0026530994683173826,0.026262900924704524,0.009308576553722322,0.017863192653604427,0.008152450308392015,True
2013-07-28 15:00:00+00:00,,,0.003442995,0.004708,0.007682348,0.001470482,0.020659179,0.004214001,0.013016138,0.003362305,False
2013-07-28 15:30:00+00:00,,,0.005437022860398893,0.0015124440614244707,0.004660090284585001,0.0004841903114220358,0.017676393047588078,0.0015182636013067379,0.01089390257139808,0.0015760996954563352,True
2013-07-28 16:00:00+00:00,,,0.008599284,0.00020612,0.003386487,0.0,0.015371065,0.000343905,0.010008278,0.000855805,False
2013-07-28 16:30:00+00:00,,,0.01080500880695547,0.0007490298880804156,0.0034133541381607753,0.00329450456516767,0.012943491191449786,0.0004837686864536818,0.011252396841384299,0.001303417051509814,True
2013-07-28 17:00:00+00:00,,,0.012871715,0.001922182,0.003488173,0.008813306,0.010520469,0.00081772,0.013203452,0.001944522,False
2013-07-28 17:30:00+00:00,,,0.014501779737373178,0.00404567424069849,0.004079431380690773,0.014042490726855605,0.007451760348720016,0.001988583313546318,0.014824973158615702,0.0023414674484901854,True
2013-07-28 18:00:00+00:00,,,0.016843933,0.006670154,0.005174632,0.017795987,0.005271971,0.002965359,0.015739558,0.00254492,False
2013-07-28 18:30:00+00:00,,,0.027337349033552706,0.008567893753943552,0.006432314584841089,0.01863525207036774,0.004787744848617668,0.0027161189999999995,0.011985125819063998,0.0024201385,True
2013-07-28 19:00:00+00:00,,,0.045098311,0.010992037,0.00836939,0.019592672,0.004406422,0.002466879,0.007431332,0.002295357,False
2013-07-28 19:30:00+00:00,,,0.06345005861193889,0.01585041336635504,0.011850615771438432,0.03342074292530704,0.0035640417556647335,0.0025042266479270653,0.0060418196809360015,0.004218696025137556,True
2013-07-28 20:00:00+00:00,,,0.094829168,0.025226051,0.019114397,0.068906757,0.002990266,0.00261593,0.005451669,0.009597567,False
2013-07-28 20:30:00+00:00,,,0.2733207431798049,0.07132762382062982,0.08758646058971802,0.3255815562054857,0.018445337666463144,0.029946612355943345,0.03602394559484567,0.06630983913245969,True
2013-07-28 21:00:00+00:00,,,0.482172882,0.118520148,0.169322344,0.589830874,0.039454389,0.067887206,0.076377589,0.138618513,False
2013-07-28 21:30:00+00:00,,,0.5636348741546531,0.12974792549755568,0.19694858569684504,0.6281200075960607,0.04814714794480709,0.08421694586502339,0.09439538505797447,0.16645857445907788,True
2013-07-28 22:00:00+00:00,,,0.625832761,0.135732942,0.217635353,0.657894858,0.055428493,0.099656326,0.103391195,0.192691929,False
2013-07-28 22:30:00+00:00,,,0.6920713700415345,0.1385218940586595,0.2403587426332939,0.7209937994838229,0.06493185942232732,0.126066351941823,0.10429591367819063,0.2505895853833249,True
2013-07-28 23:00:00+00:00,,,0.748834596,0.14102252,0.260369666,0.775927413,0.072641138,0.150741789,0.105000431,0.291042015,False
2013-07-28 23:30:00+00:00,,,0.799109465073788,0.14693156787407752,0.279147705705012,0.8000063779269326,0.07704520446640245,0.1665458656892832,0.10711317016898922,0.2893221203617575,True
2013-07-29 00:00:00+00:00,,,0.825727048,0.151105857,0.289300024,0.810665729,0.079100793,0.174290624,0.10866673,0.284592134,False
2013-07-29 00:30:00+00:00,,,0.7681430750000001,0.1503737705,0.268901506,0.7448746945048488,0.0690266495,0.15228133649999998,0.09823696900000001,0.23790476563824256,True
2013-07-29 01:00:00+00:00,,,0.710559102,0.149641684,0.248502988,0.664059165,0.058952506,0.130272049,0.087807208,0.194227489,False
2013-07-29 01:30:00+00:00,,,0.8415471591613953,0.19451202383388086,0.4740204519452614,0.6376490499951512,0.06405738295817763,0.17148952863649794,0.11513027620767843,0.22047514292760906,True
2013-07-29 02:00:00+00:00,,,1.154327818,0.312186149,0.984342265,0.62626343,0.078840125,0.2823227,0.189531265,0.293215897,False
2013-07-29 02:30:00+00:00,,,2.0060083224478094,0.8701764041938163,2.1112927590574886,1.056860280522094,0.339954330436409,0.9299774051356097,0.6663900641381543,0.8766038567396097,True
2013-07-29 03:00:00+00:00,,,3.166558681,1.709591376,3.505782398,1.839870653,0.802561631,1.933760461,1.455075796,1.826744288,False
2013-07-29 03:30:00+00:00,,,4.017680894191602,2.3355370667212383,4.433845160378992,2.5344740088441644,1.2187821609983438,2.7044631728336648,2.1561561850819957,2.590469944351619,True
2013-07-29 04:00:00+00:00,,,5.082012046,3.14656659,5.471828576,3.521113804,1.8167575,3.691595508,3.113579342,3.619362198,False
2013-07-29 04:30:00+00:00,,,7.485967540908663,4.989206500339793,7.365227951829889,5.885307185058739,3.2726958793269185,5.795861711416412,5.1515974488462515,6.23196462938752,True
2013-07-29 05:00:00+00:00,,,10.39304118,7.471819994,9.531082196,9.044222169,5.30713268,8.459767265,7.881666094,9.200600116,False
2013-07-29 05:30:00+00:00,,,13.20925456929053,10.5001672490218,11.523767187205404,12.370501051590967,7.728838924872294,11.484162910477814,11.429830486725919,11.361590880093642,True
2013-07-29 06:00:00+00:00,,,14.81847842,12.65894384,12.99645304,15.05511523,9.68913742,13.30674554,13.67069672,12.48813642,False
2013-07-29 06:30:00+00:00,,,14.077494967338911,13.165517586889472,13.749031393582966,16.53943465498403,10.608902680407857,13.059784176003083,13.580124965358428,12.260077683250637,True
2013-07-29 07:00:00+00:00,,,12.73156077,13.36237608,14.08688987,17.22624722,11.0186515,12.51482428,13.33807073,11.78036264,False
2013-07-29 07:30:00+00:00,,,11.331616888409911,12.1579234260126,13.330126229537521,16.169933070300964,10.618797975776362,11.488434309271872,11.92060366553598,11.004394265850786,True
2013-07-29 08:00:00+00:00,,,9.852520581,10.51003199,11.84661791,14.36508991,9.932685821,10.10581735,9.94054795,10.03806861,False
2013-07-29 08:30:00+00:00,,,8.579980736335642,9.889931682449957,9.900314852937598,12.9473155030417,9.431699928934798,8.70211721639175,8.717997808816033,9.220717344875,True
2013-07-29 09:00:00+00:00,,,7.245270917,9.222968616,7.707975996,11.22505565,8.721786976,7.241748694,7.476754979,8.243480755,False
2013-07-29 09:30:00+00:00,,,5.490031095229963,7.398370107250269,5.771350987924982,8.081306634815782,6.140826181424681,5.838450802699148,5.684253611468354,6.5380553945824555,True
2013-07-29 10:00:00+00:00,,,3.754260747,5.104659186,4.036437969,4.829534619,3.283736078,4.418374895,3.859723924,4.586816201,False
2013-07-29 10:30:00+00:00,,,2.2896648627892793,3.039922497379379,2.5165761757077725,2.6229059899248637,1.9657700768313864,2.757914702693042,2.3244081378850527,2.795893702845163,True
2013-07-29 11:00:00+00:00,,,1.263561337,1.511845616,1.377467471,1.183756934,1.13020744,1.414800517,1.209331151,1.425752146,False
2013-07-29 11:30:00+00:00,,,0.7464608204810568,0.7989796022216926,0.6702056176052189,0.5121520153871035,0.6309210690529716,0.6835966299050804,0.6065280613443739,0.6689422021102198,True
2013-07-29 12:00:00+00:00,,,0.513229037,0.406124424,0.272409489,0.179913462,0.340491932,0.285631346,0.278103739,0.255885189,False
2013-07-29 12:30:00+00:00,,,0.5065119289152361,0.2443703398041507,0.14728614365123838,0.09862866259998077,0.21338476055714864,0.16818045944324467,0.17062684168519562,0.1263872762636267,True
2013-07-29 13:00:00+00:00,,,0.504237401,0.153733637,0.08299355,0.058412164,0.139667505,0.107077278,0.112848251,0.061949318,False
2013-07-29 13:30:00+00:00,,,0.5579813057374621,0.10091828515481086,0.04983119453295782,0.03641552272929011,0.09531996642991918,0.0728817253026212,0.07907505923340241,0.032506918107683525,True
2013-07-29 14:00:00+00:00,,,0.643721052,0.069329086,0.032224345,0.024933809,0.067056723,0.053046331,0.058403599,0.017384292,False
2013-07-29 14:30:00+00:00,,,0.7097134287797101,0.052120739496901956,0.025109620316197307,0.020539932700316652,0.0482801697408018,0.04260956006988761,0.045201511232519545,0.010904681614427621,True
2013-07-29 15:00:00+00:00,,,0.761956062,0.041727844,0.021393016,0.018754347,0.037193556,0.036343118,0.038174444,0.008224217,False
2013-07-29 15:30:00+00:00,,,0.7974707589828278,0.03660137355338783,0.019560683516469016,0.019656152634638577,0.03327848630109702,0.03231568699501504,0.03649089339964265,0.00903808678563514,True
2013-07-29 16:00:00+00:00,,,0.814739358,0.032044115,0.018740688,0.022093915,0.030025573,0.030335863,0.035452626,0.009921888,False
2013-07-29 16:30:00+00:00,,,0.677606512215407,0.02443131964712378,0.018659042770044015,0.041598365976833855,0.02409677744879525,0.030161309079282266,0.03463988565875216,0.01003306371436486,True
2013-07-29 17:00:00+00:00,0.138413444,,0.4461202,0.016060795,0.018630359,0.060422665,0.018246688,0.029994472,0.033582586,0.010074308,False
2013-07-29 17:30:00+00:00,0.13224799927261824,,0.2056242227845931,0.0070275175297264255,0.018960489763989476,0.06174637538852756,0.014361578098595876,0.028812070953001513,0.028558382101599243,0.009853379993235963,True
2013-07-29 18:00:00+00:00,0.121921764,,0.059481712,0.001767083,0.019852381,0.062214281,0.011477425,0.026886844,0.022617416,0.009350476,False
2013-07-29 18:30:00+00:00,0.11252540007901758,,0.06166347239006175,0.002060539655109745,0.025033540392600764,0.043865103,0.00916498290344461,0.0243186071929713,0.01926280128066641,0.007932885506764038,True
2013-07-29 19:00:00+00:00,0.105124311,,0.066381704,0.002755224,0.033790986,0.025515925,0.008000973,0.022646996,0.01762374,0.006797271,False
2013-07-29 19:30:00+00:00,0.10112370314836416,,0.07456970883459421,0.004419770617489261,0.04298359634581109,0.047281090810104065,0.00816605496797006,0.02317972387725505,0.018479338360461832,0.00927394850934913,True
2013-07-29 20:00:00+00:00,0.099288611,,0.085540058,0.007025555,0.054163076,0.07331741,0.008597364,0.024425472,0.020549035,0.013406921,False
2013-07-29 20:30:00+00:00,0.10328537922895381,,0.09766255800792797,0.01049276815481361,0.06889338177763278,0.07871131378389766,0.01081999440798736,0.027299110139175593,0.02676241071579056,0.01669097740090045,True
2013-07-29 21:00:00+00:00,0.109983209,,0.109458158,0.014257511,0.084887867,0.083718416,0.013563995,0.031621622,0.03483834,0.020047704,False
2013-07-29 21:30:00+00:00,0.1166357726067544,,0.11920903510248212,0.017229183324828024,0.09962934399375033,0.09993682781304343,0.01486018957519779,0.03756090007632902,0.041780206923747606,0.02434217299714457,True
2013-07-29 22:00:00+00:00,0.120899375,,0.126595352,0.020259776,0.113361449,0.114414864,0.015870808,0.04245404,0.045645422,0.027262416,False
2013-07-29 22:30:00+00:00,0.12138645416429178,,0.13169826266493392,0.025024610747759364,0.1265052169790313,0.11696784000073014,0.017010746048844786,0.04441715740724034,0.04530511079599037,0.02783321359260585,True
2013-07-29 23:00:00+00:00,0.121561433,,0.134173818,0.02809053,0.136481217,0.119399052,0.017648663,0.045264519,0.04441545,0.028049272,False
2013-07-29 23:30:00+00:00,0.11298242754068391,,0.13168373072239223,0.0278128205,0.14215203701273188,0.1311352865922247,0.016051895147379515,0.042239721693697496,0.040301194122256814,0.024896283614907908,True
2013-07-30 00:00:00+00:00,0.097787743,,0.127122865,0.027535111,0.145376797,0.140849309,0.012837781,0.036450797,0.034121093,0.021632766,False
2013-07-30 00:30:00+00:00,0.07956108795931609,,0.12106892177760778,0.027898317681284212,0.14622649096560134,0.11702723150000001,0.007092605852620485,0.027653577806302503,0.027497160081752802,0.02146302838509209,True
2013-07-30 01:00:00+00:00,0.067950112,,0.117085757,0.028953224,0.147227226,0.093205154,0.002964777,0.021620486,0.023488422,0.02140382,False
2013-07-30 01:30:00+00:00,0.09430723852984978,,0.14267337049735,0.04416528014259085,0.2017408665038339,0.25672950383496856,0.013859626193340252,0.05957714344990734,0.04748676637682402,0.08176338960637602,True
2013-07-30 02:00:00+00:00,0.167307056,,0.212908378,0.085467369,0.352196263,0.622691156,0.045149347,0.164856094,0.114978001,0.242129064,False
2013-07-30 02:30:00+00:00,0.6738031348880247,,0.6194105065060502,0.4054294536194105,1.6147571226288986,1.2552495325317523,0.4351275320716331,0.9135563262616253,0.6845906847081781,0.9474004415661741,True
2013-07-30 03:00:00+00:00,1.69385826,,1.523674239,1.111364148,3.881106158,2.343042908,1.278777645,2.409746122,1.881995869,2.373528204,False
2013-07-30 03:30:00+00:00,3.5885116872218443,,4.166339633826997,2.8467646402382214,6.839242218905699,4.665393421287502,3.074669698263392,5.1777996561253055,4.317804885824516,5.923097783449568,True
2013-07-30 04:00:00+00:00,5.905018751,,7.816906505,5.337596755,9.732320908,7.93024154,5.375681867,8.355668944,7.471259258,9.519445816,False
2013-07-30 04:30:00+00:00,8.103176407442257,,11.648012789669604,8.120794721311823,11.623198027238026,12.476030698345777,7.449129399660723,11.050405812163161,10.793489365019179,11.09917427437788,True
2013-07-30 05:00:00+00:00,9.585927731,,13.9288086,10.56234763,12.93835224,15.42164995,9.127449923,12.52051507,12.99384198,11.81126179,False
2013-07-30 05:30:00+00:00,10.031079500918027,,13.762984562572338,12.18470835850667,13.813147489992396,15.336946243570331,10.267605119310913,12.4387681631812,13.423014737071302,11.728309954922247,True
2013-07-30 06:00:00+00:00,10.20958223,,13.34413742,12.98052818,14.22807615,15.1142441,10.82370041,12.22566926,13.58513424,11.53432146,False
2013-07-30 06:30:00+00:00,9.455053908485478,,11.544939691999467,11.1510025255,13.12694594659009,13.820855638536228,10.145331075500001,11.012168209361471,12.271068287141581,11.001289621823517,True
2013-07-30 07:00:00+00:00,8.460394369,,9.581075431,9.321476871,11.69118514,12.41300817,9.466961741,9.815812628,10.55700105,10.41341004,False
2013-07-30 07:30:00+00:00,8.141648225648181,,9.036607808292489,9.390217074999999,11.256524016125496,12.100613643184351,9.753502875499999,9.690050305887265,10.01463010356231,10.18962535930666,True
2013-07-30 08:00:00+00:00,7.79836238,,8.507330661,9.458957279,10.78209559,11.79201779,10.04004401,9.563483061,9.469760335,9.942160055,False
2013-07-30 08:30:00+00:00,6.643062927184014,,7.083394137173938,8.734374269454547,8.833109101256612,10.789858616464725,9.37600003891167,8.480384597425767,8.0463419312808,9.12822673804408,True
2013-07-30 09:00:00+00:00,5.157313021,,5.291054653,7.385231676,6.53537672,9.294869574,7.991603534,6.961499629,6.368756049,8.002677135,False
2013-07-30 09:30:00+00:00,4.042849852142065,,3.696703901701168,5.879936791768108,5.394410652759513,7.60888850160408,5.5585813108598625,6.0474384210424805,5.220469391433253,7.057631814309135,True
2013-07-30 10:00:00+00:00,2.990594301,,2.329602499,4.243938704,4.342151383,5.643400249,3.135545233,5.05110364,4.090561525,5.928167377,False
2013-07-30 10:30:00+00:00,1.7923611212584327,,1.289709480235142,2.5984724619941577,2.7210234961065334,3.010037869940593,1.92674502989764,3.0678437321172365,2.496772462382478,3.8346317950524087,True
2013-07-30 11:00:00+00:00,0.892886185,,0.611485383,1.334263553,1.331470812,1.010673806,1.127246122,1.296623855,1.186964387,1.883615161,False
2013-07-30 11:30:00+00:00,0.49698426983672794,,0.3123261711471348,0.6938893148982055,0.6189866459637979,0.35804698880000585,0.586648946952321,0.5743816729681988,0.575370934905019,0.9304997841238013,True
2013-07-30 12:00:00+00:00,0.289976162,,0.149690591,0.327414889,0.231324006,0.08142874,0.267280084,0.211096365,0.249583255,0.398671008,False
2013-07-30 12:30:00+00:00,0.22235283638600994,,0.07180512425964788,0.16538929300963462,0.10817893702750352,0.06467913689968462,0.1391227421714893,0.11627915957723481,0.14522577704180487,0.2040439688785654,True
2013-07-30 13:00:00+00:00,0.183459969,,0.036480856,0.077510199,0.049438986,0.05891847,0.071199381,0.070914891,0.089127596,0.107281864,False
2013-07-30 13:30:00+00:00,0.15122216305909147,,0.03197583361867518,0.033715084063176366,0.02658134317045319,0.08082946951863643,0.038209770959138425,0.04921031393914771,0.05193231875275474,0.06668408053958481,True
2013-07-30 14:00:00+00:00,0.135515604,,0.030369834,0.011977308,0.017358854,0.112146033,0.022195672,0.040127423,0.034979779,0.050016244,False
2013-07-30 14:30:00+00:00,0.14568293250000003,,0.030591161229252713,0.005597176812172902,0.040577901,0.13139521548136357,0.01862997703350257,0.047957097500000004,0.03544564,0.09464391214385424,True
2013-07-30 15:00:00+00:00,0.155850261,,0.031181431,0.003118847,0.063796948,0.141238834,0.016309981,0.055786772,0.035911501,0.154878219,False
2013-07-30 15:30:00+00:00,0.15031746750000002,,0.03350727864528002,0.0036198593357462286,0.060284235,0.14049647650000002,0.013014993714378082,0.0550103475,0.029334656499999997,0.17692956751690736,True
2013-07-30 16:00:00+00:00,0.144784674,,0.039305834,0.005061541,0.056771522,0.139754119,0.011101597,0.054233923,0.022757812,0.19932009,False
2013-07-30 16:30:00+00:00,0.19065964300000002,,0.11198371662546727,0.024671264692131253,0.10748044666404058,0.2888071578311963,0.012655585466141218,0.08304462965552713,0.0445480202532663,0.2637589628392384,True
2013-07-30 17:00:00+00:00,0.236534612,,0.180819949,0.06463036,0.166039162,0.475387953,0.01723753,0.123491619,0.085208859,0.312252023,False
2013-07-30 17:30:00+00:00,,,0.15992117834236946,0.14869776126120812,0.17913094733595944,0.5424888711688038,0.232716996459355,0.14683503684447288,0.1423374497467337,0.2804987877385663,True
2013-07-30 18:00:00+00:00,,,0.129674198,0.213931934,0.184372942,0.572062033,0.48159981,0.158542172,0.18059541,0.237384865,False
2013-07-30 18:30:00+00:00,,,0.11026570015763053,0.21770075971091435,0.1765391555,0.5015120005,0.5303676894576099,0.14820945014797898,0.13769903676858233,0.219064640768345,True
2013-07-30 19:00:00+00:00,,,0.100205412,0.219012773,0.168705369,0.430961968,0.568022988,0.133386066,0.08552464,0.204763152,False
2013-07-30 19:30:00+00:00,,,0.11776450037172377,0.17454422858786497,0.180549758554532,0.45205538099179576,0.6268233339122271,0.12415655535202101,0.06935753523141767,0.18774009649308868,True
2013-07-30 20:00:00+00:00,,,0.153963634,0.114589536,0.205921391,0.497061464,0.69031331,0.119417707,0.062468454,0.178058993,False
2013-07-30 20:30:00+00:00,,,0.21352043821887914,0.084830219412135,0.2487030616030198,0.577772812452692,0.7550402975731865,0.13903569492073642,0.07362356872823209,0.19506211425714481,True
2013-07-30 21:00:00+00:00,,,0.275586124,0.070557051,0.305006836,0.670050623,0.808171602,0.167698202,0.09276257,0.222120462,False
2013-07-30 21:30:00+00:00,,,0.318586643909397,0.0765239479612866,0.3738690739452735,0.7479435890555123,0.8441582236314804,0.1866839525792636,0.11363703427176793,0.24564616524285518,True
2013-07-30 22:00:00+00:00,,,0.340438237,0.09153941,0.424161763,0.790357423,0.861732176,0.196625184,0.126527612,0.259116642,False
2013-07-30 22:30:00+00:00,,,0.31639605976519874,0.1485780902975258,0.43828870539717474,0.7414969197563144,0.8519405498970726,0.19341836790421016,0.121418152745087,0.2561515798307555,True
2013-07-30 23:00:00+00:00,,,0.277906816,0.223147855,0.44393585,0.656231582,0.828492285,0.185650566,0.111464794,0.248909577,False
2013-07-30 23:30:00+00:00,,,0.25083593699065254,0.2784075307390362,0.40429194900000004,0.5751283830695275,0.7620229126630327,0.16275484862673756,0.09824298736439321,0.22749802669095276,True
2013-07-31 00:00:00+00:00,,,0.224192878,0.312329357,0.364648048,0.496964332,0.675303557,0.131614267,0.08431595,0.196096315,False
2013-07-31 00:30:00+00:00,,,0.18785449574414873,0.31795049488617866,0.37155582996199193,0.422507578174158,0.6084747846567583,0.10086690896905229,0.0721552793905198,0.15792810847829178,True
2013-07-31 01:00:00+00:00,,,0.16553536,0.324209511,0.391966539,0.381516511,0.553626652,0.082925401,0.065543739,0.134027004,False
2013-07-31 01:30:00+00:00,,,0.4174567100792529,0.7518861675734132,1.3144821320969933,0.5762436336755026,0.5083830602831366,0.46853190673790823,0.32714937901035135,0.43130351589222454,True
2013-07-31 02:00:00+00:00,,,0.926966664,1.480714604,2.75176254,0.989314348,0.485065451,1.177646931,0.850108979,1.025437909,False
2013-07-31 02:30:00+00:00,,,1.5562440628951693,2.0416965070411064,3.649939635592897,1.581797281452687,0.5770768742978083,1.8413534993952634,1.47417624977792,1.7265324994387063,True
2013-07-31 03:00:00+00:00,,,2.519923122,2.789917539,4.664816896,2.540459877,0.795814838,2.759725047,2.416223169,2.80324557,False
2013-07-31 03:30:00+00:00,,,4.84694880837393,4.790725342219732,6.8500761161164325,4.872596796055671,1.4104754833853748,4.911875620923127,4.606375703741623,5.7586083710853355,True
2013-07-31 04:00:00+00:00,,,7.131513415,6.825949158,8.625086344,7.286248694,2.170430319,7.056876906,6.869821525,8.327191452,False
2013-07-31 04:30:00+00:00,,,7.913972257606053,7.5636836376012635,8.904858477819326,8.246214533677412,2.5824176179927347,7.901613860134762,7.845661148343954,8.681320522490036,True
2013-07-31 05:00:00+00:00,,,8.57446312,8.258671902,9.157652934,9.138119309,3.070829076,8.612311006,8.716212862,8.964508372,False
2013-07-31 05:30:00+00:00,,,9.837785512045595,9.989103023648779,10.11375349454518,10.83756383813397,4.445863720299176,9.828213403308938,10.313785369806919,9.716183160804201,True
2013-07-31 06:00:00+00:00,,,10.6735467,11.28017549,11.04750863,12.51469764,6.154126423,10.6071314,11.4050089,10.28176784,False
2013-07-31 06:30:00+00:00,,,10.597090074860995,11.35153005453168,11.370856010867174,13.676044760504757,7.716974362024906,10.574096558655754,11.467782978819235,10.326070165289496,True
2013-07-31 07:00:00+00:00,,,10.39934166,11.37630289,11.50880758,14.26172544,8.598149353,10.48335596,11.48956705,10.34170718,False
2013-07-31 07:30:00+00:00,,,9.60969802631734,10.693960924453132,10.980297681549635,13.452077732951208,8.488380427163014,9.885884344416432,10.553593711066103,9.785658175310383,True
2013-07-31 08:00:00+00:00,,,8.295781643,9.407335156,9.907926426,11.88613798,8.20372406,8.775412577,8.884820149,8.751177091,False
2013-07-31 08:30:00+00:00,,,6.598738411623384,7.860372472681101,8.274570899847637,9.783320645179568,6.904885050722284,7.0096133075342175,7.125545787642889,7.5743822878789,True
2013-07-31 09:00:00+00:00,,,4.952768251,6.277889839,6.514598637,7.722451101,5.113941469,5.334356714,5.533610825,6.349404856,False
2013-07-31 09:30:00+00:00,,,3.994624429558869,5.1879296585334185,5.398377895247186,6.640989938894214,3.881255824216301,4.660801329699469,4.667450496857228,5.453850403201654,True
2013-07-31 10:00:00+00:00,,,3.107489846,4.113126152,4.297503111,5.547454701,2.766450868,4.002273891,3.826645004,4.473589616,False
2013-07-31 10:30:00+00:00,,,1.7489008070074659,2.4819194980893937,2.544173093877332,3.1739324957546238,1.460063984398401,2.380999208431242,2.2321804203162783,2.575023737060154,True
2013-07-31 11:00:00+00:00,,,0.68746333,1.158984539,1.094061406,1.17180989,0.702788426,0.918252782,0.884684699,0.962345099,False
2013-07-31 11:30:00+00:00,,,0.3168753245703638,0.6370071834472971,0.49807787583782115,0.6132471655883638,0.7224350292582246,0.4065956829627409,0.3954978259792163,0.4258677705617862,True
2013-07-31 12:00:00+00:00,,,0.130651381,0.353762367,0.192053876,0.324236365,0.7569992,0.152848977,0.152500722,0.163375112,False
2013-07-31 12:30:00+00:00,,,0.06499016223025558,0.2309630263312432,0.09629606556399249,0.18934228731415628,0.7976342577417754,0.07822336134688412,0.08057475818113391,0.08330057483160419,True
2013-07-31 13:00:00+00:00,,,0.031820512,0.161375134,0.048413476,0.110121287,0.823351748,0.041256148,0.044793746,0.045265696,False
2013-07-31 13:30:00+00:00,,,0.016207482982631975,0.12120154257420547,0.025612009959626175,0.05394191831786657,0.7286805991241249,0.02356971728178253,0.027638682729102096,0.030360793084004106,True
2013-07-31 14:00:00+00:00,,,0.008374919,0.095877036,0.013389556,0.02755628,0.548200855,0.013735189,0.01776784,0.022879913,False
2013-07-31 14:30:00+00:00,,,0.005546709348694509,0.07912364041066774,0.007717091414877366,0.07586100300000001,0.29408564497377176,0.00862443026126681,0.01166191972468842,0.01971012004351451,True
2013-07-31 15:00:00+00:00,,,0.004413073,0.068785468,0.004640913,0.124165726,0.092111465,0.00544223,0.008254647,0.018052744,False
2013-07-31 15:30:00+00:00,,,0.0044621579149757735,0.06437682193774165,0.003049932201890894,0.11578142527467625,0.03577864440210337,0.00331169171197043,0.006854745003361607,0.017227885027999018,True
2013-07-31 16:00:00+00:00,,,0.004607234,0.060518397,0.002362709,0.099121067,0.013113389,0.00183138,0.006274381,0.01687606,False
2013-07-31 16:30:00+00:00,,,0.010814488511660444,0.05424021888790612,0.0040540331237896065,0.07662306943918344,0.018763002181446817,0.0006119156982431834,0.006281060837626666,0.02223921975884145,True
2013-07-31 17:00:00+00:00,0.072697877,,0.021716597,0.04625434,0.007204341,0.050308593,0.028854809,0.0,0.006300839,0.031492029,False
2013-07-31 17:30:00+00:00,0.07050157886434943,,0.034533014871971225,0.034122737234530895,0.011084227053515732,0.020320373062129405,0.04127367481855319,,0.007633406162373335,0.041752451241158554,True
2013-07-31 18:00:00+00:00,0.067822377,,0.043494459,0.024282202,0.014548514,0.002372831,0.049250347,,0.008952875,0.048123224,False
2013-07-31 18:30:00+00:00,0.061115982419740346,,0.044577647731181544,0.020770057419362498,0.015972232084929195,0.0022949307240108935,0.0431299398501854,,0.007273821419970666,0.04477025147044286,True
2013-07-31 19:00:00+00:00,0.052952545,,0.045542199,0.019291414,0.017463564,0.002268889,0.034592362,,0.005199212,0.039702169,False
2013-07-31 19:30:00+00:00,0.0453954691225541,,0.048529459305751095,0.021903029016701655,0.02100277112971426,0.00391714245046823,0.029777085149814603,,0.0045002500800293355,0.035950702529557135,True
2013-07-31 20:00:00+00:00,0.041131259,,0.053640895,0.026823774,0.026809504,0.007244959,0.027378979,,0.004196844,0.033914346,False
2013-07-31 20:30:00+00:00,0.04555243590899076,,0.06233812240859045,0.032604627880476085,0.03750847649664613,0.011829908524281821,0.030022277169545922,,0.007040159521560203,0.03467172575941468,True
2013-07-31 21:00:00+00:00,0.055058224,,0.075141706,0.038761043,0.051202557,0.017582515,0.033177281,,0.01209311,0.036597992,False
2013-07-31 21:30:00+00:00,0.07644514159100924,,0.09730406278013515,0.04386658408395908,0.06435118440315629,0.02395467866844284,0.03380024475855951,,0.017183684136364827,0.04553804823382738,True
2013-07-31 22:00:00+00:00,0.092747448,,0.116067282,0.048520006,0.077902741,0.030260767,0.034420042,,0.022129282,0.054736888,False
2013-07-31 22:30:00+00:00,0.08863825957642754,,0.12233196647573433,0.053582069508688615,0.0921703821047484,0.034943265321124795,0.037474670571894575,,0.02627384573096404,0.05666202331911909,True
2013-07-31 23:00:00+00:00,0.080793145,,0.124948023,0.056751337,0.10542759,0.040170896,0.04002076,,0.02914529,0.058125675,False
2013-07-31 23:30:00+00:00,0.07150110393606425,,0.11773603389023893,0.05722115251909053,0.11823473660350038,0.05195316803568232,0.03838299191884168,,0.030563242111110934,0.060856892187638865,True
2013-08-01 00:00:00+00:00,0.06086637,,0.105638412,0.057492039,0.125275755,0.060409163,0.035196081,,0.031189655,0.062621923,False
2013-08-01 00:30:00+00:00,0.04796827898750822,,0.09330502610976107,0.057676185424093036,0.12015372349999999,0.056280131500000004,0.03009218508115832,,0.0297894405,0.060450477499999995,True
2013-08-01 01:00:00+00:00,0.040148807,,0.085857273,0.057946609,0.115031692,0.0521511,0.026537432,,0.028389226,0.058279032,False
2013-08-01 01:30:00+00:00,0.35508227804804315,,0.4175463170242036,0.2557811525538591,1.0668591460166383,0.4419957394028044,0.3994591134147714,,0.38201888443415777,0.5455064951714951,True
2013-08-01 02:00:00+00:00,1.025617584,,1.152789558,0.699746654,2.82840556,1.253232699,1.1649302,,1.146380128,1.583735381,False
2013-08-01 02:30:00+00:00,2.068273566751565,,2.4486472533781507,1.4956933015163059,4.708991568430119,2.3819544951503713,2.199683311266637,,2.3738333637981177,3.2329894263414034,True
2013-08-01 03:00:00+00:00,3.581061176,,4.467072934,2.820869704,6.845222578,4.078411923,3.694695537,,4.243521651,5.553609812,False
2013-08-01 03:30:00+00:00,6.166984411916305,,8.379107095259371,5.707763808141635,9.5197223933841,7.508087603005893,6.55300202849926,,7.742213741108567,9.346567177487103,True
2013-08-01 04:00:00+00:00,8.249578306,,11.49560576,8.593743859,11.3830486,10.67750696,8.930174244,,10.82374673,11.91715678,False
2013-08-01 04:30:00+00:00,8.753319805314007,,12.025813222838273,9.912346803086155,11.69255832012005,11.761397800273764,9.420570157989065,,11.929758247659157,11.512656552059926,True
2013-08-01 05:00:00+00:00,8.99771849,,12.225434,10.71145008,11.95556988,12.54856864,9.796530513,,12.39996223,11.03979108,False
2013-08-01 05:30:00+00:00,9.105096993470081,,12.021126911701979,11.175230953269034,12.816133226049091,13.567798749167167,10.558493733830268,,12.336976567903276,10.963024938570978,True
2013-08-01 06:00:00+00:00,9.149414192,,11.51212946,11.38383771,13.46900438,14.15487723,11.06321827,,12.16069373,10.87781844,False
2013-08-01 06:30:00+00:00,7.855702166460418,,9.58003624979079,9.610157623802982,11.703824891573802,12.01445792596489,9.699039988211242,,10.305327188380083,9.615287836961102,True
2013-08-01 07:00:00+00:00,6.102317221,,7.329507348,7.177637678,9.231052637,8.938455451,7.695083276,,7.882939599,7.902156411,False
2013-08-01 07:30:00+00:00,5.422939454769077,,6.400286545532518,6.167632763618199,8.133237286020348,7.410219190726203,6.641066480443489,,6.842402424362865,7.083547008446779,True
2013-08-01 08:00:00+00:00,4.785745991,,5.554321786,5.258861323,7.106368003,6.020653495,5.631612357,,5.887659047,6.268104882,False
2013-08-01 08:30:00+00:00,3.647613158419051,,4.1515237998464425,3.8900128549893753,5.482368656356049,4.1529468918708075,4.169730349105368,,4.37927269416502,4.812999916956246,True
2013-08-01 09:00:00+00:00,2.503103316,,2.798190936,2.595918475,3.9288078,2.508154996,2.817969801,,2.944973895,3.342309325,False
2013-08-01 09:30:00+00:00,1.7116156543265912,,1.9038148851355279,1.6929907130654258,2.9247913452843264,1.4480699722038766,1.938933829052407,,1.9900208158599568,2.347347660260823,True
2013-08-01 10:00:00+00:00,1.154540951,,1.275514201,1.080741603,2.169361174,0.8027928,1.337182114,,1.334423183,1.631267054,False
2013-08-01 10:30:00+00:00,0.857071859696502,,0.913326695966056,0.782230051123281,1.6330579458094245,0.5726791407750527,1.0145045011538953,,0.9922855660602613,1.2153857053063428,True
2013-08-01 11:00:00+00:00,0.62757372,,0.639432786,0.565762036,1.175165403,0.411328932,0.759390319,,0.72492892,0.880337545,False
2013-08-01 11:30:00+00:00,0.3556512405032978,,0.34797711962775146,0.33898543653745794,0.6304760637417097,0.20484064884073916,0.440691321711667,,0.3703928957685375,0.46278679961557934,True
2013-08-01 12:00:00+00:00,0.176756618,,0.16400612,0.180889063,0.252966423,0.075175547,0.214259273,,0.162157327,0.188003865,False
2013-08-01 12:30:00+00:00,0.1299651248250628,,0.11728189389893659,0.10733513036327878,0.13158328521434037,0.05357246261842994,0.132039588321932,,0.16835864052671304,0.12747434332222565,True
2013-08-01 13:00:00+00:00,0.111627492,,0.099108929,0.075231081,0.082231688,0.045572794,0.097799566,,0.186158174,0.104287539,False
2013-08-01 13:30:00+00:00,0.1583430805,,0.149337737,0.08615369750000001,0.162883959,0.11189451150000002,0.276844246,,0.5380097989732869,0.17953957151229075,True
2013-08-01 14:00:00+00:00,0.205058669,,0.199566545,0.097076314,0.24353623,0.178216229,0.455888926,,0.878263204,0.260632706,False
2013-08-01 14:30:00+00:00,0.16645188200076938,,0.14528801657828477,0.07178373884909632,0.1878675422589453,0.13719213043456324,0.43553980141366366,,0.7002584205919736,0.26986605498770927,True
2013-08-01 15:00:00+00:00,0.111443352,,0.072692513,0.036390649,0.11225144,0.083568434,0.386786008,,0.440420852,0.273258302,False
2013-08-01 15:30:00+00:00,0.08015926229749848,,0.038378373957786066,0.01619992065090367,0.07663264435102597,0.060097314565436745,0.22229966769795384,,0.2867605107774082,0.2598813882447125,True
2013-08-01 16:00:00+00:00,0.060944811,,0.021186609,0.006109707,0.05494116,0.049225793,0.067457473,,0.179057662,0.235518767,False
2013-08-01 16:30:00+00:00,0.053549442201732154,,0.019336597963929166,0.022087347923599843,0.0443598498082313,0.08382667203114019,0.03681883238838251,,0.1116692896306181,0.2080248386606984,True
2013-08-01 17:00:00+00:00,0.050486178,,0.018681188,0.048392576,0.039698693,0.147587668,0.024940715,,0.08015621,0.18293222,False
2013-08-01 17:30:00+00:00,0.05631938988742785,,0.032359742908654385,0.07363624716073186,,0.23084454658442902,0.1821366671140953,,0.11904180882407661,0.1689965489845908,True
2013-08-01 18:00:00+00:00,0.063143216,,0.052486101,0.088774135,,0.290850716,0.347832403,,0.17395812,0.157440831,False
2013-08-01 18:30:00+00:00,0.0645704251891362,,0.06604142820864572,0.08899926595368056,,0.30024617238443085,0.3610544433859047,,0.2063288311759234,0.1445652227851431,True
2013-08-01 19:00:00+00:00,0.065492123,,0.073334944,0.08922267,,0.303732221,0.3657767,,0.22266883,0.133261978,False
2013-08-01 19:30:00+00:00,0.0662352168755566,,0.07352414161434669,0.09791638150948945,,0.30196538250000005,0.35661616761218173,,0.20021128404633984,0.12503550474617023,True
2013-08-01 20:00:00+00:00,0.067145072,,0.073713685,0.11277843,,0.300198544,0.333575823,,0.159514213,0.118243441,False
2013-08-01 20:30:00+00:00,0.07055643904787937,,0.0824071227542903,0.12627027159723117,,0.30029850066370817,0.2398283319227507,,0.11008541136856642,0.11161461982588737,True
2013-08-01 21:00:00+00:00,0.073315942,,0.096982567,0.140700295,,0.300562394,0.13230732,,0.073149771,0.107105026,False
2013-08-01 21:30:00+00:00,0.07253064299999999,,0.11072056191097955,0.15641759572199715,,0.30157580165153297,0.08270423412590265,,0.06364816458509374,0.10578872392744502,True
2013-08-01 22:00:00+00:00,0.071745344,,0.122351076,0.171535663,,0.303878342,0.056044304,,0.059892922,0.104430166,False
2013-08-01 22:30:00+00:00,0.0721136825,,0.12989388127943954,0.18511677636950444,,0.3163623036847589,0.04966928394123959,,0.0631387545,0.09900984118155647,True
2013-08-01 23:00:00+00:00,0.072482021,,0.133869669,0.195405975,,0.327393196,0.045296308,,0.066384587,0.090598572,False
2013-08-01 23:30:00+00:00,0.06716423782460314,,0.1344893473236438,0.1998272001098401,,0.32533464014618496,0.038791129614051095,,0.065211744,0.07840232314379611,True
2013-08-02 00:00:00+00:00,0.059083272,,0.13471518,0.205053977,,0.322393676,0.034377898,,0.064038901,0.070317719,False
2013-08-02 00:30:00+00:00,0.05299876067539687,,0.131825979,0.22517594783366693,,0.3205886318538151,0.03337521978387424,,0.06860339688253216,0.07657277043155267,True
2013-08-02 01:00:00+00:00,0.049677432,,0.128936778,0.275237598,,0.319665996,0.032988728,,0.082145455,0.095144243,False
2013-08-02 01:30:00+00:00,0.6699055042802582,,0.7266111257707718,1.2360454102444467,,1.6770019366731526,0.5886055294836284,,0.823963634227562,1.2433954327643013,True
2013-08-02 02:00:00+00:00,1.840375494,,1.957294774,2.908142781,,3.893988183,1.546568614,,2.229054519,3.252632881,False
2013-08-02 02:30:00+00:00,3.206792159183338,,3.854552128285271,4.608162645300259,,5.591524323553929,2.391887745373193,,3.9108716916436324,5.312067732298386,True
2013-08-02 03:00:00+00:00,4.695480754,,6.073554905,6.345643846,,7.206798342,3.264706953,,5.826374692,7.161451321,False
2013-08-02 03:30:00+00:00,5.991049527993116,,7.8695478101966305,7.760020233950364,,8.615743418496422,4.0809199249077786,,7.606612769375457,8.241084123212202,True
2013-08-02 04:00:00+00:00,7.238526046,,9.635369864,9.221550657,,10.13659353,4.9853413,,9.476934355,9.169361867,False
2013-08-02 04:30:00+00:00,8.777695425043285,,12.020531047747326,11.599470201088527,,12.538240994394158,6.268785797839371,,12.167277074370814,10.469739957793557,True
2013-08-02 05:00:00+00:00,9.692443213,,13.48110836,13.14880074,,14.66304799,7.589725507,,13.86160019,11.25822169,False
2013-08-02 05:30:00+00:00,9.648858855032245,,13.13873162104204,13.15104678673666,,15.80895280488234,8.598693529499934,,13.609113212608927,11.253839041946478,True
2013-08-02 06:00:00+00:00,9.54065772,,12.47443317,13.15179623,,16.34240487,9.527555587,,13.09127469,11.24107179,False
2013-08-02 06:30:00+00:00,9.199071786482667,,11.659100493330715,12.481422583729062,,16.02421533067084,10.698797132896095,,12.354607111360028,10.955258024504863,True
2013-08-02 07:00:00+00:00,8.670853184,,10.68809233,11.36566057,,15.34325759,11.39459467,,11.38519835,10.4856315,False
2013-08-02 07:30:00+00:00,8.080924476766505,,9.663399358947771,10.254469021270937,,14.002435494075884,10.64195415524155,,10.124830035521994,10.092842008252074,True
2013-08-02 08:00:00+00:00,7.480901919,,8.63514152,9.58866584,,12.69380984,9.318277162,,8.991072049,9.703012622,False
2013-08-02 08:30:00+00:00,7.049308903164467,,7.729875390501472,9.741190445500001,,12.269292048331781,8.002537162721872,,8.440892055340235,9.369319534935823,True
2013-08-02 09:00:00+00:00,6.54878068,,6.823702142,9.893715051,,11.81282534,6.780070144,,7.913799131,8.970102981,False
2013-08-02 09:30:00+00:00,5.545960077327446,,5.861848144307941,8.637425598995774,,10.176480429248642,6.031924264176125,,7.077962518626979,8.318034395770093,True
2013-08-02 10:00:00+00:00,4.281474659,,4.762476913,6.398846088,,7.716780065,5.247653425,,5.940951,7.298424734,False
2013-08-02 10:30:00+00:00,2.9692033259546307,,3.1401393043841406,3.952714255537958,,4.652451010058248,3.6997559670961206,,4.019606561319494,4.914166249135901,True
2013-08-02 11:00:00+00:00,1.80391763,,1.655358258,1.91214405,,2.082700157,2.126650061,,2.136620103,2.42673125,False
2013-08-02 11:30:00+00:00,0.9351354195275279,,0.7526039537633646,0.9027674579154201,,0.8625458669887278,1.0994152748372927,,0.9809653166840419,1.0814957211945864,True
2013-08-02 12:00:00+00:00,0.415181042,,0.25761419,0.359537808,,0.250479823,0.479386122,,0.335428792,0.360329693,False
2013-08-02 12:30:00+00:00,0.27001180691142834,,0.14745568777457918,0.18995311692807418,,0.12649022756733858,0.2749467787351043,,0.18373445019714849,0.20724920764889374,True
2013-08-02 13:00:00+00:00,0.192027481,,0.091423365,0.101637954,,0.067434581,0.165309276,,0.107674887,0.135439009,False
2013-08-02 13:30:00+00:00,0.14405030826129633,,0.05801233070802802,0.051312064018033204,,0.037758138642257404,0.10499762885121917,,0.06565525720744453,0.10260757804039264,True
2013-08-02 14:00:00+00:00,0.113859471,,0.038260439,0.025767771,,0.021763208,0.068193564,,0.042094878,0.08637473,False
2013-08-02 14:30:00+00:00,0.09539496044647938,,0.026901291547339317,0.01979217513814027,,0.013714794416276073,0.04565989175170508,,0.03138371700565847,0.08154675997269653,True
2013-08-02 15:00:00+00:00,0.082624612,,0.021122613,0.015478221,,0.010260602,0.030481684,,0.024295067,0.078100948,False
2013-08-02 15:30:00+00:00,0.07150464809626968,,0.019667821192606922,0.007760207002555819,,0.04634436371520094,0.018072492089011228,,0.01716328012804876,0.07251166609819927,True
2013-08-02 16:00:00+00:00,0.065813687,,0.019112555,0.00250933,,0.090840432,0.011889685,,0.013408948,0.069080171,False
2013-08-02 16:30:00+00:00,0.06576037702903816,,0.18129101595165276,0.0018804384640437911,,0.10269317077253148,0.01221277920391795,,0.014118979861571948,0.08154808721750553,True
2013-08-02 17:00:00+00:00,0.065742507,,0.454390841,0.001653133,,0.112104958,0.013043813,,0.015443994,0.101689545,False
2013-08-02 17:30:00+00:00,0.0682248995,,0.7326202663725265,0.0024723047261274635,,0.12871223401226758,0.017538161296082048,,0.01712539528546845,0.12002203878249447,True
2013-08-02 18:00:00+00:00,0.070707292,,0.906814624,0.0037525,,0.139348155,0.02152457,,0.018553039,0.130680991,False
2013-08-02 18:30:00+00:00,0.06966524357096321,,0.9157902459075933,0.004487050362922414,,0.09406653221923583,0.0193502695,,0.01901965811404974,0.1259665955,True
2013-08-02 19:00:00+00:00,0.06826861,,0.921019643,0.005396671,,0.047585223,0.017175969,,0.019494182,0.1212522,False
2013-08-02 19:30:00+00:00,0.06767572558961607,,0.9282181297682276,0.0076041206360288145,,0.04575348228076418,0.017202834,,0.021286946462343023,0.1232621915,True
2013-08-02 20:00:00+00:00,0.067268651,,0.932276545,0.011019756,,0.045121428,0.017229699,,0.022918834,0.125272183,False
2013-08-02 20:30:00+00:00,0.06703279614131832,,0.9305962745620022,0.015978776027958937,,0.1109169012877905,0.015805706,,0.02326004727656684,0.12234577830403419,True
2013-08-02 21:00:00+00:00,0.066759091,,0.92672584,0.021741288,,0.195613335,0.014381713,,0.023393008,0.11613787,False
2013-08-02 21:30:00+00:00,0.0655625431981024,,0.9152435429379978,0.02666719110899164,,0.22366508315530062,0.014725075428921153,,0.022975977499999998,0.10283989669596583,True
2013-08-02 22:00:00+00:00,0.064572621,,0.90595141,0.032205064,,0.246095932,0.015490473,,0.022558947,0.092823427,False
2013-08-02 22:30:00+00:00,0.06871950276660492,,0.9276965249999999,0.04023519730473466,,0.27427043865201317,0.01715216800180854,,0.02892626690931014,0.1005075985,True
2013-08-02 23:00:00+00:00,0.074864985,,0.94944164,0.049500533,,0.302144646,0.019026203,,0.036182443,0.10819177,False
2013-08-02 23:30:00+00:00,0.07913192473339507,,0.9457217696294529,0.06029041052116084,,0.3328126104048957,0.020332803569270308,,0.03764911909068986,0.10637710042397101,True
2013-08-03 00:00:00+00:00,0.081400264,,0.935451098,0.068220994,,0.350500813,0.021005029,,0.038226939,0.101685269,False
2013-08-03 00:30:00+00:00,0.058158416,,0.8290761478705472,0.07004052684864404,,0.3473921275,0.013673177,,0.0323700875,0.07535859807602899,True
2013-08-03 01:00:00+00:00,0.034916568,,0.729251999,0.072184978,,0.344283442,0.006341325,,0.026513236,0.051909089,False
2013-08-03 01:30:00+00:00,0.06626431502515932,,0.8628865435846229,0.16996258650671342,,0.5703282751186226,0.05072708337951872,,0.06640259678328328,0.17294251830135904,True
2013-08-03 02:00:00+00:00,0.155561439,,1.22769174,0.434938589,,1.145051976,0.173525613,,0.180822569,0.506367482,False
2013-08-03 02:30:00+00:00,1.2917571439691813,,3.829730692418118,2.514596677618134,,3.546370068809228,1.1625033260235993,,1.9074868075450606,3.382248156933914,True
2013-08-03 03:00:00+00:00,3.101672948,,7.611604636,5.457348954,,6.545088914,2.704601081,,4.563645584,7.011645385,False
2013-08-03 03:30:00+00:00,4.478220268256486,,10.508325815761955,7.19283799703441,,7.903059380733497,3.88349760180384,,6.285568779815714,8.499720516819245,True
2013-08-03 04:00:00+00:00,6.009171949,,12.66942942,8.962803359,,9.457884248,5.225807397,,8.269654586,9.759454774,False
2013-08-03 04:30:00+00:00,8.721338017749174,,13.928609743735302,12.221666538804175,,15.33958885933865,7.442915898842843,,12.90101820285594,11.720706348445482,True
2013-08-03 05:00:00+00:00,10.54743025,,14.512402,14.41380025,,20.07835945,9.529882701,,16.26619406,12.94439071,False
2013-08-03 05:30:00+00:00,10.345999799499806,,13.462205244715994,14.293910732844868,,18.79590470290769,10.824261814450198,,15.323792537296592,12.475684332318503,True
2013-08-03 06:00:00+00:00,9.945258158,,11.82965687,13.99324159,,16.96934331,11.45383654,,13.81725027,11.89359492,False
2013-08-03 06:30:00+00:00,9.432159531648418,,10.76791985286596,12.89293046077608,,16.157029197323926,10.796586923379124,,12.792159441288018,11.755441736494308,True
2013-08-03 07:00:00+00:00,8.765992053,,9.771346121,11.4159806,,15.29512126,9.651275781,,11.725044,11.60442473,False
2013-08-03 07:30:00+00:00,7.9623661843545,,8.75543485730155,10.426807778640901,,13.394127925287519,8.633017042712092,,10.338698967995322,10.800144766553313,True
2013-08-03 08:00:00+00:00,7.014487014,,7.692043698,9.451280463,,11.21154148,7.522233153,,8.84231143,9.613675725,False
2013-08-03 08:30:00+00:00,5.813677551664211,,6.402203018276815,8.22262786673873,,9.510185717286713,6.1714414520176275,,7.2817316084835015,8.504507243966874,True
2013-08-03 09:00:00+00:00,4.720074426,,5.220131938,7.015334056,,8.147381618,4.967975427,,5.995160143,7.535039112,False
2013-08-03 09:30:00+00:00,4.131047722268236,,4.508213245518054,6.1447647560646095,,7.364787291749762,4.308082794424716,,5.36511330276413,7.008235483952779,True
2013-08-03 10:00:00+00:00,3.540962979,,3.770414221,5.185766161,,6.495015268,3.656561271,,4.712258665,6.392052172,False
2013-08-03 10:30:00+00:00,2.346408138205729,,2.230954928434018,3.2638884673228956,,3.880940302054356,2.4033939030661653,,2.9934225113993302,4.11644903958338,True
2013-08-03 11:00:00+00:00,1.228088979,,0.879248014,1.508799502,,1.397983565,1.24250091,,1.331239923,1.773706018,False
2013-08-03 11:30:00+00:00,0.6772191356872204,,0.36824566878860804,0.7494427393967938,,0.5719118106625225,0.6583602913347967,,0.6249424174851489,0.8704862376636827,True
2013-08-03 12:00:00+00:00,0.365075608,,0.13789296,0.337872596,,0.176109452,0.324224983,,0.254419284,0.413884401,False
2013-08-03 12:30:00+00:00,0.24921876217116157,,0.11574741959900058,0.18802991147583892,,0.08094276928099989,0.19521245325426825,,0.14440122488381835,0.2980826887383849,True
2013-08-03 13:00:00+00:00,0.1819846,,0.107978827,0.107447702,,0.036785027,0.122755203,,0.086643913,0.236040924,False
2013-08-03 13:30:00+00:00,0.13568818703375085,,0.15294001582630093,0.06251271360482649,,0.01854133353991925,0.07864804059238929,,0.05205088136479989,0.19182650279503233,True
2013-08-03 14:00:00+00:00,0.105796111,,0.231477705,0.036893701,,0.009171242,0.052464856,,0.033017766,0.1669598629999999,False
2013-08-03 14:30:00+00:00,0.08833963760094082,,0.30468340609576694,0.0242381348892761,,0.004658602640147906,0.03948273978819242,,0.0256379930494323,0.1593475666870354,True
2013-08-03 15:00:00+00:00,0.076820444,,0.378663633,0.017221346,,0.002614069,0.031308325,,0.021446773,0.153793055,False
2013-08-03 15:30:00+00:00,0.06926151346472421,,0.4602598645779321,0.014125482566294083,,0.002371415089158532,0.025429069401935917,,0.019065395749165465,0.14570097631955772,True
2013-08-03 16:00:00+00:00,0.063516816,,0.50750507,0.012032975,,0.002230149,0.021617321,,0.017136757,0.139102944,False
2013-08-03 16:30:00+00:00,0.05830065500785539,,0.45353217928416606,0.010165593341871162,,0.002053141677285024,0.019682966690511738,,0.014889078260726532,0.1354077784271532,True
2013-08-03 17:00:00+00:00,0.054172239,,0.345384496,0.008508256,,0.001956089,0.018227293,,0.012495193,0.133690269,False
2013-08-03 17:30:00+00:00,0.05141152445536505,,0.15495904971583388,0.006485811337016322,,0.001987589368009336,0.0168388534641247,,0.009386897032635988,0.1360583765,True
2013-08-03 18:00:00+00:00,0.049038181,,0.018708396,0.005302752,,0.002069451,0.015357588,,0.006947166,0.138426484,False
2013-08-03 18:30:00+00:00,0.04589229093808094,,0.021731660382258294,0.006696354592855987,,0.0023469342676566167,0.012713382874056099,,0.005892080947378668,0.1256127953340395,True
2013-08-03 19:00:00+00:00,0.044015802,,0.027298718,0.00945921,,0.00297282,0.010939064,,0.00543205,0.111332698,False
2013-08-03 19:30:00+00:00,0.045740537149740586,,0.033098400452399694,0.013183619097034225,,0.0058155006253698335,0.011337559064941976,,0.006565481763774705,0.10939672278332441,True
2013-08-03 20:00:00+00:00,0.048946128,,0.039775825,0.017486619,,0.009779803,0.012178328,,0.008786034,0.108043876,False
2013-08-03 20:30:00+00:00,0.052380073153148264,,0.04682752261031488,0.020979436455427,,0.012352262793048484,0.013440294369233597,,0.011563550490516963,0.10569392288263611,True
2013-08-03 21:00:00+00:00,0.05636363,,0.054930453,0.025055443,,0.015275637,0.015268652,,0.014967354,0.10422725,False
2013-08-03 21:30:00+00:00,0.060459186277921156,,0.06521703800970022,0.03259602476407635,,0.0205427632646629,0.01778872841585038,,0.01845595681313914,0.10979209462312617,True
2013-08-03 22:00:00+00:00,0.065337677,,0.076763964,0.040339676,,0.027007502,0.021078755,,0.022657389,0.118522131,False
2013-08-03 22:30:00+00:00,0.07428718191918998,,0.09170444204532692,0.04490683060192561,,0.03406456240784331,0.02655506814997405,,0.030065901831783943,0.12578569287687383,True
2013-08-03 23:00:00+00:00,0.080423285,,0.100911811,0.048854047,,0.039879796,0.030252766,,0.03580801,0.129884063,False
2013-08-03 23:30:00+00:00,0.07923038741759797,,0.10027815866457898,0.05411098798868082,,0.042279615947779334,0.029759695050942222,,0.037047035600785254,0.1267470305363654,True
2013-08-04 00:00:00+00:00,0.075972958,,0.098497989,0.057253765,,0.044982523,0.028429709,,0.037526229,0.118457846,False
2013-08-04 00:30:00+00:00,0.046341593082402016,,0.07501265433542101,0.0550150425,,0.05255791593124082,0.017786921949057777,,0.0331619215,0.06340923846363462,True
2013-08-04 01:00:00+00:00,0.01877476,,0.052673837,0.05277632,,0.070789564,0.00798105,,0.028797614,0.013512783,False
2013-08-04 01:30:00+00:00,0.26485552787809064,,0.27459052958303504,0.5523167218060011,,0.9717619111796256,0.2922824205890775,,0.35857823418338547,0.3394257483702112,True
2013-08-04 02:00:00+00:00,0.881794366,,0.842044411,1.743943811,,2.888897222,0.951418585,,1.1583757,1.150312894,False
2013-08-04 02:30:00+00:00,3.1059716511207087,,3.1785183592177475,5.3025785187864996,,6.253693751346406,2.5129892671150746,,3.5171019786601767,4.306826519769029,True
2013-08-04 03:00:00+00:00,6.15877115,,6.391738077,9.369070449,,10.51756417,4.601487843,,6.760448287,7.758798575,False
2013-08-04 03:30:00+00:00,8.9578142620012,,9.187426067699217,11.653189256837646,,15.380257885368358,6.426442220175395,,9.957413981127416,9.170779048860762,True
2013-08-04 04:00:00+00:00,10.55737709,,10.7608311,12.87119718,,18.31492832,8.166522278,,12.00711391,9.802326913,False
2013-08-04 04:30:00+00:00,10.074982081697069,,10.659419175479108,13.083021997569853,,17.03724324964596,10.082913933120453,,12.335970020029018,9.091128159280508,True
2013-08-04 05:00:00+00:00,9.349862852,,10.43278212,13.16101379,,15.22278731,11.18241722,,12.45745502,8.176289553,False
2013-08-04 05:30:00+00:00,8.8686777394675,,9.95596820402963,12.663433877128213,,14.198476995799908,10.699559770539766,,11.435739712973673,7.8027781982194915,True
2013-08-04 06:00:00+00:00,8.538044995,,9.374002349,11.84163191,,13.57830914,9.834772105,,10.1303784,7.632906696,False
2013-08-04 06:30:00+00:00,8.425465187619027,,8.993907863329575,11.243571371741305,,13.426044723335925,8.991285311806251,,9.75608530743517,7.721561813,True
2013-08-04 07:00:00+00:00,8.299543516,,8.558256104,10.56648324,,13.26203717,8.071428855,,9.380211606,7.81021693,False
2013-08-04 07:30:00+00:00,7.557442988350982,,7.709617348023222,9.513620214909595,,11.82604739582429,7.1171265552568075,,8.313877805472567,7.188659638320565,True
2013-08-04 08:00:00+00:00,6.467619696,,6.645412057,8.372078297,,9.944744039,6.162609931,,6.999005313,6.290015793,False
2013-08-04 08:30:00+00:00,5.508218924235782,,5.519102218838636,7.441836777835847,,8.941608549254473,5.198794399750049,,5.930462167236966,5.811644345289442,True
2013-08-04 09:00:00+00:00,4.673262485,,4.536710403,6.588604128,,8.114782389,4.397679583,,5.063968641,5.417934899,False
2013-08-04 09:30:00+00:00,4.157131050955256,,3.998423791347232,5.863549565984936,,7.43570987632426,3.9573180448326535,,4.575202665614117,5.117080861090369,True
2013-08-04 10:00:00+00:00,3.63528813,,3.454520072,5.036650497,,6.606699683,3.507730369,,4.054406915,4.729105561,False
2013-08-04 10:30:00+00:00,2.7221698676571067,,2.347038979776728,3.4952761903765515,,4.436117227240282,2.573622336129215,,2.775814274207466,3.3342480487138553,True
2013-08-04 11:00:00+00:00,1.75324383,,1.245064807,1.942688524,,2.152587591,1.567759553,,1.450638673,1.760664705,False
2013-08-04 11:30:00+00:00,0.9433423377221867,,0.5683684320391775,0.931570150772374,,0.8845442386872562,0.811801843383325,,0.6875868611442643,0.9097042046256536,True
2013-08-04 12:00:00+00:00,0.419361417,,0.18713952,0.339610117,,0.210267655,0.335491938,,0.252283799,0.434719102,False
2013-08-04 12:30:00+00:00,0.2579830048884418,,0.09227505898051179,0.1715020338585812,,0.0824165589295822,0.18305174614987663,,0.12409712025189362,0.3098804975626955,True
2013-08-04 13:00:00+00:00,0.171836725,,0.046096475,0.087782963,,0.029964234,0.104830048,,0.060723245,0.246799773,False
2013-08-04 13:30:00+00:00,0.12351714056709993,,0.02312159521880772,0.04861235152489997,,0.020438256196298386,0.06886251157170493,,0.03210525527650463,0.2150641740436224,True
2013-08-04 14:00:00+00:00,0.09554473,,0.012582606,0.02716039,,0.014561786,0.047595522,,0.017097008,0.194232513,False
2013-08-04 14:30:00+00:00,0.08221839231354446,,0.011193212172839447,0.016505389929149947,,0.0070512551864592606,0.033628779979459296,,0.010796302387913093,0.17727140705826822,True
2013-08-04 15:00:00+00:00,0.072628015,,0.010219302,0.009919928,,0.002090976,0.024500614,,0.006825151,0.163813297,False
2013-08-04 15:30:00+00:00,0.06138221260167348,,0.00822638026453346,0.004789335938549773,,0.000597806575301134,0.018009440600894305,,0.0030742194994658892,0.15434626544550123,True
2013-08-04 16:00:00+00:00,0.054404699,,0.006921789,0.002300742,,0.0,0.014907224,,0.001150861,0.143268038,False
2013-08-04 16:30:00+00:00,0.05311529342432703,,0.008576342561305137,0.0028956632339317482,,0.003059681092522133,0.015026704860116187,,0.0022612497906746606,0.11464765648361902,True
2013-08-04 17:00:00+00:00,0.052633173,,0.012094175,0.004214562,,0.010707822,0.01538205,,0.004635045,0.080392783,False
2013-08-04 17:30:00+00:00,0.056674751308040935,,0.016658685468598475,0.006505783218826469,,0.031122717620461954,0.051657091139883815,,0.007994336370229305,0.050418882866410664,True
2013-08-04 18:00:00+00:00,0.066428333,,0.025425769,0.010162907,,0.074895339,0.087696268,,0.013830936,0.033822105,False
2013-08-04 18:30:00+00:00,0.10251626569195907,,0.0958544289700964,0.018236816047241783,,0.3051149322870159,0.06068495310663563,,0.03563640311133419,0.06500606829357063,True
2013-08-04 19:00:00+00:00,0.132892195,,0.160217237,0.024220845,,0.50738834,0.032408056,,0.053959223,0.110486637,False
2013-08-04 19:30:00+00:00,0.13121568401867575,,0.1478119994864282,0.02207163232518466,,0.40054546515678047,0.03085388620094045,,0.05434968672776185,0.14043528170642938,True
2013-08-04 20:00:00+00:00,0.1275064,,0.131115181,0.018935481,,0.267786129,0.029755452,,0.054482083,0.156087321,False
2013-08-04 20:30:00+00:00,0.11962427932535011,,0.12487281511398879,0.01686678867481534,,0.22620778747056572,0.027422706825283798,,0.0520848635,0.14896855872275058,True
2013-08-04 21:00:00+00:00,0.110921499,,0.118941637,0.015785035,,0.201644946,0.02559594,,0.049687644,0.139284385,False
2013-08-04 21:30:00+00:00,0.10610679902380084,,0.10544935639958301,0.017196844878909153,,0.18501554287265384,0.025088143367140114,,0.05111106442522083,0.1353365387230171,True
2013-08-04 22:00:00+00:00,0.102220682,,0.095937469,0.019601561,,0.177287101,0.024884215,,0.05306224,0.131898157,False
2013-08-04 22:30:00+00:00,0.09903871121168986,,0.098922449,0.02162328001390461,,0.177287101,0.025420249000000002,,0.05409407557477917,0.12791630596380194,True
2013-08-04 23:00:00+00:00,0.095315978,,0.101907429,0.023741425,,0.177287101,0.025956283,,0.054598156,0.122622566,False
2013-08-04 23:30:00+00:00,0.08863343627383727,,0.09992089045876229,0.025476586212381868,,0.1760923655,0.02404783,,0.051176501,0.10863956959043042,True
2013-08-05 00:00:00+00:00,0.078062877,,0.095096778,0.028340332,,0.17489763,0.022139377,,0.047754846,0.098024409,False
2013-08-05 00:30:00+00:00,0.05077175614664617,,0.0766584650412377,0.06217125909460942,,0.2421839743178501,0.03586958068227721,,0.05853623582380048,0.2032569357105212,True
2013-08-05 01:00:00+00:00,0.029834265,,0.061057726,0.153437273,,0.430265965,0.075980816,,0.089986485,0.487795536,False
2013-08-05 01:30:00+00:00,0.49350936901887343,,0.46723751268987934,1.0771046309616457,,2.3927937090104687,1.0492087423511358,,0.750690090854441,2.325495221024912,True
2013-08-05 02:00:00+00:00,1.362108146,,1.340176654,2.730710138,,4.908350953,2.707858979,,2.042911844,4.97371457,False
2013-08-05 02:30:00+00:00,2.269479625642943,,2.817938740055996,4.766290538893294,,5.9002625754022135,4.26037485895175,,3.8098739851962837,6.888001821453654,True
2013-08-05 03:00:00+00:00,3.427352528,,4.795271257,6.808480101,,6.836163903,5.808784068,,5.970658051,8.517053828,False
2013-08-05 03:30:00+00:00,5.206123663029408,,7.021932366087592,8.144931590852423,,8.37237232902884,7.154415488904712,,8.209080305114032,10.003082387897509,True
2013-08-05 04:00:00+00:00,7.015961808,,9.181351131,9.421147505,,10.27754009,8.412727146,,10.44676436,10.85671456,False
2013-08-05 04:30:00+00:00,8.471107150808777,,11.154702466166531,11.474732706592832,,13.084455483240628,9.907949986610125,,12.930672306011443,10.969754092413407,True
2013-08-05 05:00:00+00:00,9.239760388,,12.22896636,12.79235317,,14.90459669,10.78279592,,14.36930952,11.01059952,False
2013-08-05 05:30:00+00:00,8.881866469405258,,11.466857770427833,12.362285388757268,,14.231288184907784,10.775901800001876,,13.516282500591597,10.67173648382478,True
2013-08-05 06:00:00+00:00,8.188602332,,10.10007012,11.45776157,,12.98752897,10.75549552,,11.96244336,10.03425208,False
2013-08-05 06:30:00+00:00,7.117087829390103,,8.465869488792181,9.592873746452645,,11.332352916259332,9.518159132744286,,10.015627065718041,9.11587099367522,True
2013-08-05 07:00:00+00:00,6.335233349,,7.300188411,8.174180248,,10.16959513,8.083173128,,8.606512913,8.496111275,False
2013-08-05 07:30:00+00:00,6.285779858063048,,7.1429541209275795,8.144761110041857,,10.084814798818908,7.808267849456944,,8.411198684115687,8.503365476499999,True
2013-08-05 08:00:00+00:00,6.239069521,,6.998529809,8.116666789,,10.00438019,7.581579672,,8.245167663,8.510619678,False
2013-08-05 08:30:00+00:00,5.975961449420213,,6.508891178308685,7.852934034032283,,9.558491227440268,7.2226030041952045,,7.871747780243412,8.251562078930558,True
2013-08-05 09:00:00+00:00,5.431253434,,5.644463008,7.265361649,,8.639680251,6.651243022,,7.212895539,7.622390386,False
2013-08-05 09:30:00+00:00,3.8914093869744093,,3.7793450816815297,5.479900963533281,,6.060801956604796,4.852269578771383,,5.137592485439249,5.628870460933061,True
2013-08-05 10:00:00+00:00,2.126653733,,1.874004942,3.277198793,,3.144246957,2.764554613,,2.745479968,3.179907593,False
2013-08-05 10:30:00+00:00,1.090803867006775,,0.904869574862094,1.755913176963114,,1.473214051818956,1.517814484060001,,1.363925808755646,1.5426052992688146,True
2013-08-05 11:00:00+00:00,0.480143218,,0.366901785,0.778974917,,0.536406312,0.746980672,,0.549808061,0.552148025,False
2013-08-05 11:30:00+00:00,0.2855395593967753,,0.2007090780388994,0.42586635224037683,,0.3093103164954613,0.4487853020433661,,0.28338869595911137,0.27411486997042633,True
2013-08-05 12:00:00+00:00,0.187362453,,0.116959798,0.23405891,,0.197254886,0.284365313,,0.151336856,0.13845392,False
2013-08-05 12:30:00+00:00,0.14402425088210133,,0.07794149668523875,0.13153095693499653,,0.14140908858035364,0.19715797973844743,,0.0989184280155249,0.08105081152812178,True
2013-08-05 13:00:00+00:00,0.118537117,,0.055234698,0.072288223,,0.108986925,0.142150424,,0.068573922,0.050284256,False
2013-08-05 13:30:00+00:00,0.10182828715505485,,0.041644714639546464,0.041119622448937486,,0.09034115593280935,0.10369486406240645,,0.047432990181289963,0.035008897657545404,True
2013-08-05 14:00:00+00:00,0.090297907,,0.032005591,0.02233303,,0.077529403,0.077646997,,0.034010175,0.025400778,False
2013-08-05 14:30:00+00:00,0.08189858654173125,,0.022894916783418855,0.01050484544723957,,0.06555509064133068,0.06112389990468847,,0.026370698466509978,0.018429479293726854,True
2013-08-05 15:00:00+00:00,0.075600043,,0.017377336,0.004012396,,0.059342837,0.049572793,,0.02194152,0.013452932,False
2013-08-05 15:30:00+00:00,0.06988381676453087,,0.01591036835299384,0.0017229246479995104,,0.06105820389589734,0.041519824153537346,,0.02024121570783495,0.00933149441774545,True
2013-08-05 16:00:00+00:00,0.06690012,,0.015338223,0.000800023,,0.065666548,0.034945592,,0.018749044,0.007251326,False
2013-08-05 16:30:00+00:00,0.06779091030804398,,0.02233859239642037,0.0015178030000000003,,0.09811354443254193,0.028776999180949225,,0.01591782901515071,0.025190480992710863,True
2013-08-05 17:00:00+00:00,0.069793637,,0.029734781,0.002235583,,0.133706075,0.02272089,,0.012540256,0.054510869,False
2013-08-05 17:30:00+00:00,0.07515425619195604,,0.030178140214677143,0.002066552,,0.14406698667156076,0.01432034118690936,,0.008435973290943874,0.08215805900728915,True
2013-08-05 18:00:00+00:00,0.079402939,,0.030572483,0.001897521,,0.148389387,0.009136927,,0.005932237,0.098424016,False
2013-08-05 18:30:00+00:00,0.0785465765,,0.03202159038418922,0.003201520345007095,,0.09982831282271702,0.009542681350621224,,0.00685693604280976,0.0977397655,True
2013-08-05 19:00:00+00:00,0.077690214,,0.034604746,0.005807021,,0.046069541,0.010022712,,0.008726714,0.097055515,False
2013-08-05 19:30:00+00:00,0.07911221078650993,,0.03930493786675281,0.00929526244070071,,0.03768520617728298,0.010108478514235415,,0.011248508974587113,0.09807244769748896,True
2013-08-05 20:00:00+00:00,0.081732215,,0.045759983,0.013596121,,0.034498569,0.010201198,,0.014567575,0.099365043,False
2013-08-05 20:30:00+00:00,0.08455697975759624,,0.05316127989357508,0.01817217466274624,,0.03514242642719186,0.010816046939261973,,0.018690119372649604,0.09970034403914793,True
2013-08-05 21:00:00+00:00,0.08761604,,0.061172609,0.022845047,,0.036939413,0.012010379,,0.023206054,0.100089249,False
2013-08-05 21:30:00+00:00,0.09108644579163246,,0.07077216724438537,0.027125635590237677,,0.05094566593598949,0.014510531013827127,,0.028041559805948295,0.10388485676336309,True
2013-08-05 22:00:00+00:00,0.093198556,,0.076525989,0.031317628,,0.078765672,0.016911796,,0.031655586,0.107351198,False
2013-08-05 22:30:00+00:00,0.09331158266426137,,0.07424911794148728,0.03568797004285748,,0.13888808613681863,0.017921642182054262,,0.03296680409426758,0.10550751319802049,True
2013-08-05 23:00:00+00:00,0.093350602,,0.071177227,0.039823841,,0.184043618,0.018369663,,0.033989089,0.10167457,False
2013-08-05 23:30:00+00:00,0.09250491622392891,,0.07018202054492506,0.0441624939184508,,0.1771093275,0.01766957978936414,,0.035649313209737646,0.09683111922827936,True
2013-08-06 00:00:00+00:00,0.090168155,,0.068914558,0.046613277,,0.170175037,0.015973975,,0.03668421,0.088374758,False
2013-08-06 00:30:00+00:00,0.06573134977607109,,0.04953181151358766,0.0430065805,,0.17252817875127152,0.009582257710635861,,0.0305509775,0.05156597282199311,True
2013-08-06 01:00:00+00:00,0.04278562,,0.031216341,0.039399884,,0.179274765,0.004186062,,0.024417745,0.0172617,False
2013-08-06 01:30:00+00:00,0.05328343132581269,,0.03543266196078438,0.06431943981575204,,0.24933068404959483,0.013863878941421173,,0.04745752285926732,0.01231959575170705,True
2013-08-06 02:00:00+00:00,0.08411287,,0.047990833,0.136613291,,0.434864057,0.042406492,,0.11437903,0.010475148,False
2013-08-06 02:30:00+00:00,0.9359817680556308,,1.0491481915752876,1.4500907885272567,,1.832073772946928,1.0422344951403038,,1.343203456132422,0.8703441245685992,True
2013-08-06 03:00:00+00:00,2.615005008,,3.13043288,3.87353821,,4.30143321,2.980324761,,3.706707057,2.633845053,False
2013-08-06 03:30:00+00:00,5.1640896650261405,,6.77074421422624,6.990825836387959,,7.191763799487299,5.759193819880743,,7.059810838320234,5.772123713603225,True
2013-08-06 04:00:00+00:00,7.746823997,,10.54098949,9.95537975,,10.51923203,8.474238108,,10.56188201,8.443288591,False
2013-08-06 04:30:00+00:00,9.529360840592416,,12.965530510737688,11.957918543269034,,14.756632210264907,10.115568958207765,,13.392356217188077,9.175266975828176,True
2013-08-06 05:00:00+00:00,10.43076204,,14.17166841,12.95584683,,17.36487413,11.12183272,,14.89530213,9.470727192,False
2013-08-06 05:30:00+00:00,10.186905216988645,,13.388905320981731,12.925929834618877,,16.43960737821481,11.571767904829766,,14.289793484604203,9.126901012833516,True
2013-08-06 06:00:00+00:00,9.654311838,,11.95901118,12.83978184,,14.77311716,11.76346789,,13.10624555,8.496384182,False
2013-08-06 06:30:00+00:00,8.542550258173534,,10.351574690204776,11.230083650662673,,13.007202911877052,10.707161748429836,,11.467766618081088,7.78307099632388,True
2013-08-06 07:00:00+00:00,7.400891033,,8.840790797,9.216986549,,11.30957492,9.101058682,,9.838691255,7.103058945,False
2013-08-06 07:30:00+00:00,6.958073811728612,,7.989904276449422,8.594915934609444,,10.181954782955081,8.172994802271734,,8.962875103475007,6.712139045445411,True
2013-08-06 08:00:00+00:00,6.512340006,,7.138967348,7.985158745,,9.108335962,7.227792736,,8.094276811,6.306588308,False
2013-08-06 08:30:00+00:00,5.385541938651339,,5.552642492534749,6.366732780099092,,7.599324597427588,5.689853691166603,,6.457657329338126,5.484319841094686,True
2013-08-06 09:00:00+00:00,4.184249439,,4.019938103,4.716918334,,6.27986963,4.355121974,,4.94312188,4.667219547,False
2013-08-06 09:30:00+00:00,3.574585925147279,,3.2451030324111283,4.007601813742533,,5.683287245277261,3.8554488831725138,,4.323424019156027,4.299661284987873,True
2013-08-06 10:00:00+00:00,2.98369077,,2.561381032,3.362839843,,5.046706279,3.380981783,,3.72471333,3.893356868,False
2013-08-06 10:30:00+00:00,1.9004965174154382,,1.5510588105316803,2.2453019149147244,,3.036784688007209,2.2533932762091866,,2.3413265186283128,2.5251338053528567,True
2013-08-06 11:00:00+00:00,0.952578766,,0.731685924,1.229648486,,1.114602336,1.161046053,,1.054046315,1.158240424,False
2013-08-06 11:30:00+00:00,0.5411481985924844,,0.36665209732544735,0.6790139243239544,,0.47835923815386916,0.6336864941710004,,0.49748006990551336,0.6553842802442187,True
2013-08-06 12:00:00+00:00,0.317162508,,0.170111947,0.34658249,,0.167473361,0.326443608,,0.204572987,0.388749402,False
2013-08-06 12:30:00+00:00,0.23269883804257363,,0.09772181294858578,0.19424129887857322,,0.08128315512306782,0.19116980431233072,,0.11536842578835763,0.29029781698137247,True
2013-08-06 13:00:00+00:00,0.18543121,,0.059077798,0.107529899,,0.039727997,0.118718449,,0.06866662,0.235072505,False
2013-08-06 13:30:00+00:00,0.15883956922217263,,0.0386840483149659,0.06067617951552752,,0.021188888802235063,0.08632305289836648,,0.04252053709645983,0.20137094658623728,True
2013-08-06 14:00:00+00:00,0.138287112,,0.026458602,0.032914281,,0.011240418,0.068127478,,0.026543857,0.177952241,False
2013-08-06 14:30:00+00:00,0.11414081012707936,,0.018920360887960667,0.016818358933517644,,0.006114995412461206,0.059568100906960464,,0.01644422248190164,0.15943097556883198,True
2013-08-06 15:00:00+00:00,0.094727508,,0.014264859,0.007991796,,0.00345911,0.051905844,,0.010118218,0.144551237,False
2013-08-06 15:30:00+00:00,0.08462459126087989,,0.011828542253965471,0.004624267234725792,,0.00247544924936885,0.03444368296146802,,0.006462914223281897,0.13356913080029206,True
2013-08-06 16:00:00+00:00,0.075840728,,0.010089533,0.003021845,,0.002078185,0.022225969,,0.004347902,0.121054347,False
2013-08-06 16:30:00+00:00,0.06401585100255666,,0.008269923857545103,0.0025185864663591663,,0.008597666818631158,0.028845278999999998,,0.0035054772340149627,0.0929591400168357,True
2013-08-06 17:00:00+00:00,0.052009609,,0.007177074,0.002322042,,0.020674439,0.035464589,,0.002849342,0.061378757,False
2013-08-06 17:30:00+00:00,0.03924233664740491,,0.006967475298044973,0.003199008712620996,,0.035487047515069835,0.022030272,,0.0017468184877062498,0.03558655076399114,True
2013-08-06 18:00:00+00:00,0.031924632,,0.006888964,0.004648701,,0.048300554,0.008595955,,0.001052813,0.021708936,False
2013-08-06 18:30:00+00:00,0.035102802499999995,,0.010326406862516397,0.005729622788946062,,0.05361650604557369,0.0094947445,,0.0019295357138980924,0.023129417,True
2013-08-06 19:00:00+00:00,0.038280973,,0.014909618,0.006904929,,0.057886139,0.010393534,,0.003223303,0.024549898,False
2013-08-06 19:30:00+00:00,0.03746513667302631,,0.016591117102007048,0.008305751651425566,,0.06376886340923947,0.008755421805646929,,0.003887137151589078,0.022585649378506743,True
2013-08-06 20:00:00+00:00,0.035651357,,0.018117725,0.010169873,,0.068442275,0.007070382,,0.004577973,0.019898365,False
2013-08-06 20:30:00+00:00,0.03101148832697369,,0.02023803993273164,0.0135630028485277,,0.07005759646075974,0.0069986266943530715,,0.005569339456029562,0.018487630121493265,True
2013-08-06 21:00:00+00:00,0.027369563,,0.023301942,0.01752098,,0.07190094,0.006973799,,0.007156478,0.017799931,False
2013-08-06 21:30:00+00:00,0.029476780097692064,,0.028405657571663984,0.020320362897553217,,0.07955905191750919,0.007455083130119712,,0.010563101958959353,0.025834102516719935,True
2013-08-06 22:00:00+00:00,0.03486784,,0.038551344,0.023813978,,0.098535666,0.008697734,,0.017905515,0.043474592,False
2013-08-06 22:30:00+00:00,0.05568977646514551,,0.11502892228307643,0.03182902874103091,,0.40690877044062085,0.013653257415348582,,0.08097926466759434,0.07933366519115653,True
2013-08-06 23:00:00+00:00,0.087787227,,0.202660634,0.04367769,,0.829359185,0.02174482,,0.151977978,0.119809473,False
2013-08-06 23:30:00+00:00,0.1274387729371624,,0.2349987982480045,0.06345436885989555,,1.087301379392596,0.033375003454531704,,0.1744030510519296,0.14959259629212354,True
2013-08-07 00:00:00+00:00,0.152530962,,0.249206394,0.077007949,,1.218317183,0.041107781,,0.183927553,0.165152667,False
2013-08-07 00:30:00+00:00,0.1201089915,,0.178600788,0.070950131,,0.976593233,0.036571527500000006,,0.1483557345,0.143840772,True
2013-08-07 01:00:00+00:00,0.087687021,,0.107995182,0.064892313,,0.734869283,0.032035274,,0.112783916,0.122528877,False
2013-08-07 01:30:00+00:00,0.1557395074165535,,0.24768273614641476,0.13290341993953822,,0.9405920186799138,0.16420655184030414,,0.3347101092121754,0.4221902311512167,True
2013-08-07 02:00:00+00:00,0.314396103,,0.560774343,0.296529625,,1.357030366,0.420753033,,0.803098375,0.977001295,False
2013-08-07 02:30:00+00:00,0.6250092370296261,,1.0844336222660313,0.6674893574208371,,1.8370711069061851,0.6849017943715867,,1.4373732412220894,1.4699642833455973,True
2013-08-07 03:00:00+00:00,1.217270148,,2.042570312,1.392773388,,2.663254097,1.111583423,,2.526955326,2.243912937,False
2013-08-07 03:30:00+00:00,2.992981355201348,,4.948377107765434,3.4623554551850164,,5.819584527773895,2.543023983915442,,5.744660569253243,5.456920459681763,True
2013-08-07 04:00:00+00:00,5.461710222,,8.814332893,6.41651317,,10.22014438,4.499287335,,10.0803771,9.223290614,False
2013-08-07 04:30:00+00:00,8.13326861835247,,12.51892051282212,9.789247023448581,,14.562305561140006,6.259353195718103,,14.502290834312491,11.352084095321425,True
2013-08-07 05:00:00+00:00,9.739557469,,14.65547768,12.11085106,,17.10337946,7.616664107,,17.10442399,12.39137957,False
2013-08-07 05:30:00+00:00,9.558336572339494,,13.572922238596593,12.567252598506025,,16.676634180628454,8.375608952654563,,15.96051403178728,11.665898449202993,True
2013-08-07 06:00:00+00:00,9.185859402,,11.8847028,12.74026891,,15.99905738,8.725577887,,14.23876187,10.72958928,False
2013-08-07 06:30:00+00:00,8.64695045187582,,10.767413523454504,11.512666743883504,,15.601465474650984,8.533514824132208,,13.276873703075426,10.44449957832626,True
2013-08-07 07:00:00+00:00,7.948625911,,9.732454327,9.723380941,,15.07980198,8.118544691,,12.30201088,10.16456655,False
2013-08-07 07:30:00+00:00,7.221394704333429,,8.78728623839929,8.853984315741672,,13.444093502882723,7.453453934391339,,10.933586197001407,9.574405093907245,True
2013-08-07 08:00:00+00:00,6.329401191,,7.694892191,7.933554603,,11.01213153,6.439934295,,9.271315695,8.65221599,False
2013-08-07 08:30:00+00:00,4.908282677284749,,5.690641491355834,5.979210602050862,,8.015260280234825,4.583050424649977,,7.004240606268613,6.846604887545281,True
2013-08-07 09:00:00+00:00,3.492332425,,3.77121539,4.047408795,,5.489937034,2.860977051,,5.020154993,4.930120834,False
2013-08-07 09:30:00+00:00,2.5995142614119415,,2.8231290665053717,3.085000579776965,,4.454737808481657,2.189899023111791,,4.094445129343976,3.847278257559569,True
2013-08-07 10:00:00+00:00,1.898465064,,2.101110961,2.352156349,,3.61586667,1.706239412,,3.341700055,2.939114504,False
2013-08-07 10:30:00+00:00,1.306131221043769,,1.3983033008912706,1.666972858372769,,2.4802539114567415,1.232075299963162,,2.4315088501407924,1.9569033141648298,True
2013-08-07 11:00:00+00:00,0.837422206,,0.837542793,1.096907414,,1.441404531,0.829947098,,1.588875806,1.130245352,False
2013-08-07 11:30:00+00:00,0.45456088955287655,,0.4209455729580017,0.6085976537207309,,0.6186340666385058,0.4715895783216497,,0.836220548522058,0.5029255799684712,True
2013-08-07 12:00:00+00:00,0.221399297,,0.173609012,0.290499616,,0.142832424,0.235611932,,0.360310378,0.147750008,False
2013-08-07 12:30:00+00:00,0.1513362789214648,,0.09885187685154811,0.17242027271872068,,0.05015016439817004,0.15042931112989075,,0.23205675934937167,0.07835657054715865,True
2013-08-07 13:00:00+00:00,0.11552756,,0.060398598,0.105373891,,0.011710101,0.101557869,,0.164609938,0.045768468,False
2013-08-07 13:30:00+00:00,0.09878197117321097,,0.04109353819638314,0.06515050136909575,,0.003283659127939608,0.0707136412688756,,0.1260471274465751,0.030896621160712977,True
2013-08-07 14:00:00+00:00,0.08801736,,0.029763321,0.039665169,,0.000163337,0.050908777,,0.102413358,0.022748336,False
2013-08-07 14:30:00+00:00,0.07951922483181749,,0.02259820436635097,0.022343200454345194,,0.0023713771436349646,0.038782742634774735,,0.08710290945173862,0.017943869617478375,True
2013-08-07 15:00:00+00:00,0.072614633,,0.018638664,0.01289778,,0.008426032,0.030234624,,0.078372899,0.01580623,False
2013-08-07 15:30:00+00:00,0.06503387773142574,,0.017162875924851665,0.010220963411337464,,0.06616202685636505,0.023619514631552253,,0.07590489208685205,0.018630982773113237,True
2013-08-07 16:00:00+00:00,0.060796694,,0.016562061,0.009177357,,0.120051407,0.018401741,,0.0733163939999999,0.024886267,False
2013-08-07 16:30:00+00:00,0.0613493955,,0.016698498621439826,0.011144055732050311,,0.08919260252431131,0.014210683386599459,,0.05775713201778971,0.038482361328867516,True
2013-08-07 17:00:00+00:00,0.061902097,,0.017080275,0.013114584,,0.045980942,0.01051934,,0.03828114,0.052961721,False
2013-08-07 17:30:00+00:00,0.060492826500000006,,0.020149812399569457,0.01311842313436344,,0.02126939047568868,0.006043484878181168,,0.02620502160251597,0.059803147025270405,True
2013-08-07 18:00:00+00:00,0.059083556,,0.026314422,0.013122258,,0.008910695,0.003433378,,0.019439938,0.065416747,False
2013-08-07 18:30:00+00:00,0.061660669,,0.038935062408703855,0.014375152133586252,,0.04156123033971265,0.13747341456414014,,0.018436590743876283,0.07307708537274885,True
2013-08-07 19:00:00+00:00,0.064237782,,0.050475737,0.015624221,,0.0839785,0.317281562,,0.017655385,0.077651453,False
2013-08-07 19:30:00+00:00,0.06298533570285608,,0.054386720570286866,0.012117734500000001,,0.10092750902195202,0.4047785979358599,,0.015591501161727826,0.07414283728704935,True
2013-08-07 20:00:00+00:00,0.060926937,,0.056037259,0.008611248,,0.110382608,0.446507523,,0.014120552,0.070261515,False
2013-08-07 20:30:00+00:00,0.05895334429714392,,0.05131061051808904,0.010017516760122042,,0.11328224855057555,0.43115251883886746,,0.01433619425534533,0.06966064321295064,True
2013-08-07 21:00:00+00:00,0.057785704,,0.043322331,0.012728152,,0.115873562,0.394566129,,0.014915625,0.069432478,False
2013-08-07 21:30:00+00:00,0.05959449386228714,,0.034993575981910954,0.016005223981688806,,0.12211111538270356,0.28427173904951036,,0.01857008630097069,0.07113139915166665,True
2013-08-07 22:00:00+00:00,0.062848681,,0.029926452,0.019849296,,0.129685652,0.161876674,,0.023486157,0.073188717,False
2013-08-07 22:30:00+00:00,0.06694034763771287,,0.030920938246311605,0.023846481891132757,,0.1364029441589138,0.1030480517343628,,0.02623389540939561,0.07381083284833337,True
2013-08-07 23:00:00+00:00,0.069586617,,0.032979223,0.027738372,,0.142336374,0.06844492,,0.028723456,0.074074552,False
2013-08-07 23:30:00+00:00,0.06843493409890469,,0.0370213087536884,0.03159644981899245,,0.1470567026561267,0.05557512533765653,,0.03226801053428838,0.06802487850865055,True
2013-08-08 00:00:00+00:00,0.065378683,,0.039999596,0.034134,,0.150700827,0.045821721,,0.034445345,0.056535215,False
2013-08-08 00:30:00+00:00,0.044330246901095306,,0.0335930105,0.03461659769806085,,0.1525453392639218,0.030093465539602852,,0.0307635325,0.039487437491349454,True
2013-08-08 01:00:00+00:00,0.025186379,,0.027186425,0.035169337,,0.155099755,0.02035539,,0.02708172,0.02787965,False
2013-08-08 01:30:00+00:00,0.042283374194494676,,0.06354916728739565,0.11283814080081798,,0.2126409990774811,0.04642074893437877,,0.08209018267331404,0.03633864660035357,True
2013-08-08 02:00:00+00:00,0.08870247,,0.159783363,0.304303046,,0.351654873,0.114156909,,0.223226286,0.059854769,False
2013-08-08 02:30:00+00:00,0.3453780576368026,,0.5765934281197501,0.8528622467244621,,0.7361920671276446,0.3775185899073945,,0.7163105806921897,0.21889516015164695,True
2013-08-08 03:00:00+00:00,0.853262136,,1.395002308,1.823189794,,1.47333838,0.861540381,,1.637539767,0.577305275,False
2013-08-08 03:30:00+00:00,1.6355035299581482,,2.771820125873051,3.2797174988760114,,2.9337647577118084,1.5408873564614425,,3.0683904442503955,1.4840975203173783,True
2013-08-08 04:00:00+00:00,2.961212738,,5.045698623,5.468574793,,5.400154755,2.622139657,,5.408416512,3.082029441,False
2013-08-08 04:30:00+00:00,7.075816128939573,,11.037090360219803,10.16926044311096,,11.23950886615026,5.226876598978616,,11.9294019773841,6.80503099993062,True
2013-08-08 05:00:00+00:00,10.51391898,,15.66995115,13.81060157,,16.26568926,8.034689067,,17.02693952,9.622466034,False
2013-08-08 05:30:00+00:00,10.741160952770981,,14.98102457411236,14.135231379337752,,17.291590689058896,9.744707744718168,,16.680912337389447,9.5859486031092,True
2013-08-08 06:00:00+00:00,10.82090506,,13.42284774,14.25079599,,17.68846915,10.58741466,,15.79395517,9.48060671,False
2013-08-08 06:30:00+00:00,8.328538252008432,,9.625303833891875,10.843144712661125,,13.945355383569867,8.716817469429651,,11.664183426073171,7.468485277517198,True
2013-08-08 07:00:00+00:00,5.068973466,,5.741824906,6.428060573,,8.742476171,5.971451129,,6.967342234,4.842856046,False
2013-08-08 07:30:00+00:00,3.766971606721729,,4.109073312647741,4.745734814799196,,6.07694574491776,4.321904277602323,,5.038492126382001,3.622395776799222,True
2013-08-08 08:00:00+00:00,2.976343709,,3.199027455,3.71419778,,4.408573047,3.15407257,,4.008499977,2.909214974,False
2013-08-08 08:30:00+00:00,2.594943789331349,,2.885030717618949,3.171832515274981,,3.752307563218489,2.5244315246968294,,3.7449518778363093,2.679462363113345,True
2013-08-08 09:00:00+00:00,2.299112668,,2.630024203,2.746592473,,3.232227651,2.063738315,,3.521350056,2.481704157,False
2013-08-08 09:30:00+00:00,1.9800704567054082,,2.233862598312686,2.294708223451403,,2.527289952061891,1.6778108569613894,,3.0570585836908215,2.105909971349708,True
2013-08-08 10:00:00+00:00,1.614259309,,1.740789549,1.79786057,,1.765238616,1.302665911,,2.413206879,1.616618039,False
2013-08-08 10:30:00+00:00,0.9669608033122201,,0.9714707645284517,1.0037952340123013,,0.7979893800667636,0.7584198626564007,,1.3810081715300084,0.9088502170620192,True
2013-08-08 11:00:00+00:00,0.429038188,,0.360612311,0.376477107,,0.157498233,0.331717524,,0.53088572,0.355483691,False
2013-08-08 11:30:00+00:00,0.25725963637691035,,0.18371067669215943,0.190198422137077,,0.07201522661534791,0.17652709602452893,,0.26162647677069306,0.19415522627542509,True
2013-08-08 12:00:00+00:00,0.165951764,,0.093383865,0.094252852,,0.035312837,0.093075594,,0.125784018,0.111676023,False
2013-08-08 12:30:00+00:00,0.12097459906402755,,0.052694201149688535,0.05017298532441676,,0.02211272804988347,0.05462135908433986,,0.07361298615250794,0.0738009562308587,True
2013-08-08 13:00:00+00:00,0.097442104,,0.030764925,0.02624213,,0.016909697,0.032861493,,0.046188218,0.054047427,False
2013-08-08 13:30:00+00:00,0.08975684875575622,,0.0204389448388724,0.014564869802800638,,0.02085648,0.021030714168877144,,0.0334422721209593,0.04695045845716372,True
2013-08-08 14:00:00+00:00,0.083671638,,0.01402237,0.007803365,,0.024803263,0.013425445,,0.02451912,0.041404777,False
2013-08-08 14:30:00+00:00,0.07300304276837499,,0.008698137207217488,0.0036858217633831715,,0.022040558499999998,0.007871083674898655,,0.014543460624388901,0.03118881627522136,True
2013-08-08 15:00:00+00:00,0.062994291,,0.006069724,0.001541424,,0.019277854,0.004229778,,0.007958841,0.024322222,False
2013-08-08 15:30:00+00:00,0.05602789945579413,,0.006183800712864701,0.0009473887733151216,,0.021540760558955003,0.0019870882007628626,,0.006053663238023437,0.02402823186228414,True
2013-08-08 16:00:00+00:00,0.052534535,,0.006518737,0.000717438,,0.027664561,0.000952487,,0.004868157,0.023735995,False
2013-08-08 16:30:00+00:00,0.05435669302324665,,0.015846742153383872,0.018815104372309086,,0.06308689939704024,0.003198529892519978,,0.0036416351916690164,0.016403314948354293,True
2013-08-08 17:00:00+00:00,0.058434422,,0.03371118,0.05143869,,0.125060407,0.006832831,,0.002997734,0.00935227,False
2013-08-08 17:30:00+00:00,0.06914468147675334,,0.05628287469997257,0.08928752025497691,,0.2121049926163701,0.01015707910748002,,0.0031402475,0.012775338274695599,True
2013-08-08 18:00:00+00:00,0.07759937,,0.082922929,0.119439867,,0.287043963,0.012093069,,0.003282761,0.01897394,False
2013-08-08 18:30:00+00:00,0.06969535671058372,,0.11307805531862172,0.12905598946593733,,0.3140090497642158,0.012093069,,0.0032190409999999997,0.025593502176249547,True
2013-08-08 19:00:00+00:00,0.058259256,,0.136501947,0.136531879,,0.334349186,0.012093069,,0.003155321,0.032094977,False
2013-08-08 19:30:00+00:00,0.05092858928941628,,0.14518248095742672,0.146662733548397,,0.35826217535163063,0.0148528401818226,,0.0033896211685088043,0.03767046129759521,True
2013-08-08 20:00:00+00:00,0.04713001,,0.152280224,0.157312797,,0.380509955,0.018525723,,0.003935117,0.041028567,False
2013-08-08 20:30:00+00:00,0.049716352282754825,,0.16226200616153755,0.16750964643180005,,0.39868515956537254,0.019791516611099562,,0.005115573451800012,0.04150527253115705,True
2013-08-08 21:00:00+00:00,0.054564154,,0.173356592,0.178199441,,0.415901574,0.021075954,,0.007018496,0.042004889,False
2013-08-08 21:30:00+00:00,0.06063071680620394,,0.18737770543419263,0.19156093785296005,,0.4348105065112677,0.024028792691371235,,0.009970651175428407,0.04930825961534851,True
2013-08-08 22:00:00+00:00,0.066113941,,0.197481234,0.203311859,,0.453010618,0.027996361,,0.013292112,0.059954456,False
2013-08-08 22:30:00+00:00,0.06825288376089059,,0.20032283306200024,0.20991211328283618,,0.4723630912351481,0.0329247639054107,,0.015596659888169589,0.06814369139787065,True
2013-08-08 23:00:00+00:00,0.070844967,,0.201457587,0.215447029,,0.483366888,0.036895287,,0.018368518,0.073170322,False
2013-08-08 23:30:00+00:00,0.09343243215015064,,0.2009804144298696,0.22195878477460498,,0.47833043399999997,0.0386605931102959,,0.026410954316093187,0.07420447970708345,True
2013-08-09 00:00:00+00:00,0.113888636,,0.199635186,0.227515583,,0.47329398,0.039437294,,0.032583113,0.074595438,False
2013-08-09 00:30:00+00:00,0.082280283,,0.1808681060701304,0.2301597678708078,,0.47507638790045303,0.034511791,,0.030117217499999994,0.0558349915,True
2013-08-09 01:00:00+00:00,0.05067193,,0.162969082,0.233819587,,0.48021004,0.029586288,,0.027651322,0.037074545,False
2013-08-09 01:30:00+00:00,0.07173023984094931,,0.18249603949643523,0.31804068133673463,,0.5424296207354165,0.055797715015140574,,0.04045483154445724,0.04362584858188864,True
2013-08-09 02:00:00+00:00,0.12910369,,0.237098626,0.529115706,,0.697255806,0.125740133,,0.076392287,0.062504849,False
2013-08-09 02:30:00+00:00,0.43190975960682354,,0.6282130050724188,1.260274906059163,,1.2340661072037193,0.4379322805837972,,0.3459679536292795,0.2948101717287636,True
2013-08-09 03:00:00+00:00,1.11101199,,1.544264774,2.6959765,,2.354811554,1.093289414,,0.988270559,0.871623187,False
2013-08-09 03:30:00+00:00,3.3820331229335463,,5.101797171561741,6.145814773394645,,5.610121504627091,2.8527679234861276,,3.479655377185395,3.6173684289152446,True
2013-08-09 04:00:00+00:00,6.28246627,,9.367601627,9.959371377,,9.924153338,4.95730766,,6.996716733,6.921480501,False
2013-08-09 04:30:00+00:00,8.473690044763169,,11.878547501869406,12.171442475694999,,13.701618013742948,6.190123555033248,,10.337341957513988,8.691299807274103,True
2013-08-09 05:00:00+00:00,9.773275742,,13.1212083,13.53570887,,16.35612301,7.314119016,,12.393386,9.545916894,False
2013-08-09 05:30:00+00:00,10.013032559855512,,12.902182969425855,14.146697144659829,,17.42536860379037,8.948123965881688,,12.606143375126878,9.523655708128896,True
2013-08-09 06:00:00+00:00,10.10240414,,12.39173939,14.40728935,,17.878959,9.958992146,,12.68194451,9.464579539,False
2013-08-09 06:30:00+00:00,9.457388047753408,,11.09819110809854,13.439985317824931,,17.333031272116113,9.671888462120831,,11.771317657379653,9.173412278975977,True
2013-08-09 07:00:00+00:00,8.474542451,,9.49223649,12.02436109,,16.24470751,9.055622997,,10.40931667,8.687550233,False
2013-08-09 07:30:00+00:00,7.925480890838413,,8.473822638107452,11.284371949800565,,14.79126478272981,7.990826921648019,,9.67942133487511,8.123819561588629,True
2013-08-09 08:00:00+00:00,7.319452848,,7.422564503,10.58679992,,13.01822165,6.628690095,,8.911658851,7.54179049,False
2013-08-09 08:30:00+00:00,6.1926497787269845,,5.813277765663665,9.769579164650906,,11.19399585697747,5.266182487223314,,7.612209955518719,7.134935459675137,True
2013-08-09 09:00:00+00:00,4.824089243,,4.113160893,8.72181917,,9.316082126,4.038275997,,6.08904344,6.65585668,False
2013-08-09 09:30:00+00:00,3.4429279250897844,,2.6326334522749906,6.845944541364623,,7.519834546084071,3.192871671984072,,4.598964289527241,5.647188807554216,True
2013-08-09 10:00:00+00:00,2.22490967,,1.516546835,4.712494731,,5.691916747,2.452044921,,3.207376309,4.296746438,False
2013-08-09 10:30:00+00:00,1.327473569509561,,0.9007987626064407,2.859091398769056,,3.503469816544161,1.6147762148202052,,1.9784782131015215,2.6112083283030185,True
2013-08-09 11:00:00+00:00,0.735549582,,0.508556314,1.485174424,,1.721455095,0.9380043,,1.064631047,1.260398506,False
2013-08-09 11:30:00+00:00,0.45850647643333226,,0.26238085341199197,0.7752109528025064,,0.7525151076329873,0.5366976510196483,,0.5316649811754769,0.7157184390225324,True
2013-08-09 12:00:00+00:00,0.302004334,,0.122576152,0.369510647,,0.23443782,0.290268102,,0.233529169,0.420099799,False
2013-08-09 12:30:00+00:00,0.22693488323698763,,0.07108650416029161,0.1916276542332397,,0.09247263030456587,0.17241038896243496,,0.13423935830496067,0.2936649810904964,True
2013-08-09 13:00:00+00:00,0.180813759,,0.042433151,0.094640414,,0.029494018,0.105269177,,0.080584868,0.222418305,False
2013-08-09 13:30:00+00:00,0.1451670799115303,,0.0250921622601968,0.04608921479863966,,0.01252457015662116,0.07056345757169963,,0.049156180537598584,0.18189139288244555,True
2013-08-09 14:00:00+00:00,0.127929389,,0.014541081,0.019928806,,0.004664746,0.050149423,,0.030194809,0.156102919,False
2013-08-09 14:30:00+00:00,0.1288206460607279,,0.007990968490576759,0.007851985755532118,,0.0013506294541993568,0.03961221514903603,,0.019370432314556582,0.13726061618356702,True
2013-08-09 15:00:00+00:00,0.130076194,,0.004996451,0.002756606,,0.0,0.031591551,,0.012733274,0.127095518,False
2013-08-09 15:30:00+00:00,0.13080977693927212,,0.005176653756274225,0.0029145236150337323,,0.002453954255969065,0.022409739058751706,,0.008468406265166184,0.12544154711518152,True
2013-08-09 16:00:00+00:00,0.131179069,,0.005713864,0.003188364,,0.008915421,0.014672006,,0.006500234,0.123964686,False
2013-08-09 16:30:00+00:00,0.11389447796322742,,0.05879090121329693,0.003434031703700681,,0.04874641267854414,0.00942282878894539,,0.007999260682352792,0.11903306325244764,True
2013-08-09 17:00:00+00:00,0.086057156,,0.156461316,0.003689089,,0.088277524,0.005465409,,0.010882621,0.112226218,False
2013-08-09 17:30:00+00:00,0.061872950331176846,,0.2796167925011991,0.0038903588095390404,,0.09311693647536363,0.0019552242965282826,,0.015334229817647205,0.10562810199419803,True
2013-08-09 18:00:00+00:00,0.046404386,,0.379190175,0.004190864,,0.096457049,0.000127753,,0.018401505,0.098986184,False
2013-08-09 18:30:00+00:00,0.04363294602062577,,0.41319742508076523,0.005800388933546219,,0.1007881161011835,0.00011773085651622211,,0.0180008699200442,0.09274253427542521,True
2013-08-09 19:00:00+00:00,0.042354995,,0.432073945,0.008468521,,0.106057781,0.000114379,,0.017475601,0.086931973,False
2013-08-09 19:30:00+00:00,0.04176936518496996,,0.44180565581885506,0.01121690841234125,,0.11398332863404145,0.000928206854133326,,0.0172427360799558,0.08149119605481803,True
2013-08-09 20:00:00+00:00,0.041527336,,0.448400437,0.014883229,,0.124330536,0.002455149,,0.017134505,0.077006143,False
2013-08-09 20:30:00+00:00,0.043233675718449334,,0.4528666920818082,0.02108335897083172,,0.13728405590752848,0.004112338305601348,,0.0189854917810838,0.07338153540301638,True
2013-08-09 21:00:00+00:00,0.046487928,,0.458399703,0.028914646,,0.152850583,0.006105583,,0.022462817,0.071522947,False
2013-08-09 21:30:00+00:00,0.05014467143862916,,0.47795029433031755,0.03711330750303972,,0.17543169234429512,0.008457024899281379,,0.026557772234286185,0.071661806165454,True
2013-08-09 22:00:00+00:00,0.054723341,,0.508470015,0.04580563,,0.191238729,0.011040752,,0.030812684,0.072043526,False
2013-08-09 22:30:00+00:00,0.06015225853928383,,0.5529882671234274,0.05518451472785577,,0.19346139860307462,0.014347375440983946,,0.034827970984630016,0.075791939834546,True
2013-08-09 23:00:00+00:00,0.06706665,,0.585035092,0.063542561,,0.194276544,0.016372544,,0.037056963,0.079297493,False
2013-08-09 23:30:00+00:00,0.08005832130363767,,0.5892321420940565,0.06924206634928359,,0.1775977055,0.01578150022413603,,0.03651564127775609,0.07413095927402895,True
2013-08-10 00:00:00+00:00,0.08909468,,0.590764103,0.074079603,,0.160918867,0.01493636,,0.035144284,0.062795588,False
2013-08-10 00:30:00+00:00,0.065776848,,0.551671394,0.07761809833101029,,0.1670466197651577,0.01441606527586397,,0.02844446022224391,0.035265455725971034,True
2013-08-10 01:00:00+00:00,0.042459016,,0.512578685,0.083190821,,0.18503257,0.014149867,,0.022574672,0.013904161,False
2013-08-10 01:30:00+00:00,0.2116933839884158,,1.1855133668355673,0.24715463752036834,,0.7301274357782895,0.2777930047006784,,0.24523531255861478,0.13943157393735112,True
2013-08-10 02:00:00+00:00,0.566359297,,2.399534506,0.604300714,,1.624444856,0.765545356,,0.683925275,0.395060515,False
2013-08-10 02:30:00+00:00,1.0692969706671498,,3.4786131725254235,1.2290668902657373,,2.2497122732619244,1.2306010691129432,,1.1855839813512765,0.706168912233058,True
2013-08-10 03:00:00+00:00,1.835954458,,4.936880248,2.241979001,,3.073712207,1.876412063,,1.930119191,1.215030289,False
2013-08-10 03:30:00+00:00,3.092665613539482,,7.911874560667359,3.985498959930991,,5.026879187799566,3.166591348357314,,3.323413823806153,2.5352078474225768,True
2013-08-10 04:00:00+00:00,4.907605397,,11.63914456,6.358814032,,7.996155409,4.863420733,,5.413167499,4.488250122,False
2013-08-10 04:30:00+00:00,8.339052161804952,,15.814511561471647,9.734573396892449,,13.16534166889506,6.96891784453903,,9.3910102399209,7.294906908407014,True
2013-08-10 05:00:00+00:00,10.76311894,,18.31732801,12.29655375,,16.75860542,8.417728049,,12.2785226,9.140844471,False
2013-08-10 05:30:00+00:00,10.097572915728229,,16.49057218300931,12.962183566034271,,16.403161045068995,8.629815401199382,,12.377330248363057,8.751752867119736,True
2013-08-10 06:00:00+00:00,9.209507266,,13.89099864,13.22599176,,15.7516216,8.756935575,,12.41110341,8.299250741,False
2013-08-10 06:30:00+00:00,8.910923406099773,,12.695148495699847,12.508399966789986,,15.172059787705521,8.91065687009065,,11.783975601910143,8.227731530653609,True
2013-08-10 07:00:00+00:00,8.585805863,,11.516053,11.16527296,,14.31397701,8.994517657,,10.55801624,8.149928029,False
2013-08-10 07:30:00+00:00,7.562230104371487,,9.570184769851446,9.70309550955081,,11.836519751611274,8.289897373147445,,9.028544795956227,7.386470686755717,True
2013-08-10 08:00:00+00:00,6.112217534,,7.353864559,7.981045787,,8.585420996,6.860401109,,7.171851059,6.054502757,False
2013-08-10 08:30:00+00:00,4.55256900996242,,5.135734788804555,5.901875344262105,,5.73882319952395,4.496280006224367,,4.967718391068297,4.3641922207718205,True
2013-08-10 09:00:00+00:00,3.135427155,,3.302438948,3.991638349,,3.490787428,2.339507266,,3.083645347,2.788841953,False
2013-08-10 09:30:00+00:00,2.198334796612586,,2.223789466089514,2.71405829315007,,2.2461062298621006,1.528419754696258,,2.076417846340494,1.9017618677189074,True
2013-08-10 10:00:00+00:00,1.474802791,,1.424069151,1.75549339,,1.366077429,0.997111542,,1.360945833,1.248860153,False
2013-08-10 10:30:00+00:00,0.8519736546986091,,0.6947912946012214,1.0066617379349045,,0.6038335891774962,0.5485339712716996,,0.7595807528671863,0.6835615776892995,True
2013-08-10 11:00:00+00:00,0.43653089,,0.242002244,0.522133805,,0.158207081,0.260803632,,0.371495985,0.323230688,False
2013-08-10 11:30:00+00:00,0.246084572522328,,0.1007112360498219,0.30438758684368183,,0.04682517255066553,0.13321380447855605,,0.20478306313265585,0.17840670429090938,True
2013-08-10 12:00:00+00:00,0.150790759,,0.039991926,0.182485746,,0.003869043,0.066392227,,0.117809355,0.117681797,False
2013-08-10 12:30:00+00:00,0.12320165450456744,,0.031114901394284043,0.11601423496844276,,0.007691609147065292,0.04197985939119632,,0.08171773672499782,0.13293739056907733,True
2013-08-10 13:00:00+00:00,0.112496773,,0.027929325,0.086853513,,0.018397298,0.027705946,,0.066845328,0.164657789,False
2013-08-10 13:30:00+00:00,0.12308674799999998,,0.09009436196085543,0.08959554550000001,,0.1384059095359391,0.01602253729047743,,0.080755786,0.22795423043092267,True
2013-08-10 14:00:00+00:00,0.133676723,,0.155672574,0.092337578,,0.280860562,0.010333512,,0.094666244,0.274785867,False
2013-08-10 14:30:00+00:00,0.11313291193352701,,0.15939713315335924,0.07970533438426713,,0.3332957108169956,0.016363798000000002,,0.08440454903590486,0.2552342896750959,True
2013-08-10 15:00:00+00:00,0.084996815,,0.162884305,0.063238855,,0.356401696,0.022394084,,0.066829982,0.219374121,False
2013-08-10 15:30:00+00:00,0.07016654556647299,,0.18319231768698177,0.05611548161573287,,0.3498478658376765,0.020656859000000003,,0.04851046250036629,0.17800749927717863,True
2013-08-10 16:00:00+00:00,0.062928562,,0.2161373,0.052826344,,0.333214736,0.018919634,,0.036011656,0.140084379,False
2013-08-10 16:30:00+00:00,0.0812318605,,0.2531064670482791,0.0549233773094622,,0.2692693686911347,0.019047592500000002,,0.03361343046372885,0.11827622966612358,True
2013-08-10 17:00:00+00:00,0.099535159,,0.294008294,0.060187919,,0.178868312,0.019175551,,0.032707364,0.101993341,False
2013-08-10 17:30:00+00:00,0.073093424,,0.3308786901812746,0.08439452697119557,,0.09121977047118879,0.016979878,,0.03377957706111701,0.08638129738160187,True
2013-08-10 18:00:00+00:00,0.046651689,,0.37413278,0.105617101,,0.040106218,0.014784205,,0.03601818,0.078109083,False
2013-08-10 18:30:00+00:00,0.04914738851177474,,0.4511351156587515,0.10580719898626922,,0.041775961883955735,0.015534923460580576,,0.03951195624695197,0.07914421349999999,True
2013-08-10 19:00:00+00:00,0.05318569,,0.524392002,0.105987038,,0.044967502,0.017624045,,0.043915029,0.080179344,False
2013-08-10 19:30:00+00:00,0.0559954749466621,,0.5624116419366092,0.1077942591766903,,0.048672340021045264,0.031393803026470095,,0.04832731075328276,0.07759988902799578,True
2013-08-10 20:00:00+00:00,0.059030837,,0.588157118,0.111439146,,0.053107369,0.064250568,,0.052667658,0.07457853,False
2013-08-10 20:30:00+00:00,0.06381195088279358,,0.6080153278738892,0.1180314306917116,,0.057927657286888305,0.23580606575214247,,0.056475173288515396,0.07404107730272859,True
2013-08-10 21:00:00+00:00,0.067983814,,0.61776404,0.126769063,,0.063190657,0.394034097,,0.060059706,0.073529126,False
2013-08-10 21:30:00+00:00,0.06959369947657648,,0.580640084,0.13572713760505575,,0.06924125802429038,0.40500029476080684,,0.06361422576643233,0.07196081382959556,True
2013-08-10 22:00:00+00:00,0.071111371,,0.543516128,0.144927954,,0.074768013,0.408868549,,0.066932699,0.069494248,False
2013-08-10 22:30:00+00:00,0.07488886438014297,,0.6264879558301065,0.15444794025974556,,0.0783943656361853,0.38558040437832425,,0.07030190699200631,0.06630996169298625,True
2013-08-10 23:00:00+00:00,0.077823201,,0.731548424,0.161994689,,0.08171493,0.33557914,,0.072544823,0.061946427,False
2013-08-10 23:30:00+00:00,0.07817449280205013,,0.7714647146698935,0.16553078222814196,,0.086675220647635,0.23793938124447694,,0.07324579889169422,0.05579461940914243,True
2013-08-11 00:00:00+00:00,0.078302227,,0.789292365,0.168772983,,0.089770447,0.138451611,,0.073528344,0.047240598,False
2013-08-11 00:30:00+00:00,0.0610735255,,0.742327226,0.17279148284145177,,0.085198144,0.08395694937719884,,0.06737871,0.030139005737551378,True
2013-08-11 01:00:00+00:00,0.043844824,,0.695362087,0.180265998,,0.080625841,0.058023419,,0.061229076,0.017933532,False
2013-08-11 01:30:00+00:00,0.12343335686759067,,1.0953655818835049,0.29399272420984035,,0.199472991744785,0.17378419952127888,,0.13588865667814673,0.0680366804117549,True
2013-08-11 02:00:00+00:00,0.336365226,,2.025327629,0.585060499,,0.52034837,0.465704453,,0.338350907,0.20961109,False
2013-08-11 02:30:00+00:00,1.4700105541545496,,4.2273556847577005,2.053216545501398,,2.5697562047971267,1.5084770741989024,,1.5719378162009139,1.8457748516363162,True
2013-08-11 03:00:00+00:00,3.356110894,,7.245329045,4.388599555,,5.501909457,3.060146916,,3.630421965,4.224016681,False
2013-08-11 03:30:00+00:00,5.94209217097786,,10.697189895858795,7.185318341885042,,7.855460609493271,4.816786777725007,,6.297442220278247,6.06634206445193,True
2013-08-11 04:00:00+00:00,7.6422751,,12.80314689,9.078882299,,9.345323158,5.96351695,,8.153997141,7.075118119,False
2013-08-11 04:30:00+00:00,7.4865452735,,11.626392375000002,9.26139615928358,,9.633689816402127,6.045324051414162,,8.366681108383666,6.975995167737673,True
2013-08-11 05:00:00+00:00,7.330815447,,10.44963786,9.392545817,,9.844976444,6.122015704,,8.457555857,6.785259632,False
2013-08-11 05:30:00+00:00,7.364662940307483,,10.559275321982946,9.585654572421925,,10.110044698932946,6.553124118885433,,8.47975052039825,6.490425309762328,True
2013-08-11 06:00:00+00:00,7.456677346,,10.80388329,9.88274638,,10.52491848,7.326195454,,8.504758795,6.287203572,False
2013-08-11 06:30:00+00:00,8.254121530192517,,11.438511833017053,11.05833614862849,,12.835732428129747,8.837104346255217,,10.029401506060774,7.326105395000001,True
2013-08-11 07:00:00+00:00,8.993398802,,11.93816987,12.03430603,,14.85273584,9.936018763,,11.53080525,8.365007218,False
2013-08-11 07:30:00+00:00,8.235327350353266,,10.596882810549785,11.101075478005868,,13.428818066321488,9.230651166279664,,10.606816286172823,7.788435770048921,True
2013-08-11 08:00:00+00:00,6.988060855,,8.571922606,9.592333064,,11.3699585,7.901261832,,9.047678991,7.034357866,False
2013-08-11 08:30:00+00:00,6.054879179719412,,7.417831205694097,8.534780022088588,,10.384008518066963,6.283477148283518,,7.764106617042739,6.802340210105298,True
2013-08-11 09:00:00+00:00,5.077542467,,6.2692444,7.415044658,,9.371343896,4.673320207,,6.446895658,6.550163465,False
2013-08-11 09:30:00+00:00,3.8609676843085614,,4.603398449715796,5.925718183307095,,7.60147335957297,3.5933269953839133,,5.054188458374737,5.698435312029684,True
2013-08-11 10:00:00+00:00,2.662389283,,2.968946161,4.3361133,,5.454883641,2.678803294,,3.693005879,4.396101234,False
2013-08-11 10:30:00+00:00,1.6039558253295085,,1.7082585554108214,2.7410337584766364,,2.918348433602083,1.7531066652676353,,2.369227595108746,2.6134857022859794,True
2013-08-11 11:00:00+00:00,0.864329521,,0.841574377,1.501195574,,1.033796643,1.032600498,,1.320433995,1.13922502,False
2013-08-11 11:30:00+00:00,0.5358865837902396,,0.3893868386836737,0.8408456661980559,,0.3848586850971904,0.5727870914619315,,0.6504737982786417,0.5643059299351805,True
2013-08-11 12:00:00+00:00,0.36125362,,0.178447843,0.452599271,,0.097320857,0.331958144,,0.277325999,0.280049314,False
2013-08-11 12:30:00+00:00,0.2884016214990106,,0.16074858644582699,0.2735769301774437,,0.05842359633930543,0.2896224193233394,,0.16973155352231364,0.1997895610949374,True
2013-08-11 13:00:00+00:00,0.258286196,,0.154572249,0.172173566,,0.044518404,0.274036259,,0.127602323,0.168783955,False
2013-08-11 13:30:00+00:00,0.27633805800000005,,0.22766408249999998,0.12154075590046397,,0.10860106699999998,0.5433558249999999,,0.26779134200000004,0.28423274400000004,True
2013-08-11 14:00:00+00:00,0.29438992,,0.300755916,0.085828916,,0.17268373,0.812675391,,0.407980361,0.399681533,False
2013-08-11 14:30:00+00:00,0.24946806648165584,,0.2265314375,0.04753508489848695,,0.13412672488303592,0.7717909769531591,,0.2754244342584189,0.39394660793741243,True
2013-08-11 15:00:00+00:00,0.183100149,,0.152306959,0.02356817,,0.083120784,0.681646505,,0.116876766,0.38203449,False
2013-08-11 15:30:00+00:00,0.14287596351290155,,0.15831011080246193,0.01741009794736268,,0.05965419011696409,0.49520581646892786,,0.07699214363705352,0.35834958756258756,True
2013-08-11 16:00:00+00:00,0.113310389,,0.173198716,0.015012886,,0.048636532,0.284554245,,0.053592341,0.340841878,False
2013-08-11 16:30:00+00:00,0.0927298984457222,,0.2209502850380186,0.015345187909611473,,0.09059408636062163,0.13839323760585698,,0.03548434524256076,0.3701779863623046,True
2013-08-11 17:00:00+00:00,0.082081268,,0.29216164,0.016097998,,0.163201865,0.051296617,,0.026412211,0.424330057,False
2013-08-11 17:30:00+00:00,0.08074827905972042,,0.3668765314641808,0.017399106686684956,,0.24023379884778776,0.02765641797205606,,0.025898892301352016,0.4979332156376953,True
2013-08-11 18:00:00+00:00,0.080270883,,0.433960456,0.019836684,,0.295050575,0.018422773,,0.025436262,0.546720412,False
2013-08-11 18:30:00+00:00,0.080332563,,0.47998387151444977,0.028392300853298677,,0.30702206517872604,0.1789338382334419,,0.022272643042030818,0.5386794447003238,True
2013-08-11 19:00:00+00:00,0.080394243,,0.509838864,0.038472015,,0.314395964,0.362650006,,0.01936754,0.520115156,False
2013-08-11 19:30:00+00:00,0.0774533215,,0.5218462923744429,0.04307156071159035,,0.32076349741257937,0.39707502652964805,,0.019115636018584008,0.4805670435394269,True
2013-08-11 20:00:00+00:00,0.0745124,,0.531899818,0.04767846,,0.327118271,0.416292528,,0.019025588,0.419379361,False
2013-08-11 20:30:00+00:00,0.07601780893554459,,0.5485388225206979,0.0556360195643723,,0.3359333089317035,0.43168682273691006,,0.0222377655,0.32407523664675997,True
2013-08-11 21:00:00+00:00,0.079122172,,0.564663958,0.066448949,,0.34630234,0.439083534,,0.025449943,0.241408838,False
2013-08-11 21:30:00+00:00,0.08412989014258394,,0.5742907377346921,0.08443477819623194,,0.358486492586282,0.4158970846273173,,0.023819147,0.206672644633703,True
2013-08-11 22:00:00+00:00,0.089563426,,0.583990737,0.098867867,,0.370792616,0.379494185,,0.022188351,0.191381496,False
2013-08-11 22:30:00+00:00,0.09388340192187147,,0.6039914470510561,0.10174526222785484,,0.38352990668229975,0.35910317677263653,,0.032888254000000006,0.19130114877527366,True
2013-08-11 23:00:00+00:00,0.096178606,,0.61784086,0.104477451,,0.390766518,0.331988514,,0.043588157,0.191220739,False
2013-08-11 23:30:00+00:00,0.09302441531171568,,0.5985182445000001,0.11500825200407656,,0.38821031250000004,0.1977941021000462,,0.0334952045,0.1684200887977348,True
2013-08-12 00:00:00+00:00,0.085990756,,0.579195629,0.127017006,,0.385654107,0.083539795,,0.023402252,0.125086944,False
2013-08-12 00:30:00+00:00,0.06777894918828432,,0.5824470221819398,0.1316864537198826,,0.4276029000334848,0.09118008124772886,,0.02705181676509956,0.06005237990677796,True
2013-08-12 01:00:00+00:00,0.053446611,,0.592146573,0.138139875,,0.548537009,0.113676155,,0.037869026,0.015630494,False
2013-08-12 01:30:00+00:00,0.31133799232174547,,1.6325907473591421,0.4663012420976426,,2.5051892480164004,0.8478156300597863,,0.5302877887913433,0.43739981296304914,True
2013-08-12 02:00:00+00:00,0.921831697,,3.649502359,1.279873528,,5.786586678,2.221563062,,1.61512339,1.352917899,False
2013-08-12 02:30:00+00:00,2.413698303984751,,6.312468155933664,4.438690028942956,,8.772990796893232,3.8818628180168377,,3.7780099653294807,2.919285601537749,True
2013-08-12 03:00:00+00:00,4.674666292,,9.155787223,8.290649053,,11.83681661,5.674893798,,6.617682318,5.128235954,False
2013-08-12 03:30:00+00:00,8.024369773193504,,11.751823894025254,10.339712097197136,,15.47944177055688,7.299291109613537,,9.662921261459967,8.551356315499202,True
2013-08-12 04:00:00+00:00,10.25236955,,13.1845917,11.86670234,,17.64091473,8.56848638,,11.83040945,10.83814526,False
2013-08-12 04:30:00+00:00,9.649680914780037,,13.071375020440323,13.248862398888663,,17.381775915863567,9.21443604329701,,12.500311502654109,10.599246044436473,True
2013-08-12 05:00:00+00:00,8.647237601,,12.79364293,13.96903404,,16.82540472,9.800263465,,12.77159405,10.06459151,False
2013-08-12 05:30:00+00:00,7.847553456082888,,11.977366114129762,12.982045081645051,,15.898032141173235,10.9247813252651,,11.757889834404386,8.659964099563526,True
2013-08-12 06:00:00+00:00,7.054285733,,10.71614846,11.36676641,,14.63222494,11.6774285,,10.06150907,7.551092008,False
2013-08-12 06:30:00+00:00,6.080501308637075,,8.936730638929916,9.837646212854951,,12.8020646879632,10.293810869923902,,8.344348979095615,7.612777821035262,True
2013-08-12 07:00:00+00:00,5.500055141,,7.766769067,8.936815729,,11.60757144,8.657753256,,7.309865437,7.779480593,False
2013-08-12 07:30:00+00:00,5.957489704,,8.2792601755,8.944959045000001,,12.397426985,8.354410946878126,,7.783263424499999,9.138723455964737,True
2013-08-12 08:00:00+00:00,6.414924267,,8.791751284,8.953102361,,13.18728253,8.051511645,,8.256661412,10.39294936,False
2013-08-12 08:30:00+00:00,5.744806233474905,,7.752335318470171,8.558557403147175,,12.407254720982696,6.780507751161206,,7.539308847774424,9.082617472303651,True
2013-08-12 09:00:00+00:00,4.582902185,,5.979538139,7.744738929,,10.82187926,5.063256337,,6.238180751,7.181719288,False
2013-08-12 09:30:00+00:00,3.5115312059848103,,4.400497660339965,6.5495563684518965,,8.512022134128975,3.6575187823034936,,4.890488435109336,6.269505615388407,True
2013-08-12 10:00:00+00:00,2.459116968,,2.913763579,5.004812923,,5.77364324,2.441599118,,3.468645813,5.313391022,False
2013-08-12 10:30:00+00:00,1.4599715091982703,,1.6027699516101008,3.0776512517679664,,2.931221239084243,1.4605246406603338,,2.031866900645883,3.2018210653606953,True
2013-08-12 11:00:00+00:00,0.754397351,,0.709947256,1.50048895,,0.945996769,0.780436411,,0.961705482,1.35808493,False
2013-08-12 11:30:00+00:00,0.4592136730703202,,0.3404676109166983,0.7963671299791302,,0.32198047024311793,0.42969684866140756,,0.46251753203419943,0.7551180315221114,True
2013-08-12 12:00:00+00:00,0.300402773,,0.151088519,0.399683452,,0.053358762,0.227444085,,0.2026932,0.457942399,False
2013-08-12 12:30:00+00:00,0.23468359491859053,,0.08422032798404315,0.22091864262554606,,0.020377686560967712,0.13220996317647057,,0.12384731388521222,0.36789008407724944,True
2013-08-12 13:00:00+00:00,0.194653901,,0.049996449,0.120356181,,0.00867391,0.077584398,,0.082328944,0.317237133,False
2013-08-12 13:30:00+00:00,0.16529604413882348,,0.032202502179022895,0.06498018661266684,,0.009538309239638205,0.047398245982552385,,0.05886742724876534,0.27997636116843405,True
2013-08-12 14:00:00+00:00,0.143687195,,0.024567575,0.033268553,,0.010734883,0.028999362,,0.043716129,0.255549986,False
2013-08-12 14:30:00+00:00,0.12708179814614595,,0.02835361533762805,0.017270124836861404,,0.011202644745874978,0.0180460339163985,,0.0328783414372824,0.24189517329546506,True
2013-08-12 15:00:00+00:00,0.113664255,,0.03729114,0.008867723,,0.011715251,0.011034224,,0.024982153,0.231667778,False
2013-08-12 15:30:00+00:00,0.10254572451419837,,0.05854209953750342,0.00598188057718929,,0.013117007413298732,0.006034777836107085,,0.01867499050363176,0.2236656611729173,True
2013-08-12 16:00:00+00:00,0.092195361,,0.091447419,0.004270627,,0.014981433,0.003651549,,0.014477079,0.213364553,False
2013-08-12 16:30:00+00:00,0.07851096000313333,,0.12461330655837526,0.002756393501569619,,0.0162760033514989,0.004232240162223595,,0.012198036361267029,0.17130106966307077,True
2013-08-12 17:00:00+00:00,0.069715538,,0.180049038,0.002001726,,0.018438157,0.005959479,,0.011175136,0.131466105,False
2013-08-12 17:30:00+00:00,,,0.49732513759930175,0.021280297936002026,,0.1574114915261114,0.145944237129734,,0.12326569070664306,0.12281644204799815,True
2013-08-12 18:00:00+00:00,,,0.842649768,0.050970455,,0.298259223,0.362712348,,0.254736206,0.119418204,False
2013-08-12 18:30:00+00:00,,,0.9475824566272086,0.07429072506399798,,0.30372582422357775,0.5379000660267429,,0.28747392779335695,0.137662796,True
2013-08-12 19:00:00+00:00,,,1.01100924,0.08719941,,0.305610757,0.639493581,,0.300831689,0.155907388,False
2013-08-12 19:30:00+00:00,,,1.0546566132458666,0.0871063831910433,,0.2817883177421042,0.6441497324684575,,0.21436285449999998,0.155907388,True
2013-08-12 20:00:00+00:00,,,1.084659872,0.086838169,,0.250634239,0.648445432,,0.12789402,0.155907388,False
2013-08-12 20:30:00+00:00,,,1.1083907885941164,0.08092658380895672,,0.2389946714192099,0.6859705232128422,,0.13132891542815647,0.16467603055331925,True
2013-08-12 21:00:00+00:00,,,1.120147506,0.075190186,,0.230637433,0.719520369,,0.136509985,0.17645036,False
2013-08-12 21:30:00+00:00,,,1.114985661011478,0.07598649690441088,,0.2218072633386859,0.7189278086098287,,0.1399088979887249,0.18220227094668073,True
2013-08-12 22:00:00+00:00,,,1.104293084,0.077752666,,0.217026404,0.717179265,,0.14238278,0.184948495,False
2013-08-12 22:30:00+00:00,,,1.0902461042106595,0.0817342979971162,,0.22697780850000002,0.6540039460907459,,0.1439332630831186,0.18380488862191927,True
2013-08-12 23:00:00+00:00,,,1.067703337,0.085734,,0.236929213,0.531420617,,0.144662603,0.180658347,False
2013-08-12 23:30:00+00:00,,,1.0005700882778625,0.08699558354401378,,0.2252896885,0.3437436900563381,,0.1423745695457013,0.15933641047454528,True
2013-08-13 00:00:00+00:00,,,0.947463359,0.088359931,,0.213650164,0.183279802,,0.138386749,0.12020412,False
2013-08-13 00:30:00+00:00,,,0.9730505430021587,0.0921654579885547,,0.2306791952103859,0.12534908874308734,,0.1338280314542987,0.052787522903535444,True
2013-08-13 01:00:00+00:00,,,1.047034595,0.101245334,,0.280609,0.10076933,,0.130969101,0.005184215,False
2013-08-13 01:30:00+00:00,,,2.271140025536368,0.4087943824467377,,1.6533566500080659,0.6384262656286351,,0.8148007625136552,0.4007254848104179,True
2013-08-13 02:00:00+00:00,,,4.517015477,1.157332525,,4.087778694,1.692682623,,2.29227618,1.253403184,False
2013-08-13 02:30:00+00:00,,,7.358071127532631,3.9290878425156612,,6.661927438381024,3.2001871045463735,,5.176202405330104,2.8010887385767,True
2013-08-13 03:00:00+00:00,,,10.10264588,7.012433929,,9.238809036,4.636517304,,8.268754915,4.670759129,False
2013-08-13 03:30:00+00:00,,,11.745226222222465,8.062393808517946,,11.129475370922796,5.280574776181024,,9.832500720240494,6.1709486212588365,True
2013-08-13 04:00:00+00:00,,,13.09234559,9.061538187,,13.06254031,5.913933706,,11.28493724,7.53506495,False
2013-08-13 04:30:00+00:00,,,14.672964013206379,11.70847071508556,,16.454307112477725,7.341727240145829,,13.907672252415745,9.023662373354046,True
2013-08-13 05:00:00+00:00,,,15.57535742,13.64727384,,18.70636729,8.636369826,,15.63944651,9.869211695,False
2013-08-13 05:30:00+00:00,,,14.416576138670179,13.283281609499944,,16.998048037929532,9.174562132998137,,14.601320849567648,9.08145442295567,True
2013-08-13 06:00:00+00:00,,,12.54342572,12.56807725,,14.73985342,9.411178791,,12.9014819,8.203065588,False
2013-08-13 06:30:00+00:00,,,11.053643849069703,11.558307884152649,,13.911493715160843,8.69165141268532,,11.510756101035138,8.05605463754433,True
2013-08-13 07:00:00+00:00,,,9.841420586,10.55610928,,13.21821514,7.640909798,,10.33987164,7.99967525,False
2013-08-13 07:30:00+00:00,,,9.181720846600488,10.029079109854708,,12.23694727053459,7.133197742532724,,9.656036487156676,9.11774436,True
2013-08-13 08:00:00+00:00,,,8.550374236,9.512245567,,11.39416496,6.58238507,,8.990653666,10.23581347,False
2013-08-13 08:30:00+00:00,,,7.5843156638478355,8.7089554449777,,11.03537761491881,5.366117538174584,,7.973093115082488,9.020324606898807,True
2013-08-13 09:00:00+00:00,,,6.325939107,7.665589568,,10.60135722,4.025251193,,6.716332237,7.066755947,False
2013-08-13 09:30:00+00:00,,,4.412968062426882,6.259516009982676,,7.916971262693244,3.1692418522891983,,5.166908838310078,5.690200183449528,True
2013-08-13 10:00:00+00:00,,,2.537242994,4.637938506,,4.388880863,2.388896822,,3.540607734,4.30342652,False
2013-08-13 10:30:00+00:00,,,1.265879194164257,2.780035889544457,,1.9529502630407736,1.3885710035893801,,1.910410532070702,2.4390400737667317,True
2013-08-13 11:00:00+00:00,,,0.494772075,1.342012604,,0.503234804,0.635194289,,0.772410173,1.038663767,False
2013-08-13 11:30:00+00:00,,,0.23347271174973497,0.7325112753812985,,0.17236246750849377,0.35060122013061346,,0.37086637404363276,0.5786725113911205,True
2013-08-13 12:00:00+00:00,,,0.106084096,0.390606633,,0.034769964,0.19385855,,0.170212144,0.350186886,False
2013-08-13 12:30:00+00:00,,,0.059900008377683486,0.22573054762466066,,0.01024957373100211,0.11546399627150611,,0.09824086033897418,0.26846679966144255,True
2013-08-13 13:00:00+00:00,,,0.036908983,0.13238774,,0.000996438,0.069698183,,0.060474809,0.225505725,False
2013-08-13 13:30:00+00:00,,,0.026316499093237872,0.08326318860719342,,0.00025624848271395983,0.04350630212137739,,0.040944414700636665,0.20214881986837963,True
2013-08-13 14:00:00+00:00,,,0.021892934,0.054174586,,0.0,0.027233965,,0.029078388,0.189320339,False
2013-08-13 14:30:00+00:00,,,0.02839223847485787,0.03747917327156088,,0.0006707355874856528,0.01743581104262003,,0.02165851821174826,0.1846571711602223,True
2013-08-13 15:00:00+00:00,,,0.04379869,0.027378338,,0.001948827,0.010887147,,0.016297465,0.180658347,False
2013-08-13 15:30:00+00:00,,,0.09594127902514214,0.022376931233493515,,0.003864828412514347,0.00589871945187565,,0.011711310068350949,0.17453274343926034,True
2013-08-13 16:00:00+00:00,,,0.139176721,0.018321058,,0.005173474,0.003035222,,0.008176757,0.164324445,False
2013-08-13 16:30:00+00:00,,,0.1279306008667792,0.012621584249369842,,0.004449393414482759,0.0021952056568750877,,0.005595771828492238,0.12366236483488753,True
2013-08-13 17:00:00+00:00,0.048184765,0.000811246,0.103519824,0.007748711,0.000500916,0.003450215,0.001817403,0.002508986,0.003756082,0.074289438,False
2013-08-13 17:30:00+00:00,0.041968846382442845,0.0016025434248543202,0.046612477633220795,0.004622216620287437,0.0021829255919198274,0.002908540585517241,0.0017122475539253768,0.0019147690000000002,0.0024081190854357555,0.04457928612850457,True
2013-08-13 18:00:00+00:00,0.034674354,0.003735595,0.002869788,0.003108208,0.006674902,0.002641964,0.001672028,0.001320552,0.001750083,0.026433147,False
2013-08-13 18:30:00+00:00,0.03165802283420361,0.020698392075145677,0.024442980301482432,0.006642852580166476,0.0376608799074011,0.0338570029779793,0.002801474197920573,0.0023543824486050645,0.004141422281611572,0.01951412890111588,True
2013-08-13 19:00:00+00:00,0.030295267,0.036319435,0.053952344,0.013121394,0.069299653,0.073983491,0.005019315,0.004408897,0.008365609,0.016654787,False
2013-08-13 19:30:00+00:00,0.030427551891131777,0.027340644499999997,0.06752103742465718,0.019929831535782545,0.07335920870204655,0.08791507045455065,0.008141262753874312,0.007252233287698045,0.012359469566108346,0.02308272646792596,True
2013-08-13 20:00:00+00:00,0.030766486,0.018361854,0.076979749,0.027412295,0.077086282,0.097741812,0.011244306,0.010430472,0.016586588,0.032368397,False
2013-08-13 20:30:00+00:00,0.03255102760886822,0.022223313545589395,0.0846233847738604,0.03490114379337277,0.09159999342253497,0.10645053085489574,0.013089397731999866,0.012935458491105492,0.02079040105899795,0.037234577087900865,True
2013-08-13 21:00:00+00:00,0.03412892,0.027698195,0.088440831,0.042069409,0.109030202,0.113888325,0.014503018,0.015362058,0.024894913,0.041351115,False
2013-08-13 21:30:00+00:00,0.0341084419013275,0.03097048645441061,0.08393958265353987,0.04822485716726362,0.11827292294824752,0.12194687071257432,0.015490479192019712,0.01815675850216527,0.028598463926617218,0.04545122992267857,True
2013-08-13 22:00:00+00:00,0.034049467,0.032629356,0.076414099,0.054058212,0.128491581,0.12646973,0.016600305,0.020661279,0.032365499,0.049296655,False
2013-08-13 22:30:00+00:00,0.03323952025337571,0.032629356,0.07029280086292794,0.05996669292828834,0.15642167818936767,0.12394583663431864,0.01974664612418554,0.022664733336586845,0.03782856166666492,0.052651608463632815,True
2013-08-13 23:00:00+00:00,0.031562118,0.032629356,0.064246124,0.065872653,0.178961642,0.117835066,0.022132604,0.023807233,0.041261336,0.056245064,False
2013-08-13 23:30:00+00:00,0.027772938845296788,0.032794377927304275,0.05704595748353219,0.07060093075568825,0.18065525141869754,0.09484149086568136,0.021069514,0.02393884556094541,0.04114862,0.0599930583232063,True
2013-08-14 00:00:00+00:00,0.024889712,0.033289007,0.052795405,0.077841008,0.182452654,0.075434793,0.020006424,0.02408133,0.041035904,0.0667604,False
2013-08-14 00:30:00+00:00,0.061477507864920025,0.3072376799313089,0.0841025736539077,0.1155373068566527,0.3733873882645171,0.12028876319470085,0.041255353547664395,0.11563269789580802,0.08467080603374962,0.16845246398991143,True
2013-08-14 01:00:00+00:00,0.163107841,1.029034801,0.172395471,0.209213647,0.846213273,0.24666939,0.100817022,0.359942954,0.205976735,0.433832298,False
2013-08-14 01:30:00+00:00,1.0219183900296265,5.314558799335414,1.1060990547578535,0.9020206615080023,2.605747757376201,1.6638655373876179,0.6925909793715093,1.8026671111791168,1.2598801955122625,2.160780820480967,True
2013-08-14 02:00:00+00:00,2.373853595,10.00927094,2.594129643,2.121869552,4.747765887,3.659381763,1.580380428,3.775432433,2.875300868,4.638329025,False
2013-08-14 02:30:00+00:00,3.6696995070435987,11.497667333805973,4.06178222814724,3.8915901180173567,6.092317657679066,4.960207199507199,2.305066434346856,5.209377681080471,4.3045938568881414,6.732052101263777,True
2013-08-14 03:00:00+00:00,4.628884544,12.12869753,5.063358544,5.182077528,6.770758259,5.811170371,2.800396652,6.051531636,5.328593176,7.906376477,False
2013-08-14 03:30:00+00:00,5.015299157061855,11.48980588,5.300576243940998,5.3543914493574265,6.745776672616319,6.1770686334104825,2.9796739977339706,6.196185520217497,5.734541131065846,7.8813478687685405,True
2013-08-14 04:00:00+00:00,5.180207452,10.85091423,5.39255748,5.417432085,6.685185172,6.332982426,3.053978902,6.249693708,5.906594517,7.815939208,False
2013-08-14 04:30:00+00:00,5.015722934622034,11.022770840000002,5.229590685050165,5.374025845337397,6.549441354190499,6.2379633534734396,2.9935244396826555,6.086150724119657,5.77601196581198,7.577680423474658,True
2013-08-14 05:00:00+00:00,4.615555122,11.19462745,4.829145928,5.252491823,6.260577717,5.982884134,2.83511262,5.677995331,5.439566844,7.061201208,False
2013-08-14 05:30:00+00:00,3.0711382818779653,7.469390132,3.197808703949835,3.729620556162603,4.46654218219318,4.033590347026561,1.8520119988173445,3.860060613880343,3.5981343676880195,4.856078594256801,True
2013-08-14 06:00:00+00:00,1.762404737,3.744152814,1.803949442,2.284877072,2.861236381,2.244356707,0.966868735,2.286738306,1.962564462,2.969556464,False
2013-08-14 06:30:00+00:00,3.113371894724696,8.109103126027318,3.2605009494351904,3.437588716527029,4.6678456103953625,4.226256134903797,1.8516602961713686,3.9389434646344625,3.6057937329791288,4.914376428558915,True
2013-08-14 07:00:00+00:00,5.106366741,13.74014127,5.44790828,5.316967121,7.324411972,7.074449622,3.24236816,6.283261201,6.042843892,7.828581747,False
2013-08-14 07:30:00+00:00,6.438025434621427,15.97499540331137,7.033733471064809,7.036419164289459,9.078813809324858,8.6183677668902,4.406335635828631,7.577372573615154,7.720313810280192,9.85158971583295,True
2013-08-14 08:00:00+00:00,7.19084588,17.13138371,7.888702839,8.108175279,10.07008636,9.776160239,5.064386809,8.400970619,8.641706214,11.05451142,False
2013-08-14 08:30:00+00:00,7.289708386653878,17.436160242661316,7.779920274077141,8.231368146683513,10.206190507779777,10.761217162706004,4.960237897314555,8.792020922250384,8.699450366740678,11.293689089608133,True
2013-08-14 09:00:00+00:00,7.325381453,17.55331477,7.488773385,8.275590183,10.25546681,11.2661057,4.702092704,8.961471975,8.719451146,11.38356767,False
2013-08-14 09:30:00+00:00,6.059924231354449,12.475776853994432,5.702292592047761,6.832817409930503,8.079591188494156,9.164263182169831,3.829570022528981,7.513919572464445,7.031653663597977,9.741284722777946,True
2013-08-14 10:00:00+00:00,4.055813309,5.835244977,3.344955472,4.56921514,4.921678713,5.882751135,2.647199114,5.175416049,4.493256718,6.978310791,False
2013-08-14 10:30:00+00:00,2.5146323304470433,3.194789595751098,1.9287902133126218,2.889845421030892,3.1132018339620506,3.462050475390463,1.6896194548616754,3.297833124139499,2.8648090401211523,4.469130906145479,True
2013-08-14 11:00:00+00:00,1.360805209,1.571954055,0.978051015,1.622270486,1.81282385,1.682654057,0.95602232,1.809216343,1.645886329,2.415263596,False
2013-08-14 11:30:00+00:00,0.7488473449209259,0.5832846846623794,0.48422082305906383,0.9113079119761599,0.9517501134147683,0.728432597912271,0.5342057847213749,0.892600147620486,0.833262102258944,1.2084690709357548,True
2013-08-14 12:00:00+00:00,0.410441902,0.106196919,0.21751231,0.489839008,0.449178608,0.23473786,0.286332154,0.378549676,0.367758111,0.536624777,False
2013-08-14 12:30:00+00:00,0.2931784636168897,0.057620170325203335,0.1245450789152858,0.29899938241442453,0.27004706562273434,0.11612097818078593,0.18249900923008963,0.22810374610171114,0.22480162575004164,0.34123211953166555,True
2013-08-14 13:00:00+00:00,0.224528632,0.035344953,0.07312992,0.186772725,0.171253072,0.06030617,0.122177855,0.147615173,0.147461977,0.233707116,False
2013-08-14 13:30:00+00:00,0.17494939906541232,0.023157793647255467,0.03924442536379048,0.11714405262056213,0.11227302775322233,0.03600435007939351,0.08407924956568784,0.09900847300408278,0.10052074634685965,0.1611150382066084,True
2013-08-14 14:00:00+00:00,0.139663015,0.016345454,0.021110058,0.074626692,0.077335787,0.023968341,0.060535215,0.068506512,0.071156195,0.115318363,False
2013-08-14 14:30:00+00:00,0.11200189900590751,0.012564705619632265,0.015553949724336283,0.05035819255433454,0.058547092098218,0.019313774267255,0.04768033098310652,0.04906453808418277,0.05230626166696762,0.0874309281557754,True
2013-08-14 15:00:00+00:00,0.094015906,0.010900122,0.013367554,0.037957678,0.048416668,0.01742989,0.039460978,0.036643405,0.041180191,0.07234242,False
2013-08-14 15:30:00+00:00,0.08475584908937216,0.01834613362055932,0.014463081769656102,0.03562066574869505,0.04434464765485008,0.019696183,0.03362157080276727,0.028517260085592303,0.03656872364865616,0.06741810124676949,True
2013-08-14 16:00:00+00:00,0.080661636,0.027698195,0.017614839,0.03359658,0.042669732,0.021962476,0.030199456,0.024727432,0.03356303,0.065459978,False
2013-08-14 16:30:00+00:00,0.08576032970198638,0.030880565985695885,0.06616255351931868,0.026229964724427738,0.04301584950000001,0.020025793242517978,0.028832985491761956,0.025542179955088368,0.030554917109401027,0.09162592761938923,True
2013-08-14 17:00:00+00:00,0.09468248,0.032629356,0.147165333,0.020499201,0.043361967,0.016819726,0.02826621,0.027371449,0.028977913,0.136930867,False
2013-08-14 17:30:00+00:00,0.10500473079801363,,0.2328649411859151,0.022312339,,0.013678054257482026,0.03136657,0.03219231228477012,0.02924194614346421,0.18771038638061077,True
2013-08-14 18:00:00+00:00,0.111503525,,0.294897366,0.024125477,,0.011805767,0.03446693,0.036095094,0.029643899,0.219350916,False
2013-08-14 18:30:00+00:00,0.11089844489281524,,0.311952492250661,0.019115463,,0.011805767,0.03446693,0.03620550537736591,0.02984593625879516,0.219350916,True
2013-08-14 19:00:00+00:00,0.109498902,,0.320317457,0.014105449,,0.011805767,0.03446693,0.036292334,0.030114761,0.219350916,False
2013-08-14 19:30:00+00:00,0.10623478928440289,,0.3232087758647766,0.016233539805573304,,0.013094638917551691,0.03158612345968948,0.0366076533827756,0.03178574909774063,0.21481509681537117,True
2013-08-14 20:00:00+00:00,0.101836606,,0.325504374,0.019088934,,0.015257208,0.028319216,0.036850116,0.03325203,0.205826113,False
2013-08-14 20:30:00+00:00,0.09745872967207289,,0.32907291564145447,0.020068174260722858,,0.01690788671673846,0.027684600540310522,0.034401515,0.033068984,0.19055882118462883,True
2013-08-14 21:00:00+00:00,0.094069929,,0.333311727,0.021143131,,0.018796447,0.027436086,0.031952914,0.032885938,0.179744694,False
2013-08-14 21:30:00+00:00,0.092360940650709,,0.33814098696679445,0.024632399089036014,,0.021707199791272433,0.028108102000000003,0.03325196980898992,0.03306665059222946,0.18130878732674313,True
2013-08-14 22:00:00+00:00,0.09159141,,0.343697892,0.029427413,,0.024775017,0.028780118,0.035709807,0.033568612,0.183929089,False
2013-08-14 22:30:00+00:00,0.096941232,,0.35163171147137795,0.03381349197042041,,0.0267295146100698,0.028780118,0.03931381119101007,0.03916215652881894,0.1865902236732569,True
2013-08-14 23:00:00+00:00,0.102291054,,0.357423343,0.038186483,,0.029183065,0.028780118,0.041759034,0.044485886,0.18819515,False
2013-08-14 23:30:00+00:00,0.10027107698677523,,0.35875380683004565,0.04333719687424741,,0.03625976174298959,0.02783183910797407,0.04115602061386887,0.0445635258789516,0.182442144540584,True
2013-08-15 00:00:00+00:00,0.094952951,,0.359270315,0.046372233,,0.04704139,0.025463131,0.039505055,0.044589732,0.167686578,False
2013-08-15 00:30:00+00:00,0.06067784251322478,,0.31467959749999996,0.0454797795,,0.05689059354472466,0.014857384892025927,0.024038367386131132,0.0325687945,0.08943519895941601,True
2013-08-15 01:00:00+00:00,0.029700883,,0.27008888,0.044587326,,0.075315936,0.005672068,0.009619632,0.020547857,0.020186381,False
2013-08-15 01:30:00+00:00,0.3736624900522758,,0.6962482180263624,0.21617968939118254,,1.640659952093623,0.40674273011774165,0.768729665458565,0.3249787015546505,0.2825567707241504,True
2013-08-15 02:00:00+00:00,1.216798252,,1.741826521,0.681134734,,4.563368589,1.297134948,2.497498828,1.110680768,0.935219748,False
2013-08-15 02:30:00+00:00,4.058856326009627,,5.241467587987294,4.030219157860594,,7.849933526608046,3.1226122287980056,6.6618909401281465,4.482255092097732,3.1124569934209454,True
2013-08-15 03:00:00+00:00,7.495699227,,9.570279394,8.177384726,,11.61686873,5.337420693,11.29285631,9.334643099,6.24776037,False
2013-08-15 03:30:00+00:00,9.721703074438096,,12.594226923986344,9.907547549044022,,16.441810746474985,7.031886090158109,14.14374408841329,14.068450891847618,9.660355119354904,True
2013-08-15 04:00:00+00:00,10.85374794,,14.16958475,11.2570677,,19.41496911,8.44739776,15.55839948,16.84017378,11.72459115,False
2013-08-15 04:30:00+00:00,10.59851364492772,,13.878532127876689,12.9326948817042,,17.995136397508098,9.723417385926144,14.050523297646944,15.936589095286697,11.063921730704594,True
2013-08-15 05:00:00+00:00,10.03318181,,13.20926182,13.89752091,,15.60233039,10.399738,11.67188768,14.22602508,9.917304539,False
2013-08-15 05:30:00+00:00,8.712563346045076,,11.502002764550145,12.123364008584275,,13.391775186886743,9.653079758600665,9.735682993098099,11.939109445909493,8.701419310129937,True
2013-08-15 06:00:00+00:00,7.493338476,,9.646404735,9.799662489,,11.62781783,8.449551917,8.51643036,10.00769879,7.814703881,False
2013-08-15 06:30:00+00:00,7.239188274138619,,8.882230723594517,9.012986947495907,,10.900309541685415,7.619235328715124,8.34189342429069,9.411975092019151,7.6277520496435525,True
2013-08-15 07:00:00+00:00,6.993841233,,8.151394645,8.297742266,,10.19574631,6.730253512,8.175588043,8.858830475,7.446192724,False
2013-08-15 07:30:00+00:00,5.938858167975043,,6.48924056301694,6.83342841548802,,8.248522824919744,5.285851327261412,7.135927281915843,7.300719282723645,6.521898769521917,True
2013-08-15 08:00:00+00:00,4.990747447,,5.251643768,5.665899423,,6.804729732,4.154487209,6.178496463,6.021027028,5.748990282,False
2013-08-15 08:30:00+00:00,4.886030889180447,,5.1787009919485465,5.448600176912552,,6.8824914075,3.900566538584602,6.110176420174346,5.874997517707324,5.79589901,True
2013-08-15 09:00:00+00:00,4.785639128,,5.107494439,5.245282189,,6.960253083,3.673935452,6.04322321,5.733648191,5.842807738,False
2013-08-15 09:30:00+00:00,4.294605197541422,,4.405225276425396,4.58814877741561,,6.000806418965752,3.120172089147425,5.5205930594749475,4.949425130678866,5.333660347700485,True
2013-08-15 10:00:00+00:00,3.472052199,,3.234045866,3.606834686,,4.285680503,2.379978186,4.56129692,3.713270977,4.313111117,False
2013-08-15 10:30:00+00:00,2.237577763728351,,1.8317614053143187,2.284662208212344,,2.304365777903259,1.4722940926114718,2.9885843008622155,2.223883550656092,2.6683575011093428,True
2013-08-15 11:00:00+00:00,1.138716154,,0.729959614,1.149237544,,0.8106211,0.740031967,1.511771588,1.014239207,1.226504044,False
2013-08-15 11:30:00+00:00,0.6528845517452719,,0.34328896843485235,0.6342144534097753,,0.38479372293989933,0.4319993995860593,0.8074122288800336,0.5158781903553458,0.7175185860078878,True
2013-08-15 12:00:00+00:00,0.385828695,,0.150290779,0.338617345,,0.176564739,0.258169607,0.417152781,0.249384758,0.455349167,False
2013-08-15 12:30:00+00:00,0.2816683113086915,,0.08561871807243726,0.20096815321889655,,0.09818997918216386,0.17475305916175934,0.27865775344703664,0.14454976757684831,0.3583464243476888,True
2013-08-15 13:00:00+00:00,0.226253133,,0.052928713,0.122368251,,0.056397331,0.125503221,0.205597719,0.089511677,0.308481649,False
2013-08-15 13:30:00+00:00,0.1989582373182353,,0.035968510266158646,0.07995515796757509,,0.03402951109213929,0.0966826841995235,0.17264225042337464,0.06366484502177534,0.28306616533459567,True
2013-08-15 14:00:00+00:00,0.182759882,,0.028706591,0.0528433,,0.020133099,0.076673571,0.14612815,0.048499328,0.272198357,False
2013-08-15 14:30:00+00:00,0.17385791379864896,,0.029443637146363295,0.033982613585253056,,0.010287233102145845,0.060147458826620204,0.10478633426425972,0.03974742703992684,0.277298603,True
2013-08-15 15:00:00+00:00,0.166216466,,0.031276147,0.020642046,,0.004519114,0.047988999,0.069215994,0.032946101,0.282398849,False
2013-08-15 15:30:00+00:00,0.1558355830810375,,0.03615604788836132,0.009583624209794485,,0.0021536993146410418,0.03964047083432068,0.05083690872121802,0.024088338524833403,0.2745314377982224,True
2013-08-15 16:00:00+00:00,0.144102035,,0.046144836,0.004009085,,0.00116783,0.034151786,0.038412168,0.018918363,0.262310275,False
2013-08-15 16:30:00+00:00,0.13031614047643522,,0.07540148214682635,0.007207614730729081,,0.016007433167086624,0.031331436392320035,0.029717213851462237,0.01915066820773556,0.25244865120177756,True
2013-08-15 17:00:00+00:00,0.117042926,,0.121145687,0.013801867,,0.042302956,0.029258932,0.023415842,0.019781459,0.246940779,False
2013-08-15 17:30:00+00:00,0.10614049106461401,,0.1788357367322496,0.025352354092996056,,0.07216121463169838,0.026860303078697103,0.017993916449529093,0.02518194479226444,0.25106887299999997,True
2013-08-15 18:00:00+00:00,0.098096535,,0.236073648,0.035961039,,0.094021475,0.025521176,0.015221451,0.030183945,0.255196967,False
2013-08-15 18:30:00+00:00,0.09293731417038714,,0.27497218060877404,0.0392151871252032,,0.09844518476590855,0.025759688575297052,0.015221451,0.029960039,0.2479798865,True
2013-08-15 19:00:00+00:00,0.090491475,,0.30863657,0.042265114,,0.102004863,0.026307462,0.015221451,0.029736133,0.240762806,False
2013-08-15 19:30:00+00:00,0.09070296920402378,,0.34139327564649025,0.04940454620300165,,0.10902602735192675,0.027911551424702946,0.015992495507138785,0.03215796313448201,0.240762806,True
2013-08-15 20:00:00+00:00,0.091273304,,0.372653417,0.057982357,,0.116819549,0.02920638,0.017650623,0.036887146,0.240762806,False
2013-08-15 20:30:00+00:00,0.09548169541779637,,0.4043614675534953,0.06558770848687424,,0.1229900207268822,0.02920638,0.02106720579656581,0.043581510335587666,0.2393859740734611,True
2013-08-15 21:00:00+00:00,0.100020351,,0.432827955,0.071881363,,0.129160235,0.02920638,0.02423034,0.049898115,0.236055625,False
2013-08-15 21:30:00+00:00,0.10118289287817986,,0.45424262793518555,0.07548785004589985,,0.13644435867591867,0.02920638,0.025006867723460464,0.052879661074830865,0.22568788045204063,True
2013-08-15 22:00:00+00:00,0.10165633,,0.474253363,0.079103853,,0.143972428,0.02920638,0.025799912,0.055384669,0.213070943,False
2013-08-15 22:30:00+00:00,0.099910909929788,,0.5025311723422543,0.08563322274626281,,0.1524604926608242,0.031650354,0.029914708972834946,0.059200689455099466,0.20698923533778324,True
2013-08-15 23:00:00+00:00,0.09598154,,0.519945419,0.093166886,,0.158057989,0.034094328,0.033379355,0.061563655,0.199819524,False
2013-08-15 23:30:00+00:00,0.08861697057787955,,0.517045662316416,0.09924197490178086,,0.1588273773311821,0.03204170212022709,0.03172975411107404,0.0595968353751242,0.18021011908267992,True
2013-08-16 00:00:00+00:00,0.077015209,,0.509274233,0.106260015,,0.159660397,0.027601664,0.029993962,0.055525882,0.147302905,False
2013-08-16 00:30:00+00:00,0.05391819599233244,,0.450808818683584,0.11494681646603833,,0.1774698441338864,0.017384608879772917,0.029860050888925967,0.0475297081248758,0.07436890855403505,True
2013-08-16 01:00:00+00:00,0.037242325,,0.397215077,0.131891977,,0.228577724,0.009554966,0.029812331,0.041637668,0.020023435,False
2013-08-16 01:30:00+00:00,0.6103804059837559,,1.516092014234297,0.5737760965750837,,2.639437820390479,0.6789207904970532,1.3316892369474813,0.7297025880859749,0.5900991602143094,True
2013-08-16 02:00:00+00:00,1.815201662,,3.615898141,1.569632536,,6.45498137,1.926197049,3.676156838,2.235978599,1.761248147,False
2013-08-16 02:30:00+00:00,3.797397462683421,,6.044450024258531,4.0500243027253955,,9.151095593567042,3.3077061339315317,5.884043804987649,5.032351645541949,3.445667628523601,True
2013-08-16 03:00:00+00:00,6.180231997,,8.640147278,6.917874414,,11.80503709,4.837912538,8.546429282,8.672163398,5.644186238,False
2013-08-16 03:30:00+00:00,8.655244827832824,,11.328554479007174,8.457453853103248,,15.425594273597168,6.373665158933646,13.181363463564871,12.938606527372077,8.82198474876209,True
2013-08-16 04:00:00+00:00,10.09793575,,12.86888712,9.884181565,,17.6495593,7.739078221,16.31920844,15.54339986,10.88461087,False
2013-08-16 04:30:00+00:00,9.942708974865079,,12.709219407617791,12.248096551297486,,17.18912053688909,8.91948211813777,14.210791900869737,15.216570011396335,10.633107084293846,True
2013-08-16 05:00:00+00:00,9.597593932,,12.35339865,13.7708411,,16.36191233,9.543617821,11.33173319,14.50518826,10.14015997,False
2013-08-16 05:30:00+00:00,8.840214577271194,,11.677855224194857,12.77219775465503,,15.462198374171585,9.363218863176954,9.87540469549641,13.016964177199293,9.332254532706154,True
2013-08-16 06:00:00+00:00,8.021534239,,10.71169253,11.24198165,,14.65730062,8.972054317,9.101120399,11.5380037,8.765792424,False
2013-08-16 06:30:00+00:00,7.648680504347844,,9.55024018964829,10.327528106844301,,14.283710849573911,8.267542227013077,9.002492173398526,11.035893096328419,8.886172462500001,True
2013-08-16 07:00:00+00:00,7.284091397,,8.319644814,9.407690842,,13.85851955,7.366188163,8.908633643,10.53327065,9.006552501,False
2013-08-16 07:30:00+00:00,6.577305569149248,,7.16164602616286,8.002464156585836,,12.008245042264035,6.539962733700417,8.292334579650257,9.016202820110518,8.926042480518513,True
2013-08-16 08:00:00+00:00,5.860024733,,6.242221968,6.817046355,,10.45050447,5.710430656,7.608939393,7.550023398,8.763857918,False
2013-08-16 08:30:00+00:00,5.4855316250132145,,5.797890265830186,6.402595291026326,,10.418961446881886,4.908392442668787,7.419328507921167,7.129592782206848,8.578097083263527,True
2013-08-16 09:00:00+00:00,5.073117472,,5.328336004,5.9770975,,10.38731241,4.078698891,7.215781158,6.719233863,8.264221034,False
2013-08-16 09:30:00+00:00,4.044901488623475,,4.054380130808947,4.611115081313477,,8.835529762478124,3.1041989560068495,6.404926920751493,5.586713591630247,7.24139668839981,True
2013-08-16 10:00:00+00:00,2.827975331,,2.591282149,2.973544039,,6.194959998,2.181972628,5.172276057,4.118005642,5.645631412,False
2013-08-16 10:30:00+00:00,1.8709205398268276,,1.5836060854951504,1.806600124562155,,3.478381824070726,1.443749342861787,3.7863030556667243,2.6967083290702027,3.530891704392554,True
2013-08-16 11:00:00+00:00,1.150545789,,0.852194705,0.976323899,,1.385725523,0.878395987,2.416929703,1.511005757,1.753132165,False
2013-08-16 11:30:00+00:00,0.7216218911115806,,0.38499751250816244,0.5259845122897515,,0.5407677986050187,0.4834953640145245,1.2338622625699844,0.7373095275504967,0.9906522348886635,True
2013-08-16 12:00:00+00:00,0.464828933,,0.128808786,0.261840144,,0.135955612,0.243721974,0.472059738,0.291465171,0.596794547,False
2013-08-16 12:30:00+00:00,0.3549852750658017,,0.05951102973531945,0.13569556467778465,,0.049166618478731966,0.15200918737210356,0.23874415183781775,0.155520888535781,0.4810230562361355,True
2013-08-16 13:00:00+00:00,0.284979731,,0.027499134,0.065785844,,0.013300717,0.100883131,0.120714276,0.086924925,0.418792325,False
2013-08-16 13:30:00+00:00,0.22864739767115522,,0.01620243799839574,0.0316331972318577,,0.00548575558689494,0.07181797462045177,0.06772515526134226,0.054831286930884786,0.3840290622062029,True
2013-08-16 14:00:00+00:00,0.188477567,,0.010859026,0.013350295,,0.002594258,0.053776587,0.037905099,0.036479385,0.354606423,False
2013-08-16 14:30:00+00:00,0.16329890024445914,,0.00886984050004458,0.005386162800546235,,0.0029829067912876474,0.04294153649950365,0.02061883477855984,0.02586216338850643,0.30320891466532907,True
2013-08-16 15:00:00+00:00,0.143929258,,0.008073649,0.001551913,,0.003900846,0.035095178,0.010348219,0.018998653,0.270019647,False
2013-08-16 15:30:00+00:00,0.1228600748101216,,0.00959018642054789,0.00043307901293387154,,0.006953977208712353,0.027570696219358638,0.004435417465685463,0.013644450652468883,0.2699809580212335,True
2013-08-16 16:00:00+00:00,0.111221122,,0.012015021,0.0,,0.009477818,0.022843429,0.001591672,0.011027582,0.26994227,False
2013-08-16 16:30:00+00:00,0.11153812429073728,,0.0134911070257105,0.0003217928783197081,,0.009098651309468431,0.021645497057822757,0.0011959248322949785,0.011494135188747248,0.23680459449640362,True
2013-08-16 17:00:00+00:00,0.112315211,,0.015384726,0.00086559,0.036100996,0.008196851,0.020726905,0.001053627,0.012428445,0.187587804,False
2013-08-16 17:30:00+00:00,0.11543953120926272,,0.019748393807252386,0.001240713521508024,0.036615693072741,0.005095156190531567,0.019031593597243435,0.0018741663893434334,0.014007881354838667,0.15304451491162827,True
2013-08-16 18:00:00+00:00,0.118103767,,0.027828675,0.001777227,0.037844571,0.002516095,0.017697071,0.002849718,0.015244662,0.134618993,False
2013-08-16 18:30:00+00:00,0.11245431920322173,,0.04959715205844974,0.003616632748640716,0.041138630036994216,0.0047846437833011565,0.017248801691117966,0.0030742043893546385,0.015379614686781692,0.13579360746798497,True
2013-08-16 19:00:00+00:00,0.103791086,,0.081026013,0.006603181,0.04574543,0.008525903,0.017062778,0.00322442,0.01551926,0.137508984,False
2013-08-16 19:30:00+00:00,0.09813055000945076,,0.11240459203442695,0.010406718539341574,0.04968799208988528,0.010958094368499696,0.017246980999999998,0.003343117771594768,0.017524125502745794,0.13864352103201502,True
2013-08-16 20:00:00+00:00,0.093378346,,0.146775987,0.014973492,0.054071065,0.014302397,0.017431184,0.003508203,0.020267942,0.139237296,False
2013-08-16 20:30:00+00:00,0.08928562414008885,,0.18432184303789179,0.019613649551547714,0.059273492278692115,0.0243200978762083,0.017249119,0.004361941036883042,0.021553067141407315,0.13255677250000003,True
2013-08-16 21:00:00+00:00,0.086308327,,0.22342542,0.025124578,0.066188044,0.041666751,0.017067054,0.005952015,0.02300798,0.125876249,False
2013-08-16 21:30:00+00:00,0.0844381506472387,,0.26415020569029124,0.032984792949813,0.07834087587202415,0.0767441956502348,0.018011604724252273,0.00854162062666221,0.026584741112504605,0.1267050990452131,True
2013-08-16 22:00:00+00:00,0.083558003,,0.300806375,0.041934396,0.093141437,0.108648644,0.019935972,0.011839022,0.031592389,0.127754805,False
2013-08-16 22:30:00+00:00,0.0873017565,,0.3316130746718195,0.05116628035752597,0.10846915391411058,0.11917327136189647,0.023517335275747727,0.015816789259980826,0.03864196351297468,0.1281539839547869,True
2013-08-16 23:00:00+00:00,0.09104551,,0.350794625,0.059161138,0.120815851,0.124905079,0.026118882,0.018579827,0.043222119,0.128332307,False
2013-08-16 23:30:00+00:00,0.08558948877426935,,0.35672515975361,0.06437014386591468,0.12806596873555265,0.12800589245985958,0.025467268387349848,0.01915680002618108,0.04271722455361701,0.12417532104075667,True
2013-08-17 00:00:00+00:00,0.073610676,,0.359096096,0.068447613,0.13146982,0.129358748,0.02383049,0.019377242,0.041410918,0.113912579,False
2013-08-17 00:30:00+00:00,0.04443966822573066,,0.3236110035,0.07100601922849377,0.11814892049999998,0.119343995,0.016249855612650153,0.0173112235,0.03404437644638299,0.07098889645924333,True
2013-08-17 01:00:00+00:00,0.021791452,,0.288125911,0.074796146,0.104828021,0.109329242,0.009654386,0.015245205,0.027479247,0.03417097,False
2013-08-17 01:30:00+00:00,0.057420398964279154,,0.4711317183604596,0.16841986044711427,0.26646979777868557,0.2829325659604612,0.03148592596066709,0.1128622229401874,0.0985956095207193,0.13919374639338308,True
2013-08-17 02:00:00+00:00,0.158268136,,0.952008027,0.420891077,0.696632001,0.737441735,0.09408301,0.377740073,0.296978455,0.430700768,False
2013-08-17 02:30:00+00:00,1.2235331937555394,,3.326648325788699,2.381762071405609,3.1770693970646833,2.8069403194455305,0.9773458589824886,2.068888667221224,2.0116161541848796,2.8994370677352026,True
2013-08-17 03:00:00+00:00,3.106004891,,6.756166154,5.478705545,6.500225238,6.059865087,2.469742177,4.712688174,4.880389063,6.70764952,False
2013-08-17 03:30:00+00:00,5.520244590412872,,9.863006432853545,8.524521634695786,8.455769381498989,9.659344441263318,4.04127024544448,7.180564699080423,7.979618190567699,10.36494936651678,True
2013-08-17 04:00:00+00:00,7.503991005,,11.82387816,10.81251805,10.10199592,12.57162673,5.339886826,9.347027596,10.69368127,12.64767568,False
2013-08-17 04:30:00+00:00,8.29879565736731,,12.152421399497296,11.760069122810386,11.948622408157645,13.980976076330691,6.016776545488535,11.021796766258165,12.437574207226705,12.882886882354635,True
2013-08-17 05:00:00+00:00,8.641668165,,12.27418516,12.1674028,12.99332763,14.61319046,6.362497423,11.87806782,13.2852315,12.96671122,False
2013-08-17 05:30:00+00:00,8.255629747062569,,11.575690405205968,11.513415876466427,12.846077176683501,13.353563745411002,6.435735463123828,10.933122595542793,12.382266738511001,11.99735408728071,True
2013-08-17 06:00:00+00:00,7.424526434,,10.12702568,10.14672247,12.45434356,11.16250515,6.46315482,9.113317251,10.64165857,10.21251198,False
2013-08-17 06:30:00+00:00,5.840579990065522,,7.623363651914261,7.734991030175449,10.164266651995325,9.097416925688831,5.4238808424130065,6.58967703271913,8.305925176643495,8.061814281065022,True
2013-08-17 07:00:00+00:00,4.111454406,,5.146549779,5.308049773,7.185312139,7.114092642,3.849089841,4.347410369,6.067862872,6.213314104,False
2013-08-17 07:30:00+00:00,2.9031043281293107,,3.866461188996433,3.9888926840392287,5.381379027707542,5.394024093545713,2.745981381403593,3.310428452733374,4.767861769594089,5.360497173056523,True
2013-08-17 08:00:00+00:00,2.277509256,,3.107694172,3.225687836,4.29438957,4.185447168,2.034639762,2.766771048,3.879986249,4.832218613,False
2013-08-17 08:30:00+00:00,2.2699496278308358,,2.853556374853871,3.0178050594290613,4.0362091129212345,3.73639800268166,1.8565142158298977,2.652428332999259,3.4095102167079876,4.587739176029418,True
2013-08-17 09:00:00+00:00,2.262407862,,2.603858302,2.813717696,3.785339418,3.305989112,1.693007644,2.537374053,2.943690597,4.312726385,False
2013-08-17 09:30:00+00:00,1.6464084070828517,,1.6971393000004482,1.9411222321676682,2.6746563234660745,2.0924016149113487,1.1745479471868931,1.7691361189945196,1.86012234641868,2.9890583572679836,True
2013-08-17 10:00:00+00:00,0.84375717,,0.772680869,0.981697272,1.441688768,0.967927984,0.634700637,0.863572359,0.856170526,1.497472646,False
2013-08-17 10:30:00+00:00,0.49987013135231484,,0.39772275028023785,0.5338622999876794,0.8510908583667856,0.5657275927614435,0.34908658466661024,0.43935131240730035,0.41666663462475007,0.8052067624680227,True
2013-08-17 11:00:00+00:00,0.309224221,,0.209695396,0.274960093,0.517566442,0.393949378,0.213991355,0.197633323,0.220736637,0.429226852,False
2013-08-17 11:30:00+00:00,0.247148621163985,,0.1691096900136441,0.1694832711066338,0.40757157998483745,0.4019040060675838,0.28422200950320525,0.10785884161122233,0.23008160188219648,0.31870824052775465,True
2013-08-17 12:00:00+00:00,0.212695238,,0.146597998,0.112445869,0.340443591,0.416690685,0.419052635,0.063864866,0.249337065,0.265685601,False
2013-08-17 12:30:00+00:00,0.19222558113280144,,0.12950939755223634,0.08514257937158368,0.2889784307118964,0.43722318643241614,0.6259732254967947,0.04726508949240403,0.28657737611780354,0.24826635194148344,True
2013-08-17 13:00:00+00:00,0.17613074,,0.116033742,0.067429102,0.2429038,0.450923637,0.768293845,0.040581195,0.313907189,0.233581046,False
2013-08-17 13:30:00+00:00,0.15838429947557345,,0.10081824268290034,0.051572780132187725,0.17390991766280245,0.42900638114660905,0.7571345145344877,0.0409887335,0.3044209535944891,0.19871386993837256,True
2013-08-17 14:00:00+00:00,0.141560992,,0.092284967,0.042432188,0.130975953,0.39784322,0.732128516,0.041396272,0.289594339,0.169682101,False
2013-08-17 14:30:00+00:00,0.12505376347614633,,0.1027531205573732,0.04029558912408296,0.1365363251199431,0.3801305413070564,0.6888486668144298,0.02812877436264634,0.28111014917096555,0.16264561686544016,True
2013-08-17 15:00:00+00:00,0.11203981,,0.122305622,0.039479406,0.147817982,0.369465291,0.613910922,0.014467294,0.270545195,0.158249358,False
2013-08-17 15:30:00+00:00,0.10537600667682083,,0.1498581749426268,0.042545787,0.16516690503685724,0.36693327967095674,0.4142860496931053,0.01386444413735366,0.24454716587494577,0.15449772888615113,True
2013-08-17 16:00:00+00:00,0.099223139,,0.16832638,0.045612168,0.183509719,0.364262148,0.218486945,0.013655577,0.20333757,0.15105096,False
2013-08-17 16:30:00+00:00,0.08854543050756071,,0.15699420753319093,0.043818483000000005,0.19763376534319968,0.3453576164736207,0.15181388649088876,0.014342201063221982,0.1272266562391366,0.14759340154032696,True
2013-08-17 17:00:00+00:00,0.078528103,,0.134554899,0.042024798,0.205042636,0.318186242,0.112863295,0.015728249,0.064692366,0.142968277,False
2013-08-17 17:30:00+00:00,0.07204067304370551,,0.09654501396680905,0.050699157820126454,,0.2932351424017571,0.08928797578301792,0.017543675264307983,0.049747402120462955,0.12863703613279373,True
2013-08-17 18:00:00+00:00,0.068850307,,0.069642265,0.06300057,,0.278888483,0.074924816,0.020031081,0.043858525,0.1173771,False
2013-08-17 18:30:00+00:00,0.07279865860055451,,0.07834180402810749,0.06889195735320662,,0.2945276148407689,0.06701664128111477,0.023507632419131883,0.04717449704305869,0.1173771,True
2013-08-17 19:00:00+00:00,0.078325711,,0.09022012,0.074089634,,0.31478127,0.062272043,0.027596238,0.052675855,0.1173771,False
2013-08-17 19:30:00+00:00,0.08117168457433259,,0.09518679796435031,0.0802194456137797,,0.32212259701930435,0.059405900078587606,0.03200026024049629,0.05744181581909237,0.1173771,True
2013-08-17 20:00:00+00:00,0.083061014,,0.099419983,0.086546793,,0.327204741,0.058058019,0.035936515,0.061342904,0.1173771,False
2013-08-17 20:30:00+00:00,0.08387883233145511,,0.10473923858770677,0.09283325589840048,,0.33096965187991734,0.05796262182436804,0.03873438233820594,0.06317367465240428,0.11849723152555364,True
2013-08-17 21:00:00+00:00,0.084748477,,0.109860799,0.099137364,,0.334792527,0.057929556,0.040698813,0.065141414,0.120974138,False
2013-08-17 21:30:00+00:00,0.0878502816308576,,0.1139178099329153,0.10544849369132467,,0.3403272136983315,0.058400297500000004,0.04160501018815596,0.07081332549131693,0.12717650597444638,True
2013-08-17 22:00:00+00:00,0.091443576,,0.117754539,0.111734976,,0.348056174,0.058871039,0.042611287,0.077673324,0.132022099,False
2013-08-17 22:30:00+00:00,0.0938139923628002,,0.12293659798692012,0.11826749906069792,,0.36545528956167794,0.058871039,0.047304226986479965,0.08357490649412772,0.124881248733307,True
2013-08-17 23:00:00+00:00,0.095019036,,0.12609135,0.124130008,,0.378246827,0.058871039,0.051214834,0.08683092,0.110443734,False
2013-08-17 23:30:00+00:00,0.08719839808786764,,0.1198370346179183,0.12833296437147373,,0.375825284,0.05184913,0.0487512245,0.08164610700000001,0.0908871318534896,True
2013-08-18 00:00:00+00:00,0.07381495,,0.107419872,0.132254605,,0.373403741,0.044827221,0.046287615,0.076461294,0.065361622,False
2013-08-18 00:30:00+00:00,0.05932994741213237,,0.08620523188208169,0.13569068633599646,,0.47761837221061343,0.0655224607828743,0.07754199868866933,0.08019482424320658,0.02649116391320338,True
2013-08-18 01:00:00+00:00,0.050407755,,0.071153439,0.141595008,,0.761025035,0.124445828,0.167344862,0.091311071,0.000886278,False
2013-08-18 01:30:00+00:00,0.5860614044955217,,0.6818108596889246,0.5813404232870105,,2.5843303426553454,0.8120318196994052,1.4434686890580692,0.9228745496303141,0.49783403837025564,True
2013-08-18 02:00:00+00:00,1.741368086,,2.06297592,1.61518483,,5.51240847,2.049386586,3.746740198,2.690944221,1.594700641,False
2013-08-18 02:30:00+00:00,3.8853870778901305,,5.0858961535831835,4.545046574331971,,8.206651766166722,3.543382499031126,6.337751580530707,5.870159275173092,3.7847635872688485,True
2013-08-18 03:00:00+00:00,6.381238769,,8.871715587,8.006086906,,11.10044474,5.071921617,9.266807614,9.584943015,6.448588293,False
2013-08-18 03:30:00+00:00,8.487228326870367,,12.363057938308398,9.980288321614946,,14.872399915227106,6.200188565983492,12.919330213222555,12.916580879953388,8.910968622360894,True
2013-08-18 04:00:00+00:00,9.724017119,,14.45203332,11.50213309,,17.42620604,7.189161688,15.148112,14.76876115,10.29966835,False
2013-08-18 04:30:00+00:00,9.884112202243982,,14.655050694919495,12.947346703621069,,17.848557439240214,8.319901144503103,14.522684568725918,14.720472415411537,10.12672654687753,True
2013-08-18 05:00:00+00:00,9.94192232,,14.7270282,13.7149986,,18.00554336,8.967394321,13.22581736,14.58500173,9.748154003,False
2013-08-18 05:30:00+00:00,8.811718783,,12.477746769880747,12.432255224999999,,15.73320327,8.84125709454427,10.66249739927408,12.836288789588464,8.836739797122469,True
2013-08-18 06:00:00+00:00,7.681515246,,10.21604849,11.14951185,,13.46086318,8.614778349,8.770617216,11.1747578,8.130956332,False
2013-08-18 06:30:00+00:00,7.980085519000001,,10.203561465929559,11.17249867,,13.77010606,8.43172194424814,9.1576050795,11.357758075,8.666008920000001,True
2013-08-18 07:00:00+00:00,8.278655792,,10.19107732,11.19548549,,14.07934894,8.14901992,9.544592943,11.54075835,9.201061508,False
2013-08-18 07:30:00+00:00,7.096877112453305,,8.296497687402926,9.822641020802575,,11.538736446622886,6.876171883541847,8.422423640144066,9.644501169731473,8.258421747305338,True
2013-08-18 08:00:00+00:00,5.447377647,,5.862397423,7.788496287,,8.76531736,5.317161702,6.939870537,7.130910517,7.240105886,False
2013-08-18 08:30:00+00:00,4.708487159409911,,5.079232080724118,6.670527552451607,,8.50660171743824,4.537272494489145,6.440516105001832,6.221221597765397,7.159298517598094,True
2013-08-18 09:00:00+00:00,4.050371536,,4.380668136,5.626670242,,8.25498946,3.836482291,5.943350072,5.416144164,7.07609484,False
2013-08-18 09:30:00+00:00,3.176982996948394,,3.101014317841829,4.321674869339857,,6.6282023553513945,2.915858802229696,4.755543485549521,4.1460549774958215,5.756896224780725,True
2013-08-18 10:00:00+00:00,2.31532599,,1.849107947,3.055598832,,4.345290081,2.028111183,3.394894155,2.865237829,3.820470868,False
2013-08-18 10:30:00+00:00,1.5769988674951667,,1.0354568447760217,1.978378052687079,,2.4694070311529375,1.3025032296844896,2.4083786690040614,1.8651511663527267,2.4360371743893796,True
2013-08-18 11:00:00+00:00,0.992955546,,0.502163581,1.143616362,,1.132228212,0.751447097,1.573922877,1.089618047,1.393016252,False
2013-08-18 11:30:00+00:00,0.576518300513203,,0.22959432125475013,0.5800416516154306,,0.5711190772141991,0.38533318884653556,0.7790214620205838,0.5192655417568499,0.7446220168620141,True
2013-08-18 12:00:00+00:00,0.329357577,,0.08510273,0.244321675,,0.259604189,0.170536454,0.275522985,0.188422228,0.393944099,False
2013-08-18 12:30:00+00:00,0.2526980981469753,,0.03528006379961061,0.12004811818703126,,0.09378921322034009,0.09512517488348173,0.14151813357922746,0.09720789685248378,0.3099684574085992,True
2013-08-18 13:00:00+00:00,0.207001141,,0.011861453,0.055710687,,0.021504138,0.054653153,0.073060217,0.051617407,0.267371597,False
2013-08-18 13:30:00+00:00,0.17090518697473572,,0.004035436390438425,0.02647956098507497,,0.0698070925,0.032782296696453245,0.0366967359151171,0.029402261415098205,0.2446700297908622,True
2013-08-18 14:00:00+00:00,0.144468374,,0.000955616,0.011158747,,0.118110047,0.019905031,0.016749497,0.017156775,0.228766159,False
2013-08-18 14:30:00+00:00,0.12478027592889675,,0.0010105950002180645,0.0041907844224259305,,0.10134063849542818,0.012757197947065533,0.007455561028225282,0.0109173993289014,0.2144434650693761,True
2013-08-18 15:00:00+00:00,0.110372919,,0.001165533,0.001081265,,0.083306981,0.008218793,0.002730317,0.0074271,0.201478847,False
2013-08-18 15:30:00+00:00,0.10120143340099085,,0.0033140314997819357,0.0006919245089192155,,0.08185730401048272,0.004812151388874513,0.0009822817573680435,0.005858314004723155,0.18735493155546393,True
2013-08-18 16:00:00+00:00,0.093012399,,0.005362571,0.000553386,,0.080580392,0.00316865,0.000277891,0.004766511,0.175642456,False
2013-08-18 16:30:00+00:00,0.08293533752858778,,0.004972709,0.0007089157653916533,,0.07665218777092771,0.003908359872749464,0.0003249095,0.0036836277784825827,0.1679929296151483,True
2013-08-18 17:00:00+00:00,0.07184263,,0.004582847,0.001059214,0.002776084,0.069631483,0.004702088,0.000371928,0.00278616,0.163089761,False
2013-08-18 17:30:00+00:00,0.05726768703043344,,0.015698901199331785,0.0016434625342157977,0.0038378479016039596,0.0497901172231614,0.004759119546686174,0.00018596400000000002,0.0019724695180446837,,True
2013-08-18 18:00:00+00:00,0.046329419,,0.043285953,0.002753572,0.006670371,0.034132736,0.004818313,0.0,0.001541018,,False
2013-08-18 18:30:00+00:00,0.042672142669400746,,0.13604450236009447,0.006291121777412405,0.022527027144067808,0.06774932341298817,0.005936597993601134,0.001287404325926287,0.021440137827572325,,True
2013-08-18 19:00:00+00:00,0.041163049,,0.264590069,0.012401996,0.045765939,0.125358688,0.008197399,0.003729859,0.046146987,,False
2013-08-18 19:30:00+00:00,0.042013093,,0.3711681583641351,0.021662255430129018,0.06377806621156154,0.18127640051483634,0.011948719316975243,0.006516828239298476,0.054679754172427666,,True
2013-08-18 20:00:00+00:00,0.042863137,,0.462639616,0.03317069,0.080191169,0.226595682,0.016449459,0.009798744,0.058404792,,False
2013-08-18 20:30:00+00:00,0.0410853635,,0.5406739420764386,0.04523603430260382,0.09434223737325723,0.24755246323668081,0.020031102842622866,0.013551178783602874,0.045288460999999995,,True
2013-08-18 21:00:00+00:00,0.03930759,,0.581556885,0.056941363,0.107115071,0.263023735,0.023830817,0.017031705,0.03217213,,False
2013-08-18 21:30:00+00:00,0.04026836677587471,,0.5813080961620435,0.0665016211748529,0.11856493790076998,0.27828804309924776,0.02938768621102925,0.01924328311473598,0.03261315377184547,,True
2013-08-18 22:00:00+00:00,0.042480737,,0.58057321,0.075317944,0.129935684,0.290980864,0.034319151,0.021484749,0.033643535,,False
2013-08-18 22:30:00+00:00,0.049034483724125284,,0.543158467937617,0.08444141773903166,0.14371111712083193,0.2998069789690264,0.036732935670417646,0.02542953468363063,0.03661041254134415,,True
2013-08-18 23:00:00+00:00,0.054336637,,0.497272316,0.092487756,0.156118888,0.308248918,0.038682788,0.029144404,0.039569144,,False
2013-08-18 23:30:00+00:00,0.05354306764583175,,0.4813817964003395,0.09822780748439477,0.16373666423360095,0.3223439607672204,0.041347506045918234,0.031193012108441085,0.040582801686810374,,True
2013-08-19 00:00:00+00:00,0.051461477,,0.474448784,0.103534842,0.170925195,0.33148583,0.042935375,0.03254724,0.041015248,,False
2013-08-19 00:30:00+00:00,0.038436818854168255,,0.47913754089183985,0.10819153468868288,0.17830132355400158,0.324267754,0.037701634,0.03312761735664349,0.040985198,,True
2013-08-19 01:00:00+00:00,0.026700182,,0.493009371,0.115997155,0.191439,0.317049678,0.032467893,0.033898829,0.040955148,,False
2013-08-19 01:30:00+00:00,0.11429962970455425,,1.0604928505043185,0.26022385179348756,0.5311934563085825,0.5285609885878412,0.13648798029914508,0.2432996319284702,0.22424826812031307,,True
2013-08-19 02:00:00+00:00,0.339430941,,2.246174687,0.607120861,1.246480664,1.050397363,0.391065442,0.74573448,0.678208972,,False
2013-08-19 02:30:00+00:00,1.179301840806653,,4.12088480438751,1.6352913903673454,2.484686928646788,2.6100821462892827,1.1047399627373273,2.066444649334813,2.05355376453381,,True
2013-08-19 03:00:00+00:00,2.623149196,,6.659890354,3.391906404,4.112871984,5.089103658,2.269523181,4.106523551,4.27467204,,False
2013-08-19 03:30:00+00:00,5.1087936569887935,,10.420464878216332,6.727233582442452,6.1909092831049355,8.848354705122878,4.244421453463528,7.164127014624437,7.777520913345877,,True
2013-08-19 04:00:00+00:00,6.852929799,,12.88936254,9.125369011,7.493373765,11.37794396,5.617653654,9.208653187,10.16392872,,False
2013-08-19 04:30:00+00:00,5.400228683,,9.967397933500001,7.334071946999999,6.0004848805,9.287911918999999,4.4101396825000005,7.119902439500001,8.022711392,,True
2013-08-19 05:00:00+00:00,3.947527567,,7.045433327,5.542774883,4.507595996,7.197879878,3.202625711,5.031151692,5.881494064,,False
2013-08-19 05:30:00+00:00,4.395236711722147,,8.45172471462366,5.721507782534056,5.0084449883312,7.453994844023435,3.7092468196510984,5.758487306169178,6.660735310691309,,True
2013-08-19 06:00:00+00:00,5.179924955,,10.12566454,6.146803875,6.038794999,8.021899436,4.700282371,6.859039354,7.992639562,,False
2013-08-19 06:30:00+00:00,5.959273168378514,,10.569114843330269,7.4680570635835455,7.736012506650114,9.12133708219392,6.182603993638159,7.500727593288972,9.428972463308689,,True
2013-08-19 07:00:00+00:00,6.667256674,,10.77355479,8.83260761,9.472834136,10.58546317,7.444035824,8.120668999,10.31264236,,False
2013-08-19 07:30:00+00:00,7.213258613399338,,10.819289155546072,9.347185560882398,10.608638888018683,12.356201588782644,7.9019791007107445,9.09008923054185,10.266904232596978,,True
2013-08-19 08:00:00+00:00,7.493646162,,10.83638544,9.571902961,11.1753385,13.45046194,8.096397727,9.708039862,10.1441644,,False
2013-08-19 08:30:00+00:00,6.975779944639441,,10.094920556047928,9.110545643785708,10.117621015803486,13.442739013763871,7.042142753993724,9.288645377516351,9.513636475719686,,True
2013-08-19 09:00:00+00:00,5.953066897,,8.586085873,8.114265517,8.1802249,13.41969745,5.298411816,8.407243587,8.351626386,,False
2013-08-19 09:30:00+00:00,4.557127055785388,,6.2665385052999305,6.267875376735258,6.035294897879448,10.489125423814704,3.8817098969155537,7.012106293354056,6.61753754527595,,True
2013-08-19 10:00:00+00:00,3.023032433,,3.759622678,4.09291454,3.916055088,6.010661148,2.579457849,5.21718716,4.561540203,,False
2013-08-19 10:30:00+00:00,1.6392768153644819,,1.8011244823051533,2.2925997320551623,2.2084492928453074,2.6448821847703945,1.372902808876701,3.112071624917562,2.410501919712143,,True
2013-08-19 11:00:00+00:00,0.731084644,,0.600191679,1.06600991,1.066855659,0.601868862,0.586382821,1.467856111,0.906054125,,False
2013-08-19 11:30:00+00:00,0.47094521684749613,,0.29392202596848815,0.6041622704780352,0.6014369859023642,0.22946649152265447,0.34636518166241514,0.8092739405141237,0.4586389544013857,,True
2013-08-19 12:00:00+00:00,0.33890731,,0.149605888,0.349238405,0.344979072,0.074050553,0.219310075,0.44798224,0.234115411,,False
2013-08-19 12:30:00+00:00,0.27892671224433996,,0.09520802070773439,0.2136420502403113,0.21797709597142614,0.03680601202806548,0.15173504437847155,0.2837588484328156,0.13783462973391508,,True
2013-08-19 13:00:00+00:00,0.240491095,,0.066115367,0.133732357,0.142656102,0.022555546,0.110287723,0.187958595,0.085318446,,False
2013-08-19 13:30:00+00:00,0.20944434221638275,,0.04815629817076606,0.08807205889148101,0.09653477607300393,0.021849893600309752,0.0836500518574657,0.1294648586250785,0.05770074432442146,,True
2013-08-19 14:00:00+00:00,0.184756322,,0.040111367,0.061113263,0.067745723,0.021608981,0.065389363,0.091513822,0.040757814,,False
2013-08-19 14:30:00+00:00,0.16296662126114037,,0.04084394008144753,0.04738426389549472,0.05124313825192853,0.022580286823507222,0.0517442708005757,0.06631854967684286,0.029737390560594597,,True
2013-08-19 15:00:00+00:00,0.145983396,,0.042771173,0.039065005,0.040452698,0.024836266,0.042756274,0.049499033,0.022518898,,False
2013-08-19 15:30:00+00:00,0.13539308693649477,,0.055116096418552474,0.034204732360657235,0.0326227092163757,0.029148002025351814,0.03866334267088962,0.039122382620332866,0.017695345185581243,,True
2013-08-19 16:00:00+00:00,0.125848052,,0.06626636,0.030643901,0.027938224,0.037439293,0.035077678,0.031676446,0.014972372,,False
2013-08-19 16:30:00+00:00,0.11267777442383178,,0.06312601481433051,0.027429935016226918,0.025965043056662744,0.06525625286108144,0.028757196404930522,0.02568414820074884,0.014266677973301084,,True
2013-08-19 17:00:00+00:00,0.10079973,0.134861631,0.056281317,0.024669828,0.025136478,0.101399727,0.022834955,0.021061462,0.013634018,,False
2013-08-19 17:30:00+00:00,0.09339337366001335,0.1066327244696579,0.04007228068566949,0.021741469041663342,0.02805678738469468,0.1282700135661647,0.01896855793927385,0.017299497267917453,0.011479515516043622,,True
2013-08-19 18:00:00+00:00,0.087754408,0.067007389,0.027567597,0.020106652,0.033311239,0.148669691,0.017063376,0.014862647,0.009820356,,False
2013-08-19 18:30:00+00:00,0.08342819663947063,0.0441482270303421,0.03130995423642153,0.02230529352057662,0.038384686541278024,0.16241963172389481,0.017438065000000003,0.01375355387417072,0.010488007999999998,,True
2013-08-19 19:00:00+00:00,0.079533037,0.032685494,0.037159254,0.026282527,0.04419456,0.169049439,0.017812754,0.013276082,0.01115566,,False
2013-08-19 19:30:00+00:00,0.07581690826410528,0.032932123,0.04197061426357847,0.0304526193659079,0.05178117091681058,0.148158916,0.01721241128373691,0.013559364563445638,0.010915304437169912,,True
2013-08-19 20:00:00+00:00,0.071025455,0.033178752,0.044675032,0.034671727,0.058288477,0.127268393,0.015935518,0.014079753,0.0103010729999999,,False
2013-08-19 20:30:00+00:00,0.05889961267588022,0.020426653000000003,0.040979637000000006,0.037599549270134675,0.06094531939769545,0.1322394307734936,0.013174116216263089,0.014590806643419198,0.007123460562829989,,True
2013-08-19 21:00:00+00:00,0.046269411,0.007674554,0.037284242,0.041149213,0.063839583,0.144912821,0.011089265,0.015236528,0.004319724,,False
2013-08-19 21:30:00+00:00,0.03921720654153487,0.009251050374959022,0.03996381587555535,0.05013985436294859,0.0726935939399593,0.20222112358759298,0.012579336434214586,0.01615071335945153,0.005382672999712504,,True
2013-08-19 22:00:00+00:00,0.035835193,0.012468199,0.045280414,0.061251055,0.086462324,0.266270326,0.015349421,0.017317987,0.007392253,,False
2013-08-19 22:30:00+00:00,0.0369095945,0.018488878125040978,0.05434512112444465,0.06980067508922677,0.1040318646994195,0.2924470521389135,0.018889071155000485,0.0189982002774068,0.01007490594126347,,True
2013-08-19 23:00:00+00:00,0.037983996,0.022868905,0.060772804,0.078012054,0.125235034,0.304180526,0.021764291,0.020445483,0.012325065,,False
2013-08-19 23:30:00+00:00,0.03740794608816655,0.02170473573005473,0.06054679706592677,0.08694089451873713,0.15236113239974022,0.29525494199999996,0.022833870410784933,0.020917116802050332,0.012962018958446191,,True
2013-08-20 00:00:00+00:00,0.035980617,0.019045559,0.059901662,0.095108513,0.173770181,0.286329358,0.023287867,0.02149152,0.013624139,,False
2013-08-20 00:30:00+00:00,0.029885702911833456,0.011438919769945266,0.04858940843407323,0.09984945790803587,0.17954269871699252,0.31328867472489946,0.0211303215,0.02641907208751818,0.015505647084474506,,True
2013-08-20 01:00:00+00:00,0.024642068,0.005327288,0.037696283,0.106793765,0.186556115,0.387557788,0.018972776,0.039765376,0.019979674,,False
2013-08-20 01:30:00+00:00,0.11226266425252614,0.767441521054329,0.13952124124177698,0.21620123148448533,0.44700891062428283,0.8503435058775116,0.11434083896134492,0.25218780481208886,0.14209143689441744,,True
2013-08-20 02:00:00+00:00,0.346050972,2.635215427,0.414145497,0.499760795,1.061419337,1.836858626,0.359918982,0.768629043,0.453197693,,False
2013-08-20 02:30:00+00:00,1.5836350476585102,9.473928233351447,2.0522921965891716,2.1209577922515357,2.850660043942006,4.10305029729198,1.361050340966632,2.576949965402651,1.7672371781770158,,True
2013-08-20 03:00:00+00:00,3.577834874,16.52904271,4.631251144,4.742032676,5.145445059,7.224535309,2.887358106,5.197499981,3.852847291,,False
2013-08-20 03:30:00+00:00,5.9628101459207805,18.82287109659422,7.371055769769575,7.791034459528996,6.7005286006371385,10.640410649997065,4.534392585546734,7.694037515734666,6.243878542449811,,True
2013-08-20 04:00:00+00:00,7.669219433,19.79463814,9.351346329,10.05800279,8.151677673,13.28732299,5.788772796,9.772284567,8.30347621,,False
2013-08-20 04:30:00+00:00,8.033146073168183,19.36043832156951,9.944999098899476,10.724472943699416,9.933519430991252,14.455403534108543,6.224200374112957,11.148731119317302,9.50280918449486,,True
2013-08-20 05:00:00+00:00,8.172855236,18.45505236,10.18455439,10.99327266,11.24153912,14.96611454,6.491119437,11.8183068,10.0698788,,False
2013-08-20 05:30:00+00:00,7.66787776555842,16.630403863430487,9.482764402634471,10.420474176474402,11.739621500808733,13.779993336652723,6.714569965754149,10.66345547079837,9.542564255120269,,True
2013-08-20 06:00:00+00:00,7.138251026,15.27694151,8.737164407,9.770051562,11.9496576,12.41866568,6.829691973,9.200245823,8.856828778,,False
2013-08-20 06:30:00+00:00,7.1000438269415795,15.971439436150277,8.68684509056198,9.6423313600256,11.093776564999999,12.127911713347276,6.838747442658185,8.642687362701631,8.592406206807244,,True
2013-08-20 07:00:00+00:00,7.086485897,16.97619979,8.643898386,9.592235289,10.23789553,12.0123642,6.841907732,8.393487221,8.427971902,,False
2013-08-20 07:30:00+00:00,7.1840451755,17.620067133849727,8.532141660534677,9.6726636385,10.25234901,12.099517539999999,6.827624837415089,8.5292807535,8.355758925831942,,True
2013-08-20 08:00:00+00:00,7.281604454,17.95367205,8.310581438,9.753091988,10.26680249,12.18667088,6.786237189,8.665074286,8.267331327,,False
2013-08-20 08:30:00+00:00,6.606998122223774,16.809730535378804,7.385448012311132,8.930128843460045,9.123024001730487,11.487893222441098,6.016651080243651,8.036174670944746,7.48716516427474,,True
2013-08-20 09:00:00+00:00,5.380850055,14.44573831,5.923199241,7.370881204,7.124816235,10.00803257,4.720665847,6.854019112,6.153566916,,False
2013-08-20 09:30:00+00:00,4.07755074713536,10.623969524417724,4.306638944941182,5.458112273962563,5.190623429878942,7.417194993292324,3.5003590416286916,5.51761413377103,4.624764239397067,,True
2013-08-20 10:00:00+00:00,2.752334102,6.429766179,2.726410918,3.514451398,3.378318205,4.487274281,2.335217941,4.009688439,3.057477686,,False
2013-08-20 10:30:00+00:00,1.5395378754597442,3.197719279262063,1.4031325220436084,1.9935486320020916,1.9483225681310476,2.178988942065507,1.3162763756570772,2.332667684394381,1.6641312851703005,,True
2013-08-20 11:00:00+00:00,0.717576338,1.145016294,0.552284915,0.966248053,0.972384633,0.716930797,0.623259275,1.053654656,0.716260519,,False
2013-08-20 11:30:00+00:00,0.4221995855024783,0.4697836877062412,0.2737292043542378,0.5161994798553068,0.5035113294912631,0.27374118058794594,0.34297253535851807,0.5024069784645936,0.3549498532996059,,True
2013-08-20 12:00:00+00:00,0.272419848,0.165599535,0.136284773,0.269492706,0.247639939,0.075903702,0.191457071,0.214617329,0.171128668,,False
2013-08-20 12:30:00+00:00,0.21531914109495195,0.10214312707759589,0.08371014241377407,0.15766899467997444,0.14385738111672375,0.03178233377273546,0.12215663833434474,0.11697277007372497,0.10273250107042224,,True
2013-08-20 13:00:00+00:00,0.183587212,0.073497058,0.056473737,0.09356001,0.08779033,0.013131405,0.082058228,0.065490275,0.06732921,,False
2013-08-20 13:30:00+00:00,0.1651558365083065,0.0630219818988134,0.04327235018878503,0.056228091277073844,0.05928423126670443,0.008232835036206105,0.05854281666070736,0.03746158263088134,0.05042058704836557,,True
2013-08-20 14:00:00+00:00,0.151971363,0.056195921,0.036010337,0.033030016,0.042100798,0.006211614,0.04281821,0.020948424,0.040671397,,False
2013-08-20 14:30:00+00:00,0.1397063736600954,0.048114021258759646,0.032342200244911495,0.018670214089322446,0.03031399062476631,0.005835362304182007,0.030854986924134423,0.011537109287584923,0.03532555645411376,,True
2013-08-20 15:00:00+00:00,0.130397725,0.04366567,0.030391139,0.009837572,0.024149338,0.005698121,0.022700817,0.005867058,0.031376904,,False
2013-08-20 15:30:00+00:00,0.12466697121947669,0.04452232235033473,0.029558078771240927,0.004927495922821535,0.022833886760066972,0.006536549340855985,0.017322144777785944,0.002395238433057484,0.027477232337905187,,True
2013-08-20 16:00:00+00:00,0.120229993,0.046685961,0.029212246,0.002256538,0.022340192,0.007664182,0.014784026,0.000815464,0.024049495,,False
2013-08-20 16:30:00+00:00,0.1166988697685386,0.05539676313794392,0.03166883602294511,0.0013375757817646176,0.022977581923337584,0.008074137540556671,0.0148114135,0.001209989,0.02134619322534839,,True
2013-08-20 17:00:00+00:00,0.112709088,0.066116432,0.034903242,0.000780891,0.024129864,0.008483686,0.014838801,0.001604514,0.018513721,,False
2013-08-20 17:30:00+00:00,0.10494032050282906,0.07280832751172135,0.036362562977054896,0.0002627809690374149,0.025412062952979306,0.009303931566677059,0.014670461,0.0014003230000000002,0.013214816962677853,,True
2013-08-20 18:00:00+00:00,0.095426032,0.07618437,0.037044068,0.0,0.026555191,0.010440372,0.014502121,0.001196132,0.009621788,,False
2013-08-20 18:30:00+00:00,0.08629374013173159,0.0712957885449055,0.036337761,0.0006516960832533261,0.027047729749519727,0.01174933979687636,0.29273730849999996,0.001352851508757042,0.009771797463521525,,True
2013-08-20 19:00:00+00:00,0.077779284,0.062740276,0.035631454,0.002091779,0.027644392,0.013611061,0.570972496,0.001661195,0.010144032,,False
2013-08-20 19:30:00+00:00,0.06938980129271208,0.05283861145509449,0.0374247695157003,0.004632361077424552,0.030445257211872318,0.017144637696911633,0.3267229450116902,0.001985099295401781,0.011158873817282321,,True
2013-08-20 20:00:00+00:00,0.064748235,0.046603878,0.041473244,0.008496105,0.035729617,0.022195859,0.060126537,0.002532742,0.013127705,,False
2013-08-20 20:30:00+00:00,0.06733428213368502,0.057243993932023625,0.050416073362155006,0.014386769103491114,0.045547029174282064,0.029286965552594815,0.02446368098830985,0.004857217317006593,0.017872847680359384,,True
2013-08-20 21:00:00+00:00,0.071388573,0.072609893,0.061262116,0.020895581,0.057931868,0.036399667,0.011147682,0.00794807,0.024246824,,False
2013-08-20 21:30:00+00:00,0.07475499186631497,0.08239669756797638,0.0700856004474566,0.026257322283476096,0.06947560936869276,0.04177293846103951,0.012942514428263888,0.00989711680833335,0.029762958211069907,,True
2013-08-20 22:00:00+00:00,0.076653167,0.087457719,0.075608103,0.030649587,0.079977102,0.045096185,0.016770773,0.01189647,0.035569944,,False
2013-08-20 22:30:00+00:00,0.07277142427990817,0.08194195148174302,0.0770105856746881,0.03333344027589543,0.08734765337907063,0.0458562078999847,0.025134778071736114,0.015452873913169638,0.04123329839143154,,True
2013-08-20 23:00:00+00:00,0.066626321,0.072609893,0.077555678,0.036158214,0.095121366,0.046616273,0.031465357,0.017914052,0.049233188,,False
2013-08-20 23:30:00+00:00,0.0630619738568566,0.06591122407355204,0.07736349176209811,0.04223497795728983,0.1113867727402456,0.05128994014450326,0.023010408107175213,0.01806250165733159,0.07283484450782492,,True
2013-08-21 00:00:00+00:00,0.058374011,0.056903252,0.076798614,0.048433182,0.122760401,0.055316605,0.012058852,0.018114131,0.10228162,,False
2013-08-21 00:30:00+00:00,0.037774149363235233,0.025996778944704913,0.0524574437379019,0.05096851729724943,0.1144358835,0.049934247499999994,0.007449038392824784,0.016464168999999997,0.1180940663341907,,True
2013-08-21 01:00:00+00:00,0.020561264,0.0012159,0.028488965,0.054466643,0.106111366,0.04455189,0.005335832,0.014814207,0.141520146,,False
2013-08-21 01:30:00+00:00,0.15285514877199027,1.15449689982226,0.20848713664092203,0.22220893091913885,0.4431294252755973,0.5669119119663122,0.24011246284215784,0.3379584713247574,0.45421069311406725,,True
2013-08-21 02:00:00+00:00,0.466735955,3.537261305,0.637424216,0.628838966,1.168718741,1.574169838,0.756643468,1.014544607,1.159631623,,False
2013-08-21 02:30:00+00:00,1.2110227956589112,7.397423247009879,1.6976829241325064,1.8051889228010198,2.4386008781435278,2.681825981364138,1.6634277665320991,2.0101445949927164,3.033829518377247,,True
2013-08-21 03:00:00+00:00,2.41899284,11.61004108,3.367321147,3.694738185,4.061534899,4.223970495,3.011014789,3.427729628,5.460757715,,False
2013-08-21 03:30:00+00:00,4.444460839754276,14.803560680044193,5.909946612005676,6.444703377729259,5.676999756579609,7.343633546314086,5.195633075643273,5.670432439403201,7.30607748643985,,True
2013-08-21 04:00:00+00:00,6.226462619,16.81309858,7.992236032,8.761828334,7.105554833,10.23162998,7.036711816,7.767706298,8.957436117,,False
2013-08-21 04:30:00+00:00,6.818937136018407,17.35480329760535,8.51375206287075,9.548544453075701,7.97939391897577,11.343779658101687,7.569432344636396,8.83197292618889,10.642422195279455,,True
2013-08-21 05:00:00+00:00,7.24505551,17.7527534,8.953666481,10.07748518,8.851201937,12.01547676,7.970596574,9.543156661,11.7119868,,False
2013-08-21 05:30:00+00:00,7.800658829796415,18.43374170551831,10.037341697850145,10.6519600023968,10.634359539025498,12.481220180253777,8.620796824346073,10.084070665590435,11.964088358383702,,True
2013-08-21 06:00:00+00:00,8.120814388,18.86052703,10.80463615,10.96197803,11.86483485,12.69969652,9.023535822,10.3480696,12.06122066,,False
2013-08-21 06:30:00+00:00,6.666141733499999,15.18952281,8.4577787455,9.097975176999999,9.8306481725,10.629795097499999,7.6547530005,8.4965325195,10.148963625500002,,True
2013-08-21 07:00:00+00:00,5.211469079,11.51851859,6.110921341,7.233972324,7.796461495,8.559893675,6.285970179,6.644995439,8.236706591,,False
2013-08-21 07:30:00+00:00,5.4532575515,12.775053295751563,6.4935091190000005,7.346762074000001,8.0454931295,8.856589477413353,6.48153853,6.727137676034147,8.249994434,,True
2013-08-21 08:00:00+00:00,5.695046024,14.56686318,6.876096897,7.459551824,8.294524764,9.403276109,6.677106881,6.890131104,8.263282277,,False
2013-08-21 08:30:00+00:00,5.578148607415669,15.659512374248436,6.730385860701634,7.351422401822356,8.046336665313005,10.142241814086647,6.643633518736902,7.168105908965853,8.197159450901324,,True
2013-08-21 09:00:00+00:00,5.292053777,16.21688639,6.364403596,7.070213017,7.467964908,10.63121669,6.54896286,7.365229523,8.016814669,,False
2013-08-21 09:30:00+00:00,4.419344091397469,12.294657368145588,5.017772001676651,5.787089095458019,6.0485224475340615,8.978119424449812,5.497741803392316,6.696052828042544,6.808922985938267,,True
2013-08-21 10:00:00+00:00,3.180971115,6.660818765,3.196168187,3.948930413,4.183623031,6.125887857,3.821015811,5.369951744,4.892925805,,False
2013-08-21 10:30:00+00:00,1.9454506475289723,3.3740303473933686,1.722765535372822,2.3840251175866554,2.501628140344849,3.1478611372135856,2.238759509438703,3.337688344876472,2.9383427741716384,,True
2013-08-21 11:00:00+00:00,1.012395787,1.326835052,0.718095616,1.219105469,1.243773285,0.997895529,1.055082352,1.522899052,1.419696214,,False
2013-08-21 11:30:00+00:00,0.6301008611262201,0.5394627684985858,0.34990762055564584,0.6686477834744727,0.6468144869713083,0.40080684928581484,0.5851074418083358,0.7845968291546022,0.7834123666388397,,True
2013-08-21 12:00:00+00:00,0.420811478,0.179793446,0.163729375,0.355149755,0.319831544,0.130167617,0.327189108,0.383746932,0.425768701,,False
2013-08-21 12:30:00+00:00,0.3290512975291538,0.11342782441196127,0.09424087944604159,0.20772104346144105,0.19207812395046867,0.06257813645771462,0.20586250156633287,0.22406503344437256,0.2510197953686083,,True
2013-08-21 13:00:00+00:00,0.272192432,0.083745214,0.057705629,0.124033584,0.121842692,0.030688514,0.134858002,0.135251144,0.150607033,,False
2013-08-21 13:30:00+00:00,0.23021997991007612,0.0708580600504964,0.03862530986577738,0.08002881909938579,0.0818283380020241,0.016042544828329564,0.09188374046298725,0.08428562605462744,0.09599858678146202,,True
2013-08-21 14:00:00+00:00,0.199142951,0.065601393,0.02817813,0.052104627,0.058458073,0.008938531,0.064546029,0.052177351,0.06234006,,False
2013-08-21 14:30:00+00:00,0.17486960529926973,0.06695077617321926,0.02325030328654232,0.03219754477459676,0.0466676229189707,0.007004448452938889,0.047699743620918965,0.0310684933400235,0.04058647529363894,,True
2013-08-21 15:00:00+00:00,0.155843129,0.06917587,0.020915145,0.018947682,0.039276607,0.00577233,0.036172527,0.01733818,0.027598404,,False
2013-08-21 15:30:00+00:00,0.13989932880284725,0.07051686217378833,0.02040096259488667,0.010061560323073367,0.033506912965311504,0.004240439811805273,0.027441298259713674,0.008084603587358609,0.02104863990622178,,True
2013-08-21 16:00:00+00:00,0.128679943,0.072609893,0.020208694,0.005865814,0.030700432,0.003388515,0.021714649,0.003725188,0.018198101,,False
2013-08-21 16:30:00+00:00,0.12340073883005037,0.1047344956529924,0.02399769066951942,0.00734777559530638,0.03281458470308809,0.01144248975739406,0.019085427324913952,0.007118496737190821,0.018727150999999997,,True
2013-08-21 17:00:00+00:00,0.118803258,0.135231349,0.029903447,0.010386373,0.036952015,0.024566365,0.016976888,0.012197722,0.019256201,,False
2013-08-21 17:30:00+00:00,0.11122987646932103,0.08790789249999999,0.03403129513486337,0.01477467625987857,0.0419475626851913,0.0348929935510754,0.0136965583974797,0.015782829940943172,0.01920204,,True
2013-08-21 18:00:00+00:00,0.104274813,0.040584436,0.037418768,0.02038698,0.048424603,0.044020816,0.01156119,0.017798515,0.019147879,,False
2013-08-21 18:30:00+00:00,0.09970222219095035,0.0419668449794165,0.0394005339516563,0.026445005041273482,0.056641653827209947,0.05048812019814048,0.011377916491396939,0.01792053193208748,0.019147879,,True
2013-08-21 19:00:00+00:00,0.097451123,0.045795042,0.041762645,0.032915007,0.066443136,0.056880845,0.011313206,0.018041615,0.019147879,,False
2013-08-21 19:30:00+00:00,0.09850540413141527,0.07869099579302999,0.049681462887646105,0.0391824767420052,0.07802506746807787,0.06578084332612014,0.013901764319518688,0.020074151070296545,0.021039522205916157,,True
2013-08-21 20:00:00+00:00,0.099772269,0.125687473,0.060141381,0.045937453,0.089835592,0.075420166,0.017601459,0.022731356,0.023523254,,False
2013-08-21 20:30:00+00:00,0.10002126707573561,0.15660948472371095,0.06836278068417231,0.05400735937519278,0.0993462065505619,0.0849762841740828,0.019641154747857634,0.023793672689566923,0.02430748294786229,,True
2013-08-21 21:00:00+00:00,0.100292779,0.182180228,0.076289405,0.062865186,0.10933823,0.09318412,0.021038321,0.024894755,0.025146851,,False
2013-08-21 21:30:00+00:00,0.10205509921737693,0.20068260713407698,0.08412380683494149,0.07265938141561097,0.12235881784507284,0.09817737158286498,0.021634509778367075,0.027143143593468252,0.027616504176659992,,True
2013-08-21 22:00:00+00:00,0.105156977,0.219270511,0.092168081,0.081793382,0.137955756,0.103127822,0.022326932,0.030462136,0.031532169,,False
2013-08-21 22:30:00+00:00,0.11041073957547219,0.2537080418697656,0.103250431837201,0.08896776149238782,0.16106625649052228,0.11209057188396442,0.027189089654256603,0.03689892553644681,0.038657449669561555,,True
2013-08-21 23:00:00+00:00,0.114089847,0.276865005,0.110119856,0.09453603,0.178353393,0.120242702,0.031486407,0.041486117,0.043689491,,False
2013-08-21 23:30:00+00:00,0.09217048713909146,0.2557520042116266,0.10540891948775528,0.09781443250814069,0.1825507949302758,0.12333992511365291,0.02981455520454837,0.0400968135,0.03935015522610066,,True
2013-08-22 00:00:00+00:00,0.06941913,0.2151008,0.094893418,0.101264731,0.184196007,0.126661874,0.026313038,0.03870751,0.034944754,,False
2013-08-22 00:30:00+00:00,0.06813894286090853,0.1521418032883734,0.06755781451224471,0.10652995975239804,0.183159562,0.1342901591453584,0.01914635879545163,0.04111977206288414,0.03484464227389935,,True
2013-08-22 01:00:00+00:00,0.067690753,0.10872101,0.046026776,0.117385776,0.182123117,0.151904173,0.013809345,0.04832161,0.034810596,,False
2013-08-22 01:30:00+00:00,0.5074595397722846,3.693886553821293,0.4881239370280699,0.5158007841520134,0.9551315458013534,1.657282020483042,0.47973293648350607,0.9602704033794528,0.5566327559616933,,True
2013-08-22 02:00:00+00:00,1.459312275,9.437510434,1.461298026,1.450563614,2.445942436,4.28798809,1.391891738,2.683501305,1.648111741,,False
2013-08-22 02:30:00+00:00,3.255804185189167,14.104594428490765,3.453450259646801,4.257478473705568,4.419863033210686,6.834737980516197,2.6572091946849308,4.766566395157553,3.426121303015534,,True
2013-08-22 03:00:00+00:00,5.338044148,17.47275167,5.718340699,7.385166703,6.369986951,9.347645745,3.924567703,6.971472686,5.525969356,,False
2013-08-22 03:30:00+00:00,6.901337932253013,18.847785341959224,7.117764972292508,8.737544822683649,7.418309196580503,11.547136154208587,4.626974829740025,8.853679227040285,7.319976357643434,,True
2013-08-22 04:00:00+00:00,8.048937198,19.65968926,8.301460879,9.827322128,8.517679536,13.26546353,5.312407379,10.30605049,8.826505312,,False
2013-08-22 04:30:00+00:00,8.772177017785536,20.21451366472872,9.61225514749506,11.317844566276577,11.258087174163972,14.490148346559518,6.467474004972781,11.290855253359824,10.012688627527709,,True
2013-08-22 05:00:00+00:00,9.113279355,20.47293624,10.46088718,12.20588241,13.38441795,15.09196551,7.591677037,11.76758241,10.73195751,,False
2013-08-22 05:30:00+00:00,9.020195691264837,20.348216495,10.66639924053756,12.032192336093141,13.588334406743485,14.84526149555053,8.409259729118759,11.425395248743499,10.960658172851632,,True
2013-08-22 06:00:00+00:00,8.822640958,20.22349675,10.74598677,11.70138627,13.66127385,14.38535551,8.826404331,10.78846516,11.052256,,False
2013-08-22 06:30:00+00:00,8.517020307088927,20.258736265,10.099412741833053,11.345958178233458,12.641183618681946,13.909600323920596,8.50013514321421,10.034015618400593,10.560133719083531,,True
2013-08-22 07:00:00+00:00,8.079319172,20.29397578,8.970033099,10.86818244,11.26705111,13.3100708,7.881371287,9.307127217,9.664066283,,False
2013-08-22 07:30:00+00:00,7.4786617002451,19.613002512941257,7.868341386405962,10.102187082535112,10.777977373250943,12.395693344664611,7.145357251439677,8.873930486718093,8.70510837202313,,True
2013-08-22 08:00:00+00:00,6.777899712,18.53462008,6.853790978,9.170259874,10.2616103,11.50435688,6.345907001,8.471230212,7.731434596,,False
2013-08-22 08:30:00+00:00,6.141091511687335,17.931706843059654,6.255129758083402,8.334491924800764,8.926593768023922,11.07745039536231,5.73253018142054,8.016733456221576,7.041796992092985,,True
2013-08-22 09:00:00+00:00,5.382817224,17.08483886,5.589826984,7.296347205,7.102974157,10.54178846,5.018764,7.379753333,6.254012104,,False
2013-08-22 09:30:00+00:00,4.074172302959563,11.896993433749751,3.902353838862016,5.212074325299452,5.05481644225328,7.331581819614175,3.5653140162318047,5.682309527767536,4.5795685060044775,,True
2013-08-22 10:00:00+00:00,2.713363385,5.952621532,2.145983946,3.098783253,3.229419497,3.597857899,2.096696201,3.765043037,2.813119399,,False
2013-08-22 10:30:00+00:00,1.7483019714181072,3.6864337086310424,1.203981592127617,1.9083213373169905,2.0958639782337887,1.9898216580932309,1.25831980512878,2.6617447019691625,1.69519678252897,,True
2013-08-22 11:00:00+00:00,1.061109649,2.219223096,0.609619311,1.100971619,1.285498735,0.996498232,0.704420983,1.788117006,0.928627055,,False
2013-08-22 11:30:00+00:00,0.6544130666240658,1.0692536914681776,0.2948608784540725,0.5775681027053197,0.6803093445289315,0.405079183311308,0.3797650745592466,0.9427083920055733,0.47443422481273606,,True
2013-08-22 12:00:00+00:00,0.414308875,0.455533132,0.127222025,0.269021951,0.31353451,0.106741695,0.193016099,0.390883754,0.220108373,,False
2013-08-22 12:30:00+00:00,0.3105339963225969,0.3641011286440664,0.07048821016082286,0.14309730208137136,0.1778372206468368,0.04854603811698037,0.11581752095529817,0.20983863375451295,0.13101919896274783,,True
2013-08-22 13:00:00+00:00,0.249015927,0.320617283,0.041363674,0.074526186,0.105811957,0.022653639,0.07146749,0.113448771,0.082558165,,False
2013-08-22 13:30:00+00:00,0.2109885889704507,0.29807833740581546,0.026615109690194316,0.0392413255241236,0.07105140393698024,0.013167085468563863,0.0438352148404878,0.06286403220166502,0.05482509400411279,,True
2013-08-22 14:00:00+00:00,0.183076638,0.282972626,0.019118935,0.019428781,0.050305201,0.008354686,0.027087272,0.033335236,0.037515089,,False
2013-08-22 14:30:00+00:00,0.15857164849804878,0.2709601171179266,0.017116047223127095,0.009481816923903636,0.03687525909525921,0.005839226397694191,0.018509245527897213,0.016239391312552514,0.026725365725599057,,True
2013-08-22 15:00:00+00:00,0.137627078,0.259213675,0.015432199,0.004103715,0.028269993,0.004760029,0.012916008,0.006590255,0.019071578,,False
2013-08-22 15:30:00+00:00,0.11717209388254701,0.2423596248925402,0.010797054659732401,0.0016382944863658935,0.023288504088215606,0.0050655495000000005,0.008658610673567494,0.002105810405236407,0.012899942700640654,,True
2013-08-22 16:00:00+00:00,0.102592452,0.224928836,0.007424163,0.000599054,0.019788797,0.00537107,0.005721714,0.000200227,0.008266081,,False
2013-08-22 16:30:00+00:00,0.09537232153842083,0.20783897437641488,0.011245449254135079,0.002584013970606024,0.0164797257598952,0.0049974764999999996,0.003675274008489721,0.0006622936940657649,0.004473979061068331,,True
2013-08-22 17:00:00+00:00,0.092168906,0.197664096,0.020060904,0.006887761,0.014750913,0.004623883,0.002694235,0.001832595,0.002550908,,False
2013-08-22 17:30:00+00:00,0.1029380965,,0.042483758378167105,0.015013207346135187,,0.005401445499999999,0.004143241325777623,0.006189910983339627,0.0040475559704037855,,True
2013-08-22 18:00:00+00:00,0.113707287,,0.067719806,0.024550994,,0.006179008,0.008387615,0.012542239,0.006954512,,False
2013-08-22 18:30:00+00:00,0.109220225,,0.08050774097358708,0.0312910276811016,,0.0049799045,0.14035246887699035,0.018013460516636815,0.010652681966714478,,True
2013-08-22 19:00:00+00:00,0.104733163,,0.090943387,0.037472063,,0.003780801,0.318486335,0.023460582,0.014800988,,False
2013-08-22 19:30:00+00:00,0.10848158719558015,,0.1034996312824389,0.04388134340736183,,0.006612680470053945,0.414532809297232,0.029224624095706673,0.019269598062881737,,True
2013-08-22 20:00:00+00:00,0.114463906,,0.111520313,0.049936249,,0.010036027,0.461614904,0.033982733,0.021877764,,False
2013-08-22 20:30:00+00:00,0.11827983813482498,,0.11254175663496181,0.05496701316162593,,0.01086949317596179,0.44746010662702984,0.03638246309325568,0.0200316595,,True
2013-08-22 21:00:00+00:00,0.122724459,,0.113539823,0.060222578,,0.011494839,0.412613719,0.038889779,0.018185555,,False
2013-08-22 21:30:00+00:00,0.13111069577227397,,0.11958875260542287,0.06696688768815245,,0.012152255110580847,0.2821581539735421,0.04444264894499002,0.022016405258785024,,True
2013-08-22 22:00:00+00:00,0.141377649,,0.129467625,0.075121453,,0.013110836,0.146425259,0.051879455,0.028994634,,False
2013-08-22 22:30:00+00:00,0.15340148889732086,,0.14345513187128714,0.0869687341876022,,0.017931977743403417,0.1049959332915811,0.06131004588355121,0.03810439674121497,,True
2013-08-22 23:00:00+00:00,0.160682029,,0.152716563,0.0972603,,0.022068608,0.08189684,0.068699949,0.044066781,,False
2013-08-22 23:30:00+00:00,0.15213562827297636,,0.15114387510666935,0.10244496368273512,,0.020233164499999998,0.06806933360784694,0.07053097796215356,0.0432680105,,True
2013-08-23 00:00:00+00:00,0.134728105,,0.146830792,0.105108534,,0.018397721,0.061880515,0.072725366,0.04246924,,False
2013-08-23 00:30:00+00:00,0.10235902672702364,,0.10563315639333061,0.10550459861807017,,0.6117327684012145,0.11964523476166683,0.1584507160484383,0.04431415150979458,,True
2013-08-23 01:00:00+00:00,0.078851071,,0.067175916,0.105940229,,2.028961002,0.275791163,0.388913366,0.049820476,,False
2013-08-23 01:30:00+00:00,0.5933753722434387,,0.6708673920605575,0.4612892471754359,,6.329372304625366,1.2136167193331797,1.9085954951828912,0.650430739993196,,True
2013-08-23 02:00:00+00:00,1.672531975,,1.94657862,1.340375018,,11.16123678,2.730247019,4.469430044,1.944637357,,False
2013-08-23 02:30:00+00:00,3.337834635572934,,3.9570537587059404,4.467952630762386,,13.247576981648558,4.115928257795366,7.056438449615172,4.204827583411936,,True
2013-08-23 03:00:00+00:00,5.54769189,,6.664854879,8.292842024,,15.01617305,5.752058257,10.15603171,7.226157337,,False
2013-08-23 03:30:00+00:00,8.69663142268363,,10.613318966233502,10.483052535239205,,17.782442242824864,8.539419091843746,15.2368897554798,11.212628250085073,,True
2013-08-23 04:00:00+00:00,10.73638406,,13.19243732,12.05916458,,19.51110921,10.55795028,18.61728582,13.74070187,,False
2013-08-23 04:30:00+00:00,9.99201550024237,,12.317771800697447,13.259360447079583,,16.453555082095225,10.807395607766045,15.118635859953198,13.462847053126103,,True
2013-08-23 05:00:00+00:00,8.829513658,,10.95010585,13.85219068,,12.94234717,10.89803587,10.88556237,12.83601142,,False
2013-08-23 05:30:00+00:00,8.021960000679652,,10.07331317756143,13.024344162392723,,12.327418823902908,10.780197193603222,9.706684559556523,11.387268886258267,,True
2013-08-23 06:00:00+00:00,7.340025291,,9.190265923,11.66310237,,11.88963403,10.48475259,9.072223171,9.781578898,,False
2013-08-23 06:30:00+00:00,6.8154326733026975,,7.973681225278528,10.6408335168595,,11.255955757173064,9.397170792837464,8.754705671937005,8.940972731698016,,True
2013-08-23 07:00:00+00:00,6.376584465,,6.882176075,9.582283176,,10.72457411,7.956777449,8.591456644,8.268466261,,False
2013-08-23 07:30:00+00:00,6.036687974297573,,6.300286145495543,8.242026320387353,,10.483369078244614,7.008484257875982,8.55167423747957,7.678789781316494,,True
2013-08-23 08:00:00+00:00,5.652051879,,5.774772027,7.064093972,,10.22748579,6.128891887,8.507496754,7.047690484,,False
2013-08-23 08:30:00+00:00,4.932305627867101,,5.106807920729631,6.486596166510217,,9.63048175309086,5.215897158495242,7.858918341242166,6.134080263393648,,True
2013-08-23 09:00:00+00:00,4.006763182,,4.282914925,5.859750833,,8.65343176,4.262645879,6.68236115,5.044627695,,False
2013-08-23 09:30:00+00:00,2.9422303500339435,,2.966512249628678,4.002479268118752,,6.810698994132772,3.149146406271379,5.240725360903214,3.792814591042859,,True
2013-08-23 10:00:00+00:00,1.947304118,,1.686532571,2.078789143,,4.547135422,2.089838445,3.672152546,2.554050105,,False
2013-08-23 10:30:00+00:00,1.21156765297877,,0.8709008682930636,1.1833347593358672,,2.2820471894175514,1.1868565307151984,2.1850083600312935,1.4231271606552987,,True
2013-08-23 11:00:00+00:00,0.703670689,,0.367643779,0.632288735,,0.725091538,0.566334157,1.089309902,0.634366376,,False
2013-08-23 11:30:00+00:00,0.4259878442117558,,0.16127323337647387,0.32725936712129255,,0.2664579996442746,0.2906875901124515,0.5740864962362249,0.30097739133134,,True
2013-08-23 12:00:00+00:00,0.27331303,,0.059382115,0.15756886,,0.064459013,0.144039819,0.295478257,0.129454767,,False
2013-08-23 12:30:00+00:00,0.2189963142498533,,0.026923805789601556,0.08976278224996972,,0.02637619506962312,0.08780145781054698,0.1933301514041088,0.07009299257239855,,True
2013-08-23 13:00:00+00:00,0.190138406,,0.012221377,0.051433182,,0.010361404,0.056299209,0.134298186,0.039942104,,False
2013-08-23 13:30:00+00:00,0.17547445962407301,,0.007830008149605706,0.027782376143660154,,0.006170759591598761,0.037177034384750424,0.09366820110441529,0.026386989068606044,,True
2013-08-23 14:00:00+00:00,0.165872125,,0.006134266,0.013787089,,0.003780801,0.024806783,0.066457307,0.018016939,,False
2013-08-23 14:30:00+00:00,0.15853050098512927,,0.006521813901913995,0.006607288548793659,,0.0015612980816093055,0.016361540223936617,0.0489668271925337,0.011415611099887778,,True
2013-08-23 15:00:00+00:00,0.152400972,,0.007426433,0.002844449,,0.000325738,0.010850454,0.036237597,0.007204607,,False
2013-08-23 15:30:00+00:00,0.1464140976375417,,0.009671518850455293,0.0016204632659192408,,8.845055589953026e-05,0.007659063863703878,0.02558060753755941,0.005190320848516068,,True
2013-08-23 16:00:00+00:00,0.140782662,,0.012605337,0.000909329,,0.0,0.005624281,0.017972554,0.004018967,,False
2013-08-23 16:30:00+00:00,0.1343187456913958,,0.01536615441272791,0.0003000070659521404,,0.0,0.004210759306122027,0.012982616739237875,0.003313373088566819,,True
2013-08-23 17:00:00+00:00,0.130239673,,0.017118579,0.0,,0.0,0.003541795,0.010532894,0.002995175,,False
2013-08-23 17:30:00+00:00,,,,,,,,,,,False
2013-08-23 18:00:00+00:00,,,,,,,,,,,False
2013-08-23 18:30:00+00:00,,,,,,,,,,,False
2013-08-23 19:00:00+00:00,,,,,,,,,,,False
2013-08-23 19:30:00+00:00,,,,,,,,,,,False
2013-08-23 20:00:00+00:00,,,,,,,,,,,False
2013-08-23 20:30:00+00:00,,,,,,,,,,,False
2013-08-23 21:00:00+00:00,,,,,,,,,,,False
2013-08-23 21:30:00+00:00,,,,,,,,,,,False
2013-08-23 22:00:00+00:00,,,,,,,,,,,False
2013-08-23 22:30:00+00:00,,,,,,,,,,,False
2013-08-23 23:00:00+00:00,,,,,,,,,,,False
2013-08-23 23:30:00+00:00,,,,,,,,,,,False
2013-08-24 00:00:00+00:00,,,,,,,,,,,False
2013-08-24 00:30:00+00:00,,,,,,,,,,,False
2013-08-24 01:00:00+00:00,,,,,,,,,,,False
2013-08-24 01:30:00+00:00,,,,,,,,,,,False
2013-08-24 02:00:00+00:00,,,,,,,,,,,False
2013-08-24 02:30:00+00:00,,,,,,,,,,,False
2013-08-24 03:00:00+00:00,,,,,,,,,,,False
2013-08-24 03:30:00+00:00,,,,,,,,,,,False
2013-08-24 04:00:00+00:00,,,,,,,,,,,False
2013-08-24 04:30:00+00:00,,,,,,,,,,,False
2013-08-24 05:00:00+00:00,,,,,,,,,,,False
2013-08-24 05:30:00+00:00,,,,,,,,,,,False
2013-08-24 06:00:00+00:00,,,,,,,,,,,False
2013-08-24 06:30:00+00:00,,,,,,,,,,,False
2013-08-24 07:00:00+00:00,,,,,,,,,,,False
2013-08-24 07:30:00+00:00,,,,,,,,,,,False
2013-08-24 08:00:00+00:00,,,,,,,,,,,False
2013-08-24 08:30:00+00:00,,,,,,,,,,,False
2013-08-24 09:00:00+00:00,,,,,,,,,,,False
2013-08-24 09:30:00+00:00,,,,,,,,,,,False
2013-08-24 10:00:00+00:00,,,,,,,,,,,False
2013-08-24 10:30:00+00:00,,,,,,,,,,,False
2013-08-24 11:00:00+00:00,,,,,,,,,,,False
2013-08-24 11:30:00+00:00,,,,,,,,,,,False
2013-08-24 12:00:00+00:00,,,,,,,,,,,False
2013-08-24 12:30:00+00:00,,,,,,,,,,,False
2013-08-24 13:00:00+00:00,,,,,,,,,,,False
2013-08-24 13:30:00+00:00,,,,,,,,,,,False
2013-08-24 14:00:00+00:00,,,,,,,,,,,False
2013-08-24 14:30:00+00:00,,,,,,,,,,,False
2013-08-24 15:00:00+00:00,,,,,,,,,,,False
2013-08-24 15:30:00+00:00,,,,,,,,,,,False
2013-08-24 16:00:00+00:00,,,,,,,,,,,False
2013-08-24 16:30:00+00:00,,,,,,,,,,,False
2013-08-24 17:00:00+00:00,,,,,,,,,,,False
2013-08-24 17:30:00+00:00,,,,,,,,,,,False
2013-08-24 18:00:00+00:00,,,,,,,,,,,False
2013-08-24 18:30:00+00:00,,,,,,,,,,,False
2013-08-24 19:00:00+00:00,,,,,,,,,,,False
2013-08-24 19:30:00+00:00,,,,,,,,,,,False
2013-08-24 20:00:00+00:00,,,,,,,,,,,False
2013-08-24 20:30:00+00:00,,,,,,,,,,,False
2013-08-24 21:00:00+00:00,,,,,,,,,,,False
2013-08-24 21:30:00+00:00,,,,,,,,,,,False
2013-08-24 22:00:00+00:00,,,,,,,,,,,False
2013-08-24 22:30:00+00:00,,,,,,,,,,,False
2013-08-24 23:00:00+00:00,,,,,,,,,,,False
2013-08-24 23:30:00+00:00,,,,,,,,,,,False
2013-08-25 00:00:00+00:00,,,,,,,,,,,False
2013-08-25 00:30:00+00:00,,,,,,,,,,,False
2013-08-25 01:00:00+00:00,,,,,,,,,,,False
2013-08-25 01:30:00+00:00,,,,,,,,,,,False
2013-08-25 02:00:00+00:00,,,,,,,,,,,False
2013-08-25 02:30:00+00:00,,,,,,,,,,,False
2013-08-25 03:00:00+00:00,,,,,,,,,,,False
2013-08-25 03:30:00+00:00,,,,,,,,,,,False
2013-08-25 04:00:00+00:00,,,,,,,,,,,False
2013-08-25 04:30:00+00:00,,,,,,,,,,,False
2013-08-25 05:00:00+00:00,,,,,,,,,,,False
2013-08-25 05:30:00+00:00,,,,,,,,,,,False
2013-08-25 06:00:00+00:00,,,,,,,,,,,False
2013-08-25 06:30:00+00:00,,,,,,,,,,,False
2013-08-25 07:00:00+00:00,,,,,,,,,,,False
2013-08-25 07:30:00+00:00,,,,,,,,,,,False
2013-08-25 08:00:00+00:00,,,,,,,,,,,False
2013-08-25 08:30:00+00:00,,,,,,,,,,,False
2013-08-25 09:00:00+00:00,,,,,,,,,,,False
2013-08-25 09:30:00+00:00,,,,,,,,,,,False
2013-08-25 10:00:00+00:00,,,,,,,,,,,False
2013-08-25 10:30:00+00:00,,,,,,,,,,,False
2013-08-25 11:00:00+00:00,,,,,,,,,,,False
2013-08-25 11:30:00+00:00,,,,,,,,,,,False
2013-08-25 12:00:00+00:00,,,,,,,,,,,False
2013-08-25 12:30:00+00:00,,,,,,,,,,,False
2013-08-25 13:00:00+00:00,,,,,,,,,,,False
2013-08-25 13:30:00+00:00,,,,,,,,,,,False
2013-08-25 14:00:00+00:00,,,,,,,,,,,False
2013-08-25 14:30:00+00:00,,,,,,,,,,,False
2013-08-25 15:00:00+00:00,,,,,,,,,,,False
2013-08-25 15:30:00+00:00,,,,,,,,,,,False
2013-08-25 16:00:00+00:00,,,,,,,,,,,False
2013-08-25 16:30:00+00:00,,,,,,,,,,,False
2013-08-25 17:00:00+00:00,,,,,,,,,,,False
2013-08-25 17:30:00+00:00,,,,,,,,,,,False
2013-08-25 18:00:00+00:00,,,,,,,,,,,False
2013-08-25 18:30:00+00:00,,,,,,,,,,,False
2013-08-25 19:00:00+00:00,,,,,,,,,,,False
2013-08-25 19:30:00+00:00,,,,,,,,,,,False
2013-08-25 20:00:00+00:00,,,,,,,,,,,False
2013-08-25 20:30:00+00:00,,,,,,,,,,,False
2013-08-25 21:00:00+00:00,,,,,,,,,,,False
2013-08-25 21:30:00+00:00,,,,,,,,,,,False
2013-08-25 22:00:00+00:00,,,,,,,,,,,False
2013-08-25 22:30:00+00:00,,,,,,,,,,,False
2013-08-25 23:00:00+00:00,,,,,,,,,,,False
2013-08-25 23:30:00+00:00,,,,,,,,,,,False
2013-08-26 00:00:00+00:00,,,,,,,,,,,False
2013-08-26 00:30:00+00:00,,,,,,,,,,,False
2013-08-26 01:00:00+00:00,,,,,,,,,,,False
2013-08-26 01:30:00+00:00,,,,,,,,,,,False
2013-08-26 02:00:00+00:00,,,,,,,,,,,False
2013-08-26 02:30:00+00:00,,,,,,,,,,,False
2013-08-26 03:00:00+00:00,,,,,,,,,,,False
2013-08-26 03:30:00+00:00,,,,,,,,,,,False
2013-08-26 04:00:00+00:00,,,,,,,,,,,False
2013-08-26 04:30:00+00:00,,,,,,,,,,,False
2013-08-26 05:00:00+00:00,,,,,,,,,,,False
2013-08-26 05:30:00+00:00,,,,,,,,,,,False
2013-08-26 06:00:00+00:00,,,,,,,,,,,False
2013-08-26 06:30:00+00:00,,,,,,,,,,,False
2013-08-26 07:00:00+00:00,,,,,,,,,,,False
2013-08-26 07:30:00+00:00,,,,,,,,,,,False
2013-08-26 08:00:00+00:00,,,,,,,,,,,False
2013-08-26 08:30:00+00:00,,,,,,,,,,,False
2013-08-26 09:00:00+00:00,,,,,,,,,,,False
2013-08-26 09:30:00+00:00,,,,,,,,,,,False
2013-08-26 10:00:00+00:00,,,,,,,,,,,False
2013-08-26 10:30:00+00:00,,,,,,,,,,,False
2013-08-26 11:00:00+00:00,,,,,,,,,,,False
2013-08-26 11:30:00+00:00,,,,,,,,,,,False
2013-08-26 12:00:00+00:00,,,,,,,,,,,False
2013-08-26 12:30:00+00:00,,,,,,,,,,,False
2013-08-26 13:00:00+00:00,,,,,,,,,,,False
2013-08-26 13:30:00+00:00,,,,,,,,,,,False
2013-08-26 14:00:00+00:00,,,,,,,,,,,False
2013-08-26 14:30:00+00:00,,,,,,,,,,,False
2013-08-26 15:00:00+00:00,,,,,,,,,,,False
2013-08-26 15:30:00+00:00,,,,,,,,,,,False
2013-08-26 16:00:00+00:00,,,,,,,,,,,False
2013-08-26 16:30:00+00:00,,,,,,,,,,,False
2013-08-26 17:00:00+00:00,0.089500575,,0.038846632,0.005690103,0.03854409,0.001898572,0.018177485,0.000128702,0.006393331,,False
2013-08-26 17:30:00+00:00,0.08620089428942697,,0.04216272279539129,0.008189651150049613,0.040355360647241253,0.002231060118995863,0.018462908477375126,0.0006049126676408767,0.0057163525,,True
2013-08-26 18:00:00+00:00,0.082674929,,0.04815078,0.012765208,0.04401522,0.003040124,0.018869194,0.001619985,0.005039374,,False
2013-08-26 18:30:00+00:00,0.08167363235289372,,0.054889197197546376,0.018733688261388208,0.0500695837973744,0.005379562777353565,0.0193009142615642,0.003260496423425146,0.006854771219081499,,True
2013-08-26 19:00:00+00:00,0.081258754,,0.063298224,0.023512581,0.059387275,0.010524588,0.020024058,0.005506221,0.010365039,,False
2013-08-26 19:30:00+00:00,0.08950081172827747,,0.07431553230977957,0.024637557127456355,0.07491131134478199,0.03948207435625782,0.02358411008147876,0.00798067983709906,0.014699328630653366,,True
2013-08-26 20:00:00+00:00,0.102253428,,0.086123122,0.025801868,0.093138095,0.066493408,0.028435621,0.011070557,0.019690109,,False
2013-08-26 20:30:00+00:00,0.11058382608407202,,0.09693949142946444,0.03137003719129642,0.10931574597840689,0.0679044337374315,0.03176276955141266,0.01593616026767417,0.024451827956716275,,True
2013-08-26 21:00:00+00:00,0.118071235,,0.106214639,0.039721115,0.123441467,0.069340583,0.03472414,0.020643894,0.029177327,,False
2013-08-26 21:30:00+00:00,0.12605178576301793,,0.11322137407189999,0.047611977732884794,0.13387403867139672,0.11066891412038594,0.03807519642272329,0.023331691954527386,0.033685572978072106,,True
2013-08-26 22:00:00+00:00,0.13174922,,0.118446695,0.056133926,0.142936949,0.159053948,0.039992848,0.025457918,0.038221817,,False
2013-08-26 22:30:00+00:00,0.13417729642463258,,0.1224733012339451,0.0671677618357818,0.15135272499309177,0.1733675470532156,0.039992848,0.027809318849633363,0.044256047215476754,,True
2013-08-26 23:00:00+00:00,0.13522092,,0.124479753,0.075078095,0.160087441,0.179835471,0.039992848,0.029120668,0.047947138,,False
2013-08-26 23:30:00+00:00,0.12986896746064633,,0.12364390897274881,0.07700759662162043,0.17385751833104052,0.18044771846306693,0.03962268784163677,0.0282693065,0.047030749001043474,,True
2013-08-27 00:00:00+00:00,0.117098802,,0.121272051,0.078020634,0.182746666,0.181088362,0.038580723,0.027417945,0.044603091,,False
2013-08-27 00:30:00+00:00,0.07247480653935368,,0.08418853002725121,0.07843489238597412,0.15407389800000001,0.2087567345765144,0.02439875165836322,0.031278804755149804,0.02812859749895652,,True
2013-08-27 01:00:00+00:00,0.035269024,,0.048641023,0.078963398,0.12540113,0.288482424,0.010888585,0.042783317,0.013165373,,False
2013-08-27 01:30:00+00:00,0.23436693442754478,,0.4620290548467669,1.2164198877798988,0.7900998034639235,2.5292847646659986,0.02581124885929735,1.1153396861184732,0.5221016574271057,,True
2013-08-27 02:00:00+00:00,0.704826227,,1.370602288,3.418505483,2.085069493,5.832027776,0.066777665,3.051673961,1.601080872,,False
2013-08-27 02:30:00+00:00,1.7802559983731874,,2.8866070275726594,6.2836926416129595,3.5935409703630046,7.564045012777171,0.30161882577777693,4.897452251150807,3.2392660226935654,,True
2013-08-27 03:00:00+00:00,3.569852002,,5.318935788,9.300959401,5.618399925,9.560664691,0.83254511,7.193717789,5.643600284,,False
2013-08-27 03:30:00+00:00,7.221066643199268,,10.977178255080574,11.986060338089555,8.994186039681352,15.550853725719545,2.6661114206535683,11.509263302475569,10.25406764737933,,True
2013-08-27 04:00:00+00:00,9.88675367,,15.2239115,13.45398132,12.15304415,20.16182311,4.892728276,14.50290001,13.52834297,,False
2013-08-27 04:30:00+00:00,9.506337549387473,,14.884546233136737,13.441707973024673,13.91742165949172,18.416270851003116,6.354482783709357,13.813134706118042,13.23074404612071,,True
2013-08-27 05:00:00+00:00,8.765992449,,14.11368705,13.40581395,14.75206868,15.72352094,7.101057871,12.49302229,12.56363921,,False
2013-08-27 05:30:00+00:00,7.739143593066274,,12.293671891849868,12.450695778100854,13.17633232613289,13.88931507212039,7.056351603383592,10.719559818578144,11.068103771403234,,True
2013-08-27 06:00:00+00:00,6.753564606,,10.2384108,10.94852702,10.96082278,12.41840828,6.933924235,9.110885272,9.404786927,,False
2013-08-27 06:30:00+00:00,6.197337853151967,,9.101626509353057,9.704548883446314,9.724959391641544,11.254161136208632,5.958974606338289,8.235685039803812,8.399070560482043,,True
2013-08-27 07:00:00+00:00,5.820870285,,8.205359724,8.817277359,9.029431324,10.61254427,4.711817067,7.826043995,7.776202296,,False
2013-08-27 07:30:00+00:00,5.630170517560027,,7.433350715777151,8.536534782982775,8.917247345384755,10.539944763733807,4.169686339204878,7.8693603905,7.578762273860265,,True
2013-08-27 08:00:00+00:00,5.425230442,,6.737416121,8.281838344,8.807726604,10.48108771,3.690197489,7.912676786,7.395030587,,False
2013-08-27 08:30:00+00:00,4.853707000920801,,6.127911393005603,7.774220915630376,8.264421042188625,10.365993156318332,3.0430022729452273,7.850047344100411,6.985211431806177,,True
2013-08-27 09:00:00+00:00,4.069169509,,5.398266955,7.02096554,7.283659884,10.13785975,2.377139713,7.679155279,6.319057093,,False
2013-08-27 09:30:00+00:00,3.2927339150832524,,3.8619142801127344,5.770795775046035,5.569450707735018,8.108708292156258,1.767558926525644,6.5070343422184775,4.934811479472947,,True
2013-08-27 10:00:00+00:00,2.477103326,,2.238073432,4.244351806,3.709510056,5.150178393,1.231203517,4.704189018,3.287333484,,False
2013-08-27 10:30:00+00:00,1.5435307194111192,,1.178069256763859,2.6179410313795457,2.4477292890920928,2.87902113017894,0.7685893450377319,3.095472679988501,1.9212023283432123,,True
2013-08-27 11:00:00+00:00,0.825274243,,0.513879556,1.339422253,1.514355127,1.277895031,0.447364208,1.767017581,0.947539044,,False
2013-08-27 11:30:00+00:00,0.5080893937021028,,0.24919424485711453,0.7280653787751792,0.8772064826963082,0.5662842787473618,0.29885644826396845,0.9316104004132232,0.49858124049289965,,True
2013-08-27 12:00:00+00:00,0.331625131,,0.115024318,0.37529464,0.479911722,0.205486177,0.209171274,0.432816499,0.252835949,,False
2013-08-27 12:30:00+00:00,0.2548463701471062,,0.06556838611261817,0.20673424999745452,0.2994754786094195,0.09835488752200917,0.15553520347807032,0.23984433427178461,0.1508745684676127,,True
2013-08-27 13:00:00+00:00,0.208376396,,0.04035912,0.112178547,0.194972755,0.04684366,0.119710374,0.133869357,0.094063215,,False
2013-08-27 13:30:00+00:00,0.1761508432243443,,0.027995471186998504,0.06352156818539222,0.13501162230464206,0.025917902916659463,0.09451807342126642,0.07570691246554662,0.06190979912267019,,True
2013-08-27 14:00:00+00:00,0.153421938,,0.022520508,0.036629429,0.09945785,0.014366145,0.07589129,0.042073456,0.042476443,,False
2013-08-27 14:30:00+00:00,0.1369978204417282,,0.022043394844255954,0.024066669248494484,0.08036073087796981,0.007277355952111726,0.06090703273333624,0.02483449559844879,0.030686484531892915,,True
2013-08-27 15:00:00+00:00,0.124348135,,0.021876886,0.017654273,0.069645554,0.003377652,0.049983551,0.014553333,0.024198742,,False
2013-08-27 15:30:00+00:00,0.11390083065697819,,0.0240400365,0.015805821654287427,0.06555548175940143,0.0018200331423836391,0.04357152547857933,0.008442294144217636,0.022250434738256056,,True
2013-08-27 16:00:00+00:00,0.105417258,,0.026203187,0.014279371,0.062201335,0.001178594,0.038071999,0.004697253,0.020763819,,False
2013-08-27 16:30:00+00:00,0.09843838463897131,,0.024839083499999998,0.011326155796409467,0.055439052077338714,0.0014238360335486634,0.03108841209022432,0.002548325674295924,0.0179672896580768,,True
2013-08-27 17:00:00+00:00,0.092891995,,0.02347498,0.00778102,0.050919239,0.001916769,0.024540875,0.001302505,0.016154829,,False
2013-08-27 17:30:00+00:00,0.08799681410785513,,0.02386434144053327,0.003352939232209519,0.05315827500776099,0.0024978193361497756,0.01859444009919412,0.0006668336250927631,0.016484153767198646,,True
2013-08-27 18:00:00+00:00,0.085438115,,0.024878725,0.000627421,0.057521532,0.003422901,0.015379403,0.000390577,0.01706201,,False
2013-08-27 18:30:00+00:00,0.08567132782714959,,0.030022827394207103,0.0016092638211070282,0.06286019275447353,0.005629390495910605,0.017238259172670467,0.0010422122860230523,0.01748900967333972,,True
2013-08-27 19:00:00+00:00,0.086298353,,0.036295346,0.003329679,0.069437944,0.008946585,0.019750194,0.002302385,0.018161513,,False
2013-08-27 19:30:00+00:00,0.0911606896728504,,0.03879455603280341,0.004750303791441621,0.07517592503900235,0.013474258537098391,0.020744135587792045,0.00396378161386229,0.022758783615213198,,True
2013-08-27 20:00:00+00:00,0.095629214,,0.041357037,0.006587848,0.084883121,0.017822873,0.02161304,0.005651604,0.027910766,,False
2013-08-27 20:30:00+00:00,0.09337299331484485,,0.047268202982641463,0.010293543216484574,0.2337213546987631,0.02023067535148893,0.023014248615717207,0.006729291712512909,0.029497624299249414,,True
2013-08-27 21:00:00+00:00,0.090801827,,0.054233601,0.014537268,0.375227062,0.022461945,0.024051575,0.007697137,0.030583223,,False
2013-08-27 21:30:00+00:00,0.09028214668515516,,0.05942639861033637,0.01746184056445195,0.31560830555880015,0.025396172172555652,0.024241657285467753,0.008659665559992459,0.03147889849175899,,True
2013-08-27 22:00:00+00:00,0.090077412,,0.064596463,0.020438802,0.238286659,0.028885368,0.024430975,0.009855604,0.03243825,,False
2013-08-27 22:30:00+00:00,0.0926077835,,0.0723456350394784,0.025549717590800734,0.2102734615930743,0.03449923057324799,0.025690987838352525,0.012787486827609289,0.034535713653240034,,True
2013-08-27 23:00:00+00:00,0.095138155,,0.077246599,0.028990481,0.190534654,0.038211289,0.026787606,0.014960839,0.036022014,,False
2013-08-27 23:30:00+00:00,0.0829845643503747,,0.07383927426268422,0.029067091243435823,0.17023882484812555,0.032860179,0.0228158895,0.0144539695,0.0314811,,True
2013-08-28 00:00:00+00:00,0.06131886,,0.066038531,0.02914473,0.159371496,0.027509069,0.018844173,0.0139471,0.026940186,,False
2013-08-28 00:30:00+00:00,0.034819544649625306,,0.04350434273731578,0.03802351299814153,0.18497012216591016,0.35346916318101473,0.06416017481476577,0.09108875171216942,0.028488231258655603,,True
2013-08-28 01:00:00+00:00,0.017832343,,0.025363573,0.064191503,0.258254504,1.144471267,0.189758982,0.302194028,0.033115008,,False
2013-08-28 01:30:00+00:00,0.4228979178526341,,0.6339244744849384,1.384364664132579,1.2556670014072162,3.498917555730982,1.229671076208255,1.7522351703422872,0.7501772211471015,,True
2013-08-28 02:00:00+00:00,1.321030538,,1.938773392,3.931086603,2.943896218,6.703540269,2.841465907,4.102904023,2.223400275,,False
2013-08-28 02:30:00+00:00,2.9899131179443916,,3.9972695072921494,7.476442095555705,4.3742013048198425,9.085291552035947,4.054348804183943,6.234526081451849,4.35065056614563,,True
2013-08-28 03:00:00+00:00,5.374242961,,7.054740751,10.90695212,6.225863325,11.69658118,5.408458473,8.644768965,7.174088258,,False
2013-08-28 03:30:00+00:00,8.972274524702975,,12.928861527722912,13.140984766585852,10.490068661775192,16.520928554552054,7.784815588009457,12.415244617493695,11.434130695448612,,True
2013-08-28 04:00:00+00:00,11.36179178,,17.10771916,14.24594811,14.13779305,19.80051915,9.563968932,14.87250811,14.23874616,,False
2013-08-28 04:30:00+00:00,10.418716439876262,,15.630381761644239,13.873079397948661,15.039381669831839,17.885422789250146,9.878708073283578,13.628245877131196,13.465340685591027,,True
2013-08-28 05:00:00+00:00,9.132900659,,13.4455055,13.17983312,15.39759183,15.27229405,9.997258672,11.75243889,12.17266857,,False
2013-08-28 05:30:00+00:00,8.610234484980298,,12.255447957984249,12.440487806967962,13.485111164475224,14.168080804212765,9.636795846265882,10.591140148574128,11.107145754486819,,True
2013-08-28 06:00:00+00:00,8.142974448,,11.13931792,11.57385494,10.82531187,13.25397609,8.926246442,9.630215005,10.08449551,,False
2013-08-28 06:30:00+00:00,7.501631700171818,,9.76278063902202,10.600057200389097,9.591266222100712,12.272997041506155,7.997195312199699,8.881384128750012,9.221244724173554,,True
2013-08-28 07:00:00+00:00,6.773030798,,8.326466973,9.550517156,8.604813702,11.20872476,6.904091634,8.177631291,8.332150123,,False
2013-08-28 07:30:00+00:00,5.931106875436592,,6.849857770763271,8.410947491456264,7.607626460633728,9.715796663604067,5.798499998144422,7.268170086024629,7.115215810349425,,True
2013-08-28 08:00:00+00:00,5.119665227,,5.591132932,7.381535802,6.787292494,8.405842386,4.811942658,6.529087335,5.978546706,,False
2013-08-28 08:30:00+00:00,4.541626638721065,,4.8489827418911595,6.732730367014357,6.311315665142998,7.846030986696201,4.1613668342904155,6.248557124478752,5.320410246161436,,True
2013-08-28 09:00:00+00:00,3.940692511,,4.133260714,6.046203117,5.785690241,7.253747913,3.5421167,5.944729712,4.662809905,,False
2013-08-28 09:30:00+00:00,2.982255361090684,,2.9555639832462712,4.7487828120631415,4.435084920678518,5.551486495644097,2.691369230349177,4.820046518060675,3.528746891907949,,True
2013-08-28 10:00:00+00:00,1.995850277,,1.7939046,3.267198281,2.87707777,3.501907164,1.838396493,3.317751534,2.317526864,,False
2013-08-28 10:30:00+00:00,1.2086038725186297,,0.9525098550257263,1.9065370002579676,1.7445892098319935,1.8805657611935125,1.0845701022535055,1.9898037357406113,1.2878126915961645,,True
2013-08-28 11:00:00+00:00,0.665579552,,0.418701603,0.927428951,0.94798133,0.784187096,0.554951396,0.993261307,0.582719931,,False
2013-08-28 11:30:00+00:00,0.41572245433089544,,0.21831431488188566,0.512742461331341,0.5335743286583717,0.34818299937127506,0.32148716467210403,0.506896844556403,0.29585996142584736,,True
2013-08-28 12:00:00+00:00,0.275714223,,0.111806514,0.279909105,0.294578948,0.131734551,0.190920768,0.237312801,0.147481271,,False
2013-08-28 12:30:00+00:00,0.21089550902039955,,0.06048967386396138,0.16369200847985968,0.18377101990128666,0.06441599674519469,0.12910992997543325,0.12875780553139207,0.09300888690159032,,True
2013-08-28 13:00:00+00:00,0.172185353,,0.032305334,0.095621974,0.120815671,0.031310296,0.091977634,0.070174118,0.06266748,,False
2013-08-28 13:30:00+00:00,0.14810315609445598,,0.01842170618492423,0.055910005416915695,0.086522048368058,0.01655655561930931,0.06798758143771087,0.04007915094412217,0.043937957139793135,,True
2013-08-28 14:00:00+00:00,0.130756905,,0.01087717,0.032235514,0.066198386,0.008477358,0.052063955,0.022764831,0.031634629,,False
2013-08-28 14:30:00+00:00,0.11601636028316584,,0.0072146054922925355,0.019657134756391414,0.05476321461709175,0.0037913190942386616,0.04144522862867182,0.01329141836813779,0.023025664055534776,,True
2013-08-28 15:00:00+00:00,0.104379035,,0.00565234,0.012432139,0.048061356,0.001652812,0.034268755,0.007804562,0.017166971,,False
2013-08-28 15:30:00+00:00,0.09606102832539275,,0.006045100016876902,0.008522627418040324,0.0452823214969727,0.0015316100630376273,0.03001216551406497,0.004755973339940705,0.01334092492126687,,True
2013-08-28 16:00:00+00:00,0.088505498,,0.006985416,0.006804319,0.042681722,0.001489944,0.026468037,0.003406741,0.010912159,,False
2013-08-28 16:30:00+00:00,0.0796522387523892,,0.00941987294412179,0.008308934169378494,0.03648325066731659,0.001723679,0.022355698544003568,0.004028352637655732,0.009468940289595587,,True
2013-08-28 17:00:00+00:00,0.070731649,,0.013120239,0.011379499,0.029831217,0.001957414,0.018264972,0.005387719,0.00881188,,False
2013-08-28 17:30:00+00:00,0.06042015339795131,,0.01719443751981355,0.015880971190725648,0.024952202427726868,,0.013457237224911349,0.007976501772741899,0.00985441967887335,,True
2013-08-28 18:00:00+00:00,0.054368496,,0.021992458,0.021307577,0.022422814,,0.010627099,0.011170377,0.012069392,,False
2013-08-28 18:30:00+00:00,0.05676419670324334,,0.027314088624854595,0.026505723964903062,0.028034278228892158,,0.011950963290157442,0.014047580346826773,0.015745471688874548,,True
2013-08-28 19:00:00+00:00,0.061440842,,0.033847893,0.031308431,0.037511404,,0.014352861,0.016185112,0.020438925,,False
2013-08-28 19:30:00+00:00,0.06761615107274756,,0.043998259820286226,0.03487603316167977,0.04535144601343822,,0.016795197950655684,0.016989276842619756,0.025158263664200983,,True
2013-08-28 20:00:00+00:00,0.074292391,,0.054254803,0.038523503,0.053367124,,0.01947041,0.017773589,0.029625903,,False
2013-08-28 20:30:00+00:00,0.0805889817240091,,0.06069392443597697,0.04430252575257762,0.06173597380063,,0.0225670655265583,0.019867815964842342,0.033491071425959106,,True
2013-08-28 21:00:00+00:00,0.084103697,,0.066649872,0.049484533,0.069854105,,0.024846499,0.022166789,0.036331283,,False
2013-08-28 21:30:00+00:00,0.08328801736033505,,0.07511836178221354,0.051715859723962386,0.07727117872222819,,0.02569809823262858,0.02335053487583003,0.03794184637356824,,True
2013-08-28 22:00:00+00:00,0.081973253,,0.081446637,0.053918631,0.083888788,,0.026056011,0.024624771,0.03884119,,False
2013-08-28 22:30:00+00:00,0.08118345291618494,,0.08354126435585643,0.05883280984291627,0.08944292192706468,,0.025832541268002187,0.027961661222713697,0.03907789878301622,,True
2013-08-28 23:00:00+00:00,0.080095136,,0.084403643,0.064220676,0.09431526,,0.025241613,0.030787117,0.039322496,,False
2013-08-28 23:30:00+00:00,0.07440147672348002,,0.08230789349999999,0.06692519691352401,0.0975734435264809,,0.021292735231997813,0.031179334137436378,0.04025728807128444,,True
2013-08-29 00:00:00+00:00,0.069505419,,0.080212144,0.070886767,0.102606834,,0.017711316,0.031620687,0.042597656,,False
2013-08-29 00:30:00+00:00,0.15520455481812767,,0.13577132181370172,0.18776454351792402,0.26817686387716017,,0.12370248722392257,0.22837845892483533,0.10755465038758799,,True
2013-08-29 01:00:00+00:00,0.375525741,,0.285649461,0.488487138,0.655436597,,0.376940826,0.693041386,0.28107353,,False
2013-08-29 01:30:00+00:00,1.3016573247979693,,1.22000770544193,1.9565752171096644,1.7571796049591348,,1.0722053355456398,1.9552687179422457,1.4417017935875593,,True
2013-08-29 02:00:00+00:00,2.615945326,,2.592474823,4.093783104,3.120150355,,2.011153692,3.537669864,3.180931971,,False
2013-08-29 02:30:00+00:00,3.56848478385098,,3.499161484807491,5.741445601725073,3.8987376484920557,,2.740693840773105,4.496457622618262,4.401270324332791,,True
2013-08-29 03:00:00+00:00,4.576410185,,4.570329901,7.355626923,4.730551581,,3.510218316,5.545360107,5.805069248,,False
2013-08-29 03:30:00+00:00,5.94685245466904,,6.6451412190672485,9.020620902541546,6.104187635025753,,4.42586532296548,7.49110972448049,8.293166599139546,,True
2013-08-29 04:00:00+00:00,7.395512821,,9.290540315,10.67642409,8.013860027,,5.537636822,9.734447661,11.00908611,,False
2013-08-29 04:30:00+00:00,8.952120355863883,,12.662167150869626,12.678411196886124,11.677016222427161,,7.377203560911233,12.050863732733498,13.464890936866736,,True
2013-08-29 05:00:00+00:00,9.852345383,,14.76629662,13.86682497,14.26390747,,8.825386242,13.39108153,14.82063384,,False
2013-08-29 05:30:00+00:00,9.67852419309823,,13.856149572027913,13.556357679881009,13.546118798992145,,9.218305281580621,12.614847632025713,14.069444426147193,,True
2013-08-29 06:00:00+00:00,9.292317968,,12.24477148,12.90241175,12.28721094,,9.375568546,11.29382418,12.76917712,,False
2013-08-29 06:30:00+00:00,8.435411593374432,,10.314109414972089,11.633629413973585,11.031128812393632,,8.56505995295008,9.94409380575063,11.507267460490038,,True
2013-08-29 07:00:00+00:00,7.533575142,,9.084678394,10.51460675,9.895531874,,7.452765857,9.026108457,10.40599989,,False
2013-08-29 07:30:00+00:00,7.188913809698549,,9.357050262,10.29131704104957,9.266633974158681,,7.035425055496551,8.902564553103016,9.864889724498152,,True
2013-08-29 08:00:00+00:00,6.806066866,,9.62942213,10.05212851,8.597783748,,6.573050817,8.774982373,9.248665979,,False
2013-08-29 08:30:00+00:00,5.356026789593864,,6.779206890045359,8.122563740909095,7.161217731635563,,5.0458019617618,7.331590487465704,7.047165489940652,,True
2013-08-29 09:00:00+00:00,3.656345744,,3.225736022,5.5684235,5.42325392,,3.293746283,5.307797974,4.588374676,,False
2013-08-29 09:30:00+00:00,2.712472378752732,,2.1169055854142362,4.0869608203309316,3.811799048227467,,2.277988095825309,4.0423666903532105,3.404039172979043,,True
2013-08-29 10:00:00+00:00,1.98885731,,1.4233463,2.911334063,2.492201438,,1.538607294,2.973773059,2.500938762,,False
2013-08-29 10:30:00+00:00,1.3980934231173805,,0.9301449222749217,1.9185675705598977,1.6959986872730823,,1.024332509410686,2.005710967727772,1.654312154418992,,True
2013-08-29 11:00:00+00:00,0.924245371,,0.576882713,1.156879117,1.107866144,,0.648716948,1.220204393,0.981941578,,False
2013-08-29 11:30:00+00:00,0.5018786836808077,,0.2932065186579274,0.5938329857733825,0.5884256034795933,,0.34819734757009463,0.5921788207623504,0.4660339400427295,,True
2013-08-29 12:00:00+00:00,0.241610373,,0.121500746,0.257551964,0.264422765,,0.16546996,0.221816992,0.166270734,,False
2013-08-29 12:30:00+00:00,0.17234497279845976,,0.06482167294941407,0.1498669756882951,0.16117307441905776,,0.1063324425565357,0.13317275242479376,0.09098430513508506,,True
2013-08-29 13:00:00+00:00,0.135629363,,0.035767589,0.090295128,0.106188808,,0.073033811,0.084320207,0.054360824,,False
2013-08-29 13:30:00+00:00,0.11339834302370243,,0.022176285239558433,0.05274234476500592,0.07736974471894884,,0.05094756878686636,0.04826594985932949,0.038457960297286105,,True
2013-08-29 14:00:00+00:00,0.100046723,,0.014718598,0.029101434,0.058394439,,0.037020818,0.025350929,0.028384873,,False
2013-08-29 14:30:00+00:00,0.09301862702133284,,0.010590543418584156,0.014099679774740064,0.04302157669116105,,0.02939630291879655,0.0125229111100598,0.019736283556441213,,True
2013-08-29 15:00:00+00:00,0.088213687,,0.00877877,0.005603518,0.031962519,,0.023936962,0.005249581,0.013598048,,False
2013-08-29 15:30:00+00:00,0.08356010584051056,,0.009098724445693254,0.0022252252944859655,0.023716677510665765,,0.01821262022328162,0.0019605230273068313,0.009363381494390902,,True
2013-08-29 16:00:00+00:00,0.081123363,,0.009833228,0.000830518,0.019666799,,0.015121669,0.000438749,0.00732979,,False
2013-08-29 16:30:00+00:00,0.08632422272951767,,0.01135757141711952,0.0008817780468148514,0.024627745073723405,,0.015523096135191932,0.0001648153901149278,0.009789668448147753,,True
2013-08-29 17:00:00+00:00,0.095299285,,0.013712577,0.001007836,0.033901853,0.0,0.016147752,6.45e-05,0.014246469,,False
2013-08-29 17:30:00+00:00,0.10525921377048232,,0.01662341298359651,0.0013623239571141383,0.045591958699698114,0.0012903611858890603,0.016547094027503123,0.0001505729290863034,0.019665736194963198,,True
2013-08-29 18:00:00+00:00,0.11144494,,0.020668466,0.001964688,0.055795611,0.003046661,0.016938094,0.000374703,0.023697615,,False
2013-08-29 18:30:00+00:00,0.11137317052731963,,0.027656800463981914,0.002789871207108575,0.06024771296875334,0.0036679287961193306,0.017423086961208784,0.001527147328596575,0.024434357385454686,,True
2013-08-29 19:00:00+00:00,0.111183356,,0.035735189,0.003947014,0.063417036,0.004389169,0.017880128,0.002887308,0.025097211,,False
2013-08-29 19:30:00+00:00,0.1102308926769337,,0.041980112271205315,0.005723994959345619,0.06597027275284192,0.007800641956943768,0.018283538876096166,0.0033486128156606605,0.027162858387992404,,True
2013-08-29 20:00:00+00:00,0.108760917,,0.048598202,0.007803132,0.068608068,0.011601232,0.018500015,0.00384147,0.029664208,,False
2013-08-29 20:30:00+00:00,0.10742012026832565,,0.05688239376170572,0.00953272909639739,0.07247126754361474,0.012886415829732621,0.018500015,0.005394079337403296,0.03129523380149926,,True
2013-08-29 21:00:00+00:00,0.106086433,,0.067690809,0.011601763,0.077349835,0.014199389,0.018500015,0.007450607,0.033045022,,False
2013-08-29 21:30:00+00:00,0.10499000720851442,,0.08521708287778373,0.01512568956481244,0.08351662166690135,0.018036539634753018,0.0189409635,0.00916683225127844,0.03637598792180502,,True
2013-08-29 22:00:00+00:00,0.103715118,,0.105924123,0.019766206,0.09073235,0.02227346,0.019381912,0.010895259,0.039184408,,False
2013-08-29 22:30:00+00:00,0.10187746494927566,,0.12676102156222693,0.026529934161555947,0.09963693100181745,0.0250674705965622,0.018709606528701316,0.013198467837974723,0.04016449536013769,,True
2013-08-29 23:00:00+00:00,0.098663077,,0.144072013,0.031566398,0.107213784,0.026478894,0.017225074,0.014608231,0.040577019,,False
2013-08-29 23:30:00+00:00,0.08146041786963093,,0.1525270018160166,0.03230645073465226,0.11032301608180392,0.0234141465,0.013528398471298686,0.013775377,0.0329064985,,True
2013-08-30 00:00:00+00:00,0.066441405,,0.161671813,0.03311776,0.113847902,0.020349399,0.01064395,0.012942523,0.025235978,,False
2013-08-30 00:30:00+00:00,0.07079854155098061,,0.179531814459345,0.04953617781732087,0.12406815043537951,0.02808350084423331,0.014064220036555016,0.021233407169243584,0.03248007522931123,,True
2013-08-30 01:00:00+00:00,0.083597867,,0.218234276,0.095329273,0.14824362,0.050948182,0.024178194,0.045547921,0.053627887,,False
2013-08-30 01:30:00+00:00,0.41103172509774544,,0.9033630900209452,0.6928159588089849,0.5466042535495467,0.9538310634065529,0.4002011932744899,0.6458212174203627,0.4590744234349322,,True
2013-08-30 02:00:00+00:00,1.148254256,,2.361365649,2.019358743,1.394458867,2.793506745,1.25812807,1.917687746,1.404411674,,False
2013-08-30 02:30:00+00:00,2.856735361874941,,5.360089190386053,5.462940347832818,3.0338034217696186,5.580935495890718,3.3390788543975773,4.207245167878574,3.9642064362758713,,True
2013-08-30 03:00:00+00:00,5.050818392,,8.688115494,9.221053784,5.098126399,9.019019736,5.954477495,7.099008353,7.556320652,,False
2013-08-30 03:30:00+00:00,6.997542658716048,,10.892116361083618,11.074170608060639,6.686628968225508,13.123521782358496,8.085373078631422,10.19429072170302,11.624099797059884,,True
2013-08-30 04:00:00+00:00,8.418299258,,12.20275276,12.28089067,8.534158127,15.62544496,9.580220993,12.23645529,14.10576506,,False
2013-08-30 04:30:00+00:00,9.094435129260283,,12.59403468145071,13.087488061752437,12.589705761730794,15.618361970886394,10.265753065659956,12.615538567328802,13.97333711578016,,True
2013-08-30 05:00:00+00:00,9.392705882,,12.74895055,13.4667628,15.49501846,15.59729633,10.56428737,12.75791702,13.62541931,,False
2013-08-30 05:30:00+00:00,8.19669681738052,,11.11300615813594,11.792694304630382,13.04401758435554,13.619459524473928,9.575709482183239,10.774132910667593,11.555299703459488,,True
2013-08-30 06:00:00+00:00,6.865989566,,9.051657515,9.831701144,9.967739467,11.30339895,8.435418192,8.412680629,9.431861687,,False
2013-08-30 06:30:00+00:00,6.703564446428888,,8.442443154714429,9.461859431181082,9.018196361047105,10.84596396882225,8.255252508726109,7.878131726706099,9.098693508648651,,True
2013-08-30 07:00:00+00:00,6.564442497,,7.946544062,9.150279055,8.351511087,10.4607497,8.081555489,7.49841702,8.815187101,,False
2013-08-30 07:30:00+00:00,6.218891547820326,,7.272968393824828,8.549900032150111,7.753322519787531,9.716247640837896,7.417728665177772,7.0792290927632004,8.167651480275929,,True
2013-08-30 08:00:00+00:00,5.711417991,,6.512282109,7.759655053,7.163119051,8.791501394,6.459523611,6.628886996,7.299984979,,False
2013-08-30 08:30:00+00:00,5.03790798143122,,5.691413951246845,6.8066046566957175,6.490437346163233,7.881958319296003,5.560809951732947,6.110296616879829,6.340327561918854,,True
2013-08-30 09:00:00+00:00,4.18951978,,4.711400405,5.656861651,5.633104957,6.739552252,4.539502156,5.407213426,5.209050302,,False
2013-08-30 09:30:00+00:00,3.100359366344871,,3.2108201176864797,4.169846018907823,4.048917683100057,4.604592118475453,3.134883270194273,3.916892107608613,3.7150433062017365,,True
2013-08-30 10:00:00+00:00,2.008540606,,1.772126993,2.690884432,2.403596439,2.467189327,1.8258616,2.299221043,2.269717504,,False
2013-08-30 10:30:00+00:00,1.0689187366528432,,0.817714593171631,1.4458637237333778,1.2840192396741716,1.1514910946042243,0.9359486364361846,1.1998397651115127,1.1433638619051811,,True
2013-08-30 11:00:00+00:00,0.47125311,,0.27268499,0.63470343,0.592327065,0.404517126,0.4034418,0.519562128,0.448637172,,False
2013-08-30 11:30:00+00:00,0.30321718847062673,,0.13980886154895852,0.36444498492957067,0.35158357203340845,0.21105841343841805,0.23468770755861196,0.28885044175011787,0.2450243368015251,,True
2013-08-30 12:00:00+00:00,0.217507798,,0.075650733,0.217812328,0.226048651,0.115337545,0.145387289,0.168164893,0.143729331,,False
2013-08-30 12:30:00+00:00,0.17425547739195604,,0.04644152433630464,0.13724090263687488,0.1679404867076614,0.06970623893385972,0.09767396380344119,0.11079950149959154,0.10010163901082503,,True
2013-08-30 13:00:00+00:00,0.150286659,,0.030528986,0.087355494,0.132918975,0.042556119,0.068023086,0.075382029,0.074314449,,False
2013-08-30 13:30:00+00:00,0.13888409526293663,,0.021870807511108932,0.054659566264657865,0.10950636968962148,0.024144993355204918,0.047550427391111615,0.04986514221141092,0.05641299028020095,,True
2013-08-30 14:00:00+00:00,0.131675332,,0.017481812,0.033754795,0.092722939,0.012673745,0.034486053,0.032117352,0.044489586,,False
2013-08-30 14:30:00+00:00,0.12681253987062957,,0.016185850823477562,0.02162616020670244,0.07893594882210918,0.006269901279030545,0.027381443004932636,0.01959546299103687,0.03646533060209225,,True
2013-08-30 15:00:00+00:00,0.122404731,,0.015681066,0.014048363,0.069250126,0.00300562,0.022958648,0.011490113,0.031793194,,False
2013-08-30 15:30:00+00:00,0.11645760902590928,,0.015805912780064164,0.00985361036283311,0.06298888061956187,0.002303890995918814,0.02005171671972107,0.007208099584918602,0.030165777652474732,,True
2013-08-30 16:00:00+00:00,0.110148392,,0.016144699,0.006784927,0.06003601,0.001858281,0.018500015,0.004653541,0.029130404,,False
2013-08-30 16:30:00+00:00,0.10399073063073601,,0.018332483943809725,0.003384598800865726,0.06177785126313392,0.0013815066639206886,0.01808934457165668,0.0033403131978467083,0.02835890560986935,,True
2013-08-30 17:00:00+00:00,0.098385028,0.010654575,0.021693116,0.001511837,0.063949372,0.000929141,0.017930987,0.002426494,0.027484796,,False
2013-08-30 17:30:00+00:00,0.09296349978853852,0.01617776007701017,0.02414938318386209,0.0046502092408235544,0.06449148734411914,0.00034842793750003366,0.017964166916951022,0.001477407028231914,0.024803498353014534,,True
2013-08-30 18:00:00+00:00,0.089991211,0.022691834,0.027238992,0.009598433,0.065050544,0.0,0.01804767,0.000968828,0.022733343,,False
2013-08-30 18:30:00+00:00,0.09189113749999998,0.024373455922989836,0.03437762660224743,0.012900729447418146,0.06763909889274694,0.000992501390241613,0.018438983583048976,0.002168897,0.024929635,,True
2013-08-30 19:00:00+00:00,0.093791064,0.025064189,0.042121078,0.016151327,0.069781033,0.002429637,0.018779974,0.003368966,0.027125927,,False
2013-08-30 19:30:00+00:00,0.0902522762565691,0.017005384664413956,0.046417164445100016,0.019973866280277062,0.06595352581959933,0.0033532796097583873,0.017119506783508,0.0031314529999999998,0.025669639528520614,,True
2013-08-30 20:00:00+00:00,0.08399571,0.007674554,0.050232345,0.023739439,0.059888886,0.003832288,0.014532614,0.00289394,0.02332579,,False
2013-08-30 20:30:00+00:00,0.07653066424343088,0.005548530335586043,0.05403061902258516,0.02658384645418982,0.054685689180400676,0.003832288,0.012426115216492,0.003717362551730037,0.021216410971479385,,True
2013-08-30 21:00:00+00:00,0.071783397,0.004694533,0.05932992,0.029907424,0.051719625,0.003832288,0.011246042,0.00517984,0.019994594,,False
2013-08-30 21:30:00+00:00,0.07448860699999998,0.0094881775,0.07517280032247797,0.03658571238732319,0.05921112888808649,0.006224692921994396,0.011684573093474657,0.006524444658535328,0.023046388901429283,,True
2013-08-30 22:00:00+00:00,0.077193817,0.014281822,0.096024038,0.044789964,0.071230018,0.009748072,0.012144388,0.008078887,0.027506064,,False
2013-08-30 22:30:00+00:00,0.07703302456735835,0.01376916167402093,0.1130018504676532,0.05353232327897011,0.08194189861191352,0.011730758497588211,0.012177372406525343,0.010551995289734635,0.030462113098570717,,True
2013-08-30 23:00:00+00:00,0.076569937,0.012468199,0.128780555,0.059558418,0.088126394,0.013410305,0.012189073,0.012176211,0.032010282,,False
2013-08-30 23:30:00+00:00,0.06664177943264166,0.006042094825979071,0.14316581207329065,0.060658603385234156,0.082789232,0.01459788922606317,0.009886991500000001,0.0115567745,0.0286097765,,True
2013-08-31 00:00:00+00:00,0.057015917,0.000404293,0.156142609,0.061845122,0.07745207,0.016432108,0.00758491,0.010937338,0.025209271,,False
2013-08-31 00:30:00+00:00,0.05866554874526351,0.017619793675108873,0.16462142029357635,0.07169373567567122,0.07973152435294825,0.048715534557034174,0.007683661175163618,0.019747230531096477,0.026687973714433776,,True
2013-08-31 01:00:00+00:00,0.063591045,0.068656715,0.177809053,0.098601928,0.08654119,0.138727266,0.007979827,0.045671527,0.031105676,,False
2013-08-31 01:30:00+00:00,0.7007367943843527,3.0016296824698423,1.2342736182716738,1.0349331876317556,1.142503658781838,1.5952438274859055,0.6162612387113386,0.9070927082372702,0.6555067083893994,,True
2013-08-31 02:00:00+00:00,1.90463091,7.642367212,3.144449859,2.848273533,2.956182144,3.861574051,1.785900452,2.398173084,1.914150956,,False
2013-08-31 02:30:00+00:00,3.3026010657517384,11.156103168032091,5.202809707581391,5.402233086517214,4.561014918047509,5.414196855322143,3.18503389355481,3.719721654518426,3.6288548610437297,,True
2013-08-31 03:00:00+00:00,4.8987827,14.09152687,7.288498286,7.979402146,6.208422316,7.121542173,4.835335578,5.271830259,5.856587986,,False
2013-08-31 03:30:00+00:00,6.860896917118646,16.492917239322956,9.300041814012268,9.868936232201122,7.8799742731606015,10.38589267598927,6.982124265058687,7.898374046695118,9.193324060352436,,True
2013-08-31 04:00:00+00:00,8.054775425,17.73103388,10.41979026,10.84011576,9.395410195,12.62650423,8.316189493,9.777958625,11.3798487,,False
2013-08-31 04:30:00+00:00,7.997579958000001,16.80005684978122,10.391917813631318,10.741796911421389,10.671951683471926,12.364045413351084,8.0680421425,9.98152778401809,11.267121556499907,,True
2013-08-31 05:00:00+00:00,7.940384491,15.42319072,10.31735715,10.58692552,11.58363859,12.03796406,7.819894792,10.05472252,11.05777099,,False
2013-08-31 05:30:00+00:00,7.949351428,14.772150783955798,9.982478166895213,10.505475127978071,12.108851852185177,11.964479506658305,8.081366525500002,9.849336170876777,10.879220039567368,,True
2013-08-31 06:00:00+00:00,7.958318365,13.96980809,9.261247917,10.38249912,12.35021488,11.87561931,8.342838259,9.329628928,10.57465305,,False
2013-08-31 06:30:00+00:00,6.497588477655629,11.054522674097074,7.123579817115619,8.467536676141439,10.072973763008537,9.551421807939347,6.757013080123206,7.318529426213244,8.18756909438679,,True
2013-08-31 07:00:00+00:00,4.19216296,7.267476752,4.447940967,5.533753014,6.489651093,5.97691202,4.275945582,4.603702501,4.889456634,,False
2013-08-31 07:30:00+00:00,2.237982547344371,3.9176207316659037,2.334674099357849,2.9043012069591034,3.480258682491462,2.892193718051262,2.228938736376795,2.3060070074099808,2.436903471545937,,True
2013-08-31 08:00:00+00:00,1.128497765,2.036717075,1.192417466,1.391748777,1.776947825,1.136785882,1.07717421,1.026359831,1.118018276,,False
2013-08-31 08:30:00+00:00,2.7531219825,7.6683721725,2.8713731460000003,2.9863623085000004,4.0491841385,3.9152186755000002,2.305818595,2.553160567,2.6473461535,,True
2013-08-31 09:00:00+00:00,4.3777462,13.30002727,4.550328826,4.58097584,6.321420452,6.693651469,3.53446298,4.079961303,4.176674031,,False
2013-08-31 09:30:00+00:00,4.1883976223840875,11.469213138467481,4.193528664836733,4.544265063201329,5.214109659962877,6.125163215973552,3.337510106189395,3.9872572962227495,3.9759070301179333,,True
2013-08-31 10:00:00+00:00,3.744517557,8.207834894,3.445607003,4.440169788,3.451300001,4.965781386,2.90019509,3.749484282,3.513448692,,False
2013-08-31 10:30:00+00:00,2.471421988579333,4.520816939964373,2.033793311248032,3.0132891464790212,2.06408770772277,3.001433431945929,1.908822523651037,2.6614699988179815,2.2906720548704453,,True
2013-08-31 11:00:00+00:00,1.14836305,1.677581007,0.765862299,1.29686734,1.037941921,1.226468987,0.914388014,1.372530656,1.031225882,,False
2013-08-31 11:30:00+00:00,0.6317264945728125,0.7115101558508446,0.3546513907760477,0.7015877354179896,0.5286329983795539,0.5467157756815829,0.49926590921094033,0.7575381628560467,0.5205346611275365,,True
2013-08-31 12:00:00+00:00,0.352741367,0.246907868,0.159495294,0.373263402,0.259018049,0.203838104,0.269416,0.396354163,0.245654154,,False
2013-08-31 12:30:00+00:00,0.2389762699637676,0.10961606681306522,0.10914411663918791,0.22586831200984675,0.16795892893479902,0.09753372439893612,0.1774052495031313,0.25019272534931736,0.14606828413711154,,True
2013-08-31 13:00:00+00:00,0.192054603,0.05317563,0.089976949,0.149783166,0.131638196,0.055863873,0.127526099,0.169052363,0.096858503,,False
2013-08-31 13:30:00+00:00,0.2047392705,0.04775564576284359,0.11741124050000001,0.1226248506570333,0.14763315,0.067326969,0.10292895367082447,0.12647278435277834,0.07839745482957643,,True
2013-08-31 14:00:00+00:00,0.217423938,0.043820348,0.144845532,0.104980242,0.163628104,0.078790065,0.086140001,0.097659181,0.067746651,,False
2013-08-31 14:30:00+00:00,0.19002329698222276,0.03413970664139159,0.1166528215,0.08864958872706481,0.16206521557709486,0.07674409046861072,0.07138874562941236,0.07341793307478073,0.06114602925906093,,True
2013-08-31 15:00:00+00:00,0.151844995,0.027436543,0.088460111,0.074062897,0.157880308,0.071748998,0.058909171,0.054760253,0.055282187,,False
2013-08-31 15:30:00+00:00,0.13393273281916446,0.027436543,0.097188372,0.05817242550106277,0.13034796708820234,0.052289701152146977,0.04727264148872384,0.04007816552903637,0.046280274176448935,,True
2013-08-31 16:00:00+00:00,0.119735523,0.027436543,0.105916633,0.045652103,0.098046656,0.035409531,0.037832622,0.030171673,0.037928645,,False
2013-08-31 16:30:00+00:00,0.1060167197936711,0.027436543,0.07994196933957927,0.038337614418594165,0.08453510233470281,0.0348468533792423,0.031038897205496182,0.024614492797309418,0.03190892048188723,,True
2013-08-31 17:00:00+00:00,0.094516059,0.027436543,0.053605844,0.034389655,0.078414538,0.034654167,0.026218792,0.022096673,0.028865959,,False
2013-08-31 17:30:00+00:00,0.08546183698221453,,0.05305858616042072,0.03330114058805825,0.09187661637465215,0.038882426000000005,0.0228871493516853,0.02331407,0.029404541718524316,,True
2013-08-31 18:00:00+00:00,0.078782555,,0.05287279,0.032878728,0.111581037,0.043110685,0.021125478,0.024531467,0.030550498,,False
2013-08-31 18:30:00+00:00,0.07420177021692101,,0.05629014120013061,0.03575745974672635,0.1215272194933387,0.043110685,0.020807902599354146,0.023766553,0.03225603089605532,,True
2013-08-31 19:00:00+00:00,0.071583616,,0.0631951,0.040967555,0.131602166,0.043110685,0.020690643,0.023001639,0.034906233,,False
2013-08-31 19:30:00+00:00,0.07074018870580615,,0.0725359451641943,0.04612251763386355,0.14853890176936718,0.04385346540733151,0.020940545029136504,0.024105948397352972,0.03980582513187838,,True
2013-08-31 20:00:00+00:00,0.070403657,,0.084706392,0.051975988,0.166650443,0.0455200949999999,0.021368779,0.025861335,0.045708438,,False
2013-08-31 20:30:00+00:00,0.07064267413033065,,0.09861087865870578,0.058607287360716596,0.1800756925327466,0.048665351819950936,0.02166607977018479,0.02709830619615338,0.05029896113139017,,True
2013-08-31 21:00:00+00:00,0.071251162,,0.115323328,0.065455972,0.193155273,0.053445626,0.022121151,0.028252132,0.055406239,,False
2013-08-31 21:30:00+00:00,0.07432018386966936,,0.13767847064163957,0.0720907743020452,0.20874401132196072,0.061947935272717455,0.02544353520067871,0.029346015396227127,0.06418407319194604,,True
2013-08-31 22:00:00+00:00,0.077019735,,0.160507127,0.077988546,0.224687952,0.067891378,0.028429817,0.030416087,0.072169606,,False
2013-08-31 22:30:00+00:00,0.07647986090087329,,0.1787416901893609,0.08279982799926916,0.2429734375079346,0.067891378,0.027891885777490605,0.03142650730067486,0.07644041443020579,,True
2013-08-31 23:00:00+00:00,0.075012806,,0.193886481,0.086364233,0.253703478,0.067891378,0.026765888,0.032605238,0.078431706,,False
2013-08-31 23:30:00+00:00,0.06552346569993166,,0.20281778377849105,0.08792566000348505,0.25075662,0.067164182,0.024465890722509393,0.03400430965105412,0.075276814,,True
2013-09-01 00:00:00+00:00,0.050619835,,0.215227053,0.089982436,0.247809762,0.066436986,0.02275396,0.036686457,0.072121922,,False
2013-09-01 00:30:00+00:00,0.03423928339919506,,0.3031984362969221,0.1235988360680058,0.30393118218799875,0.19453344309761608,0.04932231751349523,0.0852472636221237,0.07590280560807429,,True
2013-09-01 01:00:00+00:00,0.024200203,,0.527085075,0.216229907,0.462602471,0.537511022,0.125177478,0.217251571,0.087154097,,False
2013-09-01 01:30:00+00:00,0.21829188511257774,,2.357577085070249,1.385525981099111,2.236164164762473,2.6648284598286764,1.134171750891277,1.5102607815659679,0.935275177767851,,True
2013-09-01 02:00:00+00:00,0.659152039,,5.064964262,3.480607342,5.007537637,5.438044814,2.74764141,3.402374799,2.545498557,,False
2013-09-01 02:30:00+00:00,1.492274820067333,,6.892489753874382,5.856104992324119,7.149045328402744,6.673263454537456,3.93648546882427,4.508546903287956,4.2930573589911685,,True
2013-09-01 03:00:00+00:00,2.875129317,,8.789523344,8.468757683,9.274278545,8.091908634,5.355316807,5.803601296,6.66185356,,False
2013-09-01 03:30:00+00:00,5.974555883371803,,11.977554377125923,11.46317032281303,12.020454783646784,13.514849825536253,8.507502881309025,9.329085262577655,11.646551262632906,,True
2013-09-01 04:00:00+00:00,8.541555504,,14.07328001,13.27374273,13.68254385,17.89358444,10.84114474,12.21367554,15.24043886,,False
2013-09-01 04:30:00+00:00,8.964808566948287,,13.669087259189626,13.33422586164963,13.417137700989164,17.44677625681087,10.940540441461934,12.580664651504836,14.860093185860276,,True
2013-09-01 05:00:00+00:00,9.123988388,,12.83170292,13.35483553,12.80341926,16.49745995,10.97473089,12.71512135,14.04740639,,False
2013-09-01 05:30:00+00:00,8.131562999884228,,11.372253479288643,12.157778259907438,11.139490582837338,14.700071184303793,10.30782707621973,11.193702531992084,12.425948367825587,,True
2013-09-01 06:00:00+00:00,6.912965822,,9.964701443,10.64234873,9.44769443,12.90989098,9.344633272,9.245980444,10.9056574,,False
2013-09-01 06:30:00+00:00,6.592491709706365,,9.39785274574431,10.167930518805408,8.866334507535223,12.06578705220934,8.847398238938776,8.533569667061782,10.43542142823237,,True
2013-09-01 07:00:00+00:00,6.344276556,,8.925769511,9.810279585,8.477906756,11.54143355,8.413600217,8.11554919,10.06636932,,False
2013-09-01 07:30:00+00:00,6.055819968722017,,8.329610364967166,9.458110705845996,8.19631497439802,11.31483455478144,7.992200938552827,7.9437939695064,9.619587097921041,,True
2013-09-01 08:00:00+00:00,5.673208812,,7.647812271,9.027974842,7.888768763,11.06916863,7.481809129,7.77140511,9.048577956,,False
2013-09-01 08:30:00+00:00,4.816102293025347,,6.82517721044453,8.195248870577737,7.299709534769461,10.202387141769535,6.541208558411597,7.316409320037693,8.01139458482402,,True
2013-09-01 09:00:00+00:00,3.76996488,,5.865222889,7.06785938,6.445015259,8.855336152,5.399943746,6.617334684,6.717814511,,False
2013-09-01 09:30:00+00:00,2.9309160709791193,,4.738004804069229,5.747265604856286,5.1531441643261156,7.2596110500137465,4.36414289261303,5.660364392735845,5.476884710348061,,True
2013-09-01 10:00:00+00:00,2.153120557,,3.486523225,4.294310443,3.669964323,5.397054858,3.301666677,4.448516637,4.15242384,,False
2013-09-01 10:30:00+00:00,1.3486441637273645,,1.941323231457567,2.690516129219689,2.215784549551372,3.069833202331355,2.0140461599713304,2.8255666717248777,2.4696853482771495,,True
2013-09-01 11:00:00+00:00,0.748324124,,0.773233936,1.413032055,1.107390524,1.261136793,0.996766888,1.424457307,1.126764999,,False
2013-09-01 11:30:00+00:00,0.45568597941985906,,0.3501673884587522,0.7581516445254687,0.5501358132857405,0.5524973686700498,0.5224203264648218,0.7024021759217376,0.5159009768774102,,True
2013-09-01 12:00:00+00:00,0.293861625,,0.140202384,0.379685507,0.253062904,0.196983425,0.261072356,0.300654826,0.201370604,,False
2013-09-01 12:30:00+00:00,0.23102531920273142,,0.07374187919110735,0.21365356749749395,0.15995700970660814,0.08784474893945822,0.1583838905040319,0.16131618049607038,0.113363230911508,,True
2013-09-01 13:00:00+00:00,0.194181175,,0.039237893,0.119666351,0.112970301,0.03559996,0.100669401,0.088153393,0.068763856,,False
2013-09-01 13:30:00+00:00,0.16876151134897344,,0.01930475161675262,0.06687720490444544,0.08846186735576818,0.014182367840759066,0.065905268342937,0.05109963770224999,0.045090150034833534,,True
2013-09-01 14:00:00+00:00,0.151743576,,0.009178268,0.035375947,0.077791307,0.00411655,0.044242489,0.028861447,0.031367331,,False
2013-09-01 14:30:00+00:00,0.14101563782176763,,0.0062780590723164045,0.01736491087963232,0.07746910687999142,0.0011481403296555671,0.0313230887589041,0.014077120745954689,0.023826402425153517,,True
2013-09-01 15:00:00+00:00,0.133081631,,0.005152857,0.007266882,0.077343247,0.0,0.022796353,0.005562631,0.019044865,,False
2013-09-01 15:30:00+00:00,0.1270978867687122,,0.006523527360630974,0.002824042618422278,0.07731673504948995,0.0,0.01623555194598537,0.0020694603242777825,0.01595613879443608,,True
2013-09-01 16:00:00+00:00,0.120890278,,0.008556988,0.000805855,0.07728729,0.0,0.012936315,0.000459004,0.013655149,,False
2013-09-01 16:30:00+00:00,0.11083141478125412,,0.009973863139369024,0.0004892338619854475,0.0737832896519862,0.0,0.012806501325672388,0.00012421975102878477,0.011685773565712827,,True
2013-09-01 17:00:00+00:00,0.099066931,,0.010727948,0.000374703,0.068300446,0.0,0.012699311,0.0,0.010010891,,False
2013-09-01 17:30:00+00:00,0.08681518888998321,,0.009184526,0.0007599102024033749,0.06367125066372084,0.00028184114995505013,0.012348080015159153,0.00014204121012946665,0.008211799102443733,,True
2013-09-01 18:00:00+00:00,0.075919112,,0.007641104,0.001648227,0.061048704,0.000959815,0.011830802,0.000444246,0.007205306,,False
2013-09-01 18:30:00+00:00,0.06794062879285298,,0.009459774439255463,0.00354583015289843,0.06375129287852276,0.0028873677261882238,0.01118774732626911,0.0008931293012919454,0.007812959784949582,,True
2013-09-01 19:00:00+00:00,0.062432342,,0.01275299,0.006442171,0.068885588,0.005498341,0.010545504,0.001592611,0.009179955,,False
2013-09-01 19:30:00+00:00,0.05909894242942712,,0.015731586058422904,0.009895674672807392,0.07452219291018912,0.007334818091274541,0.009984356608930982,0.0027690530564086608,0.011823136157411068,,True
2013-09-01 20:00:00+00:00,0.057556201,,0.019723326,0.014485488,0.081703602,0.00961664,0.009681542,0.004479058,0.015756903,,False
2013-09-01 20:30:00+00:00,0.05824995571001684,,0.02668706058604166,0.021424242018069133,0.09075386797140979,0.014957812778710024,0.010276969846736678,0.006828925168836673,0.020582410786273857,,True
2013-09-01 21:00:00+00:00,0.060024772,,0.037107179,0.029823044,0.10265778,0.021371379,0.0116320839999999,0.00994258,0.026642453,,False
2013-09-01 21:30:00+00:00,0.0666340279046744,,0.05329491968557025,0.03867463463957284,0.12159551092101252,0.02620891539461643,0.014516296572713307,0.014194905728504537,0.03485778811681746,,True
2013-09-01 22:00:00+00:00,0.077441617,,0.074711397,0.047427066,0.141901806,0.030679232,0.018505485,0.019059294,0.043207781,,False
2013-09-01 22:30:00+00:00,0.09348896338530875,,0.10547469791817284,0.056662859942419236,0.1600842693188658,0.03561466235956068,0.023514234080549916,0.024944728534828715,0.05074013415454804,,True
2013-09-01 23:00:00+00:00,0.104256915,,0.129781297,0.062084529,0.170068012,0.039242938,0.026658321,0.028509988,0.054853368,,False
2013-09-01 23:30:00+00:00,0.095903226,,0.13783016481253685,0.062274451020812895,0.168048963,0.0402938053656774,0.024281717999999997,0.028398157,0.052948579,,True
2013-09-02 00:00:00+00:00,0.087549537,,0.141162925,0.062463944,0.166029914,0.041595942,0.021905115,0.028286326,0.05104379,,False
2013-09-02 00:30:00+00:00,0.0965491747869094,,0.13661658050000003,0.06593205139276276,0.18586947334513737,0.42937117849161544,0.06360911044317599,0.10783917804100701,0.053110108657860894,,True
2013-09-02 01:00:00+00:00,0.122559392,,0.132070236,0.075884502,0.243332896,1.234680905,0.175695533,0.311016029,0.059272207,,False
2013-09-02 01:30:00+00:00,0.5168405454083709,,0.9078156046710586,0.7540524692812474,1.196466403160282,2.386990999099974,0.7488752341272269,1.020363528548946,0.6328613504598014,,True
2013-09-02 02:00:00+00:00,1.327252908,,2.492216651,2.235408329,3.073576627,4.04379262,1.837680085,2.281168046,1.888026897,,False
2013-09-02 02:30:00+00:00,2.6620978002893616,,4.912939621251992,5.3472450394765225,6.00214357285038,6.473126679374558,3.625413825740191,4.210537744106175,4.213571464975538,,True
2013-09-02 03:00:00+00:00,4.411105032,,7.630761941,8.715109309,9.074538655,9.431435794,5.813175467,6.571599384,7.370746254,,False
2013-09-02 03:30:00+00:00,6.502161730065516,,9.924085994689626,10.623645329476462,11.17258060952981,13.241032510956687,8.04309149122578,9.185788735548801,11.379914530512204,,True
2013-09-02 04:00:00+00:00,8.172806912,,11.51316979,11.89207289,12.57504139,15.73258769,9.726454584,11.14434407,14.16695051,,False
2013-09-02 04:30:00+00:00,8.938484567949844,,12.220147564387323,12.686653138224022,13.315129421114392,15.939752865211187,10.512985534963624,11.93195191575507,14.637784078394597,,True
2013-09-02 05:00:00+00:00,9.277269612,,12.52561057,13.05545756,13.64536991,16.01278432,10.86003394,12.26842082,14.81344754,,False
2013-09-02 05:30:00+00:00,8.675301426293439,,11.536260716834686,12.15128729405345,12.462802150821613,14.910086123880633,10.404503362624647,11.17585051693896,13.6239362024446,,True
2013-09-02 06:00:00+00:00,7.591624819,,9.793440435,10.59313278,10.49013131,12.96688446,9.49072912,9.354517333,11.5516112,,False
2013-09-02 06:30:00+00:00,6.4088336263784065,,7.9833028986476045,9.1286160148138,8.742358497770907,10.983822115237205,8.137487315459433,7.726982052328951,9.445088166162739,,True
2013-09-02 07:00:00+00:00,5.343056918,,6.433074436,7.803142129,7.324528262,9.215543459,6.719302335,6.438316868,7.702424791,,False
2013-09-02 07:30:00+00:00,4.714700369448517,,5.62329041819195,6.864470491380901,6.573967681048781,8.167249015401465,5.7827895149333415,5.839790689429378,6.881198801592003,,True
2013-09-02 08:00:00+00:00,4.26347574,,5.035369613,6.170649492,6.026975907,7.337638816,5.038224781,5.373911708,6.281327037,,False
2013-09-02 08:30:00+00:00,3.9964283183921605,,4.620941468439627,5.792008859103638,5.635968830570171,6.676363579208169,4.5134834726843085,4.921231787439718,5.814870825693821,,True
2013-09-02 09:00:00+00:00,3.68859783,,4.146337637,5.36333169,5.178035727,5.900620958,3.944884879,4.378070402,5.257185356,,False
2013-09-02 09:30:00+00:00,2.6160072078660654,,2.847162794285986,3.8848783427328186,3.8775965554486493,3.9818679429378987,2.723916345391097,3.2294139319121165,3.6650869878898,,True
2013-09-02 10:00:00+00:00,1.467207603,,1.527012427,2.269360843,2.457473438,2.096630359,1.554617812,2.072506382,2.026008725,,False
2013-09-02 10:30:00+00:00,0.9632677242707267,,0.943894286150776,1.5037189072373884,1.704045510740922,1.294442054020255,1.0237712570398645,1.4891730765592341,1.3107458011609527,,True
2013-09-02 11:00:00+00:00,0.627982962,,0.561069275,0.971375245,1.142693434,0.783837174,0.667766869,1.042478296,0.832416374,,False
2013-09-02 11:30:00+00:00,0.37853418823654444,,0.278946521739873,0.5527244680304385,0.6441772499782268,0.43544625183794206,0.3949820914100689,0.587769725207363,0.46237983506265706,,True
2013-09-02 12:00:00+00:00,0.225993627,,0.115083218,0.287747121,0.329982831,0.223310862,0.220842999,0.27837451,0.235874955,,False
2013-09-02 12:30:00+00:00,0.15812331611414102,,0.05740439370949805,0.17002359357767002,0.2166335711207329,0.1206254137931382,0.13799065911777103,0.160011227743448,0.14025082899342772,,True
2013-09-02 13:00:00+00:00,0.129243744,,0.034022344,0.110997593,0.170088367,0.07014142,0.092223322,0.094741294,0.099970482,,False
2013-09-02 13:30:00+00:00,0.13267210352653533,,0.05185258363264193,0.09491598458524553,0.172765631988774,0.057300668183293234,0.07114074147537784,0.05839005363198553,0.17521533,,True
2013-09-02 14:00:00+00:00,0.138791689,,0.084054912,0.084498267,0.178211486,0.052406993,0.060095843,0.040511957,0.250460178,,False
2013-09-02 14:30:00+00:00,0.14630600197346466,,0.12501863936735805,0.07382105981833147,0.18829264501122597,0.059938874999999996,0.05609829807919091,0.03707478899536769,0.20282559440729936,,True
2013-09-02 15:00:00+00:00,0.151129089,,0.151610278,0.063495252,0.195605215,0.067470757,0.05326814,0.03510163,0.148682506,,False
2013-09-02 15:30:00+00:00,0.1496769677051355,,0.12892982892811472,0.05132687221535881,0.1792831700035003,0.062319885,0.05038284858218182,0.033611572465210786,0.1410562381452463,,True
2013-09-02 16:00:00+00:00,0.145943734,,0.097667961,0.040337988,0.15316013,0.057169013,0.046895242,0.03195006,0.133756514,,False
2013-09-02 16:30:00+00:00,0.1297494134191995,,0.08119837417971366,0.03215714878119624,0.1322292233251396,0.06303012949999999,0.039714504704973494,0.027813415027671994,0.09996921169606524,,True
2013-09-02 17:00:00+00:00,0.107979347,,0.072496228,0.026518149,0.116737389,0.068891246,0.031573122,0.022946849,0.061727327,,False
2013-09-02 17:30:00+00:00,0.09109079972198435,,0.07121897739217159,0.02321763016976342,0.1088207051713601,0.055299270815930494,0.02459060253672645,0.018719275320596356,0.04131448375138911,,True
2013-09-02 18:00:00+00:00,0.081168397,,0.070755705,0.021702675,0.105265944,0.033824186,0.020516786,0.016388828,0.031538184,,False
2013-09-02 18:30:00+00:00,0.0797689316536807,,0.07324357611922337,0.024728469489725433,0.11233434498704963,0.015560069684069509,0.02004572896101701,0.017640918448090532,0.031846463015238774,,True
2013-09-02 19:00:00+00:00,0.07926018,,0.079130445,0.030880579,0.125225396,0.005179063,0.019877046,0.019924577,0.032741211,,False
2013-09-02 19:30:00+00:00,0.08878815499734531,,0.09325196637253458,0.039730304627063624,0.1389850375602151,0.008095112825061663,0.020556053336026215,0.022155722270265514,0.05648276798476122,,True
2013-09-02 20:00:00+00:00,0.099622499,,0.115237402,0.0504979,0.153181802,0.012428498,0.022021187,0.024878175,0.079637856,,False
2013-09-02 20:30:00+00:00,0.10119833511432193,,0.14609558965272063,0.06213406556561377,0.16554148325967152,0.014887288824004603,0.02478112313083731,0.029076908818419792,0.069526395,,True
2013-09-02 21:00:00+00:00,0.102619832,,0.175124818,0.071266899,0.175854904,0.017083279,0.027915924,0.032786266,0.059414934,,False
2013-09-02 21:30:00+00:00,0.10748685316161077,,0.1888995874312181,0.07470384742929136,0.18245872102553456,0.019452001504103856,0.03019099073616173,0.03416803408903739,0.061493122122362645,,True
2013-09-02 22:00:00+00:00,0.112581318,,0.202671468,0.07799476,0.189266792,0.021665348,0.031746994,0.035584716,0.065225666,,False
2013-09-02 22:30:00+00:00,0.11517893822672197,,0.23153128708967177,0.08649881998265634,0.2042702720993185,0.02313366237553706,0.032446346663215705,0.04028956613738863,0.06989494587763737,,True
2013-09-02 23:00:00+00:00,0.116397085,,0.262500715,0.094620254,0.215161017,0.025209198,0.032895913,0.044622772,0.07290987,,False
2013-09-02 23:30:00+00:00,0.111080024,,0.27858354742477154,0.09771397677723913,0.2154699547328125,0.03513187781688081,0.03313677294303813,0.04538628922492994,0.07214770849999999,,True
2013-09-03 00:00:00+00:00,0.105762963,,0.300079446,0.099929891,0.215785799,0.059597235,0.033473324,0.04627034,0.071385547,,False
2013-09-03 00:30:00+00:00,0.12351551493017247,,0.4093617637952948,0.10149199565523327,0.3378843355618203,0.24815750092200733,0.08857821075721559,0.10673771580068316,0.08759487781167014,,True
2013-09-03 01:00:00+00:00,0.171133823,,0.64715437,0.103891358,0.645700837,0.591037431,0.223822712,0.254009555,0.133558897,,False
2013-09-03 01:30:00+00:00,0.41576754643094915,,1.3590280135533885,0.37558645539905827,1.766115755796756,0.9816478214086609,0.6178136113899657,0.676240619079085,0.6172980730324634,,True
2013-09-03 02:00:00+00:00,0.863536654,,2.445541942,0.962806023,3.410430961,1.542141069,1.261936141,1.374310742,1.522423186,,False
2013-09-03 02:30:00+00:00,1.4382051546034798,,3.528397315949249,1.921268899258279,4.773531469031837,2.479482255302812,2.01928646211753,2.237042991478834,2.587661565452059,,True
2013-09-03 03:00:00+00:00,2.288715602,,4.912899111,3.398489194,6.329323865,3.93643877,3.082424831,3.444502773,4.097823701,,False
2013-09-03 03:30:00+00:00,3.938594563434717,,7.359552619452431,5.94197155922793,8.831088723681944,6.824158512906248,5.159714818921113,5.558099933385211,6.920799618719094,,True
2013-09-03 04:00:00+00:00,5.848005494,,9.835005146,8.73630994,11.06090045,10.042984,7.311977592,7.929212294,9.990349923,,False
2013-09-03 04:30:00+00:00,7.584388711100681,,11.560027793659497,11.11410192208791,12.236134967263041,12.591409155614684,8.739478802004896,10.108259525268053,12.428196815484712,,True
2013-09-03 05:00:00+00:00,8.552396872,,12.43450069,12.40478436,12.78070054,13.94876166,9.455660102,11.3216032,13.72340494,,False
2013-09-03 05:30:00+00:00,8.459095351795222,,11.87481890862215,12.08287586084334,12.398320424787894,13.830143875425904,9.355523663245284,11.021884396615574,13.150153734127649,,True
2013-09-03 06:00:00+00:00,8.235798295,,10.8384339,11.43931996,11.62628784,13.52947768,9.115871282,10.37088051,12.07913291,,False
2013-09-03 06:30:00+00:00,7.443752006204779,,9.53387447211423,10.314596751156664,10.232286844212107,12.055342174574095,8.265857403254714,8.849393507384427,10.568605913372352,,True
2013-09-03 07:00:00+00:00,6.781701254,,8.470619527,9.511520944,9.227938318,10.76325508,7.555359467,7.679191588,9.555848535,,False
2013-09-03 07:30:00+00:00,6.853263998,,8.186183650195952,9.779664146999998,9.812955538999999,11.656085575000002,7.8913977179999995,8.272425073,9.9150419475,,True
2013-09-03 08:00:00+00:00,6.924826742,,7.88298055,10.04780735,10.39797276,12.54891607,8.227435969,8.865658558,10.27423536,,False
2013-09-03 08:30:00+00:00,5.870103933939837,,6.256370005621826,8.991124120597242,8.961098463737228,10.192406923810504,6.795754724816398,8.124922432097772,8.514532376187649,,True
2013-09-03 09:00:00+00:00,4.136390259,,4.116408832,7.021505855,6.528291974,6.525863169,4.545879207,6.606845575,5.7487111,,False
2013-09-03 09:30:00+00:00,2.6566606838902227,,2.6060112510808,4.619508406589015,4.283045237566145,3.841455498284535,2.867229757150848,4.006360494977523,3.7202894300437577,,True
2013-09-03 10:00:00+00:00,1.489228011,,1.525455302,2.418466293,2.42358858,1.888516368,1.60017661,1.619517826,2.125399065,,False
2013-09-03 10:30:00+00:00,0.8424276350674358,,0.9639350088007218,1.0910080050832753,1.331258698163851,0.8618543548840888,0.8962732665506778,0.6330505844851886,1.070403837780498,,True
2013-09-03 11:00:00+00:00,0.47479448,,0.612009385,0.356693347,0.687050119,0.346650843,0.476881922,0.162834691,0.451028007,,False
2013-09-03 11:30:00+00:00,0.34377211430001764,,0.39985594051973794,0.17737870711991516,0.4395998775935875,0.2582094958352505,0.28048513278064935,0.09649763642954785,0.23789124334032027,,True
2013-09-03 12:00:00+00:00,0.263233425,,0.25601658,0.088053591,0.28866994,0.199638709,0.164892442,0.061328225,0.123509162,,False
2013-09-03 12:30:00+00:00,0.19694779945769564,,0.14381519030266895,0.03966408209732997,0.16787393571924986,0.11324540874001371,0.0948603957678611,0.03155426234406984,0.05763871213146166,,True
2013-09-03 13:00:00+00:00,0.149221787,,0.076059656,0.014581657,0.093485664,0.048703125,0.052616368,0.013394659,0.023821426,,False
2013-09-03 13:30:00+00:00,0.11784444361362513,,0.05079385370639541,0.005288836013221752,0.06239880398324406,0.02334590779979567,0.030183375066487935,0.00533933388418608,0.014301043472142722,,True
2013-09-03 14:00:00+00:00,0.094517749,,0.039131258,0.001535479,0.046012545,0.010050932,0.017088964,0.001809808,0.009764808,,False
2013-09-03 14:30:00+00:00,0.07319175229269899,,0.03637946603552064,0.0016053372652041855,0.038427032736695864,0.004374953645813626,0.010236328533627824,0.001597626281713467,0.007765276044171521,,True
2013-09-03 15:00:00+00:00,0.060785886,,0.035344824,0.001797502,0.035233695,0.002022724,0.006240829,0.001524615,0.006941342,,False
2013-09-03 15:30:00+00:00,0.05836783743846737,,0.0387572265,0.0032925945865855347,0.041700598000000005,0.0020705253715658503,0.004194513064710281,0.0018601669630633963,0.007172759499999999,,True
2013-09-03 16:00:00+00:00,0.057462464,,0.042169629,0.005478949,0.048167501,0.00212171,0.002827691,0.00261646,0.007404177,,False
2013-09-03 16:30:00+00:00,0.05756014843765808,,0.03610636,0.006959318609619579,0.04699274822775329,0.0021253340979881692,0.0016378379794611715,0.004332459083620943,0.006059548499999999,,True
2013-09-03 17:00:00+00:00,0.057836369,,0.030043091,0.008394875,0.044550393,0.002128973,0.000886827,0.006286206,0.00471492,,False
2013-09-03 17:30:00+00:00,0.060880169012867726,,0.033169754998613514,0.009743203247957927,0.03967863827224671,0.0021579672741186937,0.0005762352892791088,0.007237199191379764,0.005070926567782861,,True
2013-09-03 18:00:00+00:00,0.065767996,,0.038982908,0.011647352,0.036074486,0.002234697,0.000445445,0.008340371,0.00596662,,False
2013-09-03 18:30:00+00:00,0.07090695354947418,,0.0448555349257475,0.01797586382956957,0.041678139172505145,0.003256996562474154,0.0014240415964257669,0.011808440159142156,0.009271685183052908,,True
2013-09-03 19:00:00+00:00,0.074023348,,0.052449577,0.025928695,0.050165841,0.00536231,0.002759921,0.016035055,0.013806702,,False
2013-09-03 19:30:00+00:00,0.07365054636460626,,0.06379725647731277,0.03082164269844545,0.05529218688483166,0.009192707281013091,0.003354572608346191,0.01888970041088562,0.017488714857983513,,True
2013-09-03 20:00:00+00:00,0.072834153,,0.077975943,0.035975552,0.059931285,0.013618097,0.003793632,0.021335282,0.020258569,,False
2013-09-03 20:30:00+00:00,0.07099395735462453,,0.09257473313939613,0.04426308452963351,0.06468770849135448,0.016569232745660925,0.004088338641601256,0.02347931013459971,0.021476476576227106,,True
2013-09-03 21:00:00+00:00,0.069340796,,0.111425256,0.05375757,0.069346638,0.019569275,0.004455158,0.025462264,0.022594416,,False
2013-09-03 21:30:00+00:00,0.0689117877807692,,0.14557024011886602,0.062436981535000366,0.07333421084055594,0.02323598964877638,0.005992581505284656,0.02722180394430212,0.024401915833691994,,True
2013-09-03 22:00:00+00:00,0.068739337,,0.184859192,0.0713115,0.078335618,0.028405261,0.007635091,0.029335905,0.026905771,,False
2013-09-03 22:30:00+00:00,0.074512921,,0.21822878106176796,0.08242934231573706,0.0920524953131269,0.04169333936340209,0.00832196164834213,0.03429586764917148,0.03209839448126161,,True
2013-09-03 23:00:00+00:00,0.080286505,,0.245685969,0.09074879,0.103545582,0.053891122,0.008629943,0.038327061,0.035837151,,False
2013-09-03 23:30:00+00:00,0.07194086999999999,,0.26010879463821096,0.09298194614702025,0.10470042673087086,0.05649249348652098,0.0081976945,0.03878039740078423,0.0340163025,,True
2013-09-04 00:00:00+00:00,0.063595235,,0.278807274,0.095207917,0.105930383,0.059180979,0.007765446,0.039265483,0.032195454,,False
2013-09-04 00:30:00+00:00,0.06650012421128491,,0.37434367219682463,0.1009560821661203,0.132868378053049,0.06865606337259268,0.010528162783987298,0.048160814749225955,0.04034363743731647,,True
2013-09-04 01:00:00+00:00,0.075079248,,0.596667897,0.114239508,0.205328122,0.091961927,0.018713877,0.073287151,0.064222574,,False
2013-09-04 01:30:00+00:00,0.3911830457300295,,1.600183776439177,0.42356738460200727,0.7700384099116496,0.7177367396663088,0.3947100476299618,0.6768427469600924,0.6591896919130282,,True
2013-09-04 02:00:00+00:00,1.036583381,,3.225369287,1.134831517,1.745663298,1.962637912,1.177939821,1.829837892,1.845688172,,False
2013-09-04 02:30:00+00:00,1.9393401840321425,,4.874126668458279,2.806379915755889,2.746616723919054,3.6072745756750417,2.365609992055864,3.1821462146840465,3.4235965570260896,,True
2013-09-04 03:00:00+00:00,3.245891394,,6.868340647,5.373921861,4.000729026,5.922332834,4.043132875,5.01560381,5.662014267,,False
2013-09-04 03:30:00+00:00,5.5448104771703175,,10.080706610279123,9.212485879548192,5.7135182988702855,10.065015159756609,6.69869370564948,8.176139877136544,9.907844591519327,,True
2013-09-04 04:00:00+00:00,7.706699452,,12.53755636,12.19630337,7.846489506,13.59077946,8.921317708,11.13059235,13.21712457,,False
2013-09-04 04:30:00+00:00,8.831621697356226,,13.11798359276668,12.944303885663018,11.157962653812717,14.77469334469793,9.686023863584444,12.711654714033141,13.74578928710424,,True
2013-09-04 05:00:00+00:00,9.354808872,,13.34501512,13.23977953,13.33849418,15.2698691,10.0843734,13.45152423,13.94323291,,False
2013-09-04 05:30:00+00:00,9.14791415116494,,12.866357603657422,12.699938490196093,12.70239928469777,14.948130323941001,10.261470347296266,12.271663941229384,13.292037543846261,,True
2013-09-04 06:00:00+00:00,8.689561211,,11.88254089,11.66778593,11.50134541,14.21922316,10.33535143,10.40053463,12.10759731,,False
2013-09-04 06:30:00+00:00,7.564889453100403,,10.163916483647965,10.163278780436986,9.75129171730223,12.222229357928702,9.442628286100486,8.790821103770616,10.645968469370473,,True
2013-09-04 07:00:00+00:00,6.628565306,,8.614719266,9.032616199,8.566197004,10.5986288,8.247860564,7.8723766,9.56232389,,False
2013-09-04 07:30:00+00:00,6.560312782411705,,8.175661548920175,8.896006226501724,8.844812595999999,10.563558826532585,7.810296330218943,7.9563460500000005,9.381164336103538,,True
2013-09-04 08:00:00+00:00,6.494109644,,7.769602773,8.77227439,9.123428188,10.52979425,7.397766764,8.0403155,9.208655422,,False
2013-09-04 08:30:00+00:00,6.046672669147046,,6.91487220349449,8.392398737147811,8.082788020057643,10.189806163108551,6.755533522739215,7.744265431322086,8.60509180425758,,True
2013-09-04 09:00:00+00:00,5.162741138,,5.634452963,7.65401368,6.123276949,9.382164955,5.807053466,7.024425586,7.493102761,,False
2013-09-04 09:30:00+00:00,3.0941479032833357,,3.0851115922276646,5.029074027742451,3.4583856304557226,5.237804465489162,3.4749759647788028,4.552176674818031,4.688295179962386,,True
2013-09-04 10:00:00+00:00,1.222717882,,1.048650176,2.192884045,1.380108835,1.593566844,1.432727357,1.908593644,1.950326254,,False
2013-09-04 10:30:00+00:00,0.7569799602556161,,0.74520588423109,1.0202773343007687,0.8698208059045456,1.8572678651060937,0.9908482908262939,0.8834614319621691,0.9728864474796085,,True
2013-09-04 11:00:00+00:00,0.513841394,,0.572838425,0.398344927,0.607330686,2.342176922,0.754940402,0.357459483,0.456988161,,False
2013-09-04 11:30:00+00:00,0.3922678049638703,,0.42533403544988985,0.2070026494799558,0.48608975255470405,2.9936098308939063,0.6197021408897133,0.21659503215238832,0.2593727907568109,,True
2013-09-04 12:00:00+00:00,0.314503718,,0.31091732,0.10875889,0.391162931,3.423834704,0.519187422,0.138352918,0.151931965,,False
2013-09-04 12:30:00+00:00,0.25514726461428405,,0.21011554748633618,0.05635740645965882,0.25301643806293567,3.1659422147045055,0.41190881031792564,0.07964459308373523,0.09191001316980328,,True
2013-09-04 13:00:00+00:00,0.211371798,,0.141826601,0.027994808,0.139479777,2.884822931,0.328347015,0.042373927,0.056034489,,False
2013-09-04 13:30:00+00:00,0.17611826088542964,,0.1081117968849678,0.016334297668376397,0.0792452324727021,2.860236992147382,0.27663991181237657,0.021659087996210635,0.033405139424996864,,True
2013-09-04 14:00:00+00:00,0.154142524,,0.093261444,0.009462225,0.048044989,2.833988264,0.24495611,0.010607147,0.022822646,,False
2013-09-04 14:30:00+00:00,0.14733721269270453,,0.2813414795,0.004228076362562112,0.041321052720993734,1.6948107500482434,0.23266346132159402,0.00682225316538144,0.022522905563244575,,True
2013-09-04 15:00:00+00:00,0.141656398,,0.469421515,0.001647561,0.038061838,0.436538358,0.222024071,0.005308099,0.022237746,,False
2013-09-04 15:30:00+00:00,0.1285197889806613,,0.2803737608124705,0.0015030447036112721,0.03623753727075191,0.21442715607689447,0.20518921661926806,0.005324487,0.01902172128308229,,True
2013-09-04 16:00:00+00:00,0.119383605,,0.076643202,0.001453302,0.035448741,0.109258295,0.181233084,0.005340875,0.01411412,,False
2013-09-04 16:30:00+00:00,0.14452031751936423,,0.053432549187529516,0.0019069155,0.09594803150689549,0.06955522803491321,0.13538804319236947,0.00436760087906952,0.010163242263780353,,True
2013-09-04 17:00:00+00:00,0.182699785,0.014329053,0.044904701,0.002360529,0.205542847,0.044467062,0.081834441,0.002742851,0.006505792,,False
2013-09-04 17:30:00+00:00,0.21140226798063577,0.013347803265109199,0.18746712274245475,0.0018405125,0.337332710253933,0.01885068456039969,0.0307270181830105,0.0011101981209304791,0.002690483518435895,,True
2013-09-04 18:00:00+00:00,0.227061996,0.011535932,0.493617096,0.001320496,0.437823918,0.0041446,0.001789172,0.000129021,0.000546132,,False
2013-09-04 18:30:00+00:00,0.21784348327946101,0.008351726947669058,1.1793716877575453,0.004529265919224864,0.4663879945394371,0.0017457899276612208,0.0022896792197443956,0.0009244014919368251,0.004155569673306563,,True
2013-09-04 19:00:00+00:00,0.202144097,0.0060906,1.701538728,0.01009399,0.479858917,0.000863907,0.002925888,0.0023408,0.009432797,,False
2013-09-04 19:30:00+00:00,0.18841936080296728,0.011218027,0.9454153339999999,0.015275397873907652,0.4831308853388457,0.0021049163027427502,0.0030941194736196728,0.0036685421022963917,0.012702422118996717,,True
2013-09-04 20:00:00+00:00,0.17513043,0.016345454,0.18929194,0.020272256,0.486064662,0.004330738,0.003282416,0.005173622,0.014772685,,False
2013-09-04 20:30:00+00:00,0.16142076890112977,0.0127129685,0.19305555716400183,0.024028275454874976,0.49480640590986247,0.006199444119621039,0.004477885372730807,0.006889511640325726,0.015335340619764506,,True
2013-09-04 21:00:00+00:00,0.153245601,0.009080483,0.202412592,0.027847029,0.505973608,0.00889147,0.005750932,0.008832842,0.015908879,,False
2013-09-04 21:30:00+00:00,0.15270734443302975,0.0137211685,0.23331959551164247,0.032956346002917844,0.5176054274510262,0.014768025901704042,0.006079745601006467,0.010964467371635648,0.01844963889491575,,True
2013-09-04 22:00:00+00:00,0.152174472,0.018361854,0.278313569,0.038742322,0.524446265,0.026354018,0.006326419,0.013502601,0.022042552,,False
2013-09-04 22:30:00+00:00,0.14568976348766902,0.015639188,0.3196855026594719,0.045210269940533364,0.5225531824971433,0.08095369391741264,0.006610059352645098,0.017623684385908875,0.02516738649326175,,True
2013-09-04 23:00:00+00:00,0.13435889,0.012916522,0.360073416,0.051243654,0.51733882,0.13451525,0.006963711,0.020913088,0.028160606,,False
2013-09-04 23:30:00+00:00,0.12246851450153506,0.014114205236939951,0.39048726862984756,0.055306594009339405,0.47912412060971293,0.14511640225851954,0.007797796980253559,0.02164132131009139,0.030580386570874973,,True
2013-09-05 00:00:00+00:00,0.107551845,0.017499376,0.428980859,0.05944521,0.41578332,0.149238106,0.008410668,0.022346734,0.033322406,,False
2013-09-05 00:30:00+00:00,0.08102062809420803,0.04377121354085365,0.5117234660954095,0.06422800625908878,0.3368722063931438,0.08638424850000002,0.00822541,0.02414637184851466,0.03681704919046694,,True
2013-09-05 01:00:00+00:00,0.062867061,0.113949123,0.669299316,0.072958062,0.286408474,0.023530391,0.008040152,0.028305411,0.043672823,,False
2013-09-05 01:30:00+00:00,0.1446878440674436,0.7821311588748859,1.1494968917407706,0.17396494294416595,0.5670105221786446,0.1102667099039673,0.17618261485583203,0.1502429049170829,0.2143400189495544,,True
2013-09-05 02:00:00+00:00,0.34489333,2.199851074,1.985674456,0.414337839,1.123773407,0.334708228,0.598253648,0.443702903,0.615616168,,False
2013-09-05 02:30:00+00:00,1.0990181589765515,5.937785693080448,3.669832516026484,1.3293849372170812,2.0731250713213556,1.561887225825378,2.4709335654083766,1.572007005391627,2.0721793301080713,,True
2013-09-05 03:00:00+00:00,1.820364392,8.910235509,4.988488668,2.420219699,2.746315899,2.730787326,4.237853007,2.623974486,3.296680311,,False
2013-09-05 03:30:00+00:00,1.960011207456005,8.955728787766873,5.132636965172371,3.0545591853788663,2.736551834273896,2.8555663837706553,4.473238296235792,2.7808647805405804,3.3021351518807873,,True
2013-09-05 04:00:00+00:00,2.014051916,8.971075431,5.184697834,3.367245824,2.708012043,2.90091914,4.560455491,2.839631987,3.303960003,,False
2013-09-05 04:30:00+00:00,1.4418325898172346,5.6378829491015985,3.9387117976695567,2.4855246127284345,1.8226917488775805,2.1363547497793256,3.279936952018115,1.9394666898585422,2.331484465635436,,True
2013-09-05 05:00:00+00:00,0.701513385,1.70603886,2.286451044,1.295964709,0.79631627,1.096784842,1.574450811,0.811261551,1.090446668,,False
2013-09-05 05:30:00+00:00,0.3914788041827657,0.6899337313984016,1.5187617898304433,0.7039999957715655,0.5244777228485238,0.5636695457206745,0.7679061599818839,0.40305350214145785,0.6015544003645635,,True
2013-09-05 06:00:00+00:00,0.249544102,0.27248021,1.157347253,0.419873975,0.412470087,0.305559767,0.386329111,0.222885295,0.381224393,,False
2013-09-05 06:30:00+00:00,0.9571756613723252,4.1479836668396395,3.0866863822535198,1.0175151496010812,1.5084168772366509,1.0373092609932004,2.1746989747240564,1.1700057271424924,1.560291072943162,,True
2013-09-05 07:00:00+00:00,2.244962098,9.582904326,5.927107246,2.164302737,2.995571659,2.434564239,4.907160627,2.702999889,3.47376918,,False
2013-09-05 07:30:00+00:00,3.9212688001276748,12.707541484160359,7.856947995246479,3.9214537463989183,3.7523674497633492,4.5428504215068,7.000418324275945,4.106507287857508,5.239736704056838,,True
2013-09-05 08:00:00+00:00,5.017420625,14.27276144,8.87570701,5.129458343,4.117955249,5.98563112,8.149584233,4.924140957,6.271292801,,False
2013-09-05 08:30:00+00:00,4.134971346940822,10.808777625546705,7.098761791261321,4.5817322125982995,3.488746082553963,4.5974335249062985,6.425225121943352,3.9935957393535846,5.080954373155717,,True
2013-09-05 09:00:00+00:00,2.705842184,5.792691573,4.401570148,3.558638178,2.424113225,2.552155604,3.811482327,2.538399998,3.209635904,,False
2013-09-05 09:30:00+00:00,1.4613794395857975,2.719106416519665,2.51903983699144,2.250136827058319,1.3965953706594,1.2379153790966735,1.9741935215085606,1.42471233309327,1.7446220975032642,,True
2013-09-05 10:00:00+00:00,0.631184381,0.89601561,1.274869326,1.150199772,0.631783339,0.423100362,0.796450883,0.665243962,0.756342796,,False
2013-09-05 10:30:00+00:00,0.41595336474388117,0.43161166725009925,0.7900321207472399,0.7168582170546888,0.33861612235725913,0.16174094507461426,0.4398473812108542,0.39585655156982125,0.4360455045983537,,True
2013-09-05 11:00:00+00:00,0.327609476,0.208050178,0.58708154,0.464719329,0.203877265,0.052975064,0.254086352,0.248555813,0.266247268,,False
2013-09-05 11:30:00+00:00,0.3191131587294999,0.11348469643417514,0.6801056621107544,0.32527487536851685,0.1814203304293783,0.046381141623257086,0.15959409744124942,0.16748033357238057,0.1800458887645428,,True
2013-09-05 12:00:00+00:00,0.316141913,0.06044436,0.804395274,0.236524822,0.173252905,0.042567239,0.103291128,0.122651655,0.12855394,,False
2013-09-05 12:30:00+00:00,0.32144004000000004,0.026152153732798715,0.8639245133892456,0.1746356060261571,0.22159735487447604,0.03736361429915724,0.06804134731027725,0.10222604957567588,0.09575424896171252,,True
2013-09-05 13:00:00+00:00,0.326738167,0.008394464,0.892188263,0.135938772,0.298625748,0.034441552,0.045820847,0.092700259,0.075928056,,False
2013-09-05 13:30:00+00:00,0.3263241596669414,0.004021848016554523,0.8877498546123178,0.11865415262831347,0.35673917268745725,0.036686161162741884,0.032828885924699555,0.09110954352144163,0.0666992448841102,,True
2013-09-05 14:00:00+00:00,0.325263006,0.002355005,0.879159599,0.105396635,0.40438826,0.039308873,0.024497137,0.090096058,0.060169564,,False
2013-09-05 14:30:00+00:00,0.3213729674174485,0.004071878782293244,0.8656353428876821,0.08864043935308055,0.4363517465820252,0.03975978511952416,0.01935268675251853,0.08907619279548906,0.05353355545599233,,True
2013-09-05 15:00:00+00:00,0.314706763,0.006574825,0.856262934,0.074439512,0.459981438,0.040204176,0.015690618,0.087723754,0.048426418,,False
2013-09-05 15:30:00+00:00,0.30740126965786935,0.007620534747300445,0.864453726,0.06419911946143231,0.48026660335604165,0.04157357749564202,0.01227582490848917,0.08404406787926444,0.04483829567630812,,True
2013-09-05 16:00:00+00:00,0.295223728,0.009080483,0.872644518,0.059085407,0.490665958,0.044577486,0.010494917,0.07801223,0.043085725,,False
2013-09-05 16:30:00+00:00,0.24819218548274255,0.03029051800142784,0.7460634274527645,0.05907773995119076,0.44094414841579616,0.06314147384612437,0.03866016589185758,0.06619432445365653,0.0435294495,,True
2013-09-05 17:00:00+00:00,0.183466293,0.066347807,0.537781478,0.059075182,0.357043884,0.093164815,0.085421555,0.057306344,0.043973174,,False
2013-09-05 17:30:00+00:00,0.12365128690139111,0.10796533523098643,0.3373697105472354,0.06358361250181245,0.26997864308420383,0.12772977686633014,0.13106900008100755,0.05672894218541593,0.043270816000000004,,True
2013-09-05 18:00:00+00:00,0.086288646,0.13936497,0.218658802,0.070837233,0.217091857,0.153585612,0.159271826,0.056527053,0.042568458,,False
2013-09-05 18:30:00+00:00,0.08145902844553761,0.14921724373799203,0.22222982277758388,0.07666093551870487,0.22125833787113355,0.16066798392640094,0.1610361740271349,0.056527053,0.04341655852464365,,True
2013-09-05 19:00:00+00:00,0.078658466,0.153239846,0.230335238,0.081134031,0.229379625,0.164875759,0.161649001,0.056527053,0.045225171,,False
2013-09-05 19:30:00+00:00,0.07540984242806956,0.141737793,0.2529063967224161,0.08312508153955131,0.23982121577978593,0.16863921558323647,0.15317640237287627,0.05760146304498792,0.048430282123484554,,True
2013-09-05 20:00:00+00:00,0.073669509,0.13023574,0.270943161,0.084959402,0.25157881,0.170520954,0.134963816,0.059850437,0.052162353,,False
2013-09-05 20:30:00+00:00,0.077391996,0.131543685940029,0.26517673411786447,0.08875523378887674,0.26189377464472474,0.1652596925,0.096979694746941,0.06415762559751016,0.05474063417578296,,True
2013-09-05 21:00:00+00:00,0.081114483,0.134739649,0.257722746,0.091976322,0.271652929,0.159998431,0.062817857,0.067863785,0.057370955,,False
2013-09-05 21:30:00+00:00,0.0809808336142363,0.147366240559971,0.2554991368823839,0.0927872595405151,0.28089281316388687,0.17186823779233232,0.05429293428738764,0.06864531844544465,0.06177566824860245,,True
2013-09-05 22:00:00+00:00,0.080665963,0.158104815,0.253190578,0.093611616,0.289437294,0.187930718,0.048659855,0.069202482,0.06490174,,False
2013-09-05 22:30:00+00:00,0.08004475763456885,0.15326520108907682,0.24701722148003188,0.09720221342731208,0.298782617540469,0.19419079584631185,0.042518059831843646,0.06976513833040933,0.06531246342748641,,True
2013-09-05 23:00:00+00:00,0.078777402,0.144110616,0.236914733,0.101451271,0.304108345,0.199913254,0.038090237,0.07066235,0.065462317,,False
2013-09-05 23:30:00+00:00,0.07225586161409707,0.13210430410683774,0.2200969607536522,0.10342480651642875,0.2835435017300039,0.2111142388613558,0.03568920876095141,0.08083790031994938,0.0630065198242203,,True
2013-09-06 00:00:00+00:00,0.065411951,0.121596941,0.198824253,0.105500207,0.251744748,0.21866017,0.034600069,0.092260669,0.059043228,,False
2013-09-06 00:30:00+00:00,0.06344842463709778,0.11643342680408546,0.1719840287660675,0.10872025489000828,0.22645116826999612,0.20827709149999998,0.05243507364081943,0.09440520322360849,0.05544680767577971,,True
2013-09-06 01:00:00+00:00,0.06263464,0.114085935,0.155300383,0.115400789,0.212391499,0.197894013,0.102194163,0.096963419,0.053357882,,False
2013-09-06 01:30:00+00:00,0.37217115194930417,1.897640115684185,0.49889347978882914,0.4091940837674739,1.4351818961357277,0.780896946619738,0.5199134944209216,0.6893745907711288,0.6199842545791031,,True
2013-09-06 02:00:00+00:00,0.959587649,5.004183987,1.186141563,1.031079493,3.46642853,1.842579582,1.25431538,1.72927821,1.671420312,,False
2013-09-06 02:30:00+00:00,1.6098197764853532,7.9697010058007525,2.0614684316343044,2.061633712847433,5.103135245081993,2.8695565927609312,2.0419047191441093,2.6605192795806327,2.7600881357022464,,True
2013-09-06 03:00:00+00:00,2.420609771,10.7699658,3.248566777,3.473302968,6.680290933,4.133420924,3.02011048,3.733741634,4.090915206,,False
2013-09-06 03:30:00+00:00,3.4031255489894265,12.840540150120686,4.799534982632594,5.060209039562151,8.08420597428891,5.836423567279618,4.28877970439599,5.0327076757771545,5.7158248300271906,,True
2013-09-06 04:00:00+00:00,4.613783885,14.6393385,6.845740557,6.91310142,9.485425415,7.946929364,5.79063162,6.624189065,7.734195843,,False
2013-09-06 04:30:00+00:00,6.569844990138081,16.716739832894376,10.61523087944427,9.681652094099732,11.453101686993367,11.240967189839711,7.845555458833064,9.344984522409174,11.205123986691458,,True
2013-09-06 05:00:00+00:00,8.013561333,17.9081797,13.23405737,11.47011197,12.67456835,13.41193484,9.282431636,11.18144628,13.55562181,,False
2013-09-06 05:30:00+00:00,8.260305473937837,17.170026421090043,12.893817563318473,11.394219303698158,12.574591916621324,13.196647652177305,9.528939423065095,11.089292268596095,12.978309934154225,,True
2013-09-06 06:00:00+00:00,8.352813967,16.30623351,12.14915093,11.19390887,12.32188817,12.75017045,9.62108912,10.84850972,11.89515502,,False
2013-09-06 06:30:00+00:00,7.5702535307602234,16.094399953909953,10.529597361145429,9.98054711041338,11.18890041136855,11.8901491852202,9.016216074308884,9.467042862355747,10.43562830632797,,True
2013-09-06 07:00:00+00:00,6.695340121,16.00820603,8.970300436,8.682573076,10.04075466,11.21551329,8.136413383,8.074709984,9.305880867,,False
2013-09-06 07:30:00+00:00,6.593350895453041,16.363018335,8.534241257166542,8.434217242242788,9.844941395723179,11.167703202027075,7.732532420988666,7.8928994140864495,9.10487032604403,,True
2013-09-06 08:00:00+00:00,6.487469433,16.71783064,8.091712918,8.181019817,9.647029872,11.11808835,7.263126705,7.71426999,8.898328364,,False
2013-09-06 08:30:00+00:00,5.377907262996198,14.377684019377213,6.503680611109527,6.969579311175548,8.60526570219939,9.261395831537905,5.808966475444992,6.640973520086683,7.476329202126061,,True
2013-09-06 09:00:00+00:00,3.885881578,11.25179526,4.616788993,5.27442106,7.157087162,6.913114041,4.172186172,5.357529975,5.56171818,,False
2013-09-06 09:30:00+00:00,3.089943835018801,10.179395509341802,3.505444611788935,3.8557604236092033,6.141250663488727,6.191775980632504,3.339120039632774,4.844338522274266,4.392466399538564,,True
2013-09-06 10:00:00+00:00,2.370950032,9.046203798,2.542308726,2.59136483,5.01043012,5.462763297,2.590810248,4.293800492,3.298796428,,False
2013-09-06 10:30:00+00:00,1.4086793517415375,5.300975471400156,1.4080054408963738,1.515035086896574,2.894845789562609,3.151736539954709,1.484670086489507,2.571854847158055,1.8513736903353513,,True
2013-09-06 11:00:00+00:00,0.659832636,1.760257905,0.601984829,0.765052071,1.12465072,1.014367867,0.623712941,0.939519114,0.756470112,,False
2013-09-06 11:30:00+00:00,0.3377267603031622,0.6987038817862384,0.32406846692263136,0.3980502776261907,0.5541449374311302,0.39591692766555686,0.3042277251143709,0.41896462282443325,0.3507198649235756,,True
2013-09-06 12:00:00+00:00,0.176822114,0.201502203,0.180873771,0.195846297,0.282735806,0.117434004,0.143058764,0.166262092,0.146082683,,False
2013-09-06 12:30:00+00:00,0.13704183983527124,0.07938922977230677,0.11493626765208947,0.1138930449775147,0.21223688543459762,0.07151220420531157,0.09155899226937646,0.09775004637074973,0.07542376323015253,,True
2013-09-06 13:00:00+00:00,0.115670959,0.028965616,0.087284584,0.068057611,0.17718495,0.045615298,0.061622455,0.060947656,0.040536585,,False
2013-09-06 13:30:00+00:00,0.1005548522101445,0.021315477469033697,0.12293006749999999,0.041656066475560444,0.1602491191352711,0.018720428270370425,0.038095045057291235,0.036139091700701995,0.026642416434374223,,True
2013-09-06 14:00:00+00:00,0.091232761,0.01611104,0.158575551,0.025146517,0.147943056,0.003758398,0.022314733,0.02040938,0.018189183,,False
2013-09-06 14:30:00+00:00,0.08698032248868579,0.006482924853248686,0.11464064636244273,0.014568606389476647,0.1317533965352142,0.001739525809065117,0.012918615141051014,0.010741894552919627,0.010943845230310485,,True
2013-09-06 15:00:00+00:00,0.083502969,0.000390744,0.05903549,0.007825551,0.122383053,0.001010125,0.007007368,0.005098648,0.006762632,,False
2013-09-06 15:30:00+00:00,0.0781970113973522,0.0009603633581458681,0.0391719407711365,0.0034608009956059657,0.12472473299999999,0.0012284044736343364,0.00324449455308806,0.00241643799389825,0.005585664155385514,,True
2013-09-06 16:00:00+00:00,0.073698502,0.002659188,0.028545613,0.001431179,0.127066413,0.001866227,0.00150528,0.001266674,0.005124907,,False
2013-09-06 16:30:00+00:00,0.07115166229558295,0.1917929577470226,0.024434025866420777,0.002092389220268163,0.1095441560143754,0.01858948178860151,0.0024820441749512606,0.002231721736347948,0.006505005204186626,,True
2013-09-06 17:00:00+00:00,0.069958472,0.513259908,0.022755469,0.003663619,0.08142762,0.044082244,0.004366702,0.003912,0.008982035,,False
2013-09-06 17:30:00+00:00,0.07065077058072926,0.8596493548948315,0.02410635893118326,0.007783742348115992,0.056355205985624615,0.06495021823776416,0.007035232653134952,0.00562494111225674,0.01136962783241222,,True
2013-09-06 18:00:00+00:00,0.07209278,1.072576416,0.027377645,0.013515994,0.041877071,0.076629142,0.009335678,0.007026779,0.014069626,,False
2013-09-06 18:30:00+00:00,0.07406735069389153,1.0324004245,0.036831398444412036,0.01872274208132851,0.04780716851210958,0.07340931449999999,0.010013123871460727,0.007545177367252429,0.01691681675560462,,True
2013-09-06 19:00:00+00:00,0.077133411,0.992224433,0.050097363,0.023852407,0.059266953,0.070189487,0.010714977,0.008118263,0.020389936,,False
2013-09-06 19:30:00+00:00,0.08396890412045371,0.9971997129999999,0.06200210512191313,0.028606484523443564,0.07510392502888821,0.07505135804113969,0.01409920480045306,0.010765733733292938,0.026286809405046366,,True
2013-09-06 20:00:00+00:00,0.090799449,1.002174993,0.073242448,0.033133304,0.089647012,0.081581135,0.016919217,0.013879261,0.031825288,,False
2013-09-06 20:30:00+00:00,0.09382073762115571,0.9923175524999999,0.08237139818256559,0.03701821878352869,0.09649264649829328,0.08428592498779426,0.01656011112323367,0.015267201942563676,0.03461709533216542,,True
2013-09-06 21:00:00+00:00,0.095821555,0.982460112,0.091277207,0.041629498,0.101394432,0.086298261,0.016087908,0.016603798,0.036570779,,False
2013-09-06 21:30:00+00:00,0.09743778798376981,0.9851656892398872,0.1032502444755993,0.050524364622318664,0.10503232002496436,0.08782010081632181,0.015875985876766332,0.0188582812955093,0.03777235711686528,,True
2013-09-06 22:00:00+00:00,0.09823824,0.992224433,0.112219934,0.060813294,0.108911562,0.089625058,0.015777161,0.021473347,0.039165479,,False
2013-09-06 22:30:00+00:00,0.09416067743099055,1.0345770077601129,0.11537556734432666,0.07026296268910136,0.11649499297986682,0.09452855434990694,0.0163600175,0.0241128580879643,0.044460675803148636,,True
2013-09-06 23:00:00+00:00,0.086701742,1.072576416,0.116689482,0.076654389,0.124453754,0.099967703,0.016942874,0.02647853,0.049175598,,False
2013-09-06 23:30:00+00:00,0.07683945406900945,1.057370297,0.0998401615,0.07808309193783403,0.1283916586201986,0.10230504410197593,0.0148186255,0.027773026170322877,0.04965136072152958,,True
2013-09-07 00:00:00+00:00,0.070358539,1.042164178,0.082990841,0.079707818,0.133750818,0.105462652,0.012694377,0.029594821,0.050164549,,False
2013-09-07 00:30:00+00:00,0.07753480222936442,1.1982029926655382,0.0864077757211105,0.10440664414303012,0.17027694056108378,0.13717504769905953,0.0180163681961388,0.04818674101777541,0.06901460614361783,,True
2013-09-07 01:00:00+00:00,0.097431567,1.595623491,0.096377388,0.168601577,0.26008536,0.213492597,0.033089234,0.095277259,0.118698349,,False
2013-09-07 01:30:00+00:00,0.22704185254532505,2.9128851744076254,0.28249561412071866,0.5064830995033995,0.7014861240593092,0.454664869875143,0.16703362544365238,0.31569983563929876,0.34773916973377156,,True
2013-09-07 02:00:00+00:00,0.519462494,5.375046471,0.720276803,1.216779801,1.570310639,0.964175045,0.478427852,0.785129442,0.847388628,,False
2013-09-07 02:30:00+00:00,1.389438808988549,10.690700419181217,1.990517847813152,2.942711870285187,3.3421550779654225,2.6294224569958335,1.4487826545040743,2.036722516503731,2.3311543114524786,,True
2013-09-07 03:00:00+00:00,2.607112851,15.78233523,3.718385738,5.130930433,5.306897419,4.92651913,2.828892969,3.704219573,4.372374035,,False
2013-09-07 03:30:00+00:00,3.623434796634633,17.4422640770702,5.048720959421027,6.73310464912632,6.383526156994292,6.690339666894131,4.006610271083156,4.993986677165125,5.976526594197258,,True
2013-09-07 04:00:00+00:00,4.705317783,18.7753701,6.458606524,8.300446161,7.434959174,8.557857867,5.255284447,6.357032098,7.726693073,,False
2013-09-07 04:30:00+00:00,6.135957849280087,21.08431794767542,8.571094186141094,10.393859933819629,9.072630851850304,11.41768765204216,6.818219203049747,8.330166729990927,10.681296326393664,,True
2013-09-07 05:00:00+00:00,7.389147531,22.55782646,10.25099447,11.88291553,10.81227863,13.55013043,8.227355285,10.00753954,12.7469618,,False
2013-09-07 05:30:00+00:00,8.18797930332204,22.26788521,10.881043770282899,12.273609736416498,12.554228750405267,14.037516773459023,9.27047663222323,10.881127576237633,12.927317867408249,,True
2013-09-07 06:00:00+00:00,8.575471835,21.97794396,11.14828762,12.42782103,13.54146465,14.29404122,9.799483558,11.28230194,12.99121399,,False
2013-09-07 06:30:00+00:00,8.40758288543995,23.169167935,10.845833939416591,12.064009801221383,13.475089525403474,14.46421729723751,9.769531579107163,10.893991671606061,12.700797917941538,,True
2013-09-07 07:00:00+00:00,8.034255097,24.36039191,10.20637343,11.33192157,13.29729682,14.54153781,9.685535689,10.11734691,12.0615462,,False
2013-09-07 07:30:00+00:00,7.283716567401659,23.448290103889622,9.100222807279602,10.271055966670025,12.266432693397537,13.61616494740719,8.857604700433264,8.898990408540728,10.760983821553125,,True
2013-09-07 08:00:00+00:00,6.328136639,21.77662424,7.836601997,9.08564539,10.74678711,12.39297386,7.583781568,7.787146128,9.26580345,,False
2013-09-07 08:30:00+00:00,5.530670110520344,20.052411373335577,6.990727235938799,8.227964614818761,9.659654918739317,11.992011388037527,6.633259038486606,7.389234363661367,8.36738826253468,,True
2013-09-07 09:00:00+00:00,4.745757168,18.08986087,6.139350054,7.329361138,8.479102818,11.56887679,5.676603388,7.043662886,7.487567223,,False
2013-09-07 09:30:00+00:00,3.9743884444265163,16.115419147542422,4.991530204751812,6.057270037237082,6.756322143034979,10.467598683260357,4.624326752064077,6.5543461407128785,6.307709225259315,,True
2013-09-07 10:00:00+00:00,3.144612818,13.73845403,3.70539191,4.607484494,4.906122578,8.704350261,3.519908099,5.844334558,4.925310344,,False
2013-09-07 10:30:00+00:00,1.9933573543110228,9.823934072056746,2.1957050141706174,2.9702547963639483,3.2214885870018257,5.476628673950511,2.246175090604388,4.103569881267231,3.1002627342660567,,True
2013-09-07 11:00:00+00:00,1.022085451,5.878284238,1.020683371,1.626034297,1.867596469,2.457767649,1.20533959,2.232591831,1.559422408,,False
2013-09-07 11:30:00+00:00,0.539122551142715,3.075761792368746,0.5081989630837179,0.8944964643504584,0.9591148900814808,1.1131391827300163,0.6316088242503348,1.1616013037856152,0.786783720643706,,True
2013-09-07 12:00:00+00:00,0.274792553,1.374729984,0.235906118,0.462615866,0.419759019,0.402941784,0.3003066,0.52206365,0.356165926,,False
2013-09-07 12:30:00+00:00,0.18446369008308078,0.8883897765054029,0.12850922635886164,0.272032228732641,0.22903631801996363,0.18743882405113732,0.16842167925584134,0.28803726897930076,0.19763873229667311,,True
2013-09-07 13:00:00+00:00,0.138269712,0.601220742,0.084553402,0.164124982,0.128700901,0.082331173,0.097364427,0.161378624,0.112915584,,False
2013-09-07 13:30:00+00:00,0.11755493317484178,0.36610523730972494,0.20758107697206066,0.10371053040310557,0.07822965842553573,0.03646687476874748,0.06210487606755806,0.09338555473239898,0.0679921448306535,,True
2013-09-07 14:00:00+00:00,0.10435771,0.205510254,0.525727202,0.068901854,0.050618639,0.013674437,0.040996357,0.053335016,0.042286227,,False
2013-09-07 14:30:00+00:00,0.09393746648142455,0.10543844268801707,2.313242986027939,0.05146288661626605,0.03834061992855383,0.005259281541676687,0.027706619928151585,0.03037546806285657,0.028700094729852143,,True
2013-09-07 15:00:00+00:00,0.085474421,0.04784252,3.90564032,0.041991503,0.030738872,0.00141264,0.019017861,0.016886803,0.021093734,,False
2013-09-07 15:30:00+00:00,0.07615040251844706,0.02650969476506368,3.5211582055,0.037624853586328166,0.025235150662079382,0.00038964325283154255,0.012732195288435643,0.010032976865495235,0.01727810644440213,,True
2013-09-07 16:00:00+00:00,0.070933838,0.014101136,3.136676091,0.035781142,0.021096661,0.0,0.009562992,0.006118689,0.015633339,,False
2013-09-07 16:30:00+00:00,0.08469812316246914,0.004564328538678647,3.3685936384999997,0.06008868440526164,0.017070962305251153,0.0007209874777213545,0.00927161651418194,0.004293256177930353,0.016725947880163638,,True
2013-09-07 17:00:00+00:00,0.106514219,0.0,3.600511186,0.101263825,0.01492651,0.002146058,0.009169244,0.00297505,0.01841606,,False
2013-09-07 17:30:00+00:00,0.12524926983753085,,,0.14055108336863023,,,0.0096281015,0.001327385608140173,0.019762030619836363,,True
2013-09-07 18:00:00+00:00,0.13593251,,,0.170846378,,,0.010086959,0.00038913,0.020510498,,False
2013-09-07 18:30:00+00:00,0.12859973189250973,,,0.1822128165654154,,,0.00895438,0.00038913,0.017700216499999998,,True
2013-09-07 19:00:00+00:00,0.119099462,,,0.191206537,,,0.007821801,0.00038913,0.014889935,,False
2013-09-07 19:30:00+00:00,0.11535067318741694,,,0.20263555462354724,,,0.007821801,0.0010334513579565957,0.01514870315495413,,True
2013-09-07 20:00:00+00:00,0.113260879,,,0.215161282,,,0.007821801,0.002137595,0.015728191,,False
2013-09-07 20:30:00+00:00,0.11239087842007334,,,0.2293084076498563,,,0.008544562564321925,0.002961206505336399,0.01670794288624663,,True
2013-09-07 21:00:00+00:00,0.112029375,,,0.244558793,,,0.00996932,0.004077661,0.018460127,,False
2013-09-07 21:30:00+00:00,0.11920569200280731,,,0.2614088415122679,,,0.011766296745179202,0.007102368777361658,0.023048041603046555,,True
2013-09-07 22:00:00+00:00,0.129790023,,,0.276927273,,,0.014024449,0.010795403,0.029406773,,False
2013-09-07 22:30:00+00:00,0.1370244674971927,,,0.29062085037502133,,,0.017334428690498876,0.013968863359345347,0.036846153855752684,,True
2013-09-07 23:00:00+00:00,0.140850898,,,0.297943159,,,0.019481237,0.015721332,0.041421566,,False
2013-09-07 23:30:00+00:00,0.13148573304955846,,,0.2947877955,,,0.016305667081221994,0.014857702,0.0348753215,,True
2013-09-08 00:00:00+00:00,0.116844479,,,0.291632432,,,0.011348749,0.013994072,0.028329077,,False
2013-09-08 00:30:00+00:00,0.10479230195044155,,,0.30107528025172375,,,0.007287953918778005,0.01577036075024271,0.031699503506051135,,True
2013-09-08 01:00:00+00:00,0.098016214,,,0.328987791,,,0.005008507,0.02107653,0.041686521,,False
2013-09-08 01:30:00+00:00,0.3951770272044038,,,1.4181849117154388,,,0.37524019814905135,0.7239369924907688,0.4740387581626381,,True
2013-09-08 02:00:00+00:00,1.088156783,,,3.645740084,,,1.240281822,2.224031045,1.464176524,,False
2013-09-08 02:30:00+00:00,2.7134588305344893,,,7.460217631416923,,,3.361111793019472,4.841572979952227,3.754369321218562,,True
2013-09-08 03:00:00+00:00,5.036883173,,,11.29587061,,,6.216605231,8.090225344,6.931628285,,False
2013-09-08 03:30:00+00:00,8.037038084261106,,,13.447712098196185,,,9.11764210165463,11.60376435180676,10.75183926061275,,True
2013-09-08 04:00:00+00:00,9.943251758,,,14.70035355,,,11.07742521,13.68542946,13.12058195,,False
2013-09-08 04:30:00+00:00,9.822850914160238,,,15.173166249419731,,,11.548532993676845,13.087617958455596,12.953650561975062,,True
2013-09-08 05:00:00+00:00,9.528129497,,,15.36717584,,,11.73142114,11.94210519,12.54393236,,False
2013-09-08 05:30:00+00:00,8.469128172295356,,,13.928745654306299,,,10.777194479294392,10.305623692000578,11.0144850994106,,True
2013-09-08 06:00:00+00:00,7.351139799,,,11.89626885,,,9.462927608,8.994771097,9.469511547,,False
2013-09-08 06:30:00+00:00,6.9780255417438966,,,10.831822487296456,,,8.877075065011036,8.648043214540325,9.117312339854692,,True
2013-09-08 07:00:00+00:00,6.757225071,,,10.08983102,,,8.407978017,8.471821089,8.848536596,,False
2013-09-08 07:30:00+00:00,6.655592764880034,,,9.713108792326617,,,8.003300529646369,8.411006593723988,8.504251387934108,,True
2013-09-08 08:00:00+00:00,6.534486389,,,9.313085545,,,7.504874322,8.343351919,8.047623449,,False
2013-09-08 08:30:00+00:00,5.697427201318332,,,8.252649251184092,,,6.2987436432426245,7.866238863974937,7.186078983547785,,True
2013-09-08 09:00:00+00:00,4.481721129,,,6.862758023,,,4.846994798,7.055820907,6.015830036,,False
2013-09-08 09:30:00+00:00,3.549243881643797,,,5.586295135935514,,,3.7508016220847087,6.162875122240038,4.564230372095761,,True
2013-09-08 10:00:00+00:00,2.684593427,,,4.316460848,,,2.771901225,5.054895266,3.132648288,,False
2013-09-08 10:30:00+00:00,1.853634626533471,,,3.0138691571806313,,,1.8370250213673558,3.4717884275595354,2.039815511053563,,True
2013-09-08 11:00:00+00:00,1.167717417,,,1.916666025,,,1.084233594,1.971327725,1.214507567,,False
2013-09-08 11:30:00+00:00,0.653777742097314,,,1.1538182580268497,,,0.5502694297507003,0.9745008587665825,0.6466318375619925,,True
2013-09-08 12:00:00+00:00,0.347177637,,,0.660253832,,,0.231385303,0.383313807,0.305385341,,False
2013-09-08 12:30:00+00:00,0.25748314629012614,,,0.4260156315430506,,,0.12420383782940589,0.20008178986249453,0.17692236660097116,,True
2013-09-08 13:00:00+00:00,0.209612227,,,0.289805691,,,0.069033957,0.104849415,0.105987845,,False
2013-09-08 13:30:00+00:00,0.1819005982523282,,,0.21322031347809323,,,0.042853029799000394,0.054536841676916824,0.06533737833975738,,True
2013-09-08 14:00:00+00:00,0.164155906,,,0.170857318,,,0.028610703,0.026869147,0.041945688,,False
2013-09-08 14:30:00+00:00,0.15194345362241998,,,0.1570179332606281,,,0.022177276216095505,0.01412897307610559,0.031219450568610512,,True
2013-09-08 15:00:00+00:00,0.143435589,,,0.144474975,,,0.017867257,0.007320107,0.024101053,,False
2013-09-08 15:30:00+00:00,0.13664278016268835,,,0.1124334101919505,,,0.013303749258310288,0.004044308122904598,0.017000184557100267,,True
2013-09-08 16:00:00+00:00,0.133261712,,,0.076571699,,,0.010860659,0.00265249,0.013269457,,False
2013-09-08 16:30:00+00:00,0.1551885223021491,,,0.04932884769373322,,,0.022784104305793924,0.016071119499999998,0.035540086300090055,,True
2013-09-08 17:00:00+00:00,0.190724123,,,0.032731249,0.194203215,0.166450823,0.047368398,0.029489749,0.086206434,,False
2013-09-08 17:30:00+00:00,0.21364046582672494,,,0.028346929076082737,0.20751950995306903,0.30755035975484074,0.07842335280499022,0.0255646995,0.18613580364231047,,True
2013-09-08 18:00:00+00:00,0.242435037,,,0.026637613,0.235278854,0.595577298,0.130010487,0.02163965,0.342759988,,False
2013-09-08 18:30:00+00:00,0.3262625192615879,,,0.12155193129311866,0.4013194510278718,1.1894531530101333,0.3153530338892159,0.10135373612937665,0.6380509985575994,,True
2013-09-08 19:00:00+00:00,0.400667167,,,0.230007627,0.599226812,1.631608669,0.467502553,0.217622867,0.848251476,,False
2013-09-08 19:30:00+00:00,0.417230279609538,,,0.2524000352068813,0.6939439974065983,1.4094069038306283,0.4568393677252043,0.29420585787062337,0.7730408693560952,,True
2013-09-08 20:00:00+00:00,0.423729208,,,0.261251066,0.738339451,1.0574367,0.433501451,0.334233804,0.637078763,,False
2013-09-08 20:30:00+00:00,0.4106288642691238,,,0.23127306810920595,0.695819675800411,0.7752170477991701,0.37966189749415996,0.29359377469811193,0.4818396460826986,,True
2013-09-08 21:00:00+00:00,0.390363876,,,0.189914051,0.63482577,0.58381248,0.333877592,0.240450212,0.350938471,,False
2013-09-08 21:30:00+00:00,0.3795556166885211,,,0.17301450951679212,0.6073345268210427,0.5323496715853203,0.3288151850533673,0.2234666712475701,0.2977285044898031,,True
2013-09-08 22:00:00+00:00,0.365248284,,,0.156485813,0.577368752,0.490567923,0.323694236,0.206350604,0.253247496,,False
2013-09-08 22:30:00+00:00,0.3052316861163158,,,0.124271584868095,0.5067281339985282,0.412970820041703,0.2754309854492218,0.15988216122492224,0.18449724348208255,,True
2013-09-08 23:00:00+00:00,0.223846728,,,0.091960166,0.422655208,0.333248924,0.208529926,0.108727208,0.125439268,,False
2013-09-08 23:30:00+00:00,0.16055709529612194,,,0.07266261984594384,0.35583696996555597,0.27853882174674205,0.16844886447294502,0.0781086198234596,0.09581870342306005,,True
2013-09-09 00:00:00+00:00,0.106713602,,,0.058081916,0.298883189,0.228739692,0.130168668,0.055023334,0.075352638,,False
2013-09-09 00:30:00+00:00,0.058656934629917334,,,0.04462464465996309,0.24602419341446188,0.16178680599643636,0.07169317830510166,0.03472309100593616,0.057276108666260435,,True
2013-09-09 01:00:00+00:00,0.033186206,,,0.037557896,0.217681711,0.121320035,0.034732658,0.024212116,0.048037403,,False
2013-09-09 01:30:00+00:00,0.09415284514120381,,,0.09850772339253965,0.6134893637585123,0.1888332544780183,0.08638733066242996,0.09440212338171367,0.17954526330952378,,True
2013-09-09 02:00:00+00:00,0.248002131,,,0.258387516,1.452532081,0.370044815,0.222938957,0.27710922,0.50360979,,False
2013-09-09 02:30:00+00:00,0.7602350360604843,,,0.9200387515912137,2.803366387016568,1.339483003460455,0.8481453458000207,1.036261162095403,1.446205232925128,,True
2013-09-09 03:00:00+00:00,1.621650179,,,2.160604484,4.594667707,3.021907628,1.958524616,2.319625968,2.993665925,,False
2013-09-09 03:30:00+00:00,2.8812801971326913,,,4.683075018876949,7.05633995922492,5.499412104331518,3.7058774944918813,4.106497463964212,5.316285257753055,,True
2013-09-09 04:00:00+00:00,4.102626241,,,6.879144554,8.634310133,7.413033155,5.281764839,5.701772832,7.429765215,,False
2013-09-09 04:30:00+00:00,4.795178930703885,,,7.366898212432629,8.468666575779057,7.776505453395458,6.005469707045669,6.435766063910953,8.524536142512293,,True
2013-09-09 05:00:00+00:00,5.299903936,,,7.70506253,8.210747058,8.010103086,6.330570274,6.910104249,9.03102453,,False
2013-09-09 05:30:00+00:00,5.745698284961737,,,8.20085246170667,8.066771584697236,8.31618768183455,6.244772411138908,7.270489722647718,8.901595553088146,,True
2013-09-09 06:00:00+00:00,5.975539408,,,8.494788272,7.883693789,8.489345592,6.042217803,7.445396418,8.592983686,,False
2013-09-09 06:30:00+00:00,5.5463870837286775,,,7.601369701209346,7.295461891441173,7.773598642451092,5.4879588947533176,6.859314899845256,7.710736870264031,,True
2013-09-09 07:00:00+00:00,4.864143917,,,6.330825373,6.547149461,6.758328976,4.81436507,5.903291912,6.62274555,,False
2013-09-09 07:30:00+00:00,4.3233890369844525,,,5.661800722051753,5.884522723082536,6.150535816048906,4.358404408032589,5.03554335983762,5.8449979846128075,,True
2013-09-09 08:00:00+00:00,3.934607881,,,5.173019376,5.513354801,5.842265373,4.047135939,4.481020482,5.359151491,,False
2013-09-09 08:30:00+00:00,3.803577800760464,,,4.863114633304028,5.5301473645,5.8562695865,3.928728401770836,4.418048259754092,5.249661956033237,,True
2013-09-09 09:00:00+00:00,3.676140198,,,4.576319312,5.546939928,5.8702738,3.80716088,4.357758257,5.140974245,,False
2013-09-09 09:30:00+00:00,3.3747020937454204,,,4.228166929477335,5.15016281851012,5.531625164518674,3.4703229629028565,4.052890397607848,4.707514096164898,,True
2013-09-09 10:00:00+00:00,2.881198429,,,3.74397965,4.315992674,4.779006565,2.914764998,3.48111901,3.947832686,,False
2013-09-09 10:30:00+00:00,1.771965353840686,,,2.5417632535948327,2.7724849044358617,3.070362476765562,1.8281359651570246,2.2781268224982356,2.506524850613734,,True
2013-09-09 11:00:00+00:00,0.747291408,,,1.319564337,1.292598887,1.347901274,0.811450084,1.084288011,1.144941609,,False
2013-09-09 11:30:00+00:00,0.4021225151187985,,,0.7508697263678409,0.6450428488687264,0.5998165339248382,0.3989187493266783,0.5394644259637098,0.565408785569529,,True
2013-09-09 12:00:00+00:00,0.239685126,,,0.413474785,0.299513079,0.208111124,0.178269819,0.241443294,0.251578701,,False
2013-09-09 12:30:00+00:00,0.20784312487371032,,,0.25401142629442414,0.18692077226127815,0.09134353779213719,0.09753061074068849,0.1416097327422248,0.1359350115184332,,True
2013-09-09 13:00:00+00:00,0.19078998,,,0.161774151,0.131788715,0.044837468,0.055390996,0.087787818,0.077004418,,False
2013-09-09 13:30:00+00:00,0.1785541332895831,,,0.10937361795751345,0.1089554051966176,0.04363232210451004,0.03505902537745319,0.05695554932098619,0.051486300630192966,,True
2013-09-09 14:00:00+00:00,0.169107251,,,0.078576054,0.097353646,0.042512358,0.022880434,0.03740962,0.036902713,,False
2013-09-09 14:30:00+00:00,0.15936351198918347,,,0.06324067676207065,0.09211568322739705,0.03065134511781394,0.014327002725309426,0.02405066955347803,0.027223721447261567,,True
2013-09-09 15:00:00+00:00,0.152377384,,,0.053406841,0.089930935,0.01820751,0.009653225,0.01529866,0.022231216,,False
2013-09-09 15:30:00+00:00,0.14882846766902355,,,0.04511216248085565,0.0911889355,0.01548454727646415,0.008304787574338474,0.009498053876550274,0.02113433805773003,,True
2013-09-09 16:00:00+00:00,0.147243688,,,0.040977669,0.092446936,0.014405457,0.007777669,0.006773796,0.020721776,,False
2013-09-09 16:30:00+00:00,0.1479840167477338,,,0.04126410128785755,0.08782877195666354,0.03823750739868974,0.01188718967942217,0.009314039848599806,0.026474831702610897,,True
2013-09-09 17:00:00+00:00,0.149481581,0.005409384,,0.04186174,0.079565315,0.07674327,0.017207877,0.013791804,0.035039916,,False
2013-09-09 17:30:00+00:00,0.1522026932522662,0.019509083019873558,,0.04306882421214245,0.07031510647459255,0.11070329237687694,0.019443277320577827,0.019086900151400195,0.040578057742411515,,True
2013-09-09 18:00:00+00:00,0.15416657,0.055481458,,0.043964702,0.062767967,0.132197429,0.020467511,0.022444476,0.044302082,,False
2013-09-09 18:30:00+00:00,0.14771863543184743,0.2255923102657054,,0.0436616985,0.059939200444689304,0.13500710640437993,0.018959146928389608,0.02167285350443701,0.04607304155497759,,True
2013-09-09 19:00:00+00:00,0.136732383,0.412306846,,0.043358695,0.057715003,0.136995107,0.016437061,0.020029058,0.04684609,,False
2013-09-09 19:30:00+00:00,0.12682178373218747,0.45696522799550787,,0.044536072710308135,0.05420340712405461,0.139700016099919,0.013890388571610393,0.016618513433220395,0.04557546649999995,,True
2013-09-09 20:00:00+00:00,0.117798157,0.510686464,,0.046834062,0.052029466,0.143562076,0.012357438,0.013750559,0.0443048429999999,,False
2013-09-09 20:30:00+00:00,0.1112605126748265,1.986737382285971,,0.04952221866449645,0.05292878644359512,0.1533160429863585,0.012529106260159347,0.013217523562342596,0.04533677185766637,,True
2013-09-09 21:00:00+00:00,0.105910578,3.498333966,,0.053145379,0.054649971,0.16612643,0.012951263,0.013014071,0.04731689,,False
2013-09-09 21:30:00+00:00,0.10154300109855542,3.5993520968775474,,0.05854937923436328,0.056354518163715624,0.17789170593349352,0.01437907035407103,0.013300514062500041,0.04957071153133649,,True
2013-09-09 22:00:00+00:00,0.097495242,3.674475176,,0.064939133,0.059059779,0.188362249,0.016155344,0.013777919,0.052436674,,False
2013-09-09 22:30:00+00:00,0.09387284134331864,3.8114271793910706,,0.07211820094586165,0.07048201089268925,0.19604509922657462,0.01741141938576962,0.014255323437499958,0.05721286711099709,,True
2013-09-09 23:00:00+00:00,0.088753838,4.002026037,,0.077500524,0.080081665,0.202412744,0.01806854,0.014541766,0.06042873,,False
2013-09-09 23:30:00+00:00,0.06514587221926457,4.386897183040361,,0.07893539648707684,0.073604436,0.20659651117395342,0.016245541,0.0140154315,0.057664197,,True
2013-09-10 00:00:00+00:00,0.045178327,4.689393086,,0.080604969,0.067127207,0.212822428,0.014422542,0.013489097,0.054899664,,False
2013-09-10 00:30:00+00:00,0.055630294027133445,4.7192833862273575,,0.0976275294331163,0.09053428917527268,0.29816578918028697,0.02447758788995918,0.040075951783141675,0.08452215274366191,,True
2013-09-10 01:00:00+00:00,0.085976296,4.751651659,,0.143603171,0.159069525,0.51575898,0.053799258,0.11564867,0.168814429,,False
2013-09-10 01:30:00+00:00,0.6563304084889365,12.14507363936576,,0.7379240571759353,1.9909195568476736,1.639855314959479,0.6822743620769536,1.0041697143253583,1.1551155767265706,,True
2013-09-10 02:00:00+00:00,1.693337297,22.73391657,,1.940916454,5.080968361,3.447251651,1.852698057,2.505600322,2.891191437,,False
2013-09-10 02:30:00+00:00,2.8370476750362923,29.379390676080668,,3.9853729586887088,8.224481551706429,5.235242441960115,3.2671790799803744,3.925940905197468,4.742371623582687,,True
2013-09-10 03:00:00+00:00,4.159352088,32.79842195,,6.366491078,10.62236318,7.175803285,4.837521658,5.473066526,6.824778859,,False
2013-09-10 03:30:00+00:00,5.707412329724912,29.11992292296335,,8.331206902192607,11.463908571792803,9.3271316339481,6.358040786567265,7.29717570429784,9.36277034894767,,True
2013-09-10 04:00:00+00:00,7.047789812,24.75112424,,9.857394176,12.01884187,11.24756746,7.598067207,8.840268515,11.20004211,,False
2013-09-10 04:30:00+00:00,7.946052559222727,23.859788609881335,,10.902134012967524,12.59750257997782,12.786852460851776,8.45492266098545,9.820928490896193,11.763026834999412,,True
2013-09-10 05:00:00+00:00,8.38685722,23.08461812,,11.40963687,12.90508002,13.58387817,8.875194053,10.29392437,11.99105974,,False
2013-09-10 05:30:00+00:00,7.555517787940436,21.514158792732875,,9.99222335841878,11.773440499574553,12.230286635425164,8.062894019244865,9.16488821915188,10.505791293659577,,True
2013-09-10 06:00:00+00:00,6.495640128,19.39210477,,8.2544855,10.32767857,10.539199,7.027836045,7.661743789,8.752112131,,False
2013-09-10 06:30:00+00:00,6.176589676047344,15.944707409422438,,7.815488491295268,9.903559021178088,10.095064267784727,6.723489765096607,7.101169062553073,8.41264111305031,,True
2013-09-10 07:00:00+00:00,5.892888359,13.62303926,,7.450611389,9.49694025,9.67193901,6.440731895,6.616372926,8.108642366,,False
2013-09-10 07:30:00+00:00,5.446012649771749,15.89346673,,6.920577834583863,8.64171395998088,8.707695210926836,5.920381361901472,5.991738504580926,7.433868901134084,,True
2013-09-10 08:00:00+00:00,4.816554863,18.1638942,,6.179731968,7.421823749,7.328859826,5.162271043,5.226325308,6.420637175,,False
2013-09-10 08:30:00+00:00,3.5835874694687035,17.645366796116534,,4.598798737185097,5.600864138989884,5.3430539170653875,3.7628426545653917,4.04302842452979,4.643206546530497,,True
2013-09-10 09:00:00+00:00,2.325999985,16.46279418,,2.924471587,3.774882132,3.439814793,2.360719173,2.841233173,2.882486876,,False
2013-09-10 09:30:00+00:00,1.6418879544402811,13.781474620238491,,1.9540147838565853,2.5782692876022675,2.3029540959176815,1.6090392713964725,2.0094229061254625,1.9377920212317503,,True
2013-09-10 10:00:00+00:00,1.145726907,10.40607426,,1.261180101,1.674930365,1.493774233,1.070794007,1.356165557,1.266397715,,False
2013-09-10 10:30:00+00:00,0.7549437247494065,7.5807937824112885,,0.7696329892897121,0.9699390170445928,0.9204125623885498,0.6506272344580211,0.8306988350094662,0.7471231963077286,,True
2013-09-10 11:00:00+00:00,0.481866638,5.481142104,,0.449296703,0.517735757,0.536461721,0.36453937,0.462029828,0.402948607,,False
2013-09-10 11:30:00+00:00,0.31397205689277397,4.534544801893109,,0.2809575315860067,0.3206637182083297,0.2944388279911972,0.2008643487910804,0.2461443072869779,0.22274660761057624,,True
2013-09-10 12:00:00+00:00,0.216726109,3.778924145,,0.178340621,0.214152166,0.174144432,0.107929285,0.125485152,0.120954616,,False
2013-09-10 12:30:00+00:00,0.18028861689715125,2.64070108584058,,0.12099006203722322,0.1654698546592579,0.16351595771277488,0.07283843170403935,0.08397834840423817,0.07564166691176406,,True
2013-09-10 13:00:00+00:00,0.157860163,1.943998595,,0.08081999,0.140347511,0.153666405,0.050777145,0.061079986,0.051466141,,False
2013-09-10 13:30:00+00:00,0.13913012793997764,2.1276200051149674,,0.04427675196069386,0.13202068730764982,0.08042616578768357,0.03156336874364274,0.04851694992199915,0.040935371498544176,,True
2013-09-10 14:00:00+00:00,0.127215958,2.432700063,,0.020285661,0.125658241,0.016098272,0.018364834,0.038272833,0.034748453,,False
2013-09-10 14:30:00+00:00,0.12248162977162377,2.734929963885033,,0.010428596084544316,0.11627592854652855,0.021760815905480974,0.010834214108916825,0.023879096613809374,0.030876882149364984,,True
2013-09-10 15:00:00+00:00,0.118931725,2.915701217,,0.004934585,0.106458265,0.034967316,0.006561956,0.012017905,0.028038825,,False
2013-09-10 15:30:00+00:00,0.11410799940867566,2.4589585996740286,,0.00177143270222333,0.0985752691436528,0.07638602409451903,0.004724493489490333,0.0053295713223776185,0.02597123678481333,,True
2013-09-10 16:00:00+00:00,0.110606072,1.757696074,,0.000368058,0.088820332,0.110260776,0.003954768,0.002211167,0.023461728,,False
2013-09-10 16:30:00+00:00,0.10966913704072241,1.3142573815801852,,0.003388242500000001,0.06613115491971945,0.10393457064715307,0.004882399426119205,0.004259163,0.015079125849358232,,True
2013-09-10 17:00:00+00:00,0.10876325,0.911149025,,0.006408427,0.040283421,0.09485277,0.00591283,0.006307159,0.006492288,,False
2013-09-10 17:30:00+00:00,0.10624092499011298,0.43679965179538655,,0.0051517279999999995,0.0195131473445952,0.09088944856695755,0.00602983840642439,0.005905190917890628,0.0028607732816329353,,True
2013-09-10 18:00:00+00:00,0.102031816,0.122154311,,0.003895029,0.008369831,0.08627259,0.006142549,0.005045801,0.00123589,,False
2013-09-10 18:30:00+00:00,0.0923375246410435,0.04977201095039972,,0.005863470231761996,0.02055671128405631,0.07258279500169493,0.006609403855279535,0.0031520140821093717,0.003854254677250507,,True
2013-09-10 19:00:00+00:00,0.085053394,0.021875251,,0.009670971,0.043603415,0.053068982,0.007525811,0.001715649,0.008654413,,False
2013-09-10 19:30:00+00:00,0.08667570268226654,0.056472327815677015,,0.014315566922131906,0.07139163854902525,0.027649833784194482,0.009863408590318123,0.0020405743715526214,0.013896287832563135,,True
2013-09-10 20:00:00+00:00,0.089414021,0.109560668,,0.019797947,0.100230954,0.011463836,0.012805903,0.002696125,0.01925083,,False
2013-09-10 20:30:00+00:00,0.09225826281773346,0.150785031684323,,0.02525053534450755,0.12674642566691838,0.012421031724956105,0.01542921522185875,0.0035959847056820844,0.024445182490186356,,True
2013-09-10 21:00:00+00:00,0.093986495,0.173518132,,0.031156293,0.1413509819999999,0.015005257,0.016899577,0.004727104,0.027345074,,False
2013-09-10 21:30:00+00:00,0.09052462616912248,0.14721198,,0.03779399582442325,0.11461301399999996,0.03587013077504389,0.016548432,0.006115877323512639,0.0272481415,,True
2013-09-10 22:00:00+00:00,0.084390568,0.120905828,,0.045102758,0.087875046,0.055107975,0.016197287,0.007242899,0.027151209,,False
2013-09-10 22:30:00+00:00,0.07875873163769363,0.25214853550000005,,0.05365713282616359,0.09207730048168833,0.05137417809602023,0.017876469,0.007617454424149872,0.030944835,,True
2013-09-10 23:00:00+00:00,0.072328076,0.383391243,,0.061814248,0.099435115,0.045963893,0.019555651,0.00803127,0.034738461,,False
2013-09-10 23:30:00+00:00,0.0641185910435407,0.3658666244173124,,0.06771763782009982,0.10796257051831168,0.042478495403979764,0.018992295411198925,0.010007553766842345,0.033850128648159686,,True
2013-09-11 00:00:00+00:00,0.055974509,0.329685409,,0.073301235,0.113334466,0.040669586,0.017686151,0.012914595,0.032885662,,False
2013-09-11 00:30:00+00:00,0.048435222649643186,0.25923406558268763,,0.07826569313876075,0.105406747,0.04567395242711289,0.013697765588801078,0.014901020689875484,0.032764643351840324,,True
2013-09-11 01:00:00+00:00,0.044301542,0.207439319,,0.086621954,0.097479028,0.059674986,0.010452169,0.018209087,0.032719759,,False
2013-09-11 01:30:00+00:00,0.10407983553050895,0.762924626310641,,0.23684905057156352,0.39095085127840834,0.17284558276632922,0.07847388408866116,0.09514529945875351,0.12305664456505525,,True
2013-09-11 02:00:00+00:00,0.234128343,1.9867507,,0.554076982,1.046363168,0.397568576,0.238554158,0.265658859,0.327325149,,False
2013-09-11 02:30:00+00:00,0.4345442583269958,4.209698646013126,,1.0749236839819256,2.2608576018965705,0.709612169558252,0.5805906951552617,0.5832003664727694,0.6963526987195605,,True
2013-09-11 03:00:00+00:00,0.775420756,7.360027431,,1.899992057,4.099116777,1.23919389,1.193370654,1.12925479,1.33313236,,False
2013-09-11 03:30:00+00:00,1.6290413571129716,12.087726918176232,,3.489764884746104,7.201847010296776,2.7921240432618757,2.5751586364760657,2.3463379971487286,2.7913034326556256,,True
2013-09-11 04:00:00+00:00,2.679221144,15.2197048,,5.192750364,9.664630816,4.678796589,4.215974246,3.74692474,4.50010682,,False
2013-09-11 04:30:00+00:00,3.490387386560164,14.51522462081396,,6.320872943000365,10.232324931528247,5.983792616629066,5.462353763583013,4.69371079751949,5.691875669236867,,True
2013-09-11 05:00:00+00:00,4.102989573,13.18519197,,7.036223325,10.45426024,6.883843443,6.32907506,5.408403752,6.605436331,,False
2013-09-11 05:30:00+00:00,4.50266455846936,11.512039085381657,,7.346107030092193,10.260652501152752,7.369406905357363,6.764346495196998,5.959975947618642,7.316100138322891,,True
2013-09-11 06:00:00+00:00,4.693613618,9.936068363,,7.477851952,9.832939337,7.588085986,6.957446544,6.235455656,7.672656088,,False
2013-09-11 06:30:00+00:00,4.411180089327933,8.937954630678037,,7.034298798332189,8.917644805777394,7.007998462770037,6.419701283618273,5.887643536003367,7.09145746312481,,True
2013-09-11 07:00:00+00:00,3.992886575,8.369972973,,6.31330137,7.932938756,6.139797694,5.629156085,5.351263548,6.195424857,,False
2013-09-11 07:30:00+00:00,3.743846402921341,8.208523013626344,,5.725433278439459,7.417691974379601,5.551714647544552,5.146377374599995,4.991607232216,5.577891060207254,,True
2013-09-11 08:00:00+00:00,3.549067476,8.145311289,,5.253376775,7.040909019,5.182821847,4.812830353,4.693623767,5.097966751,,False
2013-09-11 08:30:00+00:00,3.433587934628075,9.3592066095,,5.0325089438553565,6.803172800231537,5.105227878530381,4.682676565989306,4.505407974997805,4.849626327584763,,True
2013-09-11 09:00:00+00:00,3.290961349,10.57310193,,4.788254084,6.516879365,5.021778647,4.53526331,4.280345253,4.57442955,,False
2013-09-11 09:30:00+00:00,2.7191467835408583,9.067577476220379,,4.030450695458495,5.580080796965801,4.210641004496168,3.7779179044808897,3.625568867551311,3.786562028438959,,True
2013-09-11 10:00:00+00:00,1.908799136,6.506505247,,2.978117002,4.204322354,2.924995877,2.667466456,2.702833064,2.722322111,,False
2013-09-11 10:30:00+00:00,1.0889034515302143,4.020228881734863,,1.8307986211360636,2.5215166810120477,1.5964624438496084,1.565339982685348,1.6404045655853927,1.5827891279951614,,True
2013-09-11 11:00:00+00:00,0.512660101,2.116339461,,0.938132297,1.20833078,0.617402443,0.742944738,0.795522753,0.725351562,,False
2013-09-11 11:30:00+00:00,0.3415024572645101,1.3541729581156496,,0.5731003314498175,0.7520256633346646,0.29462268791702906,0.4279400196819634,0.44121298798482167,0.40333864558574634,,True
2013-09-11 12:00:00+00:00,0.269277554,0.90998144,,0.361108472,0.510647253,0.134076315,0.256331965,0.243177701,0.230287008,,False
2013-09-11 12:30:00+00:00,0.26327623739925726,0.6716115755691393,,0.24268967493374388,0.4081802569707089,0.07581797890546794,0.1762817472374072,0.1503542137684255,0.15254743597222095,,True
2013-09-11 13:00:00+00:00,0.259513351,0.492096291,,0.169726429,0.341644444,0.045079291,0.127902259,0.096723431,0.10686414,,False
2013-09-11 13:30:00+00:00,0.25509607346382907,0.26519458685996833,,0.1257634797695568,0.28240936014866785,0.02798818523940375,0.09504677882576394,0.0665829168461838,0.07727373453700888,,True
2013-09-11 14:00:00+00:00,0.249633981,0.134624149,,0.09680074,0.238155625,0.019084328,0.073387264,0.046542244,0.058630423,,False
2013-09-11 14:30:00+00:00,0.23907377207698,0.177780371,,0.07533831502389927,0.2084377647885472,0.015961272747352886,0.0604891133233679,0.030310849830287354,0.04807667030617712,,True
2013-09-11 15:00:00+00:00,0.225612198,0.220936593,,0.063621133,0.187024998,0.014710254,0.050983454,0.020429392,0.041231851,,False
2013-09-11 15:30:00+00:00,0.210770338044173,0.15563288349999999,,0.06095201960141774,0.16918868223827996,0.015300092058752818,0.04265322516692529,0.017175385287332954,0.03600762574789977,,True
2013-09-11 16:00:00+00:00,0.198197884,0.090329174,,0.05993976,0.160158472,0.016198504,0.035677726,0.015028262,0.033467645,,False
2013-09-11 16:30:00+00:00,0.19028857537477442,0.234609963,,0.1550832009045537,0.16516532648487878,0.016775299378747183,0.02985751754328307,0.012778646923550917,0.04556595881681366,,True
2013-09-11 17:00:00+00:00,0.186367133,0.378890752,,0.313451542,0.171241296,0.017252881,0.024725889,0.011137276,0.064959939,,False
2013-09-11 17:30:00+00:00,,,,0.4655402155555232,,,0.01913582959203483,0.010373398982061691,0.08220210368318633,,True
2013-09-11 18:00:00+00:00,,,,0.565741911,,,0.015502636,0.009708225,0.092148602,,False
2013-09-11 18:30:00+00:00,,,,0.5800992934494296,,,0.01474932827325817,0.00845415602346092,0.09116608300000001,,True
2013-09-11 19:00:00+00:00,,,,0.590657134,,,0.014262678,0.007623976,0.090183564,,False
2013-09-11 19:30:00+00:00,,,,0.6083079879719692,,,0.013775894795673408,0.0079208475,0.09143806667191673,,True
2013-09-11 20:00:00+00:00,,,,0.628837982,,,0.01324247,0.008217719,0.094129091,,False
2013-09-11 20:30:00+00:00,,,,0.6527395031834194,,,0.012172179186511086,0.0078990735,0.09940873253860867,,True
2013-09-11 21:00:00+00:00,,,,0.67469918,,,0.01142838,0.007580428,0.104698641,,False
2013-09-11 21:30:00+00:00,,,,0.6876878954593927,,,0.012077144500000001,0.010212267123316583,0.10663496420033425,,True
2013-09-11 22:00:00+00:00,,,,0.701589994,,,0.012725909,0.013903985,0.108682997,,False
2013-09-11 22:30:00+00:00,,,,0.7374060439757121,,,0.012691259316724398,0.015993919426716265,0.11662145808914035,,True
2013-09-11 23:00:00+00:00,,,,0.763833035,,,0.012592794,0.017092626,0.123001421,,False
2013-09-11 23:30:00+00:00,,,,0.7568404814999999,,,0.0110117921832756,0.017162832533516057,0.0788856375,,True
2013-09-12 00:00:00+00:00,,,,0.749847928,,,0.009494606,0.017236106,0.034769854,,False
2013-09-12 00:30:00+00:00,,,,0.8615225859425507,,,0.03587607446652844,0.14521878996468462,0.11975746714218403,,True
2013-09-12 01:00:00+00:00,,,,1.179677828,,,0.110609576,0.481440972,0.345926576,,False
2013-09-12 01:30:00+00:00,,,,5.42511973455273,,,0.8738998517647829,2.101868991971812,1.4271593605815218,,True
2013-09-12 02:00:00+00:00,,,,11.70228617,,,2.327440648,4.545927445,3.397255497,,False
2013-09-12 02:30:00+00:00,,,,16.71668877150472,,,4.542151751061568,6.7234703399717874,6.4505793426026266,,True
2013-09-12 03:00:00+00:00,,,,19.49288626,,,6.754967988,8.738975747,9.738823811,,False
2013-09-12 03:30:00+00:00,,,,18.04116661,,,7.894210997730564,10.343569152409692,12.187711870488044,,True
2013-09-12 04:00:00+00:00,,,,16.58944696,,,8.963275233,11.71263523,13.94796763,,False
2013-09-12 04:30:00+00:00,,,,17.96023727,,,10.978232467976557,13.136289861598476,15.029815575185623,,True
2013-09-12 05:00:00+00:00,,,,19.33102758,,,12.32666079,13.92556766,15.53533035,,False
2013-09-12 05:30:00+00:00,,,,15.91601843,,,10.0254456315,10.6090229635,12.204730096999999,,True
2013-09-12 06:00:00+00:00,,,,12.50100928,,,7.724230473,7.292478267,8.874129844,,False
2013-09-12 06:30:00+00:00,,,,14.220433045,,,8.885126986500001,8.058188666000001,10.220445517,,True
2013-09-12 07:00:00+00:00,,,,15.93985681,,,10.0460235,8.823899065,11.56676119,,False
2013-09-12 07:30:00+00:00,,,,15.07297387404794,,,9.418417265659645,8.488115506890706,10.86319664541642,,True
2013-09-12 08:00:00+00:00,,,,13.54033254,,,8.21555904,7.912602166,9.568732508,,False
2013-09-12 08:30:00+00:00,,,,12.14597926175749,,,6.729447308653992,7.470303321729357,8.21662342304484,,True
2013-09-12 09:00:00+00:00,,,,10.54877401,,,5.118383952,6.90080911,6.675834518,,False
2013-09-12 09:30:00+00:00,,,,8.54350544674511,,,3.7511171355621555,5.745435714527385,4.933225612857143,,True
2013-09-12 10:00:00+00:00,,,,6.405553908,,,2.562167211,4.229379028,3.293998283,,False
2013-09-12 10:30:00+00:00,,,,4.253155927410004,,,1.5313241393932409,2.4398308458510893,1.9778051335270774,,True
2013-09-12 11:00:00+00:00,,,,2.529524777,,,0.798060629,1.03297386,1.040381799,,False
2013-09-12 11:30:00+00:00,,,,1.494204250511373,,,0.4096837243644605,0.4446197642731631,0.5119959000066211,,True
2013-09-12 12:00:00+00:00,,,,0.904369976,,,0.196458085,0.153289697,0.232201571,,False
2013-09-12 12:30:00+00:00,,,,0.7227968279792701,,,0.11699194514364962,0.07559767972830107,0.1522333816478995,,True
2013-09-12 13:00:00+00:00,,,,0.603204531,,,0.078942261,0.045798879,0.121101645,,False
2013-09-12 13:30:00+00:00,,,,0.4561233195488092,,,0.06852937437347772,0.04842953174602829,0.19674071950000002,,True
2013-09-12 14:00:00+00:00,,,,0.374101522,,,0.061115247,0.053328751,0.272379794,,False
2013-09-12 14:30:00+00:00,,,,0.419785323,,,0.05107978870161191,0.06017085425397171,0.17803952550730157,,True
2013-09-12 15:00:00+00:00,,,,0.465469124,,,0.04086224,0.064744391,0.073903401,,False
2013-09-12 15:30:00+00:00,,,,0.3000708574515502,,,0.029447055862240896,0.062396844,0.06022882590227088,,True
2013-09-12 16:00:00+00:00,,,,0.098761501,,,0.021702719,0.060049297,0.052165976,,False
2013-09-12 16:30:00+00:00,,,,0.036148375548449775,,,0.019636626785527456,0.062173379499999994,0.04496402051238196,,True
2013-09-12 17:00:00+00:00,,0.009725407,,0.00944634,0.21881455,,0.018822461,0.064297462,0.038559705,,False
2013-09-12 17:30:00+00:00,,0.10558123500000001,,0.012736401530719567,0.21434727600000003,,0.01940599834619655,0.061043883246578015,0.030123365578045614,,True
2013-09-12 18:00:00+00:00,,0.201437063,,0.017754549,0.209880002,,0.020200536,0.05619315,0.025073517,,False
2013-09-12 18:30:00+00:00,,0.18999279341852465,,0.02122338844011257,0.21434035018167522,,0.02061016965380345,0.052758354753421985,0.026750567037511212,,True
2013-09-12 19:00:00+00:00,,0.163126404,,0.023672599,0.220771712,,0.020808803,0.050920714,0.029976143,,False
2013-09-12 19:30:00+00:00,,0.07628349408147533,,0.024573055596382915,0.22392833346313648,,0.020035853000000003,0.051143775893233476,0.03372444923948821,,True
2013-09-12 20:00:00+00:00,,0.004862704,,0.025535544,0.226949752,,0.019262903,0.051643406,0.038385483,,False
2013-09-12 20:30:00+00:00,,0.42557161500000007,,0.029234125371811824,0.23175493771378253,,0.019734840500000003,0.05284822693787751,0.044617245498923985,,True
2013-09-12 21:00:00+00:00,,0.846280526,,0.034451844,0.235999886,,0.020206778,0.054001024,0.050257297,,False
2013-09-12 21:30:00+00:00,,0.7465668437635034,,0.03863927371166463,0.23793556829806786,,0.0199479721149118,0.054390677168889026,0.053921147224076586,,True
2013-09-12 22:00:00+00:00,,0.571785032,,0.043866079,0.239552473,,0.01938707,0.054555786,0.055715455,,False
2013-09-12 22:30:00+00:00,,0.38242991413595,,0.0550999170228139,0.24210476284333793,,0.018383582222257232,0.0532194030132,0.0556527145,,True
2013-09-12 23:00:00+00:00,,0.240392461,,0.066607277,0.243700257,,0.017089039,0.050878596,0.055589974,,False
2013-09-12 23:30:00+00:00,,0.19318422210054656,,0.07240574925669802,0.242416808821766,,0.015970167528543827,0.04886049394597461,0.05703678714699508,,True
2013-09-13 00:00:00+00:00,,0.173726448,,0.077153738,0.239725481,,0.014636854,0.046450897,0.060473623,,False
2013-09-13 00:30:00+00:00,,0.22280408289657155,,0.08092320912384085,0.23419330517823403,,0.011867017634287137,0.0419746775408254,0.06691225708843959,,True
2013-09-13 01:00:00+00:00,,0.36480651,,0.087044627,0.230069009,,0.009904775,0.038894377,0.081984322,,False
2013-09-13 01:30:00+00:00,,2.6619421403841503,,0.4250545974204599,1.211668566168676,,0.34451009980229985,0.4897798892291345,0.6123789042901135,,True
2013-09-13 02:00:00+00:00,,7.154272582,,1.257029878,3.197304096,,1.129592479,1.50515606,1.81454605,,False
2013-09-13 02:30:00+00:00,,15.317545217719278,,4.242806954143803,6.41743117812354,,3.136125252481561,3.6390181540283244,4.605107786809068,,True
2013-09-13 03:00:00+00:00,,21.19269825,,8.034168317,9.409408455,,5.741537144,6.413185739,8.244076494,,False
2013-09-13 03:30:00+00:00,,20.669085043597565,,10.594491077164173,10.61852336651673,,7.93326369864617,9.152466502528423,11.931854810665383,,True
2013-09-13 04:00:00+00:00,,19.7440524,,12.2759975,11.47788161,,9.592810711,11.14668461,14.08883014,,False
2013-09-13 04:30:00+00:00,,18.642896226402435,,13.021319108217522,12.415685029691057,,10.55768407068232,11.94711501171412,13.628608908671117,,True
2013-09-13 05:00:00+00:00,,17.94315949,,13.34100347,12.92735895,,11.00697119,12.28781192,12.97467676,,False
2013-09-13 05:30:00+00:00,,19.018301595,,12.93060119637569,12.60198726890493,,11.009360359887648,11.698301079812289,12.708927554048307,,True
2013-09-13 06:00:00+00:00,,20.0934437,,12.04883982,11.86713047,,11.01015914,10.53688742,12.38071968,,False
2013-09-13 06:30:00+00:00,,17.25512572943945,,10.421850699668694,10.115617055997477,,9.733250059363657,8.83791835678107,10.72252137046935,,True
2013-09-13 07:00:00+00:00,,14.03571453,,8.562898834,8.268100848,,7.808897225,7.238163815,8.65227967,,False
2013-09-13 07:30:00+00:00,,13.465157132652964,,7.032119142955615,7.312409384097593,,6.397961303136343,6.339245025906639,7.276627464811227,,True
2013-09-13 08:00:00+00:00,,13.16382672,,6.2046613,6.862205832,,5.634469135,5.913014535,6.569188236,,False
2013-09-13 08:30:00+00:00,,13.029608241361162,,6.698700493,7.3126193614999995,,5.7203163335000005,6.5142768025,6.952168828,,True
2013-09-13 09:00:00+00:00,,12.86286548,,7.192739686,7.763032891,,5.806163532,7.11553907,7.33514942,,False
2013-09-13 09:30:00+00:00,,9.82879948357039,,6.100654484017087,6.407300741150589,,4.760873129711923,5.947023025771111,6.034454514294464,,True
2013-09-13 10:00:00+00:00,,5.727350249,,4.266273418,4.240815767,,3.114248143,4.055077291,3.973923043,,False
2013-09-13 10:30:00+00:00,,3.5870708056054896,,2.5556981575425723,2.492214820477341,,1.8537095966082184,2.496412461578442,2.381923532063233,,True
2013-09-13 11:00:00+00:00,,2.057278336,,1.253107228,1.235996237,,0.940340565,1.31087101,1.20019634,,False
2013-09-13 11:30:00+00:00,,0.9061386995683037,,0.7054247177230322,0.7076205184018991,,0.5140849910076133,0.7129090055728985,0.5974333398669212,,True
2013-09-13 12:00:00+00:00,,0.268611866,,0.393804451,0.428045203,,0.276869317,0.370064817,0.265465286,,False
2013-09-13 12:30:00+00:00,,0.13571088123149214,,0.23378660664047882,0.31867111360408673,,0.17414277731495745,0.21914848178235133,0.14067562190753813,,True
2013-09-13 13:00:00+00:00,,0.07420571,,0.139050822,0.259958233,,0.114802613,0.131390929,0.075993268,,False
2013-09-13 13:30:00+00:00,,0.04651406657074854,,0.0848226707578238,0.23068772224554063,,0.07857070584560619,0.07706336514580557,0.04610017949116843,,True
2013-09-13 14:00:00+00:00,,0.035100598,,0.050092466,0.211161903,,0.055385107,0.043830523,0.029513208,,False
2013-09-13 14:30:00+00:00,,0.05687146050116109,,0.02614968710444092,0.1944086717687789,,0.04060201537455394,0.0252802413582153,0.0207190841555879,,True
2013-09-13 15:00:00+00:00,,0.080644439,,0.011453015,0.18180802,,0.03080958,0.014679472,0.015593552,,False
2013-09-13 15:30:00+00:00,,0.08278443110370243,,0.003936839714564996,0.17361421556117035,,0.024555151981883277,0.009890459231163313,0.012522678221086918,,True
2013-09-13 16:00:00+00:00,,0.085034661,,0.000643841,0.166587766,,0.020213829,0.007170451,0.011139086,,False
2013-09-13 16:30:00+00:00,,0.14116095715205534,,0.0018601103427020632,0.15693297208887091,,0.016834681396003515,0.005533576975058802,0.011176784957593609,,True
2013-09-13 17:00:00+00:00,,0.197093805,,0.004569749,0.151050975,,0.014812841,0.004745591,0.011273255,,False
2013-09-13 17:30:00+00:00,,,,0.009616642431275975,,,0.014212996176188434,0.004647894707152378,0.011714292887372088,,True
2013-09-13 18:00:00+00:00,,,,0.017054889,,,0.013785956,0.004602435,0.012221753,,False
2013-09-13 18:30:00+00:00,,,,0.02595621740521522,,,0.013135584583051597,0.004575216877801921,0.012381547593831237,,True
2013-09-13 19:00:00+00:00,,,,0.03762505,,,0.012743826,0.00456335,0.012561944,,False
2013-09-13 19:30:00+00:00,,,,0.05447413337728056,,,0.013047964540302753,0.0046009423138399196,0.01344458686125862,,True
2013-09-13 20:00:00+00:00,,,,0.075291683,,,0.013702202,0.004709538,0.01460299,,False
2013-09-13 20:30:00+00:00,,,,0.1024396422975251,,,0.014819736787775064,0.006864593388476432,0.015241172394693876,,True
2013-09-13 21:00:00+00:00,,,,0.12400276,,,0.016301387,0.009674478,0.016039485,,False
2013-09-13 21:30:00+00:00,,,,0.13143402483330077,,,0.017717521776527728,0.01064378575381754,0.01825577401446044,,True
2013-09-13 22:00:00+00:00,,,,0.136699743,,,0.019472628,0.011725963,0.022158238,,False
2013-09-13 22:30:00+00:00,,,,0.1433738618127003,,,0.02313566739539446,0.01674481404386611,0.03205792929079013,,True
2013-09-13 23:00:00+00:00,,,,0.147177676,,,0.025745521,0.020924963,0.03968976,,False
2013-09-13 23:30:00+00:00,,,,0.146969319,,,0.022901488499999997,0.018426578,0.034702351,,True
2013-09-14 00:00:00+00:00,,,,0.146760962,,,0.020057456,0.015928193,0.029714942,,False
2013-09-14 00:30:00+00:00,,,,0.18399625734519182,,,0.06552038361428572,0.1382900883393531,0.10420218469578299,,True
2013-09-14 01:00:00+00:00,,,,0.290762058,,,0.190234094,0.45271112,0.29952908,,False
2013-09-14 01:30:00+00:00,,,,1.7508363145778438,,,1.0066589141870537,1.6941891581853246,1.12045375536549,,True
2013-09-14 02:00:00+00:00,,,,4.34432316,,,2.500563528,3.638458857,2.617242994,,False
2013-09-14 02:30:00+00:00,,,,7.288405619382201,,,4.507008057095887,5.563507042198538,4.966708491107624,,True
2013-09-14 03:00:00+00:00,,,,10.26321322,,,6.888483001,7.722519997,7.716009997,,False
2013-09-14 03:30:00+00:00,,,,12.995600947694763,,,9.79200328110277,10.811060526776783,10.569116245831102,,True
2013-09-14 04:00:00+00:00,,,,14.49432044,,,11.56376257,12.77078549,12.22568227,,False
2013-09-14 04:30:00+00:00,,,,14.37472087211619,,,11.49967026009166,12.363647965380672,12.123460533658072,,True
2013-09-14 05:00:00+00:00,,,,14.07613935,,,11.34442888,11.55039709,11.86665066,,False
2013-09-14 05:30:00+00:00,,,,13.03159735445804,,,10.930061134840926,10.304992077009633,10.89345569636053,,True
2013-09-14 06:00:00+00:00,,,,11.59024191,,,10.26481418,9.121869258,9.640127564,,False
2013-09-14 06:30:00+00:00,,,,10.47184608093859,,,9.379946166839952,8.592776880838676,8.903823883990034,,True
2013-09-14 07:00:00+00:00,,,,9.444755584,,,8.397787712,8.162572259,8.213657963,,False
2013-09-14 07:30:00+00:00,,,,8.478958349388416,,,7.527030167527569,7.539528836771022,7.276139127145403,,True
2013-09-14 08:00:00+00:00,,,,7.67771545,,,6.738077496,7.161428816,6.506279318,,False
2013-09-14 08:30:00+00:00,,,,7.178996989866166,,,6.128266009998571,7.165911218,6.215190198580915,,True
2013-09-14 09:00:00+00:00,,,,6.674601534,,,5.481847228,7.17039362,5.910162393,,False
2013-09-14 09:30:00+00:00,,,,5.864590320932845,,,4.493440552977691,6.492388216004581,4.971427351995601,,True
2013-09-14 10:00:00+00:00,,,,4.818179935,,,3.365951378,5.193269128,3.694712354,,False
2013-09-14 10:30:00+00:00,,,,3.345612447416834,,,2.187712325146061,3.4715286262929865,2.4013026877514,,True
2013-09-14 11:00:00+00:00,,,,1.969096958,,,1.215945326,1.851252846,1.322028752,,False
2013-09-14 11:30:00+00:00,,,,1.115818465946848,,,0.6214993582592614,0.8875075089508826,0.6696070241009389,,True
2013-09-14 12:00:00+00:00,,,,0.584177342,,,0.277148434,0.34288315,0.29367701,,False
2013-09-14 12:30:00+00:00,,,,0.3510791062711656,,,0.15737837930583193,0.19067915040339314,0.165377215113376,,True
2013-09-14 13:00:00+00:00,,,,0.219533073,,,0.093968363,0.110906139,0.097949053,,False
2013-09-14 13:30:00+00:00,,,,0.14790296823744759,,,0.06168778141529511,0.06466089220256664,0.06306004090817187,,True
2013-09-14 14:00:00+00:00,,,,0.10777559,,,0.041884943,0.036748154,0.043353649,,False
2013-09-14 14:30:00+00:00,,,,0.08802827192745652,,,0.028530664686830517,0.020274113905046874,0.033396295815171916,,True
2013-09-14 15:00:00+00:00,,,,0.079548563,,,0.019619546,0.01023789,0.027438434,,False
2013-09-14 15:30:00+00:00,,,,0.080666602,,,0.013720951484772552,0.004133234240542681,0.023388979080386542,,True
2013-09-14 16:00:00+00:00,,,,0.081784641,,,0.010012626,0.00135525,0.021501499,,False
2013-09-14 16:30:00+00:00,,,,0.063437177,,,0.007891347925580404,0.0017045377172170933,0.02828338745086273,,True
2013-09-14 17:00:00+00:00,,,,0.045089713,0.148644992,,0.006935407,0.002703691,0.047513744,,False
2013-09-14 17:30:00+00:00,,,,0.04719226282797478,0.25025484182122015,,0.019958629684558696,0.01490095225637329,0.3440724585491372,,True
2013-09-14 18:00:00+00:00,,,,0.053113163,0.45499581,,0.052629108,0.0386843,0.628182705,,False
2013-09-14 18:30:00+00:00,,,,0.12498523948712992,0.7901201311776281,,0.1870710190834288,0.07549545104246289,0.6065507076934694,,True
2013-09-14 19:00:00+00:00,,,,0.211543144,1.086322622,,0.333213326,0.115192823,0.570598505,,False
2013-09-14 19:30:00+00:00,,,,0.2398145097114284,1.1990325180011518,,0.38847035866659213,0.14107707971975325,0.5349480908065305,,True
2013-09-14 20:00:00+00:00,,,,0.259831357,1.247533126,,0.41394856,0.165208848,0.513617882,,False
2013-09-14 20:30:00+00:00,,,,0.2827668194734669,1.2150249803070925,,0.4163652250654204,0.1951197411846802,0.5746506570000001,,True
2013-09-14 21:00:00+00:00,,,,0.295452622,1.145587663,,0.41721307,0.222665424,0.635683432,,False
2013-09-14 21:30:00+00:00,,,,0.29021085571844085,1.0237470351454205,,0.3837337045609478,0.24600466307951324,0.5751268413415543,,True
2013-09-14 22:00:00+00:00,,,,0.278322833,0.877510229,,0.323849556,0.258339428,0.468126983,,False
2013-09-14 22:30:00+00:00,,,,0.25181439149418283,0.7592350398520079,,0.262677585734233,0.24279646659860468,0.35904867531695506,,True
2013-09-14 23:00:00+00:00,,,,0.218984403,0.651417791,,0.202271092,0.215240547,0.259693127,,False
2013-09-14 23:30:00+00:00,,,,0.1938439228744333,0.5567169271430122,,0.15307123068476763,0.18774059282837907,0.19114250515703024,,True
2013-09-15 00:00:00+00:00,,,,0.172911106,0.466455474,,0.113588471,0.160949558,0.146297525,,False
2013-09-15 00:30:00+00:00,,,,0.15439562791294298,0.35000758655246667,,0.0807845235200516,0.13592724007301626,0.1228975836844604,,True
2013-09-15 01:00:00+00:00,,,,0.14464029,0.279987698,,0.063902781,0.122208961,0.112512509,,False
2013-09-15 01:30:00+00:00,,,,0.28965417960154183,0.9448374205331884,,0.24565483948215677,0.30409832499544825,0.3934238087122363,,True
2013-09-15 02:00:00+00:00,,,,0.652854165,2.245645171,,0.689950048,0.746475088,1.051881787,,False
2013-09-15 02:30:00+00:00,,,,1.7450682498093717,3.7878020396442285,,1.8830411325503793,1.920992564554041,2.4983084710257524,,True
2013-09-15 03:00:00+00:00,,,,3.739786318,5.849511451,,3.945949402,3.895112274,4.901063484,,False
2013-09-15 03:30:00+00:00,,,,7.9049436495482315,9.26658659791748,,7.720062028079968,7.110146967496061,9.664401834406455,,True
2013-09-15 04:00:00+00:00,,,,11.92259296,12.29159095,,11.38475461,10.38606842,13.59276753,,False
2013-09-15 04:30:00+00:00,,,,13.686091549040853,13.673908937905106,,13.307231600387496,12.65900727045445,14.405822596355556,,True
2013-09-15 05:00:00+00:00,,,,14.47640808,14.29278715,,14.2067683,13.81096973,14.71997531,,False
2013-09-15 05:30:00+00:00,,,,14.056641562803762,13.44347253764544,,14.087241620826743,12.487465190751724,13.843780090641037,,True
2013-09-15 06:00:00+00:00,,,,13.15983623,11.91955741,,13.77572253,10.51313089,12.40011994,,False
2013-09-15 06:30:00+00:00,,,,11.363997332896648,10.25709626658077,,12.173177230115895,9.28785842179539,11.243938305823484,,True
2013-09-15 07:00:00+00:00,,,,9.694645099,8.792727096,,10.25868674,8.36269115,10.17814639,,False
2013-09-15 07:30:00+00:00,,,,9.252765032244424,8.089519536624234,,9.547457719855164,7.848004042818486,9.391823644717293,,True
2013-09-15 08:00:00+00:00,,,,8.81570729,7.421899708,,8.84597,7.321673993,8.505912331,,False
2013-09-15 08:30:00+00:00,,,,7.412245032216033,6.284717241891227,,7.391570814449938,6.248699698510889,6.734386621955021,,True
2013-09-15 09:00:00+00:00,,,,5.573996059,4.949736433,,5.555280984,4.936267148,4.789185627,,False
2013-09-15 09:30:00+00:00,,,,3.9544339327014537,3.5610001718376387,,3.4979585126393604,3.6809125816125676,3.413048399270792,,True
2013-09-15 10:00:00+00:00,,,,2.563057584,2.306420052,,1.807602916,2.506662178,2.272268546,,False
2013-09-15 10:30:00+00:00,,,,1.514188609136875,1.322610972923876,,0.9159265928043164,1.4347851127101774,1.2218843484072814,,True
2013-09-15 11:00:00+00:00,,,,0.818259737,0.674150379,,0.409499585,0.683895093,0.528883768,,False
2013-09-15 11:30:00+00:00,,,,0.4932322363780436,0.38532057279568543,,0.20823935354102074,0.35102899469221216,0.27414011810965505,,True
2013-09-15 12:00:00+00:00,,,,0.301332353,0.247198653,,0.108404548,0.172309213,0.144124947,,False
2013-09-15 12:30:00+00:00,,,,0.19152107460692575,0.2200360087749201,,0.07490309499203095,0.10052456110185443,0.09278399974791243,,True
2013-09-15 13:00:00+00:00,,,,0.1231166,0.206672038,,0.055648403,0.061358796,0.064839121,,False
2013-09-15 13:30:00+00:00,,,,0.08091301152342374,0.19910258846666345,,0.04139313112947928,0.04010963715530861,0.04920598878721852,,True
2013-09-15 14:00:00+00:00,,,,0.054172457,0.194406281,,0.031856503,0.027505696,0.039942474,,False
2013-09-15 14:30:00+00:00,,,,0.038215964927911836,0.19087075995954575,,0.025856907920049178,0.01998829949061688,0.034654040065511586,,True
2013-09-15 15:00:00+00:00,,,,0.028349649,0.189170065,,0.022018836,0.015890038,0.031672615,,False
2013-09-15 15:30:00+00:00,,,,0.02351989227310842,0.19208035599999998,,0.01997675838337771,0.014764386532108454,0.030531257135756662,,True
2013-09-15 16:00:00+00:00,,,,0.019472645,0.194990647,,0.018416488,0.013745937,0.029698315,,False
2013-09-15 16:30:00+00:00,,,,0.013359796879595105,0.18881035880071206,,0.016878189111292973,0.011030825870928464,0.02876373946264778,,True
2013-09-15 17:00:00+00:00,,,,0.007806886,0.175861698,,0.015292111,0.007508787,0.027764309,,False
2013-09-15 17:30:00+00:00,,,,0.003873342411797804,0.14993211246257737,,0.012876161365486,0.0034006439577350597,0.026194111376389387,,True
2013-09-15 18:00:00+00:00,,,,0.001900384,0.129557286,,0.011215595,0.000897226,0.025177255,,False
2013-09-15 18:30:00+00:00,,,,0.0026047161067839484,0.12822518817171685,,0.011066458188960314,0.0014246295629777523,0.027099978948475045,,True
2013-09-15 19:00:00+00:00,,,,0.004134043,0.126995788,,0.010940183,0.002501165,0.029098534,,False
2013-09-15 19:30:00+00:00,,,,0.006837749345944368,0.11806266906499366,,0.010424281676886731,0.00420941153917718,0.029176914829338277,,True
2013-09-15 20:00:00+00:00,,,,0.010448429,0.110240466,,0.01001451,0.005984721,0.029256298,,False
2013-09-15 20:30:00+00:00,,,,0.01438340844179251,0.11198276306057711,,0.010692502068846322,0.0068843736778589,0.03131108183509126,,True
2013-09-15 21:00:00+00:00,,,,0.018121825,0.115961752,,0.01176118,0.007891776,0.035173419,,False
2013-09-15 21:30:00+00:00,,,,0.02066865466009924,0.12705518970616234,,0.01241841919757875,0.010674606829599382,0.040174831210991295,,True
2013-09-15 22:00:00+00:00,,,,0.023241457,0.136470977,,0.013175042,0.013905294,0.045553625,,False
2013-09-15 22:30:00+00:00,,,,0.02736420865350328,0.13734177323326052,,0.015017618233574928,0.015949314811842474,0.050693207676104114,,True
2013-09-15 23:00:00+00:00,,,,0.031247642,0.137653528,,0.016370125,0.017745515,0.053571022,,False
2013-09-15 23:30:00+00:00,,,,0.033070750834349225,0.1234838964198396,,0.01346306716221568,0.01998854107854431,0.048152925311119844,,True
2013-09-16 00:00:00+00:00,,,,0.035195618,0.097266116,,0.009376142,0.021307587,0.039984668,,False
2013-09-16 00:30:00+00:00,,,,0.04087686612084197,0.06137339408016039,,0.00700555883778432,0.0184436855,0.03398869918888016,,True
2013-09-16 01:00:00+00:00,,,,0.053503276,0.037528821,,0.005814843,0.015579784,0.030742891,,False
2013-09-16 01:30:00+00:00,,,,0.12833802966470828,0.09239278195452715,,0.020677763671769024,0.04949318284333833,0.07875095305508072,,True
2013-09-16 02:00:00+00:00,,,,0.321739798,0.24962863,,0.063998864,0.146403539,0.214981545,,False
2013-09-16 02:30:00+00:00,,,,2.3137394341644737,2.622717839680888,,1.0662124326090723,1.5145751655830568,1.8905292031456753,,True
2013-09-16 03:00:00+00:00,,,,5.205901149,6.153096527,,2.676385654,3.559145109,4.38609944,,False
2013-09-16 03:30:00+00:00,,,,7.022804963629757,8.452278017810352,,3.8544587786323725,4.814669795064239,5.936892015921396,,True
2013-09-16 04:00:00+00:00,,,,8.752375028,10.54792598,,5.158664243,6.16868895,7.603930829,,False
2013-09-16 04:30:00+00:00,,,,11.222638280377744,13.109440803054229,,7.517483194086785,8.929241751509366,10.936593222377844,,True
2013-09-16 05:00:00+00:00,,,,12.75293721,14.61482779,,9.113751973,10.85190481,13.24476427,,False
2013-09-16 05:30:00+00:00,,,,11.73210059,13.647510405000002,,8.7510461205,10.2673295085,11.817427429999999,,True
2013-09-16 06:00:00+00:00,,,,10.71126397,12.68019302,,8.388340268,9.682754207,10.39009059,,False
2013-09-16 06:30:00+00:00,,,,10.93614268,12.879474620000002,,9.041126173999999,9.6897943545,10.99732837,,True
2013-09-16 07:00:00+00:00,,,,11.16102139,13.07875622,,9.69391208,9.696834502,11.60456615,,False
2013-09-16 07:30:00+00:00,,,,10.711596184454702,12.366274579928776,,9.30541729838224,9.213410925202776,10.893233953028075,,True
2013-09-16 08:00:00+00:00,,,,9.710340311,10.91428225,,8.43150075,8.186594357,9.412971627,,False
2013-09-16 08:30:00+00:00,,,,7.585268074976968,8.709494080392663,,6.518048438606644,6.356949780634295,6.89836279547281,,True
2013-09-16 09:00:00+00:00,,,,5.096595275,6.243932582,,4.228005401,4.310595567,4.257411792,,False
2013-09-16 09:30:00+00:00,,,,3.3831016709518664,4.319817818079106,,2.5190228659534744,2.907688848747129,2.6490970033944885,,True
2013-09-16 10:00:00+00:00,,,,2.061205752,2.744263485,,1.305231603,1.809394313,1.514107767,,False
2013-09-16 10:30:00+00:00,,,,1.0663537369315872,1.4672302928222019,,0.6741572884337481,0.9191983934728014,0.736146494891965,,True
2013-09-16 11:00:00+00:00,,,,0.461345695,0.667226663,,0.325723955,0.37654475,0.295278875,,False
2013-09-16 11:30:00+00:00,,,,0.2511570329711074,0.3887985225753648,,0.1936771781164502,0.20815899442477007,0.16367187130951463,,True
2013-09-16 12:00:00+00:00,,,,0.139448196,0.247180726,,0.122418829,0.122346831,0.098120991,,False
2013-09-16 12:30:00+00:00,,,,0.08160246065092494,0.1885432468671419,,0.08481497985333844,0.08264488607919483,0.06839556583923295,,True
2013-09-16 13:00:00+00:00,,,,0.04832423,0.154738804,,0.061651775,0.058938582,0.05166975,,False
2013-09-16 13:30:00+00:00,,,,0.03053001572949987,0.13444829367862673,,0.04679523373206698,0.04348745304537563,0.04271724757611511,,True
2013-09-16 14:00:00+00:00,,,,0.019522723,0.11836813,,0.036272577,0.032300419,0.036218133,,False
2013-09-16 14:30:00+00:00,,,,0.011604431833343457,0.09840142724335181,,0.027516871541584085,0.022638638799224828,0.029818204533868686,,True
2013-09-16 15:00:00+00:00,,,,0.007841463,0.083961891,,0.021755932,0.015693151,0.0244263,,False
2013-09-16 15:30:00+00:00,,,,0.008648850230310156,0.07820192241276862,,0.019589583127945818,0.011790647132301954,0.02010848784009983,,True
2013-09-16 16:00:00+00:00,,,,0.00974403,0.075755086,,0.01757667,0.008947547,0.016688819,,False
2013-09-16 16:30:00+00:00,,,,0.010128520834701317,0.08307641573158629,,0.012707666058207827,0.006057010962133196,0.013681693613830743,,True
2013-09-16 17:00:00+00:00,,0.392703381,,0.010569278,0.090616147,,0.007682735,0.004505621,0.012112377,,False
2013-09-16 17:30:00+00:00,,0.4235599847269528,,0.011854040227780851,,,0.004450313694299436,0.00584384528286577,0.040059014846367674,,True
2013-09-16 18:00:00+00:00,,0.500832387,,0.014710361,,,0.002842901,0.009067548,0.10801908,,False
2013-09-16 18:30:00+00:00,,0.8311410644279528,,0.028734205753883878,,,0.01520670237261608,0.017375075093599864,0.2900251132193304,,True
2013-09-16 19:00:00+00:00,,1.41241121,,0.065914347,,,0.044155169,0.030816574,0.591343076,,False
2013-09-16 19:30:00+00:00,,2.3847849604406237,,1.2893846199533239,,,0.11325463644240574,0.0491529068003666,1.138633332434302,,True
2013-09-16 20:00:00+00:00,,3.155768748,,2.487782979,,,0.212435998,0.070418058,1.526598232,,False
2013-09-16 20:30:00+00:00,,3.315010645213283,,1.4669908895000001,,,0.32778771918324445,0.09209323866627714,1.1856074884999999,,True
2013-09-16 21:00:00+00:00,,3.376349491,,0.4461988,,,0.421997765,0.110404586,0.844616745,,False
2013-09-16 21:30:00+00:00,,3.2272821678013086,,0.4499679165,,,0.4685055375017336,0.12250959529188823,0.8580456834999999,,True
2013-09-16 22:00:00+00:00,,2.938774928,,0.453737033,,,0.489488426,0.13004006,0.871474622,,False
2013-09-16 22:30:00+00:00,,2.58996335631845,,0.4511315593386272,,,0.4790748195201132,0.13357228086500242,0.6870761054821725,,True
2013-09-16 23:00:00+00:00,,2.16980975,,0.444306779,,,0.456466189,0.135094611,0.437266803,,False
2013-09-16 23:30:00+00:00,,1.661779102869267,,0.4103681825582722,,,0.4109781817060041,0.1314445349614562,0.3289305428229974,,True
2013-09-17 00:00:00+00:00,,1.236687208,,0.364057681,,,0.36316263,0.126577202,0.250034356,,False
2013-09-17 00:30:00+00:00,,0.9971447172091239,,0.32778714348588806,,,0.33942972253273623,0.12426414253854381,0.18104660970371195,,True
2013-09-17 01:00:00+00:00,,0.884496461,,0.307481354,,,0.320988942,0.12316834,0.133201589,,False
2013-09-17 01:30:00+00:00,,0.8835010870351622,,0.3065274706172125,,,0.30174056447632136,0.12377440561604347,0.10673850993693126,,True
2013-09-17 02:00:00+00:00,,0.882588249,,0.306200051,,,0.2881559,0.125167409,0.093457187,,False
2013-09-17 02:30:00+00:00,,0.8727265692666888,,0.3069084163206887,,,0.2818157872648251,0.1277535762752523,0.09083914755418696,,True
2013-09-17 03:00:00+00:00,,0.863731318,,0.308977057,,,0.279042403,0.132567066,0.089867339,,False
2013-09-17 03:30:00+00:00,,1.004962286196285,,0.34493405367154656,,,0.2825739269092168,0.1423593492210451,0.09981273619766544,,True
2013-09-17 04:00:00+00:00,,1.401633875,,0.442799532,,,0.293066209,0.165101377,0.129000365,,False
2013-09-17 04:30:00+00:00,,5.545822246892536,,1.2430265319123937,,,0.9273002997384076,0.7399337233420655,0.9280407965082256,,True
2013-09-17 05:00:00+00:00,,11.571543,,2.767254444,,,2.201692055,1.878367597,2.451078537,,False
2013-09-17 05:30:00+00:00,,16.326080580911178,,5.6011277720953725,,,4.48287240268304,3.8976915466280397,4.888115003794109,,True
2013-09-17 06:00:00+00:00,,18.94364516,,7.647731431,,,6.222294461,5.462150499,6.58191193,,False
2013-09-17 06:30:00+00:00,,17.350333929999998,,7.4810605745,,,6.335249023263693,5.597333783160934,6.5566385535,,True
2013-09-17 07:00:00+00:00,,15.7570227,,7.314389718,,,6.444669427,5.730205969,6.531365177,,False
2013-09-17 07:30:00+00:00,,18.2856563,,8.536834245,,,7.704978765405643,7.200848896756619,8.0467922185,,True
2013-09-17 08:00:00+00:00,,20.8142899,,9.759278772,,,8.863462129,8.549102388,9.56221926,,False
2013-09-17 08:30:00+00:00,,18.221238200729395,,8.669786237737984,,,8.021149336829298,7.622719087178569,8.271972501880956,,True
2013-09-17 09:00:00+00:00,,13.88752483,,6.769588555,,,6.453775869,5.979925158,6.116744403,,False
2013-09-17 09:30:00+00:00,,10.077993289856751,,4.8827473959333325,,,4.577456324705371,4.258021536787164,4.2163734021080215,,True
2013-09-17 10:00:00+00:00,,6.888622849,,3.226808725,,,2.812190538,2.740472175,2.642246811,,False
2013-09-17 10:30:00+00:00,,5.064288949842878,,2.2298653121302197,,,1.7116122704821142,1.8772836564098236,1.7275583763456936,,True
2013-09-17 11:00:00+00:00,,3.592096106,,1.502962517,,,0.959369032,1.242930174,1.080443191,,False
2013-09-17 11:30:00+00:00,,1.8004970057505676,,0.9240607941762723,,,0.4821990337089827,0.6871583731703489,0.5605797363999625,,True
2013-09-17 12:00:00+00:00,,0.713466035,,0.535885771,,,0.214380934,0.331887012,0.24961576,,False
2013-09-17 12:30:00+00:00,,0.6240075468861208,,0.3382731386187724,,,0.12814669077114582,0.2024071645392739,0.15531171870364804,,True
2013-09-17 13:00:00+00:00,,0.579966472,,0.22006861,,,0.081676427,0.129735282,0.103131604,,False
2013-09-17 13:30:00+00:00,,0.5526989997331345,,0.15648085552879604,,,0.05425256273706225,0.0863978290117473,0.06882179370724709,,True
2013-09-17 14:00:00+00:00,,0.529261013,,0.114261878,,,0.037555482,0.060042113,0.047573574,,False
2013-09-17 14:30:00+00:00,,0.4878719787011512,,0.08230390148317392,,,0.02811965995962967,0.04562922942835399,0.035660585858252526,,True
2013-09-17 15:00:00+00:00,,0.461027433,,0.058499904,,,0.021710054,0.036023839,0.028574945,,False
2013-09-17 15:30:00+00:00,,0.48628516200000005,,0.037599609891448116,,,0.01597090230639704,0.027681799974717935,0.024498633996218152,,True
2013-09-17 16:00:00+00:00,,0.511542891,,0.026803799,,,0.013034762,0.023463459,0.022673662,,False
2013-09-17 16:30:00+00:00,,0.2557714455000001,,0.03468947978649054,,,0.015523684032634856,0.0272461929654026,0.03235240535773047,,True
2013-09-17 17:00:00+00:00,,0.0,,0.048401456,,,0.0193112109999999,0.034069127,0.048492895,,False
2013-09-17 17:30:00+00:00,,,,0.06396754421350948,,,0.022175815967365044,0.042714408034597404,0.06375479136239762,,True
2013-09-17 18:00:00+00:00,,,,0.073707337,,,0.023741816,0.048319489,0.074367692,,False
2013-09-17 18:30:00+00:00,,,,0.072265493,,,0.022763577,0.0471699285,0.07667683739961291,,True
2013-09-17 19:00:00+00:00,,,,0.070823649,,,0.021785338,0.046020368,0.078583965,,False
2013-09-17 19:30:00+00:00,,,,0.0763636593967149,,,0.022478077000000003,0.047246866131810485,0.08224069473360565,,True
2013-09-17 20:00:00+00:00,,,,0.082384628,,,0.023170816,0.049515452,0.08711279,,False
2013-09-17 20:30:00+00:00,,,,0.0831497146032851,,,0.0219386075,0.05227377357437953,0.09526138164665335,,True
2013-09-17 21:00:00+00:00,,,,0.083433843,,,0.020706399,0.054678344,0.100783875,,False
2013-09-17 21:30:00+00:00,,,,0.083433843,,,0.020941331,0.055707620919628574,0.09999412813889069,,True
2013-09-17 22:00:00+00:00,,,,0.083433843,,,0.021176263,0.056555577,0.098379295,,False
2013-09-17 22:30:00+00:00,,,,0.08428147990350753,,,0.021176263,0.057911708874181414,0.09637522306834088,,True
2013-09-17 23:00:00+00:00,,,,0.085370817,,,0.021176263,0.058760825,0.093119575,,False
2013-09-17 23:30:00+00:00,,,,0.08565533439007318,,,0.01865071239715181,0.0562611275,0.08220894579276843,,True
2013-09-18 00:00:00+00:00,,,,0.086014977,,,0.014775971,0.05376143,0.073374979,,False
2013-09-18 00:30:00+00:00,,,,0.09599246261638646,,,0.011768738102848187,0.05745124361400679,0.07576479231901695,,True
2013-09-18 01:00:00+00:00,,,,0.124854614,,,0.010110696,0.068444033,0.082906075,,False
2013-09-18 01:30:00+00:00,,,,1.2109940626615476,,,0.5488149515359768,0.981994121311962,1.097675535392868,,True
2013-09-18 02:00:00+00:00,,,,3.540730133,,,1.749950344,2.866217214,3.299602926,,False
2013-09-18 02:30:00+00:00,,,,8.674158642556034,,,4.201239924110593,5.950693561699672,7.901626739193529,,True
2013-09-18 03:00:00+00:00,,,,13.23108504,,,7.304585502,9.366777907,12.50625978,,False
2013-09-18 03:30:00+00:00,,,,14.373781175372454,,,10.457503288353431,12.214862537374358,14.716622163594586,,True
2013-09-18 04:00:00+00:00,,,,14.83018131,,,12.29593394,13.75336319,15.73246592,,False
2013-09-18 04:30:00+00:00,,,,14.408203467116255,,,12.134922612014726,12.816633299424367,14.462144451301443,,True
2013-09-18 05:00:00+00:00,,,,13.62698859,,,11.80000946,11.42496405,12.78084251,,False
2013-09-18 05:30:00+00:00,,,,12.729832690424242,,,11.290022183000133,10.6050528783255,12.147385018203817,,True
2013-09-18 06:00:00+00:00,,,,11.84355656,,,10.63552543,9.931463646,11.6416389,,False
2013-09-18 06:30:00+00:00,,,,11.300301416056714,,,10.008437074393347,9.427220136680036,11.142752165697681,,True
2013-09-18 07:00:00+00:00,,,,10.70016556,,,9.230136092,8.879453253,10.51462416,,False
2013-09-18 07:30:00+00:00,,,,9.396789924711024,,,7.848250452506047,7.781436624307762,9.067046479821808,,True
2013-09-18 08:00:00+00:00,,,,7.91659983,,,6.398358695,6.748736618,7.435720148,,False
2013-09-18 08:30:00+00:00,,,,6.912051394932261,,,5.49235740265393,6.32862897123848,6.391084689819638,,True
2013-09-18 09:00:00+00:00,,,,5.915710202,,,4.664873232,5.963747242,5.48932707,,False
2013-09-18 09:30:00+00:00,,,,4.574213234723693,,,3.7005601132026227,5.496254543726857,4.675297868753976,,True
2013-09-18 10:00:00+00:00,,,,3.224191398,,,2.712450809,4.833814376,3.791689652,,False
2013-09-18 10:30:00+00:00,,,,2.0539665056491883,,,1.6325013890848972,3.0882830334920004,2.327953472200548,,True
2013-09-18 11:00:00+00:00,,,,1.170901026,,,0.80116244,1.351907419,1.067204099,,False
2013-09-18 11:30:00+00:00,,,,0.6547157516423263,,,0.39965121334002646,0.6335328117514554,0.5211483345782228,,True
2013-09-18 12:00:00+00:00,,,,0.342182721,,,0.180361129,0.253876877,0.230795682,,False
2013-09-18 12:30:00+00:00,,,,0.1927887339407326,,,0.09906738822443895,0.1322913989011375,0.13086171869864296,,True
2013-09-18 13:00:00+00:00,,,,0.107127104,,,0.055208675,0.070216567,0.078913651,,False
2013-09-18 13:30:00+00:00,,,,0.061335746149964045,,,0.030970473652894227,0.039164532261677466,0.05225373843244122,,True
2013-09-18 14:00:00+00:00,,,,0.034211371,,,0.016977983,0.021791067,0.03745463,,False
2013-09-18 14:30:00+00:00,,,,0.018921383102316763,,,0.009732306265066062,0.01296318287903008,0.030838410881284913,,True
2013-09-18 15:00:00+00:00,,,,0.009747286,,,0.005557658,0.007617833,0.026207351,,False
2013-09-18 15:30:00+00:00,,,,0.004289106109773187,,,0.003487771887872154,0.004206704324349381,0.021707503692634012,,True
2013-09-18 16:00:00+00:00,,,,0.001645248,,,0.002104475,0.002046736,0.017597073,,False
2013-09-18 16:30:00+00:00,,,,0.0012882624415094918,,,0.0007701177739959981,0.0006491616873454697,0.013114824244427632,,True
2013-09-18 17:00:00+00:00,,,,0.001160132,,,7.49e-05,0.0,0.009777278,,False
2013-09-18 17:30:00+00:00,,,,0.001681225029666005,,,0.00020253326239568867,0.00023184181725093104,0.008148743673432138,,True
2013-09-18 18:00:00+00:00,,,,0.002771404,,,0.000514219,0.000741106,0.007424512,,False
2013-09-18 18:30:00+00:00,,,,0.004379363123601529,,,0.0016590426571033165,0.0018140508610842519,0.008095186607999093,,True
2013-09-18 19:00:00+00:00,,,,0.00664776,,,0.002785056,0.002948751,0.009002404,,False
2013-09-18 19:30:00+00:00,,,,0.009642245799449275,,,0.0029695410354116897,0.003411976833621998,0.009321243864678887,,True
2013-09-18 20:00:00+00:00,,,,0.013373284,,,0.003171829,0.003928008,0.009678068,,False
2013-09-18 20:30:00+00:00,,,,0.01781481661866018,,,0.006442416684678878,0.005631467476498024,0.010662582229863207,,True
2013-09-18 21:00:00+00:00,,,,0.022840618,,,0.010017791,0.007859085,0.01260814,,False
2013-09-18 21:30:00+00:00,,,,0.027492575727354335,,,0.01055976488975852,0.009279617625922705,0.019246741857509426,,True
2013-09-18 22:00:00+00:00,,,,0.033899438,,,0.011155613,0.011290979,0.028385293,,False
2013-09-18 22:30:00+00:00,,,,0.04857242313529529,,,0.018685526305679993,0.019676925539038843,0.03392239941903492,,True
2013-09-18 23:00:00+00:00,,,,0.072792193,,,0.033811875,0.036038941,0.042576255,,False
2013-09-18 23:30:00+00:00,,,,0.12366464053802635,,,0.06362469247617233,0.07094215514820416,0.20977438125065048,,True
2013-09-19 00:00:00+00:00,,,,0.169093713,,,0.091611392,0.117218659,0.442393313,,False
2013-09-19 00:30:00+00:00,,,,0.17843375495153024,,,0.09885479523541908,0.15009215031550985,0.5409766786916441,,True
2013-09-19 01:00:00+00:00,,,,0.18946925,,,0.107763162,0.203017338,0.668788151,,False
2013-09-19 01:30:00+00:00,,,,1.115918346221145,,,0.6163943209221646,0.9093114910628585,1.485765477723257,,True
2013-09-19 02:00:00+00:00,,,,2.65045061,,,1.410543161,1.965598825,2.633466347,,False
2013-09-19 02:30:00+00:00,,,,4.03277690750204,,,1.9603028546005796,2.7363473869838058,3.440156127435901,,True
2013-09-19 03:00:00+00:00,,,,5.135080569,,,2.478897369,3.370594599,4.177113505,,False
2013-09-19 03:30:00+00:00,,,,5.768805755853232,,,3.125536220430636,3.896625471336205,5.041865053419462,,True
2013-09-19 04:00:00+00:00,,,,6.064366299,,,3.509845583,4.168256488,5.544124281,,False
2013-09-19 04:30:00+00:00,,,,5.407588632,,,3.1777898025,3.792306334,4.91302276,,True
2013-09-19 05:00:00+00:00,,,,4.750810965,,,2.845734022,3.41635618,4.281921239,,False
2013-09-19 05:30:00+00:00,,,,7.965486662500001,,,5.2396759799999995,6.148525843500001,7.5881083245,,True
2013-09-19 06:00:00+00:00,,,,11.18016236,,,7.633617938,8.880695507,10.89429541,,False
2013-09-19 06:30:00+00:00,,,,10.905438217949026,,,7.4436812972455835,8.50318875885156,10.417077419796605,,True
2013-09-19 07:00:00+00:00,,,,10.3161266,,,7.043506053,7.842621021,9.541477887,,False
2013-09-19 07:30:00+00:00,,,,9.281241951563178,,,6.398489468530156,7.189759254995383,8.618469367126206,,True
2013-09-19 08:00:00+00:00,,,,8.001437905,,,5.580782746,6.597417797,7.603043464,,False
2013-09-19 08:30:00+00:00,,,,6.879081786683794,,,4.752337312821421,6.235024115776391,6.555772097010232,,True
2013-09-19 09:00:00+00:00,,,,5.835156443,,,3.973245754,5.904752372,5.614445701,,False
2013-09-19 09:30:00+00:00,,,,4.988237993662574,,,3.415298060545347,5.557347540600976,5.016176950778074,,True
2013-09-19 10:00:00+00:00,,,,4.104202354,,,2.83279232,5.05879558,4.358680528,,False
2013-09-19 10:30:00+00:00,,,,2.7450984660689084,,,1.812773250075752,3.3224100144508104,2.8068553471924065,,True
2013-09-19 11:00:00+00:00,,,,1.521389938,,,0.90706933,1.509587651,1.324625404,,False
2013-09-19 11:30:00+00:00,,,,0.839156243311823,,,0.488218001361511,0.8038868783900407,0.6800542931826181,,True
2013-09-19 12:00:00+00:00,,,,0.433247479,,,0.254083351,0.415988225,0.330164655,,False
2013-09-19 12:30:00+00:00,,,,0.26521729349520873,,,0.16193639969905146,0.2590405895569047,0.20605290808589363,,True
2013-09-19 13:00:00+00:00,,,,0.168489115,,,0.109755194,0.170624427,0.140040032,,False
2013-09-19 13:30:00+00:00,,,,0.10853346893304935,,,0.0784070088887905,0.1184186625889786,0.10565699719989466,,True
2013-09-19 14:00:00+00:00,,,,0.072696626,,,0.057674595,0.085246943,0.083782344,,False
2013-09-19 14:30:00+00:00,,,,0.055430574431737024,,,0.04272003127367944,0.06339949929106566,0.0678488690381375,,True
2013-09-19 15:00:00+00:00,,,,0.04396155,,,0.032350064,0.049352954,0.056449691,,False
2013-09-19 15:30:00+00:00,,,,0.03386025842705046,,,0.025921700301282602,0.04208925865779025,0.047904276680595055,,True
2013-09-19 16:00:00+00:00,,,,0.027389858,,,0.020931707,0.036120414,0.042291877,,False
2013-09-19 16:30:00+00:00,,,,0.025245265949031585,,,0.01582098861763066,0.02764802025173297,0.03939408021908494,,True
2013-09-19 17:00:00+00:00,0.147998136,,0.694554599,0.023349234,0.112730637,,0.012058112,0.020899755,0.03771157,,False
2013-09-19 17:30:00+00:00,0.14227181080650322,,0.7188617445000001,0.01834961802461844,0.10419885416529337,,0.010101047772580935,0.01772556337469932,0.03704951068343668,,True
2013-09-19 18:00:00+00:00,0.13281818,,0.74316889,0.014725713,0.09038741,,0.008957892,0.016132359,0.036382529,,False
2013-09-19 18:30:00+00:00,0.1241262456968386,,0.7372228760044648,0.021834236554892885,0.07809520259922811,,0.008473200156603406,0.015755594213669784,0.03373175250681462,,True
2013-09-19 19:00:00+00:00,0.117004243,,0.724805513,0.030688863,0.070366088,,0.008103657,0.015612999,0.031600965,,False
2013-09-19 19:30:00+00:00,0.11362358008998907,,0.7036134781950873,0.0331516040540024,0.06960128466874463,,0.007612549247025851,0.0159517725,0.0324864345,,True
2013-09-19 20:00:00+00:00,0.110506625,,0.680960149,0.035158982,0.068822457,,0.007198807,0.016290546,0.033371904,,False
2013-09-19 20:30:00+00:00,0.10401179840693152,,0.6645632098004478,0.03788013650649738,0.05477819706673387,,0.006919962963585063,0.016290546,0.030698614000000003,,True
2013-09-19 21:00:00+00:00,0.099555948,,0.656098914,0.041268947,0.04146453,,0.006783457,0.016290546,0.028025324,,False
2013-09-19 21:30:00+00:00,0.10086998655789213,,0.6870186798146372,0.046181361942189476,0.04167258045975849,,0.008284915844328819,0.016830547834994363,0.03026317532366006,,True
2013-09-19 22:00:00+00:00,0.103645459,,0.737555464,0.052180742,0.042252808,,0.010825665,0.018105885,0.034508726,,False
2013-09-19 22:30:00+00:00,0.10925019431673075,,0.7822136716006987,0.05989429283189723,0.048307006652889464,,0.013305808523009714,0.021541600806491628,0.04014571880969297,,True
2013-09-19 23:00:00+00:00,0.113891179,,0.813246583,0.065966201,0.05561134,,0.015104509,0.025851783,0.045057109,,False
2013-09-19 23:30:00+00:00,0.11441706009841261,,0.8198405786506877,0.0675580149217343,0.05750542432757448,,0.015499797343738825,0.02806246926861157,0.04655334792521925,,True
2013-09-20 00:00:00+00:00,0.11499365,,0.827484119,0.06949159,0.059896865,,0.015963958,0.031361526,0.048444816,,False
2013-09-20 00:30:00+00:00,0.17077149673185052,,1.1934207044485776,0.16486449511705037,0.16424907836666958,,0.047739507625089994,0.10206490029626436,0.14046775715597648,,True
2013-09-20 01:00:00+00:00,0.327618163,,2.12101736,0.426938586,0.453234575,,0.138011617,0.293555768,0.392250495,,False
2013-09-20 01:30:00+00:00,2.5506937714162334,,6.971668554911245,3.0567754593829997,3.9205794841170634,,1.696777326643196,2.3645232809306296,2.893246815690401,,True
2013-09-20 02:00:00+00:00,4.929557131,,11.54433654,6.285820917,7.861230971,,3.56161387,4.547306034,5.695566065,,False
2013-09-20 02:30:00+00:00,5.34808699887888,,11.999531158574154,7.709899970688736,8.994450146576044,,4.208020995020636,4.903952302291086,6.487539339595051,,True
2013-09-20 03:00:00+00:00,5.509211904,,12.16400765,8.366323775,9.467609793,,4.489434007,5.076447992,6.816752563,,False
2013-09-20 03:30:00+00:00,5.4056004745,,11.86808435,7.351780969999999,9.1428517015,,4.4256767649999995,5.134998850720572,6.669813800499999,,True
2013-09-20 04:00:00+00:00,5.301989045,,11.57216105,6.337238165,8.81809361,,4.361919523,5.203266948,6.522875038,,False
2013-09-20 04:30:00+00:00,6.773752088882285,,13.621290615881666,8.063817004184259,10.177609155445763,,5.493880286721712,6.530146980962021,8.103355201508018,,True
2013-09-20 05:00:00+00:00,8.752599255,,15.99717917,10.35520691,11.97572676,,7.188946645,8.240020476,10.23540215,,False
2013-09-20 05:30:00+00:00,9.724299053617715,,16.543937794118335,11.423319118315742,12.802345264554237,,8.406470676778289,9.089162158889332,11.29592981749198,,True
2013-09-20 06:00:00+00:00,10.18891473,,16.76393743,11.92662026,13.19036171,,9.060889114,9.494442814,11.8048907,,False
2013-09-20 06:30:00+00:00,9.554924469915752,,14.844671119496885,11.117858995789735,12.060625705313937,,8.496104124572005,8.931745278279452,10.961687638809748,,True
2013-09-20 07:00:00+00:00,8.510654258,,12.00818016,9.821813006,10.32411401,,7.544523939,7.976845289,9.631688267,,False
2013-09-20 07:30:00+00:00,7.694236293890083,,10.358057650640763,8.896740954399968,9.1856073090775,,6.754276321660558,7.130995209281288,8.738786639520326,,True
2013-09-20 08:00:00+00:00,6.905066828,,9.021779661,8.006902157,8.219469124,,5.965249093,6.353246092,7.86793656,,False
2013-09-20 08:30:00+00:00,6.211423871062654,,7.953212354162454,7.156904821493625,7.472320733178842,,5.22876542469569,5.763785741553544,6.908228785193686,,True
2013-09-20 09:00:00+00:00,5.439974456,,6.996724621,6.205351876,6.739860372,,4.458233667,5.27427754,5.902860385,,False
2013-09-20 09:30:00+00:00,4.228761365618083,,6.112186811340435,4.785226331881873,5.866080606885981,,3.5202144472058894,4.931804516443429,4.875760531843267,,True
2013-09-20 10:00:00+00:00,2.955066291,,5.087938748,3.332532886,4.799689253,,2.564232658,4.50731497,3.778488426,,False
2013-09-20 10:30:00+00:00,1.9239032976411352,,3.132020969462762,2.2103657019630765,3.042554704335419,,1.6544912974755597,3.044147282713652,2.381830474581872,,True
2013-09-20 11:00:00+00:00,1.146778065,,1.363352826,1.351932711,1.47890552,,0.937293419,1.470174913,1.217563374,,False
2013-09-20 11:30:00+00:00,0.653586335577314,,0.5894814442020933,0.7557986095965301,0.7455072515136776,,0.49111492569134163,0.7230707491637043,0.5943786421498599,,True
2013-09-20 12:00:00+00:00,0.379777155,,0.198185688,0.395703925,0.358613293,,0.235940433,0.320575649,0.261107855,,False
2013-09-20 12:30:00+00:00,0.3069812415166064,,0.10436724750923618,0.2643208237754402,0.24686709628915465,,0.15486408268112947,0.21463237687925624,0.17336431709602004,,True
2013-09-20 13:00:00+00:00,0.265050151,,0.061454462,0.184785533,0.192474943,,0.108176505,0.155009581,0.128390312,,False
2013-09-20 13:30:00+00:00,0.23263669435683373,,0.04421530668537051,0.12551132088322753,0.16669530690548817,,0.0753579874867919,0.1119991706579816,0.10448042380736167,,True
2013-09-20 14:00:00+00:00,0.20807459,,0.037256045,0.082001289,0.155902687,,0.051420816,0.079025209,0.087931302,,False
2013-09-20 14:30:00+00:00,0.18877200985972994,,0.05201572352837966,0.046459528415868284,0.1712119105,,0.030478113565249806,0.04663016090242782,0.07216151052511809,,True
2013-09-20 15:00:00+00:00,0.171252611,,0.081037321,0.022765393,0.186521134,,0.016716767,0.023716996,0.060675534,,False
2013-09-20 15:30:00+00:00,0.14734573206181026,,0.119467635722171,0.010888294367297885,0.17696952500000002,,0.010402563465785655,0.011919616625263764,0.0533632719727402,,True
2013-09-20 16:00:00+00:00,0.132839083,,0.162886581,0.004631782,0.167417916,,0.007674869,0.006644913,0.049909741,,False
2013-09-20 16:30:00+00:00,0.15704779974726998,,0.2088604157494493,0.0024246734333572403,0.1718956675,,0.008334021202759001,0.010371360235206798,0.056814797353282175,,True
2013-09-20 17:00:00+00:00,0.199159044,,0.235583701,0.001538736,0.176373419,,0.009763868,0.020236822,0.066953187,,False
2013-09-20 17:30:00+00:00,0.24701899475273004,,,0.001963261343138872,,,0.013089228797241,0.08681359826479321,0.07378005414671782,,True
2013-09-20 18:00:00+00:00,0.276976418,,,0.003077471,,,0.015643895,0.14725136,0.077373588,,False
2013-09-20 18:30:00+00:00,0.2620908670512376,,,0.00799513924450176,,,0.015643895,0.10254124360001585,0.07197646222250088,,True
2013-09-20 19:00:00+00:00,0.239947241,,,0.016395731,,,0.015643895,0.046184896,0.064377561,,False
2013-09-20 19:30:00+00:00,0.22589085867502123,,,0.028360538979543885,,,0.015643895,0.026844664720622333,0.059946511777499115,,True
2013-09-20 20:00:00+00:00,0.216071238,,,0.038744969,,,0.015643895,0.015916596,0.057717238,,False
2013-09-20 20:30:00+00:00,0.21157223421888766,,,0.043416272432815484,,,0.016431999503211323,0.010186574679361819,0.059605917622861035,,True
2013-09-20 21:00:00+00:00,0.207981139,,,0.045495346,,,0.017744537,0.007690622,0.062032938,,False
2013-09-20 21:30:00+00:00,0.20423584835248915,,,0.0443246685,,,0.01905416849678868,0.008502923448590242,0.06301939887713896,,True
2013-09-20 22:00:00+00:00,0.199129793,,,0.043153991,,,0.019839367,0.010864433,0.063467519,,False
2013-09-20 22:30:00+00:00,0.18698007692715296,,,0.04999216133222852,,,0.019839367,0.07685433155140975,0.057890200293876516,,True
2013-09-20 23:00:00+00:00,0.166811383,,,0.060069093,,,0.019839367,0.141295022,0.046993372,,False
2013-09-20 23:30:00+00:00,0.13138198376873567,,,0.06434974563514806,,,0.014502080999999998,0.099067738,0.0294645795660161,,True
2013-09-21 00:00:00+00:00,0.087206653,,,0.070566542,,,0.009164795,0.056840454,0.016956538,,False
2013-09-21 00:30:00+00:00,0.03590981800647583,,,0.26987012716729825,,,0.01258239301715405,0.20200003139920653,0.016502336140107387,,True
2013-09-21 01:00:00+00:00,0.004852062,,,0.806460852,,,0.022697374,0.565893805,0.016346893,,False
2013-09-21 01:30:00+00:00,0.524805598369266,,,5.144951331581541,,,0.43419253066579483,1.7577947946196721,0.38106128385510596,,True
2013-09-21 02:00:00+00:00,1.665779781,,,10.6952103,,,1.337998818,3.676809219,1.210416813,,False
2013-09-21 02:30:00+00:00,3.7323957235982115,,,13.651760981970826,,,2.9787190805567727,5.900357359491824,2.9946041039716236,,True
2013-09-21 03:00:00+00:00,6.590601118,,,15.2287627,,,5.475274927,8.503586351,5.401050482,,False
2013-09-21 03:30:00+00:00,10.610322328032522,,,15.505370269812957,,,10.079155067260277,12.107000156489297,8.20289292867327,,True
2013-09-21 04:00:00+00:00,13.21743344,,,15.60729627,,,13.32819111,14.38488548,9.91783515,,False
2013-09-21 04:30:00+00:00,11.771018430491205,,,14.087725960000002,,,12.097183167493395,11.972551864191534,9.23951391018489,,True
2013-09-21 05:00:00+00:00,9.866350637,,,12.56815565,,,10.40972508,9.384932659,8.167521375,,False
2013-09-21 05:30:00+00:00,9.006460512508795,,,12.69668996,,,9.548314195627361,9.108787447308465,7.255141687815111,,True
2013-09-21 06:00:00+00:00,8.604823172,,,12.82522427,,,9.081287706,9.007927825,6.736433296,,False
2013-09-21 06:30:00+00:00,8.821167754500001,,,12.387867340144178,,,9.011691685935011,9.235646840000001,6.990880794500001,,True
2013-09-21 07:00:00+00:00,9.037512337,,,11.64218883,,,8.944361591,9.463365855,7.245328293,,False
2013-09-21 07:30:00+00:00,8.651973151023038,,,11.065243095555271,,,8.626870375671189,9.23579508430813,6.973313111544314,,True
2013-09-21 08:00:00+00:00,7.857781281,,,10.35419332,,,7.999199628,8.736272961,6.426955198,,False
2013-09-21 08:30:00+00:00,6.655889500175653,,,9.140567399818066,,,6.466732102344887,7.8160983338270285,5.691146404950258,,True
2013-09-21 09:00:00+00:00,5.197372383,,,7.527204273,,,4.590964924,6.577490361,4.761956992,,False
2013-09-21 09:30:00+00:00,3.803170028202124,,,5.4246960528744,,,3.238971837788818,5.334524715247973,3.720299747945567,,True
2013-09-21 10:00:00+00:00,2.535556746,,,3.360123907,,,2.137464516,3.971161102,2.627060306,,False
2013-09-21 10:30:00+00:00,1.4381778915029102,,,1.7768556135551576,,,1.2492731607353582,2.1923672713116122,1.4449823537757855,,True
2013-09-21 11:00:00+00:00,0.725588923,,,0.740533243,,,0.651172121,0.843899011,0.604478396,,False
2013-09-21 11:30:00+00:00,0.4786873551563164,,,0.31245014852346525,,,0.3635461290910174,0.38703042244144353,0.3202546316663233,,True
2013-09-21 12:00:00+00:00,0.354722236,,,0.100190082,,,0.201193891,0.160388531,0.173223432,,False
2013-09-21 12:30:00+00:00,0.3085140212849717,,,0.03265789999039725,,,0.12514270565204957,0.07977302905946344,0.10996444191012779,,True
2013-09-21 13:00:00+00:00,0.280384517,,,0.004941039,,,0.080997314,0.042618109,0.073373117,,False
2013-09-21 13:30:00+00:00,0.2582548118884497,,,0.002418646539065647,,,0.055106159721405625,0.03357652379603639,0.050173720145252,,True
2013-09-21 14:00:00+00:00,0.240946113,,,0.001538736,,,0.039138393,0.027319671,0.034956778,,False
2013-09-21 14:30:00+00:00,0.22415469351840606,,,0.003104678749760441,,,0.029852767052851843,0.01798910204611302,0.02414273626315307,,True
2013-09-21 15:00:00+00:00,0.213665791,,,0.006214541,,,0.023846943,0.010681212,0.017971735,,False
2013-09-21 15:30:00+00:00,0.21170962053983808,,,0.010944132836864684,,,0.02009207367610116,0.0074909663690620925,0.01588880979921842,,True
2013-09-21 16:00:00+00:00,0.209623316,,,0.015306759,,,0.017184863,0.00554478,0.015051715,,False
2013-09-21 16:30:00+00:00,0.18539542364392278,,,0.017483337413374874,,,0.013973280522387993,0.004423457621782165,0.018238372499182913,,True
2013-09-21 17:00:00+00:00,0.151161528,,0.0,0.018482962,0.143679441,,0.011906351,0.003550189,0.021428368,,False
2013-09-21 17:30:00+00:00,0.12650505724359065,,0.003587451038155466,0.011549456999999999,0.14477730046790954,,0.011368016688164383,0.0024250674713532793,0.021431709872032575,,True
2013-09-21 18:00:00+00:00,0.111039426,,0.012037903,0.004615952,0.147596887,,0.011157564,0.001770238,0.021435051,,False
2013-09-21 18:30:00+00:00,0.1065590988207806,,0.032784935129254504,0.005198372003146268,0.15891923590101203,,0.011554486053036198,0.001816135094394167,0.023267588849924574,,True
2013-09-21 19:00:00+00:00,0.104784449,,0.062680495,0.00612895,0.176056332,,0.012395646,0.001941565,0.026692153,,False
2013-09-21 19:30:00+00:00,0.10594865578635661,,0.09294608534590587,0.006731565474246146,0.19232175408879837,,0.014055573307871648,0.0029005982061577045,0.030936872868546225,,True
2013-09-21 20:00:00+00:00,0.108400693,,0.125420966,0.007418956,0.208101143,,0.01554206,0.004164173,0.03480974,,False
2013-09-21 20:30:00+00:00,0.1127786292519156,,0.15886128316993844,0.008952172522607587,0.22421725454228006,,0.016004560139092152,0.0048287200724042014,0.03717298841031372,,True
2013-09-21 21:00:00+00:00,0.117351653,,0.192598591,0.010052456,0.233282925,,0.016196263,0.005338007,0.038312726,,False
2013-09-21 21:30:00+00:00,0.12002437873998649,,0.2237772226484531,0.0097826735,0.233282925,,0.0158691615,0.005677146686845229,0.037932402000000004,,True
2013-09-21 22:00:00+00:00,0.121787163,,0.257599296,0.009512891,0.233282925,,0.01554206,0.006088043,0.037552078,,False
2013-09-21 22:30:00+00:00,0.12284623022174128,,0.3113802838679247,0.012232708500000002,0.236152379,,0.018333509499999998,0.007752416440198697,0.040313499,,True
2013-09-21 23:00:00+00:00,0.123332321,,0.350971018,0.014952526,0.239021833,,0.021124959,0.009116219,0.04307492,,False
2013-09-21 23:30:00+00:00,0.113324795618143,,0.35901988880036795,0.014075588,0.20987427210455895,,0.01988620302261691,0.0081264315,0.03655116896437258,,True
2013-09-22 00:00:00+00:00,0.093147439,,0.362097762,0.01319865,0.154365973,,0.017077749,0.007136644,0.026335746,,False
2013-09-22 00:30:00+00:00,0.056882400381857004,,0.2912751675,0.018551433774636014,0.07130509539544105,,0.009294882477383087,0.007726853494055011,0.01788488003562742,,True
2013-09-22 01:00:00+00:00,0.030787193,,0.220452573,0.033536706,0.014604956,,0.003081714,0.009468599,0.013125686,,False
2013-09-22 01:30:00+00:00,0.07672146999086929,,0.4989893491806776,0.13646368576865328,0.16271260839811436,,0.03545556486179101,0.05943643784825232,0.057243679186996056,,True
2013-09-22 02:00:00+00:00,0.205046275,,1.210002901,0.398665595,0.566610124,,0.126459466,0.195414129,0.181898887,,False
2013-09-22 02:30:00+00:00,1.3177860470030796,,4.1438081299972005,2.108894887442349,3.293140109623083,,0.9570171346813876,1.2161814991402533,1.4347009503757835,,True
2013-09-22 03:00:00+00:00,3.234642909,,8.079482938,4.914507858,7.55217767,,2.491302859,2.984300726,3.71298773,,False
2013-09-22 03:30:00+00:00,5.815251687506051,,11.259474766322123,8.419623707014363,12.110853433978802,,5.0184159684568215,5.479819436517439,7.22682395593722,,True
2013-09-22 04:00:00+00:00,7.509352848,,13.00512024,10.66044846,14.88123176,,6.783170972,7.140824902,9.634638251,,False
2013-09-22 04:30:00+00:00,6.143608234499999,,10.488828541499998,8.6533725015,11.543479586,,5.62487173,5.870851792000001,7.632581178000001,,True
2013-09-22 05:00:00+00:00,4.777863621,,7.972536843,6.646296543,8.205727412,,4.466572488,4.600878682,5.630524105,,False
2013-09-22 05:30:00+00:00,6.142311292176446,,9.211539893558738,7.540271191804333,9.521255152416245,,5.217123045152853,5.666463019251836,6.79473352313369,,True
2013-09-22 06:00:00+00:00,8.222178499,,11.02117253,9.143175963,11.50783836,,6.634537135,7.438725768,8.790067275,,False
2013-09-22 06:30:00+00:00,9.803707367323554,,12.218547267941261,11.138124412695666,12.973927108583755,,8.700972298847148,9.199898584748166,10.959441539366312,,True
2013-09-22 07:00:00+00:00,10.6698167,,12.84529242,12.42414274,13.76896039,,10.10054393,10.25439299,12.29769147,,False
2013-09-22 07:30:00+00:00,8.387365466334106,,9.568280883754527,9.95577386248141,10.799914634330312,,7.95572419922852,8.230244885404497,9.609223520648529,,True
2013-09-22 08:00:00+00:00,5.542332459,,5.746039617,6.718356194,7.37353228,,5.215427484,5.672037794,6.199386625,,False
2013-09-22 08:30:00+00:00,4.681804832449229,,4.9452372000980045,5.439787213522074,6.766501517046211,,4.277920426505159,4.836493050152331,5.0490960157977405,,True
2013-09-22 09:00:00+00:00,4.100854177,,4.457686541,4.612619282,6.30621094,,3.640524145,4.279275827,4.309551172,,False
2013-09-22 09:30:00+00:00,3.6510993726284644,,4.12097067675815,4.162044949074208,5.662366158755932,,3.1752138822698974,3.896416084311072,3.8542920176558413,,True
2013-09-22 10:00:00+00:00,3.16890701,,3.732624496,3.702848158,4.820064376,,2.695214306,3.47098478,3.384071513,,False
2013-09-22 10:30:00+00:00,2.183684794697871,,2.45375940601192,2.5664300750222284,3.155061109615652,,1.7594078768003998,2.352782905782884,2.2833491186243684,,True
2013-09-22 11:00:00+00:00,1.21598582,,1.127119116,1.394949611,1.587313286,,0.892633607,1.192923734,1.187132243,,False
2013-09-22 11:30:00+00:00,0.6678531761755477,,0.5471672510554225,0.7362355976947345,0.8606379481425016,,0.47264761723745274,0.5724387563026808,0.6085096384638795,,True
2013-09-22 12:00:00+00:00,0.358539983,,0.238248578,0.342840884,0.482162094,,0.234620909,0.223734323,0.279749171,,False
2013-09-22 12:30:00+00:00,0.2679356749971767,,0.14785163543203367,0.19089402861753585,0.390733432145415,,0.14151750638390612,0.11879211640133593,0.1699132488085085,,True
2013-09-22 13:00:00+00:00,0.221441557,,0.098582605,0.107941439,0.338421327,,0.090645993,0.065048556,0.110794221,,False
2013-09-22 13:30:00+00:00,0.19950161251550322,,0.06553608437887391,0.06333228602966792,0.2969658587186183,,0.06396297706051297,0.03733484560878581,0.07712146573114266,,True
2013-09-22 14:00:00+00:00,0.183072545,,0.045536147,0.037757847,0.264161642,,0.046707969,0.021838344,0.056656851,,False
2013-09-22 14:30:00+00:00,0.16261049803712188,,0.03439797951106863,0.024558182686466645,0.2335059479027489,,0.03294012997587692,0.014335536402493488,0.044714051732303715,,True
2013-09-22 15:00:00+00:00,0.14560209,,0.029435614,0.017085815,0.208967864,,0.024371611,0.009615314,0.03669608,,False
2013-09-22 15:30:00+00:00,0.1337086701649785,,0.03492910768338557,0.01306977537167492,0.18912289284260908,,0.02106496218411658,0.005692807633918886,0.029931340537685824,,True
2013-09-22 16:00:00+00:00,0.127840214,,0.04911678,0.011310741,0.178990991,,0.018877145,0.003751642,0.026533614,,False
2013-09-22 16:30:00+00:00,0.13079796814178027,,0.10722789708917432,0.015251518731914986,0.1828240549169506,,0.017047686898036294,0.004521293504761508,0.028769154145783946,,True
2013-09-22 17:00:00+00:00,0.136622554,,0.198376132,0.022087685,0.19070526,,0.015285064,0.005930822,0.033118383,,False
2013-09-22 17:30:00+00:00,0.1461943261958659,,0.2962897849489967,0.029793380768085014,0.20323081266157447,,0.012419109956123433,0.007693414499591085,0.03905652262561376,,True
2013-09-22 18:00:00+00:00,0.153139551,,0.387710268,0.034603688,0.216919295,,0.010572353,0.009031482,0.044926478,,False
2013-09-22 18:30:00+00:00,0.15350717816235385,,0.4483614091996974,0.034585751424293855,0.22817504042147488,,0.010572353,0.009389249495647407,0.04861667176215174,,True
2013-09-22 19:00:00+00:00,0.153634521,,0.499975102,0.034546313,0.234219715,,0.010572353,0.009531665,0.051186227,,False
2013-09-22 19:30:00+00:00,0.15203274704318498,,0.550026798974122,0.034449719575706146,0.22616550349990439,,0.009181713999999999,0.0084618115,0.05266774151032305,,True
2013-09-22 20:00:00+00:00,0.148975365,,0.598245864,0.034374628,0.216144254,,0.007791075,0.007391958,0.053811808,,False
2013-09-22 20:30:00+00:00,0.1455778398186175,,0.6475576039734727,0.037115742266235915,0.21277538281824016,,0.009131737085052327,0.00936915830361783,0.05495901291089563,,True
2013-09-22 21:00:00+00:00,0.141215481,,0.694932346,0.04174206,0.211115734,,0.010572353,0.012125925,0.055938044,,False
2013-09-22 21:30:00+00:00,0.13357074713819753,,0.735153144076943,0.045384309880134914,0.2106995531818554,,0.010681179207205552,0.013240222323866081,0.05656310455889858,,True
2013-09-22 22:00:00+00:00,0.128346455,,0.778629591,0.049464613,0.210541188,,0.010787742,0.014450734,0.057322495,,False
2013-09-22 22:30:00+00:00,0.128682639,,0.8579843770542082,0.05645889485362916,0.21616013599999997,,0.011888229707742119,0.01844035887251609,0.060363030986333305,,True
2013-09-22 23:00:00+00:00,0.129018823,,0.911652466,0.06112992,0.221779084,,0.012891027,0.021554203,0.062849993,,False
2013-09-22 23:30:00+00:00,0.10904980908251827,,0.8926148685000002,0.05724348,0.17860206999999997,,0.010797460999999998,0.0193536015,0.053938047,,True
2013-09-23 00:00:00+00:00,0.078443949,,0.873577271,0.05335704,0.135425056,,0.008703895,0.017153,0.045026101,,False
2013-09-23 00:30:00+00:00,0.05476595391748174,,1.0159396883470342,0.10362528424824012,0.13668442722335372,,0.036075629669010394,0.08437040080436153,0.055226289813454434,,True
2013-09-23 01:00:00+00:00,0.041724805,,1.403277626,0.245984231,0.140457517,,0.113696467,0.265958869,0.085244414,,False
2013-09-23 01:30:00+00:00,0.792863736702894,,4.205369936408506,1.8346472009249926,1.905192259141244,,0.9709937743720931,1.3686929836336965,1.0467872349169325,,True
2013-09-23 02:00:00+00:00,2.19713199,,7.932377414,4.446700033,5.176468252,,2.461427709,3.10253879,2.822147249,,False
2013-09-23 02:30:00+00:00,3.662095956803051,,9.870611209322574,6.7588259507450275,9.070383228411156,,3.935326053485083,4.536261227127632,4.791002738380845,,True
2013-09-23 03:00:00+00:00,5.512828981,,11.57895296,9.204466977,12.70866908,,5.732522116,6.245521537,7.088244587,,False
2013-09-23 03:30:00+00:00,8.814951714994056,,13.989299981421885,12.458619870081739,15.214068422224246,,8.841702401772881,9.670855464434311,10.221859867388767,,True
2013-09-23 04:00:00+00:00,11.07817607,,15.45964836,14.46377709,16.46604192,,10.96888145,12.07516876,12.19345366,,False
2013-09-23 04:30:00+00:00,10.893602636759812,,14.030749209924767,13.724032087574782,15.027959859095414,,11.006139665200932,11.751951550751594,11.994225097896175,,True
2013-09-23 05:00:00+00:00,10.54851976,,12.12716089,12.70582238,13.21764344,,11.01871567,11.20475914,11.69120039,,False
2013-09-23 05:30:00+00:00,10.13234653202765,,11.395123528131585,12.254389729081401,12.685267796389482,,10.941341296849162,10.72399214232573,11.52284818162309,,True
2013-09-23 06:00:00+00:00,9.73356683,,10.79957107,11.89063832,12.25182919,,10.77032381,10.28182901,11.33735677,,False
2013-09-23 06:30:00+00:00,9.535824014844783,,10.172306273936783,11.583167087341751,11.704676785307624,,10.498935391969464,10.005625544103287,11.051322274214087,,True
2013-09-23 07:00:00+00:00,9.292378697,,9.420549439,11.17330671,10.99256344,,10.00901307,9.662167013,10.57302552,,False
2013-09-23 07:30:00+00:00,8.08300411162981,,7.905548956350071,9.618243247217558,9.355978969954071,,8.302918100463554,8.27436702964155,8.840957688234564,,True
2013-09-23 08:00:00+00:00,6.670734256,,6.607377514,7.962255967,8.10877646,,6.538372961,6.925621557,7.102043935,,False
2013-09-23 08:30:00+00:00,6.116182012379691,,6.309596861601186,7.437040474298451,8.058276599205614,,6.060397498482279,6.671688115594085,6.703008325583065,,True
2013-09-23 09:00:00+00:00,5.55341896,,6.011482154,6.917651887,8.007594046,,5.595806605,6.419473845,6.317228263,,False
2013-09-23 09:30:00+00:00,4.243326103560061,,4.813434143267566,5.571518554121849,6.7948295576652615,,4.235675031920962,5.3563296562885645,5.098407227235016,,True
2013-09-23 10:00:00+00:00,2.738368897,,3.176302562,3.891610708,4.767896222,,2.643130165,3.818168316,3.505123297,,False
2013-09-23 10:30:00+00:00,1.5013041867169254,,1.5874909915051745,2.3101673576774044,2.631354216693543,,1.4653646951334935,2.161757535281393,1.9722227553960172,,True
2013-09-23 11:00:00+00:00,0.678216507,,0.523164885,1.129284871,1.071729849,,0.67955978,0.907109024,0.861987636,,False
2013-09-23 11:30:00+00:00,0.3758695997890589,,0.2659050769012841,0.5915252606581017,0.6065949520395024,,0.3573933563289101,0.43913185455196196,0.4362755108088951,,True
2013-09-23 12:00:00+00:00,0.239601735,,0.157206564,0.291256904,0.394134476,,0.184477798,0.197992908,0.21900761,,False
2013-09-23 12:30:00+00:00,0.2167680710612416,,0.1412144479368161,0.15611762364672088,0.3454228340467768,,0.10770508245589644,0.10684246769984716,0.14181841158039524,,True
2013-09-23 13:00:00+00:00,0.208014172,,0.130975927,0.081158581,0.319448054,,0.064013624,0.058535147,0.100194439,,False
2013-09-23 13:30:00+00:00,0.20732973695708565,,0.1186624557609631,0.04171342761894077,0.30413058245736746,,0.03861514907745479,0.03306188009542485,0.0770981289508572,,True
2013-09-23 14:00:00+00:00,0.206651821,,0.105323824,0.019576249,0.288666309,,0.022766314,0.018918061,0.061564084,,False
2013-09-23 14:30:00+00:00,0.19745879063525856,,0.0874192511442546,0.00807913026304286,0.25278877210308964,,0.012523599396609224,0.012808132782079266,0.04956548141332509,,True
2013-09-23 15:00:00+00:00,0.181257581,,0.069088562,0.003085715,0.21041662,,0.006574943,0.008587962,0.039538755,,False
2013-09-23 15:30:00+00:00,0.16251063606863295,,0.05491201802743553,0.0031634688531265976,0.1781024248625238,,0.004031397495011937,0.003630627384481301,0.028774929505609528,,True
2013-09-23 16:00:00+00:00,0.14270794,,0.040846429,0.003384243,0.146828139,,0.002833636,0.000880347,0.020940132,,False
2013-09-23 16:30:00+00:00,0.12709565471400378,,0.01938449551211485,0.00604031142473275,0.11201765776706854,,0.002627671320732287,0.023881016529067305,0.01714970305890404,,True
2013-09-23 17:00:00+00:00,0.11092348,0.0,0.00574742,0.010222419,0.078222797,,0.002450547,0.058743512,0.015472109,,False
2013-09-23 17:30:00+00:00,0.08731777425212983,0.0022147419999999996,,0.013264978149030349,0.043220141801890766,,0.0017828466064723873,0.0847790699709327,0.015620497790545992,,True
2013-09-23 18:00:00+00:00,0.066427024,0.004429484,,0.016744211,0.02176896,,0.001260059,0.098952802,0.016018919,,False
2013-09-23 18:30:00+00:00,0.053855630603855856,0.004429484,,0.021887893537797687,0.01872680211076662,,0.0015313290840036418,0.0918302730497836,0.018148630929331496,,True
2013-09-23 19:00:00+00:00,0.047839594,0.004429484,,0.028632711,0.017617979,,0.002114872,0.081614966,0.021868518,,False
2013-09-23 19:30:00+00:00,0.050655769838736986,0.004429484,,0.03823652859830587,0.018932852032815743,,0.003056157565317446,0.07526040495021641,0.026587611130579565,,True
2013-09-23 20:00:00+00:00,0.056582185,0.004429484,,0.048329438,0.02188227,,0.00443335,0.071998622,0.031793427,,False
2013-09-23 20:30:00+00:00,0.06834679293315352,0.012021983826069595,,0.05647382566652685,0.02767663917243723,,0.006459046578962917,0.07530826374814555,0.03625241970090045,,True
2013-09-23 21:00:00+00:00,0.078144706,0.026948924,,0.062950948,0.035889841,,0.008653272,0.081319468,0.040556227,,False
2013-09-23 21:30:00+00:00,0.07946506945218645,0.05165508967393041,,0.0670838352364692,0.04607279571153113,,0.010321789972760193,0.087990645609271,0.04545571337807136,,True
2013-09-23 22:00:00+00:00,0.080703165,0.069026815,,0.070682622,0.055133951,,0.0118952,0.094174313,0.049168687,,False
2013-09-23 22:30:00+00:00,0.08746274527592303,0.05112548,,0.0751124181425565,0.060815853083215896,,0.0139720572989558,0.09850123973037879,0.05093882157057114,,True
2013-09-23 23:00:00+00:00,0.093161049,0.033224145,,0.078923963,0.063566177,,0.015227314,0.100929309,0.051723724,,False
2013-09-23 23:30:00+00:00,0.090727696,0.033224145,,0.08065152340041574,0.0539806025,,0.014385139,0.10126092824087601,0.050942499499999995,,True
2013-09-24 00:00:00+00:00,0.088294343,0.033224145,,0.083057183,0.044395028,,0.013542964,0.101624583,0.050161275,,False
2013-09-24 00:30:00+00:00,0.20636601889406522,0.8608717310308496,,0.28585702728294826,0.29016398252456055,,0.09671345278500777,0.27498398138128566,0.16210081299858553,,True
2013-09-24 01:00:00+00:00,0.507623226,2.749901995,,0.780907954,0.889935604,,0.312045277,0.695294496,0.449903898,,False
2013-09-24 01:30:00+00:00,1.5816995572811334,6.992426323235224,,2.183461193644494,2.5321414470145274,,1.1370220711785377,1.8309211730659856,1.4985702183208909,,True
2013-09-24 02:00:00+00:00,3.408610591,12.45986715,,4.541103111,5.242618078,,2.620464081,3.6590336,3.378129705,,False
2013-09-24 02:30:00+00:00,6.2185119285998685,17.92427433823393,,8.48693911932989,10.058627661460912,,5.057323121639016,6.214883265008279,6.8443673830270635,,True
2013-09-24 03:00:00+00:00,8.686595057,21.10238235,,11.98987571,13.45236379,,7.640220081,8.79710703,9.823895725,,False
2013-09-24 03:30:00+00:00,9.750569130724932,19.555757650170303,,13.422530162233707,13.144575627691802,,9.602890815397437,10.82871014321578,10.70402810115346,,True
2013-09-24 04:00:00+00:00,10.22034118,17.91149947,,14.04868983,12.44863768,,10.62889708,11.89415506,11.0641131,,False
2013-09-24 04:30:00+00:00,9.595563130301896,17.80207517878398,,12.998770526471127,10.541499415308198,,10.182257392577522,11.3599424532573,10.71057291743106,,True
2013-09-24 05:00:00+00:00,8.671095219,17.70350418,,11.5333817,9.022510936,,9.457144998,10.45261088,10.09080099,,False
2013-09-24 05:30:00+00:00,8.032451666698103,17.135940561045715,,10.705216488528874,9.094223038785826,,8.787171110922477,9.492482229242698,9.36989473006894,,True
2013-09-24 06:00:00+00:00,7.693497976,16.65515713,,10.2925208,9.26773274,,8.395669931,8.905472545,8.915220215,,False
2013-09-24 06:30:00+00:00,8.4496210945,19.01933782,,10.878102815,9.918319874214175,,9.0338677055,9.574452887500001,9.748873697499999,,True
2013-09-24 07:00:00+00:00,9.205744213,21.38351851,,11.46368483,10.46710941,,9.67206548,10.24343323,10.58252718,,False
2013-09-24 07:30:00+00:00,8.782809092439507,20.882478764402563,,10.958578422234583,9.746080324890746,,9.270075496305246,9.813295425611248,9.888088893945964,,True
2013-09-24 08:00:00+00:00,7.947942002,19.77791863,,9.977736281,8.660816612,,8.43062914,8.972407728,8.634316022,,False
2013-09-24 08:30:00+00:00,6.861032848089111,17.688077506247094,,8.794621875956926,8.090959312133633,,7.095308347066833,7.916305834049446,7.37734325872483,,True
2013-09-24 09:00:00+00:00,5.559911368,14.91534112,,7.332463559,7.439996396,,5.467249724,6.64963254,6.007078584,,False
2013-09-24 09:30:00+00:00,4.216077774030208,12.329634308398784,,5.572583182635874,5.986182920430561,,3.9474368243301465,5.3461067791011745,4.619026034347984,,True
2013-09-24 10:00:00+00:00,2.926827965,9.451595143,,3.816439266,4.146358418,,2.587867938,3.977387147,3.250181611,,False
2013-09-24 10:30:00+00:00,1.7391188040999084,5.272093414320656,,2.292942657993705,2.1645562893737402,,1.4606954786934065,2.384890223729689,1.7977135693477841,,True
2013-09-24 11:00:00+00:00,0.906687705,1.971158776,,1.194028657,0.788567474,,0.700978906,1.153317389,0.765585329,,False
2013-09-24 11:30:00+00:00,0.5549838348815214,0.7994034906533551,,0.6415435723727803,0.42727308976580014,,0.3664489258710128,0.6006744077262823,0.387961237408667,,True
2013-09-24 12:00:00+00:00,0.356262328,0.248265826,,0.324652399,0.267491755,,0.185310954,0.306985615,0.191769517,,False
2013-09-24 12:30:00+00:00,0.25358753447160687,0.12754837027799498,,0.17792722615029577,0.23347616345455166,,0.10736085407318388,0.20489989096384043,0.11051820607109031,,True
2013-09-24 13:00:00+00:00,0.191845614,0.072946748,,0.094889769,0.214561054,,0.064004598,0.148802367,0.065801693,,False
2013-09-24 13:30:00+00:00,0.15329001643487505,0.05229068393234635,,0.0494746597158596,0.20041613080436663,,0.040532593704025593,0.11537688655603554,0.04101693324190315,,True
2013-09-24 14:00:00+00:00,0.130390511,0.041178383,,0.023686358,0.187631109,,0.025864438,0.092914066,0.026038785,,False
2013-09-24 14:30:00+00:00,0.11984234383470731,0.03405086376720338,,0.010860909653457622,0.17055879580365055,,0.015830462450822796,0.07745554082566494,0.017112907073565997,,True
2013-09-24 15:00:00+00:00,0.113217575,0.030827042,,0.004515348,0.153106232,,0.009585601,0.063265037,0.011568133,,False
2013-09-24 15:30:00+00:00,0.10769580521855307,0.030827042,,0.0027719092865202454,0.13441489684295038,,0.006122855005325184,0.04319148549178567,0.007985915338212168,,True
2013-09-24 16:00:00+00:00,0.104961758,0.030827042,,0.002100728,0.123668337,,0.004575597,0.024306888,0.006327383,,False
2013-09-24 16:30:00+00:00,0.11411188346463548,0.032208773,,0.005495696634321935,0.1431664082959815,,0.006179343856694027,0.009197260944834713,0.012375893878278896,,True
2013-09-24 17:00:00+00:00,0.131088333,0.033590504,0.053030921,0.012506767,0.176266223,,0.008629385,0.001316686,0.021813827,,False
2013-09-24 17:30:00+00:00,0.15452378553536453,0.0322828925,0.0582264225968194,0.023799617787305372,0.2112395647040185,,0.010505479143305973,0.0036450668153689284,0.029536617121721107,,True
2013-09-24 18:00:00+00:00,0.170132914,0.030975281,0.065447351,0.036218957,0.232611163,,0.011535279,0.007863517,0.033869985,,False
2013-09-24 18:30:00+00:00,0.15774805225813682,0.0361760225,0.07150008969121556,0.04385464632767362,0.20712797817886616,,0.010216781000000001,0.011531557669721103,0.030237410849898536,,True
2013-09-24 19:00:00+00:00,0.143423137,0.041376764,0.077984656,0.052027929,0.178317069,,0.008898283,0.016808469,0.025882089,,False
2013-09-24 19:30:00+00:00,0.1409287712450769,0.032565804000000004,0.08551997197639571,0.0676892651666265,0.17381520041672194,,0.010798555317148054,0.032318289284462995,0.024638281650101464,,True
2013-09-24 20:00:00+00:00,0.138883571,0.023754844,0.094366125,0.083836104,0.170731808,,0.01276257,0.048957102,0.024117222,,False
2013-09-24 20:30:00+00:00,0.1337935204967863,0.025864985844003215,0.10544868190462797,0.09308514109154727,0.16593246640441187,,0.012828011953843295,0.056118810624493136,0.024117222,,True
2013-09-24 21:00:00+00:00,0.130194358,0.030975281,0.118290826,0.101925342,0.163042373,,0.012894404,0.061955242,0.024117222,,False
2013-09-24 21:30:00+00:00,0.13154557248868434,0.04658073495863807,0.13157480023280807,0.11455307316479973,0.1679262609482212,,0.01567478971577081,0.0687372628818232,0.02498735348292203,,True
2013-09-24 22:00:00+00:00,0.134560129,0.066483647,0.147951235,0.128201753,0.178739349,,0.019859184,0.075385406,0.027047998,,False
2013-09-24 22:30:00+00:00,0.14238040701131566,0.08252304619735873,0.17808277202548076,0.14378529532772552,0.2059500540517788,,0.02313344501323784,0.08297001272413061,0.033990007517077966,,True
2013-09-24 23:00:00+00:00,0.148537343,0.091264834,0.204264238,0.152991039,0.227231559,,0.024939005,0.087385842,0.039741504,,False
2013-09-24 23:30:00+00:00,0.1351350160014421,0.08930131699999999,0.21096012537334524,0.15138128700000003,0.200674343211623,,0.023493056631540943,0.08401173,0.03282278490103709,,True
2013-09-25 00:00:00+00:00,0.113670257,0.0873378,0.218758953,0.149771535,0.159186589,,0.020755773,0.080637618,0.021853219,,False
2013-09-25 00:30:00+00:00,0.09464009849855791,0.3677479484267702,0.29082941702524406,0.23064828132828205,0.12511460278837697,,0.016735067868459057,0.12097885548121484,0.012423511598962902,,True
2013-09-25 01:00:00+00:00,0.083672372,1.124645681,0.480248181,0.463210469,0.105973155,,0.014005698,0.234528321,0.007044651,,False
2013-09-25 01:30:00+00:00,0.8589328359365593,6.0367617042852535,2.486723985819763,4.335738580968747,1.5889381797105895,,0.41005994368148047,1.2862239350556295,0.3132898664575575,,True
2013-09-25 02:00:00+00:00,2.497175013,12.84641557,5.45466421,9.907763652,4.649840391,,1.30690389,3.249163987,1.04067215,,False
2013-09-25 02:30:00+00:00,5.398259877382444,18.023806963287978,7.544901490501925,13.87811574620297,10.604496268789411,,3.1208080993689284,5.929252849232523,3.020280731017677,,True
2013-09-25 03:00:00+00:00,8.555909116,20.82717293,9.308043547,15.99728544,14.98121496,,5.752000596,8.925132296,5.590358113,,False
2013-09-25 03:30:00+00:00,10.891511461680999,19.908549434999998,10.938555213792059,15.892684794978985,14.898667955616652,,9.649942901949592,11.974923288230631,7.917865372524766,,True
2013-09-25 04:00:00+00:00,12.10756772,18.98992594,11.81048266,15.68482744,14.6806477,,12.22980722,13.72447103,9.233766763,,False
2013-09-25 04:30:00+00:00,11.516476329392573,19.306777017666022,10.90153788890217,15.427828880775307,13.419852715895342,,11.986194999784523,12.889334674045125,9.222590845377676,,True
2013-09-25 05:00:00+00:00,10.56175335,19.93093094,9.640257681,15.07576589,11.93130384,,11.51265309,11.7003097,9.190362103,,False
2013-09-25 05:30:00+00:00,9.786892127254466,20.89616180142166,9.081033423638482,14.581815540617347,11.372639136306143,,10.934899037473023,11.0972407168364,8.549301817984118,,True
2013-09-25 06:00:00+00:00,9.188334215,21.70283121,8.596765444,13.93848881,10.94396738,,10.23089335,10.61198349,7.783459375,,False
2013-09-25 06:30:00+00:00,8.904300154860065,21.95595379591232,7.993101939384,13.051314803000546,10.50177968683192,,9.350433474128998,10.17642959980142,7.595350276562064,,True
2013-09-25 07:00:00+00:00,8.673136214,22.06033499,7.412304992,12.14874226,10.05974875,,8.627306366,9.778033121,7.415508142,,False
2013-09-25 07:30:00+00:00,8.43830405144314,21.55718944444433,6.995350543686622,11.56526898531556,9.578614891751217,,8.378547777273956,9.44592479993321,6.964331275657355,,True
2013-09-25 08:00:00+00:00,8.110588696,20.41130478,6.519665432,10.92670811,9.073815799,,8.098450514,9.017269137,6.324774626,,False
2013-09-25 08:30:00+00:00,7.151584608413832,17.993647203700778,5.6028111976826285,9.80446158913637,8.622689725751204,,6.620481156426319,7.912897214124275,5.608572300046482,,True
2013-09-25 09:00:00+00:00,5.739281348,14.58052236,4.418518352,8.276572442,8.002242739,,4.543152776,6.370151841,4.704485299,,False
2013-09-25 09:30:00+00:00,4.072372199321907,10.77769179967624,3.0655300380085904,6.10445553810151,6.107129451081021,,2.750360356580319,4.6729214092794535,3.2646304668831636,,True
2013-09-25 10:00:00+00:00,2.543309362,7.101553913,1.821966584,3.920885187,3.841232737,,1.432430503,3.076103054,1.894755165,,False
2013-09-25 10:30:00+00:00,1.5438123387187792,4.106967369263886,0.9060271703175576,2.3200542782546902,2.2954761471484235,,0.8526521746786473,1.8540018855406468,1.0884974680501798,,True
2013-09-25 11:00:00+00:00,0.899290584,2.027625282,0.342383363,1.210982663,1.258232884,,0.513513894,1.01754835,0.597053529,,False
2013-09-25 11:30:00+00:00,0.5922579377686036,1.0096517243598457,0.14569565477133595,0.6228554267540602,0.776694099829441,,0.3261444950071183,0.6050907432530405,0.3960077066866775,,True
2013-09-25 12:00:00+00:00,0.412405493,0.468685027,0.058870566,0.290596528,0.515817678,,0.210120302,0.36486523,0.274909203,,False
2013-09-25 12:30:00+00:00,0.310497423377274,0.29359933714097874,0.044598307108612685,0.15025684890450008,0.4055249544128521,,0.1381307064345951,0.24397063952549897,0.1891489452036618,,True
2013-09-25 13:00:00+00:00,0.250898458,0.187072224,0.039424839,0.074046439,0.350301317,,0.09127052,0.168252216,0.133681964,,False
2013-09-25 13:30:00+00:00,0.22309821298762328,0.08833061682208894,0.039673771999999996,0.035019604226204155,0.3339991881653084,,0.061940167916355135,0.1150914829526573,0.10386576005529238,,True
2013-09-25 14:00:00+00:00,0.203474848,0.028599023,0.039922705,0.013943329,0.320569315,,0.04138325,0.080349789,0.082444442,,False
2013-09-25 14:30:00+00:00,0.18443320968310198,0.009033744591851823,0.03244608578510422,0.004316490434926061,0.29575404321945076,,0.02530246327662971,0.0600952462279179,0.0629240021968789,,True
2013-09-25 15:00:00+00:00,0.167964939,0.001162272,0.021406886,0.000261925,0.26424322,,0.01421042,0.047512771,0.047409387,,False
2013-09-25 15:30:00+00:00,0.15111958992816407,0.002095082840480969,0.013834525714895783,0.0063241170993967215,0.2182569669762757,,0.0074961104035211985,0.041285334133174235,0.03413142679644842,,True
2013-09-25 16:00:00+00:00,0.141514953,0.003387588,0.009824746,0.016857046,0.185420206,,0.003632975,0.035930275,0.02725135,,False
2013-09-25 16:30:00+00:00,0.14112101094576882,0.003920873315238975,0.023662259023294156,0.026808703954498633,0.1802091370147492,,0.0021973952893441116,0.028135141311685756,0.028952250500000002,,True
2013-09-25 17:00:00+00:00,0.140819792,0.004450632,0.043435806,0.036244513,0.17827411,,0.001300071,0.01935821,0.030653151,,False
2013-09-25 17:30:00+00:00,,,0.05306928963008173,0.043008304971925586,,,0.00044132632665143585,0.007823670035496161,0.026093211234482126,,True
2013-09-25 18:00:00+00:00,,,0.061791431,0.049605259,,,0.0,0.000679716,0.020539519,,False
2013-09-25 18:30:00+00:00,,,0.07189638812653652,0.05921734221639474,,,0.0003689114609740177,0.0007821449712844062,0.01880583626551787,,True
2013-09-25 19:00:00+00:00,,,0.083999154,0.06710371,,,0.001006589,0.000930105,0.018065906,,False
2013-09-25 19:30:00+00:00,,,0.1020406112401614,0.0698559310431661,,,0.0015398735769870404,0.0009925360601619674,0.019366413081447535,,True
2013-09-25 20:00:00+00:00,,,0.122210364,0.072500487,,,0.002160125,0.001073213,0.021624751,,False
2013-09-25 20:30:00+00:00,,,0.13949370719927684,0.08056982421461821,,,0.00296960863649988,0.0014692194270802662,0.023571789303373974,,True
2013-09-25 21:00:00+00:00,,,0.157335396,0.086684492,,,0.004016621,0.002246791,0.025773736,,False
2013-09-25 21:30:00+00:00,,,0.1788837753306455,0.086684492,,,0.005631283965151206,0.0037623885633724327,0.02841558126492934,,True
2013-09-25 22:00:00+00:00,,,0.200760539,0.086684492,,,0.00730448,0.005941772,0.031612573,,False
2013-09-25 22:30:00+00:00,,,0.22444650945000383,0.0881748135,,,0.008710376360387856,0.009006532165110794,0.03697854035024915,,True
2013-09-25 23:00:00+00:00,,,0.238094954,0.089665135,,,0.009464478,0.011492171,0.040576622,,False
2013-09-25 23:30:00+00:00,,,0.203382115,0.085273552,,,0.0090245315,0.01208740400566993,0.026623684499999998,,True
2013-09-26 00:00:00+00:00,,,0.168669276,0.080881969,,,0.008584585,0.012802414,0.012670747,,False
2013-09-26 00:30:00+00:00,,,0.37148474749281435,0.5626419419223795,,,0.03697763217037953,0.05574018709129914,0.02232406763399221,,True
2013-09-26 01:00:00+00:00,,,0.871175141,1.754297504,,,0.116293019,0.172298989,0.050070066,,False
2013-09-26 01:30:00+00:00,,,2.4863632806098868,5.997758617363548,,,0.7612544240636226,0.920207477761572,0.4012729186855377,,True
2013-09-26 02:00:00+00:00,,,4.706482318,11.12209106,,,1.987027986,2.334963366,1.164854499,,False
2013-09-26 02:30:00+00:00,,,6.466503958708448,14.326357554214074,,,3.7097150702439143,4.381041629316915,2.8212294565999096,,True
2013-09-26 03:00:00+00:00,,,8.111227044,15.93985713,,,5.879252689,7.04608656,4.945816953,,False
2013-09-26 03:30:00+00:00,,,9.96640801918885,15.60211367187553,,,8.628466532492352,10.944450084637534,6.877918419565227,,True
2013-09-26 04:00:00+00:00,,,11.03508173,15.23210671,,,10.71840323,13.48272873,8.371809653,,False
2013-09-26 04:30:00+00:00,,,10.486530092097436,15.19665519650761,,,11.435262857529729,13.043317684490937,9.231807410015334,,True
2013-09-26 05:00:00+00:00,,,9.743167043,15.16110647,,,11.7328146,12.21064532,9.631331456,,False
2013-09-26 05:30:00+00:00,,,9.473664359782685,14.926068109756724,,,11.534499736522442,11.182560335338641,8.97605255213051,,True
2013-09-26 06:00:00+00:00,,,9.185299388,14.42924169,,,11.07733019,10.15009501,7.96050994,,False
2013-09-26 06:30:00+00:00,,,8.171094433971906,12.847274288758237,,,9.722732957020217,9.32089770597918,7.180070345640953,,True
2013-09-26 07:00:00+00:00,,,7.35873775,11.43026855,,,8.614254086,8.854936516,6.693667695,,False
2013-09-26 07:30:00+00:00,,,7.346768473543116,11.28763371701318,,,8.60140490430431,8.81895708198993,6.619728861562421,,True
2013-09-26 08:00:00+00:00,,,7.334776635,11.14753569,,,8.588515258,8.782264393,6.545748623,,False
2013-09-26 08:30:00+00:00,,,6.515345920334024,10.225464959041373,,,7.171899159452683,8.004744321215714,6.086397056550926,,True
2013-09-26 09:00:00+00:00,,,5.193264366,8.714272136,,,5.038202148,6.685624477,5.271290258,,False
2013-09-26 09:30:00+00:00,,,4.237943627527219,7.095585324283686,,,3.696898411356609,5.470171635057951,4.096881678601525,,True
2013-09-26 10:00:00+00:00,,,3.212516331,5.236923057,,,2.559271515,4.121655797,2.772048589,,False
2013-09-26 10:30:00+00:00,,,1.563519400247883,2.812920228029454,,,1.484182286460493,2.326335400913308,1.520283524233796,,True
2013-09-26 11:00:00+00:00,,,0.358781723,0.991993113,,,0.730595966,0.941213818,0.659315449,,False
2013-09-26 11:30:00+00:00,,,0.13295220899573099,0.42207678143551225,,,0.3915296873752107,0.45353455348606075,0.3725201686230827,,True
2013-09-26 12:00:00+00:00,,,0.047468831,0.146092673,,,0.203174869,0.202970096,0.22056724,,False
2013-09-26 12:30:00+00:00,,,0.0491259235,0.0507657509248843,,,0.11696121002969818,0.10425863159857088,0.14706653548899112,,True
2013-09-26 13:00:00+00:00,,,0.050783016,0.009665662,,,0.067471071,0.052583718,0.101556357,,False
2013-09-26 13:30:00+00:00,,,0.04836616924793965,0.0025762883738063482,,,0.03813768260815393,0.02755124475816453,0.06902234476393092,,True
2013-09-26 14:00:00+00:00,,,0.043130416,0.0,,,0.021235425,0.013751681,0.046513462,,False
2013-09-26 14:30:00+00:00,,,0.03186205959971776,0.002068123236637824,,,0.013255734632782451,0.006644589397687346,0.031036297990381354,,True
2013-09-26 15:00:00+00:00,,,0.021716774,0.006144466,,,0.009082104,0.003037993,0.020671207,,False
2013-09-26 15:30:00+00:00,,,0.01932443172817578,0.011276106283181412,,,0.007373944237399616,0.0018864287738541662,0.014601738490762612,,True
2013-09-26 16:00:00+00:00,,,0.017686802,0.017741534,,,0.006671564,0.001432858,0.010377016,,False
2013-09-26 16:30:00+00:00,,,0.015450325924166808,0.02551585731210885,,,0.0068539822610087535,0.0044041604014096025,0.006604674922720569,,True
2013-09-26 17:00:00+00:00,0.032219103,,0.014154973,0.033518882,,,0.00733159,0.009016737,0.00466843,,False
2013-09-26 17:30:00+00:00,0.03323422370594822,,0.015243129261408899,0.040279983827193645,,,0.009496012341566183,0.012315019907874,0.006249153092441921,,True
2013-09-26 18:00:00+00:00,0.035512592,,0.018085856,0.046565838,,,0.01292645,0.014804353,0.01008145,,False
2013-09-26 18:30:00+00:00,0.04027682023059156,,0.031202733382343736,0.05400419484087827,,,0.01715814082543684,0.016388890690716397,0.02290263039534802,,True
2013-09-26 19:00:00+00:00,0.04636142,,0.050793106,0.058347091,,,0.01999209,0.017141104,0.036871612,,False
2013-09-26 19:30:00+00:00,0.05147372078512938,,0.06720070881518879,0.05545182905710485,,,0.020245215071988225,0.016815171524988078,0.04181730529668023,,True
2013-09-26 20:00:00+00:00,0.056228109,,0.083912968,0.052342383,,,0.020334877,0.016280823,0.045982505,,False
2013-09-26 20:30:00+00:00,0.060564237329399626,,0.10152199797008524,0.05211043312532355,,,0.0202060165,0.01593225333206474,0.05345242771552983,,True
2013-09-26 21:00:00+00:00,0.06433863,,0.119118552,0.051881108,,,0.020077156,0.015472178,0.058303469,,False
2013-09-26 21:30:00+00:00,0.06799245494893122,,0.13869317500170092,0.049217765817571604,,,0.02251938015847961,0.01377963014294718,0.05723469707495435,,True
2013-09-26 22:00:00+00:00,0.069982309,,0.152144561,0.046765983,,,0.025106765,0.012407004,0.054926195,,False
2013-09-26 22:30:00+00:00,0.0697551323338067,,0.15614710606927243,0.048966576,,,0.025333398341520385,0.014774053999999998,0.051307095473575676,,True
2013-09-26 23:00:00+00:00,0.069101656,,0.157752642,0.051167169,,,0.025414871,0.017141104,0.045599297,,False
2013-09-26 23:30:00+00:00,0.05550622316619331,,0.1457055315,0.0501463665,,,0.021142897999999997,0.015854049500000002,0.03230831995146997,,True
2013-09-27 00:00:00+00:00,0.04233709,,0.133658421,0.049125564,,,0.016870925,0.014566995,0.022345772,,False
2013-09-27 00:30:00+00:00,0.1011245860945541,,0.3036935807842964,0.16372666132104716,,,0.036811945386492365,0.05060126572480892,0.027933353107182805,,True
2013-09-27 01:00:00+00:00,0.256728655,,0.727676629,0.45564839,,,0.092518102,0.146614315,0.04393267,,False
2013-09-27 01:30:00+00:00,1.0977448511309058,,2.2416381929589395,1.5695724515891913,,,0.5910662725869635,0.6619182601992949,0.2518814109785678,,True
2013-09-27 02:00:00+00:00,2.256558814,,4.230821341,3.234473067,,,1.406870456,1.456819822,0.632744034,,False
2013-09-27 02:30:00+00:00,2.9166495202117124,,5.45875356872557,4.676937170431853,,,2.079684264134563,2.071174911489078,1.0322301422261928,,True
2013-09-27 03:00:00+00:00,3.67319509,,6.729235834,6.295679848,,,2.932389141,2.866891758,1.604513432,,False
2013-09-27 03:30:00+00:00,5.249632389071696,,8.680812395855313,8.41614415444145,,,4.484021971037253,4.549927881388545,2.7428536629364344,,True
2013-09-27 04:00:00+00:00,7.343679664,,10.76719338,10.71895657,,,6.469381595,6.856945988,4.271469136,,False
2013-09-27 04:30:00+00:00,10.19866130649113,,12.865692986175878,13.39974538921646,,,8.854541646381247,10.030912781368329,6.092035324991824,,True
2013-09-27 05:00:00+00:00,12.02496377,,14.05766866,14.99361034,,,10.73322661,12.23073251,7.662167434,,False
2013-09-27 05:30:00+00:00,11.820456829269753,,13.210532505761492,14.562532134351347,,,11.55013602197348,12.498482755329944,8.6112019947598,,True
2013-09-27 06:00:00+00:00,11.37082984,,11.77526681,13.75199059,,,11.90688151,12.59545993,9.064272594,,False
2013-09-27 06:30:00+00:00,10.442912216557712,,10.491646613753893,12.824325980386664,,,11.350765859891414,11.262436221844803,8.66535103405081,,True
2013-09-27 07:00:00+00:00,9.41418098,,9.348187786,11.7998218,,,10.33815892,9.366056903,7.91725463,,False
2013-09-27 07:30:00+00:00,8.859109623853486,,8.59064372893322,10.840426380964699,,,9.29974628808744,8.395679923783037,7.006857270208636,,True
2013-09-27 08:00:00+00:00,8.343844823,,7.928001187,9.939361376,,,8.154036594,7.635606145,6.131927517,,False
2013-09-27 08:30:00+00:00,7.7008762677067795,,7.267919515151598,9.23975364351331,,,7.025792162084992,7.057869390678151,5.661644868129357,,True
2013-09-27 09:00:00+00:00,6.91327584,,6.523566678,8.421333905,,,5.823076717,6.442767303,5.164548773,,False
2013-09-27 09:30:00+00:00,5.823883918642607,,5.490162735688821,6.763116804918492,,,4.39984635263368,5.445213907049052,4.126100598580287,,True
2013-09-27 10:00:00+00:00,4.475545705,,4.204729281,4.754608316,,,3.001189548,4.182079647,2.86367925,,False
2013-09-27 10:30:00+00:00,2.5827812497166036,,2.2864433671703197,2.7816616986921106,,,1.7236062017699896,2.4534711025035936,1.5678104237164818,,True
2013-09-27 11:00:00+00:00,1.077653848,,0.803971653,1.317316886,,,0.829053828,1.055647902,0.647027868,,False
2013-09-27 11:30:00+00:00,0.5466655056836967,,0.40097493000751855,0.690105450952559,,,0.45013211174221057,0.515943622086427,0.34493340216969703,,True
2013-09-27 12:00:00+00:00,0.282846172,,0.207996081,0.346601119,,,0.243355942,0.234359591,0.190131232,,False
2013-09-27 12:30:00+00:00,0.1985145445968277,,0.14150973078069842,0.1957978167445351,,,0.15079383591193285,0.13022495993488478,0.12470591401195075,,True
2013-09-27 13:00:00+00:00,0.155448441,,0.106028326,0.111081541,,,0.097120491,0.073968015,0.086862716,,False
2013-09-27 13:30:00+00:00,0.13408898996591329,,0.08314977475243912,0.0636066800291007,,,0.06427804125538951,0.04227780839491093,0.06270435692402693,,True
2013-09-27 14:00:00+00:00,0.120755656,,0.07280154,0.035254152,,,0.043487472,0.023427614,0.046410556,,False
2013-09-27 14:30:00+00:00,0.11184097091266446,,0.07307114849999999,0.01897599845500385,,,0.0307421621383853,0.012766137817298072,0.034764147458052105,,True
2013-09-27 15:00:00+00:00,0.104183115,,0.073340757,0.009695971,,,0.022397898,0.006374794,0.026513046,,False
2013-09-27 15:30:00+00:00,0.09445173398345999,,0.055275719,0.005674147319692147,,,0.017049252601101426,0.0026987454134023,0.019998020250702808,,True
2013-09-27 16:00:00+00:00,0.085862135,,0.037210681,0.003294925,,,0.013342508,0.000784066,0.016756301,,False
2013-09-27 16:30:00+00:00,0.07931848961049627,,0.04411864874510249,0.001551440172487828,,,0.010889102456245657,0.00022012549443793788,0.019209863154885536,,True
2013-09-27 17:00:00+00:00,0.075983801,,0.05628243,0.000724851,,,0.008740307,0.0,0.023630556,,False
2013-09-27 17:30:00+00:00,,,0.06854719392713761,0.001179882317260814,,,0.005528082927219258,0.0,0.028484180996800296,,True
2013-09-27 18:00:00+00:00,,,0.079702086,0.002325045,,,0.003536947,0.0,0.032829595,,False
2013-09-27 18:30:00+00:00,,,0.08601650315846951,0.00651615690169756,,,0.003536947,0.0,0.034950958010221085,,True
2013-09-27 19:00:00+00:00,,,0.092538943,0.012367674,,,0.003536947,0.0,0.037102874,,False
2013-09-27 19:30:00+00:00,,,0.1082524201692904,0.016555689151318376,,,0.003697130378287451,0.0005300655336393688,0.04276514633809309,,True
2013-09-27 20:00:00+00:00,,,0.119611933,0.021206135,,,0.003979223,0.001642108,0.046937946,,False
2013-09-27 20:30:00+00:00,,,0.11841587099999999,0.02784895986147802,,,0.004205347878345344,0.003256757008834693,0.041774967999999996,,True
2013-09-27 21:00:00+00:00,,,0.117219809,0.036684483,,,0.004522589,0.005639434,0.03661199,,False
2013-09-27 21:30:00+00:00,,,0.12714435634670307,0.050508958677348205,,,0.005461098798459819,0.009501468430534293,0.038834706000000004,,True
2013-09-27 22:00:00+00:00,,,0.140698728,0.065028801,,,0.006495922,0.013958778,0.041057422,,False
2013-09-27 22:30:00+00:00,,,0.14776815215329694,0.07741711959089702,,,0.007101206944907385,0.018144910055558513,0.03911161087067061,,True
2013-09-27 23:00:00+00:00,,,0.151207752,0.084104406,,,0.007397153,0.021267084,0.034619819,,False
2013-09-27 23:30:00+00:00,,,0.14507168844605073,0.081313374,,,0.006813917304004997,0.022378615896637265,0.02187613666510852,,True
2013-09-28 00:00:00+00:00,,,0.130899473,0.078522342,,,0.00572497,0.02358997,0.010259671,,False
2013-09-28 00:30:00+00:00,,,0.08835416155394925,0.13467858684771872,,,0.004192311195995004,0.02728071664984657,0.007944475964220873,,True
2013-09-28 01:00:00+00:00,,,0.053845002,0.293485283,,,0.003165364,0.036230572,0.007048045,,False
2013-09-28 01:30:00+00:00,,,0.7652229537772102,1.8347846642672065,,,0.184161138597412,0.3230335223972953,0.12995437436362126,,True
2013-09-28 02:00:00+00:00,,,2.310554198,4.861060367,,,0.641566335,1.021644383,0.455195131,,False
2013-09-28 02:30:00+00:00,,,5.631095089242565,10.863156674885076,,,2.3090548187464774,3.345453956625029,2.2248499713140513,,True
2013-09-28 03:00:00+00:00,,,8.703155143,15.27762621,,,4.765325551,6.53942328,4.626274816,,False
2013-09-28 03:30:00+00:00,,,9.671062856784026,14.263358505,,,7.099598703153988,9.2336146320384,6.104188224772102,,True
2013-09-28 04:00:00+00:00,,,10.13668188,13.2490908,,,9.172516409,11.37258822,7.406375187,,False
2013-09-28 04:30:00+00:00,,,10.272378867196199,14.19680469,,,10.839887766502121,12.791197349364227,8.986368077550225,,True
2013-09-28 05:00:00+00:00,,,10.32489209,15.14451858,,,11.7034229,13.47681633,9.907982983,,False
2013-09-28 05:30:00+00:00,,,9.850588783606158,14.631935353300232,,,11.31355633272801,12.06925140326758,9.38049223373656,,True
2013-09-28 06:00:00+00:00,,,9.068345804,13.73304511,,,10.61791896,10.25365462,8.580551111,,False
2013-09-28 06:30:00+00:00,,,8.426897725227839,12.894411959269677,,,9.941658627092519,9.60915042190502,8.08501009452809,,True
2013-09-28 07:00:00+00:00,,,7.860415665,12.02605896,,,9.217320669,9.160925817,7.656219036,,False
2013-09-28 07:30:00+00:00,,,7.504847762422971,11.225996936747013,,,8.56676629672996,8.839466477577718,7.302658276870677,,True
2013-09-28 08:00:00+00:00,,,7.101864691,10.40272879,,,7.78681559,8.469415346,6.914850698,,False
2013-09-28 08:30:00+00:00,,,6.184923257781867,9.557818214352748,,,6.431152461454859,7.593705675055384,6.353523748399404,,True
2013-09-28 09:00:00+00:00,,,4.951026472,8.488231707,,,4.807242631,6.361604162,5.554184833,,False
2013-09-28 09:30:00+00:00,,,3.5958039058173625,6.4414504458389095,,,3.133167511868049,4.908498362312756,3.9931292219131684,,True
2013-09-28 10:00:00+00:00,,,2.263601146,4.155193823,,,1.774412101,3.388015555,2.340611781,,False
2013-09-28 10:30:00+00:00,,,1.0249700064335716,2.3207178044602847,,,1.0154400582097598,1.9068083482925582,1.2518648644684154,,True
2013-09-28 11:00:00+00:00,,,0.25752194,1.056238152,,,0.549840957,0.853672109,0.576647114,,False
2013-09-28 11:30:00+00:00,,,0.0961955445729342,0.49726115069881566,,,0.31209021710289386,0.4315547076911985,0.3283918961960175,,True
2013-09-28 12:00:00+00:00,,,0.027596393,0.206667445,,,0.177376113,0.211916504,0.197923314,,False
2013-09-28 12:30:00+00:00,,,0.010937974637294973,0.0975465525531937,,,0.11446405088674382,0.1236618664411707,0.13116583738767024,,True
2013-09-28 13:00:00+00:00,,,0.004693609,0.053168338,,,0.076263323,0.083325962,0.10251359,,False
2013-09-28 13:30:00+00:00,,,0.04624307742434044,0.05277452727912674,,,0.04730697892720683,0.07431682895661477,0.11130699106101158,,True
2013-09-28 14:00:00+00:00,,,0.153405159,0.052642659,,,0.033401482,0.070951703,0.135752476,,False
2013-09-28 14:30:00+00:00,,,0.7315231768342316,0.1273533715,,,0.08302501657539661,0.07591821750000001,0.37636837000715057,,True
2013-09-28 15:00:00+00:00,,,1.269403418,0.202064084,,,0.139239878,0.080884732,0.67356498,,False
2013-09-28 15:30:00+00:00,,,1.298738182732771,0.19105734642628053,,,0.14735922622875716,0.07863583,0.8010292301556038,,True
2013-09-28 16:00:00+00:00,,,1.322570864,0.172816298,,,0.154298102,0.076386928,0.871088858,,False
2013-09-28 16:30:00+00:00,,,1.4112278670086573,0.15626731711741634,,,0.1728927608961999,0.10530004501211718,0.895950747776234,,True
2013-09-28 17:00:00+00:00,0.489510617,0.312090061,1.480012117,0.144183072,,,0.192762667,0.155484021,0.90598446,,False
2013-09-28 17:30:00+00:00,0.461793973387541,0.3826440873212428,1.3959128151522944,0.14061092044091456,,,0.20635497179964632,0.21214450448788286,0.7937319596895916,,True
2013-09-28 18:00:00+00:00,0.411990654,0.450217505,1.227682739,0.137315348,,,0.213261175,0.247534129,0.651905103,,False
2013-09-28 18:30:00+00:00,0.35953498179419324,0.4288013343492911,0.9809377684510158,0.12873846904996647,,,0.18536766495046958,0.24427187666903566,0.6136820484569718,,True
2013-09-28 19:00:00+00:00,0.309302062,0.39254423,0.722646125,0.119118062,,,0.141988491,0.236487025,0.574808621,,False
2013-09-28 19:30:00+00:00,0.2730295932026032,0.36205161053897367,0.5555277461468562,0.1133257622896114,,,0.11307462462435919,0.216820826216387,0.4420137864594658,,True
2013-09-28 20:00:00+00:00,0.244506186,0.331387945,0.414559227,0.107547806,,,0.087215901,0.186572951,0.29485223,,False
2013-09-28 20:30:00+00:00,0.21909781761566247,0.30547554760208645,0.25307047074983363,0.097905754734308,,,0.06150608743550729,0.14378541804234685,0.2071194153939707,,True
2013-09-28 21:00:00+00:00,0.205804311,0.272408932,0.161109302,0.089539198,,,0.041691554,0.110054712,0.163978052,,False
2013-09-28 21:30:00+00:00,0.21343494,0.1720669635096487,0.16329097498179573,0.08542221944150265,,,0.03029630767127774,0.10092451461912028,0.2924883775,,True
2013-09-28 22:00:00+00:00,0.221065569,0.093891193,0.16800877,0.083551927,,,0.023357061,0.095689107,0.420998703,,False
2013-09-28 22:30:00+00:00,0.212737039,0.15897783610660773,0.1777519262406393,0.08424910662269304,,,0.0197636262239289,0.09153888395311015,0.362010523,,True
2013-09-28 23:00:00+00:00,0.204408509,0.2400798,0.187161204,0.085649119,,,0.017978702,0.08954132,0.303022343,,False
2013-09-28 23:30:00+00:00,0.21909144149999998,0.2685963878933923,0.18985168454769913,0.08776617735932306,,,0.017675722223984308,0.090292366,0.39674905,,True
2013-09-29 00:00:00+00:00,0.233774374,0.281097655,0.192881095,0.08991208,,,0.017376627,0.091043412,0.490475757,,False
2013-09-29 00:30:00+00:00,0.218529723,0.27216479849999997,0.20637638351213938,0.09084225267106004,,,0.014893750370473009,0.0826045975,0.4205714039242308,,True
2013-09-29 01:00:00+00:00,0.203285072,0.263231942,0.23847868,0.092140329,,,0.01267772,0.074165783,0.319833864,,False
2013-09-29 01:30:00+00:00,0.2162764688439793,0.5109019106731391,0.4218442202672629,0.13943439518991652,,,0.01914754068894737,0.08792120348149048,0.2561363960757692,,True
2013-09-29 02:00:00+00:00,0.253240085,1.124182514,0.822690201,0.260606517,,,0.037831772,0.126387091,0.223272115,,False
2013-09-29 02:30:00+00:00,0.6902506463886202,3.1138852141200024,1.9299677120012464,0.7824067360902222,,,0.3358587795609366,0.4593084755485806,0.6470431509090318,,True
2013-09-29 03:00:00+00:00,1.444474333,5.976944049,3.429590903,1.625336064,,,0.885126009,1.047987523,1.436910331,,False
2013-09-29 03:30:00+00:00,2.228638495674244,8.770229621022098,4.6528832248516885,2.51117534978017,,,1.5328298264321285,1.7229527317418412,2.290088653102516,,True
2013-09-29 04:00:00+00:00,3.041883541,11.0403931,5.875607163,3.513767218,,,2.27859706,2.481340596,3.282634828,,False
2013-09-29 04:30:00+00:00,3.6870743745366656,12.091643712672388,7.148527787924738,4.562153168842689,,,2.9671565615753175,3.151542963047834,4.299569910742425,,True
2013-09-29 05:00:00+00:00,4.42240105,13.03647398,8.477661451,5.759010061,,,3.781397391,3.959812938,5.517783821,,False
2013-09-29 05:30:00+00:00,5.875116696624656,14.906304300512371,10.274906468672791,7.556678419760531,,,5.2616680725264,5.578749512979114,7.701179494696314,,True
2013-09-29 06:00:00+00:00,7.187572385,16.16671029,11.38553253,8.977903475,,,6.552635838,7.087504072,9.362851327,,False
2013-09-29 06:30:00+00:00,7.764252766431835,16.161231253447525,11.223961111971983,9.466507552683394,,,7.081065932716269,7.806123987201139,9.660081518549713,,True
2013-09-29 07:00:00+00:00,8.020791037,16.14508707,10.83809712,9.670224665,,,7.311599567,8.132967525,9.772292727,,False
2013-09-29 07:30:00+00:00,7.553741294084809,15.652411314695867,9.81697943825804,9.212287526996784,,,6.964868469939833,7.755619683606813,9.29666242690376,,True
2013-09-29 08:00:00+00:00,6.639606438,14.57052795,8.353820507,8.272924524,,,6.240408781,6.978166702,8.332938628,,False
2013-09-29 08:30:00+00:00,5.4519919483927355,12.378260630945773,6.960784324977519,6.853028302747282,,,5.055794859616466,5.792079593378885,6.946667605992159,,True
2013-09-29 09:00:00+00:00,4.103717941,9.530502185,5.478960059,5.176140593,,,3.677365859,4.372108786,5.299306161,,False
2013-09-29 09:30:00+00:00,2.845795336725275,6.927633869883761,3.803944142645385,3.6642677156860386,,,2.555327661384801,3.0497307448173716,3.7266889687705693,,True
2013-09-29 10:00:00+00:00,1.769313955,4.527480541,2.297304417,2.352942235,,,1.61407461,1.902583289,2.338580519,,False
2013-09-29 10:30:00+00:00,0.9338664189521145,2.3463445673824515,1.1477730530228272,1.2920367886315194,,,0.837538997454589,1.0094723393826939,1.2161685145115617,,True
2013-09-29 11:00:00+00:00,0.426128266,0.892610217,0.438071181,0.614974063,,,0.356054835,0.442649472,0.512796041,,False
2013-09-29 11:30:00+00:00,0.2722006113867661,0.35486527180602745,0.20276712089927976,0.3725986110393595,,,0.2078634772275526,0.23077864358202874,0.2835334817426303,,True
2013-09-29 12:00:00+00:00,0.195010715,0.100329518,0.089085119,0.240553657,,,0.130289304,0.118969574,0.166237524,,False
2013-09-29 12:30:00+00:00,0.1593622674625449,0.03375173469071091,0.04706138108135034,0.16925466195703825,,,0.0902155971996683,0.0670703576363164,0.11287476323507231,,True
2013-09-29 13:00:00+00:00,0.141102159,0.006272054,0.029920382,0.126550762,,,0.065768893,0.037923239,0.082659863,,False
2013-09-29 13:30:00+00:00,0.13505814986463752,0.0016660371478832586,0.029297437643617464,0.10195854600925565,,,0.05024071353999768,0.022055187944470617,0.06553827461816168,,True
2013-09-29 14:00:00+00:00,0.130390792,0.0,0.029085921,0.085461524,,,0.03898726,0.012568891,0.054536985,,False
2013-09-29 14:30:00+00:00,0.12355585293746736,0.00019350399999999997,0.02949949614011164,0.07335758225727722,,,0.029119562989551772,0.0068650562727741145,0.04741294877088867,,True
2013-09-29 15:00:00+00:00,0.115768066,0.000387008,0.030584552,0.064196489,,,0.022047934,0.003738968,0.04172554,,False
2013-09-29 15:30:00+00:00,0.1057862571079802,0.000387008,0.035307206590032565,0.057604731785293795,,,0.017518280147541275,0.0025631573786468274,0.035949791114148484,,True
2013-09-29 16:00:00+00:00,0.097668338,0.000387008,0.043513243,0.051041716,,,0.01538072,0.002084161,0.030690564,,False
2013-09-29 16:30:00+00:00,0.093706038085671,0.0031623742782548635,0.0536672455823558,0.040215525930724694,,,0.0154180394597153,0.00408445922885258,0.02506719384105024,,True
2013-09-29 17:00:00+00:00,0.091923973,0.009048035,0.066772533,0.030165772,,,0.015522198,0.007742158,0.021891562,,False
2013-09-29 17:30:00+00:00,0.0928894822054966,0.01986810356651003,,0.02379930895942671,,,0.01638480618478899,0.012149608770040125,0.022883567141714852,,True
2013-09-29 18:00:00+00:00,0.095277332,0.031124681,,0.020691269,,,0.01794693,0.015746241,0.02520307,,False
2013-09-29 18:30:00+00:00,0.10458629514725439,0.03718205339906934,,0.024961736513247717,,,0.020413243855495707,0.01682859474358657,0.03256283585828515,,True
2013-09-29 19:00:00+00:00,0.114030336,0.041576702,,0.029964465,,,0.022113203,0.017893666,0.038595104,,False
2013-09-29 19:30:00+00:00,0.11667667264724901,0.04447143336258055,,0.031200192486752286,,,0.022113203,0.021343501232857685,0.038595104,,True
2013-09-29 20:00:00+00:00,0.117765591,0.047469235,,0.031703659,,,0.022113203,0.025179934,0.038595104,,False
2013-09-29 20:30:00+00:00,0.11325986274856066,0.053876958984639435,,0.031510011500000004,,,0.020404854,0.027260939646886632,0.03830973575085842,,True
2013-09-29 21:00:00+00:00,0.107084397,0.059677703,,0.031316364,,,0.018696505,0.028829908,0.037624169,,False
2013-09-29 21:30:00+00:00,0.10446909130419432,0.0614140805899845,,0.03377886231968619,,,0.02021541687136871,0.029883596039027873,0.035145593749141585,,True
2013-09-29 22:00:00+00:00,0.102225919,0.063244496,,0.037719721,,,0.02229518,0.031121414,0.033067217,,False
2013-09-29 22:30:00+00:00,0.09997911424299445,0.07248480631896129,,0.04120548318031381,,,0.02339043962863129,0.03522966311127827,0.033067217,,True
2013-09-29 23:00:00+00:00,0.096654881,0.080250909,,0.043212885,,,0.023924848,0.039015608,0.033067217,,False
2013-09-29 23:30:00+00:00,0.08408837767961759,0.07023874249999999,,0.042206238,,,0.0201434385,0.03964853457647907,0.02767633621237338,,True
2013-09-30 00:00:00+00:00,0.064421422,0.060226576,,0.041199591,,,0.016362029,0.040336249,0.018689839,,False
2013-09-30 00:30:00+00:00,0.03668891902463299,0.12408518409088509,,0.049258172264900674,,,0.01654209513934207,0.045838512844506095,0.009698252287626618,,True
2013-09-30 01:00:00+00:00,0.018431901,0.309923046,,0.073180483,,,0.01708207,0.060900367,0.004302282,,False
2013-09-30 01:30:00+00:00,0.8266741114455393,4.648883159218217,,1.3976494515842397,,,0.8000827693527014,0.7312293167986805,0.3053122988374498,,True
2013-09-30 02:00:00+00:00,2.488909157,10.92616176,,4.076890336,,,2.335494007,2.113385636,1.004539756,,False
2013-09-30 02:30:00+00:00,5.1587000925847395,15.270056038952884,,8.924788106237735,,,4.275731869076921,4.174436558241293,2.6853098674752918,,True
2013-09-30 03:00:00+00:00,8.022792849,17.6607104,,12.77058459,,,6.629488744,6.984319746,4.913341897,,False
2013-09-30 03:30:00+00:00,10.234645697469722,17.775549616187504,,13.357525619413126,,,9.765911956931035,11.43327892726651,7.0415944103976384,,True
2013-09-30 04:00:00+00:00,11.39820389,17.8818571,,13.57593229,,,11.73604571,14.41139841,8.576353304,,False
2013-09-30 04:30:00+00:00,10.954100491320945,18.83542211555051,,13.463381010009714,,,11.699572083695072,13.146976608493073,9.18807120778962,,True
2013-09-30 05:00:00+00:00,10.09153736,19.69046104,,13.17098123,,,11.59716805,11.04197646,9.447803373,,False
2013-09-30 05:30:00+00:00,8.718303782179055,18.19446104,,11.471702133490288,,,10.303525653200646,8.944069908006927,8.12553091387802,,True
2013-09-30 06:00:00+00:00,7.763529937,16.69846104,,9.952271537,,,8.987373929,7.686741703,6.794742619,,False
2013-09-30 06:30:00+00:00,8.089344924999999,17.623448850000003,,10.041472048500001,,,8.89138173174228,7.9228089225,6.786146040608486,,True
2013-09-30 07:00:00+00:00,8.415159913,18.54843666,,10.13067256,,,8.797634844,8.158876142,6.777600904,,False
2013-09-30 07:30:00+00:00,7.976240560071389,17.40696747320155,,9.57329927723331,,,8.069369425096315,7.762655238927663,6.262140606416945,,True
2013-09-30 08:00:00+00:00,7.155301957,15.57638696,,8.559872252,,,6.912420966,7.02532959,5.41474704,,False
2013-09-30 08:30:00+00:00,6.292015344773517,14.438127774402773,,7.589120741188333,,,5.842569204441936,6.275868783040183,4.784378697851289,,True
2013-09-30 09:00:00+00:00,5.213909839,13.00638024,,6.384748024,,,4.643103083,5.311940008,4.054417262,,False
2013-09-30 09:30:00+00:00,3.6212926189117915,9.040399752246136,,4.484310622893318,,,3.0565563945929464,3.73483355894898,2.7952828934478298,,True
2013-09-30 10:00:00+00:00,2.114612431,4.655662655,,2.61451158,,,1.659310869,2.150722108,1.56233986,,False
2013-09-30 10:30:00+00:00,1.1617174947088378,1.9323825256326033,,1.3549298647144818,,,0.8265928176519606,1.0601988905766142,0.7755489251787306,,True
2013-09-30 11:00:00+00:00,0.590243564,0.4370902,,0.587955021,,,0.349204549,0.403790692,0.323248877,,False
2013-09-30 11:30:00+00:00,0.38777042520681126,0.17204582546508307,,0.3289649510661443,,,0.1945921300104066,0.20304626717123372,0.20368586650367568,,True
2013-09-30 12:00:00+00:00,0.278288305,0.059301681,,0.189679279,,,0.113559396,0.102563022,0.141346308,,False
2013-09-30 12:30:00+00:00,0.22025989595554268,0.026655445462903122,,0.11303537034713211,,,0.0709439619531022,0.05788010465982948,0.10542104070843976,,True
2013-09-30 13:00:00+00:00,0.183024253,0.01187552,,0.067579347,,,0.045906537,0.033165779,0.083010968,,False
2013-09-30 13:30:00+00:00,0.15437644346405938,0.007096148337869179,,0.042117974531845195,,,0.03111214176215073,0.019729970724928,0.06920019312507883,,True
2013-09-30 14:00:00+00:00,0.136202203,0.004471945,,0.025895884,,,0.022470256,0.011577745,0.058740037,,False
2013-09-30 14:30:00+00:00,0.12686836440805144,0.0026976118409471187,,0.014665925921584923,,,0.018555398512111916,0.006618577895748409,0.04806737555614017,,True
2013-09-30 15:00:00+00:00,0.122757278,0.001552994,,0.007844695,,,0.015949547,0.003461344,0.040424112,,False
2013-09-30 15:30:00+00:00,0.1242429570625,0.0007970834726389773,,0.004510295603849682,,,0.013667787528571354,0.0013805455548210601,0.03645109072536726,,True
2013-09-30 16:00:00+00:00,0.130200436,0.000385162,,0.003065323,,,0.011938731,0.000261925,0.034667941,,False
