TIMESTAMP,ZAF_SOU_SOU_Mdo_Jt_1,ZAF_SOU_SOU_Mdo_Jt_2,interpolated
2015-09-30 22:00:00+00:00,0.0131884812578662,0.0,False
2015-09-30 22:30:00+00:00,0.08391981811698525,0.1280458610540373,True
2015-09-30 23:00:00+00:00,0.2448618278672448,0.3829063738083739,False
2015-09-30 23:30:00+00:00,0.6977445808292971,0.974389411096878,True
2015-10-01 00:00:00+00:00,1.0604166609002088,1.425833839749595,False
2015-10-01 00:30:00+00:00,0.9301721873542702,1.3646451414266643,True
2015-10-01 01:00:00+00:00,0.756196139997802,1.2308367498372723,False
2015-10-01 01:30:00+00:00,0.6729527770353995,0.909935213967283,True
2015-10-01 02:00:00+00:00,0.6334409878835263,0.6616533713637545,False
2015-10-01 02:30:00+00:00,0.8388017903791336,1.0587959227871215,True
2015-10-01 03:00:00+00:00,1.0441625928747411,1.4559384742104886,False
2015-10-01 03:30:00+00:00,0.858209380300331,1.303446317807054,True
2015-10-01 04:00:00+00:00,0.672256167725921,1.0514217192181086,False
2015-10-01 04:30:00+00:00,0.6747013479819446,0.8056848291429718,True
2015-10-01 05:00:00+00:00,0.6771465282379682,0.6594803812533455,False
2015-10-01 05:30:00+00:00,0.5952236512858442,0.6979721022178326,True
2015-10-01 06:00:00+00:00,0.5133007743337201,0.8028573532914455,False
2015-10-01 06:30:00+00:00,1.408827101342156,1.5813509020652323,True
2015-10-01 07:00:00+00:00,2.3886640541054205,2.6006633165337925,False
2015-10-01 07:30:00+00:00,2.52345964244156,3.220990035597441,True
2015-10-01 08:00:00+00:00,2.573944605022871,3.5341043588571903,False
2015-10-01 08:30:00+00:00,1.9237668969811732,1.7986027533592854,True
2015-10-01 09:00:00+00:00,1.2735891889394753,0.0631011478613804,False
2015-10-01 09:30:00+00:00,1.4790058818500398,1.3543496619110496,True
2015-10-01 10:00:00+00:00,1.8528303273086248,2.645598175960719,False
2015-10-01 10:30:00+00:00,2.3394202754639446,2.0014390315169805,True
2015-10-01 11:00:00+00:00,2.657602471071244,1.3572798870732423,False
2015-10-01 11:30:00+00:00,2.1159616657534657,1.8249996726426085,True
2015-10-01 12:00:00+00:00,1.5743208604356869,2.317976337531073,False
2015-10-01 12:30:00+00:00,2.565525817644562,2.3572633749969487,True
2015-10-01 13:00:00+00:00,3.5567307748534374,2.3712935331437266,False
2015-10-01 13:30:00+00:00,2.83899228610687,2.2978586741791838,True
2015-10-01 14:00:00+00:00,2.044362719397854,2.1400376823410268,False
2015-10-01 14:30:00+00:00,1.9222083875402252,1.786078378421805,True
2015-10-01 15:00:00+00:00,1.8731735290785336,1.5154004456551942,False
2015-10-01 15:30:00+00:00,1.8693029839855952,1.5142925221598262,True
2015-10-01 16:00:00+00:00,1.8652826181344917,1.513183078741991,False
2015-10-01 16:30:00+00:00,1.2194719621783925,1.001967330347952,True
2015-10-01 17:00:00+00:00,0.5775827315469696,0.4918578635973832,False
2015-10-01 17:30:00+00:00,1.0899398325077727,1.2871243274118556,True
2015-10-01 18:00:00+00:00,1.6022969334685755,2.082390791226328,False
2015-10-01 18:30:00+00:00,1.05107674650736,1.041195395613164,True
2015-10-01 19:00:00+00:00,0.4998565595461444,0.0,False
2015-10-01 19:30:00+00:00,0.5849433291779861,0.5002111355511083,True
2015-10-01 20:00:00+00:00,0.6700300988098278,1.0004222711022166,False
2015-10-01 20:30:00+00:00,0.48689719406740717,0.7049346063901065,True
2015-10-01 21:00:00+00:00,0.3037642893249865,0.4094469416779964,False
2015-10-01 21:30:00+00:00,0.44289982958832846,0.6680582916564544,True
2015-10-01 22:00:00+00:00,0.5820353698516705,0.9266696416349122,False
2015-10-01 22:30:00+00:00,0.45111321164188145,0.46333482081745603,True
2015-10-01 23:00:00+00:00,0.2669036811591632,0.0,False
2015-10-01 23:30:00+00:00,0.15974222718205214,0.05131969988433863,True
2015-10-02 00:00:00+00:00,0.1058681454778704,0.1656364244996872,False
2015-10-02 00:30:00+00:00,0.27193370175034204,0.45244078247349745,True
2015-10-02 01:00:00+00:00,0.4713050646265498,0.6920731942768826,False
2015-10-02 01:30:00+00:00,0.5185052004252586,0.716823099455545,True
2015-10-02 02:00:00+00:00,0.5527651760230435,0.7257479260736228,False
2015-10-02 02:30:00+00:00,0.5893609293607043,0.5191809576576742,True
2015-10-02 03:00:00+00:00,0.6342302359993525,0.3126139892417257,False
2015-10-02 03:30:00+00:00,0.7186509897545208,0.711662730161467,True
2015-10-02 04:00:00+00:00,0.827154274844295,1.2412522581002676,False
2015-10-02 04:30:00+00:00,0.969784255892825,1.48811796990021,True
2015-10-02 05:00:00+00:00,1.0596925059029492,1.6044428946810934,False
2015-10-02 05:30:00+00:00,0.7166007883691357,0.9574401507991113,True
2015-10-02 06:00:00+00:00,0.3735090708353219,0.3104374069171293,False
2015-10-02 06:30:00+00:00,1.21472210421643,1.6314197487664863,True
2015-10-02 07:00:00+00:00,2.075085652468992,2.952402090615844,False
2015-10-02 07:30:00+00:00,2.0950563119353047,2.6308379958009156,True
2015-10-02 08:00:00+00:00,2.114268658068334,2.309273900985987,False
2015-10-02 08:30:00+00:00,2.321013018891618,2.883613348602462,True
2015-10-02 09:00:00+00:00,2.715169998697656,3.4579527962189376,False
2015-10-02 09:30:00+00:00,3.47139420187621,3.2576042672148953,True
2015-10-02 10:00:00+00:00,4.02181358453384,3.057255738210853,False
2015-10-02 10:30:00+00:00,3.3043755500956777,3.6761365653052236,True
2015-10-02 11:00:00+00:00,2.586937515657516,4.295017392399594,False
2015-10-02 11:30:00+00:00,2.815533304255569,4.0533944028213345,True
2015-10-02 12:00:00+00:00,3.044129092853622,3.811771413243074,False
2015-10-02 12:30:00+00:00,3.0012922139184264,4.444582480625961,True
2015-10-02 13:00:00+00:00,2.9584553349832308,5.09609041755427,False
2015-10-02 13:30:00+00:00,3.8248464106443976,5.124696417754586,True
2015-10-02 14:00:00+00:00,4.691237486305564,5.134605548409479,False
2015-10-02 14:30:00+00:00,4.188623795174171,4.5255751944966605,True
2015-10-02 15:00:00+00:00,3.450300677409307,3.741626630564346,False
2015-10-02 15:30:00+00:00,3.0061152918587646,3.463586582941296,True
2015-10-02 16:00:00+00:00,2.6900831891140595,3.2744663347911303,False
2015-10-02 16:30:00+00:00,2.4897274733919486,3.1405160044530787,True
2015-10-02 17:00:00+00:00,2.3900821565964123,3.0022440149357537,False
2015-10-02 17:30:00+00:00,2.3829793670076356,2.7270339874154117,True
2015-10-02 18:00:00+00:00,2.3757359317434683,2.465302465784546,False
2015-10-02 18:30:00+00:00,2.1609447384899014,2.356431738069318,True
2015-10-02 19:00:00+00:00,1.83895713425347,2.249993807118329,False
2015-10-02 19:30:00+00:00,1.5831358865229548,1.9718422002269858,True
2015-10-02 20:00:00+00:00,1.4414974403517538,1.768099360407811,False
2015-10-02 20:30:00+00:00,1.5712884523167483,1.9265738159339059,True
2015-10-02 21:00:00+00:00,1.75023280258114,2.1614137505952726,False
2015-10-02 21:30:00+00:00,1.8469259403537928,2.3244415038787123,True
2015-10-02 22:00:00+00:00,1.894465739827048,2.41110377802688,False
2015-10-02 22:30:00+00:00,1.3764758228697338,1.736687740015293,True
2015-10-02 23:00:00+00:00,0.8584859059124198,1.0622717020037058,False
2015-10-02 23:30:00+00:00,1.1982857196266474,1.572142423687216,True
2015-10-03 00:00:00+00:00,1.5380855333408747,2.0820131453707265,False
2015-10-03 00:30:00+00:00,1.4255042453258413,1.9114549488657886,True
2015-10-03 01:00:00+00:00,1.312922957310808,1.7408967523608512,False
2015-10-03 01:30:00+00:00,1.371153497691693,1.924439332049257,True
2015-10-03 02:00:00+00:00,1.429384038072578,2.107981911737663,False
2015-10-03 02:30:00+00:00,0.8728131586725925,1.1988262350457302,True
2015-10-03 03:00:00+00:00,0.316242279272607,0.2896705583537973,False
2015-10-03 03:30:00+00:00,1.043571904738839,1.087949420656349,True
2015-10-03 04:00:00+00:00,1.7709015302050706,1.8862282829589008,False
2015-10-03 04:30:00+00:00,1.2984917766004962,1.5574524796118225,True
2015-10-03 05:00:00+00:00,0.8260820229959221,1.228676676264744,False
2015-10-03 05:30:00+00:00,0.9594137651897543,1.2740770651340763,True
2015-10-03 06:00:00+00:00,1.2276280386963252,1.383372333845579,False
2015-10-03 06:30:00+00:00,1.706066051397171,1.7826838547297916,True
2015-10-03 07:00:00+00:00,2.049621532785278,2.118100495771833,False
2015-10-03 07:30:00+00:00,1.6431225459486016,1.6355049864563929,True
2015-10-03 08:00:00+00:00,1.2366235591119257,1.1529094771409532,False
2015-10-03 08:30:00+00:00,1.5625290792677218,2.0608125601399854,True
2015-10-03 09:00:00+00:00,2.1109807501081086,3.0145685671514224,False
2015-10-03 09:30:00+00:00,2.6020870806797762,3.085723711569306,True
2015-10-03 10:00:00+00:00,3.017576336570684,3.1110259319747846,False
2015-10-03 10:30:00+00:00,3.2146251172925675,2.2399087260989976,True
2015-10-03 11:00:00+00:00,3.4523637164101264,1.3687915202232113,False
2015-10-03 11:30:00+00:00,4.9160285409364795,3.762051652689858,True
2015-10-03 12:00:00+00:00,6.192074471063327,6.1553117851565045,False
2015-10-03 12:30:00+00:00,5.741403095775553,5.628365670504392,True
2015-10-03 13:00:00+00:00,4.940171906052894,4.802995399921355,False
2015-10-03 13:30:00+00:00,3.9680867565457163,4.235663625802281,True
2015-10-03 14:00:00+00:00,3.3465614214734227,3.7346143788323407,False
2015-10-03 14:30:00+00:00,3.741941981501623,3.20798797994835,True
2015-10-03 15:00:00+00:00,4.137322541529823,2.91350320984615,False
2015-10-03 15:30:00+00:00,3.8271137974770446,3.127785704479029,True
2015-10-03 16:00:00+00:00,3.262155049453792,3.342068199111908,False
2015-10-03 16:30:00+00:00,2.6547518507788626,3.1065127422858603,True
2015-10-03 17:00:00+00:00,2.0427470804431267,2.678057292106779,False
2015-10-03 17:30:00+00:00,1.4617323406325142,2.1981964262373537,True
2015-10-03 18:00:00+00:00,1.140069176453183,1.7572616640275982,False
2015-10-03 18:30:00+00:00,1.2082368288888732,1.5260466882766812,True
2015-10-03 19:00:00+00:00,1.2764044813245634,1.2945742783396588,False
2015-10-03 19:30:00+00:00,0.7855808961559793,0.7547514722980971,True
2015-10-03 20:00:00+00:00,0.2947573109873953,0.369159990136004,False
2015-10-03 20:30:00+00:00,0.5332954342082923,0.4643305359543197,True
2015-10-03 21:00:00+00:00,0.7718335574291894,0.5595010817726356,False
2015-10-03 21:30:00+00:00,0.6713271248750737,0.47049051386806,True
2015-10-03 22:00:00+00:00,0.4990862428375409,0.3125008265006427,False
2015-10-03 22:30:00+00:00,0.337851487206385,0.12176085351890056,True
2015-10-03 23:00:00+00:00,0.196400317027712,0.0,False
2015-10-03 23:30:00+00:00,0.09132002882160542,0.0,True
2015-10-04 00:00:00+00:00,0.0381906046464334,0.0,False
2015-10-04 00:30:00+00:00,0.3509051778747062,0.6306139264502097,True
2015-10-04 01:00:00+00:00,0.7845553569143567,1.2612278529004195,False
2015-10-04 01:30:00+00:00,1.0239393722186212,1.0041366907274494,True
2015-10-04 02:00:00+00:00,1.1423877817115076,0.744310553904769,False
2015-10-04 02:30:00+00:00,1.0631062201698496,0.7415506881272371,True
2015-10-04 03:00:00+00:00,0.8886139465544991,0.7387821032848193,False
2015-10-04 03:30:00+00:00,0.4596184087406663,0.3680192047851113,True
2015-10-04 04:00:00+00:00,0.125833583000526,0.0,False
2015-10-04 04:30:00+00:00,0.25756373933993015,0.06532387153571508,True
2015-10-04 05:00:00+00:00,0.507988119581969,0.2287970750902365,False
2015-10-04 05:30:00+00:00,0.7973510005304024,0.9688679886269587,True
2015-10-04 06:00:00+00:00,1.1346478092077192,1.6107895701448744,False
2015-10-04 06:30:00+00:00,1.4342574521322782,1.2361981183664263,True
2015-10-04 07:00:00+00:00,1.8464265454983328,0.8616066665879782,False
2015-10-04 07:30:00+00:00,2.8440466261626005,1.7978900097897197,True
2015-10-04 08:00:00+00:00,4.437237797539633,3.9111143706090497,False
2015-10-04 08:30:00+00:00,7.568485189827564,9.659099344528709,True
2015-10-04 09:00:00+00:00,9.82497388932972,14.23014330083078,False
2015-10-04 09:30:00+00:00,8.625430914731659,10.10978920563479,True
2015-10-04 10:00:00+00:00,6.823674990529263,5.989435110438799,False
2015-10-04 10:30:00+00:00,5.516698282882881,6.372877394834418,True
2015-10-04 11:00:00+00:00,4.8119345248408365,7.0997796094745205,False
2015-10-04 11:30:00+00:00,6.633177648298843,8.172162983654452,True
2015-10-04 12:00:00+00:00,8.45442077175685,8.901086427589897,False
2015-10-04 12:30:00+00:00,6.321807951934029,7.23063043178405,True
2015-10-04 13:00:00+00:00,4.019924559155639,5.243155317711135,False
2015-10-04 13:30:00+00:00,3.7520280546091462,4.701155289931202,True
2015-10-04 14:00:00+00:00,3.653402123018224,4.476174380418335,False
2015-10-04 14:30:00+00:00,4.620739783949661,5.247861492048262,True
2015-10-04 15:00:00+00:00,5.588077444881098,6.019548603678189,False
2015-10-04 15:30:00+00:00,3.758200408402327,4.352035913578516,True
2015-10-04 16:00:00+00:00,1.9283233719235555,2.684523223478844,False
2015-10-04 16:30:00+00:00,2.080107191336425,2.7295355889698216,True
2015-10-04 17:00:00+00:00,2.231891010749294,2.7745479544607994,False
2015-10-04 17:30:00+00:00,2.113621604670413,2.5043828350271715,True
2015-10-04 18:00:00+00:00,1.8846525614909748,2.091268311237706,False
2015-10-04 18:30:00+00:00,1.5238400736027706,1.7739981163624556,True
2015-10-04 19:00:00+00:00,1.2737272228151235,1.5996773258430428,False
2015-10-04 19:30:00+00:00,1.294705621320632,1.7613630034447578,True
2015-10-04 20:00:00+00:00,1.320089819045926,1.929695540040535,False
2015-10-04 20:30:00+00:00,1.325100613242964,1.9365549209509627,True
2015-10-04 21:00:00+00:00,1.3309691193210624,1.9435472285679216,False
2015-10-04 21:30:00+00:00,1.4961523422611047,2.268422824870155,True
2015-10-04 22:00:00+00:00,1.656072054100301,2.586518635471796,False
2015-10-04 22:30:00+00:00,1.4593884915934083,1.9072500092189568,True
2015-10-04 23:00:00+00:00,1.262704929086516,1.2279813829661177,False
2015-10-04 23:30:00+00:00,1.3860161424274702,1.656134225666845,True
2015-10-05 00:00:00+00:00,1.5533551194489004,2.084287068367572,False
2015-10-05 00:30:00+00:00,1.6385329450247637,1.956522482178592,True
2015-10-05 01:00:00+00:00,1.6796830069201512,1.828757895989612,False
2015-10-05 01:30:00+00:00,1.522205453266161,1.8552407555732076,True
2015-10-05 02:00:00+00:00,1.3647278996121712,1.914405661177122,False
2015-10-05 02:30:00+00:00,1.3750241723463141,2.0687465515252788,True
2015-10-05 03:00:00+00:00,1.4019337869051476,2.190405395853116,False
2015-10-05 03:30:00+00:00,1.5521592968170912,2.1538273681495625,True
2015-10-05 04:00:00+00:00,1.7126060614864989,2.117249340446009,False
2015-10-05 04:30:00+00:00,1.7425744599106954,2.14902428671998,True
2015-10-05 05:00:00+00:00,1.777482833482262,2.24106965877409,False
2015-10-05 05:30:00+00:00,3.346087305181074,4.546789237735871,True
2015-10-05 06:00:00+00:00,4.882917205150361,6.792238390917515,False
2015-10-05 06:30:00+00:00,3.5876819757382528,4.0060772267231695,True
2015-10-05 07:00:00+00:00,2.2924467463261444,1.2199160625288243,False
2015-10-05 07:30:00+00:00,4.471105454083133,4.136407837142114,True
2015-10-05 08:00:00+00:00,6.996363417779176,7.646711727787714,False
2015-10-05 08:30:00+00:00,7.425782667563807,8.579908667797287,True
2015-10-05 09:00:00+00:00,7.809371938177292,9.1035486272697,False
2015-10-05 09:30:00+00:00,9.116081459543429,9.442320606061783,True
2015-10-05 10:00:00+00:00,10.122021704141654,9.596837449358716,False
2015-10-05 10:30:00+00:00,8.203047250469147,8.082691373169512,True
2015-10-05 11:00:00+00:00,5.738193634550739,6.023563630494633,False
2015-10-05 11:30:00+00:00,4.738343453304302,4.966890258790797,True
2015-10-05 12:00:00+00:00,4.284372434303768,4.455198553572636,False
2015-10-05 12:30:00+00:00,4.836339813786342,5.349077130146402,True
2015-10-05 13:00:00+00:00,5.714736579263986,6.672313970129468,False
2015-10-05 13:30:00+00:00,6.4784781699794305,7.587771667115679,True
2015-10-05 14:00:00+00:00,6.915790374699805,8.07387110069259,False
2015-10-05 14:30:00+00:00,6.132673489135606,6.618847129061879,True
2015-10-05 15:00:00+00:00,5.113911334830769,5.163823157431169,False
2015-10-05 15:30:00+00:00,4.804286760247911,5.316056259155438,True
2015-10-05 16:00:00+00:00,4.475691073906966,5.468289360879709,False
2015-10-05 16:30:00+00:00,3.252874036081751,4.043533102780395,True
2015-10-05 17:00:00+00:00,1.956046412367571,2.303331357073835,False
2015-10-05 17:30:00+00:00,1.3471306399182599,1.7516286160946977,True
2015-10-05 18:00:00+00:00,1.0668418338566403,1.5153713627228058,False
2015-10-05 18:30:00+00:00,1.09389950796126,1.6403236935442325,True
2015-10-05 19:00:00+00:00,1.1209571820658792,1.7652760243656591,False
2015-10-05 19:30:00+00:00,0.8359035376163081,1.2532836442780384,True
2015-10-05 20:00:00+00:00,0.5508498931667369,0.7412912641904176,False
2015-10-05 20:30:00+00:00,0.8100108812718785,1.1301324894976097,True
2015-10-05 21:00:00+00:00,1.06917186937702,1.5189737148048017,False
2015-10-05 21:30:00+00:00,1.0143172144946455,1.1262011638399032,True
2015-10-05 22:00:00+00:00,0.90230167424046,0.701850195758062,False
2015-10-05 22:30:00+00:00,0.6922039319139861,0.6518373698431725,True
2015-10-05 23:00:00+00:00,0.5392670749593232,0.6334029610452259,False
2015-10-05 23:30:00+00:00,0.8360186002979875,1.1844945403564084,True
2015-10-06 00:00:00+00:00,1.132770125636652,1.735586119667591,False
2015-10-06 00:30:00+00:00,1.0838976069371478,1.6121655748221109,True
2015-10-06 01:00:00+00:00,0.9773384332222628,1.3725533155482037,False
2015-10-06 01:30:00+00:00,0.7246634408985164,0.9915978670069799,True
2015-10-06 02:00:00+00:00,0.5296751035901505,0.7268341328941827,False
2015-10-06 02:30:00+00:00,0.6052951518687184,0.8287354679936676,True
2015-10-06 03:00:00+00:00,0.6809152001472865,0.9559270344956418,False
2015-10-06 03:30:00+00:00,0.6692672874005143,1.0010282217918416,True
2015-10-06 04:00:00+00:00,0.6382545837813861,1.0208391776855523,False
2015-10-06 04:30:00+00:00,0.41842041050058437,0.6695194620310941,True
2015-10-06 05:00:00+00:00,0.2179510280921386,0.3120567762839849,False
2015-10-06 05:30:00+00:00,0.22263451847471666,0.30556107130623167,True
2015-10-06 06:00:00+00:00,0.2273180088572947,0.2995541166540883,False
2015-10-06 06:30:00+00:00,0.16154509216493415,0.2375312308263143,True
2015-10-06 07:00:00+00:00,0.0957721754725736,0.1811625647655814,False
2015-10-06 07:30:00+00:00,3.8592836975970224,5.662077802752714,True
2015-10-06 08:00:00+00:00,7.62279521972147,11.142993040739851,False
2015-10-06 08:30:00+00:00,6.549309376490303,8.427482423301457,True
2015-10-06 09:00:00+00:00,5.475823533259136,5.711971805863064,False
2015-10-06 09:30:00+00:00,5.581412555692161,5.771298652156488,True
2015-10-06 10:00:00+00:00,5.687001578125187,5.929828229410079,False
2015-10-06 10:30:00+00:00,5.677148968836669,7.090529014439572,True
2015-10-06 11:00:00+00:00,5.649152300649989,8.152027068508897,False
2015-10-06 11:30:00+00:00,5.200189637938557,7.134334097328817,True
2015-10-06 12:00:00+00:00,4.769371034125289,6.116641126148738,False
2015-10-06 12:30:00+00:00,4.974024138185205,7.198922256826917,True
2015-10-06 13:00:00+00:00,5.17867724224512,8.281203387505096,False
2015-10-06 13:30:00+00:00,5.102366351764422,6.637473793577174,True
2015-10-06 14:00:00+00:00,4.979667443164863,4.993744199649252,False
2015-10-06 14:30:00+00:00,4.908570223519952,5.013125132561612,True
2015-10-06 15:00:00+00:00,4.805868268240614,5.032506065473971,False
2015-10-06 15:30:00+00:00,4.2353672725020655,4.554318157734371,True
2015-10-06 16:00:00+00:00,3.283994536732622,3.5985750103932226,False
2015-10-06 16:30:00+00:00,1.898657473292727,1.9296556567581793,True
2015-10-06 17:00:00+00:00,0.972184903637013,0.7382915427246846,False
2015-10-06 17:30:00+00:00,1.2479913447402504,1.5099030911661104,True
2015-10-06 18:00:00+00:00,1.5237977858434877,2.2815146396075363,False
2015-10-06 18:30:00+00:00,1.347169351540402,1.843276895599307,True
2015-10-06 19:00:00+00:00,1.0577662854584085,1.2268922699585303,False
2015-10-06 19:30:00+00:00,0.8354365787027378,0.9373494829782228,True
2015-10-06 20:00:00+00:00,0.6206734544311406,0.6888141080863792,False
2015-10-06 20:30:00+00:00,0.36520042060654695,0.34051741690541837,True
2015-10-06 21:00:00+00:00,0.2149354360767879,0.1293601952685409,False
2015-10-06 21:30:00+00:00,0.5265170382250539,0.6083997403782739,True
2015-10-06 22:00:00+00:00,0.8380986403733202,1.0874392854880068,False
2015-10-06 22:30:00+00:00,0.42607305784291494,0.6024417801037365,True
2015-10-06 23:00:00+00:00,0.0140474753125098,0.1100900760182185,False
2015-10-06 23:30:00+00:00,0.03917030022635058,0.09894641157202944,True
2015-10-07 00:00:00+00:00,0.103247545788321,0.0951569458270881,False
2015-10-07 00:30:00+00:00,0.43046247110361224,0.5577616302798459,True
2015-10-07 01:00:00+00:00,0.7187229757707738,1.0203663147326036,False
2015-10-07 01:30:00+00:00,0.5663046461732301,0.5101831573663017,True
2015-10-07 02:00:00+00:00,0.4138863165756862,0.0,False
2015-10-07 02:30:00+00:00,0.970882385269484,1.2516712344359497,True
2015-10-07 03:00:00+00:00,1.527878453963282,2.503342468871899,False
2015-10-07 03:30:00+00:00,1.3082948646154269,2.018665167264442,True
2015-10-07 04:00:00+00:00,1.0887112752675718,1.5339878656569843,False
2015-10-07 04:30:00+00:00,1.2865438927931068,1.8887757501419054,True
2015-10-07 05:00:00+00:00,1.7271782230829211,2.5930931572914337,False
2015-10-07 05:30:00+00:00,2.8626919701919347,3.796027413057839,True
2015-10-07 06:00:00+00:00,3.755404004536669,4.649432146159636,False
2015-10-07 06:30:00+00:00,3.715789006169523,4.61901223008534,True
2015-10-07 07:00:00+00:00,3.6761740078023775,4.588592314011043,False
2015-10-07 07:30:00+00:00,5.362175826230976,6.12269149145553,True
2015-10-07 08:00:00+00:00,7.871753558757069,8.773756226191397,False
2015-10-07 08:30:00+00:00,9.639427826799341,11.727998212697814,True
2015-10-07 09:00:00+00:00,10.583526180744116,13.565274641912854,False
2015-10-07 09:30:00+00:00,10.480639770847002,12.484461511268018,True
2015-10-07 10:00:00+00:00,10.194325615969532,10.4727697043593,False
2015-10-07 10:30:00+00:00,6.907716110489397,7.66830737107027,True
2015-10-07 11:00:00+00:00,3.8045343499896176,5.794723714045124,False
2015-10-07 11:30:00+00:00,4.3531725963475285,6.743516983340497,True
2015-10-07 12:00:00+00:00,5.289050224089632,7.889980862325586,False
2015-10-07 12:30:00+00:00,6.075970901572168,8.1289642393374,True
2015-10-07 13:00:00+00:00,6.908298005838348,8.377264675502264,False
2015-10-07 13:30:00+00:00,8.053800612000641,9.856612255053767,True
2015-10-07 14:00:00+00:00,8.7666574099951,11.128972165762496,False
2015-10-07 14:30:00+00:00,6.261496163524231,7.62216628409028,True
2015-10-07 15:00:00+00:00,3.756334917053364,4.115360402418065,False
2015-10-07 15:30:00+00:00,4.71007770490411,5.241518442827897,True
2015-10-07 16:00:00+00:00,5.663820492754858,6.367676483237729,False
2015-10-07 16:30:00+00:00,3.5768754098279345,4.715729771841615,True
2015-10-07 17:00:00+00:00,1.4500321837343078,2.576585083313101,False
2015-10-07 17:30:00+00:00,1.3894148359895997,1.677248867630873,True
2015-10-07 18:00:00+00:00,1.3686956314115954,1.2651106290810457,False
2015-10-07 18:30:00+00:00,1.6069034522978192,2.065764680551211,True
2015-10-07 19:00:00+00:00,1.845111273184043,2.8664187320213768,False
2015-10-07 19:30:00+00:00,1.7585701823007027,2.376230307502457,True
2015-10-07 20:00:00+00:00,1.5674341102428857,1.7427924786360656,False
2015-10-07 20:30:00+00:00,1.091062670373529,1.4788926425773543,True
2015-10-07 21:00:00+00:00,0.7192862116786493,1.3582422108661152,False
2015-10-07 21:30:00+00:00,0.9285806933599161,1.6590353048547573,True
2015-10-07 22:00:00+00:00,1.1378751750411829,1.9598283988433995,False
2015-10-07 22:30:00+00:00,1.0253788258231573,1.5385905616195625,True
2015-10-07 23:00:00+00:00,0.8014512158206776,0.8814277668556578,False
2015-10-07 23:30:00+00:00,0.4156222414159226,0.344008816893874,True
2015-10-08 00:00:00+00:00,0.1412245277956219,0.0425148244721582,False
2015-10-08 00:30:00+00:00,0.16372961983739565,0.0583179771539656,True
2015-10-08 01:00:00+00:00,0.2201098656465709,0.074121129835773,False
2015-10-08 01:30:00+00:00,0.47703358300979026,0.0370605649178865,True
2015-10-08 02:00:00+00:00,0.7000821466056081,0.0,False
2015-10-08 02:30:00+00:00,0.674280631799097,0.35852905214928477,True
2015-10-08 03:00:00+00:00,0.6105487952491584,0.7170581042985694,False
2015-10-08 03:30:00+00:00,0.34320351420610695,0.39341005418232455,True
2015-10-08 04:00:00+00:00,0.1137885549064831,0.0697620040660798,False
2015-10-08 04:30:00+00:00,0.5367159196709403,0.6034449354008572,True
2015-10-08 05:00:00+00:00,0.9596432844353976,1.1371278667356346,False
2015-10-08 05:30:00+00:00,0.7010581708644192,0.6579253032466643,True
2015-10-08 06:00:00+00:00,0.4424730572934406,0.178722739757694,False
2015-10-08 06:30:00+00:00,3.084723110585398,3.088626963567794,True
2015-10-08 07:00:00+00:00,5.750155854623993,5.998531187377894,False
2015-10-08 07:30:00+00:00,5.773563500607996,5.6182419378341395,True
2015-10-08 08:00:00+00:00,5.796929831233494,5.2379526882903855,False
2015-10-08 08:30:00+00:00,7.937780417292772,9.475397762777893,True
2015-10-08 09:00:00+00:00,10.20392180065754,13.7128428372654,False
2015-10-08 09:30:00+00:00,10.43729094815005,12.566471821642976,True
2015-10-08 10:00:00+00:00,10.52222792294894,10.679649616727207,False
2015-10-08 10:30:00+00:00,8.134158594940335,8.862574329480093,True
2015-10-08 11:00:00+00:00,5.746089266931729,7.785950231526322,False
2015-10-08 11:30:00+00:00,6.854695476060769,8.417197920564707,True
2015-10-08 12:00:00+00:00,7.963301685189808,9.255934285683711,False
2015-10-08 12:30:00+00:00,7.7540110931096615,9.648781095471024,True
2015-10-08 13:00:00+00:00,7.295828677205187,9.834139229177715,False
2015-10-08 13:30:00+00:00,6.19236690960304,8.820560364970394,True
2015-10-08 14:00:00+00:00,5.33779696582522,7.806981500763071,False
2015-10-08 14:30:00+00:00,5.783613826556336,9.18665494548245,True
2015-10-08 15:00:00+00:00,6.229430687287452,10.56632839020183,False
2015-10-08 15:30:00+00:00,4.627227199759027,7.466397776058685,True
2015-10-08 16:00:00+00:00,2.480287562527762,3.4535918272993937,False
2015-10-08 16:30:00+00:00,1.4400448428151196,1.7690363059849614,True
2015-10-08 17:00:00+00:00,0.9445382728053168,0.9973561192866764,False
2015-10-08 17:30:00+00:00,0.9960960610357755,1.2808721635556362,True
2015-10-08 18:00:00+00:00,1.0476538492662342,1.713261236894991,False
2015-10-08 18:30:00+00:00,0.8731870234297838,1.9644312014843233,True
2015-10-08 19:00:00+00:00,0.6987201975933333,2.2230144562611494,False
2015-10-08 19:30:00+00:00,1.036392023997287,2.643417740706458,True
2015-10-08 20:00:00+00:00,1.3740638504012406,3.031080382844938,False
2015-10-08 20:30:00+00:00,0.9115690513174393,3.270816816789049,True
2015-10-08 21:00:00+00:00,0.3967319831455979,3.3870075737820984,False
2015-10-08 21:30:00+00:00,0.31193949507246205,3.321666138463587,True
2015-10-08 22:00:00+00:00,0.2794892760873664,3.15068253278888,False
2015-10-08 22:30:00+00:00,0.3041635901373509,2.100848985497054,True
2015-10-08 23:00:00+00:00,0.365152432298286,1.1566576085614233,False
2015-10-08 23:30:00+00:00,0.6219772757735287,2.8378264906038,True
2015-10-09 00:00:00+00:00,0.8424875911378207,4.5189953726461765,False
2015-10-09 00:30:00+00:00,0.828911417834078,3.82399274750744,True
2015-10-09 01:00:00+00:00,0.7925741658933035,3.128990122368704,False
2015-10-09 01:30:00+00:00,0.523842257059245,3.390526911386726,True
2015-10-09 02:00:00+00:00,0.2751457581176222,3.652063700404748,False
2015-10-09 02:30:00+00:00,0.2723606291671362,2.987661444692718,True
2015-10-09 03:00:00+00:00,0.2696363768562653,2.323259188980687,False
2015-10-09 03:30:00+00:00,0.18664882809283345,3.2713124484436626,True
2015-10-09 04:00:00+00:00,0.1063260714343829,4.219365707906638,False
2015-10-09 04:30:00+00:00,0.15856494418822809,2.2932033568310812,True
2015-10-09 05:00:00+00:00,0.2927682481973095,0.3670410057555256,False
2015-10-09 05:30:00+00:00,0.9395766963246885,0.8047117177910734,True
2015-10-09 06:00:00+00:00,1.650331760081893,1.5733571236313135,False
2015-10-09 06:30:00+00:00,1.8275746866526892,2.2021958654196148,True
2015-10-09 07:00:00+00:00,2.0220607927819545,3.0402362899984925,False
2015-10-09 07:30:00+00:00,2.963388014584179,4.889367913518636,True
2015-10-09 08:00:00+00:00,4.6926195142459886,7.140206930965795,False
2015-10-09 08:30:00+00:00,8.47335401591947,9.353631626795874,True
2015-10-09 09:00:00+00:00,11.303030013289836,10.625172552103669,False
2015-10-09 09:30:00+00:00,10.102573237987754,10.53770379395873,True
2015-10-09 10:00:00+00:00,8.90211646268567,10.450235035813792,False
2015-10-09 10:30:00+00:00,9.341812788042418,11.588178380913268,True
2015-10-09 11:00:00+00:00,9.996315075031903,12.726121726012744,False
2015-10-09 11:30:00+00:00,10.350987899158294,12.185918474456223,True
2015-10-09 12:00:00+00:00,10.703643070021808,11.645715222899703,False
2015-10-09 12:30:00+00:00,11.34423559601701,12.807403665290419,True
2015-10-09 13:00:00+00:00,11.77203981364235,13.969092107681131,False
2015-10-09 13:30:00+00:00,9.368694869152199,12.665189825384383,True
2015-10-09 14:00:00+00:00,6.965349924662048,11.21230766281798,False
2015-10-09 14:30:00+00:00,7.017547567936174,11.044897026363321,True
2015-10-09 15:00:00+00:00,7.069745211210301,10.878241212986564,False
2015-10-09 15:30:00+00:00,6.317162289163276,9.935625510492008,True
2015-10-09 16:00:00+00:00,4.909973288031429,8.245501046115203,False
2015-10-09 16:30:00+00:00,2.9204709668967768,4.994458799473272,True
2015-10-09 17:00:00+00:00,1.5855747248469456,2.6391503719053437,False
2015-10-09 17:30:00+00:00,1.6516545903864888,2.6835639994774954,True
2015-10-09 18:00:00+00:00,1.717734455926032,2.8016612562305943,False
2015-10-09 18:30:00+00:00,0.9536129348855138,3.6181648812050056,True
2015-10-09 19:00:00+00:00,0.1894914138449955,4.383104401678726,False
2015-10-09 19:30:00+00:00,0.49325564169253133,4.416920264380019,True
2015-10-09 20:00:00+00:00,0.7970198695400672,4.428616602401055,False
2015-10-09 20:30:00+00:00,0.6422812475862181,3.7755481263232165,True
2015-10-09 21:00:00+00:00,0.4875426256323687,2.8400439176714958,False
2015-10-09 21:30:00+00:00,1.1179357956078317,2.2605441763842076,True
2015-10-09 22:00:00+00:00,2.08309667338528,1.9634801676708007,False
2015-10-09 22:30:00+00:00,2.8272939440972094,2.144290897322075,True
2015-10-09 23:00:00+00:00,3.236723507007154,2.3251016269733498,False
2015-10-09 23:30:00+00:00,2.8793395815714393,2.1390660582091066,True
2015-10-10 00:00:00+00:00,2.5044042486183105,1.839903579714954,False
2015-10-10 00:30:00+00:00,2.486203630622343,1.6422314254142136,True
2015-10-10 01:00:00+00:00,2.467534109196463,1.4159593492529017,False
2015-10-10 01:30:00+00:00,1.7181430571500018,0.9174211527427707,True
2015-10-10 02:00:00+00:00,0.8656116536193604,0.5606097878231204,False
2015-10-10 02:30:00+00:00,0.687057699736742,1.1504223581467008,True
2015-10-10 03:00:00+00:00,0.5801014675845958,1.7402349284702807,False
2015-10-10 03:30:00+00:00,0.4793977008375608,1.0398384702725534,True
2015-10-10 04:00:00+00:00,0.4282568747915604,0.3394420120748266,False
2015-10-10 04:30:00+00:00,1.9846762990765172,0.8218176956182478,True
2015-10-10 05:00:00+00:00,3.9695227780778346,1.8284916174495989,False
2015-10-10 05:30:00+00:00,4.748915658464584,3.6459336884934377,True
2015-10-10 06:00:00+00:00,5.099881484134973,5.37350484939219,False
2015-10-10 06:30:00+00:00,4.424694033246217,6.021923985435248,True
2015-10-10 07:00:00+00:00,3.74950658235746,6.524446083288102,False
2015-10-10 07:30:00+00:00,4.418387934547667,7.004654313608492,True
2015-10-10 08:00:00+00:00,5.920652376236395,7.681764789277633,False
2015-10-10 08:30:00+00:00,9.92471370372012,10.937563383989986,True
2015-10-10 09:00:00+00:00,13.095391941705325,13.707929443400948,False
2015-10-10 09:30:00+00:00,12.31563942715188,12.970151176128077,True
2015-10-10 10:00:00+00:00,11.029300984043292,11.681039419806968,False
2015-10-10 10:30:00+00:00,9.99100930089168,10.265854843561497,True
2015-10-10 11:00:00+00:00,9.041204071909888,9.262808552119406,False
2015-10-10 11:30:00+00:00,8.29350754708609,9.077210385046637,True
2015-10-10 12:00:00+00:00,7.5979820150474096,8.94819992034769,False
2015-10-10 12:30:00+00:00,6.767389586593917,8.732932704701547,True
2015-10-10 13:00:00+00:00,6.1131859220569895,8.600272990926442,False
2015-10-10 13:30:00+00:00,5.800596358945416,9.198561925204741,True
2015-10-10 14:00:00+00:00,5.604144423327777,9.796850859483042,False
2015-10-10 14:30:00+00:00,5.513520379638891,8.751911050494002,True
2015-10-10 15:00:00+00:00,5.397844806434406,6.815299465484603,False
2015-10-10 15:30:00+00:00,3.186125692132202,4.150678877785929,True
2015-10-10 16:00:00+00:00,1.0728601975353007,2.377730066107614,False
2015-10-10 16:30:00+00:00,1.1217752977961912,2.8578941351669545,True
2015-10-10 17:00:00+00:00,1.2389107916397402,3.3380582042262943,False
2015-10-10 17:30:00+00:00,1.6555981834708668,3.1799268524921067,True
2015-10-10 18:00:00+00:00,2.004065181719335,3.021795500757919,False
2015-10-10 18:30:00+00:00,1.0818066644662363,3.182671966574258,True
2015-10-10 19:00:00+00:00,0.1595481472131382,3.3435484323905964,False
2015-10-10 19:30:00+00:00,0.28495615776463734,2.747304970634424,True
2015-10-10 20:00:00+00:00,0.4502146699970479,2.151061508878252,False
2015-10-10 20:30:00+00:00,0.5250456077313408,2.3885891413826315,True
2015-10-10 21:00:00+00:00,0.5600260437847224,2.710774969850611,False
2015-10-10 21:30:00+00:00,0.30658599422839394,2.855445460486429,True
2015-10-10 22:00:00+00:00,0.0531459446720655,2.953524394063024,False
2015-10-10 22:30:00+00:00,0.16561160255151675,3.0085870633535055,True
2015-10-10 23:00:00+00:00,0.3107473692417379,3.06444587286559,False
2015-10-10 23:30:00+00:00,0.35775488025566776,3.2137340900004983,True
2015-10-11 00:00:00+00:00,0.3982935435749819,3.3241595280094263,False
2015-10-11 00:30:00+00:00,0.45105524050423407,2.7289286502102845,True
2015-10-11 01:00:00+00:00,0.5288332021646847,2.133697772411143,False
2015-10-11 01:30:00+00:00,0.7593619924801623,2.250599971878996,True
2015-10-11 02:00:00+00:00,1.0046212722773389,2.4398330065291693,False
2015-10-11 02:30:00+00:00,1.128836935290843,2.608367764213758,True
2015-10-11 03:00:00+00:00,1.187104582975295,2.7140948317813844,False
2015-10-11 03:30:00+00:00,0.8452287203107177,2.729090245081333,True
2015-10-11 04:00:00+00:00,0.5033528576461404,2.7345625133159226,False
2015-10-11 04:30:00+00:00,0.5082317778685828,2.3589752650627482,True
2015-10-11 05:00:00+00:00,0.5131106980910252,1.9833880168095743,False
2015-10-11 05:30:00+00:00,0.4851345631122365,2.0313848496618734,True
2015-10-11 06:00:00+00:00,0.4571584281334478,2.166320351147391,False
2015-10-11 06:30:00+00:00,1.0588338850991077,3.8266772754117606,True
2015-10-11 07:00:00+00:00,2.0848319640817947,5.679053369596467,False
2015-10-11 07:30:00+00:00,2.818936431556432,5.999349263572779,True
2015-10-11 08:00:00+00:00,3.8579606417686776,6.342312242848665,False
2015-10-11 08:30:00+00:00,8.03233541521302,9.826880007741739,True
2015-10-11 09:00:00+00:00,12.077032118717922,13.00982284878168,False
2015-10-11 09:30:00+00:00,13.078794591779548,12.205748069550852,True
2015-10-11 10:00:00+00:00,13.48099277002598,11.401673290320025,False
2015-10-11 10:30:00+00:00,12.351631881964892,11.507697386955211,True
2015-10-11 11:00:00+00:00,10.545728833399544,11.6137214835904,False
2015-10-11 11:30:00+00:00,8.952334892422197,11.01760636258516,True
2015-10-11 12:00:00+00:00,8.03548311194911,10.421491241579924,False
2015-10-11 12:30:00+00:00,9.067306879237126,11.570107797060702,True
2015-10-11 13:00:00+00:00,10.099130646525142,12.71872435254148,False
2015-10-11 13:30:00+00:00,9.349310223048843,12.056267637838987,True
2015-10-11 14:00:00+00:00,8.599489799572542,11.000207863125327,False
2015-10-11 14:30:00+00:00,9.525733608211832,10.375001994688697,True
2015-10-11 15:00:00+00:00,10.45197741685112,9.54760222027372,False
2015-10-11 15:30:00+00:00,7.92140326751949,6.325002506494958,True
2015-10-11 16:00:00+00:00,4.362259957998333,2.91603743801219,False
2015-10-11 16:30:00+00:00,2.294702557369565,1.5013300125348614,True
2015-10-11 17:00:00+00:00,1.2557143169303222,0.8687849077510486,False
2015-10-11 17:30:00+00:00,1.5876001575979535,2.2245433631760188,True
2015-10-11 18:00:00+00:00,2.274181096157581,4.111116505519618,False
2015-10-11 18:30:00+00:00,3.6203172020796828,5.165754589915763,True
2015-10-11 19:00:00+00:00,4.611758210109788,5.689577987393277,False
2015-10-11 19:30:00+00:00,2.5117295391688295,4.620546160094133,True
2015-10-11 20:00:00+00:00,0.4117008682278716,3.5515143327949885,False
2015-10-11 20:30:00+00:00,0.9153197840743994,3.8221048474379122,True
2015-10-11 21:00:00+00:00,1.418938699920927,4.092695362080836,False
2015-10-11 21:30:00+00:00,0.832994762197143,3.2086476073525456,True
2015-10-11 22:00:00+00:00,0.2470508244733586,1.930202215583248,False
2015-10-11 22:30:00+00:00,0.25328621134322904,1.148810303168373,True
2015-10-11 23:00:00+00:00,0.2707777942560758,0.6884703847021616,False
2015-10-11 23:30:00+00:00,0.4435395865709511,0.5686265608352881,True
2015-10-12 00:00:00+00:00,0.7105609783067988,0.5221283800607583,False
2015-10-12 00:30:00+00:00,0.9661767965598509,0.6099815826485335,True
2015-10-12 01:00:00+00:00,1.1162768193489545,0.8261697546662163,False
2015-10-12 01:30:00+00:00,0.8753599346724519,1.4742544252750136,True
2015-10-12 02:00:00+00:00,0.6344430499959494,2.4735397320056878,False
2015-10-12 02:30:00+00:00,1.7418370718503196,3.8610250644401543,True
2015-10-12 03:00:00+00:00,2.84923109370469,4.768974791322837,False
2015-10-12 03:30:00+00:00,1.4616014706083704,2.3844873956614183,True
2015-10-12 04:00:00+00:00,0.073971847512051,0.0,False
2015-10-12 04:30:00+00:00,0.15429145566599095,1.5614570699239714,True
2015-10-12 05:00:00+00:00,0.2346110638199308,3.1229141398479423,False
2015-10-12 05:30:00+00:00,0.21904484280223607,2.4941668007549356,True
2015-10-12 06:00:00+00:00,0.2034786217845413,1.8654194616619288,False
2015-10-12 06:30:00+00:00,0.5109923192052293,1.9123516986198603,True
2015-10-12 07:00:00+00:00,1.325212727268876,2.0493664907153293,False
2015-10-12 07:30:00+00:00,6.73464890213849,6.414131322576868,True
2015-10-12 08:00:00+00:00,11.819795604253612,10.81233542704254,False
2015-10-12 08:30:00+00:00,12.099991426570321,11.001201488476548,True
2015-10-12 09:00:00+00:00,12.197770010998571,11.066545722168884,False
2015-10-12 09:30:00+00:00,9.383648178411647,9.795016766939149,True
2015-10-12 10:00:00+00:00,6.569526345824724,8.523487811709412,False
2015-10-12 10:30:00+00:00,10.768288982639906,11.836241091364007,True
2015-10-12 11:00:00+00:00,14.96705161945509,15.1489943710186,False
2015-10-12 11:30:00+00:00,11.87858908964315,13.07284291232597,True
2015-10-12 12:00:00+00:00,8.790126559831208,10.99669145363334,False
2015-10-12 12:30:00+00:00,10.92083678562843,12.702216526794622,True
2015-10-12 13:00:00+00:00,13.05154701142565,14.407741599955903,False
2015-10-12 13:30:00+00:00,10.79044827347311,13.0585647075382,True
2015-10-12 14:00:00+00:00,8.163934761815804,11.278702500932775,False
2015-10-12 14:30:00+00:00,7.710401719171671,10.689565103699476,True
2015-10-12 15:00:00+00:00,7.304613574204807,10.0901414701543,False
2015-10-12 15:30:00+00:00,6.308067843061392,8.469116787541282,True
2015-10-12 16:00:00+00:00,4.86708606699386,6.6714137983377375,False
2015-10-12 16:30:00+00:00,2.564407752462561,5.519465366653448,True
2015-10-12 17:00:00+00:00,0.7991515810525206,4.737228930417085,False
2015-10-12 17:30:00+00:00,0.4342238188129612,4.350216467365451,True
2015-10-12 18:00:00+00:00,0.2939798344037532,4.070393623193598,False
2015-10-12 18:30:00+00:00,0.3362571272271891,3.756452302198554,True
2015-10-12 19:00:00+00:00,0.4414362905830044,3.5832592239659222,False
2015-10-12 19:30:00+00:00,0.9012532236793069,3.788517044865151,True
2015-10-12 20:00:00+00:00,1.2981682862432302,3.993774865764379,False
2015-10-12 20:30:00+00:00,0.8083880202962256,3.9859416456838535,True
2015-10-12 21:00:00+00:00,0.2963595632581387,3.978108425603328,False
2015-10-12 21:30:00+00:00,0.26195316897299226,3.9820879313674826,True
2015-10-12 22:00:00+00:00,0.2497949657789275,3.9938920253460246,False
2015-10-12 22:30:00+00:00,0.9445295344667066,4.916545011996148,True
2015-10-12 23:00:00+00:00,1.639264103154486,5.831373410431884,False
2015-10-12 23:30:00+00:00,1.5044421596843884,5.306187681351235,True
2015-10-13 00:00:00+00:00,1.2618782831788022,4.681942126103119,False
2015-10-13 00:30:00+00:00,0.990220989529174,4.564518882849643,True
2015-10-13 01:00:00+00:00,0.7595955526282472,4.44256218079873,False
2015-10-13 01:30:00+00:00,0.6354009409603896,3.620478030396824,True
2015-10-13 02:00:00+00:00,0.5779164055793192,2.9019871649598232,False
2015-10-13 02:30:00+00:00,1.2220759544697024,3.97239431594707,True
2015-10-13 03:00:00+00:00,1.866235503360086,5.042801466934317,False
2015-10-13 03:30:00+00:00,1.2239455741441772,4.229940086692077,True
2015-10-13 04:00:00+00:00,0.4714968361395221,2.8831384728840184,False
2015-10-13 04:30:00+00:00,0.28559318417285307,1.559977278633371,True
2015-10-13 05:00:00+00:00,0.2098483409949303,0.7707563179485424,False
2015-10-13 05:30:00+00:00,0.3725916181425426,1.463377512489855,True
2015-10-13 06:00:00+00:00,0.7952129178393025,2.8503149812822963,False
2015-10-13 06:30:00+00:00,2.8000122605142783,4.861885173694387,True
2015-10-13 07:00:00+00:00,5.432517995459181,7.029839802296419,False
2015-10-13 07:30:00+00:00,6.983750200806305,8.670332276926462,True
2015-10-13 08:00:00+00:00,8.30869114518901,9.899369813879726,False
2015-10-13 08:30:00+00:00,9.770333604755374,10.648309610096536,True
2015-10-13 09:00:00+00:00,10.757210354766356,11.165471849473038,False
2015-10-13 09:30:00+00:00,11.070528946500431,11.481462374075669,True
2015-10-13 10:00:00+00:00,11.197320093935232,11.78268647691199,False
2015-10-13 10:30:00+00:00,10.901146854379999,12.195809248387437,True
2015-10-13 11:00:00+00:00,10.604973614824765,12.80885301788012,False
2015-10-13 11:30:00+00:00,12.180677830182105,14.677482082827252,True
2015-10-13 12:00:00+00:00,13.756382045539446,16.153488355599475,False
2015-10-13 12:30:00+00:00,10.962928591083266,13.339985664699011,True
2015-10-13 13:00:00+00:00,8.169475136627089,10.526482973798544,False
2015-10-13 13:30:00+00:00,11.183953669041523,13.399401901715185,True
2015-10-13 14:00:00+00:00,14.198432201455956,16.272320829631823,False
2015-10-13 14:30:00+00:00,10.546882051015311,11.574708760892225,True
2015-10-13 15:00:00+00:00,6.459477381124656,6.513428673657883,False
2015-10-13 15:30:00+00:00,5.942525620339774,6.096091258916546,True
2015-10-13 16:00:00+00:00,5.477116026480434,5.727518266567143,False
2015-10-13 16:30:00+00:00,3.518610448057608,3.9846666188737077,True
2015-10-13 17:00:00+00:00,1.9444172221592488,2.556718567283085,False
2015-10-13 17:30:00+00:00,2.8300980887607707,3.683024441821691,True
2015-10-13 18:00:00+00:00,3.7157789553622926,4.809330316360298,False
2015-10-13 18:30:00+00:00,2.4469319576556408,3.125764978789627,True
2015-10-13 19:00:00+00:00,0.9017298597023548,1.3882700029913555,False
2015-10-13 19:30:00+00:00,0.4196512598105848,1.3056198985600527,True
2015-10-13 20:00:00+00:00,0.2139277601654488,1.27689943235635,False
2015-10-13 20:30:00+00:00,0.2876741752979441,2.514938229241511,True
2015-10-13 21:00:00+00:00,0.435146111194651,3.752977026126672,False
2015-10-13 21:30:00+00:00,0.6931019037423917,2.6576279092465356,True
2015-10-13 22:00:00+00:00,0.8773321755259206,1.5622787923663988,False
2015-10-13 22:30:00+00:00,0.752239429047187,2.1006353265620517,True
2015-10-13 23:00:00+00:00,0.6015664985535835,2.638991860757704,False
2015-10-13 23:30:00+00:00,0.5573695943245351,1.793328111466307,True
2015-10-14 00:00:00+00:00,0.538752874110357,0.9476643621749102,False
2015-10-14 00:30:00+00:00,0.6705445647909465,1.5214143510907638,True
2015-10-14 01:00:00+00:00,0.8023362554715361,2.0951643400066176,False
2015-10-14 01:30:00+00:00,0.713309327764925,1.817275611873696,True
2015-10-14 02:00:00+00:00,0.563841909617796,1.5393868837407745,False
2015-10-14 02:30:00+00:00,0.41106148397896136,2.230828025806759,True
2015-10-14 03:00:00+00:00,0.3187215487806444,2.922269167872744,False
2015-10-14 03:30:00+00:00,0.3439750546205566,2.2424534654117716,True
2015-10-14 04:00:00+00:00,0.3973341489504097,1.3559911086505914,False
2015-10-14 04:30:00+00:00,0.5100169887852269,0.9719475720896129,True
2015-10-14 05:00:00+00:00,0.5945942401301033,0.7945506898288416,False
2015-10-14 05:30:00+00:00,0.4868650903829997,0.9932513942848127,True
2015-10-14 06:00:00+00:00,0.379135940635896,1.3215166171726924,False
2015-10-14 06:30:00+00:00,0.4920684248307681,1.6210447054654864,True
2015-10-14 07:00:00+00:00,0.6839942256433834,1.831349945090752,False
2015-10-14 07:30:00+00:00,0.8104461332783893,1.8758665000242922,True
2015-10-14 08:00:00+00:00,1.0119236353094816,1.9272023431156948,False
2015-10-14 08:30:00+00:00,3.6280632740993743,4.904421203313845,True
2015-10-14 09:00:00+00:00,6.090184001875437,7.834479105589752,False
2015-10-14 09:30:00+00:00,5.930457548931382,7.381540483278852,True
2015-10-14 10:00:00+00:00,5.770731095987327,6.9286018609679525,False
2015-10-14 10:30:00+00:00,6.125045928965445,8.279828885148293,True
2015-10-14 11:00:00+00:00,6.479360761943562,9.631055909328635,False
2015-10-14 11:30:00+00:00,5.0762384369417966,7.040628825653856,True
2015-10-14 12:00:00+00:00,3.2156201746533526,3.982032744791376,False
2015-10-14 12:30:00+00:00,2.47301422957015,3.3702351729639894,True
2015-10-14 13:00:00+00:00,1.9441788740505763,2.8596588052902674,False
2015-10-14 13:30:00+00:00,1.427053207162589,1.6160160823270515,True
2015-10-14 14:00:00+00:00,1.1536528879976502,0.739321152397873,False
2015-10-14 14:30:00+00:00,1.2208227565778416,0.7945691275618008,True
2015-10-14 15:00:00+00:00,1.2879926251580331,0.8498171027257285,False
2015-10-14 15:30:00+00:00,0.7274747749345061,0.5594629791696375,True
2015-10-14 16:00:00+00:00,0.1284978202799278,0.2035125297272803,False
2015-10-14 16:30:00+00:00,0.06807660370349106,0.08841146590914138,True
2015-10-14 17:00:00+00:00,0.0461144915581058,0.0389067279772687,False
2015-10-14 17:30:00+00:00,0.26607962790659906,0.16546249419150957,True
2015-10-14 18:00:00+00:00,0.5670894540076377,0.3389960276764214,False
2015-10-14 18:30:00+00:00,0.7252600305408026,0.43087509120728584,True
2015-10-14 19:00:00+00:00,0.802385917321422,0.4757763874674794,False
2015-10-14 19:30:00+00:00,0.6531200361176276,0.3547792315407988,True
2015-10-14 20:00:00+00:00,0.5038541549138332,0.2337820756141181,False
2015-10-14 20:30:00+00:00,1.0504095819332888,0.7767234749158441,True
2015-10-14 21:00:00+00:00,1.5969650089527443,1.31966487421757,False
2015-10-14 21:30:00+00:00,1.4871061862764985,1.0917919007481665,True
2015-10-14 22:00:00+00:00,1.2940319482228322,0.863918927278763,False
2015-10-14 22:30:00+00:00,1.1265124910104332,0.9652106363805549,True
2015-10-14 23:00:00+00:00,0.9246797334671204,1.0665023454823468,False
2015-10-14 23:30:00+00:00,0.5426750354824296,0.5332511727411733,True
2015-10-15 00:00:00+00:00,0.2781990532060724,0.0,False
2015-10-15 00:30:00+00:00,0.4134758567886306,0.7966132623037581,True
2015-10-15 01:00:00+00:00,0.5487526603711887,1.593226524607516,False
2015-10-15 01:30:00+00:00,0.4729606777330472,1.4810257591862213,True
2015-10-15 02:00:00+00:00,0.3971686950949056,1.3688249937649268,False
2015-10-15 02:30:00+00:00,0.7720759310561809,1.5761436407145777,True
2015-10-15 03:00:00+00:00,1.1624358157621717,2.018761247181075,False
2015-10-15 03:30:00+00:00,1.1862651068715242,2.989152694838908,True
2015-10-15 04:00:00+00:00,1.1946417492361605,3.724245182979894,False
2015-10-15 04:30:00+00:00,0.6732584062592564,2.993039402468494,True
2015-10-15 05:00:00+00:00,0.1518750632823522,2.152109056838305,False
2015-10-15 05:30:00+00:00,0.28586961051553067,1.9697213724152374,True
2015-10-15 06:00:00+00:00,0.6157221584418541,1.8970582531109588,False
2015-10-15 06:30:00+00:00,1.6423605265609862,2.3822135544321275,True
2015-10-15 07:00:00+00:00,3.1346958751277403,3.4599080345124755,False
2015-10-15 07:30:00+00:00,4.858976265588468,6.207526951685691,True
2015-10-15 08:00:00+00:00,5.921701674908429,8.362606690099726,False
2015-10-15 08:30:00+00:00,5.835714266094473,8.262665694529527,True
2015-10-15 09:00:00+00:00,5.749726857280515,8.16272469895933,False
2015-10-15 09:30:00+00:00,5.957499252822088,8.787932603369644,True
2015-10-15 10:00:00+00:00,6.34766571985739,9.41314050777996,False
2015-10-15 10:30:00+00:00,6.751275324536315,7.928885141681846,True
2015-10-15 11:00:00+00:00,7.28320221609281,6.4446297755837305,False
2015-10-15 11:30:00+00:00,8.363960836915012,7.747190065763974,True
2015-10-15 12:00:00+00:00,9.134008099365918,9.389616571359106,False
2015-10-15 12:30:00+00:00,8.436113293040828,10.001399182687768,True
2015-10-15 13:00:00+00:00,7.505554111618569,10.27331557860154,False
2015-10-15 13:30:00+00:00,7.1875719079898,9.169934925227782,True
2015-10-15 14:00:00+00:00,6.854062393958263,7.623371081869062,False
2015-10-15 14:30:00+00:00,5.980583486387503,6.904807240204626,True
2015-10-15 15:00:00+00:00,4.769134909696543,6.29152097079955,False
2015-10-15 15:30:00+00:00,3.3633436971857065,5.660339555930146,True
2015-10-15 16:00:00+00:00,2.0908585037224645,4.919530220785861,False
2015-10-15 16:30:00+00:00,1.2910896161056888,3.40832081072022,True
2015-10-15 17:00:00+00:00,0.7223656611138058,2.34464493865506,False
2015-10-15 17:30:00+00:00,0.2832572739012399,2.5005521265323836,True
2015-10-15 18:00:00+00:00,0.0659592896363241,2.656459314409707,False
2015-10-15 18:30:00+00:00,0.22929433833595472,2.3960232996302784,True
2015-10-15 19:00:00+00:00,0.3926293870355853,2.1355872848508506,False
2015-10-15 19:30:00+00:00,0.2567566590065061,2.3375327779640176,True
2015-10-15 20:00:00+00:00,0.1208839309774269,2.711302169816092,False
2015-10-15 20:30:00+00:00,0.495680873181471,3.223476960537873,True
2015-10-15 21:00:00+00:00,0.870477815385515,3.5638278525207463,False
2015-10-15 21:30:00+00:00,0.6586168485404046,3.1508387294613702,True
2015-10-15 22:00:00+00:00,0.4467558816952942,2.7378496064019937,False
2015-10-15 22:30:00+00:00,0.5093563303662026,2.762228537967477,True
2015-10-15 23:00:00+00:00,0.6516082341872501,2.8256480539328264,False
2015-10-15 23:30:00+00:00,1.0496554279715054,3.197911412978586,True
2015-10-16 00:00:00+00:00,1.368051166605622,3.53113418762448,False
2015-10-16 00:30:00+00:00,0.9063309952013838,3.4874010525867027,True
2015-10-16 01:00:00+00:00,0.4446108237971454,3.370856503315651,False
2015-10-16 01:30:00+00:00,0.45428098358662033,2.538124650779561,True
2015-10-16 02:00:00+00:00,0.4758679604190422,1.7782042124767472,False
2015-10-16 02:30:00+00:00,0.5320028963415684,2.8438733381968495,True
2015-10-16 03:00:00+00:00,0.5762210152211478,3.909542463916952,False
2015-10-16 03:30:00+00:00,0.35807607243326156,3.280870215803029,True
2015-10-16 04:00:00+00:00,0.1399311296453753,2.4528665034232526,False
2015-10-16 04:30:00+00:00,0.4302573630617857,2.078760529635054,True
2015-10-16 05:00:00+00:00,1.0875410084946926,1.9039860201127088,False
2015-10-16 05:30:00+00:00,2.898256568639292,2.384353420990405,True
2015-10-16 06:00:00+00:00,4.342014716767395,3.4320227424147327,False
2015-10-16 06:30:00+00:00,3.504319182623108,5.918992765813716,True
2015-10-16 07:00:00+00:00,2.6666236484788213,7.838660868666066,False
2015-10-16 07:30:00+00:00,3.226266690456457,7.716484830499823,True
2015-10-16 08:00:00+00:00,4.401022995789995,7.59430879233358,False
2015-10-16 08:30:00+00:00,6.162062262738547,8.76814699658367,True
2015-10-16 09:00:00+00:00,8.633111672123738,10.88975154547714,False
2015-10-16 09:30:00+00:00,12.840932787717655,13.594713565481051,True
2015-10-16 10:00:00+00:00,15.723630497519032,15.351909240841582,False
2015-10-16 10:30:00+00:00,14.166744863924647,13.944768459022619,True
2015-10-16 11:00:00+00:00,11.970255180658215,12.537627677203655,False
2015-10-16 11:30:00+00:00,10.680157358671998,12.801764875968834,True
2015-10-16 12:00:00+00:00,10.029663586357827,13.110375149651624,False
2015-10-16 12:30:00+00:00,10.267341625071284,13.18526107036034,True
2015-10-16 13:00:00+00:00,10.505019663784742,13.215673916151443,False
2015-10-16 13:30:00+00:00,9.630436276781197,12.400867601311365,True
2015-10-16 14:00:00+00:00,8.755852889777653,11.581342709268023,False
2015-10-16 14:30:00+00:00,10.722468255872142,11.576607340720106,True
2015-10-16 15:00:00+00:00,12.68908362196663,11.57185074520596,False
2015-10-16 15:30:00+00:00,8.830992439034983,8.340195152236754,True
2015-10-16 16:00:00+00:00,3.990774806022009,4.289387298472136,False
2015-10-16 16:30:00+00:00,2.231109231081971,2.8126133476966992,True
2015-10-16 17:00:00+00:00,1.453570106223259,2.159731461886166,False
2015-10-16 17:30:00+00:00,2.07637219540285,3.2981013193282838,True
2015-10-16 18:00:00+00:00,2.6991742845824405,4.659548012531334,False
2015-10-16 18:30:00+00:00,2.408100215291396,5.042626210270311,True
2015-10-16 19:00:00+00:00,2.117026146000351,5.202627572248353,False
2015-10-16 19:30:00+00:00,2.8023195822896065,5.17571256070754,True
2015-10-16 20:00:00+00:00,3.4876130185788616,5.13170070839243,False
2015-10-16 20:30:00+00:00,2.6925111417325374,5.1057086650782875,True
2015-10-16 21:00:00+00:00,1.5882882096562323,5.065677280973634,False
2015-10-16 21:30:00+00:00,1.044404099461017,4.644678090375175,True
2015-10-16 22:00:00+00:00,0.6716865103854427,3.9696057315898927,False
2015-10-16 22:30:00+00:00,0.40534571164676597,3.2322932491713687,True
2015-10-16 23:00:00+00:00,0.2769594470184292,2.7801901165044747,False
2015-10-16 23:30:00+00:00,1.0661567073656226,3.3848614466530274,True
2015-10-17 00:00:00+00:00,1.8553539677128164,3.989532776801581,False
2015-10-17 00:30:00+00:00,0.9600692798128423,3.2372472609532648,True
2015-10-17 01:00:00+00:00,0.0647845919128683,2.0549907609616644,False
2015-10-17 01:30:00+00:00,0.5677921202607836,1.065952693412237,True
2015-10-17 02:00:00+00:00,1.070799648608699,0.5068856100060934,False
2015-10-17 02:30:00+00:00,0.5691849808918814,0.5785281362737552,True
2015-10-17 03:00:00+00:00,0.0675703131750639,0.6978082973355573,False
2015-10-17 03:30:00+00:00,0.7093955806746016,0.7723228393515621,True
2015-10-17 04:00:00+00:00,1.4733145498869828,0.887988136325622,False
2015-10-17 04:30:00+00:00,1.6112758699775975,1.8313858344956124,True
2015-10-17 05:00:00+00:00,1.7688360648111865,3.567617108394512,False
2015-10-17 05:30:00+00:00,5.289909431332702,6.363957229341056,True
2015-10-17 06:00:00+00:00,8.669290221398398,8.723571549253759,False
2015-10-17 06:30:00+00:00,8.399832363350761,9.483707673938277,True
2015-10-17 07:00:00+00:00,7.779543827321496,9.798947634175532,False
2015-10-17 07:30:00+00:00,5.944505087148194,8.339118278057565,True
2015-10-17 08:00:00+00:00,4.460297024956521,6.879288921939599,False
2015-10-17 08:30:00+00:00,8.126533986276744,9.53472999300979,True
2015-10-17 09:00:00+00:00,11.860535727989705,12.19017106407998,False
2015-10-17 09:30:00+00:00,11.934917110260763,11.811059716413276,True
2015-10-17 10:00:00+00:00,11.998593712348242,11.431948368746571,False
2015-10-17 10:30:00+00:00,12.356206923304946,13.6426871806903,True
2015-10-17 11:00:00+00:00,12.656760134052488,15.85342599263403,False
2015-10-17 11:30:00+00:00,11.778205760625974,14.849714887495194,True
2015-10-17 12:00:00+00:00,10.89965138719946,13.84600378235636,False
2015-10-17 12:30:00+00:00,12.667139857880466,14.628060431814557,True
2015-10-17 13:00:00+00:00,14.434628328561471,15.410117081272755,False
2015-10-17 13:30:00+00:00,12.590151203068869,14.235879846849555,True
2015-10-17 14:00:00+00:00,10.428492996091729,13.061642612426354,False
2015-10-17 14:30:00+00:00,9.97140877631145,13.426555476568907,True
2015-10-17 15:00:00+00:00,9.674782545566762,13.79146834071146,False
2015-10-17 15:30:00+00:00,9.447567754794003,11.738131267396483,True
2015-10-17 16:00:00+00:00,9.13817832015175,8.330663868934348,False
2015-10-17 16:30:00+00:00,7.356706506346781,4.967123425851311,True
2015-10-17 17:00:00+00:00,4.778502976101964,2.9577133079154287,False
2015-10-17 17:30:00+00:00,2.370064058588969,2.959285518958183,True
2015-10-17 18:00:00+00:00,0.8325356995724605,2.963972976322803,False
2015-10-17 18:30:00+00:00,0.6021853911756693,3.6339075859910928,True
2015-10-17 19:00:00+00:00,0.4730886834544761,4.300726949337515,False
2015-10-17 19:30:00+00:00,0.3432450751690352,3.887649702087734,True
2015-10-17 20:00:00+00:00,0.2768667604698024,3.474572454837952,False
2015-10-17 20:30:00+00:00,1.3743644555741041,4.702917004855924,True
2015-10-17 21:00:00+00:00,2.471862150678406,5.931261554873895,False
2015-10-17 21:30:00+00:00,2.070430351770886,4.636635867014648,True
2015-10-17 22:00:00+00:00,1.4847395279681526,3.3420101791554,False
2015-10-17 22:30:00+00:00,1.184921592527378,3.4559654120462313,True
2015-10-17 23:00:00+00:00,0.8966861579321324,3.569920644937062,False
2015-10-17 23:30:00+00:00,0.3919594443253074,2.574196774811381,True
2015-10-18 00:00:00+00:00,0.0599092547681677,1.5784729046856996,False
2015-10-18 00:30:00+00:00,0.11979290554401001,2.059835377112053,True
2015-10-18 01:00:00+00:00,0.1796765563198523,2.5411978495384058,False
2015-10-18 01:30:00+00:00,0.12276435867539535,2.5173944592259923,True
2015-10-18 02:00:00+00:00,0.0658521610309384,2.44940246610753,False
2015-10-18 02:30:00+00:00,0.10219047990767835,1.2569282099660397,True
2015-10-18 03:00:00+00:00,0.1385287987844183,0.0760269702083385,False
2015-10-18 03:30:00+00:00,0.06926439939220916,0.02618183150898096,True
2015-10-18 04:00:00+00:00,0.0,0.0089522792318838,False
2015-10-18 04:30:00+00:00,0.041677962846767766,1.1507624277660975,True
2015-10-18 05:00:00+00:00,0.1549873310033324,2.2925725763003104,False
2015-10-18 05:30:00+00:00,0.8014497439556878,2.23510534785787,True
2015-10-18 06:00:00+00:00,2.0487893734956137,2.17763811941543,False
2015-10-18 06:30:00+00:00,4.196379326189705,4.28421026964597,True
2015-10-18 07:00:00+00:00,6.690310803264023,7.624163681270059,False
2015-10-18 07:30:00+00:00,9.015918531994682,10.495276049406284,True
2015-10-18 08:00:00+00:00,10.32267611444775,12.13300715614896,False
2015-10-18 08:30:00+00:00,9.523370592244227,11.528886407151523,True
2015-10-18 09:00:00+00:00,8.114022311262653,10.43962540050865,False
2015-10-18 09:30:00+00:00,6.4460467699126465,9.0609382034502,True
2015-10-18 10:00:00+00:00,5.38811398734069,8.167391264037189,False
2015-10-18 10:30:00+00:00,8.686606314940988,10.505326750208036,True
2015-10-18 11:00:00+00:00,11.985098642541285,12.843262236378886,False
2015-10-18 11:30:00+00:00,9.31760035880156,11.29658073901839,True
2015-10-18 12:00:00+00:00,6.6501020750618345,9.749899241657891,False
2015-10-18 12:30:00+00:00,10.097777375353482,11.950817746360963,True
2015-10-18 13:00:00+00:00,13.545452675645128,14.202769334664938,False
2015-10-18 13:30:00+00:00,12.392736730151324,14.280516152891447,True
2015-10-18 14:00:00+00:00,11.014004020436634,14.307229887517057,False
2015-10-18 14:30:00+00:00,10.62584623382456,14.099179790462165,True
2015-10-18 15:00:00+00:00,10.463705211433377,13.66682496396383,False
2015-10-18 15:30:00+00:00,11.376227584182104,13.127824750534673,True
2015-10-18 16:00:00+00:00,12.288749956930832,12.168918291751847,False
2015-10-18 16:30:00+00:00,7.192592818480499,7.4742706190277595,True
2015-10-18 17:00:00+00:00,1.8883233749497528,2.956142243910628,False
2015-10-18 17:30:00+00:00,1.6350049074112931,2.321871395688639,True
2015-10-18 18:00:00+00:00,1.4547470599063048,1.9150562785689027,False
2015-10-18 18:30:00+00:00,1.0290260924272878,1.3488091699677645,True
2015-10-18 19:00:00+00:00,0.7383568099952118,1.0227980074545284,False
2015-10-18 19:30:00+00:00,2.47637530899453,2.0820130204752374,True
2015-10-18 20:00:00+00:00,4.214393807993847,3.1412280334959464,False
2015-10-18 20:30:00+00:00,3.161293646353465,2.5936869433841405,True
2015-10-18 21:00:00+00:00,2.108193484713083,2.046145853272334,False
2015-10-18 21:30:00+00:00,2.2406897546816724,3.5391082538803955,True
2015-10-18 22:00:00+00:00,2.373186024650262,5.032070654488456,False
2015-10-18 22:30:00+00:00,1.504781426807133,3.3178860521970632,True
2015-10-18 23:00:00+00:00,0.6363768289640037,1.6020659134891593,False
2015-10-18 23:30:00+00:00,1.2413396865108215,1.5996110476229144,True
2015-10-19 00:00:00+00:00,1.8463025440576395,1.5987917181731803,False
2015-10-19 00:30:00+00:00,1.8254574901037424,2.8077786049144104,True
2015-10-19 01:00:00+00:00,1.7672568037017382,4.016765491655641,False
2015-10-19 01:30:00+00:00,1.067342318638335,2.2452217731196162,True
2015-10-19 02:00:00+00:00,0.4047834660230388,0.473678054583591,False
2015-10-19 02:30:00+00:00,1.2773135173649433,0.7953426631177759,True
2015-10-19 03:00:00+00:00,2.149843568706848,1.3737428839240302,False
2015-10-19 03:30:00+00:00,2.1154854125189915,2.099840947825272,True
2015-10-19 04:00:00+00:00,2.081127256331135,2.569203399454445,False
2015-10-19 04:30:00+00:00,2.4261715214405633,2.385113093279652,True
2015-10-19 05:00:00+00:00,2.96296248527025,2.2010227871048587,False
2015-10-19 05:30:00+00:00,3.264996856246361,2.940330774847658,True
2015-10-19 06:00:00+00:00,3.641568948852969,4.289612793254328,False
2015-10-19 06:30:00+00:00,4.496634448594279,5.4919530974846875,True
2015-10-19 07:00:00+00:00,6.116305598714635,7.22289427257947,False
2015-10-19 07:30:00+00:00,12.80959597155908,12.882258597044853,True
2015-10-19 08:00:00+00:00,18.471996273673728,17.403048019981938,False
2015-10-19 08:30:00+00:00,16.81874597154762,17.156563483119626,True
2015-10-19 09:00:00+00:00,13.674513234763804,16.512917153884704,False
2015-10-19 09:30:00+00:00,8.989120417231977,12.624366505541344,True
2015-10-19 10:00:00+00:00,5.794710034357856,9.132977649570591,False
2015-10-19 10:30:00+00:00,10.008124031239545,12.360319747963747,True
2015-10-19 11:00:00+00:00,14.221538028121232,15.587661846356898,False
2015-10-19 11:30:00+00:00,11.761926393848004,13.228785652488241,True
2015-10-19 12:00:00+00:00,9.302314759574775,10.869909458619585,False
2015-10-19 12:30:00+00:00,15.0645538822107,17.02167944185964,True
2015-10-19 13:00:00+00:00,20.826793004846625,23.173449425099697,False
2015-10-19 13:30:00+00:00,20.385586666345457,23.046387163230364,True
2015-10-19 14:00:00+00:00,19.33113728631997,22.68558634866491,False
2015-10-19 14:30:00+00:00,15.914280477490351,16.97504634837899,True
2015-10-19 15:00:00+00:00,12.516100662492208,11.498244900789192,False
2015-10-19 15:30:00+00:00,11.816415664582854,12.43365700151073,True
2015-10-19 16:00:00+00:00,11.075624959491496,13.369069102232269,False
2015-10-19 16:30:00+00:00,5.343859892227615,7.755025994705761,True
2015-10-19 17:00:00+00:00,0.2477665798385818,2.1409828871792542,False
2015-10-19 17:30:00+00:00,0.3221134201233924,2.7410099196773645,True
2015-10-19 18:00:00+00:00,0.4245761715002967,3.3410369521754752,False
2015-10-19 18:30:00+00:00,0.4798619817407087,2.5475904971838665,True
2015-10-19 19:00:00+00:00,0.5070318808890271,1.451883762782841,False
2015-10-19 19:30:00+00:00,0.45946502496012726,0.856256140075574,True
2015-10-19 20:00:00+00:00,0.4118981690312275,0.5628887967777245,False
2015-10-19 20:30:00+00:00,1.9790621042108503,1.3612914121910247,True
2015-10-19 21:00:00+00:00,3.546226039390473,2.1596940276043246,False
2015-10-19 21:30:00+00:00,2.1637788387565338,2.1394882258748513,True
2015-10-19 22:00:00+00:00,0.7813316381225941,2.119282424145378,False
2015-10-19 22:30:00+00:00,2.4273692073519904,2.9201077308541667,True
2015-10-19 23:00:00+00:00,4.073406776581386,3.720933037562956,False
2015-10-19 23:30:00+00:00,2.0837900445135356,2.3855207774090634,True
2015-10-20 00:00:00+00:00,0.0941733124456848,1.0501085172551712,False
2015-10-20 00:30:00+00:00,0.1009137272671785,1.0756747599449694,True
2015-10-20 01:00:00+00:00,0.1197828482963386,1.147043264903748,False
2015-10-20 01:30:00+00:00,0.26205109746184757,1.7575536107652985,True
2015-10-20 02:00:00+00:00,0.5792239441805282,2.812951292631636,False
2015-10-20 02:30:00+00:00,1.625923245945804,4.159676870505854,True
2015-10-20 03:00:00+00:00,2.5922558860375458,5.201291136483941,False
2015-10-20 03:30:00+00:00,2.7648999354277355,5.513804497030806,True
2015-10-20 04:00:00+00:00,2.830877342730621,5.640739571200035,False
2015-10-20 04:30:00+00:00,1.4154386713653102,2.8203697856000174,True
2015-10-20 05:00:00+00:00,0.0,0.0,False
2015-10-20 05:30:00+00:00,6.381443450974871,5.492815864333815,True
2015-10-20 06:00:00+00:00,12.762886901949742,10.98563172866763,False
2015-10-20 06:30:00+00:00,10.702310875379617,10.670944346702692,True
2015-10-20 07:00:00+00:00,8.641734848809492,10.356256964737751,False
2015-10-20 07:30:00+00:00,11.505746061727764,12.320907527354436,True
2015-10-20 08:00:00+00:00,14.36975727464604,14.285558089971122,False
2015-10-20 08:30:00+00:00,11.225824176490562,12.76437878034133,True
2015-10-20 09:00:00+00:00,8.081891078335085,11.243199470711538,False
2015-10-20 09:30:00+00:00,12.671182264250174,14.721031216639242,True
2015-10-20 10:00:00+00:00,17.26047345016526,18.198862962566945,False
2015-10-20 10:30:00+00:00,14.009613127127702,15.731690683121132,True
2015-10-20 11:00:00+00:00,10.758752804090143,13.264518403675316,False
2015-10-20 11:30:00+00:00,13.860981362129605,15.707987944482632,True
2015-10-20 12:00:00+00:00,16.963209920169064,18.151457485289946,False
2015-10-20 12:30:00+00:00,15.61258068725779,16.07422503933357,True
2015-10-20 13:00:00+00:00,14.047767199382903,13.996992593377197,False
2015-10-20 13:30:00+00:00,13.784620331006716,15.426319882093868,True
2015-10-20 14:00:00+00:00,13.545617384701655,16.85564717081054,False
2015-10-20 14:30:00+00:00,12.788796348189466,16.559022998073154,True
2015-10-20 15:00:00+00:00,11.98209836606731,15.870798108791872,False
2015-10-20 15:30:00+00:00,11.612303517949877,14.033906791724373,True
2015-10-20 16:00:00+00:00,11.289802331346026,12.045634377198173,False
2015-10-20 16:30:00+00:00,10.958614355128594,11.330787616568012,True
2015-10-20 17:00:00+00:00,10.421194045548235,10.529137397575,False
2015-10-20 17:30:00+00:00,5.335062991576652,6.496964895839142,True
2015-10-20 18:00:00+00:00,0.647787887956862,3.094577666468739,False
2015-10-20 18:30:00+00:00,0.7181514484077972,3.108665449495198,True
2015-10-20 19:00:00+00:00,0.9037785384495624,3.149863452055802,False
2015-10-20 19:30:00+00:00,2.120177955365133,4.570293938021161,True
2015-10-20 20:00:00+00:00,3.2213138426898738,5.963614204452374,False
2015-10-20 20:30:00+00:00,1.9843955711018721,4.34109058375899,True
2015-10-20 21:00:00+00:00,0.5329310945714071,2.718566963065606,False
2015-10-20 21:30:00+00:00,0.1703644132799466,3.082551408373584,True
2015-10-20 22:00:00+00:00,0.0223439369309492,3.4465358536815613,False
2015-10-20 22:30:00+00:00,0.2604279161744793,2.9688016968684217,True
2015-10-20 23:00:00+00:00,0.6094673263551854,2.4910675400552824,False
2015-10-20 23:30:00+00:00,0.843319341095212,2.666919697439894,True
2015-10-21 00:00:00+00:00,0.9662159248980626,2.842771854824506,False
2015-10-21 00:30:00+00:00,0.938828745941683,2.6942520155614242,True
2015-10-21 01:00:00+00:00,0.9114415669853032,2.4057507467879184,False
2015-10-21 01:30:00+00:00,0.9203340047972504,1.9462558842877464,True
2015-10-21 02:00:00+00:00,0.9462215224757068,1.6267424512979984,False
2015-10-21 02:30:00+00:00,1.7031253633875567,1.7074798469741468,True
2015-10-21 03:00:00+00:00,2.443034124432897,1.7882172426502951,False
2015-10-21 03:30:00+00:00,2.284130127509488,1.4473204859122748,True
2015-10-21 04:00:00+00:00,2.12522613058608,1.1064237291742545,False
2015-10-21 04:30:00+00:00,2.3890519489913586,2.036658648742168,True
2015-10-21 05:00:00+00:00,2.652877767396638,2.966893568310082,False
2015-10-21 05:30:00+00:00,1.892074487164915,2.1337141211188047,True
2015-10-21 06:00:00+00:00,1.0992218988453195,1.300534673927527,False
2015-10-21 06:30:00+00:00,1.04976879113549,1.5082101107064472,True
2015-10-21 07:00:00+00:00,1.0323649915135331,1.9266318759872831,False
2015-10-21 07:30:00+00:00,1.9117597284096304,2.4408742550790716,True
2015-10-21 08:00:00+00:00,3.3490408794234185,3.216414432707625,False
2015-10-21 08:30:00+00:00,4.3195344956203865,4.67815626911492,True
2015-10-21 09:00:00+00:00,5.501491059922197,6.738799825825047,False
2015-10-21 09:30:00+00:00,8.5843038183427,10.006834306114003,True
2015-10-21 10:00:00+00:00,10.897767214540671,12.203922939061446,False
2015-10-21 10:30:00+00:00,9.345815693752657,11.992122720351007,True
2015-10-21 11:00:00+00:00,7.793864172964645,11.780322501640567,False
2015-10-21 11:30:00+00:00,11.372219907715428,14.875041602790281,True
2015-10-21 12:00:00+00:00,14.95057564246621,17.96976070393999,False
2015-10-21 12:30:00+00:00,9.365096401564537,12.418287215590082,True
2015-10-21 13:00:00+00:00,3.779617160662864,6.8668137272401735,False
2015-10-21 13:30:00+00:00,6.32820937004065,7.5848213384844945,True
2015-10-21 14:00:00+00:00,8.876801579418435,8.40212619084778,False
2015-10-21 14:30:00+00:00,8.697564931472254,8.565824516742703,True
2015-10-21 15:00:00+00:00,8.236852275531994,8.63022560151866,False
2015-10-21 15:30:00+00:00,5.853361069084187,7.23282165578713,True
2015-10-21 16:00:00+00:00,3.557976426957082,5.411207217566325,False
2015-10-21 16:30:00+00:00,3.335311035755324,4.83836399990203,True
2015-10-21 17:00:00+00:00,3.136390802812967,4.2591420254087895,False
2015-10-21 17:30:00+00:00,2.1830612993784255,2.338486181740236,True
2015-10-21 18:00:00+00:00,1.3993560813578545,0.8484195873899016,False
2015-10-21 18:30:00+00:00,3.410449958938244,3.323963671421395,True
2015-10-21 19:00:00+00:00,5.421543836518634,5.79950775545289,False
2015-10-21 19:30:00+00:00,4.801749945557893,4.913646746396855,True
2015-10-21 20:00:00+00:00,3.739318452780016,3.616667349324291,False
2015-10-21 20:30:00+00:00,2.776191050660386,2.7515436728944085,True
2015-10-21 21:00:00+00:00,1.870654066565862,2.2975383844810566,False
2015-10-21 21:30:00+00:00,1.0231663420591057,2.631530603586931,True
2015-10-21 22:00:00+00:00,0.56072580134438,2.965522822692805,False
2015-10-21 22:30:00+00:00,1.7912073341325399,2.9317433834607964,True
2015-10-21 23:00:00+00:00,3.021688866920699,2.8413665052148764,False
2015-10-21 23:30:00+00:00,2.3772002335248086,2.3049492837398606,True
2015-10-22 00:00:00+00:00,1.3890712547149953,1.5592484697810167,False
2015-10-22 00:30:00+00:00,0.6237766629940152,0.9720024266765914,True
2015-10-22 01:00:00+00:00,0.2021224166869591,0.6506374150699056,False
2015-10-22 01:30:00+00:00,0.7269860709417082,0.840667636297906,True
2015-10-22 02:00:00+00:00,1.2790076397094148,1.1509692052550993,False
2015-10-22 02:30:00+00:00,1.3077262480290686,1.4427373068804266,True
2015-10-22 03:00:00+00:00,1.3362085631847564,1.6142340607765606,False
2015-10-22 03:30:00+00:00,1.6746348148216033,1.5174886344974035,True
2015-10-22 04:00:00+00:00,2.2534736069614216,1.4207432082182463,False
2015-10-22 04:30:00+00:00,2.7521469273626065,1.9796904156976478,True
2015-10-22 05:00:00+00:00,3.535326110179533,3.2993799202005363,False
2015-10-22 05:30:00+00:00,7.781430614317119,7.681290849038853,True
2015-10-22 06:00:00+00:00,11.475695094187,11.302459480853686,False
2015-10-22 06:30:00+00:00,9.464945830392077,10.186690218306524,True
2015-10-22 07:00:00+00:00,7.4541965665971555,9.07092095575936,False
2015-10-22 07:30:00+00:00,8.384404821625393,10.581725209115234,True
2015-10-22 08:00:00+00:00,9.314613076653634,12.092529462471107,False
2015-10-22 08:30:00+00:00,9.023321859439,11.48597982093948,True
2015-10-22 09:00:00+00:00,8.732030642224364,10.879430179407851,False
2015-10-22 09:30:00+00:00,13.656567856819308,14.456411818618252,True
2015-10-22 10:00:00+00:00,18.58110507141425,18.033393457828648,False
2015-10-22 10:30:00+00:00,16.13343409528073,17.066496252924836,True
2015-10-22 11:00:00+00:00,11.997300206720816,15.111972001964473,False
2015-10-22 11:30:00+00:00,7.686611114101185,11.568724569799157,True
2015-10-22 12:00:00+00:00,5.064384933907948,9.013104183690388,False
2015-10-22 12:30:00+00:00,8.069295612292018,11.03752061734214,True
2015-10-22 13:00:00+00:00,12.509242564330403,14.233353420372866,False
2015-10-22 13:30:00+00:00,15.56209242882344,16.944261558735626,True
2015-10-22 14:00:00+00:00,17.179906019662166,18.483753327719413,False
2015-10-22 14:30:00+00:00,14.900236827328033,15.464168972025526,True
2015-10-22 15:00:00+00:00,11.826149349072985,11.787445806267604,False
2015-10-22 15:30:00+00:00,10.711966165029603,10.966725987338464,True
2015-10-22 16:00:00+00:00,9.566806741030812,10.152225030036918,False
2015-10-22 16:30:00+00:00,6.581159542757791,7.05931452021375,True
2015-10-22 17:00:00+00:00,3.438014947823733,3.766748901972051,False
2015-10-22 17:30:00+00:00,1.4995527849263743,2.1819932442916583,True
2015-10-22 18:00:00+00:00,0.5439825445663745,1.4478126434662364,False
2015-10-22 18:30:00+00:00,2.1665317210212978,1.968872516555139,True
2015-10-22 19:00:00+00:00,3.789080897476221,2.4899323896440424,False
2015-10-22 19:30:00+00:00,2.3950184395120386,2.37147026057157,True
2015-10-22 20:00:00+00:00,1.0009559815478557,2.2530081314990977,False
2015-10-22 20:30:00+00:00,1.0724160170066654,3.1598939622427067,True
2015-10-22 21:00:00+00:00,1.1441718062153916,4.066779792986316,False
2015-10-22 21:30:00+00:00,1.144616663423255,2.5678608001036114,True
2015-10-22 22:00:00+00:00,1.144765766881202,1.0689418072209071,False
2015-10-22 22:30:00+00:00,0.9614432805708006,1.9709318794910489,True
2015-10-22 23:00:00+00:00,0.7781207942603994,3.246369597225979,False
2015-10-22 23:30:00+00:00,1.363506101443961,4.00152180720054,True
2015-10-23 00:00:00+00:00,1.9488914086275224,4.383226371710314,False
2015-10-23 00:30:00+00:00,0.9883291409632817,3.5340701255695732,True
2015-10-23 01:00:00+00:00,0.0277668732990411,2.6849138794288328,False
2015-10-23 01:30:00+00:00,0.2424730098506951,2.7158959152107927,True
2015-10-23 02:00:00+00:00,0.749400053563713,2.799056568687557,False
2015-10-23 02:30:00+00:00,2.4326065271951043,3.4337847639013215,True
2015-10-23 03:00:00+00:00,3.823592093665131,4.016334341420282,False
2015-10-23 03:30:00+00:00,2.004821220217905,2.0573299360278527,True
2015-10-23 04:00:00+00:00,0.1860503467706776,0.0983255306354236,False
2015-10-23 04:30:00+00:00,0.2920261813245233,0.2091822385544863,True
2015-10-23 05:00:00+00:00,0.5915405144477298,0.5205998013730706,False
2015-10-23 05:30:00+00:00,4.950365452267325,4.418429177812291,True
2015-10-23 06:00:00+00:00,9.115651891517556,8.5283005225326,False
2015-10-23 06:30:00+00:00,8.141631549369382,8.984752706132086,True
2015-10-23 07:00:00+00:00,7.167611207221206,9.448315055178451,False
2015-10-23 07:30:00+00:00,12.198465264499998,14.449696192224025,True
2015-10-23 08:00:00+00:00,17.22931932177879,19.031364340642103,False
2015-10-23 08:30:00+00:00,12.672752447693648,14.601629831395142,True
2015-10-23 09:00:00+00:00,7.731757695952158,10.171895322148185,False
2015-10-23 09:30:00+00:00,7.121254091635236,10.27305743814261,True
2015-10-23 10:00:00+00:00,6.895178364974663,10.55198282097083,False
2015-10-23 10:30:00+00:00,8.942906274477519,13.391798509578363,True
2015-10-23 11:00:00+00:00,11.324307538382756,16.053850931352102,False
2015-10-23 11:30:00+00:00,11.728277309574072,14.974183545676313,True
2015-10-23 12:00:00+00:00,12.110042706366944,13.894516160000526,False
2015-10-23 12:30:00+00:00,13.769071597836012,15.709068014552614,True
2015-10-23 13:00:00+00:00,15.116631509301142,17.5236198691047,False
2015-10-23 13:30:00+00:00,14.292189242908787,15.992614990371125,True
2015-10-23 14:00:00+00:00,12.741478036726676,13.590259012266364,False
2015-10-23 14:30:00+00:00,10.887678960798667,11.85573475732513,True
2015-10-23 15:00:00+00:00,9.002108775114664,10.461210774501572,False
2015-10-23 15:30:00+00:00,7.6891432727790425,9.696936086551036,True
2015-10-23 16:00:00+00:00,6.452200550735332,8.851972147135193,False
2015-10-23 16:30:00+00:00,4.822879007507208,6.36344217838723,True
2015-10-23 17:00:00+00:00,3.5192044572081524,3.737617339604074,False
2015-10-23 17:30:00+00:00,2.99600175254298,2.423498572455859,True
2015-10-23 18:00:00+00:00,2.577661820276738,1.6177618250997934,False
2015-10-23 18:30:00+00:00,1.9178328473192001,1.2034457347265517,True
2015-10-23 19:00:00+00:00,1.4976612786856935,0.9940730650165248,False
2015-10-23 19:30:00+00:00,1.4853293862092491,0.9353578571089809,True
2015-10-23 20:00:00+00:00,1.4734293183723306,0.9126521575000878,False
2015-10-23 20:30:00+00:00,1.3269915748736958,1.8939230405464227,True
2015-10-23 21:00:00+00:00,1.076861845527334,2.8751939235927573,False
2015-10-23 21:30:00+00:00,0.7448863852527613,2.510858886284326,True
2015-10-23 22:00:00+00:00,0.5280211857881996,1.880463608833452,False
2015-10-23 22:30:00+00:00,0.7335631811830872,1.2089419598392903,True
2015-10-23 23:00:00+00:00,0.9391051765779748,0.736267499286786,False
2015-10-23 23:30:00+00:00,0.7766908967815739,0.6356511054845941,True
2015-10-24 00:00:00+00:00,0.6142766169851731,0.5839458581233881,False
2015-10-24 00:30:00+00:00,0.7084564910409152,0.5507037500502879,True
2015-10-24 01:00:00+00:00,0.8026363650966574,0.5357635472369873,False
2015-10-24 01:30:00+00:00,0.6614773849699898,0.538630637820415,True
2015-10-24 02:00:00+00:00,0.5203184048433223,0.5470012064371315,False
2015-10-24 02:30:00+00:00,0.7672416279992557,0.8178299741335529,True
2015-10-24 03:00:00+00:00,1.0645648225751747,1.0831552637966853,False
2015-10-24 03:30:00+00:00,1.1236374951003851,0.8451858227422946,True
2015-10-24 04:00:00+00:00,1.1882776287523031,0.6072163816879039,False
2015-10-24 04:30:00+00:00,1.5557017029932605,0.8725155175552172,True
2015-10-24 05:00:00+00:00,2.3640159153767324,1.5609514928986887,False
2015-10-24 05:30:00+00:00,5.475729502785255,5.026936959190176,True
2015-10-24 06:00:00+00:00,8.782699298404403,9.07174773251186,False
2015-10-24 06:30:00+00:00,10.011167190355797,10.939300172448146,True
2015-10-24 07:00:00+00:00,10.54752130340736,11.80489046587808,False
2015-10-24 07:30:00+00:00,8.832756771407096,10.615276802951552,True
2015-10-24 08:00:00+00:00,7.117992239406833,9.425663140025025,False
2015-10-24 08:30:00+00:00,10.178078649725743,11.713831880878843,True
2015-10-24 09:00:00+00:00,13.837396406361544,14.463114694639389,False
2015-10-24 09:30:00+00:00,14.866322039449757,15.25812220502107,True
2015-10-24 10:00:00+00:00,15.29601632622108,15.59201564249602,False
2015-10-24 10:30:00+00:00,14.05204674976956,14.591542267210674,True
2015-10-24 11:00:00+00:00,12.808077173318036,13.591068891925325,False
2015-10-24 11:30:00+00:00,14.112141841661217,14.408873069346392,True
2015-10-24 12:00:00+00:00,15.86556035879125,15.816002868464087,False
2015-10-24 12:30:00+00:00,16.726659108749445,17.259838512076144,True
2015-10-24 13:00:00+00:00,17.13840400992078,18.32242022090512,False
2015-10-24 13:30:00+00:00,16.766336215511025,18.675951820405135,True
2015-10-24 14:00:00+00:00,16.031928701442787,18.8214117329916,False
2015-10-24 14:30:00+00:00,15.142956722905996,18.34202910762353,True
2015-10-24 15:00:00+00:00,13.931749074230282,17.245852638375712,False
2015-10-24 15:30:00+00:00,12.208896805271856,14.777362531596593,True
2015-10-24 16:00:00+00:00,9.998302968433237,11.562364892068498,False
2015-10-24 16:30:00+00:00,6.774173780975478,8.803030771103847,True
2015-10-24 17:00:00+00:00,4.193657712464517,6.321507241665648,False
2015-10-24 17:30:00+00:00,3.358065850868244,4.1343401755954945,True
2015-10-24 18:00:00+00:00,2.9007212716191475,2.615232110731011,False
2015-10-24 18:30:00+00:00,2.65630747265572,1.8677160483797401,True
2015-10-24 19:00:00+00:00,2.508531372437309,1.5376317699250723,False
2015-10-24 19:30:00+00:00,2.4355019934764734,1.5958951251759248,True
2015-10-24 20:00:00+00:00,2.360177477824836,1.6541584804267777,False
2015-10-24 20:30:00+00:00,2.101683917720754,1.4007786749546578,True
2015-10-24 21:00:00+00:00,1.899304351946084,1.1473988694825374,False
2015-10-24 21:30:00+00:00,1.9381483645419542,1.164292320398751,True
2015-10-24 22:00:00+00:00,1.9769923771378244,1.1811857713149647,False
2015-10-24 22:30:00+00:00,1.849237636075177,1.0821264818916463,True
2015-10-24 23:00:00+00:00,1.6899743936242089,0.983067192468328,False
2015-10-24 23:30:00+00:00,1.6338475226751814,1.013016541176873,True
2015-10-25 00:00:00+00:00,1.6092291531144742,1.1000053534171863,False
2015-10-25 00:30:00+00:00,1.8026838603706483,3.461349273213786,True
2015-10-25 01:00:00+00:00,1.9961385676268224,5.765653729478618,False
2015-10-25 01:30:00+00:00,1.2257703547045977,5.105287812684529,True
2015-10-25 02:00:00+00:00,0.3995893449639212,3.975353048786855,False
2015-10-25 02:30:00+00:00,0.311674555797529,2.752897121715793,True
2015-10-25 03:00:00+00:00,0.2795725634495885,2.000010041748315,False
2015-10-25 03:30:00+00:00,0.3011330814945608,3.1010256695729272,True
2015-10-25 04:00:00+00:00,0.3606075181314938,4.202041297397539,False
2015-10-25 04:30:00+00:00,0.7827191014779309,3.6831785316958014,True
2015-10-25 05:00:00+00:00,1.5406664187045884,3.164315765994064,False
2015-10-25 05:30:00+00:00,2.3640616111345745,4.800747630319308,True
2015-10-25 06:00:00+00:00,3.5799072929930387,7.522049868246702,False
2015-10-25 06:30:00+00:00,7.045764894763314,10.22517563148931,True
2015-10-25 07:00:00+00:00,9.745422354632929,11.84343102112977,False
2015-10-25 07:30:00+00:00,8.985168153920814,11.033303592809816,True
2015-10-25 08:00:00+00:00,8.224913953208699,10.22317616448986,False
2015-10-25 08:30:00+00:00,10.554483789870147,13.677648412428557,True
2015-10-25 09:00:00+00:00,14.01483644631083,17.132120660367253,False
2015-10-25 09:30:00+00:00,16.435806856515473,16.962578134298198,True
2015-10-25 10:00:00+00:00,17.725994446940888,16.793035608229143,False
2015-10-25 10:30:00+00:00,16.749375901702518,17.130045739903018,True
2015-10-25 11:00:00+00:00,15.64612138517163,17.613017762869866,False
2015-10-25 11:30:00+00:00,15.438608401188826,17.822085395253904,True
2015-10-25 12:00:00+00:00,15.357731388498545,18.06632426249841,False
2015-10-25 12:30:00+00:00,15.50198894128693,19.058786699092394,True
2015-10-25 13:00:00+00:00,15.646246494075315,19.870116009532936,False
2015-10-25 13:30:00+00:00,13.505852250224404,17.213626080970407,True
2015-10-25 14:00:00+00:00,10.775449856895593,14.247589415617114,False
2015-10-25 14:30:00+00:00,9.984256872179685,13.905212609847613,True
2015-10-25 15:00:00+00:00,9.218158743890196,13.551893193520044,False
2015-10-25 15:30:00+00:00,7.246667355889917,9.65938913136957,True
2015-10-25 16:00:00+00:00,5.102100472283096,5.402284146113291,False
2015-10-25 16:30:00+00:00,3.7958678111916777,4.44107561346143,True
2015-10-25 17:00:00+00:00,2.8009550076935272,3.755178387556671,False
2015-10-25 17:30:00+00:00,2.0344565258222254,2.8093880114651775,True
2015-10-25 18:00:00+00:00,1.4446597735302793,2.123975294613996,False
2015-10-25 18:30:00+00:00,0.9659138974685653,1.936432670136145,True
2015-10-25 19:00:00+00:00,0.6528689495625597,1.7581635542827767,False
2015-10-25 19:30:00+00:00,0.5036834649039477,1.0889563606730521,True
2015-10-25 20:00:00+00:00,0.4387642535750284,0.5598769629060677,False
2015-10-25 20:30:00+00:00,0.8675874685762726,2.228934180777408,True
2015-10-25 21:00:00+00:00,1.296410683577517,3.897991398648747,False
2015-10-25 21:30:00+00:00,0.7557018507597004,3.3710476183604574,True
2015-10-25 22:00:00+00:00,0.2149930179418837,2.844103838072168,False
2015-10-25 22:30:00+00:00,0.5485667909619126,3.039604636989959,True
2015-10-25 23:00:00+00:00,0.882973222800634,3.23510543590775,False
2015-10-25 23:30:00+00:00,0.8842242920889092,3.211419217515952,True
2015-10-26 00:00:00+00:00,0.8846427025584918,3.14555834491212,False
2015-10-26 00:30:00+00:00,0.8412853184167874,2.3978885672246006,True
2015-10-26 01:00:00+00:00,0.7979279342750831,1.6923934437491173,False
2015-10-26 01:30:00+00:00,0.843800934534614,1.7032508893201757,True
2015-10-26 02:00:00+00:00,0.9307724246925098,1.7351755972990368,False
2015-10-26 02:30:00+00:00,1.0581432841269878,3.1374060564119652,True
2015-10-26 03:00:00+00:00,1.1463687247105774,4.518569253117091,False
2015-10-26 03:30:00+00:00,1.1483417446222604,3.928640570277863,True
2015-10-26 04:00:00+00:00,1.1503469435908458,3.3387118874386337,False
2015-10-26 04:30:00+00:00,1.8267163044755674,4.6458691580363825,True
2015-10-26 05:00:00+00:00,3.196750767509424,6.846596852485396,False
2015-10-26 05:30:00+00:00,5.269197206584226,8.86039537744788,True
2015-10-26 06:00:00+00:00,7.542880403529593,10.489837266261867,False
2015-10-26 06:30:00+00:00,9.518535892081593,11.40354644901412,True
2015-10-26 07:00:00+00:00,10.59730427050951,11.9034148162424,False
2015-10-26 07:30:00+00:00,10.30702724934904,12.008955404655076,True
2015-10-26 08:00:00+00:00,10.01675022818857,12.1239146654889,False
2015-10-26 08:30:00+00:00,12.283735383374431,14.292960947082854,True
2015-10-26 09:00:00+00:00,14.550720538560292,16.357215584076865,False
2015-10-26 09:30:00+00:00,14.065896184274001,15.58157653570116,True
2015-10-26 10:00:00+00:00,13.581071829987712,14.805937487325451,False
2015-10-26 10:30:00+00:00,14.896806499908127,17.41449507203117,True
2015-10-26 11:00:00+00:00,16.212541169828544,20.041016736653475,False
2015-10-26 11:30:00+00:00,15.47456096220336,20.068086995320137,True
2015-10-26 12:00:00+00:00,14.73658075457818,20.077193174070207,False
2015-10-26 12:30:00+00:00,15.300314246172105,19.33361886573807,True
2015-10-26 13:00:00+00:00,15.86404773776603,18.484443579115943,False
2015-10-26 13:30:00+00:00,15.654240449553175,18.36741017549017,True
2015-10-26 14:00:00+00:00,15.140114802928146,18.240954450364544,False
2015-10-26 14:30:00+00:00,13.549427012089488,16.630885535155464,True
2015-10-26 15:00:00+00:00,11.318548300122144,14.074041707357722,False
2015-10-26 15:30:00+00:00,9.5220658488116,12.05058893064018,True
2015-10-26 16:00:00+00:00,7.583060095543079,9.743414616343667,False
2015-10-26 16:30:00+00:00,4.438969022658052,5.5275158896093775,True
2015-10-26 17:00:00+00:00,2.381910531271862,2.635597611270834,False
2015-10-26 17:30:00+00:00,2.454008028052666,2.6101602503197348,True
2015-10-26 18:00:00+00:00,2.52610552483347,2.592256328067591,False
2015-10-26 18:30:00+00:00,2.2365561478098988,2.5647235571387,True
2015-10-26 19:00:00+00:00,1.692864054224232,2.513058729607947,False
2015-10-26 19:30:00+00:00,0.9141283891903876,1.4602183042750254,True
2015-10-26 20:00:00+00:00,0.3895354407186394,0.4455157984067399,False
2015-10-26 20:30:00+00:00,0.4691643482896922,0.5269923000277738,True
2015-10-26 21:00:00+00:00,0.637100201759105,0.6576609758754212,False
2015-10-26 21:30:00+00:00,0.9893779893581411,0.7739923520305959,True
2015-10-26 22:00:00+00:00,1.2533488310588177,0.8411315539591571,False
2015-10-26 22:30:00+00:00,1.2485888631116822,0.8325991539641588,True
2015-10-26 23:00:00+00:00,1.234828174114049,0.810007506494999,False
2015-10-26 23:30:00+00:00,0.9092675264435365,0.6573871191992037,True
2015-10-27 00:00:00+00:00,0.592707599823522,0.5188259793775701,False
2015-10-27 00:30:00+00:00,0.8117030452708559,0.5560277552405467,True
2015-10-27 01:00:00+00:00,1.04965051982894,0.6220147577515998,False
2015-10-27 01:30:00+00:00,1.0797928646741286,0.7015196339209722,True
2015-10-27 02:00:00+00:00,1.0909831804085668,0.7522392834422679,False
2015-10-27 02:30:00+00:00,1.0215048328245309,0.6974460901237778,True
2015-10-27 03:00:00+00:00,0.9065007498893844,0.6189030296652718,False
2015-10-27 03:30:00+00:00,0.7938458557891878,0.5701356599770555,True
2015-10-27 04:00:00+00:00,0.7267166970401014,0.545118157428855,False
2015-10-27 04:30:00+00:00,2.3641850453421696,2.4683215759463955,True
2015-10-27 05:00:00+00:00,5.363929427700664,5.870851224398219,False
2015-10-27 05:30:00+00:00,9.071490723670646,9.691943757027229,True
2015-10-27 06:00:00+00:00,11.96955884383099,12.527571401955438,False
2015-10-27 06:30:00+00:00,12.90984780370639,13.354410031360768,True
2015-10-27 07:00:00+00:00,13.297353905335,13.687387318532616,False
2015-10-27 07:30:00+00:00,9.277697404986032,11.32714696546892,True
2015-10-27 08:00:00+00:00,5.2580409046370615,8.966906612405225,False
2015-10-27 08:30:00+00:00,10.611162699499197,13.235925711579412,True
2015-10-27 09:00:00+00:00,16.226723966204183,17.603443579682484,False
2015-10-27 09:30:00+00:00,16.633572712110656,17.7534909124473,True
2015-10-27 10:00:00+00:00,16.777981986174268,17.80503947628323,False
2015-10-27 10:30:00+00:00,16.569080779521215,17.772960843004512,True
2015-10-27 11:00:00+00:00,16.360179572868162,17.740882209725797,False
2015-10-27 11:30:00+00:00,18.128036094342495,19.086894480674065,True
2015-10-27 12:00:00+00:00,19.895892615816827,20.432906751622337,False
2015-10-27 12:30:00+00:00,18.601068229908773,19.678806633812638,True
2015-10-27 13:00:00+00:00,17.306243844000715,18.92470651600294,False
2015-10-27 13:30:00+00:00,17.34289195556475,19.05821995211179,True
2015-10-27 14:00:00+00:00,17.379540067128783,19.191733388220648,False
2015-10-27 14:30:00+00:00,15.460791111696963,17.51327008401263,True
2015-10-27 15:00:00+00:00,13.040545143039806,15.333215298678418,False
2015-10-27 15:30:00+00:00,12.412999060906902,14.686531024134721,True
2015-10-27 16:00:00+00:00,11.735993338889507,13.977577716954231,False
2015-10-27 16:30:00+00:00,8.282542922021484,10.598587197107843,True
2015-10-27 17:00:00+00:00,4.64206495743206,7.269942933720521,False
2015-10-27 17:30:00+00:00,3.493100568257182,6.651523306193208,True
2015-10-27 18:00:00+00:00,2.778325419887373,6.057232201416458,False
2015-10-27 18:30:00+00:00,2.251600708360915,3.2756272980072545,True
2015-10-27 19:00:00+00:00,1.876848923102155,0.9834081291514036,False
2015-10-27 19:30:00+00:00,1.6525065191168662,2.7560556753145335,True
2015-10-27 20:00:00+00:00,1.418981505990326,4.528703221477664,False
2015-10-27 20:30:00+00:00,0.8211666275687153,4.368114058863315,True
2015-10-27 21:00:00+00:00,0.3337497384785813,4.12113955128508,False
2015-10-27 21:30:00+00:00,0.2526345033703408,3.927995512264727,True
2015-10-27 22:00:00+00:00,0.2221259218303349,3.821236818208261,False
2015-10-27 22:30:00+00:00,0.7728877091667964,3.9615517395710214,True
2015-10-27 23:00:00+00:00,1.323649496503258,4.101866660933782,False
2015-10-27 23:30:00+00:00,0.9776888052477517,3.992002773330794,True
2015-10-28 00:00:00+00:00,0.6317281139922453,3.719242121893538,False
2015-10-28 00:30:00+00:00,0.6937096293692891,2.660149401356339,True
2015-10-28 01:00:00+00:00,0.8320199037291051,1.525781274766571,False
2015-10-28 01:30:00+00:00,1.1911301731555415,1.1024518101311753,True
2015-10-28 02:00:00+00:00,1.4739116835992057,0.9172945153826167,False
2015-10-28 02:30:00+00:00,1.204264715082914,2.6831498667311573,True
2015-10-28 03:00:00+00:00,0.8424349896283514,4.449005218079697,False
2015-10-28 03:30:00+00:00,0.666149455467965,3.944157331846294,True
2015-10-28 04:00:00+00:00,0.5820466782458492,3.439309445612891,False
2015-10-28 04:30:00+00:00,3.1560911614188703,5.14972861640479,True
2015-10-28 05:00:00+00:00,7.057478826119626,8.091367367981915,False
2015-10-28 05:30:00+00:00,9.970742824491028,11.322822851475385,True
2015-10-28 06:00:00+00:00,11.556663641334696,13.323058754183627,False
2015-10-28 06:30:00+00:00,10.694209501266233,13.174222994876988,True
2015-10-28 07:00:00+00:00,9.831755361197771,13.02538723557035,False
2015-10-28 07:30:00+00:00,11.265944066839115,13.672754646793347,True
2015-10-28 08:00:00+00:00,13.04129541024652,14.853329734348389,False
2015-10-28 08:30:00+00:00,13.52021322844963,16.03842006732996,True
2015-10-28 09:00:00+00:00,13.90784237778076,17.413114969098743,False
2015-10-28 09:30:00+00:00,14.532783833067326,19.37764370813004,True
2015-10-28 10:00:00+00:00,15.088475435402549,20.734438434616717,False
2015-10-28 10:30:00+00:00,15.399137789093333,20.915624068279165,True
2015-10-28 11:00:00+00:00,15.608989839837802,20.981731469366967,False
2015-10-28 11:30:00+00:00,15.71523125577909,19.929633732041655,True
2015-10-28 12:00:00+00:00,15.83922403969875,18.877535994716343,False
2015-10-28 12:30:00+00:00,16.527903653205307,19.616825073027602,True
2015-10-28 13:00:00+00:00,17.119018085737064,20.35611415133886,False
2015-10-28 13:30:00+00:00,15.824543413274,18.54507084436823,True
2015-10-28 14:00:00+00:00,13.75826231210451,16.007687044422013,False
2015-10-28 14:30:00+00:00,12.382314866689002,14.889861707136994,True
2015-10-28 15:00:00+00:00,10.90339284834436,13.826253619966224,False
2015-10-28 15:30:00+00:00,8.788340305929694,12.221278005686507,True
2015-10-28 16:00:00+00:00,6.384495331915861,10.323590022394937,False
2015-10-28 16:30:00+00:00,3.545173547809285,7.692722782383223,True
2015-10-28 17:00:00+00:00,1.586441230529081,6.026691154244695,False
2015-10-28 17:30:00+00:00,1.1241210962499306,6.337212738639678,True
2015-10-28 18:00:00+00:00,0.9447849283791342,6.647734323034662,False
2015-10-28 18:30:00+00:00,1.3043039703604522,5.696025503396117,True
2015-10-28 19:00:00+00:00,1.6638230123417703,4.744316683757573,False
2015-10-28 19:30:00+00:00,1.4505258954624043,4.770040307651035,True
2015-10-28 20:00:00+00:00,1.0784090439960974,4.7957639315444975,False
2015-10-28 20:30:00+00:00,0.675325546859798,4.164051535632756,True
2015-10-28 21:00:00+00:00,0.3839792804173103,3.5323391397210133,False
2015-10-28 21:30:00+00:00,0.3059695764557096,4.0393014284375655,True
2015-10-28 22:00:00+00:00,0.2750423763872379,4.546263717154117,False
2015-10-28 22:30:00+00:00,0.3176001906942034,4.315798921270704,True
2015-10-28 23:00:00+00:00,0.360158005001169,3.94919467823716,False
2015-10-28 23:30:00+00:00,0.214574133241147,3.738982618446573,True
2015-10-29 00:00:00+00:00,0.068990261481125,3.4486582536203048,False
2015-10-29 00:30:00+00:00,0.23959743968281028,1.7495102890141645,True
2015-10-29 01:00:00+00:00,0.4102046178844955,0.2666140765938377,False
2015-10-29 01:30:00+00:00,0.23910397607577177,1.966316403937253,True
2015-10-29 02:00:00+00:00,0.068003334267048,3.666018731280668,False
2015-10-29 02:30:00+00:00,0.36617583841885876,2.983875627334978,True
2015-10-29 03:00:00+00:00,0.6643483425706693,2.029958289606373,False
2015-10-29 03:30:00+00:00,0.33615084661039896,1.4870833469554638,True
2015-10-29 04:00:00+00:00,0.0079533506501285,1.2159826380874703,False
2015-10-29 04:30:00+00:00,0.23706423051362716,1.711841651100322,True
2015-10-29 05:00:00+00:00,0.4661751103771258,2.207700664113174,False
2015-10-29 05:30:00+00:00,0.2826894318688668,2.15517947802038,True
2015-10-29 06:00:00+00:00,0.0992037533606078,2.102658291927587,False
2015-10-29 06:30:00+00:00,0.4495138551314963,2.3509583442583857,True
2015-10-29 07:00:00+00:00,1.152756294967911,2.878414380335437,False
2015-10-29 07:30:00+00:00,2.122526306862741,3.6826340429718742,True
2015-10-29 08:00:00+00:00,3.291644641128737,4.870254427286604,False
2015-10-29 08:30:00+00:00,4.516814741268554,7.02427320369393,True
2015-10-29 09:00:00+00:00,5.57577072415314,8.829019257670808,False
2015-10-29 09:30:00+00:00,6.115483433128428,9.203938151282838,True
2015-10-29 10:00:00+00:00,6.742210863771423,9.573403616861135,False
2015-10-29 10:30:00+00:00,9.008443890819144,11.236665892285547,True
2015-10-29 11:00:00+00:00,11.752442968813854,13.133665678199604,False
2015-10-29 11:30:00+00:00,13.636532441675463,13.90169596907747,True
2015-10-29 12:00:00+00:00,14.817527941592305,14.690408686991953,False
2015-10-29 12:30:00+00:00,15.236933670042236,16.996509468087357,True
2015-10-29 13:00:00+00:00,15.408586055640775,18.740359756696133,False
2015-10-29 13:30:00+00:00,12.768304832383395,16.380452232456086,True
2015-10-29 14:00:00+00:00,10.128023609126016,14.02054470821604,False
2015-10-29 14:30:00+00:00,11.333411117775416,14.496976790191658,True
2015-10-29 15:00:00+00:00,12.538798626424816,14.973408872167274,False
2015-10-29 15:30:00+00:00,11.169647780709433,12.615087446927728,True
2015-10-29 16:00:00+00:00,8.621346408744305,8.674364524148526,False
2015-10-29 16:30:00+00:00,5.406192052251316,4.702930957626659,True
2015-10-29 17:00:00+00:00,2.695986575530321,2.313898888644446,False
2015-10-29 17:30:00+00:00,1.4860596023406374,2.5864234407877995,True
2015-10-29 18:00:00+00:00,0.9503342756287024,2.858947992931153,False
2015-10-29 18:30:00+00:00,1.1139330231671585,2.7763809109480464,True
2015-10-29 19:00:00+00:00,1.2775317707056149,2.6246640029458805,False
2015-10-29 19:30:00+00:00,1.115571552238204,2.492876714233358,True
2015-10-29 20:00:00+00:00,0.8273546582927495,2.287094405800719,False
2015-10-29 20:30:00+00:00,0.4766780862660684,1.273216273097181,True
2015-10-29 21:00:00+00:00,0.2522581897174307,0.4024829861328192,False
2015-10-29 21:30:00+00:00,0.5472105585524716,0.48446845746383715,True
2015-10-29 22:00:00+00:00,0.8775614660767207,0.6266440172363738,False
2015-10-29 22:30:00+00:00,0.9351788143560138,0.7867463965152552,True
2015-10-29 23:00:00+00:00,0.9573976239460988,0.8866586873526183,False
2015-10-29 23:30:00+00:00,0.7722204042567941,0.6500912717131103,True
2015-10-30 00:00:00+00:00,0.5870431845674893,0.4135238560736024,False
2015-10-30 00:30:00+00:00,0.6315463993795724,0.46095770242597617,True
2015-10-30 01:00:00+00:00,0.6760496141916554,0.5806210294599418,False
2015-10-30 01:30:00+00:00,0.6632623978393212,1.1498760215446469,True
2015-10-30 02:00:00+00:00,0.6504751814869868,1.6469015329477603,False
2015-10-30 02:30:00+00:00,0.7466261473757172,1.2364153601901566,True
2015-10-30 03:00:00+00:00,0.8427771132644476,0.8259291874325528,False
2015-10-30 03:30:00+00:00,0.78356726832378,1.3536196155199933,True
2015-10-30 04:00:00+00:00,0.7243574233831124,2.246389996839933,False
2015-10-30 04:30:00+00:00,1.8123939233217181,3.180170140833348,True
2015-10-30 05:00:00+00:00,3.046431968935962,3.748870331594264,False
2015-10-30 05:30:00+00:00,3.2073537862225177,3.6986828800132288,True
2015-10-30 06:00:00+00:00,3.3804364416584365,3.648495428432193,False
2015-10-30 06:30:00+00:00,6.105353513841954,7.905649769534186,True
2015-10-30 07:00:00+00:00,9.356434728672564,12.16280411063618,False
2015-10-30 07:30:00+00:00,10.586209825229608,11.78909930381824,True
2015-10-30 08:00:00+00:00,11.131658395314558,11.106227903894036,False
2015-10-30 08:30:00+00:00,9.675445734173937,10.206263503950277,True
2015-10-30 09:00:00+00:00,8.219233073033315,9.615465697112782,False
2015-10-30 09:30:00+00:00,12.039592803838744,14.485288277895519,True
2015-10-30 10:00:00+00:00,15.85995253464417,19.355110858678252,False
2015-10-30 10:30:00+00:00,15.273991056061137,17.899607251036098,True
2015-10-30 11:00:00+00:00,14.456590563515984,15.811017915991796,False
2015-10-30 11:30:00+00:00,13.995524691850193,14.509491737221545,True
2015-10-30 12:00:00+00:00,13.765897834146523,13.84105128585344,False
2015-10-30 12:30:00+00:00,15.162846154675734,16.385001158462238,True
2015-10-30 13:00:00+00:00,16.559794475204942,18.928951031071037,False
2015-10-30 13:30:00+00:00,12.715339891165256,13.513428525279476,True
2015-10-30 14:00:00+00:00,7.60043785350526,7.343086778112196,False
2015-10-30 14:30:00+00:00,5.4749911234240765,6.316617648577385,True
2015-10-30 15:00:00+00:00,4.053671568221311,5.607271510463536,False
2015-10-30 15:30:00+00:00,3.10489619229846,4.777739046358062,True
2015-10-30 16:00:00+00:00,2.3896276054864822,3.8412563333887246,False
2015-10-30 16:30:00+00:00,1.7126998110637004,2.2333763300788414,True
2015-10-30 17:00:00+00:00,1.280238868506338,0.9985713667049516,False
2015-10-30 17:30:00+00:00,1.1679406706790973,0.717660451396626,True
2015-10-30 18:00:00+00:00,1.0700721657865493,0.6083209949709256,False
2015-10-30 18:30:00+00:00,0.7838889302309829,0.9259484953152843,True
2015-10-30 19:00:00+00:00,0.5716226395063214,1.243575995659643,False
2015-10-30 19:30:00+00:00,0.588594743046895,0.9300958298424531,True
2015-10-30 20:00:00+00:00,0.6055668465874685,0.6166156640252634,False
2015-10-30 20:30:00+00:00,0.43248576165750696,0.9568262883243488,True
2015-10-30 21:00:00+00:00,0.2594046767275453,1.4964614903644011,False
2015-10-30 21:30:00+00:00,0.2782704340304856,1.960964001342109,True
2015-10-30 22:00:00+00:00,0.297136191333426,2.22604193457885,False
2015-10-30 22:30:00+00:00,0.23446469413503848,2.1556868217397946,True
2015-10-30 23:00:00+00:00,0.1717931969366509,1.9751974474016047,False
2015-10-30 23:30:00+00:00,0.22044937449918414,1.016591439359901,True
2015-10-31 00:00:00+00:00,0.2691055520617173,0.1681196928173326,False
2015-10-31 00:30:00+00:00,0.1436248735701644,1.247398953717489,True
2015-10-31 01:00:00+00:00,0.0181441950786114,2.3448870868533147,False
2015-10-31 01:30:00+00:00,0.1356815836310045,2.3725102165747076,True
2015-10-31 02:00:00+00:00,0.2532189721833976,2.3819244740604315,False
2015-10-31 02:30:00+00:00,0.20324422539584744,2.138740559485735,True
2015-10-31 03:00:00+00:00,0.1532694786082973,1.7264822590524491,False
2015-10-31 03:30:00+00:00,0.23775260042726296,1.29268323197078,True
2015-10-31 04:00:00+00:00,0.3222357222462287,1.0279585907477005,False
2015-10-31 04:30:00+00:00,0.2201819503271294,1.752227269157035,True
2015-10-31 05:00:00+00:00,0.1181281784080301,2.47649594756637,False
2015-10-31 05:30:00+00:00,0.13436986174094306,2.221265853528126,True
2015-10-31 06:00:00+00:00,0.1788313696315786,1.7963702458957804,False
2015-10-31 06:30:00+00:00,0.56366463764796,1.37293514251642,True
2015-10-31 07:00:00+00:00,0.9824042501088962,1.119165552731162,False
2015-10-31 07:30:00+00:00,1.0518394278716114,2.148044367070977,True
2015-10-31 08:00:00+00:00,1.1293831840785906,3.890123576170799,False
2015-10-31 08:30:00+00:00,2.387499589633517,5.477713173708162,True
2015-10-31 09:00:00+00:00,4.301093737270661,6.829750549757415,False
2015-10-31 09:30:00+00:00,6.001954553037525,7.776172168225517,True
2015-10-31 10:00:00+00:00,6.977102879275627,8.244945613421722,False
2015-10-31 10:30:00+00:00,5.949722237184742,7.615920142517573,True
2015-10-31 11:00:00+00:00,4.922341595093855,6.986894671613425,False
2015-10-31 11:30:00+00:00,6.170794284621746,8.706291042460306,True
2015-10-31 12:00:00+00:00,7.804172919862855,10.563269430525988,False
2015-10-31 12:30:00+00:00,8.521873795399722,10.781110255923396,True
2015-10-31 13:00:00+00:00,8.854648725223372,10.861369064102002,False
2015-10-31 13:30:00+00:00,6.57255478668749,8.428561033584554,True
2015-10-31 14:00:00+00:00,4.290460848151606,5.995753003067105,False
2015-10-31 14:30:00+00:00,5.106682963552265,7.614182686751759,True
2015-10-31 15:00:00+00:00,5.922905078952923,9.232612370436412,False
2015-10-31 15:30:00+00:00,4.954210036602403,8.253072874299953,True
2015-10-31 16:00:00+00:00,3.5900941809063576,6.546062766612567,False
2015-10-31 16:30:00+00:00,2.969285246875628,4.5954708643352635,True
2015-10-31 17:00:00+00:00,2.393647533333438,3.3723495736088878,False
2015-10-31 17:30:00+00:00,1.3811896150683067,4.023234086782869,True
2015-10-31 18:00:00+00:00,0.7037308247498704,4.67411859995685,False
2015-10-31 18:30:00+00:00,0.6805748158640079,3.5296950665559996,True
2015-10-31 19:00:00+00:00,0.672669271888438,2.385271533155149,False
2015-10-31 19:30:00+00:00,1.2243727381077953,3.3477718757742108,True
2015-10-31 20:00:00+00:00,1.776076204327153,4.310272218393273,False
2015-10-31 20:30:00+00:00,1.2694687855592117,3.89422843107781,True
2015-10-31 21:00:00+00:00,0.5718582301188724,3.260787182724274,False
2015-10-31 21:30:00+00:00,0.1966119073970231,2.7809170650190516,True
2015-10-31 22:00:00+00:00,0.0123687213475722,2.518444408351902,False
2015-10-31 22:30:00+00:00,0.10655760404700132,2.9385686048721023,True
2015-10-31 23:00:00+00:00,0.2725994795272741,3.358692801392302,False
2015-10-31 23:30:00+00:00,0.45983606081303624,3.294967203666685,True
2015-11-01 00:00:00+00:00,0.593533103661184,3.231241605941068,False
2015-11-01 00:30:00+00:00,0.6233625865344475,3.9384209812042275,True
2015-11-01 01:00:00+00:00,0.634878615064482,4.645600356467388,False
2015-11-01 01:30:00+00:00,0.3898718672079108,3.872404932144471,True
2015-11-01 02:00:00+00:00,0.1448651193513395,3.0992095078215547,False
2015-11-01 02:30:00+00:00,0.5034109630681214,3.352974190489085,True
2015-11-01 03:00:00+00:00,0.8619568067849035,3.606738873156615,False
2015-11-01 03:30:00+00:00,0.7529895422980586,3.531168975048073,True
2015-11-01 04:00:00+00:00,0.5616790826311462,3.455599076939531,False
2015-11-01 04:30:00+00:00,0.3381519719236348,3.5173713564022075,True
2015-11-01 05:00:00+00:00,0.1969680563961906,3.6893645251551286,False
2015-11-01 05:30:00+00:00,3.3591624811824925,5.6783142418098524,True
2015-11-01 06:00:00+00:00,6.521356905968793,7.557043069174331,False
2015-11-01 06:30:00+00:00,6.328794331486581,7.022263979830318,True
2015-11-01 07:00:00+00:00,5.890281701620539,5.903035872000822,False
2015-11-01 07:30:00+00:00,4.915786793022391,3.821450446085187,True
2015-11-01 08:00:00+00:00,3.659811040992851,1.9176117148796905,False
2015-11-01 08:30:00+00:00,2.3954063467657245,1.2032670798935314,True
2015-11-01 09:00:00+00:00,1.6584325513538194,0.895624768682717,False
2015-11-01 09:30:00+00:00,2.0159895465659834,1.1268509618658125,True
2015-11-01 10:00:00+00:00,2.3735465417781474,1.3580771550489077,False
2015-11-01 10:30:00+00:00,1.5601404766578255,1.0944472474248115,True
2015-11-01 11:00:00+00:00,0.7467344115375038,0.8308173398007154,False
2015-11-01 11:30:00+00:00,1.3303801653125822,1.6508247924340935,True
2015-11-01 12:00:00+00:00,1.9140259190876607,2.6304115121382536,False
2015-11-01 12:30:00+00:00,1.8584772977580755,2.832595518951294,True
2015-11-01 13:00:00+00:00,1.8029286764284904,3.0183755838440978,False
2015-11-01 13:30:00+00:00,2.226426682875702,3.4749429983327227,True
2015-11-01 14:00:00+00:00,2.86288948854565,4.111673719962477,False
2015-11-01 14:30:00+00:00,3.325402217057182,5.064854464592523,True
2015-11-01 15:00:00+00:00,3.574950146345977,5.694696576930893,False
2015-11-01 15:30:00+00:00,2.8028761566643636,4.237797898183982,True
2015-11-01 16:00:00+00:00,1.7035592309137215,2.51315781259722,False
2015-11-01 16:30:00+00:00,1.1276805190230275,2.1641714689435587,True
2015-11-01 17:00:00+00:00,0.6970723877970628,1.86930924660776,False
2015-11-01 17:30:00+00:00,0.3210422070386814,1.1275592511954418,True
2015-11-01 18:00:00+00:00,0.1269843816845995,0.599426541305111,False
2015-11-01 18:30:00+00:00,0.4273708151946126,0.6336814273141309,True
2015-11-01 19:00:00+00:00,0.7277572487046258,0.6679363133231506,False
2015-11-01 19:30:00+00:00,0.6605606700929428,0.5862547335994012,True
2015-11-01 20:00:00+00:00,0.59336409148126,0.5045731538756518,False
2015-11-01 20:30:00+00:00,0.9874458259865142,2.1380042216507156,True
2015-11-01 21:00:00+00:00,1.3815275604917685,3.771435289425779,False
2015-11-01 21:30:00+00:00,0.6940367866813351,2.7615071482989535,True
2015-11-01 22:00:00+00:00,0.0065460128709019,1.7515790071721282,False
2015-11-01 22:30:00+00:00,0.6383857260529293,2.548437314871471,True
2015-11-01 23:00:00+00:00,1.2702254392349563,3.3452956225708137,False
2015-11-01 23:30:00+00:00,0.675540867025842,3.235401192731817,True
2015-11-02 00:00:00+00:00,0.0808562948167276,2.966679880919032,False
2015-11-02 00:30:00+00:00,0.351688986916868,1.9008424429200304,True
2015-11-02 01:00:00+00:00,0.6225216790170084,0.9938318868948164,False
2015-11-02 01:30:00+00:00,0.3772444666113152,1.6210314403865331,True
2015-11-02 02:00:00+00:00,0.1319672542056219,2.3276328441349934,False
2015-11-02 02:30:00+00:00,0.7575118755165793,2.457466970232804,True
2015-11-02 03:00:00+00:00,1.383056496827537,2.5078992460738707,False
2015-11-02 03:30:00+00:00,0.7560481965651675,1.5877845383929448,True
2015-11-02 04:00:00+00:00,0.1290398963027981,0.6676698307120192,False
2015-11-02 04:30:00+00:00,0.13997349647360297,1.0701764068388488,True
2015-11-02 05:00:00+00:00,0.1717315991671057,1.701268337451893,False
2015-11-02 05:30:00+00:00,0.7436218142364996,2.0492743623783145,True
2015-11-02 06:00:00+00:00,1.8769878256045605,2.5210257536439418,False
2015-11-02 06:30:00+00:00,3.6062493896309364,4.8496640508758,True
2015-11-02 07:00:00+00:00,5.55019922797223,7.539893224904079,False
2015-11-02 07:30:00+00:00,7.014539843470102,8.625199621882157,True
2015-11-02 08:00:00+00:00,8.366146979717067,9.535467527904364,False
2015-11-02 08:30:00+00:00,9.544119673866245,10.54936923901016,True
2015-11-02 09:00:00+00:00,11.028543812857375,11.87883602092376,False
2015-11-02 09:30:00+00:00,15.39719645134225,15.461891261040751,True
2015-11-02 10:00:00+00:00,18.775142551099798,18.190498323683972,False
2015-11-02 10:30:00+00:00,14.520541351639132,16.303009399736098,True
2015-11-02 11:00:00+00:00,10.26594015217847,14.415520475788226,False
2015-11-02 11:30:00+00:00,12.420738758613307,15.685641980968608,True
2015-11-02 12:00:00+00:00,14.575537365048143,16.955763486148992,False
2015-11-02 12:30:00+00:00,13.156354923514694,15.714729123529088,True
2015-11-02 13:00:00+00:00,11.07883505629549,13.659488510218347,False
2015-11-02 13:30:00+00:00,10.035993278717326,12.200939077908632,True
2015-11-02 14:00:00+00:00,8.966925879611033,10.44118036988526,False
2015-11-02 14:30:00+00:00,6.890804536496614,6.313357620939946,True
2015-11-02 15:00:00+00:00,5.074174372568854,3.1706301691062224,False
2015-11-02 15:30:00+00:00,4.467194684942299,3.029057700064016,True
2015-11-02 16:00:00+00:00,3.986489544677249,2.900298651555287,False
2015-11-02 16:30:00+00:00,3.372295723566653,1.9553263942720884,True
2015-11-02 17:00:00+00:00,2.6602140092136257,1.1014491216769031,False
2015-11-02 17:30:00+00:00,1.4746151591935963,1.0610323316060637,True
2015-11-02 18:00:00+00:00,0.6857015230817227,1.0470273656066371,False
2015-11-02 18:30:00+00:00,1.2274909317612464,1.7267658222753193,True
2015-11-02 19:00:00+00:00,1.76928034044077,2.492867549712681,False
2015-11-02 19:30:00+00:00,1.2222740748576741,2.602180510931097,True
2015-11-02 20:00:00+00:00,0.5816620622780312,2.6890283371444306,False
2015-11-02 20:30:00+00:00,0.4444338512447597,2.9043226457693545,True
2015-11-02 21:00:00+00:00,0.3594166760345788,3.055718818630682,False
2015-11-02 21:30:00+00:00,0.2911628390680562,2.576030819306912,True
2015-11-02 22:00:00+00:00,0.2274784882923001,1.9608929728332132,False
2015-11-02 22:30:00+00:00,0.12570951934027494,1.713183480010736,True
2015-11-02 23:00:00+00:00,0.0607657753709398,1.6009238343381875,False
2015-11-02 23:30:00+00:00,0.3915967037108533,1.9749842004808973,True
2015-11-03 00:00:00+00:00,0.722427632050767,2.5399859387533152,False
2015-11-03 00:30:00+00:00,0.6838095819862687,2.9572664755669957,True
2015-11-03 01:00:00+00:00,0.6451915319217706,3.183605640250968,False
2015-11-03 01:30:00+00:00,0.6650420344215743,2.518532795311575,True
2015-11-03 02:00:00+00:00,0.684892536921378,1.8534599503721816,False
2015-11-03 02:30:00+00:00,0.6236295517457087,2.330246505831537,True
2015-11-03 03:00:00+00:00,0.5623665665700395,2.807033061290892,False
2015-11-03 03:30:00+00:00,0.8127188311322161,2.5434296984311637,True
2015-11-03 04:00:00+00:00,1.3293996718084202,2.279826335571436,False
2015-11-03 04:30:00+00:00,2.0227419029445772,2.650160172676454,True
2015-11-03 05:00:00+00:00,3.07260610682574,3.4981620691851787,False
2015-11-03 05:30:00+00:00,5.088566033371243,5.426375177907353,True
2015-11-03 06:00:00+00:00,7.437411882455233,7.923720380409433,False
2015-11-03 06:30:00+00:00,9.46589834527807,10.231388936842237,True
2015-11-03 07:00:00+00:00,10.838176764011084,11.89692668040588,False
2015-11-03 07:30:00+00:00,11.204539606538793,12.428867047288778,True
2015-11-03 08:00:00+00:00,11.565323023950276,12.913299655375166,False
2015-11-03 08:30:00+00:00,13.247282051082308,14.293700029561544,True
2015-11-03 09:00:00+00:00,14.63529207602287,15.31693882222998,False
2015-11-03 09:30:00+00:00,13.683859283666077,15.19892146692083,True
2015-11-03 10:00:00+00:00,12.732426491309283,14.950765976581229,False
2015-11-03 10:30:00+00:00,12.969547391244921,14.435700759832763,True
2015-11-03 11:00:00+00:00,13.40924047508921,14.050773678114744,False
2015-11-03 11:30:00+00:00,14.015197235894025,14.076694803798919,True
2015-11-03 12:00:00+00:00,14.41858181279019,14.151173714838665,False
2015-11-03 12:30:00+00:00,13.69082997977448,15.65977408137887,True
2015-11-03 13:00:00+00:00,12.853910058045829,17.119816662563505,False
2015-11-03 13:30:00+00:00,12.73067184850428,16.65763112672512,True
2015-11-03 14:00:00+00:00,12.60016615079684,15.642693543424013,False
2015-11-03 14:30:00+00:00,11.575069249640448,13.773486058774703,True
2015-11-03 15:00:00+00:00,9.769220225787254,11.24850069936442,False
2015-11-03 15:30:00+00:00,7.2407526974759255,8.492501031006586,True
2015-11-03 16:00:00+00:00,4.868656687229808,5.876567160134732,False
2015-11-03 16:30:00+00:00,3.599074975572575,3.568081965840306,True
2015-11-03 17:00:00+00:00,2.7449422387729965,2.3280608962835987,False
2015-11-03 17:30:00+00:00,2.1894644669157164,2.694945866703663,True
2015-11-03 18:00:00+00:00,1.8067258049684207,3.061830837123728,False
2015-11-03 18:30:00+00:00,1.515395530233196,2.3197207756831513,True
2015-11-03 19:00:00+00:00,1.3542544505206024,1.5776107142425748,False
2015-11-03 19:30:00+00:00,1.3296814832710446,1.6449634920714273,True
2015-11-03 20:00:00+00:00,1.3044354078564742,1.8112640156334368,False
2015-11-03 20:30:00+00:00,0.9725982140230689,2.372787247710904,True
2015-11-03 21:00:00+00:00,0.6638730300748178,3.104378303366354,False
2015-11-03 21:30:00+00:00,0.7594261792236153,3.69958750442695,True
2015-11-03 22:00:00+00:00,0.8549793283724129,4.025781136176407,False
2015-11-03 22:30:00+00:00,0.5039686758509914,3.2766502927008614,True
2015-11-03 23:00:00+00:00,0.15295802332957,2.115107916005448,False
2015-11-03 23:30:00+00:00,0.35126897113114425,1.1832185276681917,True
2015-11-04 00:00:00+00:00,0.5495799189327184,0.663740672550802,False
2015-11-04 00:30:00+00:00,0.3615213183525109,1.2835559223540902,True
2015-11-04 01:00:00+00:00,0.1734627177723035,1.9033711721573787,False
2015-11-04 01:30:00+00:00,0.3893295976583109,1.6895135834339627,True
2015-11-04 02:00:00+00:00,0.7411114009552661,1.4756559947105468,False
2015-11-04 02:30:00+00:00,0.9857632607982337,1.824794491569902,True
2015-11-04 03:00:00+00:00,1.2627274565668745,2.1739329884292573,False
2015-11-04 03:30:00+00:00,1.6310333714586631,1.8097081982176768,True
2015-11-04 04:00:00+00:00,2.2105489200571915,1.4454834080060963,False
2015-11-04 04:30:00+00:00,3.86017950253564,2.969871447853939,True
2015-11-04 05:00:00+00:00,6.0173004632199545,5.627849752223572,False
2015-11-04 05:30:00+00:00,7.7941833134664575,8.408321791071888,True
2015-11-04 06:00:00+00:00,9.33897564636778,10.57889913125005,False
2015-11-04 06:30:00+00:00,10.525710547235544,11.272164228133668,True
2015-11-04 07:00:00+00:00,11.50115574901494,11.90731593509635,False
2015-11-04 07:30:00+00:00,12.273114405950086,13.60891089563531,True
2015-11-04 08:00:00+00:00,13.005412907768507,15.021140320508431,False
2015-11-04 08:30:00+00:00,13.872176235552825,15.222235141859766,True
2015-11-04 09:00:00+00:00,14.750033944403176,15.418554269298197,False
2015-11-04 09:30:00+00:00,15.749060542673469,16.65814463644728,True
2015-11-04 10:00:00+00:00,16.333105860178776,17.91737893736954,False
2015-11-04 10:30:00+00:00,16.190996771431823,18.14808020826647,True
2015-11-04 11:00:00+00:00,16.048887682684875,18.36855084110107,False
2015-11-04 11:30:00+00:00,17.289083590241784,19.371041831911096,True
2015-11-04 12:00:00+00:00,18.529279497798694,20.19267858065832,False
2015-11-04 12:30:00+00:00,16.60126578792367,18.96769966000327,True
2015-11-04 13:00:00+00:00,13.709541177983622,16.815579565807894,False
2015-11-04 13:30:00+00:00,11.860151958954333,14.619965794456789,True
2015-11-04 14:00:00+00:00,10.49769743774687,12.703400325773924,False
2015-11-04 14:30:00+00:00,9.833193176820386,11.602088915552557,True
2015-11-04 15:00:00+00:00,9.141512222467863,10.810587681971482,False
2015-11-04 15:30:00+00:00,7.262354994657664,10.327071354892276,True
2015-11-04 16:00:00+00:00,5.216770079674286,9.757667302483185,False
2015-11-04 16:30:00+00:00,4.06286981990698,7.804314911166029,True
2015-11-04 17:00:00+00:00,3.1803224831164614,5.391466475793659,False
2015-11-04 17:30:00+00:00,2.4160250195292456,3.46503864617212,True
2015-11-04 18:00:00+00:00,1.8679775434730197,2.422277280167469,False
2015-11-04 18:30:00+00:00,1.59585394816419,3.8158096141901403,True
2015-11-04 19:00:00+00:00,1.3612813257675322,5.209341948212812,False
2015-11-04 19:30:00+00:00,0.9483754304126897,5.09503445070882,True
2015-11-04 20:00:00+00:00,0.6806962344803078,4.86997198068012,False
2015-11-04 20:30:00+00:00,0.8421535080182717,4.514883120732657,True
2015-11-04 21:00:00+00:00,1.1553015020332913,4.232149067739001,False
2015-11-04 21:30:00+00:00,1.6516094603071798,4.189611494599644,True
2015-11-04 22:00:00+00:00,1.9962266981040124,4.144835272335969,False
2015-11-04 22:30:00+00:00,1.5299963241473784,3.5366710071237093,True
2015-11-04 23:00:00+00:00,1.0637659501907444,2.969145556606668,False
2015-11-04 23:30:00+00:00,1.300166885415776,3.3861013866083347,True
2015-11-05 00:00:00+00:00,1.5365678206408078,3.803057216610001,False
2015-11-05 00:30:00+00:00,1.3628720128016178,3.63315242297341,True
2015-11-05 01:00:00+00:00,1.1891762049624282,3.3298926866501595,False
2015-11-05 01:30:00+00:00,1.2470905547945899,3.0344262442962506,True
2015-11-05 02:00:00+00:00,1.360636658644007,2.718631759093634,False
2015-11-05 02:30:00+00:00,1.5469098407595305,2.332668965418814,True
2015-11-05 03:00:00+00:00,1.6775512688577985,2.1003891572793623,False
2015-11-05 03:30:00+00:00,1.5774632682900847,2.163314845562572,True
2015-11-05 04:00:00+00:00,1.4773752677223713,2.3427922396730088,False
2015-11-05 04:30:00+00:00,3.8370175710483982,4.716313084019574,True
2015-11-05 05:00:00+00:00,7.459429970685747,8.41881225007896,False
2015-11-05 05:30:00+00:00,10.130681621899727,11.899247531661631,True
2015-11-05 06:00:00+00:00,11.830283771994408,13.934152785704253,False
2015-11-05 06:30:00+00:00,12.311704631439671,13.76456231597264,True
2015-11-05 07:00:00+00:00,12.502004895692911,13.594971846241023,False
2015-11-05 07:30:00+00:00,12.249410937901807,14.255607322824359,True
2015-11-05 08:00:00+00:00,11.996816980110705,15.146963161733396,False
2015-11-05 08:30:00+00:00,12.275260842083835,15.452318547257615,True
2015-11-05 09:00:00+00:00,12.9435154360181,15.803651630189709,False
2015-11-05 09:30:00+00:00,15.031070011521997,17.699402563805855,True
2015-11-05 10:00:00+00:00,17.361038323629014,19.321906890128428,False
2015-11-05 10:30:00+00:00,18.3178514161709,19.32536376866477,True
2015-11-05 11:00:00+00:00,19.132557865416448,19.328823365305844,False
2015-11-05 11:30:00+00:00,20.47488833234318,22.267657231066416,True
2015-11-05 12:00:00+00:00,21.327100974002,25.20303692628225,False
2015-11-05 12:30:00+00:00,17.682425547774994,20.47513447884618,True
2015-11-05 13:00:00+00:00,14.037750121547983,15.747232031410112,False
2015-11-05 13:30:00+00:00,15.886226210509601,17.081868970308363,True
2015-11-05 14:00:00+00:00,17.73470229947122,19.05926676950747,False
2015-11-05 14:30:00+00:00,17.375001177707276,20.4311444228322,True
2015-11-05 15:00:00+00:00,16.574173780768053,21.160261215856075,False
2015-11-05 15:30:00+00:00,15.165460063095058,19.081330431329373,True
2015-11-05 16:00:00+00:00,12.894807389765056,15.07138290959796,False
2015-11-05 16:30:00+00:00,8.183052554406666,8.8258811835662,True
2015-11-05 17:00:00+00:00,3.960230593469557,4.51139619473915,False
2015-11-05 17:30:00+00:00,2.557596750264311,5.228912536018929,True
2015-11-05 18:00:00+00:00,1.969095263470068,5.94642887729871,False
2015-11-05 18:30:00+00:00,1.9733894618696357,4.4323360147652515,True
2015-11-05 19:00:00+00:00,1.9857335032746368,2.8327998490380275,False
2015-11-05 19:30:00+00:00,2.238452649718144,2.734499138855318,True
2015-11-05 20:00:00+00:00,2.4831219531562163,2.6519897671789154,False
2015-11-05 20:30:00+00:00,2.4642133867549263,2.31374425103036,True
2015-11-05 21:00:00+00:00,2.4169765256957905,2.0451506995692617,False
2015-11-05 21:30:00+00:00,2.266204682103327,2.392245723558241,True
2015-11-05 22:00:00+00:00,2.022030984252908,2.739340747547221,False
2015-11-05 22:30:00+00:00,1.643796518378631,2.538586224413268,True
2015-11-05 23:00:00+00:00,1.3872922014201552,2.337831701279315,False
2015-11-05 23:30:00+00:00,1.8989991594556004,2.667920792965313,True
2015-11-06 00:00:00+00:00,2.4107061174910456,3.193171684691068,False
2015-11-06 00:30:00+00:00,1.8739606265163322,3.649728519305809,True
2015-11-06 01:00:00+00:00,1.3372151355416186,3.9111235538807936,False
2015-11-06 01:30:00+00:00,1.703810625812685,3.193934094414362,True
2015-11-06 02:00:00+00:00,2.0704061160837512,2.47674463494793,False
2015-11-06 02:30:00+00:00,1.9331157830204433,3.0077610093390845,True
2015-11-06 03:00:00+00:00,1.7801795595780836,3.538777383730239,False
2015-11-06 03:30:00+00:00,1.7548199475771282,2.795364065259477,True
2015-11-06 04:00:00+00:00,1.7451062259552244,2.051950746788715,False
2015-11-06 04:30:00+00:00,4.102956709241971,4.6770746077653715,True
2015-11-06 05:00:00+00:00,6.4608071925287165,7.302198468742029,False
2015-11-06 05:30:00+00:00,5.291797623230643,6.631100884707383,True
2015-11-06 06:00:00+00:00,4.1227880539325685,5.960003300672737,False
2015-11-06 06:30:00+00:00,4.57839335415586,7.712023429903729,True
2015-11-06 07:00:00+00:00,5.590582079749908,10.385284635677912,False
2015-11-06 07:30:00+00:00,7.973725420220601,12.165455226551513,True
2015-11-06 08:00:00+00:00,10.197955028275134,13.542131648489798,False
2015-11-06 08:30:00+00:00,10.698747265621442,14.568924105988483,True
2015-11-06 09:00:00+00:00,11.159233335861687,15.083079926717708,False
2015-11-06 09:30:00+00:00,12.489434945715365,15.088224849650933,True
2015-11-06 10:00:00+00:00,13.945881524543545,15.093368710100547,False
2015-11-06 10:30:00+00:00,14.733225884636939,15.579256547226812,True
2015-11-06 11:00:00+00:00,15.427274980744537,16.587471972727453,False
2015-11-06 11:30:00+00:00,16.303220023478694,18.64534293896007,True
2015-11-06 12:00:00+00:00,17.077488163006723,20.1757771084635,False
2015-11-06 12:30:00+00:00,17.665737244473803,20.049058968632924,True
2015-11-06 13:00:00+00:00,17.965349998309772,19.922340828802344,False
2015-11-06 13:30:00+00:00,17.73679015546844,20.014158310218455,True
2015-11-06 14:00:00+00:00,17.172704785053334,20.105975791634563,False
2015-11-06 14:30:00+00:00,15.268868862032111,18.632408369023892,True
2015-11-06 15:00:00+00:00,12.798272534475208,16.03667510029102,False
2015-11-06 15:30:00+00:00,11.309281523701602,13.70443741012512,True
2015-11-06 16:00:00+00:00,9.726519141479148,11.032282964664285,False
2015-11-06 16:30:00+00:00,6.7268585828603875,7.1516233742778805,True
2015-11-06 17:00:00+00:00,4.058619021845408,3.997632507229304,False
2015-11-06 17:30:00+00:00,3.056973208674427,2.700100904178022,True
2015-11-06 18:00:00+00:00,2.3220826672837744,2.137983179206042,False
2015-11-06 18:30:00+00:00,1.388710001317306,2.6774408526660856,True
2015-11-06 19:00:00+00:00,0.8532183695250265,3.513174874299249,False
2015-11-06 19:30:00+00:00,0.9393928533658387,4.181906545659186,True
2015-11-06 20:00:00+00:00,1.0456394561755964,4.554361868846004,False
2015-11-06 20:30:00+00:00,1.0810391804327202,2.4960852471593027,True
2015-11-06 21:00:00+00:00,1.096366785720898,0.4378086254726,False
2015-11-06 21:30:00+00:00,0.8518484835660076,1.1610068241894371,True
2015-11-06 22:00:00+00:00,0.607330181411117,2.1942338868646933,False
2015-11-06 22:30:00+00:00,0.8210429850939169,2.828444100469176,True
2015-11-06 23:00:00+00:00,1.034755788776717,3.1526254501152398,False
2015-11-06 23:30:00+00:00,0.6922134258418484,3.026016813502392,True
2015-11-07 00:00:00+00:00,0.3496710629069798,2.899408176889545,False
2015-11-07 00:30:00+00:00,0.5440007615160024,3.9697030686783172,True
2015-11-07 01:00:00+00:00,0.738330460125025,5.03999796046709,False
2015-11-07 01:30:00+00:00,0.7247621957746364,4.2549309664337525,True
2015-11-07 02:00:00+00:00,0.7111939314242479,3.469863972400414,False
2015-11-07 02:30:00+00:00,0.9598615100236112,3.6755343266087603,True
2015-11-07 03:00:00+00:00,1.2085290886229745,4.09787923958885,False
2015-11-07 03:30:00+00:00,1.0469973880219832,4.905233431612893,True
2015-11-07 04:00:00+00:00,0.8854656874209917,5.495913064865192,False
2015-11-07 04:30:00+00:00,0.9144947238672854,4.321995850789032,True
2015-11-07 05:00:00+00:00,0.9990421397382252,3.1480786367128726,False
2015-11-07 05:30:00+00:00,3.2718834007485396,5.671822359381165,True
2015-11-07 06:00:00+00:00,5.964665474246188,8.624873412669588,False
2015-11-07 06:30:00+00:00,6.790470977888043,9.15196461818016,True
2015-11-07 07:00:00+00:00,7.140817289617919,9.64312219778204,False
2015-11-07 07:30:00+00:00,5.245644590188543,11.16223736400741,True
2015-11-07 08:00:00+00:00,3.350471890759167,13.103596639667968,False
2015-11-07 08:30:00+00:00,7.920542744495725,14.603978537147436,True
2015-11-07 09:00:00+00:00,13.880233256222535,16.18949726590489,False
2015-11-07 09:30:00+00:00,16.368626347277193,18.804043131191946,True
2015-11-07 10:00:00+00:00,17.656072688450337,20.51783435105439,False
2015-11-07 10:30:00+00:00,17.87713975106489,19.67384241764456,True
2015-11-07 11:00:00+00:00,18.07531643978413,18.82985048423473,False
2015-11-07 11:30:00+00:00,18.950912264542733,20.89857051981564,True
2015-11-07 12:00:00+00:00,19.660725555087915,22.96729055539655,False
2015-11-07 12:30:00+00:00,18.06463992288455,20.3266672625758,True
2015-11-07 13:00:00+00:00,16.00106386343259,17.669556794310004,False
2015-11-07 13:30:00+00:00,15.373538215677618,17.644722768321486,True
2015-11-07 14:00:00+00:00,14.745242055252172,17.636375917778015,False
2015-11-07 14:30:00+00:00,13.104135037523225,17.75961671766785,True
2015-11-07 15:00:00+00:00,11.061856948826309,17.882857517557685,False
2015-11-07 15:30:00+00:00,9.505148815675913,14.165548056862217,True
2015-11-07 16:00:00+00:00,7.768035199884312,9.374950688386791,False
2015-11-07 16:30:00+00:00,4.4779845365511886,7.827651170534069,True
2015-11-07 17:00:00+00:00,1.9764898397846649,6.504031536174889,False
2015-11-07 17:30:00+00:00,1.6279719432576996,3.997509091076037,True
2015-11-07 18:00:00+00:00,1.4021004312719072,2.3405946702636,False
2015-11-07 18:30:00+00:00,1.06477400061874,3.6972155496162333,True
2015-11-07 19:00:00+00:00,0.8660827123860366,5.053836428968865,False
2015-11-07 19:30:00+00:00,1.2635990136698068,3.234378379498511,True
2015-11-07 20:00:00+00:00,1.661115314953577,1.4149203300281574,False
2015-11-07 20:30:00+00:00,0.9228099070616614,3.022075384709047,True
2015-11-07 21:00:00+00:00,0.184504499169746,4.629230439389937,False
2015-11-07 21:30:00+00:00,0.3095327808491595,4.4447509170228265,True
2015-11-07 22:00:00+00:00,0.434561062528573,3.998608569156668,False
2015-11-07 22:30:00+00:00,0.2994863901136415,2.3298823306345726,True
2015-11-07 23:00:00+00:00,0.16441171769871,0.922818917611525,False
2015-11-07 23:30:00+00:00,0.3713599499675976,1.094078368127747,True
2015-11-08 00:00:00+00:00,0.5783081822364852,1.2653378186439688,False
2015-11-08 00:30:00+00:00,0.38040110027583535,0.8376343616387967,True
2015-11-08 01:00:00+00:00,0.1824940183151855,0.4099309046336247,False
2015-11-08 01:30:00+00:00,0.2165682707473962,1.9351454934918166,True
2015-11-08 02:00:00+00:00,0.3013117598057854,3.8124618235358447,False
2015-11-08 02:30:00+00:00,0.6710775165920102,4.320443154844938,True
2015-11-08 03:00:00+00:00,0.9901740367520566,4.700446761734837,False
2015-11-08 03:30:00+00:00,0.9097241192024013,5.265094734738825,True
2015-11-08 04:00:00+00:00,0.7451736312761699,5.605618690976171,False
2015-11-08 04:30:00+00:00,0.43483075347774663,4.895162794675434,True
2015-11-08 05:00:00+00:00,0.2085884460558995,4.184706898374696,False
2015-11-08 05:30:00+00:00,1.411978493197613,4.660938854205791,True
2015-11-08 06:00:00+00:00,3.6167268343798127,5.771523409567651,False
2015-11-08 06:30:00+00:00,6.198821308228536,8.635988625182186,True
2015-11-08 07:00:00+00:00,8.473301055437142,12.100133178953742,False
2015-11-08 07:30:00+00:00,9.526062761832279,14.74010310068336,True
2015-11-08 08:00:00+00:00,10.415723970565873,16.146041084725194,False
2015-11-08 08:30:00+00:00,11.451423540610412,15.900050599685278,True
2015-11-08 09:00:00+00:00,12.755277345019756,15.65406011464536,False
2015-11-08 09:30:00+00:00,15.50656062257685,19.66675660213863,True
2015-11-08 10:00:00+00:00,17.79283202686345,23.679453089631902,False
2015-11-08 10:30:00+00:00,18.344500162285218,23.31807611206448,True
2015-11-08 11:00:00+00:00,18.562382866873843,22.50165206655257,False
2015-11-08 11:30:00+00:00,18.317533214830735,20.643773980313046,True
2015-11-08 12:00:00+00:00,17.707631091697497,18.497609377929507,False
2015-11-08 12:30:00+00:00,15.021798192062565,16.94362418388133,True
2015-11-08 13:00:00+00:00,12.70101776351776,16.132972573921666,False
2015-11-08 13:30:00+00:00,13.781762065118365,16.859784622849492,True
2015-11-08 14:00:00+00:00,14.862506366718971,17.58659667177732,False
2015-11-08 14:30:00+00:00,13.78020651640369,14.800156716901862,True
2015-11-08 15:00:00+00:00,11.76372902557443,11.063311569673337,False
2015-11-08 15:30:00+00:00,9.465220968402605,9.529596089613863,True
2015-11-08 16:00:00+00:00,7.058337926272625,8.380867895550178,False
2015-11-08 16:30:00+00:00,4.963180361630725,7.401770024348454,True
2015-11-08 17:00:00+00:00,3.313999996481266,6.4258614485383285,False
2015-11-08 17:30:00+00:00,2.2359829774588866,4.821333038339539,True
2015-11-08 18:00:00+00:00,1.56283089180275,3.779033239106429,False
2015-11-08 18:30:00+00:00,1.221522928776532,3.954970845306508,True
2015-11-08 19:00:00+00:00,1.0719254583637652,4.130908451506587,False
2015-11-08 19:30:00+00:00,1.0782814671217056,3.384025722336687,True
2015-11-08 20:00:00+00:00,1.0956321149412076,2.637142993166787,False
2015-11-08 20:30:00+00:00,1.2528992041287021,3.9687323868900433,True
2015-11-08 21:00:00+00:00,1.3991716542546353,5.3003217806133005,False
2015-11-08 21:30:00+00:00,1.0531176161541635,4.113963864506476,True
2015-11-08 22:00:00+00:00,0.7070635780536919,2.9276059483996524,False
2015-11-08 22:30:00+00:00,0.9500592260710436,3.3304023372615497,True
2015-11-08 23:00:00+00:00,1.1930548740883955,3.963409722543468,False
2015-11-08 23:30:00+00:00,1.1664420579088872,4.492941653236184,True
2015-11-09 00:00:00+00:00,1.1398292417293792,4.792262587508879,False
2015-11-09 00:30:00+00:00,1.4170983538365391,4.304456636398362,True
2015-11-09 01:00:00+00:00,1.6943674659436991,3.816650685287844,False
2015-11-09 01:30:00+00:00,1.2189179292280024,4.364769778850394,True
2015-11-09 02:00:00+00:00,0.7434683925123057,4.912888872412943,False
2015-11-09 02:30:00+00:00,0.9694299035129027,4.738536200937523,True
2015-11-09 03:00:00+00:00,1.1953914145134996,4.358802273010858,False
2015-11-09 03:30:00+00:00,1.0104264135719874,3.4621138964143214,True
2015-11-09 04:00:00+00:00,0.8254614126304752,2.7708067762690294,False
2015-11-09 04:30:00+00:00,0.96770579182785,3.5616916899484363,True
2015-11-09 05:00:00+00:00,1.3471652340140567,5.138526987618112,False
2015-11-09 05:30:00+00:00,3.896858566738148,7.704036295001136,True
2015-11-09 06:00:00+00:00,6.582888982216303,9.815242603950551,False
2015-11-09 06:30:00+00:00,7.101982406621599,10.226975983291334,True
2015-11-09 07:00:00+00:00,7.454344386051639,10.58815955782359,False
2015-11-09 07:30:00+00:00,7.777186059612881,11.409298918303035,True
2015-11-09 08:00:00+00:00,8.241716621952996,12.650263181775813,False
2015-11-09 08:30:00+00:00,10.805398031976454,14.607129204272896,True
2015-11-09 09:00:00+00:00,14.315817143785242,17.02847096344113,False
2015-11-09 09:30:00+00:00,17.221865647360982,20.10327093075017,True
2015-11-09 10:00:00+00:00,18.832666859604878,22.0126726776466,False
2015-11-09 10:30:00+00:00,17.27771522722576,19.672464219418774,True
2015-11-09 11:00:00+00:00,15.722763594846636,17.332255761190954,False
2015-11-09 11:30:00+00:00,15.936453356972976,18.27684884539174,True
2015-11-09 12:00:00+00:00,16.15014311909931,19.221441929592523,False
2015-11-09 12:30:00+00:00,16.11483840832337,18.957827529945543,True
2015-11-09 13:00:00+00:00,16.016867514503588,18.402292478657557,False
2015-11-09 13:30:00+00:00,15.239774201032287,17.521194977188703,True
2015-11-09 14:00:00+00:00,13.913978768458392,16.36983721611393,False
2015-11-09 14:30:00+00:00,12.63434918356374,15.265152494871517,True
2015-11-09 15:00:00+00:00,10.992575839840104,13.8533394612072,False
2015-11-09 15:30:00+00:00,8.015794301694084,11.185891549823548,True
2015-11-09 16:00:00+00:00,5.154967372747486,8.228778714068165,False
2015-11-09 16:30:00+00:00,3.7431928683163194,5.894031528026393,True
2015-11-09 17:00:00+00:00,2.7262991095488425,4.285939571892748,False
2015-11-09 17:30:00+00:00,1.7474871108168204,3.6795916622749294,True
2015-11-09 18:00:00+00:00,1.2313518181971028,3.178433088127358,False
2015-11-09 18:30:00+00:00,1.565272017240845,2.2155295713604306,True
2015-11-09 19:00:00+00:00,1.899192216284587,1.5797556372556951,False
2015-11-09 19:30:00+00:00,1.6657017340463507,1.9867318468884676,True
2015-11-09 20:00:00+00:00,1.3490666595233538,2.633756550333879,False
2015-11-09 20:30:00+00:00,1.2074135083346038,3.1525194370291563,True
2015-11-09 21:00:00+00:00,1.110736118510976,3.5154767144254384,False
2015-11-09 21:30:00+00:00,1.0588608347898545,3.661741549753233,True
2015-11-09 22:00:00+00:00,0.9984250321308552,3.723763500567384,False
2015-11-09 22:30:00+00:00,0.6966752306094429,3.154955670625052,True
2015-11-09 23:00:00+00:00,0.4416547789455466,2.58614784068272,False
2015-11-09 23:30:00+00:00,0.8399479006245205,2.953182547258379,True
2015-11-10 00:00:00+00:00,1.2382410223034943,3.3202172538340378,False
2015-11-10 00:30:00+00:00,1.2325733517754889,2.0003931961817565,True
2015-11-10 01:00:00+00:00,1.21789596421216,0.680569138529475,False
2015-11-10 01:30:00+00:00,1.134572167276426,0.8688648672442518,True
2015-11-10 02:00:00+00:00,1.060258087376015,1.057160595959029,False
2015-11-10 02:30:00+00:00,1.2566292761555848,0.952195337284812,True
2015-11-10 03:00:00+00:00,1.5150180919795535,0.8472300786105951,False
2015-11-10 03:30:00+00:00,1.590308818384154,1.016395530869136,True
2015-11-10 04:00:00+00:00,1.6855716191426455,1.4722662335903751,False
2015-11-10 04:30:00+00:00,3.85363799829622,4.97877244209029,True
2015-11-10 05:00:00+00:00,5.939714676051504,8.414595610103307,False
2015-11-10 05:30:00+00:00,4.981290950206319,8.645381676889832,True
2015-11-10 06:00:00+00:00,4.022867224361135,8.875311951799777,False
2015-11-10 06:30:00+00:00,7.728743732860076,12.245543212076296,True
2015-11-10 07:00:00+00:00,11.43462024135902,15.4006080542536,False
2015-11-10 07:30:00+00:00,8.263572557612466,13.550277920613127,True
2015-11-10 08:00:00+00:00,5.092524873865911,11.69994778697265,False
2015-11-10 08:30:00+00:00,7.505625874579451,12.598050737408226,True
2015-11-10 09:00:00+00:00,11.703578017252148,14.50022227501837,False
2015-11-10 09:30:00+00:00,16.475774879923463,18.551726591412876,True
2015-11-10 10:00:00+00:00,19.46312060063562,21.599162320632807,False
2015-11-10 10:30:00+00:00,17.03849477511801,19.18958301715457,True
2015-11-10 11:00:00+00:00,14.496519844133145,16.78000371367633,False
2015-11-10 11:30:00+00:00,14.314675773351329,17.056722779658024,True
2015-11-10 12:00:00+00:00,14.250180808036774,17.33344184563972,False
2015-11-10 12:30:00+00:00,15.185565940763322,16.803982020123026,True
2015-11-10 13:00:00+00:00,16.12095107348987,16.27452219460633,False
2015-11-10 13:30:00+00:00,15.65739883310616,18.67538559304273,True
2015-11-10 14:00:00+00:00,14.695606287461656,21.07624899147913,False
2015-11-10 14:30:00+00:00,13.291372974605569,18.990680664444767,True
2015-11-10 15:00:00+00:00,11.383768825385673,15.439229472001523,False
2015-11-10 15:30:00+00:00,8.72455662765725,12.304725255240129,True
2015-11-10 16:00:00+00:00,6.314022799301803,9.33022013600786,False
2015-11-10 16:30:00+00:00,5.153995443589112,6.763234404986456,True
2015-11-10 17:00:00+00:00,4.171875805450858,4.767964172370555,False
2015-11-10 17:30:00+00:00,2.7936357618321432,3.3788030082904155,True
2015-11-10 18:00:00+00:00,1.68867439334123,2.602772966035848,False
2015-11-10 18:30:00+00:00,1.1391771749992312,2.45764536847762,True
2015-11-10 19:00:00+00:00,0.8914263362066204,2.330227322841036,False
2015-11-10 19:30:00+00:00,1.190424778388164,1.8511649369696404,True
2015-11-10 20:00:00+00:00,1.4894232205697076,1.4754301468252764,False
2015-11-10 20:30:00+00:00,1.0157685857476346,1.9252512092969045,True
2015-11-10 21:00:00+00:00,0.5421139509255617,2.3750722717685324,False
2015-11-10 21:30:00+00:00,1.3961233688494303,2.2103703509071657,True
2015-11-10 22:00:00+00:00,2.2501327867732988,1.9464109252100168,False
2015-11-10 22:30:00+00:00,1.8370693134309997,1.7119091209136403,True
2015-11-10 23:00:00+00:00,1.234852346175894,1.576664821453046,False
2015-11-10 23:30:00+00:00,0.8387813347338141,2.4703625974672034,True
2015-11-11 00:00:00+00:00,0.6318638172045409,3.3640603734813608,False
2015-11-11 00:30:00+00:00,0.767404847511016,2.844233383389667,True
2015-11-11 01:00:00+00:00,0.9029458778174912,2.324406393297973,False
2015-11-11 01:30:00+00:00,0.8861531134039253,3.282020090456584,True
2015-11-11 02:00:00+00:00,0.8457994286451578,4.239633787615195,False
2015-11-11 02:30:00+00:00,0.6997071956599327,3.3104510125596023,True
2015-11-11 03:00:00+00:00,0.5771758830199094,2.38126823750401,False
2015-11-11 03:30:00+00:00,0.6319935005506453,2.4326846156261785,True
2015-11-11 04:00:00+00:00,0.7656740529395576,2.5746183484400884,False
2015-11-11 04:30:00+00:00,1.1095214635361734,3.7999731582413094,True
2015-11-11 05:00:00+00:00,1.731836400053727,5.416838392430363,False
2015-11-11 05:30:00+00:00,2.9094637631756837,6.159763397715782,True
2015-11-11 06:00:00+00:00,4.477262084370148,6.875740448981405,False
2015-11-11 06:30:00+00:00,5.948014545017824,7.868081786450019,True
2015-11-11 07:00:00+00:00,7.759687065546248,9.29551659492246,False
2015-11-11 07:30:00+00:00,11.53537387382191,13.109262221446759,True
2015-11-11 08:00:00+00:00,14.222639203365205,16.03283455190745,False
2015-11-11 08:30:00+00:00,13.591493130772017,15.912530098571516,True
2015-11-11 09:00:00+00:00,12.960347058178831,15.792225645235582,False
2015-11-11 09:30:00+00:00,14.008157574248568,16.051760837772736,True
2015-11-11 10:00:00+00:00,15.189543654353344,16.603639007548267,False
2015-11-11 10:30:00+00:00,15.408094582291568,17.796049238865642,True
2015-11-11 11:00:00+00:00,15.493069946194757,18.696116492944647,False
2015-11-11 11:30:00+00:00,14.495626968011832,17.113392215484808,True
2015-11-11 12:00:00+00:00,13.498183989828904,15.530667938024962,False
2015-11-11 12:30:00+00:00,14.028469810694912,16.626180695540473,True
2015-11-11 13:00:00+00:00,14.771982513480149,18.48300788060856,False
2015-11-11 13:30:00+00:00,15.19913618820657,20.435772223590092,True
2015-11-11 14:00:00+00:00,15.413062981013764,21.627222139019047,False
2015-11-11 14:30:00+00:00,13.640513602097506,20.101007633172486,True
2015-11-11 15:00:00+00:00,10.906598691041108,17.211774628837084,False
2015-11-11 15:30:00+00:00,9.179672773587928,13.633271186705377,True
2015-11-11 16:00:00+00:00,7.553033085180884,10.086997567908767,False
2015-11-11 16:30:00+00:00,5.55648845353741,7.2972141730562825,True
2015-11-11 17:00:00+00:00,4.012915952724857,5.8382194533575404,False
2015-11-11 17:30:00+00:00,3.4391021967908304,6.192950994924313,True
2015-11-11 18:00:00+00:00,2.9521239165268787,6.547682536491086,False
2015-11-11 18:30:00+00:00,2.0347182830174204,4.95825350069138,True
2015-11-11 19:00:00+00:00,1.3224595391486784,2.8061385625725155,False
2015-11-11 19:30:00+00:00,1.1745586690882146,1.7200649167926463,True
2015-11-11 20:00:00+00:00,1.0516101590409974,1.196677173331934,False
2015-11-11 20:30:00+00:00,0.727009822407947,1.8464669775210247,True
2015-11-11 21:00:00+00:00,0.4935819327139441,2.858955323603416,False
2015-11-11 21:30:00+00:00,0.6326199038074719,3.683829032061246,True
2015-11-11 22:00:00+00:00,0.7732030199029993,4.146004198625776,False
2015-11-11 22:30:00+00:00,0.7755380047274073,3.9827482064457285,True
2015-11-11 23:00:00+00:00,0.7763278445498157,3.8194922142656815,False
2015-11-11 23:30:00+00:00,0.5861279950829522,4.297259674983339,True
2015-11-12 00:00:00+00:00,0.3959281456160888,4.775027135700997,False
2015-11-12 00:30:00+00:00,0.6984693908662704,4.344427721205376,True
2015-11-12 01:00:00+00:00,1.0010106361164517,3.8378704378892574,False
2015-11-12 01:30:00+00:00,0.9548829681344454,3.709238533082309,True
2015-11-12 02:00:00+00:00,0.846833763109088,3.656564497095858,False
2015-11-12 02:30:00+00:00,0.5011458818336344,3.832967772859177,True
2015-11-12 03:00:00+00:00,0.2173795376015319,4.161237142069808,False
2015-11-12 03:30:00+00:00,0.47003484007369056,4.6185899575871625,True
2015-11-12 04:00:00+00:00,0.7226901425458494,4.924076679657205,False
2015-11-12 04:30:00+00:00,0.41766001171583056,3.2852712831527833,True
2015-11-12 05:00:00+00:00,0.1126298808858117,1.646465886648362,False
2015-11-12 05:30:00+00:00,5.043182789303168,7.292059636118491,True
2015-11-12 06:00:00+00:00,9.973735697720526,12.937653385588618,False
2015-11-12 06:30:00+00:00,9.80243751790509,12.538139857336871,True
2015-11-12 07:00:00+00:00,9.357745537495964,11.75590414490458,False
2015-11-12 07:30:00+00:00,6.787498586808182,10.478123746634697,True
2015-11-12 08:00:00+00:00,4.490645436714091,9.583065532545357,False
2015-11-12 08:30:00+00:00,7.680645139532736,12.03380716852229,True
2015-11-12 09:00:00+00:00,12.479003089346412,15.893697563875415,False
2015-11-12 09:30:00+00:00,15.922922138502784,19.144597121120686,True
2015-11-12 10:00:00+00:00,17.864211441523903,20.986347918989768,False
2015-11-12 10:30:00+00:00,18.02712543484352,19.89100733318589,True
2015-11-12 11:00:00+00:00,18.08431092730336,18.79566674738201,False
2015-11-12 11:30:00+00:00,17.840983237545366,20.220465801308677,True
2015-11-12 12:00:00+00:00,17.263599046161875,21.64526485523534,False
2015-11-12 12:30:00+00:00,15.622701572266939,19.64318057035284,True
2015-11-12 13:00:00+00:00,13.670333569421484,17.10407172912941,False
2015-11-12 13:30:00+00:00,12.609277029945108,16.397613076457006,True
2015-11-12 14:00:00+00:00,11.655271027757603,15.697304537248575,False
2015-11-12 14:30:00+00:00,10.614788894799313,13.783285609966173,True
2015-11-12 15:00:00+00:00,9.341972319088503,11.368161787514964,False
2015-11-12 15:30:00+00:00,7.063565936451362,9.378278915158766,True
2015-11-12 16:00:00+00:00,4.720566418534133,7.423594172758139,False
2015-11-12 16:30:00+00:00,3.0756979407238854,4.9380063969619,True
2015-11-12 17:00:00+00:00,2.103644952917259,3.39298382348819,False
2015-11-12 17:30:00+00:00,1.868475418664434,3.30704669821356,True
2015-11-12 18:00:00+00:00,1.7323281808356237,3.2773255787066047,False
2015-11-12 18:30:00+00:00,1.6038834710265335,3.505926229292744,True
2015-11-12 19:00:00+00:00,1.5390050461095546,3.734526879878883,False
2015-11-12 19:30:00+00:00,1.7587046172599108,3.4802286174937134,True
2015-11-12 20:00:00+00:00,1.978404188410267,3.124588965683019,False
2015-11-12 20:30:00+00:00,1.830998703253522,2.922141288132261,True
2015-11-12 21:00:00+00:00,1.544305174536774,2.8210350000070283,False
2015-11-12 21:30:00+00:00,1.085877301938392,3.265743300148114,True
2015-11-12 22:00:00+00:00,0.7667374729000132,3.887349119570009,False
2015-11-12 22:30:00+00:00,1.0483991553453489,4.229427652177879,True
2015-11-12 23:00:00+00:00,1.3300608377906844,4.416817950803826,False
2015-11-12 23:30:00+00:00,1.2071385756579782,4.4406539282627735,True
2015-11-13 00:00:00+00:00,1.0464046847443378,4.46530416051875,False
2015-11-13 00:30:00+00:00,0.9979334486372455,4.934489122129894,True
2015-11-13 01:00:00+00:00,0.9432911734370212,5.380650543645123,False
2015-11-13 01:30:00+00:00,0.6219101668995298,4.394324139383314,True
2015-11-13 02:00:00+00:00,0.3445118282361047,3.4079977351215045,False
2015-11-13 02:30:00+00:00,0.4542186910474155,3.8926447101704955,True
2015-11-13 03:00:00+00:00,0.5639255538587262,4.377291685219486,False
2015-11-13 03:30:00+00:00,0.461291939210494,3.378919826996736,True
2015-11-13 04:00:00+00:00,0.3586583245622617,2.380547968773986,False
2015-11-13 04:30:00+00:00,0.5707195694429156,2.5101249454491152,True
2015-11-13 05:00:00+00:00,1.138019847115434,2.8742568450656134,False
2015-11-13 05:30:00+00:00,5.124394009501679,7.699112024404293,True
2015-11-13 06:00:00+00:00,9.176514012406852,12.289412280801605,False
2015-11-13 06:30:00+00:00,9.857245171382912,11.34847633683617,True
2015-11-13 07:00:00+00:00,10.11699145704818,9.839248791616534,False
2015-11-13 07:30:00+00:00,7.291527185739294,8.49509368152703,True
2015-11-13 08:00:00+00:00,4.46606291443041,7.719230172691724,False
2015-11-13 08:30:00+00:00,8.747256432584226,10.806535509486714,True
2015-11-13 09:00:00+00:00,13.02844995073804,13.893840846281703,False
2015-11-13 09:30:00+00:00,11.570678902546371,13.78559386458621,True
2015-11-13 10:00:00+00:00,10.1129078543547,13.677346882890712,False
2015-11-13 10:30:00+00:00,11.453531516659314,13.7193784226071,True
2015-11-13 11:00:00+00:00,13.583279110825286,13.839913505240638,False
2015-11-13 11:30:00+00:00,15.425184850117175,16.174690412413227,True
2015-11-13 12:00:00+00:00,16.477966657547704,18.430963776668666,False
2015-11-13 12:30:00+00:00,16.33248512120047,18.201087885672813,True
2015-11-13 13:00:00+00:00,15.959383549218028,17.971211994676963,False
2015-11-13 13:30:00+00:00,13.982071068021723,18.761381591601904,True
2015-11-13 14:00:00+00:00,12.232378622460628,19.551551188526844,False
2015-11-13 14:30:00+00:00,12.936454342545499,17.362118794847873,True
2015-11-13 15:00:00+00:00,13.640530062630368,14.618201492962667,False
2015-11-13 15:30:00+00:00,12.774995859849641,13.906226652566342,True
2015-11-13 16:00:00+00:00,10.99327626199452,13.187659528234557,False
2015-11-13 16:30:00+00:00,7.9247038673085815,10.829364699064413,True
2015-11-13 17:00:00+00:00,5.040580628426003,7.982232852795507,False
2015-11-13 17:30:00+00:00,3.92746282562538,6.137222655485519,True
2015-11-13 18:00:00+00:00,3.100020773852734,4.462620218123378,False
2015-11-13 18:30:00+00:00,2.051375327655618,2.264646798530328,True
2015-11-13 19:00:00+00:00,1.448790369701559,0.94617982822989,False
2015-11-13 19:30:00+00:00,1.6104328651147934,2.4063753225133677,True
2015-11-13 20:00:00+00:00,1.772075360528028,3.866570816796846,False
2015-11-13 20:30:00+00:00,1.2898569880898723,3.615379040609483,True
2015-11-13 21:00:00+00:00,0.8076386156517166,3.2152224022351064,False
2015-11-13 21:30:00+00:00,0.8231918504603627,2.9689531049940965,True
2015-11-13 22:00:00+00:00,0.8387450852690087,2.666139801315589,False
2015-11-13 22:30:00+00:00,0.6125728048084799,1.7460786236621706,True
2015-11-13 23:00:00+00:00,0.3864005243479511,1.0315263146332636,False
2015-11-13 23:30:00+00:00,0.7514586011751514,1.3947962019017275,True
2015-11-14 00:00:00+00:00,1.2179521296539702,2.0421689509465595,False
2015-11-14 00:30:00+00:00,1.402837824032234,2.71992620553885,True
2015-11-14 01:00:00+00:00,1.4862880667588791,3.340100732534633,False
2015-11-14 01:30:00+00:00,1.2529475830515684,3.8013435603913552,True
2015-11-14 02:00:00+00:00,1.0196070993442576,4.036066254068217,False
2015-11-14 02:30:00+00:00,1.3163636111934371,3.659602785550917,True
2015-11-14 03:00:00+00:00,1.6131201230426169,3.283139317033616,False
2015-11-14 03:30:00+00:00,1.3632238933566987,3.695477911922592,True
2015-11-14 04:00:00+00:00,1.1133276636707805,4.524784050951914,False
2015-11-14 04:30:00+00:00,2.1016218278427745,5.668449693127703,True
2015-11-14 05:00:00+00:00,3.778738482338317,7.064461789441766,False
2015-11-14 05:30:00+00:00,5.198839770119179,8.579303870616775,True
2015-11-14 06:00:00+00:00,6.630180667933498,9.89505539791736,False
2015-11-14 06:30:00+00:00,8.06826233291338,10.633007015559613,True
2015-11-14 07:00:00+00:00,9.381041094510207,11.30342381972989,False
2015-11-14 07:30:00+00:00,10.600640059399772,12.272305984067966,True
2015-11-14 08:00:00+00:00,11.355737689679325,13.184492695355516,False
2015-11-14 08:30:00+00:00,11.501159988245032,13.735606785859389,True
2015-11-14 09:00:00+00:00,11.603974150433714,14.279180384764093,False
2015-11-14 09:30:00+00:00,11.717582151340915,15.061649970660193,True
2015-11-14 10:00:00+00:00,11.901363442594358,16.05283127511291,False
2015-11-14 10:30:00+00:00,13.855323017333081,17.75501216646695,True
2015-11-14 11:00:00+00:00,15.671459575738648,18.910028652981847,False
2015-11-14 11:30:00+00:00,14.345677461834008,17.71724831316199,True
2015-11-14 12:00:00+00:00,13.019895347929364,16.524467973342134,False
2015-11-14 12:30:00+00:00,15.046446659664683,17.13820349879314,True
2015-11-14 13:00:00+00:00,17.072997971400003,18.040972202109455,False
2015-11-14 13:30:00+00:00,16.778445890039947,18.652562903330885,True
2015-11-14 14:00:00+00:00,16.119108339253334,18.97512042668701,False
2015-11-14 14:30:00+00:00,14.786103747530296,18.183106397396795,True
2015-11-14 15:00:00+00:00,13.016691218907813,16.50033583876135,False
2015-11-14 15:30:00+00:00,11.47718845213201,13.519598777279654,True
2015-11-14 16:00:00+00:00,9.702576660361776,10.14083472712736,False
2015-11-14 16:30:00+00:00,6.823689204516566,7.666791542770793,True
2015-11-14 17:00:00+00:00,4.169917534100778,5.806533783940312,False
2015-11-14 17:30:00+00:00,2.616577118112421,4.739140447146332,True
2015-11-14 18:00:00+00:00,1.874423348015069,3.8458460486267474,False
2015-11-14 18:30:00+00:00,1.9649499821790812,2.571183667868116,True
2015-11-14 19:00:00+00:00,2.055476616343093,1.79742044132483,False
2015-11-14 19:30:00+00:00,1.445768876289007,3.081812544256829,True
2015-11-14 20:00:00+00:00,0.8360611362349206,4.366204647188828,False
2015-11-14 20:30:00+00:00,1.0164388735519478,4.331559414615027,True
2015-11-14 21:00:00+00:00,1.1968166108689753,4.279311264971208,False
2015-11-14 21:30:00+00:00,0.7853989918979781,4.240917050385667,True
2015-11-14 22:00:00+00:00,0.3739813729269809,4.220125752870143,False
2015-11-14 22:30:00+00:00,0.4989387387627679,4.40845923974631,True
2015-11-14 23:00:00+00:00,0.6733396083824637,4.5967927266224775,False
2015-11-14 23:30:00+00:00,0.7718940005163453,4.34152076213638,True
2015-11-15 00:00:00+00:00,0.8210048888663182,3.8904777400070287,False
2015-11-15 00:30:00+00:00,0.7004135017295703,3.3533039352447274,True
2015-11-15 01:00:00+00:00,0.5798221145928222,3.011901188125679,False
2015-11-15 01:30:00+00:00,0.5983495491783595,3.148187641863694,True
2015-11-15 02:00:00+00:00,0.6475928564289519,3.375526176628616,False
2015-11-15 02:30:00+00:00,0.9549847163465782,3.5342925844821353,True
2015-11-15 03:00:00+00:00,1.304364783871482,3.740319710949124,False
2015-11-15 03:30:00+00:00,1.3988700284227253,4.277428704335071,True
2015-11-15 04:00:00+00:00,1.491120287582928,4.884854058948255,False
2015-11-15 04:30:00+00:00,1.6864014158967038,5.184665927400742,True
2015-11-15 05:00:00+00:00,2.0649330588779566,5.541504991975368,False
2015-11-15 05:30:00+00:00,4.289995375077197,7.066115310087564,True
2015-11-15 06:00:00+00:00,6.448859869440799,8.325069271210008,False
2015-11-15 06:30:00+00:00,6.654129383973515,7.895613824314807,True
2015-11-15 07:00:00+00:00,6.858942111465101,7.466158377419605,False
2015-11-15 07:30:00+00:00,8.904473670606244,10.56705368027979,True
2015-11-15 08:00:00+00:00,11.121184849633488,13.667948983139976,False
2015-11-15 08:30:00+00:00,11.569215352325141,13.532811219666423,True
2015-11-15 09:00:00+00:00,11.982397037470294,13.397673456192871,False
2015-11-15 09:30:00+00:00,13.442669417531558,15.10636513242683,True
2015-11-15 10:00:00+00:00,14.579565994581216,16.81505680866079,False
2015-11-15 10:30:00+00:00,13.705617491065038,15.334117642239695,True
2015-11-15 11:00:00+00:00,12.83166898754886,13.853178475818604,False
2015-11-15 11:30:00+00:00,14.148828054377717,15.091019714693372,True
2015-11-15 12:00:00+00:00,15.887534436227606,17.08170996408477,False
2015-11-15 12:30:00+00:00,16.51260266781516,18.50826039254312,True
2015-11-15 13:00:00+00:00,17.051859149936316,19.90333699024976,False
2015-11-15 13:30:00+00:00,18.012873680647353,21.740191196394093,True
2015-11-15 14:00:00+00:00,18.63815264580375,22.85567022277352,False
2015-11-15 14:30:00+00:00,17.04084985695527,20.66489586039114,True
2015-11-15 15:00:00+00:00,14.341348711118968,17.01662924298529,False
2015-11-15 15:30:00+00:00,12.089465090117692,14.030682974993878,True
2015-11-15 16:00:00+00:00,9.814571905690702,11.19570403659962,False
2015-11-15 16:30:00+00:00,7.500840356082898,8.76470985105049,True
2015-11-15 17:00:00+00:00,5.3393896348468415,6.4541333530207545,False
2015-11-15 17:30:00+00:00,3.167020806851815,3.4874344001960718,True
2015-11-15 18:00:00+00:00,1.8965574487653865,1.7068426852783205,False
2015-11-15 18:30:00+00:00,1.8155806791464435,3.6836264537448096,True
2015-11-15 19:00:00+00:00,1.7484016406249256,5.660410222211298,False
2015-11-15 19:30:00+00:00,1.468275358313585,5.2496707840905135,True
2015-11-15 20:00:00+00:00,1.2453729670380067,4.56013559061268,False
2015-11-15 20:30:00+00:00,1.4171065442686193,3.992136306159551,True
2015-11-15 21:00:00+00:00,1.6135853733960697,3.429634621587664,False
2015-11-15 21:30:00+00:00,1.6545456447920128,2.907140123233935,True
2015-11-15 22:00:00+00:00,1.6707606642911184,2.371366545365857,False
2015-11-15 22:30:00+00:00,1.3444220783387377,1.6029139760458109,True
2015-11-15 23:00:00+00:00,1.018083492386357,1.1210386417159195,False
2015-11-15 23:30:00+00:00,1.307955419487384,2.7924963723915104,True
2015-11-16 00:00:00+00:00,1.6324111918458055,4.463954103067101,False
2015-11-16 00:30:00+00:00,1.6886748177301492,4.0628457738161,True
2015-11-16 01:00:00+00:00,1.7103545983570985,3.614412258067448,False
2015-11-16 01:30:00+00:00,1.5964516100906823,3.561201571656214,True
2015-11-16 02:00:00+00:00,1.482548621824266,3.507894360480346,False
2015-11-16 02:30:00+00:00,1.6334163031426336,3.0515078636245985,True
2015-11-16 03:00:00+00:00,1.784283984461001,2.6425430780311365,False
2015-11-16 03:30:00+00:00,1.6624915445948736,3.236039308583179,True
2015-11-16 04:00:00+00:00,1.5406991047287464,3.9905097025728025,False
2015-11-16 04:30:00+00:00,2.4010362128289207,4.182544924853214,True
2015-11-16 05:00:00+00:00,4.239186437766318,4.413480326431804,False
2015-11-16 05:30:00+00:00,8.280057572234734,7.997580737523022,True
2015-11-16 06:00:00+00:00,11.343115589865926,11.694610267413486,False
2015-11-16 06:30:00+00:00,10.953331633010993,12.063359950597974,True
2015-11-16 07:00:00+00:00,10.56354767615606,12.379023090656911,False
2015-11-16 07:30:00+00:00,12.930472105657595,13.331618757685572,True
2015-11-16 08:00:00+00:00,15.592049020344652,14.53388648538434,False
2015-11-16 08:30:00+00:00,15.969961035182568,15.457877050858395,True
2015-11-16 09:00:00+00:00,16.25958444480245,16.466247607822066,False
2015-11-16 09:30:00+00:00,16.71541314404038,18.14068051301055,True
2015-11-16 10:00:00+00:00,17.340832926592302,19.54718306537899,False
2015-11-16 10:30:00+00:00,18.763104804737655,20.03577990797905,True
2015-11-16 11:00:00+00:00,19.80942171960152,20.373680423090057,False
2015-11-16 11:30:00+00:00,18.15698078427797,20.76522207690177,True
2015-11-16 12:00:00+00:00,16.50453984895442,20.9816214404534,False
2015-11-16 12:30:00+00:00,16.572340127803056,19.859917880165497,True
2015-11-16 13:00:00+00:00,16.75013927150431,18.738214319877592,False
2015-11-16 13:30:00+00:00,17.860368053523487,19.93011665770705,True
2015-11-16 14:00:00+00:00,18.86059797069005,21.122018995536504,False
2015-11-16 14:30:00+00:00,17.794891955117716,20.994295952939304,True
2015-11-16 15:00:00+00:00,15.717599893864154,20.63972904413224,False
2015-11-16 15:30:00+00:00,12.989666492235141,17.45628531543111,True
2015-11-16 16:00:00+00:00,10.039194431958052,12.989657050073804,False
2015-11-16 16:30:00+00:00,7.69936995941566,10.277294609544537,True
2015-11-16 17:00:00+00:00,5.673138486081293,7.999683788593382,False
2015-11-16 17:30:00+00:00,3.8241909188815333,5.572362654054354,True
2015-11-16 18:00:00+00:00,2.4896891350095838,4.220318302803264,False
2015-11-16 18:30:00+00:00,1.7414742319288314,4.502845281437279,True
2015-11-16 19:00:00+00:00,1.3993452506415431,4.99583407214224,False
2015-11-16 19:30:00+00:00,1.8097832245594305,5.56135846272165,True
2015-11-16 20:00:00+00:00,2.220221198477318,5.916421041230112,False
2015-11-16 20:30:00+00:00,1.6558548958436559,5.398194148616777,True
2015-11-16 21:00:00+00:00,1.0914885932099931,4.879967256003441,False
2015-11-16 21:30:00+00:00,1.3616183372318362,5.638267663670085,True
2015-11-16 22:00:00+00:00,1.631748081253679,6.396568071336729,False
2015-11-16 22:30:00+00:00,1.5267588756560895,6.1726038686156945,True
2015-11-16 23:00:00+00:00,1.3439022693218436,5.688544741286252,False
2015-11-16 23:30:00+00:00,1.1554517132431064,4.631384379545099,True
2015-11-17 00:00:00+00:00,1.0045845226742034,3.727730579368512,False
2015-11-17 00:30:00+00:00,0.9316150454863469,3.554846391666204,True
2015-11-17 01:00:00+00:00,0.8989296035253119,3.488550567007737,False
2015-11-17 01:30:00+00:00,0.9422792629056458,3.6084308698192107,True
2015-11-17 02:00:00+00:00,0.9856289222859796,3.8308470979656017,False
2015-11-17 02:30:00+00:00,0.5131048870418442,4.137883129955777,True
2015-11-17 03:00:00+00:00,0.0405808517977086,4.342383236611036,False
2015-11-17 03:30:00+00:00,0.48384974706841855,4.175834861797961,True
2015-11-17 04:00:00+00:00,0.9271186423391286,3.839835149832589,False
2015-11-17 04:30:00+00:00,0.5285366365043562,3.234731647251824,True
2015-11-17 05:00:00+00:00,0.1299546306695839,2.7990794818233558,False
2015-11-17 05:30:00+00:00,0.8782925205599074,2.8418029945212027,True
2015-11-17 06:00:00+00:00,2.4274747842394846,2.9659130537975327,False
2015-11-17 06:30:00+00:00,4.80720469909996,6.313603608706346,True
2015-11-17 07:00:00+00:00,7.715985974769558,9.653798343965848,False
2015-11-17 07:30:00+00:00,10.839305600870926,9.729449199360147,True
2015-11-17 08:00:00+00:00,13.067007932404842,9.804919096197905,False
2015-11-17 08:30:00+00:00,13.802574720313617,12.377863365500673,True
2015-11-17 09:00:00+00:00,14.103863068191464,15.824063716696948,False
2015-11-17 09:30:00+00:00,14.08535341242511,17.679275176577182,True
2015-11-17 10:00:00+00:00,14.031654812488698,18.587520786191277,False
2015-11-17 10:30:00+00:00,12.967047337046978,17.4593207383427,True
2015-11-17 11:00:00+00:00,11.255236995613169,15.107169232147603,False
2015-11-17 11:30:00+00:00,9.571905298941882,10.51938000029614,True
2015-11-17 12:00:00+00:00,8.57096541243274,6.855366273578461,False
2015-11-17 12:30:00+00:00,8.802256496300279,6.498253924689616,True
2015-11-17 13:00:00+00:00,9.033547580167822,6.207909261325041,False
2015-11-17 13:30:00+00:00,7.984411576893903,5.254616217586959,True
2015-11-17 14:00:00+00:00,6.385149823235446,4.534731441537337,False
2015-11-17 14:30:00+00:00,5.422333023917264,4.575258557825236,True
2015-11-17 15:00:00+00:00,4.50296098280916,4.615785674113134,False
2015-11-17 15:30:00+00:00,3.298690241170211,3.6274009801981246,True
2015-11-17 16:00:00+00:00,2.3076575055833897,2.399091554550123,False
2015-11-17 16:30:00+00:00,1.7604203467781847,2.0274526789965037,True
2015-11-17 17:00:00+00:00,1.5066261740953133,1.7866709329323125,False
2015-11-17 17:30:00+00:00,1.510868244404469,1.5627287645154517,True
2015-11-17 18:00:00+00:00,1.515110314713625,1.4478541983421551,False
2015-11-17 18:30:00+00:00,1.060698540850009,1.4677278687804234,True
2015-11-17 19:00:00+00:00,0.6062867669863928,1.4876015392186916,False
2015-11-17 19:30:00+00:00,0.6246114684350749,1.448669343784252,True
2015-11-17 20:00:00+00:00,0.6712488876265016,1.3583924224838675,False
2015-11-17 20:30:00+00:00,0.8912462768133056,1.0825582766853814,True
2015-11-17 21:00:00+00:00,1.1124924158493328,0.8580688567528401,False
2015-11-17 21:30:00+00:00,1.1614084632016768,0.873875131578867,True
2015-11-17 22:00:00+00:00,1.180763042962053,0.889681406404894,False
2015-11-17 22:30:00+00:00,1.1807299201089614,0.7664804277443524,True
2015-11-17 23:00:00+00:00,1.1806967972558695,0.6432794490838107,False
2015-11-17 23:30:00+00:00,1.2942031401890945,1.068762520260092,True
2015-11-18 00:00:00+00:00,1.4077094831223196,1.906311819022783,False
2015-11-18 00:30:00+00:00,0.9899534986176617,3.2981573845627006,True
2015-11-18 01:00:00+00:00,0.5721975141130037,4.277936722516208,False
2015-11-18 01:30:00+00:00,0.7728682898824619,4.277351167535739,True
2015-11-18 02:00:00+00:00,0.97353906565192,4.275599768711761,False
2015-11-18 02:30:00+00:00,0.6388898874513739,3.8662476798665506,True
2015-11-18 03:00:00+00:00,0.3042407092508278,3.240862794759668,False
2015-11-18 03:30:00+00:00,0.6713418936682869,2.757902981886439,True
2015-11-18 04:00:00+00:00,1.4814589806977865,2.492141809118391,False
2015-11-18 04:30:00+00:00,2.9639258287757837,3.6160469812109355,True
2015-11-18 05:00:00+00:00,5.0635376525635145,5.627595127586407,False
2015-11-18 05:30:00+00:00,8.047768122579441,7.80331559289179,True
2015-11-18 06:00:00+00:00,10.25944899929472,9.719978419402056,False
2015-11-18 06:30:00+00:00,10.598307522908746,10.64037777527918,True
2015-11-18 07:00:00+00:00,10.906280158678742,11.534595147277985,False
2015-11-18 07:30:00+00:00,11.934911292868277,13.42928058125353,True
2015-11-18 08:00:00+00:00,13.396271639242723,15.119748406685426,False
2015-11-18 08:30:00+00:00,15.286101554691767,15.631429237829073,True
2015-11-18 09:00:00+00:00,16.486476860778797,16.143533722755688,False
2015-11-18 09:30:00+00:00,15.658824903724682,18.144033244968856,True
2015-11-18 10:00:00+00:00,14.831172946670566,19.74592337033322,False
2015-11-18 10:30:00+00:00,15.609985430707864,17.93054162920746,True
2015-11-18 11:00:00+00:00,16.916116542828316,16.1151598880817,False
2015-11-18 11:30:00+00:00,18.246865861155207,17.88852139823498,True
2015-11-18 12:00:00+00:00,19.050296551398944,19.661882908388268,False
2015-11-18 12:30:00+00:00,15.806401411663801,17.19769806405309,True
2015-11-18 13:00:00+00:00,12.56250627192866,14.733513219717908,False
2015-11-18 13:30:00+00:00,13.50225830926711,16.08975059234763,True
2015-11-18 14:00:00+00:00,14.442010346605558,17.44598796497736,False
2015-11-18 14:30:00+00:00,14.034401841644515,17.38949023577536,True
2015-11-18 15:00:00+00:00,13.123016151355932,17.22928874948926,False
2015-11-18 15:30:00+00:00,11.368546287325456,15.447397900178462,True
2015-11-18 16:00:00+00:00,8.855872833950816,12.39217183632694,False
2015-11-18 16:30:00+00:00,5.358408097502161,9.176735787334387,True
2015-11-18 17:00:00+00:00,2.677454807789525,5.996805646889528,False
2015-11-18 17:30:00+00:00,1.934189370446987,3.0149125772585474,True
2015-11-18 18:00:00+00:00,1.636393261040131,1.3745525707046955,False
2015-11-18 18:30:00+00:00,2.1410995163533597,2.8587453993105507,True
2015-11-18 19:00:00+00:00,2.6458057716665877,4.342938227916406,False
2015-11-18 19:30:00+00:00,2.231044676034819,4.034703323925734,True
2015-11-18 20:00:00+00:00,1.782135919742368,3.4452118556428357,False
2015-11-18 20:30:00+00:00,1.7456814083826777,2.5513572619063845,True
2015-11-18 21:00:00+00:00,1.7079763788176272,1.9387592324621588,False
2015-11-18 21:30:00+00:00,0.9097332202988595,2.0022074263652963,True
2015-11-18 22:00:00+00:00,0.1468882406461337,2.10983739956742,False
2015-11-18 22:30:00+00:00,0.8232134476382442,2.22330921887765,True
2015-11-18 23:00:00+00:00,1.4995386546303549,2.292599258888894,False
2015-11-18 23:30:00+00:00,0.8236303569315819,1.9051513693984847,True
2015-11-19 00:00:00+00:00,0.1477220592328087,1.5177034799080755,False
2015-11-19 00:30:00+00:00,1.090654594059684,1.688229157232204,True
2015-11-19 01:00:00+00:00,2.0335871288865595,1.8587548345563327,False
2015-11-19 01:30:00+00:00,1.0670449365289252,1.4590876687204428,True
2015-11-19 02:00:00+00:00,0.0863316150383674,0.906945388068653,False
2015-11-19 02:30:00+00:00,0.06486561443017073,0.6449065873567749,True
2015-11-19 03:00:00+00:00,0.0575707429548973,0.4582318168484049,False
2015-11-19 03:30:00+00:00,0.07150158183501294,0.30218289469261306,True
2015-11-19 04:00:00+00:00,0.1123111434813938,0.2232450571492131,False
2015-11-19 04:30:00+00:00,1.061630317889219,1.2274768509557976,True
2015-11-19 05:00:00+00:00,3.1060434280683253,3.15676090081334,False
2015-11-19 05:30:00+00:00,8.046980344451928,5.867989372290284,True
2015-11-19 06:00:00+00:00,12.065617055852517,8.166225672480083,False
2015-11-19 06:30:00+00:00,12.280827763146354,8.99553641660413,True
2015-11-19 07:00:00+00:00,12.483591880460017,9.45351558674455,False
2015-11-19 07:30:00+00:00,14.254034658261345,9.622586160926105,True
2015-11-19 08:00:00+00:00,16.079645564992493,9.813731272453063,False
2015-11-19 08:30:00+00:00,16.37943326229094,11.078588515272415,True
2015-11-19 09:00:00+00:00,16.63997174349052,13.202630854073371,False
2015-11-19 09:30:00+00:00,17.28214216039266,16.28880167484322,True
2015-11-19 10:00:00+00:00,18.117897343808664,18.352984351505874,False
2015-11-19 10:30:00+00:00,19.172895325920457,17.645528028318612,True
2015-11-19 11:00:00+00:00,19.83116376511308,16.702952415521274,False
2015-11-19 11:30:00+00:00,19.38779629360131,16.38453568974804,True
2015-11-19 12:00:00+00:00,18.542783844102598,16.045287521244195,False
2015-11-19 12:30:00+00:00,17.41627829633588,14.762497042724466,True
2015-11-19 13:00:00+00:00,16.40927722755557,13.735657296545426,False
2015-11-19 13:30:00+00:00,16.022117748630713,15.64555112824542,True
2015-11-19 14:00:00+00:00,15.642085289953537,17.80709523802435,False
2015-11-19 14:30:00+00:00,14.591860821967957,18.220066969111894,True
2015-11-19 15:00:00+00:00,13.698971593284009,18.381388422120505,False
2015-11-19 15:30:00+00:00,13.570973885861786,15.971713620160092,True
2015-11-19 16:00:00+00:00,13.431179196919151,11.750216565468918,False
2015-11-19 16:30:00+00:00,10.188601369534256,7.349478128200353,True
2015-11-19 17:00:00+00:00,5.588460711698869,3.760593643629664,False
2015-11-19 17:30:00+00:00,2.576117324458878,2.0355278867888473,True
2015-11-19 18:00:00+00:00,0.7976299633444834,1.0928847781377442,False
2015-11-19 18:30:00+00:00,0.3879343504539046,0.7241711213279886,True
2015-11-19 19:00:00+00:00,0.231420762859852,0.5730031163614078,False
2015-11-19 19:30:00+00:00,1.3202748452287032,0.9691897125501323,True
2015-11-19 20:00:00+00:00,2.4091289275975543,1.545470854924174,False
2015-11-19 20:30:00+00:00,1.6605865353898235,1.9215580497837037,True
2015-11-19 21:00:00+00:00,0.7069683154907709,2.117550698457916,False
2015-11-19 21:30:00+00:00,0.3506206816886306,1.2383465791417223,True
2015-11-19 22:00:00+00:00,0.1666129339360941,0.3591424598255286,False
2015-11-19 22:30:00+00:00,0.11299573819847714,1.817343290982644,True
2015-11-19 23:00:00+00:00,0.0921144841025783,3.27554412213976,False
2015-11-19 23:30:00+00:00,0.10822272188462147,2.4396295104710335,True
2015-11-20 00:00:00+00:00,0.1517199178114411,1.268767030667511,False
2015-11-20 00:30:00+00:00,0.5035862950365406,0.6089958557435318,True
2015-11-20 01:00:00+00:00,0.8280637141168637,0.2631943132464007,False
2015-11-20 01:30:00+00:00,0.5191514401935869,0.23990666723496565,True
2015-11-20 02:00:00+00:00,0.2102391662703101,0.2194110300670358,False
2015-11-20 02:30:00+00:00,0.6396643536767275,0.10287343608230762,True
2015-11-20 03:00:00+00:00,1.069089541083145,0.0045220689620218,False
2015-11-20 03:30:00+00:00,0.5919424403277813,0.2383434030533449,True
2015-11-20 04:00:00+00:00,0.1147953395724179,0.7142516361525887,False
2015-11-20 04:30:00+00:00,0.18795898802285765,1.5399560175362503,True
2015-11-20 05:00:00+00:00,0.3907789721966082,2.2377438587993224,False
2015-11-20 05:30:00+00:00,2.0912221514776537,2.3664723083507098,True
2015-11-20 06:00:00+00:00,4.683636011994438,2.5063420161072827,False
2015-11-20 06:30:00+00:00,7.143992937840282,4.3428490857024755,True
2015-11-20 07:00:00+00:00,8.582722846727076,6.251389403531078,False
2015-11-20 07:30:00+00:00,8.496776571474193,6.485137084244118,True
2015-11-20 08:00:00+00:00,8.41083029622131,6.692575657671148,False
2015-11-20 08:30:00+00:00,10.325580938157524,7.336035519944662,True
2015-11-20 09:00:00+00:00,12.763205297824834,8.21522762427928,False
2015-11-20 09:30:00+00:00,13.712878872960182,9.292045765780744,True
2015-11-20 10:00:00+00:00,14.139678730364436,9.962095907181189,False
2015-11-20 10:30:00+00:00,12.568995100763438,9.24711769734945,True
2015-11-20 11:00:00+00:00,10.629917140564103,8.502846387246958,False
2015-11-20 11:30:00+00:00,10.075087672357519,8.472311296840761,True
2015-11-20 12:00:00+00:00,9.697361140397652,8.441809674261549,False
2015-11-20 12:30:00+00:00,9.277354303688892,7.717766309836044,True
2015-11-20 13:00:00+00:00,9.048638861331746,7.022982577854308,False
2015-11-20 13:30:00+00:00,10.40701453867699,7.889213569017578,True
2015-11-20 14:00:00+00:00,11.765390216022231,8.755444560180848,False
2015-11-20 14:30:00+00:00,11.532723367018018,7.254839913282762,True
2015-11-20 15:00:00+00:00,10.930795424220111,5.073644795816152,False
2015-11-20 15:30:00+00:00,8.005803105116076,3.653552305986292,True
2015-11-20 16:00:00+00:00,4.515160327943681,2.9140502867249563,False
2015-11-20 16:30:00+00:00,2.898818885138004,4.108378205875115,True
2015-11-20 17:00:00+00:00,1.8762252492966092,5.302706125025273,False
2015-11-20 17:30:00+00:00,1.2982390628016298,3.4117461213247466,True
2015-11-20 18:00:00+00:00,0.9559497897684376,1.5207861176242192,False
2015-11-20 18:30:00+00:00,0.8152169711689552,1.7784355022108902,True
2015-11-20 19:00:00+00:00,0.6822917670147868,2.036084886797561,False
2015-11-20 19:30:00+00:00,0.29231627501205876,1.9095283816133675,True
2015-11-20 20:00:00+00:00,0.0,1.7328811816625118,False
2015-11-20 20:30:00+00:00,0.1669466660471092,1.666767290265379,True
2015-11-20 21:00:00+00:00,0.4935443297603357,1.5832652716968811,False
2015-11-20 21:30:00+00:00,1.0255839526598194,0.8911671262820657,True
2015-11-20 22:00:00+00:00,1.3979725778931855,0.2057619181664756,False
2015-11-20 22:30:00+00:00,1.3110553349422505,0.12043206062715675,True
2015-11-20 23:00:00+00:00,1.224138091991315,0.0724222347201402,False
2015-11-20 23:30:00+00:00,2.219075448039396,0.024478190856820473,True
2015-11-21 00:00:00+00:00,3.214012804087478,0.0,False
2015-11-21 00:30:00+00:00,1.6113931588725214,0.9694680796573896,True
2015-11-21 01:00:00+00:00,0.0087735136575647,1.938936159314779,False
2015-11-21 01:30:00+00:00,0.32602616482026325,1.102291610659306,True
2015-11-21 02:00:00+00:00,0.6432788159829619,0.1981078405555132,False
2015-11-21 02:30:00+00:00,0.3776830265734451,0.09111749284638161,True
2015-11-21 03:00:00+00:00,0.1120872371639283,0.0516663665855698,False
2015-11-21 03:30:00+00:00,0.38887894996821337,0.09826867347127599,True
2015-11-21 04:00:00+00:00,0.7516788154683317,0.2256967183014344,False
2015-11-21 04:30:00+00:00,0.8823381327950272,1.4024107990147494,True
2015-11-21 05:00:00+00:00,0.9869782135185814,2.4982991417836127,False
2015-11-21 05:30:00+00:00,1.083838053657095,1.4832292970740646,True
2015-11-21 06:00:00+00:00,1.2317781473460103,0.4681594523645165,False
2015-11-21 06:30:00+00:00,2.2289560257877064,1.4241234482863978,True
2015-11-21 07:00:00+00:00,3.6314085289957503,3.092663672631037,False
2015-11-21 07:30:00+00:00,4.471671336409022,4.752467042119561,True
2015-11-21 08:00:00+00:00,5.4442631165315385,6.211280538499858,False
2015-11-21 08:30:00+00:00,8.049741594796062,7.228459712554483,True
2015-11-21 09:00:00+00:00,10.006547305941902,7.734052531294578,False
2015-11-21 09:30:00+00:00,5.142627721382177,5.077221524682913,True
2015-11-21 10:00:00+00:00,0.2787081368224543,2.115098864014314,False
2015-11-21 10:30:00+00:00,2.467459724230645,1.619942492410469,True
2015-11-21 11:00:00+00:00,4.977088671333573,1.4300777748635578,False
2015-11-21 11:30:00+00:00,5.360152939957034,2.9157057443036334,True
2015-11-21 12:00:00+00:00,5.720368436075621,5.539209669291518,False
2015-11-21 12:30:00+00:00,7.374033732126831,8.658454961071158,True
2015-11-21 13:00:00+00:00,8.729670440988182,10.639824297302988,False
2015-11-21 13:30:00+00:00,6.905120420803745,8.872200698177686,True
2015-11-21 14:00:00+00:00,5.080570400619307,7.104577099052384,False
2015-11-21 14:30:00+00:00,6.3760495482707125,7.164570549173183,True
2015-11-21 15:00:00+00:00,7.671528695922118,7.224563999293981,False
2015-11-21 15:30:00+00:00,6.95643431877293,6.895194753852088,True
2015-11-21 16:00:00+00:00,5.9861557896788655,6.259569125580853,False
2015-11-21 16:30:00+00:00,5.650468422664805,5.267998832513187,True
2015-11-21 17:00:00+00:00,5.2541068173955,4.582684922274863,False
2015-11-21 17:30:00+00:00,2.7915951588481525,4.739667100760809,True
2015-11-21 18:00:00+00:00,0.6449418905009263,4.896649279246755,False
2015-11-21 18:30:00+00:00,0.8058784668203133,4.0580945727816555,True
2015-11-21 19:00:00+00:00,1.0909288684107852,3.219539866316556,False
2015-11-21 19:30:00+00:00,1.4328873694379922,4.520782197807025,True
2015-11-21 20:00:00+00:00,1.6507320451941143,5.822024529297494,False
2015-11-21 20:30:00+00:00,0.9295080512260012,4.664508069047559,True
2015-11-21 21:00:00+00:00,0.208284057257888,3.506991608797625,False
2015-11-21 21:30:00+00:00,0.8001849646530756,3.7260551251157956,True
2015-11-21 22:00:00+00:00,1.6944274366858554,3.9451186414339663,False
2015-11-21 22:30:00+00:00,2.3553465763856782,3.3033799574018157,True
2015-11-21 23:00:00+00:00,2.7139241514479084,2.6616412733696646,False
2015-11-21 23:30:00+00:00,2.3044119161271706,2.663209593424103,True
2015-11-22 00:00:00+00:00,1.654744319681524,2.667870288843448,False
2015-11-22 00:30:00+00:00,1.095244823699504,3.1045811758164956,True
2015-11-22 01:00:00+00:00,0.7759006888423936,3.538199687424636,False
2015-11-22 01:30:00+00:00,1.447191696866931,3.0563372933239776,True
2015-11-22 02:00:00+00:00,2.118482704891468,2.57447489922332,False
2015-11-22 02:30:00+00:00,1.10513895001671,3.120922045958441,True
2015-11-22 03:00:00+00:00,0.0917951951419518,3.667369192693561,False
2015-11-22 03:30:00+00:00,0.4711358360840623,3.589482687835068,True
2015-11-22 04:00:00+00:00,0.8504764770261728,3.3798481910076243,False
2015-11-22 04:30:00+00:00,0.45194101175671975,1.7372713172856977,True
2015-11-22 05:00:00+00:00,0.0534055464872667,0.2264424355327211,False
2015-11-22 05:30:00+00:00,2.016042297654014,1.3308712293265548,True
2015-11-22 06:00:00+00:00,5.158503708729878,3.4624670259540062,False
2015-11-22 06:30:00+00:00,7.3356251572388995,6.692510545874549,True
2015-11-22 07:00:00+00:00,9.546216646590931,9.088199722014611,False
2015-11-22 07:30:00+00:00,12.40726003379962,9.321679159395023,True
2015-11-22 08:00:00+00:00,14.975338022410062,9.502203635298194,False
2015-11-22 08:30:00+00:00,16.655911269516917,10.003305862903488,True
2015-11-22 09:00:00+00:00,17.760140209454576,10.364550392932886,False
2015-11-22 09:30:00+00:00,18.388979071515354,9.93106034126481,True
2015-11-22 10:00:00+00:00,18.67383293859145,9.497570289596736,False
2015-11-22 10:30:00+00:00,18.45053849343092,10.675822137235732,True
2015-11-22 11:00:00+00:00,18.22724404827039,12.502890233038627,False
2015-11-22 11:30:00+00:00,18.345212329152247,13.969135180674762,True
2015-11-22 12:00:00+00:00,18.4631806100341,14.786563880146998,False
2015-11-22 12:30:00+00:00,18.0864954670471,14.697172946992024,True
2015-11-22 13:00:00+00:00,17.200422977207193,14.497581699109467,False
2015-11-22 13:30:00+00:00,14.549067031332624,14.175816475017614,True
2015-11-22 14:00:00+00:00,11.927654622001036,13.568879254611664,False
2015-11-22 14:30:00+00:00,11.2839924289534,10.753714873427176,True
2015-11-22 15:00:00+00:00,10.755625858742206,8.245756211279215,False
2015-11-22 15:30:00+00:00,9.965482761700109,8.153696874997197,True
2015-11-22 16:00:00+00:00,8.831979259803685,8.063381709742234,False
2015-11-22 16:30:00+00:00,6.248398143395758,6.713454579858191,True
2015-11-22 17:00:00+00:00,3.480356018469968,4.755551915009107,False
2015-11-22 17:30:00+00:00,1.7092141381852377,3.3117026205350624,True
2015-11-22 18:00:00+00:00,0.804398622350686,2.3616908491867505,False
2015-11-22 18:30:00+00:00,0.7654326949814331,2.020479169950691,True
2015-11-22 19:00:00+00:00,0.752110004007674,1.8798279235320363,False
2015-11-22 19:30:00+00:00,1.3221414169063228,1.9522944930227977,True
2015-11-22 20:00:00+00:00,1.8921728298049716,2.14732094069957,False
2015-11-22 20:30:00+00:00,1.7069795002219916,3.673917531634329,True
2015-11-22 21:00:00+00:00,1.3560682267847215,5.077954244383076,False
2015-11-22 21:30:00+00:00,0.9082220980268644,4.80654518186092,True
2015-11-22 22:00:00+00:00,0.4879125600229749,4.456582282145673,False
2015-11-22 22:30:00+00:00,0.22063456790354632,4.312168799666811,True
2015-11-22 23:00:00+00:00,0.0824906211708835,4.246309154381039,False
2015-11-22 23:30:00+00:00,0.06849700014993217,4.348510204612953,True
2015-11-23 00:00:00+00:00,0.0635506868425374,4.450711254844867,False
2015-11-23 00:30:00+00:00,0.9592186340792731,3.691701695438102,True
2015-11-23 01:00:00+00:00,1.8548865813160085,2.423439338411177,False
2015-11-23 01:30:00+00:00,1.3134814470114402,1.1453906927527728,True
2015-11-23 02:00:00+00:00,0.7720763127068719,0.3765948447145281,False
2015-11-23 02:30:00+00:00,0.7970789316164213,1.4563709776660203,True
2015-11-23 03:00:00+00:00,0.8220815505259707,2.536147110617512,False
2015-11-23 03:30:00+00:00,0.781517321567486,2.209867796086479,True
2015-11-23 04:00:00+00:00,0.7409530926090011,1.6562925228468597,False
2015-11-23 04:30:00+00:00,1.11874643152378,1.0723766220565096,True
2015-11-23 05:00:00+00:00,1.984021103927453,0.7157566799747459,False
2015-11-23 05:30:00+00:00,4.047853501260725,3.13360090178354,True
2015-11-23 06:00:00+00:00,6.50442671736378,6.680154568322185,False
2015-11-23 06:30:00+00:00,7.8749756606611365,9.06056280238072,True
2015-11-23 07:00:00+00:00,9.387772324624937,10.312261591709404,False
2015-11-23 07:30:00+00:00,12.886283069515313,10.136986496452312,True
2015-11-23 08:00:00+00:00,16.42048560192536,9.96171140119522,False
2015-11-23 08:30:00+00:00,18.41697408059515,11.851442501496436,True
2015-11-23 09:00:00+00:00,19.447807529160407,13.826837046003485,False
2015-11-23 09:30:00+00:00,19.592588971742938,13.9198333276446,True
2015-11-23 10:00:00+00:00,19.64486378398522,14.006110469846195,False
2015-11-23 10:30:00+00:00,19.23751294230592,14.579681335402148,True
2015-11-23 11:00:00+00:00,18.76052925668248,15.329724096144716,False
2015-11-23 11:30:00+00:00,18.680235836728105,15.87337728891761,True
2015-11-23 12:00:00+00:00,18.595232508579368,16.16161428173757,False
2015-11-23 12:30:00+00:00,17.99334478213452,14.659728309289726,True
2015-11-23 13:00:00+00:00,17.115678623009206,12.917877126398846,False
2015-11-23 13:30:00+00:00,16.48627871799564,12.516259752942739,True
2015-11-23 14:00:00+00:00,15.786240654163915,12.354607589929673,False
2015-11-23 14:30:00+00:00,14.772934798956953,13.963104594365568,True
2015-11-23 15:00:00+00:00,13.493347266649067,15.571601598801465,False
2015-11-23 15:30:00+00:00,11.985896120818438,14.58555479978039,True
2015-11-23 16:00:00+00:00,10.064326020463284,12.61461185093375,False
2015-11-23 16:30:00+00:00,6.839699190939367,9.777793707114068,True
2015-11-23 17:00:00+00:00,3.908139564996535,6.714418686922178,False
2015-11-23 17:30:00+00:00,2.435151998288976,4.053122232584989,True
2015-11-23 18:00:00+00:00,1.716611469694492,2.6032788044455746,False
2015-11-23 18:30:00+00:00,1.6570445310775943,4.269608863107271,True
2015-11-23 19:00:00+00:00,1.6037968969923877,5.935938921768967,False
2015-11-23 19:30:00+00:00,1.286157536583647,4.671507456849355,True
2015-11-23 20:00:00+00:00,1.015844605211629,2.9619654307578656,False
2015-11-23 20:30:00+00:00,1.3198730529115417,2.104139362049999,True
2015-11-23 21:00:00+00:00,1.623901500611454,1.69142385451401,False
2015-11-23 21:30:00+00:00,1.4468418852414884,2.005535522757043,True
2015-11-23 22:00:00+00:00,1.243078338342853,2.319647191000076,False
2015-11-23 22:30:00+00:00,1.1986665055709278,2.200420842428831,True
2015-11-23 23:00:00+00:00,1.180958604327672,2.0491954945188136,False
2015-11-23 23:30:00+00:00,1.443871242115307,2.010453662103018,True
2015-11-24 00:00:00+00:00,1.7067838799029418,1.965358936986173,False
2015-11-24 00:30:00+00:00,1.6320025450792008,1.5274725081053497,True
2015-11-24 01:00:00+00:00,1.4662970936829884,1.06380482912898,False
2015-11-24 01:30:00+00:00,1.0479396033346562,0.9727226224202258,True
2015-11-24 02:00:00+00:00,0.7205062295587957,0.9142628449457372,False
2015-11-24 02:30:00+00:00,0.8258769811764985,0.8487238052269235,True
2015-11-24 03:00:00+00:00,0.973787002769909,0.8053367210641315,False
2015-11-24 03:30:00+00:00,1.0282619209439372,0.7893567229597508,True
2015-11-24 04:00:00+00:00,1.1018992041655742,0.7827354822004506,False
2015-11-24 04:30:00+00:00,2.2405231321731662,1.8992191632376492,True
2015-11-24 05:00:00+00:00,4.459235171347899,4.21303125169019,False
2015-11-24 05:30:00+00:00,8.123700164276096,8.223154599137109,True
2015-11-24 06:00:00+00:00,11.59934910184444,12.14473477089371,False
2015-11-24 06:30:00+00:00,13.02504818069735,13.789784280514436,True
2015-11-24 07:00:00+00:00,14.199320142815756,15.222911508713704,False
2015-11-24 07:30:00+00:00,15.963445638444117,17.706659721455903,True
2015-11-24 08:00:00+00:00,17.24725141056976,19.521562092534445,False
2015-11-24 08:30:00+00:00,17.616659708577135,19.890648381314374,True
2015-11-24 09:00:00+00:00,17.764841155991125,20.031717561454396,False
2015-11-24 09:30:00+00:00,17.602450711342705,19.49127592519727,True
2015-11-24 10:00:00+00:00,17.440060266694285,18.950834288940143,False
2015-11-24 10:30:00+00:00,19.822591170026804,21.788363372548474,True
2015-11-24 11:00:00+00:00,22.20512207335932,24.625892456156805,False
2015-11-24 11:30:00+00:00,21.20952852529718,23.50246054686371,True
2015-11-24 12:00:00+00:00,19.833525486710915,21.581168080099506,False
2015-11-24 12:30:00+00:00,19.273019905072317,19.505729850541606,True
2015-11-24 13:00:00+00:00,18.7133486899649,18.228152178454817,False
2015-11-24 13:30:00+00:00,17.345832653486028,18.4870239187469,True
2015-11-24 14:00:00+00:00,16.357891741000106,18.745895659038982,False
2015-11-24 14:30:00+00:00,16.46208523129478,18.51037276886925,True
2015-11-24 15:00:00+00:00,16.56627872158945,17.929635976629417,False
2015-11-24 15:30:00+00:00,14.505553545010038,16.251403389485738,True
2015-11-24 16:00:00+00:00,11.137991326535678,13.450895073407867,False
2015-11-24 16:30:00+00:00,8.448090056679266,8.923504968444167,True
2015-11-24 17:00:00+00:00,6.097237050615425,4.9359719661486245,False
2015-11-24 17:30:00+00:00,4.317815814473624,3.4118715431261966,True
2015-11-24 18:00:00+00:00,2.955138637708235,2.563862290073461,False
2015-11-24 18:30:00+00:00,1.8308765144609527,2.11884330517073,True
2015-11-24 19:00:00+00:00,1.2576591099396364,1.925365678634437,False
2015-11-24 19:30:00+00:00,1.4526553833369256,2.6953150126874963,True
2015-11-24 20:00:00+00:00,1.647651656734215,3.4652643467405557,False
2015-11-24 20:30:00+00:00,1.372795086747069,2.3338327239255037,True
2015-11-24 21:00:00+00:00,1.0979385167599232,1.2024011011104518,False
2015-11-24 21:30:00+00:00,1.4670787329243646,2.384153618784184,True
2015-11-24 22:00:00+00:00,1.8362189490888063,3.7366432970121455,False
2015-11-24 22:30:00+00:00,1.729543055191567,3.9620387413964178,True
2015-11-24 23:00:00+00:00,1.4897019836498449,4.1312945700984685,False
2015-11-24 23:30:00+00:00,0.8681787695043147,4.461934997483306,True
2015-11-25 00:00:00+00:00,0.3387868078320823,4.677977879996138,False
2015-11-25 00:30:00+00:00,0.2740852680133638,3.9450693170838784,True
2015-11-25 01:00:00+00:00,0.2504176533658304,3.2121607541716197,False
2015-11-25 01:30:00+00:00,0.45404555516272027,3.381123582240222,True
2015-11-25 02:00:00+00:00,0.6576734569596101,3.550086410308824,False
2015-11-25 02:30:00+00:00,0.3661039099663478,2.8444646911980516,True
2015-11-25 03:00:00+00:00,0.0745343629730854,2.138842972087279,False
2015-11-25 03:30:00+00:00,0.48748178132139763,2.349526784139329,True
2015-11-25 04:00:00+00:00,1.259167110355789,2.805531661543382,False
2015-11-25 04:30:00+00:00,2.067364931906578,3.6132282548245693,True
2015-11-25 05:00:00+00:00,3.0785672008375364,4.663594445784606,False
2015-11-25 05:30:00+00:00,4.384444633379913,5.570876696122276,True
2015-11-25 06:00:00+00:00,6.015803924624144,6.719452851211592,False
2015-11-25 06:30:00+00:00,8.194137014165273,9.08091049842016,True
2015-11-25 07:00:00+00:00,10.498111793690976,11.739820315607092,False
2015-11-25 07:30:00+00:00,12.462038563036899,13.54489701837856,True
2015-11-25 08:00:00+00:00,14.194294383982768,15.214562407562248,False
2015-11-25 08:30:00+00:00,15.93808762600391,17.490579115452395,True
2015-11-25 09:00:00+00:00,16.900685909672433,18.875270399169462,False
2015-11-25 09:30:00+00:00,14.735053336044626,17.609249457709463,True
2015-11-25 10:00:00+00:00,12.569420762416822,16.343228516249464,False
2015-11-25 10:30:00+00:00,14.915602782646747,17.41943525490555,True
2015-11-25 11:00:00+00:00,18.383059168306534,19.51898641232038,False
2015-11-25 11:30:00+00:00,20.76910100551196,22.909042449201873,True
2015-11-25 12:00:00+00:00,22.03386847728752,25.27575406732462,False
2015-11-25 12:30:00+00:00,20.682761708431805,24.742626027663388,True
2015-11-25 13:00:00+00:00,18.8124599737538,23.719919578426072,False
2015-11-25 13:30:00+00:00,18.04366076710361,22.520276289079362,True
2015-11-25 14:00:00+00:00,17.28014220107956,21.07822556251751,False
2015-11-25 14:30:00+00:00,15.935703287573322,19.569262492927077,True
2015-11-25 15:00:00+00:00,14.158251086488391,17.794458931723046,False
2015-11-25 15:30:00+00:00,11.797328369765586,15.362827760479462,True
2015-11-25 16:00:00+00:00,9.343725832197672,12.706976068510222,False
2015-11-25 16:30:00+00:00,7.406230020199249,10.260469936108906,True
2015-11-25 17:00:00+00:00,5.684019593807535,8.003058398467363,False
2015-11-25 17:30:00+00:00,4.106761408223222,6.056755016415583,True
2015-11-25 18:00:00+00:00,2.683837274219053,4.319284172621793,False
2015-11-25 18:30:00+00:00,1.1380984975486426,2.5461505909451705,True
2015-11-25 19:00:00+00:00,0.2623477173113273,1.3364110275311052,False
2015-11-25 19:30:00+00:00,0.5433841589331749,0.8900878069225084,True
2015-11-25 20:00:00+00:00,0.8445441973775527,0.7044902941640623,False
2015-11-25 20:30:00+00:00,0.8659052847041221,0.795530556803878,True
2015-11-25 21:00:00+00:00,0.8877802990936983,0.9847658016670272,False
2015-11-25 21:30:00+00:00,1.3531023943852998,1.3619490090315989,True
2015-11-25 22:00:00+00:00,1.7977869657913643,1.640937234172837,False
2015-11-25 22:30:00+00:00,1.271972693283148,1.4679480927762303,True
2015-11-25 23:00:00+00:00,0.7461584207749314,1.2949589513796231,False
2015-11-25 23:30:00+00:00,1.07832661564378,1.3018253531872173,True
2015-11-26 00:00:00+00:00,1.410494810512629,1.3086917549948116,False
2015-11-26 00:30:00+00:00,0.9869222511180943,1.1784543584988507,True
2015-11-26 01:00:00+00:00,0.5633496917235595,1.0005483257970331,False
2015-11-26 01:30:00+00:00,0.6784861726827104,0.9076897968935649,True
2015-11-26 02:00:00+00:00,0.8856186409362009,0.8624999041959533,False
2015-11-26 02:30:00+00:00,1.0787403819406147,1.0148068115674245,True
2015-11-26 03:00:00+00:00,1.3144311780596258,1.3012790251222073,False
2015-11-26 03:30:00+00:00,1.7430757425591394,1.7137383295168573,True
2015-11-26 04:00:00+00:00,2.037155264649716,1.992032327728196,False
2015-11-26 04:30:00+00:00,1.5094765535805958,1.7774283089243732,True
2015-11-26 05:00:00+00:00,0.981797842511476,1.5628242901205502,False
2015-11-26 05:30:00+00:00,1.5693107656096097,1.7258466366611245,True
2015-11-26 06:00:00+00:00,2.3131028398301456,2.0428143508047274,False
2015-11-26 06:30:00+00:00,2.5954690557053928,2.5491451749274825,True
2015-11-26 07:00:00+00:00,2.7215561204582386,2.901530631447209,False
2015-11-26 07:30:00+00:00,2.3507859431847016,2.728867525628634,True
2015-11-26 08:00:00+00:00,1.980015765911165,2.556204419810059,False
2015-11-26 08:30:00+00:00,2.6509725107832747,2.884241648709103,True
2015-11-26 09:00:00+00:00,3.916243069448545,3.6012205437544718,False
2015-11-26 09:30:00+00:00,5.501414518140667,4.980349843477748,True
2015-11-26 10:00:00+00:00,6.994699816160889,6.644278716309799,False
2015-11-26 10:30:00+00:00,7.9918148676966325,8.19031610537337,True
2015-11-26 11:00:00+00:00,8.486502256111114,9.06261225518184,False
2015-11-26 11:30:00+00:00,7.260417397045761,8.478222640783809,True
2015-11-26 12:00:00+00:00,6.034332537980409,7.893833026385778,False
2015-11-26 12:30:00+00:00,6.764443465619479,7.90158148349684,True
2015-11-26 13:00:00+00:00,7.494554393258549,7.917197249830802,False
2015-11-26 13:30:00+00:00,7.113214534287436,7.945223052150233,True
2015-11-26 14:00:00+00:00,6.712139506148263,7.965381545246764,False
2015-11-26 14:30:00+00:00,6.691665586396523,7.856359756598929,True
2015-11-26 15:00:00+00:00,6.670572231222544,7.602448656119227,False
2015-11-26 15:30:00+00:00,5.823932632089088,6.991768990161716,True
2015-11-26 16:00:00+00:00,4.698496199008948,6.164799157120223,False
2015-11-26 16:30:00+00:00,4.268399497876775,5.455942767989089,True
2015-11-26 17:00:00+00:00,3.8396216756076895,4.712942975533635,False
2015-11-26 17:30:00+00:00,2.8893150720102128,3.853363702257129,True
2015-11-26 18:00:00+00:00,1.8959160647601128,2.9768784627727087,False
2015-11-26 18:30:00+00:00,1.2003081386566414,2.012855915326619,True
2015-11-26 19:00:00+00:00,0.8456251758796859,1.4067807792705789,False
2015-11-26 19:30:00+00:00,1.016696455569986,1.3213265959957048,True
2015-11-26 20:00:00+00:00,1.323067030042023,1.2901538497788612,False
2015-11-26 20:30:00+00:00,1.6126546526234637,1.519113423418802,True
2015-11-26 21:00:00+00:00,1.9476708458126224,1.9329790353049137,False
2015-11-26 21:30:00+00:00,2.46700736381761,2.4608040362393395,True
2015-11-26 22:00:00+00:00,2.8056160164331425,2.803722998927594,False
2015-11-26 22:30:00+00:00,2.0243970982083703,2.4458776272019254,True
2015-11-26 23:00:00+00:00,1.2431781799835986,2.075859990061789,False
2015-11-26 23:30:00+00:00,1.7037683090107898,2.0571803832584505,True
2015-11-27 00:00:00+00:00,2.164358438037981,2.050673041869581,False
2015-11-27 00:30:00+00:00,2.063031824192139,2.1713471670916284,True
2015-11-27 01:00:00+00:00,1.9444362786193532,2.2920212923136765,False
2015-11-27 01:30:00+00:00,1.9248761767545677,2.254242282781854,True
2015-11-27 02:00:00+00:00,1.903463867914568,2.16884613198449,False
2015-11-27 02:30:00+00:00,1.6069432633470184,1.9351211423980224,True
2015-11-27 03:00:00+00:00,1.3295437974816278,1.7490132940770964,False
2015-11-27 03:30:00+00:00,1.8545170655026066,2.023640782183462,True
2015-11-27 04:00:00+00:00,3.0125432676519908,2.6838733860002706,False
2015-11-27 04:30:00+00:00,5.30831246935461,4.47190542774045,True
2015-11-27 05:00:00+00:00,8.123812655512877,7.089460201811453,False
2015-11-27 05:30:00+00:00,10.800281564337222,10.18824601713784,True
2015-11-27 06:00:00+00:00,12.323966554577511,12.509666640508163,False
2015-11-27 06:30:00+00:00,11.87197372175781,13.115509239477893,True
2015-11-27 07:00:00+00:00,11.419980888938108,13.553860457884989,False
2015-11-27 07:30:00+00:00,12.004261257877166,14.01613261116495,True
2015-11-27 08:00:00+00:00,13.287707036650149,14.674539045554202,False
2015-11-27 08:30:00+00:00,16.419272090994493,17.68997287339725,True
2015-11-27 09:00:00+00:00,18.85167173550491,20.239001144608444,False
2015-11-27 09:30:00+00:00,15.710546248960867,18.80508234483666,True
2015-11-27 10:00:00+00:00,12.569420762416822,17.12656197105746,False
2015-11-27 10:30:00+00:00,13.338199839717367,16.714044248390366,True
2015-11-27 11:00:00+00:00,14.968482940444629,16.54612809973068,False
2015-11-27 11:30:00+00:00,18.456389140730995,19.768827238788305,True
2015-11-27 12:00:00+00:00,21.08279131759064,22.99152637784593,False
2015-11-27 12:30:00+00:00,17.584510288211835,21.455376266796954,True
2015-11-27 13:00:00+00:00,14.08622925883303,19.24924175293105,False
2015-11-27 13:30:00+00:00,14.521268265902728,17.959678526081515,True
2015-11-27 14:00:00+00:00,14.956307272972426,17.16186230892027,False
2015-11-27 14:30:00+00:00,14.670455503245648,16.952398964232703,True
2015-11-27 15:00:00+00:00,14.0142933671426,16.73197257593676,False
2015-11-27 15:30:00+00:00,12.582848439784177,15.531863114580124,True
2015-11-27 16:00:00+00:00,10.550049676364369,13.57263574058748,False
2015-11-27 16:30:00+00:00,8.306562372028788,11.274131146611714,True
2015-11-27 17:00:00+00:00,6.123660364547548,8.827158954829835,False
2015-11-27 17:30:00+00:00,4.373375429374917,6.615562772430712,True
2015-11-27 18:00:00+00:00,3.0265548047008606,4.748031814296247,False
2015-11-27 18:30:00+00:00,2.0175941236076396,3.1786572722807716,True
2015-11-27 19:00:00+00:00,1.5162480375991645,2.3620034531797733,False
2015-11-27 19:30:00+00:00,2.0466974496529926,2.4099066339432578,True
2015-11-27 20:00:00+00:00,2.577146861706821,2.457809814706742,False
2015-11-27 20:30:00+00:00,2.2307231202230144,2.436809862042408,True
2015-11-27 21:00:00+00:00,1.8236685948476796,2.384577218835957,False
2015-11-27 21:30:00+00:00,1.7405312338063683,2.1881433436135813,True
2015-11-27 22:00:00+00:00,1.6791485970948148,1.959722500179284,False
2015-11-27 22:30:00+00:00,1.5807638365728782,1.8529860037895798,True
2015-11-27 23:00:00+00:00,1.5108530587058002,1.77971054214939,False
2015-11-27 23:30:00+00:00,1.493782695556161,1.720373608941991,True
2015-11-28 00:00:00+00:00,1.4871144093134332,1.6907952997391154,False
2015-11-28 00:30:00+00:00,1.7071497131181386,1.8399326802269942,True
2015-11-28 01:00:00+00:00,1.927185016922844,1.9890700607148728,False
2015-11-28 01:30:00+00:00,1.6148707970257083,1.864681951821456,True
2015-11-28 02:00:00+00:00,1.3025565771285728,1.7402938429280388,False
2015-11-28 02:30:00+00:00,1.6896273530272492,1.8500642830131484,True
2015-11-28 03:00:00+00:00,2.127708373681441,2.050459287383344,False
2015-11-28 03:30:00+00:00,2.1832049647383696,2.2200665994772635,True
2015-11-28 04:00:00+00:00,2.2441220725290267,2.486534551667152,False
2015-11-28 04:30:00+00:00,3.5759397612762727,3.465995322341868,True
2015-11-28 05:00:00+00:00,5.942876816570991,5.162513714100167,False
2015-11-28 05:30:00+00:00,9.04145952569944,7.9596709172728435,True
2015-11-28 06:00:00+00:00,11.270444869164312,10.746908383920516,False
2015-11-28 06:30:00+00:00,11.521667517916487,12.204405335068488,True
2015-11-28 07:00:00+00:00,11.754699642814806,13.37970571450269,False
2015-11-28 07:30:00+00:00,12.847230531997933,14.5102196604914,True
2015-11-28 08:00:00+00:00,14.326639047447214,15.670129993590228,False
2015-11-28 08:30:00+00:00,15.714311026447744,17.35183041882291,True
2015-11-28 09:00:00+00:00,16.511343140662834,18.59042836341694,False
2015-11-28 09:30:00+00:00,16.262172524499746,18.888233191621982,True
2015-11-28 10:00:00+00:00,16.013001908336655,19.05048044659216,False
2015-11-28 10:30:00+00:00,16.230903058829853,19.16913380404106,True
2015-11-28 11:00:00+00:00,16.44880420932305,19.22462431102749,False
2015-11-28 11:30:00+00:00,16.08863318239459,19.00290334356031,True
2015-11-28 12:00:00+00:00,15.728462155466133,18.781182376093124,False
2015-11-28 12:30:00+00:00,15.945248294925742,18.82110631171272,True
2015-11-28 13:00:00+00:00,16.16203443438535,18.86103024733232,False
2015-11-28 13:30:00+00:00,15.908252547376991,18.731361738924832,True
2015-11-28 14:00:00+00:00,15.65447066036863,18.60169323051735,False
2015-11-28 14:30:00+00:00,16.051637434845837,18.840269102081763,True
2015-11-28 15:00:00+00:00,16.44880420932305,19.078844973646184,False
2015-11-28 15:30:00+00:00,15.095600985714027,18.098724008410223,True
2015-11-28 16:00:00+00:00,12.417365714823037,16.038269735813248,False
2015-11-28 16:30:00+00:00,8.245603102940834,12.467778996879137,True
2015-11-28 17:00:00+00:00,4.683350661256319,8.571961038088478,False
2015-11-28 17:30:00+00:00,3.447613811725256,5.76152479954727,True
2015-11-28 18:00:00+00:00,2.927398839278473,4.062778103718315,False
2015-11-28 18:30:00+00:00,2.9818270087988985,3.679442639290129,True
2015-11-28 19:00:00+00:00,3.0362551783193235,3.386681450520276,False
2015-11-28 19:30:00+00:00,2.275712112548859,2.8080964419887877,True
2015-11-28 20:00:00+00:00,1.5151690467783947,2.365410140017619,False
2015-11-28 20:30:00+00:00,1.8699448212983985,2.2839100829802677,True
2015-11-28 21:00:00+00:00,2.224720595818402,2.209851764893271,False
2015-11-28 21:30:00+00:00,1.7507684670534236,2.0045420883322764,True
2015-11-28 22:00:00+00:00,1.0379790168012493,1.6827234749130604,False
2015-11-28 22:30:00+00:00,0.518826331493221,1.0595348925235077,True
2015-11-28 23:00:00+00:00,0.2385109676723886,0.6129115103284749,False
2015-11-28 23:30:00+00:00,0.6269012970206026,0.6855600117676726,True
2015-11-29 00:00:00+00:00,1.0152916263688168,0.8138641385309743,False
2015-11-29 00:30:00+00:00,0.9553188041853676,0.939258425004406,True
2015-11-29 01:00:00+00:00,0.8953459820019186,1.0633949799408715,False
2015-11-29 01:30:00+00:00,1.0092541004202429,1.1491814320903952,True
2015-11-29 02:00:00+00:00,1.2442578687898298,1.256295779531072,False
2015-11-29 02:30:00+00:00,1.7007153578650451,1.614337774234227,True
2015-11-29 03:00:00+00:00,2.0360771969889977,1.961137258215778,False
2015-11-29 03:30:00+00:00,1.9061476597600189,2.035465712925632,True
2015-11-29 04:00:00+00:00,1.7762181225310405,2.118985733755495,False
2015-11-29 04:30:00+00:00,2.940001355916317,2.883149356411682,True
2015-11-29 05:00:00+00:00,5.069847986476993,4.334377348900111,False
2015-11-29 05:30:00+00:00,7.482858241037632,6.599905439797672,True
2015-11-29 06:00:00+00:00,9.743881158283363,9.191858974598455,False
2015-11-29 06:30:00+00:00,11.039568429210972,11.216115752410083,True
2015-11-29 07:00:00+00:00,12.242349380183384,13.128185908497342,False
2015-11-29 07:30:00+00:00,14.044090332209576,15.147406804347169,True
2015-11-29 08:00:00+00:00,15.65447066036863,16.992350834077044,False
2015-11-29 08:30:00+00:00,16.687821814332878,18.760074823404132,True
2015-11-29 09:00:00+00:00,17.191363852258966,19.72709764236339,False
2015-11-29 09:30:00+00:00,16.355217222344542,19.314844966818807,True
2015-11-29 10:00:00+00:00,15.51907059243012,18.90259229127422,False
2015-11-29 10:30:00+00:00,18.239555983142417,21.001638609418613,True
2015-11-29 11:00:00+00:00,20.960041373854715,23.100684927563,False
2015-11-29 11:30:00+00:00,17.946002487726325,21.504005869679627,True
2015-11-29 12:00:00+00:00,14.931963601597936,19.907326811796256,False
2015-11-29 12:30:00+00:00,18.629436441066307,22.0340142607655,True
2015-11-29 13:00:00+00:00,22.326909280534675,24.16070170973474,False
2015-11-29 13:30:00+00:00,19.369112102616995,23.20971623886667,True
2015-11-29 14:00:00+00:00,16.41131492469931,21.70712234930768,False
2015-11-29 14:30:00+00:00,16.611920879120067,20.697102564210148,True
2015-11-29 15:00:00+00:00,16.812526833540822,19.702601329151207,False
2015-11-29 15:30:00+00:00,15.874816039660153,18.71029238060022,True
2015-11-29 16:00:00+00:00,13.906549555782323,17.39742954244332,False
2015-11-29 16:30:00+00:00,10.487846090326807,14.411519921747695,True
2015-11-29 17:00:00+00:00,6.817208095742937,10.724804090992324,False
2015-11-29 17:30:00+00:00,4.1663949966328575,7.335887001116892,True
2015-11-29 18:00:00+00:00,2.798072116648292,4.882711858365145,False
2015-11-29 18:30:00+00:00,2.897224193568872,3.7985403072217663,True
2015-11-29 19:00:00+00:00,2.996376270489453,3.3030939634192373,False
2015-11-29 19:30:00+00:00,2.9142654359070623,3.2656405581493573,True
2015-11-29 20:00:00+00:00,2.777595889819961,3.2342535248109416,False
2015-11-29 20:30:00+00:00,2.65862781087853,3.121953061984194,True
2015-11-29 21:00:00+00:00,2.559903864608717,2.98731927112552,False
2015-11-29 21:30:00+00:00,2.4926334230472262,2.8881783748137115,True
2015-11-29 22:00:00+00:00,2.4596775603188297,2.82345658862698,False
2015-11-29 22:30:00+00:00,2.464527286515993,2.8051690421740534,True
2015-11-29 23:00:00+00:00,2.469377012713157,2.7872394943839214,False
2015-11-29 23:30:00+00:00,2.386034308523218,2.7288161833215105,True
2015-11-30 00:00:00+00:00,2.2581340685263416,2.6430771802145347,False
2015-11-30 00:30:00+00:00,2.1587847281870407,2.52274840308149,True
2015-11-30 01:00:00+00:00,2.103992923654677,2.444207979159055,False
2015-11-30 01:30:00+00:00,2.153039038808394,2.4455277766700103,True
2015-11-30 02:00:00+00:00,2.2020851539621105,2.446847574180966,False
2015-11-30 02:30:00+00:00,2.1099174962591905,2.4032441005899483,True
2015-11-30 03:00:00+00:00,2.017749838556271,2.359640626998931,False
2015-11-30 03:30:00+00:00,2.086574439108642,2.3860020371441433,True
2015-11-30 04:00:00+00:00,2.275379401433116,2.461254503145328,False
2015-11-30 04:30:00+00:00,3.51501363790942,3.3199232909992786,True
2015-11-30 05:00:00+00:00,5.774249652638535,5.054320846028431,False
2015-11-30 05:30:00+00:00,8.977335418250416,7.948192362207183,True
2015-11-30 06:00:00+00:00,12.312300859784004,11.500985245981928,False
2015-11-30 06:30:00+00:00,14.736632990597663,14.883963203881327,True
2015-11-30 07:00:00+00:00,16.47381125163394,17.726509450755664,False
2015-11-30 07:30:00+00:00,17.260852109799135,19.298090535016076,True
2015-11-30 08:00:00+00:00,18.09872892943428,20.864187359599217,False
2015-11-30 08:30:00+00:00,21.326536801150393,24.44742914259522,True
2015-11-30 09:00:00+00:00,23.91920076522732,26.993045705666383,False
2015-11-30 09:30:00+00:00,21.18852147722544,25.660241785250054,True
2015-11-30 10:00:00+00:00,17.4836159832798,23.2645323515212,False
2015-11-30 10:30:00+00:00,15.769716437197712,20.601412781936006,True
2015-11-30 11:00:00+00:00,14.689084942929744,18.31906327403839,False
2015-11-30 11:30:00+00:00,14.067592185659851,17.0359980327188,True
2015-11-30 12:00:00+00:00,13.787057582519594,16.435068243024173,False
2015-11-30 12:30:00+00:00,14.56100517454634,16.897035173138548,True
2015-11-30 13:00:00+00:00,15.334952766573087,17.35900210325292,False
2015-11-30 13:30:00+00:00,14.370594708053787,16.872732173722053,True
2015-11-30 14:00:00+00:00,13.406236649534485,16.386462244191186,False
2015-11-30 14:30:00+00:00,15.387651906988626,17.56617008126534,True
2015-11-30 15:00:00+00:00,17.36906716444277,18.962237444627394,False
2015-11-30 15:30:00+00:00,17.01549210747809,19.330463358567208,True
2015-11-30 16:00:00+00:00,16.112312577365177,19.482329746219115,False
2015-11-30 16:30:00+00:00,12.050285088333146,16.579996093238474,True
2015-11-30 17:00:00+00:00,7.343832036962282,12.011906430483627,False
2015-11-30 17:30:00+00:00,5.307295285031217,8.569088266640708,True
2015-11-30 18:00:00+00:00,4.061970228327539,5.99877802871887,False
2015-11-30 18:30:00+00:00,3.326686285784749,4.527673006690272,True
2015-11-30 19:00:00+00:00,2.9942206835016294,3.8436847973620334,False
2015-11-30 19:30:00+00:00,3.310115666175009,3.837446022375361,True
2015-11-30 20:00:00+00:00,3.626010648848389,3.831352081549753,False
2015-11-30 20:30:00+00:00,3.2480571390867086,3.6946179899033904,True
2015-11-30 21:00:00+00:00,2.659050647154647,3.4210105357670555,False
2015-11-30 21:30:00+00:00,2.1789655073194076,2.9176680950114227,True
2015-11-30 22:00:00+00:00,1.9099333496545483,2.480224222510349,False
2015-11-30 22:30:00+00:00,2.008041123480561,2.3790951394924122,True
2015-11-30 23:00:00+00:00,2.1061488973065736,2.2961921999030843,False
2015-11-30 23:30:00+00:00,1.9198881953773708,2.169571137108343,True
2015-12-01 00:00:00+00:00,1.5227219306456603,1.9714074323195756,False
2015-12-01 00:30:00+00:00,0.6559081839215762,1.2556025581479409,True
2015-12-01 01:00:00+00:00,0.0,0.6538711389810452,False
2015-12-01 01:30:00+00:00,0.4428093204681004,0.6361370760258258,True
2015-12-01 02:00:00+00:00,0.8856186409362009,0.6206453056056912,False
2015-12-01 02:30:00+00:00,0.4999676403422626,0.5559040087238043,True
2015-12-01 03:00:00+00:00,0.09326786036917,0.4456509753800636,False
2015-12-01 03:30:00+00:00,0.060513620428702196,0.2302202612309784,True
2015-12-01 04:00:00+00:00,0.0488081598673887,0.0742632657964615,False
2015-12-01 04:30:00+00:00,0.5812003781984749,0.4377760678117031,True
2015-12-01 05:00:00+00:00,1.1135925965295608,0.8012888698269447,False
2015-12-01 05:30:00+00:00,0.6061408651491631,0.6743245498050578,True
2015-12-01 06:00:00+00:00,0.0986891337687652,0.547360229783171,False
2015-12-01 06:30:00+00:00,2.7016827573135025,1.9916262247672711,True
2015-12-01 07:00:00+00:00,6.391950933869484,4.566259239238623,False
2015-12-01 07:30:00+00:00,8.322812714756626,7.274631230892648,True
2015-12-01 08:00:00+00:00,9.71459270032492,9.7339550712125,False
2015-12-01 08:30:00+00:00,10.576230723876181,11.197140374523944,True
2015-12-01 09:00:00+00:00,11.350925581502626,12.409027104426375,False
2015-12-01 09:30:00+00:00,12.313037470621845,13.550840933173696,True
2015-12-01 10:00:00+00:00,13.465585833412003,14.79109384690038,False
2015-12-01 10:30:00+00:00,15.490078930861044,16.779286862074592,True
2015-12-01 11:00:00+00:00,16.86288596287156,18.542361521947647,False
2015-12-01 11:30:00+00:00,16.859703215269338,19.48199268527277,True
2015-12-01 12:00:00+00:00,16.85029181381047,19.91828282417561,False
2015-12-01 12:30:00+00:00,16.273925349379414,19.478951385031422,True
2015-12-01 13:00:00+00:00,15.703787538805004,18.92251780016569,False
2015-12-01 13:30:00+00:00,15.796449514247376,18.77938912090792,True
2015-12-01 14:00:00+00:00,15.889111489689748,18.61628819572428,False
2015-12-01 14:30:00+00:00,14.421880904328876,17.51665438643595,True
2015-12-01 15:00:00+00:00,12.651442397406187,15.999382815314538,False
2015-12-01 15:30:00+00:00,12.293826917952085,15.109114840466596,True
2015-12-01 16:00:00+00:00,11.905267990598595,14.073482391635196,False
2015-12-01 16:30:00+00:00,9.182007187669596,11.837383782106386,True
2015-12-01 17:00:00+00:00,5.501521758804608,8.944485209804478,False
2015-12-01 17:30:00+00:00,2.6915687445247514,5.712240203251507,True
2015-12-01 18:00:00+00:00,1.1729917256420814,3.1815757865670373,False
2015-12-01 18:30:00+00:00,1.286886618434909,2.1290163687167647,True
2015-12-01 19:00:00+00:00,1.4007815112277369,1.4851956154457595,False
2015-12-01 19:30:00+00:00,0.8348148618765644,1.0648526821760897,True
2015-12-01 20:00:00+00:00,0.268848212525392,0.7899958018778134,False
2015-12-01 20:30:00+00:00,0.41231161471507466,0.6313746145575372,True
2015-12-01 21:00:00+00:00,0.5557750169047574,0.5049792555568816,False
2015-12-01 21:30:00+00:00,0.27788750845237864,0.3402709089824635,True
2015-12-01 22:00:00+00:00,0.0,0.2386020787484344,False
2015-12-01 22:30:00+00:00,0.10758648725969237,0.22962854428155702,True
2015-12-01 23:00:00+00:00,0.323011815912147,0.2264609479725544,False
2015-12-01 23:30:00+00:00,0.6761576943022782,0.4668858050850536,True
2015-12-02 00:00:00+00:00,0.9720731903221914,0.8198679627188757,False
2015-12-02 00:30:00+00:00,1.0573360368976923,1.0575032991479445,True
2015-12-02 01:00:00+00:00,1.0919904244506489,1.1825813350556902,False
2015-12-02 01:30:00+00:00,0.8200952717692487,1.0178604208965103,True
2015-12-02 02:00:00+00:00,0.5482001190878485,0.8531395067373303,False
2015-12-02 02:30:00+00:00,0.7655392301625523,0.8886318651725069,True
2015-12-02 03:00:00+00:00,0.9828783412372564,0.9241242236076834,False
2015-12-02 03:30:00+00:00,0.7428121727967827,0.8492771620305561,True
2015-12-02 04:00:00+00:00,0.5027460043563088,0.7744301004534289,False
2015-12-02 04:30:00+00:00,0.8352759964058797,0.9417315600001233,True
2015-12-02 05:00:00+00:00,1.6651260631882194,1.3826032668326114,False
2015-12-02 05:30:00+00:00,4.759770219734275,3.543251240319443,True
2015-12-02 06:00:00+00:00,8.557641266156994,6.834702235838674,False
2015-12-02 06:30:00+00:00,10.461543100022096,9.70220622126523,True
2015-12-02 07:00:00+00:00,12.242349380183384,12.627938102369397,False
2015-12-02 07:30:00+00:00,15.376237997175362,16.313595187165383,True
2015-12-02 08:00:00+00:00,17.432675203261724,18.536651106965564,False
2015-12-02 08:30:00+00:00,15.556194590571293,18.10384762063025,True
2015-12-02 09:00:00+00:00,13.67971397788086,17.460724761276282,False
2015-12-02 09:30:00+00:00,14.105125500105494,17.010238603520108,True
2015-12-02 10:00:00+00:00,14.689084942929744,16.77007181878259,False
2015-12-02 10:30:00+00:00,14.889248471588159,16.987377275646445,True
2015-12-02 11:00:00+00:00,15.15142617724192,17.57382821303298,False
2015-12-02 11:30:00+00:00,20.067983533349636,22.290610179643128,True
2015-12-02 12:00:00+00:00,24.76397879186239,26.6382466657306,False
2015-12-02 12:30:00+00:00,22.39473058196968,26.233451043321175,True
2015-12-02 13:00:00+00:00,19.456649804086958,25.366377629489783,False
2015-12-02 13:30:00+00:00,18.63807535349979,23.75500274008802,True
2015-12-02 14:00:00+00:00,18.008580278777785,21.98063599868965,False
2015-12-02 14:30:00+00:00,17.323419882848487,21.0276057256168,True
2015-12-02 15:00:00+00:00,16.41131492469931,19.997684389271093,False
2015-12-02 15:30:00+00:00,14.151839138902949,17.865983502464804,True
2015-12-02 16:00:00+00:00,11.36243017872516,15.18510905897017,False
2015-12-02 16:30:00+00:00,9.188497830624154,12.529704173535256,True
2015-12-02 17:00:00+00:00,7.227344982836728,9.970924316391644,False
2015-12-02 17:30:00+00:00,5.21516046679495,7.637237539385196,True
2015-12-02 18:00:00+00:00,3.887103782588897,5.8254153761938285,False
2015-12-02 18:30:00+00:00,3.550407873708377,4.705611896937325,True
2015-12-02 19:00:00+00:00,3.327304907191408,4.003451982176575,False
2015-12-02 19:30:00+00:00,3.1022820228877004,3.690069901873823,True
2015-12-02 20:00:00+00:00,2.8681232919031623,3.4399289044540584,False
2015-12-02 20:30:00+00:00,2.471243569814463,3.0340879015714064,True
2015-12-02 21:00:00+00:00,2.2096303486198954,2.780206872583416,False
2015-12-02 21:30:00+00:00,2.9609687810954446,3.1678685307742516,True
2015-12-02 22:00:00+00:00,3.712307213570994,3.555530188965088,False
2015-12-02 22:30:00+00:00,2.499875073945883,3.040861298033402,True
2015-12-02 23:00:00+00:00,1.2874429343207725,2.4958560901505744,False
2015-12-02 23:30:00+00:00,1.9834847447376975,2.4625729294417935,True
2015-12-03 00:00:00+00:00,2.679526555154622,2.431498608293676,False
2015-12-03 00:30:00+00:00,1.9348980914352019,2.25038121389916,True
2015-12-03 01:00:00+00:00,1.190269627715782,1.9846716865515208,False
2015-12-03 01:30:00+00:00,1.270323567553094,1.7008098283306912,True
2015-12-03 02:00:00+00:00,1.453662404068968,1.529667580453463,False
2015-12-03 02:30:00+00:00,1.9192329567743327,1.8323002688200827,True
2015-12-03 03:00:00+00:00,2.411179741495772,2.314338942943835,False
2015-12-03 03:30:00+00:00,2.5732346633726464,2.6027552941804823,True
2015-12-03 04:00:00+00:00,2.7668189668789407,2.9754714306426937,False
2015-12-03 04:30:00+00:00,4.027080066366297,3.9579219916679564,True
2015-12-03 05:00:00+00:00,6.214128807409384,5.583057720644558,False
2015-12-03 05:30:00+00:00,9.175936305039558,8.314185971711685,True
2015-12-03 06:00:00+00:00,12.114293758825692,11.530414201470032,False
2015-12-03 06:30:00+00:00,14.028438490257106,14.379317083312447,True
2015-12-03 07:00:00+00:00,15.445352009128715,16.7609532203065,False
2015-12-03 07:30:00+00:00,16.58933716570864,18.652415097949742,True
2015-12-03 08:00:00+00:00,17.16602542681261,19.61965280281609,False
2015-12-03 08:30:00+00:00,16.170943969533567,19.1103443526279,True
2015-12-03 09:00:00+00:00,15.175862512254524,18.60103590243971,False
2015-12-03 09:30:00+00:00,16.61796875129445,19.451452582334024,True
2015-12-03 10:00:00+00:00,18.06007499033437,20.30186926222834,False
2015-12-03 10:30:00+00:00,16.29591353149778,19.360431004496867,True
2015-12-03 11:00:00+00:00,14.531752072661194,18.418992746765397,False
2015-12-03 11:30:00+00:00,15.609222046173576,18.647289906193777,True
2015-12-03 12:00:00+00:00,17.039511192393874,19.13523919951501,False
2015-12-03 12:30:00+00:00,17.70688981400032,20.209377526852517,True
2015-12-03 13:00:00+00:00,18.02144926289885,21.023863720297168,False
2015-12-03 13:30:00+00:00,15.814852394343454,19.610514035271535,True
2015-12-03 14:00:00+00:00,13.60825552578806,17.638642394402783,False
2015-12-03 14:30:00+00:00,13.685721366464696,16.802837840988285,True
2015-12-03 15:00:00+00:00,13.76318720714133,15.971470837136913,False
2015-12-03 15:30:00+00:00,12.025977866716673,14.47421053951066,True
2015-12-03 16:00:00+00:00,9.504238710054208,12.666464658820017,False
2015-12-03 16:30:00+00:00,8.26250123921859,10.902364522692418,True
2015-12-03 17:00:00+00:00,7.019918911014025,9.040003025154917,False
2015-12-03 17:30:00+00:00,4.695738536512587,6.897524956687206,True
2015-12-03 18:00:00+00:00,2.748498250670335,4.934084462784879,False
2015-12-03 18:30:00+00:00,2.081114978112374,3.3914140128138253,True
2015-12-03 19:00:00+00:00,1.7384707959529493,2.398407750759901,False
2015-12-03 19:30:00+00:00,1.5963013194632816,1.99418425046626,True
2015-12-03 20:00:00+00:00,1.5378273375226474,1.8240903384443847,False
2015-12-03 20:30:00+00:00,2.0413217676301936,2.134225207303205,True
2015-12-03 21:00:00+00:00,2.5448161977377395,2.444360076162025,False
2015-12-03 21:30:00+00:00,2.0375845798050394,2.28624660607498,True
2015-12-03 22:00:00+00:00,1.212945640366745,1.9427260647258369,False
2015-12-03 22:30:00+00:00,0.44776915943057516,1.1390717103899484,True
2015-12-03 23:00:00+00:00,0.0,0.5208244273161575,False
2015-12-03 23:30:00+00:00,0.6076713671023801,0.6458910423018889,True
2015-12-04 00:00:00+00:00,1.2636917458009091,0.8854868943845325,False
2015-12-04 00:30:00+00:00,1.3402215005502043,1.2507403358716753,True
2015-12-04 01:00:00+00:00,1.3684022437033505,1.5014645402619058,False
2015-12-04 01:30:00+00:00,1.3356004272349185,1.4966073768309562,True
2015-12-04 02:00:00+00:00,1.279885895058409,1.4844235958978154,False
2015-12-04 02:30:00+00:00,1.2402402551223206,1.4483340235925068,True
2015-12-04 03:00:00+00:00,1.1848703712105872,1.3798443004955752,False
2015-12-04 03:30:00+00:00,1.0234438669019246,1.2498208521971028,True
2015-12-04 04:00:00+00:00,0.771028323463864,1.049140064461992,False
2015-12-04 04:30:00+00:00,0.35920276569260823,0.6618958603816751,True
2015-12-04 05:00:00+00:00,0.0770032067344721,0.385035764031811,False
2015-12-04 05:30:00+00:00,0.7437027126043949,0.7392275980926,True
2015-12-04 06:00:00+00:00,2.2279541960416656,1.5945465501297524,False
2015-12-04 06:30:00+00:00,5.558112911396257,4.094174454541656,True
2015-12-04 07:00:00+00:00,9.04592199837471,7.4435163797820545,False
2015-12-04 07:30:00+00:00,10.459099956769942,9.986627577584263,True
2015-12-04 08:00:00+00:00,11.777842705123769,12.464366197203423,False
2015-12-04 08:30:00+00:00,14.453050676863219,15.252519631888223,True
2015-12-04 09:00:00+00:00,16.737075263873077,17.73324340900643,False
2015-12-04 09:30:00+00:00,17.555100769823074,19.644931559243798,True
2015-12-04 10:00:00+00:00,17.957135571787404,20.84430825628299,False
2015-12-04 10:30:00+00:00,18.047302590301378,21.230482560905617,True
2015-12-04 11:00:00+00:00,18.124513926461084,21.485254248127863,False
2015-12-04 11:30:00+00:00,18.279898188047184,21.68465835271619,True
2015-12-04 12:00:00+00:00,18.564799666641346,21.947761969748,False
2015-12-04 12:30:00+00:00,20.055794602346882,23.42488312268018,True
2015-12-04 13:00:00+00:00,21.35663495296408,24.70397993071221,False
2015-12-04 13:30:00+00:00,19.22970631610165,23.415631788506346,True
2015-12-04 14:00:00+00:00,16.199355053386697,21.143730663026407,False
2015-12-04 14:30:00+00:00,14.460200417247796,18.738049717524156,True
2015-12-04 15:00:00+00:00,13.418101969049452,16.747774836665837,False
2015-12-04 15:30:00+00:00,13.183368152808212,15.978118316405022,True
2015-12-04 16:00:00+00:00,12.93344721298417,15.21537744973905,False
2015-12-04 16:30:00+00:00,10.732053850944245,13.378631257245463,True
2015-12-04 17:00:00+00:00,7.764585386082393,11.0194457809989,False
2015-12-04 17:30:00+00:00,6.035823484644202,8.706727621044866,True
2015-12-04 18:00:00+00:00,4.567623392254702,6.536522870109596,False
2015-12-04 18:30:00+00:00,3.0124180853376243,4.717033826340127,True
2015-12-04 19:00:00+00:00,1.9002291049947475,3.291794037206293,False
2015-12-04 19:30:00+00:00,1.3972848671811848,2.234023436977545,True
2015-12-04 20:00:00+00:00,1.1783911580614297,1.6417340560170843,False
2015-12-04 20:30:00+00:00,1.2706983071892262,1.5272311304525268,True
2015-12-04 21:00:00+00:00,1.3630054563170229,1.4610478241535785,False
2015-12-04 21:30:00+00:00,1.2835259599781008,1.4153374496417055,True
2015-12-04 22:00:00+00:00,1.10063145506738,1.3565335280442,False
2015-12-04 22:30:00+00:00,0.5604208297873993,0.9824069215854411,True
2015-12-04 23:00:00+00:00,0.1236252130792174,0.5592778221374094,False
2015-12-04 23:30:00+00:00,0.1968340791846543,0.3866021047264287,True
2015-12-05 00:00:00+00:00,0.365250641823194,0.3091294739903266,False
2015-12-05 00:30:00+00:00,0.784997336524903,0.5852280445123873,True
2015-12-05 01:00:00+00:00,1.2636917458009091,1.0422836850633697,False
2015-12-05 01:30:00+00:00,1.5754626403326888,1.4570668488158696,True
2015-12-05 02:00:00+00:00,1.7330781237570685,1.7570203111627198,False
2015-12-05 02:30:00+00:00,1.7050347157043215,1.8393878861218382,True
2015-12-05 03:00:00+00:00,1.6769913076515746,1.9193039915556356,False
2015-12-05 03:30:00+00:00,1.9351535701738443,2.1215907690585545,True
2015-12-05 04:00:00+00:00,2.5545154172809448,2.510944556450629,False
2015-12-05 04:30:00+00:00,4.197214931078125,3.7554230750542845,True
2015-12-05 05:00:00+00:00,6.641045190275484,5.8019454495461495,False
2015-12-05 05:30:00+00:00,9.88138793868937,8.82681510633047,True
2015-12-05 06:00:00+00:00,12.032929825093092,11.64746967241796,False
2015-12-05 06:30:00+00:00,12.1083185831501,12.843861346126635,True
2015-12-05 07:00:00+00:00,12.184112126028456,14.038931028691502,False
2015-12-05 07:30:00+00:00,15.360430955514392,16.80055712282004,True
2015-12-05 08:00:00+00:00,18.930183804460366,19.853207573381887,False
2015-12-05 08:30:00+00:00,19.706411055416382,22.248996127149212,True
2015-12-05 09:00:00+00:00,20.01527003411616,23.59472708974611,False
2015-12-05 09:30:00+00:00,19.8818874317111,23.72291718618937,True
2015-12-05 10:00:00+00:00,19.74850482930604,23.779891490038317,False
2015-12-05 10:30:00+00:00,19.828451329379952,23.80921645332886,True
2015-12-05 11:00:00+00:00,19.908397829453865,23.821540760916157,False
2015-12-05 11:30:00+00:00,17.50549121505888,21.935208433883755,True
2015-12-05 12:00:00+00:00,15.102584600663892,19.635653884851404,False
2015-12-05 12:30:00+00:00,15.632309517524622,19.076124897887652,True
2015-12-05 13:00:00+00:00,16.16203443438535,18.605898792483437,False
2015-12-05 13:30:00+00:00,14.867295865105552,17.570560601984027,True
2015-12-05 14:00:00+00:00,13.572557295825751,16.85914175192503,False
2015-12-05 14:30:00+00:00,16.88098529077773,19.221225593960718,True
2015-12-05 15:00:00+00:00,20.189413285729707,21.583309435996405,False
2015-12-05 15:30:00+00:00,17.052050757639037,20.17348319625992,True
2015-12-05 16:00:00+00:00,12.288975577992469,17.433161098283524,False
2015-12-05 16:30:00+00:00,9.357012832050165,13.870232461769067,True
2015-12-05 17:00:00+00:00,6.763569140479417,10.01721156594202,False
2015-12-05 17:30:00+00:00,3.7487384380399176,6.722939366400567,True
2015-12-05 18:00:00+00:00,1.9433580864642677,4.259677521907975,False
2015-12-05 18:30:00+00:00,1.8478349342519074,2.829067362406731,True
2015-12-05 19:00:00+00:00,1.7826888549336215,2.083703838659274,False
2015-12-05 19:30:00+00:00,1.6435880210496716,1.9161413011609674,True
2015-12-05 20:00:00+00:00,1.5518533605921394,1.8529098904125167,False
2015-12-05 20:30:00+00:00,1.9459504733699011,2.0797365241924894,True
2015-12-05 21:00:00+00:00,2.340047586147662,2.306563157972463,False
2015-12-05 21:30:00+00:00,1.6060086088551677,2.0272254409323844,True
2015-12-05 22:00:00+00:00,0.7807594345452373,1.5520622893972928,False
2015-12-05 22:30:00+00:00,0.6539809491320108,1.0866392420424305,True
2015-12-05 23:00:00+00:00,0.5741702705054472,0.7376736407296609,False
2015-12-05 23:30:00+00:00,0.5029236527348979,0.6312695315623941,True
2015-12-06 00:00:00+00:00,0.4193919610815245,0.5405070870116402,False
2015-12-06 00:30:00+00:00,0.18143224848396375,0.32841159606864034,True
2015-12-06 01:00:00+00:00,0.0,0.1800424289620484,False
2015-12-06 01:30:00+00:00,0.203199580099565,0.2324717743020736,True
2015-12-06 02:00:00+00:00,0.4063991601991301,0.2849011196420988,False
2015-12-06 02:30:00+00:00,0.3016562111670082,0.28349042552211656,True
2015-12-06 03:00:00+00:00,0.1496423777528792,0.2793956977897347,False
2015-12-06 03:30:00+00:00,0.051185746685436066,0.18283933828111987,True
2015-12-06 04:00:00+00:00,0.0,0.0642338562975676,False
2015-12-06 04:30:00+00:00,0.0,0.019750350105115312,True
2015-12-06 05:00:00+00:00,0.0,0.0,False
2015-12-06 05:30:00+00:00,2.98318069399134,1.843892602836477,True
2015-12-06 06:00:00+00:00,6.957428462920051,4.935859008610223,False
2015-12-06 06:30:00+00:00,8.4731179854583,7.558909410221569,True
2015-12-06 07:00:00+00:00,9.729235653402286,9.985895924231215,False
2015-12-06 07:30:00+00:00,11.190626201344434,11.792077245669278,True
2015-12-06 08:00:00+00:00,12.827551306630893,13.592588455095724,False
2015-12-06 08:30:00+00:00,15.46930930590238,16.571340724675597,True
2015-12-06 09:00:00+00:00,17.20403752748645,18.5777849392637,False
2015-12-06 09:30:00+00:00,16.39819625973902,18.691098656068377,True
2015-12-06 10:00:00+00:00,15.31044856641482,18.73038062454086,False
2015-12-06 10:30:00+00:00,14.768063194072724,18.00851035436747,True
2015-12-06 11:00:00+00:00,14.507584247307404,17.28664008419408,False
2015-12-06 11:30:00+00:00,17.822513171189275,19.8514303224367,True
2015-12-06 12:00:00+00:00,21.13744209507114,22.85438393045567,False
2015-12-06 12:30:00+00:00,20.44641820065804,23.593475102933603,True
2015-12-06 13:00:00+00:00,19.390548469282148,23.894402905635182,False
2015-12-06 13:30:00+00:00,18.776872916616348,23.237355011917018,True
2015-12-06 14:00:00+00:00,18.137411143270537,22.069467185041702,False
2015-12-06 14:30:00+00:00,17.286720165132113,21.062843662730344,True
2015-12-06 15:00:00+00:00,16.062635118516894,19.74828885423287,False
2015-12-06 15:30:00+00:00,13.53353241571742,17.33331566770026,True
2015-12-06 16:00:00+00:00,10.26379055220908,14.188270621926456,False
2015-12-06 16:30:00+00:00,6.689323807027081,10.524615979142151,True
2015-12-06 17:00:00+00:00,4.007991050486173,7.193604189349268,False
2015-12-06 17:30:00+00:00,2.9420789318992884,4.842425791888139,True
2015-12-06 18:00:00+00:00,2.487698111499776,3.4643543262562217,False
2015-12-06 18:30:00+00:00,2.553976145072597,3.1180223110566447,True
2015-12-06 19:00:00+00:00,2.6202541786454177,2.905280663205637,False
2015-12-06 19:30:00+00:00,2.4014106857670567,2.730426435888746,True
2015-12-06 20:00:00+00:00,2.0263745270874063,2.545233635254835,False
2015-12-06 20:30:00+00:00,1.692959983203714,2.2128356031694105,True
2015-12-06 21:00:00+00:00,1.367322891824052,1.8282656781927635,False
2015-12-06 21:30:00+00:00,1.0230778420864803,1.4115685137399947,True
2015-12-06 22:00:00+00:00,0.827248005646168,1.166884741910725,False
2015-12-06 22:30:00+00:00,1.4817900200284382,1.4690205760852448,True
2015-12-06 23:00:00+00:00,2.136332034410708,1.852376958101972,False
2015-12-06 23:30:00+00:00,1.9812258467148756,1.9994319965169793,True
2015-12-07 00:00:00+00:00,1.638158625232687,2.065266487089779,False
2015-12-07 00:30:00+00:00,0.7782381377477401,1.469560673293117,True
2015-12-07 01:00:00+00:00,0.1062786840491497,0.7779781647827596,False
2015-12-07 01:30:00+00:00,0.33187339822312,0.617381657670183,True
2015-12-07 02:00:00+00:00,0.7234492064303666,0.5526618452713016,False
2015-12-07 02:30:00+00:00,1.1656110194483154,0.9367649638248678,True
2015-12-07 03:00:00+00:00,1.4417917384329877,1.3208680823784338,False
2015-12-07 03:30:00+00:00,1.1826946084247034,1.2680549300513158,True
2015-12-07 04:00:00+00:00,0.7461584207749314,1.1420635684047606,False
2015-12-07 04:30:00+00:00,0.29520665165693954,0.7022275546177438,True
2015-12-07 05:00:00+00:00,0.0216939401804357,0.3355697501501637,False
2015-12-07 05:30:00+00:00,1.4187290705041937,1.1555902950335746,True
2015-12-07 06:00:00+00:00,4.205592635468958,2.9653629997384034,False
2015-12-07 06:30:00+00:00,9.041461257278504,6.864292829884262,True
2015-12-07 07:00:00+00:00,12.487501444447044,10.970554011931313,False
2015-12-07 07:30:00+00:00,12.434913552704705,12.904441349580825,True
2015-12-07 08:00:00+00:00,12.382325660962364,14.386287820271344,False
2015-12-07 08:30:00+00:00,13.940778458909984,15.833349454531827,True
2015-12-07 09:00:00+00:00,15.629828361217422,17.029415395747215,False
2015-12-07 09:30:00+00:00,15.837146550771081,18.065443436122916,True
2015-12-07 10:00:00+00:00,15.913867635964918,18.607424524780093,False
2015-12-07 10:30:00+00:00,15.459446466998955,18.322089831809844,True
2015-12-07 11:00:00+00:00,15.005025298032994,17.949806426730927,False
2015-12-07 11:30:00+00:00,15.04571463822055,17.788125324969865,True
2015-12-07 12:00:00+00:00,15.163643047241258,17.713392935317476,False
2015-12-07 12:30:00+00:00,18.161836716832525,20.392321200780195,True
2015-12-07 13:00:00+00:00,21.08279131759064,23.07124946624291,False
2015-12-07 13:30:00+00:00,18.672201629273708,22.08051557158016,True
2015-12-07 14:00:00+00:00,16.261611940956776,21.08978167691741,False
2015-12-07 14:30:00+00:00,17.714022428544396,21.415884814495577,True
2015-12-07 15:00:00+00:00,19.166432916132024,21.74198795207375,False
2015-12-07 15:30:00+00:00,15.288412591652701,19.357441504154373,True
2015-12-07 16:00:00+00:00,10.277398308781695,15.446986740176891,False
2015-12-07 16:30:00+00:00,8.531310710987267,12.22804043557122,True
2015-12-07 17:00:00+00:00,7.236132566111719,9.523429531182668,False
2015-12-07 17:30:00+00:00,5.9112377945997885,7.807621431557514,True
2015-12-07 18:00:00+00:00,4.762333409675994,6.450876685650601,False
2015-12-07 18:30:00+00:00,3.7709238692577642,5.185861687954167,True
2015-12-07 19:00:00+00:00,3.0491891133590148,4.182325780293269,False
2015-12-07 19:30:00+00:00,2.604430549518694,3.3900540543707542,True
2015-12-07 20:00:00+00:00,2.39609132004356,2.988812800535451,False
2015-12-07 20:30:00+00:00,2.622407829900191,3.007709642696616,True
2015-12-07 21:00:00+00:00,2.8487243397568225,3.0266064848577816,False
2015-12-07 21:30:00+00:00,2.193440592428949,2.735175465839987,True
2015-12-07 22:00:00+00:00,1.4914306180006065,2.268292958515992,False
2015-12-07 22:30:00+00:00,1.4405966491764377,1.9392736732165348,True
2015-12-07 23:00:00+00:00,1.3910679912800827,1.6151570154837682,False
2015-12-07 23:30:00+00:00,0.8895568916203279,1.1729019869113086,True
2015-12-08 00:00:00+00:00,0.4334667081332288,0.9011958190783586,False
2015-12-08 00:30:00+00:00,0.7605682679672086,0.924730729032325,True
2015-12-08 01:00:00+00:00,1.0876698278011885,0.9482656389862916,False
2015-12-08 01:30:00+00:00,0.6625486234171192,0.7908793356246058,True
2015-12-08 02:00:00+00:00,0.2374274190330501,0.63349303226292,False
2015-12-08 02:30:00+00:00,0.6247389310179001,0.7148741766228306,True
2015-12-08 03:00:00+00:00,1.0120504430027502,0.8111285581753802,False
2015-12-08 03:30:00+00:00,0.800143395919523,0.8276140689254727,True
2015-12-08 04:00:00+00:00,0.5882363488362959,0.8468582526112064,False
2015-12-08 04:30:00+00:00,2.1028519694333103,1.7679727851508855,True
2015-12-08 05:00:00+00:00,4.6876778697925685,3.551377151666794,False
2015-12-08 05:30:00+00:00,6.979826228131662,5.912870605433004,True
2015-12-08 06:00:00+00:00,9.166715657938605,8.58964735388996,False
2015-12-08 06:30:00+00:00,11.232500118270714,11.134406490753015,True
2015-12-08 07:00:00+00:00,12.557711757087514,13.138049194674153,False
2015-12-08 07:30:00+00:00,12.838616098979234,14.20335226809676,True
2015-12-08 08:00:00+00:00,13.074914274438504,14.974377325879232,False
2015-12-08 08:30:00+00:00,13.57325379775504,15.557416276151885,True
2015-12-08 09:00:00+00:00,14.254414740302336,16.15773220381438,False
2015-12-08 09:30:00+00:00,15.37708823478761,17.385999833141085,True
2015-12-08 10:00:00+00:00,16.13716794675979,18.23717989486474,False
2015-12-08 10:30:00+00:00,15.44950523638304,18.036539673097156,True
2015-12-08 11:00:00+00:00,14.76184252600629,17.83589945132957,False
2015-12-08 11:30:00+00:00,16.643111952216625,19.07591011591632,True
2015-12-08 12:00:00+00:00,19.258598475258037,21.215050738388648,False
2015-12-08 12:30:00+00:00,20.71594622699585,23.586503716471544,True
2015-12-08 13:00:00+00:00,21.439076881902587,25.058826736668863,False
2015-12-08 13:30:00+00:00,19.75908047214541,24.02152101814711,True
2015-12-08 14:00:00+00:00,17.36906716444277,22.196584801935817,False
2015-12-08 14:30:00+00:00,16.330122714622686,20.603337969999494,True
2015-12-08 15:00:00+00:00,15.188084574617704,18.693208845655874,False
2015-12-08 15:30:00+00:00,12.233702773532622,15.890140597157568,True
2015-12-08 16:00:00+00:00,8.794777495379021,12.714111340497777,False
2015-12-08 16:30:00+00:00,6.319550402678321,9.587843189368487,True
2015-12-08 17:00:00+00:00,4.426002762584162,6.8718348872968935,False
2015-12-08 17:30:00+00:00,3.2122060203517746,4.958167954595847,True
2015-12-08 18:00:00+00:00,2.295857959148893,3.5087207612512405,False
2015-12-08 18:30:00+00:00,1.397146609241263,2.2849277634967313,True
2015-12-08 19:00:00+00:00,0.9169611908964656,1.6284980750404676,False
2015-12-08 19:30:00+00:00,1.2867289110081355,1.589573197547094,True
2015-12-08 20:00:00+00:00,1.6564966311198053,1.5544290024721183,False
2015-12-08 20:30:00+00:00,1.1655010735354265,1.3795588390127616,True
2015-12-08 21:00:00+00:00,0.5536107831755894,1.0993805184614918,False
2015-12-08 21:30:00+00:00,0.3724349101011889,0.7382338295742121,True
2015-12-08 22:00:00+00:00,0.243928632384364,0.4087025785168453,False
2015-12-08 22:30:00+00:00,0.08785174748324087,0.20393489498322803,True
2015-12-08 23:00:00+00:00,0.0,0.1047101488391488,False
2015-12-08 23:30:00+00:00,0.9641316162807905,0.7085126915674638,True
2015-12-09 00:00:00+00:00,1.928263232561581,1.351248225918671,False
2015-12-09 00:30:00+00:00,1.5159171543349375,1.4122417306906456,True
2015-12-09 01:00:00+00:00,0.865082120017881,1.4343022438397282,False
2015-12-09 01:30:00+00:00,0.313296581963734,0.9028642706495942,True
2015-12-09 02:00:00+00:00,0.0,0.3714262974594604,False
2015-12-09 02:30:00+00:00,0.4062047716210716,0.46008094294572227,True
2015-12-09 03:00:00+00:00,0.9137190061733148,0.6403294332023307,False
2015-12-09 03:30:00+00:00,1.0372057955764415,0.8702771153836848,True
2015-12-09 04:00:00+00:00,1.1740716185508615,1.2150186675183334,False
2015-12-09 04:30:00+00:00,1.8574063035532864,1.781267732551123,True
2015-12-09 05:00:00+00:00,3.102003991097076,2.680104338785548,False
2015-12-09 05:30:00+00:00,5.181420518933714,4.434018118349213,True
2015-12-09 06:00:00+00:00,7.626734274175725,6.759531925851245,False
2015-12-09 06:30:00+00:00,9.664935093696547,9.205449299213997,True
2015-12-09 07:00:00+00:00,11.4891030425659,11.635566449616311,False
2015-12-09 07:30:00+00:00,13.351905888672865,13.975300083714636,True
2015-12-09 08:00:00+00:00,14.3868928789821,15.609653169665084,False
2015-12-09 08:30:00+00:00,14.248559920171198,16.136324895557962,True
2015-12-09 09:00:00+00:00,14.110226961360295,16.578256229496418,False
2015-12-09 09:30:00+00:00,15.133461601045317,17.406357897167737,True
2015-12-09 10:00:00+00:00,16.186912058929853,18.22085667139585,False
2015-12-09 10:30:00+00:00,16.23314142204034,18.81719018895634,True
2015-12-09 11:00:00+00:00,16.24915496695132,19.122472479159125,False
2015-12-09 11:30:00+00:00,15.31802392296671,18.345114091835853,True
2015-12-09 12:00:00+00:00,14.3868928789821,17.56775570451258,False
2015-12-09 12:30:00+00:00,16.204171070940475,18.63023991660238,True
2015-12-09 13:00:00+00:00,18.02144926289885,19.94452957626437,False
2015-12-09 13:30:00+00:00,17.746181305962217,20.38993712479257,True
2015-12-09 14:00:00+00:00,17.07743440506114,20.58353922574858,False
2015-12-09 14:30:00+00:00,14.845686909396822,18.885168585217507,True
2015-12-09 15:00:00+00:00,12.347304063639998,16.23624336525186,False
2015-12-09 15:30:00+00:00,11.452466814981968,14.583844466910188,True
2015-12-09 16:00:00+00:00,10.515916019631907,12.85764435185469,False
2015-12-09 16:30:00+00:00,7.668707322513985,10.361694434839116,True
2015-12-09 17:00:00+00:00,4.505993791831298,7.652861710372065,False
2015-12-09 17:30:00+00:00,2.5818565067199724,4.991918691323662,True
2015-12-09 18:00:00+00:00,1.4299207539058971,2.9357645486178883,False
2015-12-09 18:30:00+00:00,1.0157478811731468,1.7594737382808492,True
2015-12-09 19:00:00+00:00,0.8467061504568846,1.2074007256879338,False
2015-12-09 19:30:00+00:00,1.0136285295157856,1.1990306029913393,True
2015-12-09 20:00:00+00:00,1.1805509085746868,1.1907785287565689,False
2015-12-09 20:30:00+00:00,0.5902754542873433,0.8860361682964513,True
2015-12-09 21:00:00+00:00,0.0,0.5069112894538311,False
2015-12-09 21:30:00+00:00,0.13070740845140094,0.35693430963763395,True
2015-12-09 22:00:00+00:00,0.4128956481083296,0.2894537292552447,False
2015-12-09 22:30:00+00:00,1.0575754647515285,0.7766687429035917,True
2015-12-09 23:00:00+00:00,1.5507744501892,1.2638837565519383,False
2015-12-09 23:30:00+00:00,1.1228305210219895,1.196252653536892,True
2015-12-10 00:00:00+00:00,0.5384606357916645,1.0433588892228738,False
2015-12-10 00:30:00+00:00,0.23385626211893157,0.6446731196149542,True
2015-12-10 01:00:00+00:00,0.0856778445093132,0.2912505581493765,False
2015-12-10 01:30:00+00:00,0.13080823765090863,0.22649037910721198,True
2015-12-10 02:00:00+00:00,0.2352603060387421,0.2017296532216777,False
2015-12-10 02:30:00+00:00,0.551725835457415,0.434800375560465,True
2015-12-10 03:00:00+00:00,0.80886968962985,0.6678710978992523,False
2015-12-10 03:30:00+00:00,0.5756886474702118,0.6276409443313186,True
2015-12-10 04:00:00+00:00,0.3425076053105737,0.5874107907633849,False
2015-12-10 04:30:00+00:00,0.8155252733181786,0.8311083540235711,True
2015-12-10 05:00:00+00:00,1.751413006486465,1.3742857623478726,False
2015-12-10 05:30:00+00:00,2.8305926209801084,2.3158529037520714,True
2015-12-10 06:00:00+00:00,4.450862549679595,3.8823648578716528,False
2015-12-10 06:30:00+00:00,8.71301977757609,7.23749618261721,True
2015-12-10 07:00:00+00:00,12.288975577992469,10.916422571973524,False
2015-12-10 07:30:00+00:00,12.68728529464691,13.247529685335843,True
2015-12-10 08:00:00+00:00,12.980568132503278,14.78631600330723,False
2015-12-10 08:30:00+00:00,13.639764732212319,15.57174946323106,True
2015-12-10 09:00:00+00:00,14.08622925883303,15.97916472426452,False
2015-12-10 09:30:00+00:00,13.918742382755264,16.06588703800085,True
2015-12-10 10:00:00+00:00,13.7512555066775,16.158320191833266,False
2015-12-10 10:30:00+00:00,14.825385802070091,17.0118297887951,True
2015-12-10 11:00:00+00:00,16.86288596287156,18.660069648662294,False
2015-12-10 11:30:00+00:00,19.87446749244052,21.853754928372947,True
2015-12-10 12:00:00+00:00,21.922679156600605,24.55813454039184,False
2015-12-10 12:30:00+00:00,21.58341873061308,25.200773087424295,True
2015-12-10 13:00:00+00:00,20.742547404097028,25.45439547103811,False
2015-12-10 13:30:00+00:00,17.145593553048332,22.572257018485768,True
2015-12-10 14:00:00+00:00,14.050250602528164,19.08538258881084,False
2015-12-10 14:30:00+00:00,14.766224976216595,18.30516525222488,True
2015-12-10 15:00:00+00:00,15.482199349905027,17.59239269594982,False
2015-12-10 15:30:00+00:00,13.389517923933182,15.985586326757499,True
2015-12-10 16:00:00+00:00,10.011333365538196,13.75799523498349,False
2015-12-10 16:30:00+00:00,7.328699212730245,10.81698319822147,True
2015-12-10 17:00:00+00:00,5.160881247024301,7.90844981221653,False
2015-12-10 17:30:00+00:00,3.921205305363583,5.885015332976018,True
2015-12-10 18:00:00+00:00,2.901532951684513,4.248866541906365,False
2015-12-10 18:30:00+00:00,1.5517480129009655,2.7717925980069036,True
2015-12-10 19:00:00+00:00,0.752646431456901,1.7734088397352723,False
2015-12-10 19:30:00+00:00,0.9055810862020133,1.3150648214661529,True
2015-12-10 20:00:00+00:00,1.131953389868564,1.1163421980346462,False
2015-12-10 20:30:00+00:00,1.2885156606873616,1.2752785209983442,True
2015-12-10 21:00:00+00:00,1.3716402825847205,1.4471531747646111,False
2015-12-10 21:30:00+00:00,1.3313607447540747,1.4676586149888882,True
2015-12-10 22:00:00+00:00,1.2647713768105215,1.4752257244105966,False
2015-12-10 22:30:00+00:00,1.2197814748305875,1.4369958326263936,True
2015-12-10 23:00:00+00:00,1.1611126908011933,1.3567100944487518,False
2015-12-10 23:30:00+00:00,1.0272103985474315,1.2424326070029996,True
2015-12-11 00:00:00+00:00,0.8110319042987542,1.0669598194410557,False
2015-12-11 00:30:00+00:00,0.3443834950707357,0.6559615937634811,True
2015-12-11 01:00:00+00:00,0.0,0.3482145145955374,False
2015-12-11 01:30:00+00:00,0.7106435542714334,0.6720562645044081,True
2015-12-11 02:00:00+00:00,1.4212871085428669,0.9958980144132789,False
2015-12-11 02:30:00+00:00,0.9557176882675706,0.9565438057846778,True
2015-12-11 03:00:00+00:00,0.3565868871179551,0.8602977226959659,False
2015-12-11 03:30:00+00:00,0.11151275312181808,0.5097012874753,True
2015-12-11 04:00:00+00:00,0.0,0.1530770741371021,False
2015-12-11 04:30:00+00:00,0.0,0.04507871077972973,True
2015-12-11 05:00:00+00:00,0.0,0.0,False
2015-12-11 05:30:00+00:00,1.510806581950769,1.0044964366598956,True
2015-12-11 06:00:00+00:00,4.450862549679595,3.13027387083223,False
2015-12-11 06:30:00+00:00,9.160423985483416,7.644806059030706,True
2015-12-11 07:00:00+00:00,12.44073603550918,11.038057249716744,False
2015-12-11 07:30:00+00:00,10.012798442753986,10.860322655635,True
2015-12-11 08:00:00+00:00,7.584860849998791,10.682588061553256,False
2015-12-11 08:30:00+00:00,11.010000399687106,11.979011003034124,True
2015-12-11 09:00:00+00:00,14.43513994937542,14.0066540591588,False
2015-12-11 09:30:00+00:00,14.332138542596603,15.677909945636198,True
2015-12-11 10:00:00+00:00,14.134234231016093,16.61794571746979,False
2015-12-11 10:30:00+00:00,13.829745423107846,16.344108183401588,True
2015-12-11 11:00:00+00:00,13.620159520001293,16.070270649333388,False
2015-12-11 11:30:00+00:00,16.87126232556666,18.80551066944717,True
2015-12-11 12:00:00+00:00,20.122365131132028,21.540750689560955,False
2015-12-11 12:30:00+00:00,18.533946647882782,21.21545916791674,True
2015-12-11 13:00:00+00:00,15.951022392541024,20.44312750563412,False
2015-12-11 13:30:00+00:00,13.552855272423109,17.808903764873943,True
2015-12-11 14:00:00+00:00,12.149193924397707,15.621720164752173,False
2015-12-11 14:30:00+00:00,13.394911960645045,15.859027981082921,True
2015-12-11 15:00:00+00:00,14.640629996892384,16.09633579741367,False
2015-12-11 15:30:00+00:00,13.493471938535416,15.583108482143393,True
2015-12-11 16:00:00+00:00,11.327921913189623,14.436668257192538,False
2015-12-11 16:30:00+00:00,8.780378572054522,12.119364248921208,True
2015-12-11 17:00:00+00:00,6.0397779398215246,9.091747530329773,False
2015-12-11 17:30:00+00:00,3.1981827060080814,6.00250372286848,True
2015-12-11 18:00:00+00:00,1.568036730281359,3.6881428996955714,False
2015-12-11 18:30:00+00:00,1.9071572521230484,2.8183822787441177,True
2015-12-11 19:00:00+00:00,2.2462777739647377,2.247688156016805,False
2015-12-11 19:30:00+00:00,1.5338243478270326,1.8041871908016456,True
2015-12-11 20:00:00+00:00,0.6012197488896183,1.3860190948270654,False
2015-12-11 20:30:00+00:00,0.19053428804495448,0.7524577674257192,True
2015-12-11 21:00:00+00:00,0.0,0.2581159711475902,False
2015-12-11 21:30:00+00:00,0.0,0.07654611701161401,True
2015-12-11 22:00:00+00:00,0.0,0.0,False
2015-12-11 22:30:00+00:00,0.3791328958350636,0.23750827998057863,True
2015-12-11 23:00:00+00:00,0.934252271136614,0.6547127871463425,False
2015-12-11 23:30:00+00:00,1.3046113182839478,1.1143256878301582,True
2015-12-12 00:00:00+00:00,1.498983885964795,1.451470779623231,False
2015-12-12 00:30:00+00:00,1.4212801623777,1.5228382012144284,True
2015-12-12 01:00:00+00:00,1.3435764387906053,1.5851278877181554,False
2015-12-12 01:30:00+00:00,1.636998048943106,1.7814841366370318,True
2015-12-12 02:00:00+00:00,1.9304196590956064,1.929689702348936,False
2015-12-12 02:30:00+00:00,1.3855585211342223,1.7098269593575819,True
2015-12-12 03:00:00+00:00,0.6964120170390795,1.3170704353698162,False
2015-12-12 03:30:00+00:00,0.43594450488792347,0.8336764827347866,True
2015-12-12 04:00:00+00:00,0.3197623588705259,0.5231763110961687,False
2015-12-12 04:30:00+00:00,0.6138940255103839,0.6335481670576921,True
2015-12-12 05:00:00+00:00,1.000165828994492,0.8381513908858131,False
2015-12-12 05:30:00+00:00,1.1241725104710747,1.0500503388727698,True
2015-12-12 06:00:00+00:00,1.2528952691696595,1.3073630371300011,False
2015-12-12 06:30:00+00:00,1.5687044120164457,1.5976337609699829,True
2015-12-12 07:00:00+00:00,2.0824329197967324,1.9973654521411648,False
2015-12-12 07:30:00+00:00,3.248742393548106,3.0181257101896253,True
2015-12-12 08:00:00+00:00,4.120276288299727,3.789779882770014,False
2015-12-12 08:30:00+00:00,3.3605660997721,3.690879824695063,True
2015-12-12 09:00:00+00:00,2.600855911244473,3.5919797666201125,False
2015-12-12 09:30:00+00:00,6.267565089009034,5.593041440889358,True
2015-12-12 10:00:00+00:00,10.698137646181191,8.868695920979507,False
2015-12-12 10:30:00+00:00,11.731006845651489,11.477483858006348,True
2015-12-12 11:00:00+00:00,12.581131855848568,13.800383646099716,False
2015-12-12 11:30:00+00:00,14.389881142232754,15.945217730567377,True
2015-12-12 12:00:00+00:00,15.617511238482567,17.101347158147608,False
2015-12-12 12:30:00+00:00,14.650851159379677,16.864800463780227,True
2015-12-12 13:00:00+00:00,13.216696487141595,16.346904606869174,False
2015-12-12 13:30:00+00:00,12.469038404250092,15.413188962706291,True
2015-12-12 14:00:00+00:00,11.68531657111855,14.132894994105568,False
2015-12-12 14:30:00+00:00,10.248188599446335,12.71197721979229,True
2015-12-12 15:00:00+00:00,8.743515237232808,11.230988692141882,False
2015-12-12 15:30:00+00:00,7.793262722561135,9.90571001759924,True
2015-12-12 16:00:00+00:00,6.876345363056706,8.614180802950706,False
2015-12-12 16:30:00+00:00,5.560217374552171,7.265344175312242,True
2015-12-12 17:00:00+00:00,4.339549527398384,5.996998421950702,False
2015-12-12 17:30:00+00:00,3.6006246343177457,4.900079875707509,True
2015-12-12 18:00:00+00:00,2.9812872221039286,3.953502142039561,False
2015-12-12 18:30:00+00:00,2.3758293083599926,3.2089471553422135,True
2015-12-12 19:00:00+00:00,1.751413006486465,2.507394237734403,False
2015-12-12 19:30:00+00:00,0.8116608407505681,1.514415747947642,True
2015-12-12 20:00:00+00:00,0.2135880196759906,0.9018522826437132,False
2015-12-12 20:30:00+00:00,0.9490649016463812,1.043234940680364,True
2015-12-12 21:00:00+00:00,1.6845417836167722,1.2720645244208733,False
2015-12-12 21:30:00+00:00,1.550202073307925,1.4815374711801352,True
2015-12-12 22:00:00+00:00,1.2561342440175114,1.6035634922355388,False
2015-12-12 22:30:00+00:00,0.5482030625179725,1.1349367003557267,True
2015-12-12 23:00:00+00:00,0.0,0.5393734895285234,False
2015-12-12 23:30:00+00:00,0.10330759872811442,0.30919960740065777,True
2015-12-13 00:00:00+00:00,0.2937650577252345,0.2059621442201835,False
2015-12-13 00:30:00+00:00,0.495168114373427,0.3606735834756502,True
2015-12-13 01:00:00+00:00,0.7223677693644845,0.6323907079994233,False
2015-12-13 01:30:00+00:00,1.0176511586366943,0.9501976465001833,True
2015-12-13 02:00:00+00:00,1.1999880892970334,1.150998899732637,False
2015-12-13 02:30:00+00:00,0.7582504727919372,0.9760664093157502,True
2015-12-13 03:00:00+00:00,0.3165128562868413,0.7371652812495674,False
2015-12-13 03:30:00+00:00,0.39620527056071947,0.6125866588637898,True
2015-12-13 04:00:00+00:00,0.5936461770426427,0.5519766741273081,False
2015-12-13 04:30:00+00:00,1.176527504776731,0.9473717062273359,True
2015-12-13 05:00:00+00:00,2.1611246599408016,1.7694587602664689,False
2015-12-13 05:30:00+00:00,3.463295397045654,2.939316483060034,True
2015-12-13 06:00:00+00:00,5.2421931854216375,4.623030231200321,False
2015-12-13 06:30:00+00:00,8.451103880345702,7.39370793696097,True
2015-12-13 07:00:00+00:00,10.88079694846163,10.142802021859534,False
2015-12-13 07:30:00+00:00,11.12279545326329,11.644651071807521,True
2015-12-13 08:00:00+00:00,11.350925581502626,12.898201425511385,False
2015-12-13 08:30:00+00:00,12.946357942895672,14.419448485932993,True
2015-12-13 09:00:00+00:00,14.33868493675002,15.511869264814454,False
2015-12-13 09:30:00+00:00,13.94967369951374,15.79478239258153,True
2015-12-13 10:00:00+00:00,13.56066246227746,16.105382195058223,False
2015-12-13 10:30:00+00:00,17.090638057868013,19.11613049380102,True
2015-12-13 11:00:00+00:00,20.62061365345857,21.97997754831965,False
2015-12-13 11:30:00+00:00,19.19904218913833,22.122183127217188,True
2015-12-13 12:00:00+00:00,17.777470724818084,22.235911931079823,False
2015-12-13 12:30:00+00:00,18.7962686381686,22.63923061949902,True
2015-12-13 13:00:00+00:00,19.81506655151911,22.9484012038282,False
2015-12-13 13:30:00+00:00,17.39786385853695,21.222075891501916,True
2015-12-13 14:00:00+00:00,14.98066116555479,19.49575057917563,False
2015-12-13 14:30:00+00:00,16.57839143023493,19.91083258352662,True
2015-12-13 15:00:00+00:00,18.176121694915068,20.32591458787761,False
2015-12-13 15:30:00+00:00,15.168630848495438,18.538346528263546,True
2015-12-13 16:00:00+00:00,10.538670114598688,15.253265676549578,False
2015-12-13 16:30:00+00:00,7.1169349298885605,11.39197087446415,True
2015-12-13 17:00:00+00:00,4.896552003043039,7.940721063330022,False
2015-12-13 17:30:00+00:00,4.37480502262505,6.189741904951738,True
2015-12-13 18:00:00+00:00,3.906529755321533,4.845056603682374,False
2015-12-13 18:30:00+00:00,2.4222350657176293,3.535072032893954,True
2015-12-13 19:00:00+00:00,1.048781990812505,2.4119338793161678,False
2015-12-13 19:30:00+00:00,0.6073088705690225,1.3321038242304097,True
2015-12-13 20:00:00+00:00,0.4226400521248001,0.7466012959737004,False
2015-12-13 20:30:00+00:00,1.3824215994378577,1.2195627010014505,True
2015-12-13 21:00:00+00:00,2.342203146750915,1.82313074797848,False
2015-12-13 21:30:00+00:00,2.0004285744323527,2.060884833682128,True
2015-12-13 22:00:00+00:00,1.65865400211379,2.168032277436496,False
2015-12-13 22:30:00+00:00,1.7217498763225236,2.1028359782203347,True
2015-12-13 23:00:00+00:00,1.7848457505312572,1.9629431900211405,False
2015-12-13 23:30:00+00:00,1.3536052536244751,1.6505409981329955,True
2015-12-14 00:00:00+00:00,0.922364756717693,1.412835295227884,False
2015-12-14 00:30:00+00:00,1.193409200446908,1.417502732894965,True
2015-12-14 01:00:00+00:00,1.464453644176123,1.4221701705620458,False
2015-12-14 01:30:00+00:00,1.1453103021194326,1.3207815799784897,True
2015-12-14 02:00:00+00:00,0.8261669600627423,1.2078445534247544,False
2015-12-14 02:30:00+00:00,1.0033589343187144,1.1891270634240991,True
2015-12-14 03:00:00+00:00,1.1805509085746868,1.1819580093936233,False
2015-12-14 03:30:00+00:00,1.1233084668687348,1.2107878253632456,True
2015-12-14 04:00:00+00:00,1.066066025162783,1.2539580345860175,False
2015-12-14 04:30:00+00:00,1.1010733351933841,1.2731180947519773,True
2015-12-14 05:00:00+00:00,1.204307323327234,1.30162778626275,False
2015-12-14 05:30:00+00:00,6.513616822122646,4.538707195703436,True
2015-12-14 06:00:00+00:00,11.754699642814806,9.097885427214772,False
2015-12-14 06:30:00+00:00,11.518318129249389,11.428229464689116,True
2015-12-14 07:00:00+00:00,11.281936615683971,13.208668742376656,False
2015-12-14 07:30:00+00:00,12.546256133958355,14.483333909426097,True
2015-12-14 08:00:00+00:00,14.725452435336967,15.806276808631091,False
2015-12-14 08:30:00+00:00,17.059764111549974,18.302404421024704,True
2015-12-14 09:00:00+00:00,18.629859876926613,20.629413513490764,False
2015-12-14 09:30:00+00:00,18.868450773759562,21.904389565756784,True
2015-12-14 10:00:00+00:00,18.956380798324638,22.504322318913005,False
2015-12-14 10:30:00+00:00,18.312566395961557,22.04738305094994,True
2015-12-14 11:00:00+00:00,17.4836159832798,21.31515853379083,False
2015-12-14 11:30:00+00:00,17.254944597473727,20.86796759582722,True
2015-12-14 12:00:00+00:00,16.988988166430143,20.28990738967525,False
2015-12-14 12:30:00+00:00,14.66799393664539,18.131320321704475,True
2015-12-14 13:00:00+00:00,12.569420762416822,16.37888777111811,False
2015-12-14 13:30:00+00:00,17.56037290351653,19.891550923845113,True
2015-12-14 14:00:00+00:00,22.55132504461624,23.40421407657212,False
2015-12-14 14:30:00+00:00,18.539523145803727,22.046564877424846,True
2015-12-14 15:00:00+00:00,13.85872467245103,19.63662021606489,False
2015-12-14 15:30:00+00:00,13.063172477387557,17.418378710618992,True
2015-12-14 16:00:00+00:00,12.277315986322444,14.868592647559268,False
2015-12-14 16:30:00+00:00,8.271516027721148,11.530686546048788,True
2015-12-14 17:00:00+00:00,4.34279109567587,8.271551613675722,False
2015-12-14 17:30:00+00:00,3.440517056551108,5.635068342424947,True
2015-12-14 18:00:00+00:00,2.978053872669853,3.9526143122143136,False
2015-12-14 18:30:00+00:00,2.800701243502186,3.4856401910561488,True
2015-12-14 19:00:00+00:00,2.618098817165534,3.114252380415013,False
2015-12-14 19:30:00+00:00,1.796909001859409,2.47124655054679,True
2015-12-14 20:00:00+00:00,0.9731537218074556,1.8062124774916823,False
2015-12-14 20:30:00+00:00,0.7142354386832831,1.18550635981702,True
2015-12-14 21:00:00+00:00,0.6055474062162178,0.8422817844611549,False
2015-12-14 21:30:00+00:00,1.4659745341745838,1.2625401713836046,True
2015-12-14 22:00:00+00:00,2.3540586815991147,1.9099920212156327,False
2015-12-14 22:30:00+00:00,2.3964477212805257,2.419100845146288,True
2015-12-14 23:00:00+00:00,2.411179741495772,2.701016206167365,False
2015-12-14 23:30:00+00:00,2.0732074700645367,2.5115325840911247,True
2015-12-15 00:00:00+00:00,1.7352351986333012,2.251326609646424,False
2015-12-15 00:30:00+00:00,1.7950880208673352,2.143298851182341,True
2015-12-15 01:00:00+00:00,1.8549408431013692,2.0449770028936967,False
2015-12-15 01:30:00+00:00,1.6319230281409016,1.9031590375415655,True
2015-12-15 02:00:00+00:00,1.3554498360591123,1.746324054852739,False
2015-12-15 02:30:00+00:00,1.260709352764781,1.553397495030577,True
2015-12-15 03:00:00+00:00,1.2194242465917713,1.436504394738132,False
2015-12-15 03:30:00+00:00,1.2737753405138383,1.4566480560167796,True
2015-12-15 04:00:00+00:00,1.409415565880507,1.5111871682712783,False
2015-12-15 04:30:00+00:00,1.7779452346262714,1.78099251073448,True
2015-12-15 05:00:00+00:00,2.5361946525976453,2.3831503943165147,False
2015-12-15 05:30:00+00:00,5.51167492512473,4.431567029508004,True
2015-12-15 06:00:00+00:00,8.28115188664142,7.002160032211455,False
2015-12-15 06:30:00+00:00,8.581139923238759,8.532066808810544,True
2015-12-15 07:00:00+00:00,8.865029701224888,9.89249275316688,False
2015-12-15 07:30:00+00:00,10.1731883304549,11.21006177083133,True
2015-12-15 08:00:00+00:00,12.242349380183384,12.75781691431714,False
2015-12-15 08:30:00+00:00,15.259854866918673,16.0430876737471,True
2015-12-15 09:00:00+00:00,17.267450622106885,18.39097244410147,False
2015-12-15 09:30:00+00:00,16.087540377425103,18.403367774102573,True
2015-12-15 10:00:00+00:00,14.907630132743323,18.415566683484347,False
2015-12-15 10:30:00+00:00,15.728325895155617,18.767657502963868,True
2015-12-15 11:00:00+00:00,17.394501338161852,19.60132502703641,False
2015-12-15 11:30:00+00:00,20.45898986919222,22.796690705562828,True
2015-12-15 12:00:00+00:00,22.67799871962865,25.49843243600588,False
2015-12-15 12:30:00+00:00,20.922215817880335,24.895756198308973,True
2015-12-15 13:00:00+00:00,19.166432916132024,24.29307996061207,False
2015-12-15 13:30:00+00:00,20.992777072899568,25.318878323420183,True
2015-12-15 14:00:00+00:00,22.819121229667108,26.344676686228294,False
2015-12-15 14:30:00+00:00,20.43391594823659,24.892698466112485,True
2015-12-15 15:00:00+00:00,16.762214195435853,22.20410335910963,False
2015-12-15 15:30:00+00:00,14.581321716656507,19.35581637336102,True
2015-12-15 16:00:00+00:00,12.288975577992469,16.062219556931467,False
2015-12-15 16:30:00+00:00,8.195415848122446,12.18399432882362,True
2015-12-15 17:00:00+00:00,4.832680914490073,8.62515293186057,False
2015-12-15 17:30:00+00:00,3.9082142031131917,6.142225348718649,True
2015-12-15 18:00:00+00:00,3.207640950489836,4.32406489961118,False
2015-12-15 18:30:00+00:00,2.010811485224302,2.947374163388355,True
2015-12-15 19:00:00+00:00,1.2572138962225032,2.258219291120912,False
2015-12-15 19:30:00+00:00,1.839585508495365,2.2477210557235683,True
2015-12-15 20:00:00+00:00,2.421957120768227,2.2375344549665237,False
2015-12-15 20:30:00+00:00,1.7116016935628644,2.0358000513976586,True
2015-12-15 21:00:00+00:00,1.001246266357502,1.7416821787816923,False
2015-12-15 21:30:00+00:00,1.1607595084160223,1.5163282458218221,True
2015-12-15 22:00:00+00:00,1.374878296380358,1.393286035702101,False
2015-12-15 22:30:00+00:00,1.4468809018060365,1.4802801356020832,True
2015-12-15 23:00:00+00:00,1.5291957351226573,1.661882381584194,False
2015-12-15 23:30:00+00:00,1.9708527726167449,2.0293097241139217,True
2015-12-16 00:00:00+00:00,2.347592036314075,2.3021289205615205,False
2015-12-16 00:30:00+00:00,1.287633640806666,1.788221265006599,True
2015-12-16 01:00:00+00:00,0.227675245299257,1.167747643795964,False
2015-12-16 01:30:00+00:00,0.6900741958786649,0.9832445556005509,True
2015-12-16 02:00:00+00:00,1.152473146458073,0.9053074330608516,False
2015-12-16 02:30:00+00:00,1.0173804095182253,0.9634493702005795,True
2015-12-16 03:00:00+00:00,0.7515651066714416,1.0215913073403076,False
2015-12-16 03:30:00+00:00,0.3104212703822529,0.6721342280312703,True
2015-12-16 04:00:00+00:00,0.0,0.3226771487222328,False
2015-12-16 04:30:00+00:00,0.49684156466302515,0.49950884114278754,True
2015-12-16 05:00:00+00:00,0.9936831293260504,0.6963433568889053,False
2015-12-16 05:30:00+00:00,0.721153173741413,0.7177844026779305,True
2015-12-16 06:00:00+00:00,0.4486232181567757,0.7411456500382122,False
2015-12-16 06:30:00+00:00,1.514852470712909,1.3851148470328163,True
2015-12-16 07:00:00+00:00,3.706913262408202,2.795438173640372,False
2015-12-16 07:30:00+00:00,7.401552925398175,5.829228854889159,True
2015-12-16 08:00:00+00:00,10.995185521109816,9.5746817660776,False
2015-12-16 08:30:00+00:00,12.610190100058658,12.515642690645787,True
2015-12-16 09:00:00+00:00,13.846774314273656,14.955720610352456,False
2015-12-16 09:30:00+00:00,15.352489630240955,16.90830529574288,True
2015-12-16 10:00:00+00:00,16.211800839081267,18.134011268172564,False
2015-12-16 10:30:00+00:00,16.031899299900832,18.482778291861607,True
2015-12-16 11:00:00+00:00,15.851997760720396,18.790868501560418,False
2015-12-16 11:30:00+00:00,16.83395850188498,19.65174529936109,True
2015-12-16 12:00:00+00:00,17.815919243049564,20.35969670129712,False
2015-12-16 12:30:00+00:00,17.60077277787916,20.486307073177876,True
2015-12-16 13:00:00+00:00,17.11538421054646,20.53434198828633,False
2015-12-16 13:30:00+00:00,15.797426044677998,19.49900783229432,True
2015-12-16 14:00:00+00:00,14.749709980971843,18.221529873490567,False
2015-12-16 14:30:00+00:00,14.956676514106551,17.925194569026672,True
2015-12-16 15:00:00+00:00,15.163643047241258,17.608977930263677,False
2015-12-16 15:30:00+00:00,13.408052641764087,16.210381584464553,True
2015-12-16 16:00:00+00:00,10.470427878548715,13.981837138101934,False
2015-12-16 16:30:00+00:00,7.924872830157579,11.262463529874461,True
2015-12-16 17:00:00+00:00,5.706844575324062,8.492984212095505,False
2015-12-16 17:30:00+00:00,4.244045833282323,6.360432631628402,True
2015-12-16 18:00:00+00:00,3.0416443033466978,4.580784574072812,False
2015-12-16 18:30:00+00:00,1.672520761284932,3.022008414135566,True
2015-12-16 19:00:00+00:00,0.8975075712976351,1.9350160706724937,False
2015-12-16 19:30:00+00:00,0.958560362842108,1.4510673791476825,True
2015-12-16 20:00:00+00:00,1.0196131543865807,1.0998585741011464,False
2015-12-16 20:30:00+00:00,0.5098065771932903,0.6764992747789051,True
2015-12-16 21:00:00+00:00,0.0,0.4377916968185318,False
2015-12-16 21:30:00+00:00,0.32045585078818734,0.49566853691160695,True
2015-12-16 22:00:00+00:00,0.9169611908964656,0.6426005556095451,False
2015-12-16 22:30:00+00:00,1.748745552119688,1.3540759354673342,True
2015-12-16 23:00:00+00:00,2.3044804240228194,2.008916147813091,False
2015-12-16 23:30:00+00:00,1.9281668923074793,2.048408033418201,True
2015-12-17 00:00:00+00:00,1.5518533605921394,2.076986525276938,False
2015-12-17 00:30:00+00:00,1.8656513183659007,2.1461648337247765,True
2015-12-17 01:00:00+00:00,2.1794492761396618,2.1938365248261564,False
2015-12-17 01:30:00+00:00,1.6387162227105052,1.9913959577357248,True
2015-12-17 02:00:00+00:00,1.000165828994492,1.6367958805377174,False
2015-12-17 02:30:00+00:00,0.8527415914198522,1.2604996723288469,True
2015-12-17 03:00:00+00:00,0.7656220077357535,0.9660259624055249,False
2015-12-17 03:30:00+00:00,0.7153143078324155,0.8747865668760763,True
2015-12-17 04:00:00+00:00,0.6553103930269125,0.7880206160065255,False
2015-12-17 04:30:00+00:00,0.3040507458642159,0.5017500243307615,True
2015-12-17 05:00:00+00:00,0.0,0.2813429998171269,False
2015-12-17 05:30:00+00:00,3.0247693567928824,2.0986874961588757,True
2015-12-17 06:00:00+00:00,7.665315554005653,5.456077359413074,False
2015-12-17 06:30:00+00:00,11.10364223085526,9.499688456809276,True
2015-12-17 07:00:00+00:00,13.252191755739505,13.065319883964088,False
2015-12-17 07:30:00+00:00,13.784262595221835,15.069707650670287,True
2015-12-17 08:00:00+00:00,13.990333746249638,16.012029720705424,False
2015-12-17 08:30:00+00:00,13.4847878000886,15.78510873125905,True
2015-12-17 09:00:00+00:00,12.862830602536574,15.393851144145112,False
2015-12-17 09:30:00+00:00,12.657920056781203,14.960776193445392,True
2015-12-17 10:00:00+00:00,12.569420762416822,14.692037840413237,False
2015-12-17 10:30:00+00:00,12.650695940442931,14.722325701991121,True
2015-12-17 11:00:00+00:00,12.862830602536574,14.807271690152865,False
2015-12-17 11:30:00+00:00,13.937749650734043,15.638792487038389,True
2015-12-17 12:00:00+00:00,15.285954858440142,16.935996171207318,False
2015-12-17 12:30:00+00:00,15.96155185434493,18.01383771105805,True
2015-12-17 13:00:00+00:00,16.498829664463532,18.972061310643987,False
2015-12-17 13:30:00+00:00,17.10503099221576,19.83327310640249,True
2015-12-17 14:00:00+00:00,17.44540586217801,20.29376182855853,False
2015-12-17 14:30:00+00:00,16.077942381868574,19.466734961877048,True
2015-12-17 15:00:00+00:00,14.604314988483653,18.2326887099044,False
2015-12-17 15:30:00+00:00,14.492270681806277,17.6337671802114,True
2015-12-17 16:00:00+00:00,14.374837230998958,16.88726191377505,False
2015-12-17 16:30:00+00:00,10.951492259000844,14.22721297695511,True
2015-12-17 17:00:00+00:00,6.339564347253111,10.56962447627004,False
2015-12-17 17:30:00+00:00,3.935631687511448,7.148691507851009,True
2015-12-17 18:00:00+00:00,2.495242061657145,4.46641851546562,False
2015-12-17 18:30:00+00:00,2.0498785176199386,3.1628059846527385,True
2015-12-17 19:00:00+00:00,1.6791485970948148,2.248104964927059,False
2015-12-17 19:30:00+00:00,0.8164723003739758,1.4389161914341047,True
2015-12-17 20:00:00+00:00,0.2157553432087405,0.8723353376326938,False
2015-12-17 20:30:00+00:00,0.3110772517039353,0.5339442328358341,True
2015-12-17 21:00:00+00:00,0.4063991601991301,0.3775164071262291,False
2015-12-17 21:30:00+00:00,0.3587480387353028,0.38138952559811046,True
2015-12-17 22:00:00+00:00,0.3110969172714755,0.39257390010332,False
2015-12-17 22:30:00+00:00,0.6200874258075154,0.5747140967311932,True
2015-12-17 23:00:00+00:00,1.0919904244506489,0.8987532920476019,False
2015-12-17 23:30:00+00:00,1.4359557178152302,1.2844824311485143,True
2015-12-18 00:00:00+00:00,1.651103165608461,1.6258187738978225,False
2015-12-18 00:30:00+00:00,1.7069808800365924,1.8255113340258176,True
2015-12-18 01:00:00+00:00,1.7287639499289809,1.9203864357835527,False
2015-12-18 01:30:00+00:00,0.8643819749644903,1.4452221018521463,True
2015-12-18 02:00:00+00:00,0.0,0.7423636724691831,False
2015-12-18 02:30:00+00:00,0.0,0.25733478850881314,True
2015-12-18 03:00:00+00:00,0.0,0.0,False
2015-12-18 03:30:00+00:00,0.0,0.0,True
2015-12-18 04:00:00+00:00,0.0,0.0,False
2015-12-18 04:30:00+00:00,0.312332747878367,0.215914703419554,True
2015-12-18 05:00:00+00:00,1.0779482861143923,0.7553701830827484,False
2015-12-18 05:30:00+00:00,3.419135114294766,2.483645222240205,True
2015-12-18 06:00:00+00:00,6.779986958609547,5.269104525127747,False
2015-12-18 06:30:00+00:00,10.563764711415091,9.475863996674995,True
2015-12-18 07:00:00+00:00,12.874594657728569,12.382363674520176,False
2015-12-18 07:30:00+00:00,11.35150960052601,12.465188847971827,True
2015-12-18 08:00:00+00:00,9.828424543323452,12.54701933955009,False
2015-12-18 08:30:00+00:00,13.4023946525583,14.434413256376713,True
2015-12-18 09:00:00+00:00,16.97636476179315,17.12666608494622,False
2015-12-18 09:30:00+00:00,16.95687069757659,19.009575822759924,True
2015-12-18 10:00:00+00:00,16.900685909672433,20.00815608443247,False
2015-12-18 10:30:00+00:00,15.673710741709334,18.960069149288838,True
2015-12-18 11:00:00+00:00,14.483426297433835,17.91198221414521,False
2015-12-18 11:30:00+00:00,16.667549016469376,19.32143596968097,True
2015-12-18 12:00:00+00:00,18.85167173550491,20.73088972521673,False
2015-12-18 12:30:00+00:00,16.971026203099566,19.967950436027472,True
2015-12-18 13:00:00+00:00,15.090380670694222,19.205011146838213,False
2015-12-18 13:30:00+00:00,16.646162587206216,19.79943877359286,True
2015-12-18 14:00:00+00:00,18.20194450371821,20.393866400347505,False
2015-12-18 14:30:00+00:00,15.438420279514176,19.012303001370963,True
2015-12-18 15:00:00+00:00,12.674896055310144,16.951700202130837,False
2015-12-18 15:30:00+00:00,12.680761051046948,15.88610101790259,True
2015-12-18 16:00:00+00:00,12.686626046783752,14.708640267661758,False
2015-12-18 16:30:00+00:00,9.666152388925786,12.282552016131913,True
2015-12-18 17:00:00+00:00,5.604697911406486,9.34299398604507,False
2015-12-18 17:30:00+00:00,3.8875725913311956,6.572495066305162,True
2015-12-18 18:00:00+00:00,2.655817609522484,4.265711624101503,False
2015-12-18 18:30:00+00:00,1.4864277485153277,2.7320218012469217,True
2015-12-18 19:00:00+00:00,0.8726483689029267,1.752001629956734,False
2015-12-18 19:30:00+00:00,0.8852187287209401,1.2366037881125935,True
2015-12-18 20:00:00+00:00,0.9039922477521796,1.0081915620009707,False
2015-12-18 20:30:00+00:00,0.9173607818408438,1.0221138867132382,True
2015-12-18 21:00:00+00:00,0.924526156716282,1.0360362114255055,False
2015-12-18 21:30:00+00:00,0.7471841249875139,0.9162090308123223,True
2015-12-18 22:00:00+00:00,0.5698420932587457,0.7963818501991391,False
2015-12-18 22:30:00+00:00,1.0176874235908988,1.0339619138918967,True
2015-12-18 23:00:00+00:00,1.4655327539230516,1.2715419775846544,False
2015-12-18 23:30:00+00:00,0.7327663769615258,0.975025579232323,True
2015-12-19 00:00:00+00:00,0.0,0.629308762813077,False
2015-12-19 00:30:00+00:00,0.33967704486662076,0.5466058296601569,True
2015-12-19 01:00:00+00:00,0.7321005523531696,0.5131033145741517,False
2015-12-19 01:30:00+00:00,0.8201004105151267,0.713433289917176,True
2015-12-19 02:00:00+00:00,0.8553538060571559,0.9137632652602004,False
2015-12-19 02:30:00+00:00,0.7529055172107931,0.8666312053727013,True
2015-12-19 03:00:00+00:00,0.5687600376513758,0.7659172167882078,False
2015-12-19 03:30:00+00:00,0.3693829307956563,0.5864028662092631,True
2015-12-19 04:00:00+00:00,0.1886622737155278,0.3764654091326502,False
2015-12-19 04:30:00+00:00,0.06281076638903202,0.18672239232944104,True
2015-12-19 05:00:00+00:00,0.0,0.0809844107208944,False
2015-12-19 05:30:00+00:00,2.36648873318527,1.5843875324843801,True
2015-12-19 06:00:00+00:00,6.354841865567441,4.496968218032809,False
2015-12-19 06:30:00+00:00,9.95855687193833,8.306497695529604,True
2015-12-19 07:00:00+00:00,12.980568132503278,12.287145475374466,False
2015-12-19 07:30:00+00:00,15.016865347115449,15.554865007023247,True
2015-12-19 08:00:00+00:00,16.013001908336655,17.60545522450445,False
2015-12-19 08:30:00+00:00,15.838256918577734,18.20764870021346,True
2015-12-19 09:00:00+00:00,15.543664730676138,18.44667562395704,False
2015-12-19 09:30:00+00:00,15.238800944981163,18.143499031328915,True
2015-12-19 10:00:00+00:00,15.053784357428864,17.840322438700788,False
2015-12-19 10:30:00+00:00,15.636865360263014,18.210656628264505,True
2015-12-19 11:00:00+00:00,16.498829664463532,18.877278836752,False
2015-12-19 11:30:00+00:00,17.09246795470977,19.71680748964892,True
2015-12-19 12:00:00+00:00,17.407222943589648,20.260048123622056,False
2015-12-19 12:30:00+00:00,17.27440580610294,20.245809775618696,True
2015-12-19 13:00:00+00:00,16.92590048058099,20.20393528903625,False
2015-12-19 13:30:00+00:00,15.391283750641,18.94966893568989,True
2015-12-19 14:00:00+00:00,12.768795238862552,16.514140822425205,False
2015-12-19 14:30:00+00:00,9.132713540846726,13.132962819641552,True
2015-12-19 15:00:00+00:00,5.776424437971442,9.500635410632231,False
2015-12-19 15:30:00+00:00,3.8168565354878567,6.506971814007391,True
2015-12-19 16:00:00+00:00,2.881056007737437,4.497448499961928,False
2015-12-19 16:30:00+00:00,2.9268604892596706,3.836638455873764,True
2015-12-19 17:00:00+00:00,2.9726649707819046,3.3220189049015967,False
2015-12-19 17:30:00+00:00,1.8740091366320564,2.523739944805544,True
2015-12-19 18:00:00+00:00,0.7753533024822079,1.819843838187818,False
2015-12-19 18:30:00+00:00,0.9595933479302259,1.3594627633629475,True
2015-12-19 19:00:00+00:00,1.143833393378244,1.1344153640874524,False
2015-12-19 19:30:00+00:00,1.0595740836053527,1.144970396141834,True
2015-12-19 20:00:00+00:00,0.9753147738324612,1.174618220371325,False
2015-12-19 20:30:00+00:00,1.569836605935221,1.5646709661821256,True
2015-12-19 21:00:00+00:00,2.164358438037981,1.9356309198178172,False
2015-12-19 21:30:00+00:00,1.7285756002146053,1.8839186999686006,True
2015-12-19 22:00:00+00:00,1.194588975670401,1.7665090180368823,False
2015-12-19 22:30:00+00:00,1.0223428792991751,1.4391527374462123,True
2015-12-19 23:00:00+00:00,0.948300569648778,1.1774939189380442,False
2015-12-19 23:30:00+00:00,1.303477285881284,1.3323500538095052,True
2015-12-20 00:00:00+00:00,1.65865400211379,1.5694001432399625,False
2015-12-20 00:30:00+00:00,1.6430126337018178,1.723998666798081,True
2015-12-20 01:00:00+00:00,1.6273712652898458,1.8525625986723449,False
2015-12-20 01:30:00+00:00,1.7697305479298389,1.9737227994642603,True
2015-12-20 02:00:00+00:00,1.912089830569832,2.0387236373810347,False
2015-12-20 02:30:00+00:00,1.6478013541217627,1.9157859429912647,True
2015-12-20 03:00:00+00:00,1.3835128776736931,1.7905288766663672,False
2015-12-20 03:30:00+00:00,1.4761405690644054,1.7870056442346032,True
2015-12-20 04:00:00+00:00,1.700721027871005,1.7858017837379667,False
2015-12-20 04:30:00+00:00,2.219346338343307,2.141628723377578,True
2015-12-20 05:00:00+00:00,3.2712440867628483,3.02556957908854,False
2015-12-20 05:30:00+00:00,7.39880268830825,6.031965412100156,True
2015-12-20 06:00:00+00:00,11.97487219568625,10.160131600115012,False
2015-12-20 06:30:00+00:00,13.620792448218923,13.417373838337953,True
2015-12-20 07:00:00+00:00,14.968482940444629,16.299289666558767,False
2015-12-20 07:30:00+00:00,16.74019742391158,18.563429493640744,True
2015-12-20 08:00:00+00:00,18.55179731112814,20.658409377989678,False
2015-12-20 08:30:00+00:00,20.616388809306187,23.45404847827949,True
2015-12-20 09:00:00+00:00,21.82558855284587,25.14428966022988,False
2015-12-20 09:30:00+00:00,19.268768225949337,23.627332047949196,True
2015-12-20 10:00:00+00:00,16.711947899052802,21.772166092010917,False
2015-12-20 10:30:00+00:00,17.386011444693587,21.33648456448046,True
2015-12-20 11:00:00+00:00,18.06007499033437,20.92602044116498,False
2015-12-20 11:30:00+00:00,16.35640748802353,19.56662078877522,True
2015-12-20 12:00:00+00:00,14.652739985712696,18.520212075828088,False
2015-12-20 12:30:00+00:00,15.632146859574881,18.665685788459673,True
2015-12-20 13:00:00+00:00,16.611553733437063,18.811159501091257,False
2015-12-20 13:30:00+00:00,15.312923550289831,18.237684243444093,True
2015-12-20 14:00:00+00:00,14.0142933671426,17.40519893180596,False
2015-12-20 14:30:00+00:00,14.158423967569236,17.02436133929862,True
2015-12-20 15:00:00+00:00,14.302554567995871,16.58496843476288,False
2015-12-20 15:30:00+00:00,13.031661743399141,15.490040348867735,True
2015-12-20 16:00:00+00:00,10.65254158120369,13.770520798834289,False
2015-12-20 16:30:00+00:00,7.817466740277761,11.105043607763626,True
2015-12-20 17:00:00+00:00,5.009179686766896,8.068866772998138,False
2015-12-20 17:30:00+00:00,2.918008185088261,5.362915809321954,True
2015-12-20 18:00:00+00:00,1.5022209630850325,3.2017687309030216,False
2015-12-20 18:30:00+00:00,0.7707705831412764,1.6954982884526035,True
2015-12-20 19:00:00+00:00,0.4453754737057685,0.9572804345974224,False
2015-12-20 19:30:00+00:00,1.0838340512116242,1.124352791121373,True
2015-12-20 20:00:00+00:00,1.7222926287174798,1.398039414284817,False
2015-12-20 20:30:00+00:00,1.6665667054789106,1.6578736129969271,True
2015-12-20 21:00:00+00:00,1.5291957351226573,1.811093545069544,False
2015-12-20 21:30:00+00:00,1.0286449818185532,1.4949341017443347,True
2015-12-20 22:00:00+00:00,0.471356227719979,0.987071479339608,False
2015-12-20 22:30:00+00:00,0.214746910421711,0.5327041879812056,True
2015-12-20 23:00:00+00:00,0.0965206410355975,0.2700400757023204,False
2015-12-20 23:30:00+00:00,0.930437787545457,0.773898214270075,True
2015-12-21 00:00:00+00:00,1.7643549340553162,1.27775635283783,False
2015-12-21 00:30:00+00:00,0.9559146672955166,1.0694087290106078,True
2015-12-21 01:00:00+00:00,0.147474400535717,0.8610611051833854,False
2015-12-21 01:30:00+00:00,0.8755563422048196,0.9808816030850837,True
2015-12-21 02:00:00+00:00,1.6036382838739225,1.1869803379597508,False
2015-12-21 02:30:00+00:00,1.4497417337281966,1.41347385756665,True
2015-12-21 03:00:00+00:00,1.2345405589871803,1.55368914020058,False
2015-12-21 03:30:00+00:00,1.112089239051346,1.4101206174874068,True
2015-12-21 04:00:00+00:00,1.050942543710802,1.266552094774234,False
2015-12-21 04:30:00+00:00,1.3571089062127233,1.4564449792593166,True
2015-12-21 05:00:00+00:00,2.168670127193618,1.971136492386008,False
2015-12-21 05:30:00+00:00,7.703816068167462,5.844446401621813,True
2015-12-21 06:00:00+00:00,12.733567150662331,10.294829804646923,False
2015-12-21 06:30:00+00:00,11.352109445458103,11.64681735331207,True
2015-12-21 07:00:00+00:00,9.970651740253876,12.597579987628755,False
2015-12-21 07:30:00+00:00,11.813268514138118,13.733731200579712,True
2015-12-21 08:00:00+00:00,13.65588528802236,14.369235205448213,False
2015-12-21 08:30:00+00:00,11.425852527148857,13.61833235100783,True
2015-12-21 09:00:00+00:00,9.195819766275354,12.388273077736589,False
2015-12-21 09:30:00+00:00,9.19694178147124,11.220526503868925,True
2015-12-21 10:00:00+00:00,9.200298159766133,10.53193634883212,False
2015-12-21 10:30:00+00:00,10.236488696014725,11.33056947939723,True
2015-12-21 11:00:00+00:00,11.270444869164312,12.12920260996234,False
2015-12-21 11:30:00+00:00,8.232797564746578,10.591413103525397,True
2015-12-21 12:00:00+00:00,4.686596061074016,8.097000111826546,False
2015-12-21 12:30:00+00:00,3.8427556149994886,5.917854540934362,True
2015-12-21 13:00:00+00:00,3.483650095477802,4.456244506733176,False
2015-12-21 13:30:00+00:00,3.458525693917143,4.12822054145324,True
2015-12-21 14:00:00+00:00,3.434047197583276,3.905769344522236,False
2015-12-21 14:30:00+00:00,3.0694480263057438,3.5797133300543975,True
2015-12-21 15:00:00+00:00,2.7280222225034074,3.3871724958085387,False
2015-12-21 15:30:00+00:00,4.147350642576115,4.175927365604042,True
2015-12-21 16:00:00+00:00,5.566679062648822,5.099272267456876,False
2015-12-21 16:30:00+00:00,5.126140875518483,5.326265402478848,True
2015-12-21 17:00:00+00:00,4.311457301701803,5.418668505443488,False
2015-12-21 17:30:00+00:00,3.3061754197023463,4.67724782568445,True
2015-12-21 18:00:00+00:00,2.458599841265864,3.5739375133870186,False
2015-12-21 18:30:00+00:00,2.1533222424213654,2.921232875458545,True
2015-12-21 19:00:00+00:00,1.893759534740088,2.382826415951503,False
2015-12-21 19:30:00+00:00,1.3767260345596295,1.876307973219661,True
2015-12-21 20:00:00+00:00,1.030416726339316,1.535299521065268,False
2015-12-21 20:30:00+00:00,1.1497532985129875,1.4255941089811197,True
2015-12-21 21:00:00+00:00,1.2690898706866591,1.3317001181158032,False
2015-12-21 21:30:00+00:00,0.9578960261250942,1.157984928854473,True
2015-12-21 22:00:00+00:00,0.580662401084125,0.9519458122434752,False
2015-12-21 22:30:00+00:00,0.4659245817173505,0.6975645874868439,True
2015-12-21 23:00:00+00:00,0.4172265428299801,0.5417773324005624,False
2015-12-21 23:30:00+00:00,1.4621616743239954,1.1822960359074948,True
2015-12-22 00:00:00+00:00,2.50709680581801,1.936613199504424,False
2015-12-22 00:30:00+00:00,2.061300858545832,2.1295001586883715,True
2015-12-22 01:00:00+00:00,1.615504911273654,2.2085886577823217,False
2015-12-22 01:30:00+00:00,1.852741944121334,2.195397208565928,True
2015-12-22 02:00:00+00:00,2.0899789769690136,2.1583976105636293,False
2015-12-22 02:30:00+00:00,1.2822913032921677,1.6823878623044857,True
2015-12-22 03:00:00+00:00,0.4746036296153217,1.2301862628312463,False
2015-12-22 03:30:00+00:00,1.0244107298874559,1.3122473284419747,True
2015-12-22 04:00:00+00:00,1.8624890953214608,1.508874990555168,False
2015-12-22 04:30:00+00:00,2.292351943617256,1.9641851346700818,True
2015-12-22 05:00:00+00:00,2.8487243397568225,2.797466434476991,False
2015-12-22 05:30:00+00:00,5.2055470622867865,4.598611768465702,True
2015-12-22 06:00:00+00:00,8.070681432679285,6.979651622266555,False
2015-12-22 06:30:00+00:00,9.960152587845528,9.485383310690208,True
2015-12-22 07:00:00+00:00,10.926531282143593,11.38260152275936,False
2015-12-22 07:30:00+00:00,10.909379593807769,12.080796045914328,True
2015-12-22 08:00:00+00:00,10.892227905471946,12.558167106497336,False
2015-12-22 08:30:00+00:00,11.25744598675998,12.948549025587916,True
2015-12-22 09:00:00+00:00,11.963266586048553,13.387250091240904,False
2015-12-22 09:30:00+00:00,12.937644352401628,14.311269963984538,True
2015-12-22 10:00:00+00:00,13.834826296486462,15.34950663612148,False
2015-12-22 10:30:00+00:00,14.2172806024489,16.071987855441275,True
2015-12-22 11:00:00+00:00,14.568022368097228,16.732576645554246,False
2015-12-22 11:30:00+00:00,15.073473319489826,17.33147293181238,True
2015-12-22 12:00:00+00:00,15.827268907783122,18.099512097814863,False
2015-12-22 12:30:00+00:00,18.08784283656533,20.310379993934284,True
2015-12-22 13:00:00+00:00,19.868377973028657,22.20932317915182,False
2015-12-22 13:30:00+00:00,19.484120180682318,22.532541255527672,True
2015-12-22 14:00:00+00:00,18.57780524788784,22.65480231323204,False
2015-12-22 14:30:00+00:00,15.729849731374818,20.504885650425873,True
2015-12-22 15:00:00+00:00,13.110330124504868,17.45466679423001,False
2015-12-22 15:30:00+00:00,12.78401182519897,16.078505585480332,True
2015-12-22 16:00:00+00:00,12.452424288293953,14.70034966543215,False
2015-12-22 16:30:00+00:00,9.526764195062281,12.256557926009405,True
2015-12-22 17:00:00+00:00,5.911314514975882,9.466800548500023,False
2015-12-22 17:30:00+00:00,4.248630824392821,6.842694401560553,True
2015-12-22 18:00:00+00:00,3.0772130633329207,4.693116975733573,False
2015-12-22 18:30:00+00:00,2.193148514398627,3.3600044686717316,True
2015-12-22 19:00:00+00:00,1.544300937299714,2.403400158916258,False
2015-12-22 19:30:00+00:00,1.0146717748119671,1.5965113243651268,True
2015-12-22 20:00:00+00:00,0.7472397662245818,1.1868481141699747,False
2015-12-22 20:30:00+00:00,1.017860524929331,1.2411314128238384,True
2015-12-22 21:00:00+00:00,1.5043790019713914,1.3749389913272456,False
2015-12-22 21:30:00+00:00,2.1147644649036907,1.9297354970094214,True
2015-12-22 22:00:00+00:00,2.5092522094986798,2.4050077228420537,False
2015-12-22 22:30:00+00:00,1.5730865072102005,2.0362109715993095,True
2015-12-22 23:00:00+00:00,0.6369208049217219,1.523943834067792,False
2015-12-22 23:30:00+00:00,0.853248549236518,1.239447054946538,True
2015-12-23 00:00:00+00:00,1.177311277997798,1.0984206621140569,False
2015-12-23 00:30:00+00:00,1.372511106702208,1.2903070983070029,True
2015-12-23 01:00:00+00:00,1.5356694515347291,1.581565534806204,False
2015-12-23 01:30:00+00:00,1.6630712121726519,1.7527748262759557,True
2015-12-23 02:00:00+00:00,1.7977869657913643,1.9191951073602984,False
2015-12-23 02:30:00+00:00,2.065691812743941,2.1815832052954667,True
2015-12-23 03:00:00+00:00,2.250589166141134,2.349388313309788,False
2015-12-23 03:30:00+00:00,1.8812606127940914,2.1876298109009142,True
2015-12-23 04:00:00+00:00,1.511932059447049,2.02587130849204,False
2015-12-23 04:30:00+00:00,2.4610221170967796,2.5545135882501144,True
2015-12-23 05:00:00+00:00,4.427083580576433,3.7626043774089273,False
2015-12-23 05:30:00+00:00,7.855292951721481,6.547804158662814,True
2015-12-23 06:00:00+00:00,11.155627474416953,10.008809283172226,False
2015-12-23 06:30:00+00:00,12.808640663811527,12.934891331956521,True
2015-12-23 07:00:00+00:00,13.572557295825751,14.797224570509025,False
2015-12-23 07:30:00+00:00,13.453152192527932,15.274894501405196,True
2015-12-23 08:00:00+00:00,13.157582006644642,15.461059389876892,False
2015-12-23 08:30:00+00:00,11.902542623225534,14.44659613298277,True
2015-12-23 09:00:00+00:00,10.823668322391896,13.432132876088648,False
2015-12-23 09:30:00+00:00,11.85735057903188,13.913255476758978,True
2015-12-23 10:00:00+00:00,14.134234231016093,15.121706007000355,False
2015-12-23 10:30:00+00:00,19.749628107991242,20.716461402006722,True
2015-12-23 11:00:00+00:00,24.121820589622164,25.583888867442045,False
2015-12-23 11:30:00+00:00,21.460609328140436,24.855176101873425,True
2015-12-23 12:00:00+00:00,17.394501338161852,23.264185535462627,False
2015-12-23 12:30:00+00:00,14.27951268604091,19.4721522118807,True
2015-12-23 13:00:00+00:00,12.569420762416822,16.542396689140954,False
2015-12-23 13:30:00+00:00,16.265613453704777,18.366557899309324,True
2015-12-23 14:00:00+00:00,19.96180614499273,20.957929259285688,False
2015-12-23 14:30:00+00:00,19.76550704770288,22.51734460693588,True
2015-12-23 15:00:00+00:00,19.258598475258037,23.30954980477808,False
2015-12-23 15:30:00+00:00,17.081751680700645,21.53267489435061,True
2015-12-23 16:00:00+00:00,13.930476100525016,18.398331657417906,False
2015-12-23 16:30:00+00:00,11.337386123884494,15.3543229122889,True
2015-12-23 17:00:00+00:00,8.965481699359984,12.327322001551256,False
2015-12-23 17:30:00+00:00,6.865625989537408,9.698988005017096,True
2015-12-23 18:00:00+00:00,5.2421931854216375,7.526297969930942,False
2015-12-23 18:30:00+00:00,4.270178369662277,5.9379422071892245,True
2015-12-23 19:00:00+00:00,3.5257076823948745,4.723607410423633,False
2015-12-23 19:30:00+00:00,2.84553855864739,3.8257504979675714,True
2015-12-23 20:00:00+00:00,2.286157626026608,3.1160588561114237,False
2015-12-23 20:30:00+00:00,1.7773380921259017,2.415774210231498,True
2015-12-23 21:00:00+00:00,1.5076160415569513,2.0381198584413998,False
2015-12-23 21:30:00+00:00,1.729715178808498,2.0905511812428004,True
2015-12-23 22:00:00+00:00,2.265678928422988,2.235355732301895,False
2015-12-23 22:30:00+00:00,4.2481497042984575,3.740322519539337,True
2015-12-23 23:00:00+00:00,5.916755867810983,5.152916078519085,False
2015-12-23 23:30:00+00:00,4.350947809475745,4.930884263009263,True
2015-12-24 00:00:00+00:00,2.7851397511405063,4.489868810812955,False
2015-12-24 00:30:00+00:00,2.821242915038237,3.891325726925852,True
2015-12-24 01:00:00+00:00,2.8573460789359677,3.1996919347427624,False
2015-12-24 01:30:00+00:00,1.973588105927942,2.555699940529937,True
2015-12-24 02:00:00+00:00,1.0898301329199165,1.9906406906336644,False
2015-12-24 02:30:00+00:00,1.0898301329199165,1.494570334443739,True
2015-12-24 03:00:00+00:00,1.0898301329199165,1.2316415789197337,False
2015-12-24 03:30:00+00:00,1.4097607875486895,1.436649096285821,True
2015-12-24 04:00:00+00:00,1.9250285808902372,1.8169281081124415,False
2015-12-24 04:30:00+00:00,2.375079568036533,2.277839743693735,True
2015-12-24 05:00:00+00:00,2.659050647154647,2.690937629656811,False
2015-12-24 05:30:00+00:00,2.6897261221702715,2.8508691614501025,True
2015-12-24 06:00:00+00:00,2.722633803775393,3.050816022449957,False
2015-12-24 06:30:00+00:00,5.907827337173564,5.061145354308,True
2015-12-24 07:00:00+00:00,9.349333197952417,7.8855143387216176,False
2015-12-24 07:30:00+00:00,9.808412656536357,10.028728399330186,True
2015-12-24 08:00:00+00:00,9.979690350465525,11.190429733334296,False
2015-12-24 08:30:00+00:00,9.347121745702697,10.843073916814435,True
2015-12-24 09:00:00+00:00,8.714553140939874,10.495718100294573,False
2015-12-24 09:30:00+00:00,11.048532955491618,11.77091313191919,True
2015-12-24 10:00:00+00:00,13.38251277004336,13.615969394916092,False
2015-12-24 10:30:00+00:00,13.330194587944822,14.79869569846348,True
2015-12-24 11:00:00+00:00,13.193044061547866,15.41156077063858,False
2015-12-24 11:30:00+00:00,12.33902121584875,14.721703674425092,True
2015-12-24 12:00:00+00:00,11.569830714448049,14.031846578211605,False
2015-12-24 12:30:00+00:00,12.1277799563213,14.149616743917425,True
2015-12-24 13:00:00+00:00,12.874594657728569,14.401334678831658,False
2015-12-24 13:30:00+00:00,13.125969605906176,14.785824994987172,True
2015-12-24 14:00:00+00:00,13.406236649534485,15.3756600773407,False
2015-12-24 14:30:00+00:00,14.719451384369195,16.663115800880483,True
2015-12-24 15:00:00+00:00,15.814908564219182,17.611278989013847,False
2015-12-24 15:30:00+00:00,13.084592313809278,16.045720925361067,True
2015-12-24 16:00:00+00:00,9.224933331738129,13.294009380916313,False
2015-12-24 16:30:00+00:00,7.36719800737527,10.623925703335399,True
2015-12-24 17:00:00+00:00,5.788386239634467,8.028155682037525,False
2015-12-24 17:30:00+00:00,3.7511551747138943,5.837979335553842,True
2015-12-24 18:00:00+00:00,2.420879385183713,4.179075546258446,False
2015-12-24 18:30:00+00:00,2.2516689155009106,3.194613512284354,True
2015-12-24 19:00:00+00:00,2.107226882336621,2.5163559323037927,False
2015-12-24 19:30:00+00:00,1.6473451251652675,2.0710005421653577,True
2015-12-24 20:00:00+00:00,1.1308733697608524,1.6973417612052923,False
2015-12-24 20:30:00+00:00,0.7697481570132534,1.194766670417927,True
2015-12-24 21:00:00+00:00,0.5839084056290013,0.8948577837793122,False
2015-12-24 21:30:00+00:00,0.7582875699265559,0.9213134314505166,True
2015-12-24 22:00:00+00:00,1.050942543710802,0.9871353367220044,False
2015-12-24 22:30:00+00:00,1.3497465235787445,1.2750068596060062,True
2015-12-24 23:00:00+00:00,1.5302746939599954,1.523512124889725,False
2015-12-24 23:30:00+00:00,0.7971326368196596,1.120433674223999,True
2015-12-25 00:00:00+00:00,0.0639905796793239,0.7019906652964559,False
2015-12-25 00:30:00+00:00,0.49047588528789476,0.6855011632050451,True
2015-12-25 01:00:00+00:00,0.9169611908964656,0.6700674570360988,False
2015-12-25 01:30:00+00:00,0.4584805954482328,0.5247323974002824,True
2015-12-25 02:00:00+00:00,0.0,0.3937061001038185,False
2015-12-25 02:30:00+00:00,0.43770697920409907,0.5090859746071856,True
2015-12-25 03:00:00+00:00,1.074707710694381,0.7531001813365025,False
2015-12-25 03:30:00+00:00,1.4911363222978744,1.230503630345595,True
2015-12-25 04:00:00+00:00,1.7082711816151848,1.6584657426748726,False
2015-12-25 04:30:00+00:00,1.6511001005959511,1.747954874438452,True
2015-12-25 05:00:00+00:00,1.5939290195767173,1.8504351451126704,False
2015-12-25 05:30:00+00:00,4.571862476185576,3.6916156863549676,True
2015-12-25 06:00:00+00:00,8.159248482328275,6.506723092023206,False
2015-12-25 06:30:00+00:00,8.944440683812626,8.535787874251808,True
2015-12-25 07:00:00+00:00,9.656046303408903,10.440154225902791,False
2015-12-25 07:30:00+00:00,11.555019205343799,12.327353899883525,True
2015-12-25 08:00:00+00:00,13.429969544858691,14.05175149122606,False
2015-12-25 08:30:00+00:00,14.181300771659023,15.497060454460765,True
2015-12-25 09:00:00+00:00,14.83469075441899,16.78934879412892,False
2015-12-25 09:30:00+00:00,16.04944236470743,18.25431868849229,True
2015-12-25 10:00:00+00:00,16.85029181381047,19.09369872075532,False
2015-12-25 10:30:00+00:00,16.375890004525452,19.09275436788571,True
2015-12-25 11:00:00+00:00,15.901488195240438,19.091810015016108,False
2015-12-25 11:30:00+00:00,18.533138864596406,21.270458625992227,True
2015-12-25 12:00:00+00:00,21.16478953395237,23.449107236968345,False
2015-12-25 12:30:00+00:00,18.005815253971896,22.038296521314187,True
2015-12-25 13:00:00+00:00,14.84684097399142,19.91630356584484,False
2015-12-25 13:30:00+00:00,14.938120331543223,18.602565915277776,True
2015-12-25 14:00:00+00:00,15.029399689095024,17.535313639402673,False
2015-12-25 14:30:00+00:00,14.376565975324944,16.80811306916907,True
2015-12-25 15:00:00+00:00,13.09852264870574,16.01086964098583,False
2015-12-25 15:30:00+00:00,11.570888839125338,14.50880310928586,True
2015-12-25 16:00:00+00:00,9.550314778011629,12.427378322885522,False
2015-12-25 16:30:00+00:00,6.2152801769808015,9.464579497311503,True
2015-12-25 17:00:00+00:00,3.501982547093545,6.535879626482715,False
2015-12-25 17:30:00+00:00,2.790920538881032,4.508176297411144,True
2015-12-25 18:00:00+00:00,2.314180638415634,3.125555774230775,False
2015-12-25 18:30:00+00:00,1.714023740836212,2.3242715844024575,True
2015-12-25 19:00:00+00:00,1.375957628748531,1.9579036117109287,False
2015-12-25 19:30:00+00:00,1.8402190263856752,2.0437632446096825,True
2015-12-25 20:00:00+00:00,2.3044804240228194,2.206046812918619,False
2015-12-25 20:30:00+00:00,2.304210558927698,2.4432620256357502,True
2015-12-25 21:00:00+00:00,2.303402618621436,2.6040533029427,False
2015-12-25 21:30:00+00:00,1.9527120146557433,2.3580557492376726,True
2015-12-25 22:00:00+00:00,1.6025594859011916,2.112058195532644,False
2015-12-25 22:30:00+00:00,2.548496656549593,2.6264712145695626,True
2015-12-25 23:00:00+00:00,3.4944338271979944,3.1408842336064806,False
2015-12-25 23:30:00+00:00,1.7472169135989972,2.449915385754382,True
2015-12-26 00:00:00+00:00,0.0,1.500298271631979,False
2015-12-26 00:30:00+00:00,0.3923366049297068,0.9932133373950512,True
2015-12-26 01:00:00+00:00,1.0628253362542242,0.7447766694284275,False
2015-12-26 01:30:00+00:00,1.7855436937531879,1.3600737276319925,True
2015-12-26 02:00:00+00:00,2.230109924857341,2.019357246157044,False
2015-12-26 02:30:00+00:00,2.0236059933658472,2.0885980123312944,True
2015-12-26 03:00:00+00:00,1.650024465968695,2.113852318184059,False
2015-12-26 03:30:00+00:00,1.172393126895375,1.7131933096207552,True
2015-12-26 04:00:00+00:00,0.8618393837277134,1.3125343010574515,False
2015-12-26 04:30:00+00:00,1.9477180598776231,1.916957123860187,True
2015-12-26 05:00:00+00:00,4.1137973878491465,3.260968881099765,False
2015-12-26 05:30:00+00:00,7.5014592297510845,6.0736211755935905,True
2015-12-26 06:00:00+00:00,10.550049676364369,9.402769821078442,False
2015-12-26 06:30:00+00:00,11.593850536863348,11.69943043330299,True
2015-12-26 07:00:00+00:00,12.475806990426884,13.653685204838805,False
2015-12-26 07:30:00+00:00,14.21954227910836,15.713117652664005,True
2015-12-26 08:00:00+00:00,15.38399271819232,16.858870655750067,False
2015-12-26 08:30:00+00:00,14.796468316474908,16.800352438206716,True
2015-12-26 09:00:00+00:00,13.691631783171436,16.64045962028539,False
2015-12-26 09:30:00+00:00,12.101928080566818,15.176059824074052,True
2015-12-26 10:00:00+00:00,11.02953650954826,13.813034628240692,False
2015-12-26 10:30:00+00:00,16.15878600514431,17.684867633307995,True
2015-12-26 11:00:00+00:00,21.28803550074036,21.556700638375297,False
2015-12-26 11:30:00+00:00,18.024939013373327,20.72503503594055,True
2015-12-26 12:00:00+00:00,14.76184252600629,19.893369433505804,False
2015-12-26 12:30:00+00:00,16.494811239914522,20.08802994373177,True
2015-12-26 13:00:00+00:00,18.22777995382275,20.28269045395774,False
2015-12-26 13:30:00+00:00,16.33749390104584,19.349157766833653,True
2015-12-26 14:00:00+00:00,14.44720784826893,18.415625079709567,False
2015-12-26 14:30:00+00:00,16.623301889060755,19.54215655658526,True
2015-12-26 15:00:00+00:00,18.79939592985258,20.668688033460956,False
2015-12-26 15:30:00+00:00,15.721792005482811,18.957782613192972,True
2015-12-26 16:00:00+00:00,10.7551712125166,15.670616650188654,False
2015-12-26 16:30:00+00:00,6.499340361617934,11.27658605683209,True
2015-12-26 17:00:00+00:00,3.6314037784959137,7.13304092480784,False
2015-12-26 17:30:00+00:00,2.9438329274548343,4.793174160536991,True
2015-12-26 18:00:00+00:00,2.465066149176151,3.287014422890224,False
2015-12-26 18:30:00+00:00,1.8864919545183378,2.5502718498711396,True
2015-12-26 19:00:00+00:00,1.292840730376113,1.9644572875894832,False
2015-12-26 19:30:00+00:00,0.492722586417152,1.0892279288839029,True
2015-12-26 20:00:00+00:00,0.0,0.5551386142208313,False
2015-12-26 20:30:00+00:00,0.8390826252795529,0.8000267165876832,True
2015-12-26 21:00:00+00:00,1.7686688477282473,1.239350022831322,False
2015-12-26 21:30:00+00:00,1.8858576126107094,1.7341304496949312,True
2015-12-26 22:00:00+00:00,1.9703124316475609,2.140239397093687,False
2015-12-26 22:30:00+00:00,2.134485298304801,2.3313380826969072,True
2015-12-26 23:00:00+00:00,2.240888513638509,2.4166730438881943,False
2015-12-26 23:30:00+00:00,1.9711540778112544,2.2940068540274927,True
2015-12-27 00:00:00+00:00,1.5637212173237267,2.0579972492138543,False
2015-12-27 00:30:00+00:00,1.2627870653680031,1.6933184329562714,True
2015-12-27 01:00:00+00:00,1.0995513380725532,1.441983031651625,False
2015-12-27 01:30:00+00:00,1.329478502247356,1.5033926928081431,True
2015-12-27 02:00:00+00:00,1.559405666422159,1.5648023539646614,False
2015-12-27 02:30:00+00:00,1.1884620594049529,1.4036848780319087,True
2015-12-27 03:00:00+00:00,0.8175184523877471,1.242567402099156,False
2015-12-27 03:30:00+00:00,1.0336655998410758,1.298457713233384,True
2015-12-27 04:00:00+00:00,1.5745099288999675,1.454263981523327,False
2015-12-27 04:30:00+00:00,3.3957620905367483,2.7233916102606033,True
2015-12-27 05:00:00+00:00,6.143275602661825,5.019786675803344,False
2015-12-27 05:30:00+00:00,9.533996780600678,8.26810369701833,True
2015-12-27 06:00:00+00:00,11.673759426445669,11.150252095356343,False
2015-12-27 06:30:00+00:00,11.477848021064819,12.306815818692048,True
2015-12-27 07:00:00+00:00,11.281936615683971,13.174962805033614,False
2015-12-27 07:30:00+00:00,12.332716991226075,14.08165221345654,True
2015-12-27 08:00:00+00:00,13.691631783171436,14.947748952088626,False
2015-12-27 08:30:00+00:00,14.127750455704719,15.803009755485851,True
2015-12-27 09:00:00+00:00,14.519666924381273,16.63321074986445,False
2015-12-27 09:30:00+00:00,15.149285863951889,17.371649327933355,True
2015-12-27 10:00:00+00:00,15.975805948953967,18.20713056442848,False
2015-12-27 10:30:00+00:00,17.46173657236672,19.860743726951043,True
2015-12-27 11:00:00+00:00,18.48683383780148,21.01036867576678,False
2015-12-27 11:30:00+00:00,16.60008063393301,19.876140305497977,True
2015-12-27 12:00:00+00:00,14.713327430064544,18.741911935229176,False
2015-12-27 12:30:00+00:00,17.687276646328545,20.616670775626858,True
2015-12-27 13:00:00+00:00,20.66122586259255,22.49142961602454,False
2015-12-27 13:30:00+00:00,18.894632964358607,22.180435966692283,True
2015-12-27 14:00:00+00:00,17.12804006612467,21.678242964986318,False
2015-12-27 14:30:00+00:00,17.516890392992018,21.364665697403765,True
2015-12-27 15:00:00+00:00,17.905740719859374,20.956399364782627,False
2015-12-27 15:30:00+00:00,16.73981684563797,19.94183172068675,True
2015-12-27 16:00:00+00:00,14.350733262218911,18.20606721815318,False
2015-12-27 16:30:00+00:00,10.352844698818494,14.725560052517165,True
2015-12-27 17:00:00+00:00,6.506611680383148,10.68103731263959,False
2015-12-27 17:30:00+00:00,4.560811195790299,7.485183885010164,True
2015-12-27 18:00:00+00:00,3.5580616108981964,5.286082124965182,False
2015-12-27 18:30:00+00:00,3.4140401209296516,4.447604739332268,True
2015-12-27 19:00:00+00:00,3.276634388925378,3.82663761601904,False
2015-12-27 19:30:00+00:00,2.3074670308293905,2.99346625164453,True
2015-12-27 20:00:00+00:00,1.46013717930097,2.4299900462275525,False
2015-12-27 20:30:00+00:00,1.874225220247497,2.314067849307339,True
2015-12-27 21:00:00+00:00,2.288313261194024,2.2308521201968543,False
2015-12-27 21:30:00+00:00,1.8634337450743652,2.1004593153122775,True
2015-12-27 22:00:00+00:00,1.4385542289547069,1.9906542766947315,False
2015-12-27 22:30:00+00:00,1.631650601091346,1.9265953653154504,True
2015-12-27 23:00:00+00:00,1.8247469732279855,1.896385981089297,False
2015-12-27 23:30:00+00:00,1.8239363030190525,1.978184133406407,True
2015-12-28 00:00:00+00:00,1.8215118326591693,2.059982285723517,False
2015-12-28 00:30:00+00:00,1.1283063217230864,1.6509505657231502,True
2015-12-28 01:00:00+00:00,0.4367146109379542,1.0883419357202606,False
2015-12-28 01:30:00+00:00,0.5406038758476983,0.8371367691819463,True
2015-12-28 02:00:00+00:00,0.6444931407574424,0.6392086099095111,False
2015-12-28 02:30:00+00:00,0.32224657037872123,0.40780331385594515,True
2015-12-28 03:00:00+00:00,0.0,0.2766979205390233,False
2015-12-28 03:30:00+00:00,0.7047077829402535,0.6321390863397621,True
2015-12-28 04:00:00+00:00,1.409415565880507,0.987580252140501,False
2015-12-28 04:30:00+00:00,0.9728559108194097,0.9843549555395043,True
2015-12-28 05:00:00+00:00,0.5362962557583123,0.9811296589385076,False
2015-12-28 05:30:00+00:00,2.8608189986025483,2.329185850790001,True
2015-12-28 06:00:00+00:00,6.619177348584504,4.919309100892844,False
2015-12-28 06:30:00+00:00,9.642726053071419,8.260467956639697,True
2015-12-28 07:00:00+00:00,12.04454728357012,11.647411545450185,False
2015-12-28 07:30:00+00:00,13.268239515232976,13.879631676799042,True
2015-12-28 08:00:00+00:00,14.362784026189898,15.82080580428208,False
2015-12-28 08:30:00+00:00,16.366804879270806,18.19785573276822,True
2015-12-28 09:00:00+00:00,17.68786531990814,19.63775836673077,False
2015-12-28 09:30:00+00:00,16.98719980998248,19.702948437335138,True
2015-12-28 10:00:00+00:00,16.286534300056825,19.760925527326744,False
2015-12-28 10:30:00+00:00,17.01279212789015,20.108279991554117,True
2015-12-28 11:00:00+00:00,17.73904995572348,20.46781070787589,False
2015-12-28 11:30:00+00:00,17.606636020729017,20.579202050193853,True
2015-12-28 12:00:00+00:00,17.254762032931737,20.6259716281046,False
2015-12-28 12:30:00+00:00,14.802361371272871,18.556034880520446,True
2015-12-28 13:00:00+00:00,12.569420762416822,16.486098132936295,False
2015-12-28 13:30:00+00:00,15.50217082324218,18.025855249454125,True
2015-12-28 14:00:00+00:00,18.434920884067537,19.56561236597196,False
2015-12-28 14:30:00+00:00,17.031744058756694,19.289742873770514,True
2015-12-28 15:00:00+00:00,14.580117424561331,18.609582595391725,False
2015-12-28 15:30:00+00:00,12.317575293177804,16.435824546368767,True
2015-12-28 16:00:00+00:00,9.981950159151928,13.366873193604592,False
2015-12-28 16:30:00+00:00,7.793064291201925,10.782038419283442,True
2015-12-28 17:00:00+00:00,5.602525196510306,8.212951622821073,False
2015-12-28 17:30:00+00:00,2.734890444549504,5.273247953303255,True
2015-12-28 18:00:00+00:00,0.9904417308571788,3.0968450594565224,False
2015-12-28 18:30:00+00:00,1.3749072819702959,2.1832657916416323,True
2015-12-28 19:00:00+00:00,1.9476708458126224,1.7901218602154407,False
2015-12-28 19:30:00+00:00,2.35224711395934,2.2135800564752577,True
2015-12-28 20:00:00+00:00,2.5685253693768475,2.637038252735074,False
2015-12-28 20:30:00+00:00,2.1144686604048695,2.4778988813883718,True
2015-12-28 21:00:00+00:00,1.545379862134862,2.185817887323301,False
2015-12-28 21:30:00+00:00,1.3394621831227178,1.79568839609742,True
2015-12-28 22:00:00+00:00,1.248576593408603,1.5385005275899069,False
2015-12-28 22:30:00+00:00,1.748505032618907,1.8252479033607036,True
2015-12-28 23:00:00+00:00,2.2484334718292107,2.1119952791315004,False
2015-12-28 23:30:00+00:00,1.793588969420612,2.023211978281021,True
2015-12-29 00:00:00+00:00,1.2518156048016305,1.84270081296996,False
2015-12-29 00:30:00+00:00,1.1030533441677088,1.5090669637279888,True
2015-12-29 01:00:00+00:00,1.04121994574417,1.2671609789465996,False
2015-12-29 01:30:00+00:00,1.1211158128082612,1.2897969589461395,True
2015-12-29 02:00:00+00:00,1.2831246440393107,1.3461720177926328,False
2015-12-29 02:30:00+00:00,1.5798946477560885,1.5941858510177052,True
2015-12-29 03:00:00+00:00,1.7945516873059084,1.8084606053958243,False
2015-12-29 03:30:00+00:00,1.4859314826518533,1.702026524564464,True
2015-12-29 04:00:00+00:00,1.177311277997798,1.5955924437331035,False
2015-12-29 04:30:00+00:00,3.3936647728227487,2.9412980478222943,True
2015-12-29 05:00:00+00:00,7.175730611466809,5.601252729445401,False
2015-12-29 05:30:00+00:00,11.020179128757308,9.473404122012541,True
2015-12-29 06:00:00+00:00,13.72739906852045,13.246591238641926,False
2015-12-29 06:30:00+00:00,14.434605132438374,15.545080228377397,True
2015-12-29 07:00:00+00:00,14.713327430064544,16.810033400992236,False
2015-12-29 07:30:00+00:00,14.713327430064544,17.031772303102276,True
2015-12-29 08:00:00+00:00,14.713327430064544,17.214822956747856,False
2015-12-29 08:30:00+00:00,15.288846852415134,17.77246711310637,True
2015-12-29 09:00:00+00:00,15.864366274765723,18.19081397226041,False
2015-12-29 09:30:00+00:00,15.593532814284366,18.194602384561115,True
2015-12-29 10:00:00+00:00,15.32269935380301,18.198399348566927,False
2015-12-29 10:30:00+00:00,16.25069625330801,18.891474418862515,True
2015-12-29 11:00:00+00:00,17.178693152813015,19.580777498646405,False
2015-12-29 11:30:00+00:00,16.45974833457322,19.392266655537412,True
2015-12-29 12:00:00+00:00,15.740803516333424,19.08672785695756,False
2015-12-29 12:30:00+00:00,15.783804977225994,18.80583305756997,True
2015-12-29 13:00:00+00:00,15.901488195240438,18.64196621365324,False
2015-12-29 13:30:00+00:00,16.99880960763058,19.602456520224163,True
2015-12-29 14:00:00+00:00,18.02144926289885,20.56294682679508,False
2015-12-29 14:30:00+00:00,16.229629911140982,19.649908149411438,True
2015-12-29 15:00:00+00:00,14.362784026189898,18.262535548445715,False
2015-12-29 15:30:00+00:00,14.285379758906727,17.536941008267064,True
2015-12-29 16:00:00+00:00,14.20631362963446,16.648082565226563,False
2015-12-29 16:30:00+00:00,10.946717184575721,14.054672947839263,True
2015-12-29 17:00:00+00:00,6.448724030175581,10.579699535794177,False
2015-12-29 17:30:00+00:00,3.9123704428795083,7.161510067752992,True
2015-12-29 18:00:00+00:00,2.469377012713157,4.494767060656783,False
2015-12-29 18:30:00+00:00,2.1089822484833642,3.084094952149222,True
2015-12-29 19:00:00+00:00,1.9703124316475609,2.441138003798406,False
2015-12-29 19:30:00+00:00,2.23169954038752,2.5036224315130293,True
2015-12-29 20:00:00+00:00,2.4930866491274783,2.593759257591997,False
2015-12-29 20:30:00+00:00,2.4337588087546824,2.6509526716939584,True
2015-12-29 21:00:00+00:00,2.296935769982344,2.680493687431576,False
2015-12-29 21:30:00+00:00,1.8888836721666542,2.3793885047581576,True
2015-12-29 22:00:00+00:00,1.5583267727505066,2.07828332208474,False
2015-12-29 22:30:00+00:00,3.9740472816334185,3.634879876267492,True
2015-12-29 23:00:00+00:00,6.38976779051633,5.191476430450244,False
2015-12-29 23:30:00+00:00,4.440522147762258,4.914971181963651,True
2015-12-30 00:00:00+00:00,2.27645722758774,4.334180080626723,False
2015-12-30 00:30:00+00:00,1.9567804944091127,3.2001044828951297,True
2015-12-30 01:00:00+00:00,1.7967085414972446,2.236574096535465,False
2015-12-30 01:30:00+00:00,1.7248313042711867,2.059317773447907,True
2015-12-30 02:00:00+00:00,1.653260558343487,1.9299991732994533,False
2015-12-30 02:30:00+00:00,1.3916114618493733,1.6922010609255862,True
2015-12-30 03:00:00+00:00,1.1848703712105872,1.5402058670910226,False
2015-12-30 03:30:00+00:00,1.345646453547218,1.588329737192152,True
2015-12-30 04:00:00+00:00,1.7244497438754802,1.7171191488272957,False
2015-12-30 04:30:00+00:00,2.5793565107060448,2.345529935860409,True
2015-12-30 05:00:00+00:00,3.997196101525081,3.548799771010458,False
2015-12-30 05:30:00+00:00,6.076704779431812,5.40256799463506,True
2015-12-30 06:00:00+00:00,8.9911702522007,8.161320603725715,False
2015-12-30 06:30:00+00:00,14.37869929388416,13.102895678081106,True
2015-12-30 07:00:00+00:00,18.15031150872536,17.81316940926338,False
2015-12-30 07:30:00+00:00,18.118320098087846,20.312252815022415,True
2015-12-30 08:00:00+00:00,18.03432137464132,21.482128588837565,False
2015-12-30 08:30:00+00:00,17.691992343436997,21.19043163187937,True
2015-12-30 09:00:00+00:00,17.026876020118582,20.54437251851554,False
2015-12-30 09:30:00+00:00,15.37515416528454,18.91627796493503,True
2015-12-30 10:00:00+00:00,14.0982269153736,17.642545567760152,False
2015-12-30 10:30:00+00:00,16.830407487419297,19.431861261334202,True
2015-12-30 11:00:00+00:00,19.562588059464996,21.22117695490825,False
2015-12-30 11:30:00+00:00,15.86170968864255,19.15166949733858,True
2015-12-30 12:00:00+00:00,12.160831317820104,17.08216203976891,False
2015-12-30 12:30:00+00:00,15.70971489653907,18.612310678351506,True
2015-12-30 13:00:00+00:00,19.258598475258037,20.142459316934094,False
2015-12-30 13:30:00+00:00,15.91400961883743,18.715605423560884,True
2015-12-30 14:00:00+00:00,12.569420762416822,17.288751530187675,False
2015-12-30 14:30:00+00:00,17.28773449286426,20.08456829464998,True
2015-12-30 15:00:00+00:00,22.0060482233117,22.88038505911228,False
2015-12-30 15:30:00+00:00,16.17402849357433,20.227577408746424,True
2015-12-30 16:00:00+00:00,9.282068336657618,15.807317672076286,False
2015-12-30 16:30:00+00:00,7.902607157178529,12.092050949140123,True
2015-12-30 17:00:00+00:00,6.738399018706704,8.740765366738062,False
2015-12-30 17:30:00+00:00,3.9427280785255476,6.127957460678489,True
2015-12-30 18:00:00+00:00,1.7082711816151848,4.084141927570126,False
2015-12-30 18:30:00+00:00,1.2547631632104923,2.4329386842603857,True
2015-12-30 19:00:00+00:00,1.0693066830358242,1.4828792028225153,False
2015-12-30 19:30:00+00:00,1.045391789251521,1.2676467762307073,True
2015-12-30 20:00:00+00:00,1.0368987001384704,1.185749160585998,False
2015-12-30 20:30:00+00:00,1.270638851054931,1.3425419160951781,True
2015-12-30 21:00:00+00:00,1.5043790019713914,1.4993346716043583,False
2015-12-30 21:30:00+00:00,0.947527515729621,1.2560350031862415,True
2015-12-30 22:00:00+00:00,0.2775152500435047,0.840565326526673,False
2015-12-30 22:30:00+00:00,0.08217723529957939,0.4193237241196308,True
2015-12-30 23:00:00+00:00,0.0,0.1191292946009759,False
2015-12-30 23:30:00+00:00,0.0,0.034003229623955876,True
2015-12-31 00:00:00+00:00,0.0,0.0,False
2015-12-31 00:30:00+00:00,0.4244340439229115,0.26996489988077643,True
2015-12-31 01:00:00+00:00,0.848868087845823,0.5949015546843964,False
2015-12-31 01:30:00+00:00,0.7353062817428083,0.6898216830369566,True
2015-12-31 02:00:00+00:00,0.5211450800589916,0.7297700564666728,False
2015-12-31 02:30:00+00:00,0.21027284223909484,0.5155363762218103,True
2015-12-31 03:00:00+00:00,0.0,0.2237323650823221,False
2015-12-31 03:30:00+00:00,0.0,0.07308101709384819,True
2015-12-31 04:00:00+00:00,0.0,0.0,False
2015-12-31 04:30:00+00:00,0.0,0.0,True
2015-12-31 05:00:00+00:00,0.0,0.0,False
2015-12-31 05:30:00+00:00,0.4150500395557822,0.2867042419185089,True
2015-12-31 06:00:00+00:00,1.4396334014201575,1.008752504486485,False
2015-12-31 06:30:00+00:00,4.9504126986464145,3.5513485303036205,True
2015-12-31 07:00:00+00:00,9.39644922256324,7.370336955755537,False
2015-12-31 07:30:00+00:00,12.140183595992028,11.141314678206093,True
2015-12-31 08:00:00+00:00,14.44720784826893,14.782823095691366,False
2015-12-31 08:30:00+00:00,16.97565403898951,18.33494202051253,True
2015-12-31 09:00:00+00:00,18.396019801862817,20.30479383001473,False
2015-12-31 09:30:00+00:00,15.38917273141259,18.549492588021472,True
2015-12-31 10:00:00+00:00,12.382325660962364,16.794191346028214,False
2015-12-31 10:30:00+00:00,14.067736621484446,16.96449071022145,True
2015-12-31 11:00:00+00:00,15.753147582006529,17.134790074414685,False
2015-12-31 11:30:00+00:00,13.20284458160511,15.79184379881548,True
2015-12-31 12:00:00+00:00,10.65254158120369,14.363221375172536,False
2015-12-31 12:30:00+00:00,11.84931973266024,14.229061159692913,True
2015-12-31 13:00:00+00:00,13.074914274438504,14.180577092257028,False
2015-12-31 13:30:00+00:00,13.104690019709121,14.57051811218174,True
2015-12-31 14:00:00+00:00,13.1339516651141,15.2364472198347,False
2015-12-31 14:30:00+00:00,13.834919101438791,15.952752585302983,True
2015-12-31 15:00:00+00:00,14.507584247307404,16.393069863043017,False
2015-12-31 15:30:00+00:00,11.855829611102292,14.708917271226472,True
2015-12-31 16:00:00+00:00,7.746930964006916,11.65456774152856,False
2015-12-31 16:30:00+00:00,4.8910245774134555,8.341803341714149,True
2015-12-31 17:00:00+00:00,2.624564900637252,5.155739551566504,False
2015-12-31 17:30:00+00:00,0.8784337997821219,2.7046558923042716,True
2015-12-31 18:00:00+00:00,0.0,1.127025550522216,False
2015-12-31 18:30:00+00:00,0.10328595797992404,0.48868507213852885,True
2015-12-31 19:00:00+00:00,0.3143464958987587,0.22038760448927,False
2015-12-31 19:30:00+00:00,0.6031747893044522,0.42906350052413184,True
2015-12-31 20:00:00+00:00,1.000165828994492,0.8358262012338423,False
2015-12-31 20:30:00+00:00,1.6913087199824473,1.490864733259513,True
2015-12-31 21:00:00+00:00,2.166514284747146,1.947816460610335,False
2015-12-31 21:30:00+00:00,1.1412752823278824,1.53802428578429,True
2015-12-31 22:00:00+00:00,0.1160362799086185,1.0117266862568897,False
2015-12-31 22:30:00+00:00,0.5229829354800688,0.8360843188242603,True
2015-12-31 23:00:00+00:00,0.9299295910515192,0.7014925636019219,False
2015-12-31 23:30:00+00:00,0.4738754836076888,0.5593039899153246,True
2016-01-01 00:00:00+00:00,0.0119319504971304,0.407643746939358,False
2016-01-01 00:30:00+00:00,0.003021262415201175,0.16518365369734975,True
2016-01-01 01:00:00+00:00,0.0,0.0051214762303891,False
2016-01-01 01:30:00+00:00,0.0,0.0012964551125014504,True
2016-01-01 02:00:00+00:00,0.0,0.0,False
2016-01-01 02:30:00+00:00,0.0,0.0,True
2016-01-01 03:00:00+00:00,0.0,0.0,False
2016-01-01 03:30:00+00:00,0.5156535139606446,0.3447743797407339,True
2016-01-01 04:00:00+00:00,1.5313536503534222,1.0730213322440698,False
2016-01-01 04:30:00+00:00,2.8334957179414353,2.2203386134511858,True
2016-01-01 05:00:00+00:00,4.414114016819223,3.761726097654205,False
2016-01-01 05:30:00+00:00,5.924205011974412,5.390690375297136,True
2016-01-01 06:00:00+00:00,7.799902673260636,7.4500597830238116,False
2016-01-01 06:30:00+00:00,11.901512960477703,11.047483237159422,True
2016-01-01 07:00:00+00:00,14.858993727841831,14.452861323953448,False
2016-01-01 07:30:00+00:00,14.810418126924061,16.164413794840602,True
2016-01-01 08:00:00+00:00,14.76184252600629,17.315130051630177,False
2016-01-01 08:30:00+00:00,15.357299042394764,18.001927096070172,True
2016-01-01 09:00:00+00:00,16.37385111862275,18.649588364711857,False
2016-01-01 09:30:00+00:00,17.299836633049946,19.723672225774298,True
2016-01-01 10:00:00+00:00,18.137411143270544,20.85828336230405,False
2016-01-01 10:30:00+00:00,18.75566471805723,21.79210615998038,True
2016-01-01 11:00:00+00:00,19.20591239561673,22.534294379771776,False
2016-01-01 11:30:00+00:00,19.526310030221122,23.10817943482508,True
2016-01-01 12:00:00+00:00,19.682029006419786,23.39724124369124,False
2016-01-01 12:30:00+00:00,18.585011849043024,22.558787366793926,True
2016-01-01 13:00:00+00:00,16.86288596287156,21.05841165703181,False
2016-01-01 13:30:00+00:00,15.66472313348126,19.52766809652201,True
2016-01-01 14:00:00+00:00,14.616417500613863,18.007881920931013,False
2016-01-01 14:30:00+00:00,13.810061882857315,16.860118722031693,True
2016-01-01 15:00:00+00:00,12.968784653669962,15.736595804693552,False
2016-01-01 15:30:00+00:00,11.854115185776305,14.504068742759166,True
2016-01-01 16:00:00+00:00,10.28873989131704,12.939549122125875,False
2016-01-01 16:30:00+00:00,6.869893842958195,10.070890058397623,True
2016-01-01 17:00:00+00:00,3.4965905952145904,6.842379737576473,False
2016-01-01 17:30:00+00:00,1.9633205582873527,4.180005110359965,True
2016-01-01 18:00:00+00:00,0.990441730857179,2.1952961080093107,False
2016-01-01 18:30:00+00:00,0.3177483853506371,0.9898285820958201,True
2016-01-01 19:00:00+00:00,0.0,0.4252634134931008,False
2016-01-01 19:30:00+00:00,0.5848760138018176,0.6224712128817903,True
2016-01-01 20:00:00+00:00,1.1697520276036353,0.8196790122704796,False
2016-01-01 20:30:00+00:00,0.5848760138018176,0.7096002022940318,True
2016-01-01 21:00:00+00:00,0.0,0.5022733178558667,False
2016-01-01 21:30:00+00:00,0.0,0.2025126216970747,True
2016-01-01 22:00:00+00:00,0.0,0.0,False
2016-01-01 22:30:00+00:00,0.0,0.0,True
2016-01-01 23:00:00+00:00,0.0,0.0,False
2016-01-01 23:30:00+00:00,0.0,0.0,True
2016-01-02 00:00:00+00:00,0.0,0.0,False
2016-01-02 00:30:00+00:00,0.0276575231515447,0.01939601969590265,True
2016-01-02 01:00:00+00:00,0.0553150463030894,0.0387920393918053,False
2016-01-02 01:30:00+00:00,0.0276575231515447,0.03357023525409935,True
2016-01-02 02:00:00+00:00,0.0,0.0237429824109379,False
2016-01-02 02:30:00+00:00,0.0,0.0095687668527412,True
2016-01-02 03:00:00+00:00,0.0,0.0,False
2016-01-02 03:30:00+00:00,0.0,0.0,True
2016-01-02 04:00:00+00:00,0.0,0.0,False
2016-01-02 04:30:00+00:00,0.23611263432553276,0.16452439313994208,True
2016-01-02 05:00:00+00:00,0.8758909889517806,0.613831115789427,False
2016-01-02 05:30:00+00:00,5.430660333627726,3.698135176667016,True
2016-01-02 06:00:00+00:00,11.190053653890605,8.511831897142992,False
2016-01-02 06:30:00+00:00,14.331354812271988,13.629873182374478,True
2016-01-02 07:00:00+00:00,15.864366274765723,16.733739478498034,False
2016-01-02 07:30:00+00:00,14.593717524921082,16.49330002184067,True
2016-01-02 08:00:00+00:00,12.569420762416822,15.9232756230103,False
2016-01-02 08:30:00+00:00,10.80349382778891,13.992935715178781,True
2016-01-02 09:00:00+00:00,9.791214905820622,12.392180749520271,False
2016-01-02 09:30:00+00:00,12.89769742764145,14.15174551683654,True
2016-01-02 10:00:00+00:00,17.140698885804433,17.255128169810508,False
2016-01-02 10:30:00+00:00,19.35436688172177,20.931165612332133,True
2016-01-02 11:00:00+00:00,20.431515941296954,23.263385169196063,False
2016-01-02 11:30:00+00:00,19.920178872485238,23.212228363063023,True
2016-01-02 12:00:00+00:00,18.7863351537326,23.06614073290873,False
2016-01-02 12:30:00+00:00,15.915813492034092,20.482428004921346,True
2016-01-02 13:00:00+00:00,13.6677984802765,17.993646100955218,False
2016-01-02 13:30:00+00:00,15.493016690209604,18.50944465598678,True
2016-01-02 14:00:00+00:00,17.31823490014271,19.025243211018346,False
2016-01-02 14:30:00+00:00,15.481104649462578,18.391101206013992,True
2016-01-02 15:00:00+00:00,13.643974398782449,17.385265933477726,False
2016-01-02 15:30:00+00:00,13.727455835760548,16.79548541575412,True
2016-01-02 16:00:00+00:00,13.810937272738649,16.02551842753479,False
2016-01-02 16:30:00+00:00,10.704018661934674,13.600609882098594,True
2016-01-02 17:00:00+00:00,6.09751048334914,10.162610715070088,False
2016-01-02 17:30:00+00:00,3.1302273389611055,6.531930922770437,True
2016-01-02 18:00:00+00:00,1.190269627715782,3.448093625079247,False
2016-01-02 18:30:00+00:00,0.3693073952893331,1.4777524309152406,True
2016-01-02 19:00:00+00:00,0.0206092975017295,0.52553910176272,False
2016-01-02 19:30:00+00:00,0.5276736768889584,0.5999661638771375,True
2016-01-02 20:00:00+00:00,1.0347380562761874,0.7339478471798808,False
2016-01-02 20:30:00+00:00,0.9470440950072838,0.902714776563107,True
2016-01-02 21:00:00+00:00,0.8099507989653133,1.0119270847580075,False
2016-01-02 21:30:00+00:00,0.697113458368611,0.9019135155132486,True
2016-01-02 22:00:00+00:00,0.6336754525449756,0.7918999462684897,False
2016-01-02 22:30:00+00:00,0.8595924808103761,0.912309700733972,True
2016-01-02 23:00:00+00:00,1.0855095090757765,1.0327194551994543,False
2016-01-02 23:30:00+00:00,0.8416323867516086,0.9551368449138543,True
2016-01-03 00:00:00+00:00,0.464861296070103,0.7919613411508526,False
2016-01-03 00:30:00+00:00,0.16598366385638272,0.4902861844661644,True
2016-01-03 01:00:00+00:00,0.0,0.1995653564140083,False
2016-01-03 01:30:00+00:00,0.0,0.06246339578456931,True
2016-01-03 02:00:00+00:00,0.0,0.0,False
2016-01-03 02:30:00+00:00,0.10679400983799545,0.07488064780214547,True
2016-01-03 03:00:00+00:00,0.2135880196759909,0.1497612956042909,False
2016-01-03 03:30:00+00:00,0.10679400983799545,0.12961177310232894,True
2016-01-03 04:00:00+00:00,0.0,0.091684860864454,False
2016-01-03 04:30:00+00:00,0.0,0.03695373556427053,True
2016-01-03 05:00:00+00:00,0.0,0.0,False
2016-01-03 05:30:00+00:00,2.650238582767624,1.6855292176972272,True
2016-01-03 06:00:00+00:00,6.677134651045467,4.73127827177392,False
2016-01-03 06:30:00+00:00,9.282325007524296,7.983786250453643,True
2016-01-03 07:00:00+00:00,11.36243017872516,11.132168487279552,False
2016-01-03 07:30:00+00:00,13.12613247968479,13.731644549858355,True
2016-01-03 08:00:00+00:00,14.03826248041216,15.267286243645442,False
2016-01-03 08:30:00+00:00,13.621565823816866,15.500617537963432,True
2016-01-03 09:00:00+00:00,13.204869167221574,15.69122746106571,False
2016-01-03 09:30:00+00:00,14.025855070606497,16.27371074288531,True
2016-01-03 10:00:00+00:00,14.84684097399142,16.70665567018669,False
2016-01-03 10:30:00+00:00,14.382676312471002,16.65734915603299,True
2016-01-03 11:00:00+00:00,13.918511650950585,16.608042641879283,False
2016-01-03 11:30:00+00:00,14.717891924930715,17.120533683533395,True
2016-01-03 12:00:00+00:00,16.348889371506843,18.281985986040333,False
2016-01-03 12:30:00+00:00,19.39933434158332,21.431836520461808,True
2016-01-03 13:00:00+00:00,21.618162139063795,24.05998719421416,False
2016-01-03 13:30:00+00:00,21.002410513917397,24.256743520899565,True
2016-01-03 14:00:00+00:00,19.65546266366885,24.326238447401288,False
2016-01-03 14:30:00+00:00,16.42138904475864,21.734686623437316,True
2016-01-03 15:00:00+00:00,13.918511650950585,18.546234934600687,False
2016-01-03 15:30:00+00:00,14.406989434685785,17.77468848037598,True
2016-01-03 16:00:00+00:00,14.895467218420984,17.041686301807154,False
2016-01-03 16:30:00+00:00,12.785771749442873,15.31098838226538,True
2016-01-03 17:00:00+00:00,8.947615618120423,12.709597541813274,False
2016-01-03 17:30:00+00:00,3.9561611662105065,8.309996624438806,True
2016-01-03 18:00:00+00:00,0.6931673766449249,4.309597974242967,False
2016-01-03 18:30:00+00:00,1.262192291153317,2.5841015188564875,True
2016-01-03 19:00:00+00:00,1.8312172056617089,1.5808001781753178,False
2016-01-03 19:30:00+00:00,0.9156086028308544,1.0865266040107784,True
2016-01-03 20:00:00+00:00,0.0,0.7863648884050751,False
2016-01-03 20:30:00+00:00,0.3341452617973029,0.5706130919015974,True
2016-01-03 21:00:00+00:00,0.668290523594606,0.4684005650824563,False
2016-01-03 21:30:00+00:00,0.6482051681884365,0.586469158590182,True
2016-01-03 22:00:00+00:00,0.5958100770242766,0.7045377520979077,False
2016-01-03 22:30:00+00:00,0.2817501706331429,0.5208962787200904,True
2016-01-03 23:00:00+00:00,0.0,0.2557930424849116,False
2016-01-03 23:30:00+00:00,0.0,0.0871656398137751,True
2016-01-04 00:00:00+00:00,0.0,0.0,False
2016-01-04 00:30:00+00:00,0.0,0.0,True
2016-01-04 01:00:00+00:00,0.0,0.0,False
2016-01-04 01:30:00+00:00,0.0,0.0,True
2016-01-04 02:00:00+00:00,0.0,0.0,False
2016-01-04 02:30:00+00:00,0.0,0.0,True
2016-01-04 03:00:00+00:00,0.0,0.0,False
2016-01-04 03:30:00+00:00,0.0,0.0,True
2016-01-04 04:00:00+00:00,0.0,0.0,False
2016-01-04 04:30:00+00:00,0.9721477392220362,0.6514288079338988,True
2016-01-04 05:00:00+00:00,2.933865362434215,2.057584092317487,False
2016-01-04 05:30:00+00:00,6.21226954273648,4.723597634354091,True
2016-01-04 06:00:00+00:00,9.01574862441441,7.723794531090477,False
2016-01-04 06:30:00+00:00,9.659588714048741,9.595710643864749,True
2016-01-04 07:00:00+00:00,10.254720011091749,11.261237809379445,False
2016-01-04 07:30:00+00:00,12.367474685504417,13.463875428084467,True
2016-01-04 08:00:00+00:00,14.0142933671426,14.783992162899594,False
2016-01-04 08:30:00+00:00,12.820921636921495,14.59991655563068,True
2016-01-04 09:00:00+00:00,11.62754990670039,14.415840948361764,False
2016-01-04 09:30:00+00:00,13.752143711838617,15.565390800466307,True
2016-01-04 10:00:00+00:00,15.876737516976844,16.92682846884615,False
2016-01-04 10:30:00+00:00,15.14387451539573,17.195128984919943,True
2016-01-04 11:00:00+00:00,14.411011513814614,17.43664509597994,False
2016-01-04 11:30:00+00:00,15.13082774656861,17.921826622042225,True
2016-01-04 12:00:00+00:00,16.699388548331108,18.788538640468456,False
2016-01-04 12:30:00+00:00,20.41075924894077,22.57569153620329,True
2016-01-04 13:00:00+00:00,23.27338538054193,25.796210528312667,False
2016-01-04 13:30:00+00:00,20.31486998601071,24.656402642619806,True
2016-01-04 14:00:00+00:00,17.356354591479487,22.901807997164266,False
2016-01-04 14:30:00+00:00,17.470998850377274,21.80444471708029,True
2016-01-04 15:00:00+00:00,17.585643109275065,20.7641225758382,False
2016-01-04 15:30:00+00:00,16.677637628556152,19.748337614100862,True
2016-01-04 16:00:00+00:00,14.773977588966742,18.43132767917347,False
2016-01-04 16:30:00+00:00,11.651903708851979,15.589434219394459,True
2016-01-04 17:00:00+00:00,7.949023009340189,11.913347252899012,False
2016-01-04 17:30:00+00:00,4.546144224788593,8.141851053459808,True
2016-01-04 18:00:00+00:00,2.0889009725148204,4.865303807396368,False
2016-01-04 18:30:00+00:00,0.9695867161936497,2.562932425530467,True
2016-01-04 19:00:00+00:00,0.4810983058621761,1.234274251462983,False
2016-01-04 19:30:00+00:00,0.586161705894232,0.8658427032606776,True
2016-01-04 20:00:00+00:00,0.7353447382014473,0.7219130947114857,False
2016-01-04 20:30:00+00:00,0.8007933732158068,0.793639482935578,True
2016-01-04 21:00:00+00:00,0.8704866028749118,0.9257569501353148,False
2016-01-04 21:30:00+00:00,1.0648184548662876,1.1041597951103646,True
2016-01-04 22:00:00+00:00,1.2107860799377586,1.2221715611097697,False
2016-01-04 22:30:00+00:00,1.0935906871573162,1.2166358259704295,True
2016-01-04 23:00:00+00:00,0.976395294376874,1.2041303795766285,False
2016-01-04 23:30:00+00:00,1.0044863463631197,1.1829904609371669,True
2016-01-05 00:00:00+00:00,1.0325773983493651,1.1428192078413535,False
2016-01-05 00:30:00+00:00,0.8354327318114624,1.012464182722619,True
2016-01-05 01:00:00+00:00,0.5092399491494847,0.8003246702155528,False
2016-01-05 01:30:00+00:00,0.19009591651270485,0.4953050891384137,True
2016-01-05 02:00:00+00:00,0.0,0.2186204998781456,False
2016-01-05 02:30:00+00:00,0.0,0.06958497929793589,True
2016-01-05 03:00:00+00:00,0.0,0.0,False
2016-01-05 03:30:00+00:00,0.0,0.0,True
2016-01-05 04:00:00+00:00,0.0,0.0,False
2016-01-05 04:30:00+00:00,0.11523691931979624,0.08026291844446014,True
2016-01-05 05:00:00+00:00,0.4150611051784779,0.2909712290762821,False
2016-01-05 05:30:00+00:00,1.5591491831677597,1.1303487089786857,True
2016-01-05 06:00:00+00:00,3.754382015154384,2.814594564347515,False
2016-01-05 06:30:00+00:00,8.513239661242828,6.648735099365153,True
2016-01-05 07:00:00+00:00,13.264027956004751,11.405668297936884,False
2016-01-05 07:30:00+00:00,15.532821969079382,15.755606907889254,True
2016-01-05 08:00:00+00:00,16.5739533129443,18.20743908663374,False
2016-01-05 08:30:00+00:00,13.238988028239898,16.163268520115114,True
2016-01-05 09:00:00+00:00,9.904022743535496,14.119097953596484,False
2016-01-05 09:30:00+00:00,11.273719475000094,14.156172716203507,True
2016-01-05 10:00:00+00:00,13.56066246227746,14.26307389084918,False
2016-01-05 10:30:00+00:00,15.748049372032561,16.279802091186422,True
2016-01-05 11:00:00+00:00,17.242076431218123,18.91403846677641,False
2016-01-05 11:30:00+00:00,17.608908317936137,20.233432435126115,True
2016-01-05 12:00:00+00:00,17.751853799410917,20.865491816184424,False
2016-01-05 12:30:00+00:00,17.34819749073122,20.609215195389467,True
2016-01-05 13:00:00+00:00,16.63663501816716,20.090218084682935,False
2016-01-05 13:30:00+00:00,16.01122578548991,19.38984290714447,True
2016-01-05 14:00:00+00:00,15.261471623961071,18.45968491249183,False
2016-01-05 14:30:00+00:00,14.28799696192791,17.388077557255347,True
2016-01-05 15:00:00+00:00,12.93344721298417,15.971660308721232,False
2016-01-05 15:30:00+00:00,10.437945247240792,13.653088047972291,True
2016-01-05 16:00:00+00:00,7.534192435842701,10.8493085861189,False
2016-01-05 16:30:00+00:00,5.096648850487238,8.00402162067822,True
2016-01-05 17:00:00+00:00,3.0718237957685246,5.380140705388429,False
2016-01-05 17:30:00+00:00,1.5088626954158983,3.2481961806832707,True
2016-01-05 18:00:00+00:00,0.5341318573528416,1.693399744158446,False
2016-01-05 18:30:00+00:00,0.15675181248895692,0.7489354158369945,True
2016-01-05 19:00:00+00:00,0.0,0.229308710635578,False
2016-01-05 19:30:00+00:00,0.0,0.06509003532949763,True
2016-01-05 20:00:00+00:00,0.0,0.0,False
2016-01-05 20:30:00+00:00,0.023861829526799203,0.0167342775873221,True
2016-01-05 21:00:00+00:00,0.0477236590535984,0.0334685551746442,False
2016-01-05 21:30:00+00:00,0.023861829526799196,0.02697650215678135,True
2016-01-05 22:00:00+00:00,0.0,0.0204844491389185,False
2016-01-05 22:30:00+00:00,0.3195421756450418,0.21573952646245587,True
2016-01-05 23:00:00+00:00,0.6390843512900835,0.4479391558402587,False
2016-01-05 23:30:00+00:00,0.5070406688071308,0.4933370368739485,True
2016-01-06 00:00:00+00:00,0.3749969863241782,0.5372698064847771,False
2016-01-06 00:30:00+00:00,0.7021666856857098,0.7275242939008209,True
2016-01-06 01:00:00+00:00,1.0293363850472417,0.8822993406854606,False
2016-01-06 01:30:00+00:00,0.514668192523621,0.7172769717145044,True
2016-01-06 02:00:00+00:00,0.0,0.4419675642528154,False
2016-01-06 02:30:00+00:00,0.0,0.16584026288104123,True
2016-01-06 03:00:00+00:00,0.0,0.0,False
2016-01-06 03:30:00+00:00,0.0,0.0,True
2016-01-06 04:00:00+00:00,0.0,0.0,False
2016-01-06 04:30:00+00:00,0.16253861406292902,0.11300166108312254,True
2016-01-06 05:00:00+00:00,0.5784983755718318,0.4054918085865465,False
2016-01-06 05:30:00+00:00,2.1622939487252144,1.5501751015622334,True
2016-01-06 06:00:00+00:00,4.6703694559336375,3.534863752477652,False
2016-01-06 06:30:00+00:00,8.034392617701684,6.611179237369057,True
2016-01-06 07:00:00+00:00,10.220714697968717,9.386700695977035,False
2016-01-06 07:30:00+00:00,9.927126968307746,10.499960786891663,True
2016-01-06 08:00:00+00:00,9.633539238646776,11.292136815642005,False
2016-01-06 08:30:00+00:00,10.659674406709591,12.037296902384975,True
2016-01-06 09:00:00+00:00,11.708436594500176,12.656986894110045,False
2016-01-06 09:30:00+00:00,11.731437023776623,13.064565575524778,True
2016-01-06 10:00:00+00:00,11.754699642814806,13.562316399408823,False
2016-01-06 10:30:00+00:00,13.62206976415818,15.116595959576347,True
2016-01-06 11:00:00+00:00,16.124738873451612,17.19295362926251,False
2016-01-06 11:30:00+00:00,17.39575367483448,19.359741994869466,True
2016-01-06 12:00:00+00:00,18.008580278777785,20.642134447594053,False
2016-01-06 12:30:00+00:00,15.426881080864014,19.04024092359079,True
2016-01-06 13:00:00+00:00,12.102664367413418,16.415322221583935,False
2016-01-06 13:30:00+00:00,11.126391061974132,14.516776661482442,True
2016-01-06 14:00:00+00:00,10.118785530493785,12.44961153177263,False
2016-01-06 14:30:00+00:00,6.700455475676267,9.539654551916783,True
2016-01-06 15:00:00+00:00,3.0793687767000404,6.476842296595632,False
2016-01-06 15:30:00+00:00,1.306522429496054,3.6266195265198315,True
2016-01-06 16:00:00+00:00,0.3760798887543408,1.5858844294133312,False
2016-01-06 16:30:00+00:00,0.15998243272702023,0.6335395648416763,True
2016-01-06 17:00:00+00:00,0.0780875559740239,0.2162070503779395,False
2016-01-06 17:30:00+00:00,0.15038554593805528,0.2255454042386239,True
2016-01-06 18:00:00+00:00,0.3110969172714756,0.2516280192773405,False
2016-01-06 18:30:00+00:00,0.7219855709044428,0.5669157312963373,True
2016-01-06 19:00:00+00:00,1.0444608431680211,0.8654591821373018,False
2016-01-06 19:30:00+00:00,0.5222304215840106,0.7109808503925357,True
2016-01-06 20:00:00+00:00,0.0,0.4484631341991719,False
2016-01-06 20:30:00+00:00,0.0,0.17021187487528708,True
2016-01-06 21:00:00+00:00,0.0,0.0,False
2016-01-06 21:30:00+00:00,0.0,0.0,True
2016-01-06 22:00:00+00:00,0.0,0.0,False
2016-01-06 22:30:00+00:00,0.0330797034307079,0.023198259693165697,True
2016-01-06 23:00:00+00:00,0.0661594068614158,0.0463965193863314,False
2016-01-06 23:30:00+00:00,0.0330797034307079,0.037397190384578755,True
2016-01-07 00:00:00+00:00,0.0,0.0283978613828261,False
2016-01-07 00:30:00+00:00,0.49900247174673784,0.301705835183258,True
2016-01-07 01:00:00+00:00,0.9980049434934756,0.6993707302129728,False
2016-01-07 01:30:00+00:00,0.9855529378064348,0.9591533034337725,True
2016-01-07 02:00:00+00:00,0.9504617906692576,1.0945789554252892,False
2016-01-07 02:30:00+00:00,0.4639113246095606,0.8153219899233254,True
2016-01-07 03:00:00+00:00,0.0,0.4080933471548841,False
2016-01-07 03:30:00+00:00,0.0,0.14006083494420335,True
2016-01-07 04:00:00+00:00,0.0,0.0,False
2016-01-07 04:30:00+00:00,0.028681199017408843,0.01901830828151833,True
2016-01-07 05:00:00+00:00,0.0824248971440234,0.0578021497513127,False
2016-01-07 05:30:00+00:00,0.12902326721075655,0.1016236299071027,True
2016-01-07 06:00:00+00:00,0.2103369947023484,0.182862091280723,False
2016-01-07 06:30:00+00:00,1.0924764943135286,0.7378819903821354,True
2016-01-07 07:00:00+00:00,2.040389459565257,1.5201786449040062,False
2016-01-07 07:30:00+00:00,2.1872712848936318,2.02009633656481,True
2016-01-07 08:00:00+00:00,2.3314253159646663,2.510321991072084,False
2016-01-07 08:30:00+00:00,3.1774435377874566,3.15509601634755,True
2016-01-07 09:00:00+00:00,3.906529755321533,3.745244658398553,False
2016-01-07 09:30:00+00:00,3.912450653881227,4.053894148349848,True
2016-01-07 10:00:00+00:00,3.918401613621194,4.429475285669618,False
2016-01-07 10:30:00+00:00,6.371813624545547,6.088664906919531,True
2016-01-07 11:00:00+00:00,8.819304050661069,7.998116187328018,False
2016-01-07 11:30:00+00:00,8.51650648387891,9.035660601084277,True
2016-01-07 12:00:00+00:00,8.083961716618408,9.535869858864912,False
2016-01-07 12:30:00+00:00,7.818585807550233,9.260329716043799,True
2016-01-07 13:00:00+00:00,7.682957098960401,8.927669700532281,False
2016-01-07 13:30:00+00:00,7.702808902561634,8.849040893106592,True
2016-01-07 14:00:00+00:00,7.722660706162867,8.787009377545491,False
2016-01-07 14:30:00+00:00,7.609344873333608,8.698405013975147,True
2016-01-07 15:00:00+00:00,7.440624268209839,8.595785562007245,False
2016-01-07 15:30:00+00:00,7.362690191971613,8.494393513138847,True
2016-01-07 16:00:00+00:00,7.2581042876560415,8.341881860594919,False
2016-01-07 16:30:00+00:00,6.446821085337802,7.784517033475793,True
2016-01-07 17:00:00+00:00,5.630772482885231,7.08208826839571,False
2016-01-07 17:30:00+00:00,5.535467847771934,6.68676161732717,True
2016-01-07 18:00:00+00:00,5.436386587354908,6.24907847777329,False
2016-01-07 18:30:00+00:00,4.254506423154824,5.358312390797871,True
2016-01-07 19:00:00+00:00,2.7657412759185083,4.271097927725871,False
2016-01-07 19:30:00+00:00,2.0937647278786966,3.2074454652187128,True
2016-01-07 20:00:00+00:00,1.633843707910113,2.332474385186904,False
2016-01-07 20:30:00+00:00,1.3566840097681836,1.862042841705682,True
2016-01-07 21:00:00+00:00,1.0822690054342463,1.4599937150644493,False
2016-01-07 21:30:00+00:00,0.4497928092336592,0.8461161583602794,True
2016-01-07 22:00:00+00:00,0.0,0.4647008777825569,False
2016-01-07 22:30:00+00:00,0.35511715842019914,0.49932022187617997,True
2016-01-07 23:00:00+00:00,0.8326531741403215,0.5835429125056724,False
2016-01-07 23:30:00+00:00,1.0672715331799292,0.9085666412928242,True
2016-01-08 00:00:00+00:00,1.1794710349196136,1.1839870235441066,False
2016-01-08 00:30:00+00:00,0.8647415878946598,1.0574346956067233,True
2016-01-08 01:00:00+00:00,0.4605312467238874,0.8292820420469349,False
2016-01-08 01:30:00+00:00,0.32540215693796865,0.5824478896067126,True
2016-01-08 02:00:00+00:00,0.2222571870541017,0.3535445953353733,False
2016-01-08 02:30:00+00:00,0.0823802064051674,0.20005592347328147,True
2016-01-08 03:00:00+00:00,0.0,0.0954065220927553,False
2016-01-08 03:30:00+00:00,0.0,0.030288162560399606,True
2016-01-08 04:00:00+00:00,0.0,0.0,False
2016-01-08 04:30:00+00:00,0.3564625952363515,0.24575813199715907,True
2016-01-08 05:00:00+00:00,1.2118658617187674,0.8491807116600868,False
2016-01-08 05:30:00+00:00,3.6752767898101966,2.6664579126364742,True
2016-01-08 06:00:00+00:00,6.863201469466608,5.387359699964902,False
2016-01-08 06:30:00+00:00,9.248903808620359,8.294970584492141,True
2016-01-08 07:00:00+00:00,11.178576453728663,11.067011197240884,False
2016-01-08 07:30:00+00:00,12.538224108876618,13.158228133929596,True
2016-01-08 08:00:00+00:00,13.56066246227746,14.797052731519472,False
2016-01-08 08:30:00+00:00,14.449254011019637,16.136120737092522,True
2016-01-08 09:00:00+00:00,14.907630132743323,16.904586040785315,False
2016-01-08 09:30:00+00:00,14.713648528562299,17.016282837609868,True
2016-01-08 10:00:00+00:00,14.519666924381273,17.132224201598834,False
2016-01-08 10:30:00+00:00,16.65300103905694,18.962879839695383,True
2016-01-08 11:00:00+00:00,18.7863351537326,20.686567189367302,False
2016-01-08 11:30:00+00:00,17.51151797363009,20.422249139066537,True
2016-01-08 12:00:00+00:00,16.236700793527582,20.157931088765764,False
2016-01-08 12:30:00+00:00,18.428657223493076,21.616071902448184,True
2016-01-08 13:00:00+00:00,20.62061365345857,23.074212716130603,False
2016-01-08 13:30:00+00:00,17.691666988737342,21.565938284581886,True
2016-01-08 14:00:00+00:00,14.050250602528164,19.03727014950501,False
2016-01-08 14:30:00+00:00,13.052203446330505,16.8794053082069,True
2016-01-08 15:00:00+00:00,12.230697893307378,14.910065150692729,False
2016-01-08 15:30:00+00:00,11.091569423288878,13.543747820452337,True
2016-01-08 16:00:00+00:00,9.62228794256428,12.122697564006868,False
2016-01-08 16:30:00+00:00,6.875854368869855,9.719520964388566,True
2016-01-08 17:00:00+00:00,4.465995597613629,7.249153896186934,False
2016-01-08 17:30:00+00:00,3.719693851905756,5.484450002876731,True
2016-01-08 18:00:00+00:00,3.133262846258448,4.114687617341427,False
2016-01-08 18:30:00+00:00,2.1183568548330287,2.9801677797047454,True
2016-01-08 19:00:00+00:00,1.47308644992836,2.377549391983365,False
2016-01-08 19:30:00+00:00,1.9415942252953602,2.3493908368129084,True
2016-01-08 20:00:00+00:00,2.41010200066236,2.321924584139401,False
2016-01-08 20:30:00+00:00,1.453176946134725,1.9409094103587634,True
2016-01-08 21:00:00+00:00,0.4962518916070897,1.3828153973824433,False
2016-01-08 21:30:00+00:00,0.5388311769271836,0.9225047294206988,True
2016-01-08 22:00:00+00:00,0.6455748855632806,0.6655300550001135,False
2016-01-08 22:30:00+00:00,1.0888360981057712,0.9401351896274799,True
2016-01-08 23:00:00+00:00,1.5583267727505068,1.3690854397176917,False
2016-01-08 23:30:00+00:00,1.7162439809243357,1.7212641256069139,True
2016-01-09 00:00:00+00:00,1.783767303679916,1.9190976960332904,False
2016-01-09 00:30:00+00:00,0.891883651839958,1.4433460300226042,True
2016-01-09 01:00:00+00:00,0.0,0.7659864246062709,False
2016-01-09 01:30:00+00:00,0.09788090128969537,0.3551706990945191,True
2016-01-09 02:00:00+00:00,0.2081696182429883,0.1459629129884141,False
2016-01-09 02:30:00+00:00,0.22272553377663662,0.1875652530334893,True
2016-01-09 03:00:00+00:00,0.2363438651559469,0.2550718243186156,False
2016-01-09 03:30:00+00:00,0.2752140192922905,0.2946392601326604,True
2016-01-09 04:00:00+00:00,0.3598358324242199,0.3537231447242105,False
2016-01-09 04:30:00+00:00,0.8527170138817612,0.7128502916536028,True
2016-01-09 05:00:00+00:00,1.9217939149184624,1.5011835273369731,False
2016-01-09 05:30:00+00:00,5.346947939454443,3.9309783625020724,True
2016-01-09 06:00:00+00:00,8.626606601176807,6.996608405335967,False
2016-01-09 06:30:00+00:00,9.286797031173565,9.144581633473285,True
2016-01-09 07:00:00+00:00,9.768671686521746,10.723869756579337,False
2016-01-09 07:30:00+00:00,10.324078185312981,11.459497678453541,True
2016-01-09 08:00:00+00:00,11.121217522939874,12.251530370306131,False
2016-01-09 08:30:00+00:00,14.381319108374015,15.308924527692735,True
2016-01-09 09:00:00+00:00,17.09008138235069,17.76813704369189,False
2016-01-09 09:30:00+00:00,15.390856582761062,17.550289960297295,True
2016-01-09 10:00:00+00:00,13.691631783171436,17.3324428769027,False
2016-01-09 10:30:00+00:00,14.497619416576775,17.462320899302913,True
2016-01-09 11:00:00+00:00,15.889111489689748,17.792514898663402,False
2016-01-09 11:30:00+00:00,17.4353178656301,19.443138420913403,True
2016-01-09 12:00:00+00:00,18.396019801862817,20.893445966203124,False
2016-01-09 12:30:00+00:00,15.871481808238292,19.234105378071387,True
2016-01-09 13:00:00+00:00,13.346943814613764,17.574764789939646,False
2016-01-09 13:30:00+00:00,15.697070215477456,18.557214228170864,True
2016-01-09 14:00:00+00:00,18.04719661634115,19.539663666402085,False
2016-01-09 14:30:00+00:00,17.192382834484196,19.47347960414162,True
2016-01-09 15:00:00+00:00,15.568269538641562,19.288683650661245,False
2016-01-09 15:30:00+00:00,13.66748203375509,17.635281897870463,True
2016-01-09 16:00:00+00:00,11.512158702361816,14.96057817673211,False
2016-01-09 16:30:00+00:00,9.569019968347334,12.671646518893,True
2016-01-09 17:00:00+00:00,7.376820531403743,10.14319693646428,False
2016-01-09 17:30:00+00:00,3.428826120049342,6.538973899239891,True
2016-01-09 18:00:00+00:00,0.7537277521165303,3.68685323850533,False
2016-01-09 18:30:00+00:00,1.664898463960718,2.700995270147646,True
2016-01-09 19:00:00+00:00,2.576069175804906,2.12956772078156,False
2016-01-09 19:30:00+00:00,1.6000041671483483,1.7711819081454192,True
2016-01-09 20:00:00+00:00,0.6239391584917912,1.5435347332799638,False
2016-01-09 20:30:00+00:00,1.05930345322776,1.404493656595366,True
2016-01-09 21:00:00+00:00,1.4946677479637287,1.3151862714083524,False
2016-01-09 21:30:00+00:00,1.163119948160248,1.2536836587273659,True
2016-01-09 22:00:00+00:00,0.8315721483567675,1.2246077054537732,False
2016-01-09 22:30:00+00:00,1.4559245203113365,1.5197568356285691,True
2016-01-09 23:00:00+00:00,2.080276892265905,1.814905965803365,False
2016-01-09 23:30:00+00:00,1.0401384461329524,1.4249365173137185,True
2016-01-10 00:00:00+00:00,0.0,0.8933244628696677,False
2016-01-10 00:30:00+00:00,0.34550213089058257,0.6501551369021342,True
2016-01-10 01:00:00+00:00,0.691004261781165,0.4843131384726236,False
2016-01-10 01:30:00+00:00,0.34550213089058246,0.3870697907747226,True
2016-01-10 02:00:00+00:00,0.0,0.2966706162513521,False
2016-01-10 02:30:00+00:00,0.0,0.11959975550475054,True
2016-01-10 03:00:00+00:00,0.0,0.0,False
2016-01-10 03:30:00+00:00,0.0,0.0,True
2016-01-10 04:00:00+00:00,0.0,0.0,False
2016-01-10 04:30:00+00:00,1.2172032340939491,0.8038970527920797,True
2016-01-10 05:00:00+00:00,3.486885196103956,2.4473940576282285,False
2016-01-10 05:30:00+00:00,6.197512111203302,4.929816861929431,True
2016-01-10 06:00:00+00:00,8.79812165028052,7.797166439904928,False
2016-01-10 06:30:00+00:00,10.318553268769955,10.11547638796147,True
2016-01-10 07:00:00+00:00,11.719999477880917,12.31393584417868,False
2016-01-10 07:30:00+00:00,14.01898126280595,14.806295419630995,True
2016-01-10 08:00:00+00:00,15.494487105215534,16.638744018940262,False
2016-01-10 08:30:00+00:00,15.237574135385161,17.199439147233374,True
2016-01-10 09:00:00+00:00,14.98066116555479,17.758609493164716,False
2016-01-10 09:30:00+00:00,17.504652936422186,20.10706186932217,True
2016-01-10 10:00:00+00:00,20.028644707289576,22.012273770105413,False
2016-01-10 10:30:00+00:00,18.41980666857194,21.591264628721355,True
2016-01-10 11:00:00+00:00,16.348889371506843,20.748968951006425,False
2016-01-10 11:30:00+00:00,15.50080061356344,19.273355030934844,True
2016-01-10 12:00:00+00:00,15.1147911139675,18.21902764719414,False
2016-01-10 12:30:00+00:00,15.763614296112324,18.56012460661251,True
2016-01-10 13:00:00+00:00,16.963744293225734,19.3073886228338,False
2016-01-10 13:30:00+00:00,18.605184210630597,21.111969813301588,True
2016-01-10 14:00:00+00:00,19.695317313066877,22.51038394696647,False
2016-01-10 14:30:00+00:00,17.144761622378685,21.016192114748936,True
2016-01-10 15:00:00+00:00,13.906549555782323,18.55218180868513,False
2016-01-10 15:30:00+00:00,13.00501298534835,16.712798652707157,True
2016-01-10 16:00:00+00:00,12.102664367413418,14.748749970248126,False
2016-01-10 16:30:00+00:00,9.396860010214004,12.254599252209514,True
2016-01-10 17:00:00+00:00,6.285014451562497,9.591873493878106,False
2016-01-10 17:30:00+00:00,4.333450774969023,6.964766248131405,True
2016-01-10 18:00:00+00:00,2.775440503235812,4.64011550127903,False
2016-01-10 18:30:00+00:00,1.2577646819727473,2.7445388923607386,True
2016-01-10 19:00:00+00:00,0.4410450807106417,1.5009712881262784,False
2016-01-10 19:30:00+00:00,0.6081991915964249,1.0283042155996247,True
2016-01-10 20:00:00+00:00,0.7753533024822081,0.7327428349025712,False
2016-01-10 20:30:00+00:00,0.38767665124110406,0.4670738225538967,True
2016-01-10 21:00:00+00:00,0.0,0.3328926554175972,False
2016-01-10 21:30:00+00:00,0.8169218539550565,0.7388694364707233,True
2016-01-10 22:00:00+00:00,1.633843707910113,1.1448462175238494,False
2016-01-10 22:30:00+00:00,0.9437619039380318,1.0121541786321373,True
2016-01-10 23:00:00+00:00,0.2536800999659512,0.8794621397404251,False
2016-01-10 23:30:00+00:00,0.9076217732956149,1.041274929386093,True
2016-01-11 00:00:00+00:00,1.5615634466252786,1.2030877190317608,False
2016-01-11 00:30:00+00:00,1.0732769223928162,1.1643102958225977,True
2016-01-11 01:00:00+00:00,0.5849903981603538,1.0805935898515286,False
2016-01-11 01:30:00+00:00,0.6182779290494081,0.8893456815703696,True
2016-01-11 02:00:00+00:00,0.7018196661144422,0.7430370560511168,False
2016-01-11 02:30:00+00:00,1.0866804904166445,0.9828643129406103,True
2016-01-11 03:00:00+00:00,1.421287108542867,1.2972130183918544,False
2016-01-11 03:30:00+00:00,1.3462681040514555,1.4021935219226096,True
2016-01-11 04:00:00+00:00,1.271249099560044,1.501086752813357,False
2016-01-11 04:30:00+00:00,1.4794954423553597,1.6568391465325103,True
2016-01-11 05:00:00+00:00,1.9573744644911504,1.9175288495651863,False
2016-01-11 05:30:00+00:00,2.900338665692516,2.6583203454160946,True
2016-01-11 06:00:00+00:00,4.476805386953585,3.989267440289108,False
2016-01-11 06:30:00+00:00,7.478386824442182,6.526603476979441,True
2016-01-11 07:00:00+00:00,10.857940273245362,9.797505976295682,False
2016-01-11 07:30:00+00:00,13.393953608566981,13.14742428645942,True
2016-01-11 08:00:00+00:00,15.139211899920518,15.977546824513093,False
2016-01-11 08:30:00+00:00,15.902018449564274,17.687274415968762,True
2016-01-11 09:00:00+00:00,16.41131492469931,18.836294124292408,False
2016-01-11 09:30:00+00:00,16.754315302360574,19.417356999497247,True
2016-01-11 10:00:00+00:00,17.16602542681261,20.0121870216116,False
2016-01-11 10:30:00+00:00,18.924596776809896,21.832974016080193,True
2016-01-11 11:00:00+00:00,20.377616287778448,23.22340397199809,False
2016-01-11 11:30:00+00:00,16.124054299600978,20.198703841603606,True
2016-01-11 12:00:00+00:00,11.87049231142351,17.174003711209124,False
2016-01-11 12:30:00+00:00,16.157746024016234,19.14505586052839,True
2016-01-11 13:00:00+00:00,20.44499973660896,21.11610800984766,False
2016-01-11 13:30:00+00:00,16.157746024016234,19.15837205257185,True
2016-01-11 14:00:00+00:00,11.87049231142351,17.200636095296034,False
2016-01-11 14:30:00+00:00,16.55870629341962,19.53458683353993,True
2016-01-11 15:00:00+00:00,21.24692027541573,21.868537571783826,False
2016-01-11 15:30:00+00:00,16.012961110471714,19.53185708803108,True
2016-01-11 16:00:00+00:00,9.090641633617416,15.36467145879287,False
2016-01-11 16:30:00+00:00,6.269982811804535,10.874389526822942,True
2016-01-11 17:00:00+00:00,4.415194792829313,6.989037145464197,False
2016-01-11 17:30:00+00:00,3.1962246850227807,4.930953213595799,True
2016-01-11 18:00:00+00:00,2.3238807924114773,3.523765056106204,False
2016-01-11 18:30:00+00:00,1.5491653631689912,2.468930119007096,True
2016-01-11 19:00:00+00:00,1.1503132278039023,1.803991976010329,False
2016-01-11 19:30:00+00:00,1.1740708405714082,1.5081102292702404,True
2016-01-11 20:00:00+00:00,1.197828453338914,1.3332717560411125,False
2016-01-11 20:30:00+00:00,1.0995458334067072,1.2444033515751256,True
2016-01-11 21:00:00+00:00,0.9191226285208808,1.1584463973013055,False
2016-01-11 21:30:00+00:00,0.6779812980463429,0.9280213529538341,True
2016-01-11 22:00:00+00:00,0.5189805525254249,0.7584246112963801,False
2016-01-11 22:30:00+00:00,0.7152690416658498,0.8100214496388854,True
2016-01-11 23:00:00+00:00,0.9115575308062748,0.8616182879813908,False
2016-01-11 23:30:00+00:00,0.4948225433901493,0.6538822545352501,True
2016-01-12 00:00:00+00:00,0.0780875559740239,0.4461462210891094,False
2016-01-12 00:30:00+00:00,0.8289958762305059,0.7576629401543878,True
2016-01-12 01:00:00+00:00,1.5799041964869878,1.140562113753596,False
2016-01-12 01:30:00+00:00,1.3441270216624013,1.266109268698932,True
2016-01-12 02:00:00+00:00,0.9158804664292888,1.3202739691103385,False
2016-01-12 02:30:00+00:00,0.36170554301038144,0.9257868046309625,True
2016-01-12 03:00:00+00:00,0.0,0.3932419721078834,False
2016-01-12 03:30:00+00:00,0.0,0.12759215203209018,True
2016-01-12 04:00:00+00:00,0.0,0.0,False
2016-01-12 04:30:00+00:00,0.8099047654872275,0.5326596677753288,True
2016-01-12 05:00:00+00:00,2.2818463459965583,1.5993211286865865,False
2016-01-12 05:30:00+00:00,3.9308489807488662,3.1244280973706813,True
2016-01-12 06:00:00+00:00,5.436386587354908,4.814123134422657,False
2016-01-12 06:30:00+00:00,6.468251183101816,6.399003758247219,True
2016-01-12 07:00:00+00:00,6.981543991972884,7.285294520567971,False
2016-01-12 07:30:00+00:00,6.076090522053315,6.959815057515698,True
2016-01-12 08:00:00+00:00,5.170637052133746,6.634335594463424,False
2016-01-12 08:30:00+00:00,8.122999887153918,8.224814732012666,True
2016-01-12 09:00:00+00:00,11.075362722174091,10.264151554128691,False
2016-01-12 09:30:00+00:00,10.227490942231713,10.848005744691253,True
2016-01-12 10:00:00+00:00,9.379619162289336,11.456838816600126,False
2016-01-12 10:30:00+00:00,11.778279476168615,13.210165476932225,True
2016-01-12 11:00:00+00:00,15.975805948953967,16.069951008696535,False
2016-01-12 11:30:00+00:00,20.832496779562838,21.879013122479062,True
2016-01-12 12:00:00+00:00,23.890321451265635,26.10777979891629,False
2016-01-12 12:30:00+00:00,22.00818092955001,25.660389097692676,True
2016-01-12 13:00:00+00:00,19.021931000596503,24.6324265370566,False
2016-01-12 13:30:00+00:00,16.69697676644195,22.07022460226287,True
2016-01-12 14:00:00+00:00,14.98066116555479,19.18034142051165,False
2016-01-12 14:30:00+00:00,14.332253456790031,17.776693774076193,True
2016-01-12 15:00:00+00:00,13.6677984802765,16.45622326804211,False
2016-01-12 15:30:00+00:00,11.668800414506238,14.533378201318492,True
2016-01-12 16:00:00+00:00,9.03362794136159,12.2706085380981,False
2016-01-12 16:30:00+00:00,6.585174933563558,9.600772924079388,True
2016-01-12 17:00:00+00:00,4.485453501851844,7.014941623958352,False
2016-01-12 17:30:00+00:00,3.0391215500497943,4.939667849643194,True
2016-01-12 18:00:00+00:00,2.022062193851414,3.342055953327532,False
2016-01-12 18:30:00+00:00,1.4351055113431281,2.3153333053193563,True
2016-01-12 19:00:00+00:00,0.9655899246447672,1.5449892494563755,False
2016-01-12 19:30:00+00:00,0.3566713715255156,0.8455125521426321,True
2016-01-12 20:00:00+00:00,0.0,0.4145903589630436,False
2016-01-12 20:30:00+00:00,0.1250266888031506,0.2843615311261969,True
2016-01-12 21:00:00+00:00,0.3316768125193751,0.2325339775781785,False
2016-01-12 21:30:00+00:00,0.4953505955204686,0.37227905169938125,True
2016-01-12 22:00:00+00:00,0.6531469773363303,0.6001735306189347,False
2016-01-12 22:30:00+00:00,0.8342742741617831,0.8136173239788642,True
2016-01-12 23:00:00+00:00,0.939655537259394,0.9389117125404428,False
2016-01-12 23:30:00+00:00,0.8176186449363518,0.9072375972140433,True
2016-01-13 00:00:00+00:00,0.6163662388129453,0.8354752775380625,False
2016-01-13 00:30:00+00:00,0.4599361384530192,0.6811694347227323,True
2016-01-13 01:00:00+00:00,0.3056808512831789,0.4789338971017065,False
2016-01-13 01:30:00+00:00,0.11432007533645011,0.2610686994327549,True
2016-01-13 02:00:00+00:00,0.0,0.1312214009190802,False
2016-01-13 02:30:00+00:00,0.1609681356785082,0.18114360150926453,True
2016-01-13 03:00:00+00:00,0.4085646756373438,0.2864186745689862,False
2016-01-13 03:30:00+00:00,0.5578549590809578,0.4561208484168334,True
2016-01-13 04:00:00+00:00,0.70939019698923,0.6725872394567899,False
2016-01-13 04:30:00+00:00,0.8711299062436157,0.8433192858168111,True
2016-01-13 05:00:00+00:00,1.143833393378244,1.1060886893646678,False
2016-01-13 05:30:00+00:00,3.740748605697146,2.9951047999051035,True
2016-01-13 06:00:00+00:00,6.137826681390819,4.830871763206817,False
2016-01-13 06:30:00+00:00,4.852797405106362,5.053762946539142,True
2016-01-13 07:00:00+00:00,3.567768128821905,5.1357488302607095,False
2016-01-13 07:30:00+00:00,3.9253292561243254,4.995117888304683,True
2016-01-13 08:00:00+00:00,4.721216130856579,4.854486946348657,False
2016-01-13 08:30:00+00:00,6.320326562921623,5.9791073735458715,True
2016-01-13 09:00:00+00:00,8.374339956538641,8.008555511519521,False
2016-01-13 09:30:00+00:00,10.569030488471979,10.403623816584023,True
2016-01-13 10:00:00+00:00,11.87049231142351,12.25410852921062,False
2016-01-13 10:30:00+00:00,11.490121722928912,12.68025489617839,True
2016-01-13 11:00:00+00:00,11.109751134434315,13.12185740687956,False
2016-01-13 11:30:00+00:00,13.92594906311725,15.314422079134411,True
2016-01-13 12:00:00+00:00,18.176121694915068,18.725950131450684,False
2016-01-13 12:30:00+00:00,21.306634572920785,23.224114656952217,True
2016-01-13 13:00:00+00:00,23.00317274781161,26.1276155403204,False
2016-01-13 13:30:00+00:00,17.619865348762758,22.941333087736055,True
2016-01-13 14:00:00+00:00,11.87049231142351,18.20364380287945,False
2016-01-13 14:30:00+00:00,11.468667025932518,15.492669039360973,True
2016-01-13 15:00:00+00:00,11.086823736387425,13.103913113148025,False
2016-01-13 15:30:00+00:00,8.342927772500587,10.660790878987386,True
2016-01-13 16:00:00+00:00,5.158713349951498,8.357464071782472,False
2016-01-13 16:30:00+00:00,3.8486468576841375,6.075177743707083,True
2016-01-13 17:00:00+00:00,3.017932304721078,4.329875960000599,False
2016-01-13 17:30:00+00:00,2.534949863835211,3.4342777990388353,True
2016-01-13 18:00:00+00:00,2.1568129407173835,2.807436344610212,False
2016-01-13 18:30:00+00:00,1.7342839272185047,2.301058143294719,True
2016-01-13 19:00:00+00:00,1.394305855885839,1.9031848903439976,False
2016-01-13 19:30:00+00:00,1.2070225419012313,1.5914369767818746,True
2016-01-13 20:00:00+00:00,1.0455411353159685,1.3313864734237604,False
2016-01-13 20:30:00+00:00,0.8478052531089415,1.1093076002543425,True
2016-01-13 21:00:00+00:00,0.6390843512900835,0.8968662489334566,False
2016-01-13 21:30:00+00:00,0.4050247636156822,0.6497786526138873,True
2016-01-13 22:00:00+00:00,0.2060022205802802,0.4188188427563443,False
2016-01-13 22:30:00+00:00,0.06810122561929675,0.20478175036375504,True
2016-01-13 23:00:00+00:00,0.0,0.0884283082007781,False
2016-01-13 23:30:00+00:00,0.4320006059035799,0.34696532332546726,True
2016-01-14 00:00:00+00:00,0.8640012118071598,0.6055023384501563,False
2016-01-14 00:30:00+00:00,0.43605986912751704,0.5257519417730149,True
2016-01-14 01:00:00+00:00,0.0054236999156805,0.3747659275397989,False
2016-01-14 01:30:00+00:00,0.0013644366917433697,0.1535075202208042,True
2016-01-14 02:00:00+00:00,0.0,0.0023279739475718,False
2016-01-14 02:30:00+00:00,0.0,0.0005856087186298303,True
2016-01-14 03:00:00+00:00,0.0,0.0,False
2016-01-14 03:30:00+00:00,0.43416241068103545,0.3042655130837034,True
2016-01-14 04:00:00+00:00,0.868324821362071,0.6085310261674068,False
2016-01-14 04:30:00+00:00,0.43416241068103556,0.49067495560466595,True
2016-01-14 05:00:00+00:00,0.0,0.3728188850419251,False
2016-01-14 05:30:00+00:00,0.4022848161593971,0.5077962906378504,True
2016-01-14 06:00:00+00:00,1.1805509085746868,0.8272438149984276,False
2016-01-14 06:30:00+00:00,2.2831204910889435,1.701448633374252,True
2016-01-14 07:00:00+00:00,3.251839271928268,2.7884796437424977,False
2016-01-14 07:30:00+00:00,3.5483588064543974,3.4050422179053137,True
2016-01-14 08:00:00+00:00,3.883866204705945,4.124263805439581,False
2016-01-14 08:30:00+00:00,6.5702587160878245,6.362586415240365,True
2016-01-14 09:00:00+00:00,8.975532889163325,8.100953700912626,False
2016-01-14 09:30:00+00:00,7.2178999173984035,7.893946176835269,True
2016-01-14 10:00:00+00:00,5.460266945633482,7.686938652757912,False
2016-01-14 10:30:00+00:00,6.65898366280692,7.894605344430021,True
2016-01-14 11:00:00+00:00,8.446509109651508,8.378522885686776,False
2016-01-14 11:30:00+00:00,9.372197212708775,9.463771218564952,True
2016-01-14 12:00:00+00:00,10.390887565325809,11.125823020960576,False
2016-01-14 12:30:00+00:00,13.014502908764577,13.510136677088504,True
2016-01-14 13:00:00+00:00,14.956307272972426,15.627581348532482,False
2016-01-14 13:30:00+00:00,14.826114388864399,16.713271628637003,True
2016-01-14 14:00:00+00:00,14.592214963911474,17.212776574323378,False
2016-01-14 14:30:00+00:00,14.400350593955922,17.047817579806956,True
2016-01-14 15:00:00+00:00,14.110226961360295,16.66242064768337,False
2016-01-14 15:30:00+00:00,13.114222109119664,15.783892092576888,True
2016-01-14 16:00:00+00:00,11.616002279820648,14.44613879836832,False
2016-01-14 16:30:00+00:00,10.117405609738045,12.848028343423826,True
2016-01-14 17:00:00+00:00,8.380999543261192,10.930618322683731,False
2016-01-14 17:30:00+00:00,6.034862251822008,8.618377654568933,True
2016-01-14 18:00:00+00:00,3.8698369759160527,6.302413926334629,False
2016-01-14 18:30:00+00:00,2.4933855953228,4.30313846301639,True
2016-01-14 19:00:00+00:00,1.5734310683474997,2.763773741427015,False
2016-01-14 19:30:00+00:00,1.063384887721354,1.8142382299465938,True
2016-01-14 20:00:00+00:00,0.7450770711854349,1.1978442075350446,False
2016-01-14 20:30:00+00:00,0.5571799042119044,0.8471858666253673,True
2016-01-14 21:00:00+00:00,0.4356319814807687,0.6252775393248313,False
2016-01-14 21:30:00+00:00,0.3464263356484974,0.4721026096446774,True
2016-01-14 22:00:00+00:00,0.3035143892700316,0.3998107381820057,False
2016-01-14 22:30:00+00:00,0.9551945266805535,0.8280236443125456,True
2016-01-14 23:00:00+00:00,1.6068746640910756,1.2562365504430857,False
2016-01-14 23:30:00+00:00,1.2040882380599167,1.2550435207743558,True
2016-01-15 00:00:00+00:00,0.8013018120287576,1.2515948861998882,False
2016-01-15 00:30:00+00:00,0.9336839185957704,1.190593984810112,True
2016-01-15 01:00:00+00:00,1.0660660251627831,1.0910827364857014,False
2016-01-15 01:30:00+00:00,0.8666374474799826,0.9878508091673084,True
2016-01-15 02:00:00+00:00,0.667208869797182,0.9253848336892874,False
2016-01-15 02:30:00+00:00,0.8088353302332199,0.9389523018360668,True
2016-01-15 03:00:00+00:00,0.9504617906692576,0.952519769982846,False
2016-01-15 03:30:00+00:00,0.6703094812195463,0.8170659926167539,True
2016-01-15 04:00:00+00:00,0.3901571717698349,0.6816122152506617,False
2016-01-15 04:30:00+00:00,0.7429537897167547,0.8188328971744859,True
2016-01-15 05:00:00+00:00,1.351132276728712,1.1142360315481312,False
2016-01-15 05:30:00+00:00,1.8292649107976118,1.584567381150017,True
2016-01-15 06:00:00+00:00,2.441356275993885,2.291496259212945,False
2016-01-15 06:30:00+00:00,3.464303277153339,3.21641084032392,True
2016-01-15 07:00:00+00:00,5.166301084498917,4.689012129850672,False
2016-01-15 07:30:00+00:00,10.53921396865855,8.81872604874899,True
2016-01-15 08:00:00+00:00,15.065980551412704,13.505461698622058,False
2016-01-15 08:30:00+00:00,15.306243460314084,16.03218238739431,True
2016-01-15 09:00:00+00:00,15.531366329006202,18.050447005568472,False
2016-01-15 09:30:00+00:00,17.518309795382592,20.303422016585063,True
2016-01-15 10:00:00+00:00,19.298148196995196,21.56536467789836,False
2016-01-15 10:30:00+00:00,18.24475602462708,21.379531199821162,True
2016-01-15 11:00:00+00:00,17.191363852258966,21.193697721743963,False
2016-01-15 11:30:00+00:00,17.695209250223243,21.331068386574835,True
2016-01-15 12:00:00+00:00,18.681966304577763,21.678336398066875,False
2016-01-15 12:30:00+00:00,20.29510260753778,23.352040837813774,True
2016-01-15 13:00:00+00:00,21.42532725410755,24.8158479308995,False
2016-01-15 13:30:00+00:00,19.59090246621083,23.692435854652032,True
2016-01-15 14:00:00+00:00,16.63663501816716,21.549574525049287,False
2016-01-15 14:30:00+00:00,14.404374280213858,18.903321132708687,True
2016-01-15 15:00:00+00:00,12.429049845130876,16.123685520504296,False
2016-01-15 15:30:00+00:00,10.93975211931801,14.037405241174293,True
2016-01-15 16:00:00+00:00,9.50311521144958,12.114273703446424,False
2016-01-15 16:30:00+00:00,7.728453356938314,10.161185182235442,True
2016-01-15 17:00:00+00:00,5.871053945825322,8.20495839957818,False
2016-01-15 17:30:00+00:00,3.7131620347604755,5.982420439977457,True
2016-01-15 18:00:00+00:00,2.357291995310768,4.169709517777548,False
2016-01-15 18:30:00+00:00,2.2509740724406107,3.1464440156313476,True
2016-01-15 19:00:00+00:00,2.1654363619265675,2.529896526285816,False
2016-01-15 19:30:00+00:00,1.9127630320755469,2.2707762512179768,True
2016-01-15 20:00:00+00:00,1.6424735071902674,2.0807886026534943,False
2016-01-15 20:30:00+00:00,1.5198858205444588,1.8926953343520234,True
2016-01-15 21:00:00+00:00,1.3781162851533355,1.6709542801082808,False
2016-01-15 21:30:00+00:00,0.7634921324415098,1.2083555642860195,True
2016-01-15 22:00:00+00:00,0.255847035471926,0.7711480709506923,False
2016-01-15 22:30:00+00:00,0.3782141771325976,0.558236580444679,True
2016-01-15 23:00:00+00:00,0.5005813187932692,0.4607249697523753,False
2016-01-15 23:30:00+00:00,0.4789324892859502,0.4980932371076465,True
2016-01-16 00:00:00+00:00,0.4572836597786313,0.5354615044629178,False
2016-01-16 00:30:00+00:00,0.46056327214913256,0.5307173138060783,True
2016-01-16 01:00:00+00:00,0.4702737509582671,0.5259731231492388,False
2016-01-16 01:30:00+00:00,1.124304440065639,0.9635921997006122,True
2016-01-16 02:00:00+00:00,1.7719042627343775,1.4435074421767535,False
2016-01-16 02:30:00+00:00,1.4731209968759553,1.511247225877792,True
2016-01-16 03:00:00+00:00,1.1071120862716843,1.536690843654063,False
2016-01-16 03:30:00+00:00,0.9892306665067114,1.3349010328377213,True
2016-01-16 04:00:00+00:00,0.9385748914875872,1.13311122202138,False
2016-01-16 04:30:00+00:00,1.1790363868204075,1.2793727351451691,True
2016-01-16 05:00:00+00:00,1.816119895416144,1.675604268460875,False
2016-01-16 05:30:00+00:00,5.566265842691951,4.211277341104151,True
2016-01-16 06:00:00+00:00,10.073525133417856,8.049160937762817,False
2016-01-16 06:30:00+00:00,12.251563436163586,11.732126916349497,True
2016-01-16 07:00:00+00:00,13.2758663821963,14.101359660488397,False
2016-01-16 07:30:00+00:00,12.770762403275612,14.38561144851221,True
2016-01-16 08:00:00+00:00,12.265658424354925,14.619046400744944,False
2016-01-16 08:30:00+00:00,13.158348866377255,15.19417761528553,True
2016-01-16 09:00:00+00:00,14.44720784826893,15.98303822918451,False
2016-01-16 09:30:00+00:00,15.037686216703682,16.842412134399908,True
2016-01-16 10:00:00+00:00,15.691454278339176,17.933791189279866,False
2016-01-16 10:30:00+00:00,17.678412453512998,20.056756309048033,True
2016-01-16 11:00:00+00:00,19.20591239561673,21.5463564058248,False
2016-01-16 11:30:00+00:00,17.531240377080238,20.851596094783766,True
2016-01-16 12:00:00+00:00,15.396259292911846,19.60535628949605,False
2016-01-16 12:30:00+00:00,14.55911388687257,18.052326291415014,True
2016-01-16 13:00:00+00:00,14.182277546465192,17.05077578758066,False
2016-01-16 13:30:00+00:00,17.707750070212494,19.93104018053534,True
2016-01-16 14:00:00+00:00,21.2332225939598,22.811304573490027,False
2016-01-16 14:30:00+00:00,19.24702524069293,22.445734499843038,True
2016-01-16 15:00:00+00:00,16.888083008466545,21.693349825551085,False
2016-01-16 15:30:00+00:00,16.452379727949076,20.693081744686197,True
2016-01-16 16:00:00+00:00,15.988201849777097,19.18153376327125,False
2016-01-16 16:30:00+00:00,12.930457716072283,16.44083121033379,True
2016-01-16 17:00:00+00:00,8.577658424685128,12.876998007191068,False
2016-01-16 17:30:00+00:00,4.77559743209425,8.790239678512785,True
2016-01-16 18:00:00+00:00,2.3206474143518507,5.294047960166462,False
2016-01-16 18:30:00+00:00,1.7530371298987764,3.1783398173853183,True
2016-01-16 19:00:00+00:00,1.5345905048935906,2.0718312857989987,False
2016-01-16 19:30:00+00:00,1.5699887432627897,1.8797397073445896,True
2016-01-16 20:00:00+00:00,1.641394790008165,1.8091070587636768,False
2016-01-16 20:30:00+00:00,1.769945846852901,1.9095367991247434,True
2016-01-16 21:00:00+00:00,1.8624890953214608,2.00996653948581,False
2016-01-16 21:30:00+00:00,1.0959998444714742,1.5203887394554345,True
2016-01-16 22:00:00+00:00,0.3295105936214877,1.030810939425059,False
2016-01-16 22:30:00+00:00,1.0625703544788463,1.1660646088326432,True
2016-01-16 23:00:00+00:00,1.7956301153362049,1.399703232010059,False
2016-01-16 23:30:00+00:00,1.6822595830603315,1.659754111434908,True
2016-01-17 00:00:00+00:00,1.4989838859647953,1.8214200370899247,False
2016-01-17 00:30:00+00:00,1.3318096400661565,1.6650804919877205,True
2016-01-17 01:00:00+00:00,1.2345405589871803,1.5087409468855166,False
2016-01-17 01:30:00+00:00,1.3397848915896375,1.525686671914023,True
2016-01-17 02:00:00+00:00,1.4450292241920946,1.5426323969425293,False
2016-01-17 02:30:00+00:00,1.3570595474393767,1.5262017952082736,True
2016-01-17 03:00:00+00:00,1.2690898706866591,1.509771193474018,False
2016-01-17 03:30:00+00:00,1.5399088916189816,1.6617723364738874,True
2016-01-17 04:00:00+00:00,1.810727912551304,1.813773479473757,False
2016-01-17 04:30:00+00:00,1.5701358550164661,1.7614798471492612,True
2016-01-17 05:00:00+00:00,1.329543797481628,1.7091862148247652,False
2016-01-17 05:30:00+00:00,3.6244458383597795,3.1106027947808155,True
2016-01-17 06:00:00+00:00,7.305356931598974,5.761797224877749,False
2016-01-17 06:30:00+00:00,10.58358648719345,9.521625421286974,True
2016-01-17 07:00:00+00:00,12.475806990426884,12.284248091547026,False
2016-01-17 07:30:00+00:00,11.444706045748129,12.581303026106166,True
2016-01-17 08:00:00+00:00,10.413605101069374,12.831798943587993,False
2016-01-17 08:30:00+00:00,11.662282121054455,13.49098081571981,True
2016-01-17 09:00:00+00:00,13.584454416036287,14.496486577635546,False
2016-01-17 09:30:00+00:00,15.04900784488793,16.205962847551078,True
2016-01-17 10:00:00+00:00,15.926249814199176,17.780226440998245,False
2016-01-17 10:30:00+00:00,16.062373103510357,18.547977738385022,True
2016-01-17 11:00:00+00:00,16.112312577365177,18.89860451554185,False
2016-01-17 11:30:00+00:00,14.066813462313897,17.241937356194942,True
2016-01-17 12:00:00+00:00,12.021314347262615,15.585270196848032,False
2016-01-17 12:30:00+00:00,13.714921427145931,15.998085762542413,True
2016-01-17 13:00:00+00:00,15.408528507029247,16.691001614639408,False
2016-01-17 13:30:00+00:00,15.25555655384657,17.196718922586005,True
2016-01-17 14:00:00+00:00,15.102584600663892,17.826466967897662,False
2016-01-17 14:30:00+00:00,16.781727773753897,19.430953444481617,True
2016-01-17 15:00:00+00:00,18.4608709468439,20.63130889729789,False
2016-01-17 15:30:00+00:00,16.94247427171597,19.888375528147314,True
2016-01-17 16:00:00+00:00,14.182277546465192,18.288482381837596,False
2016-01-17 16:30:00+00:00,11.383826834662807,15.515439329632834,True
2016-01-17 17:00:00+00:00,8.262302804886101,11.903728474945988,False
2016-01-17 17:30:00+00:00,4.1597034692453265,7.843031879761616,True
2016-01-17 18:00:00+00:00,1.6219775017017204,4.670610490584625,False
2016-01-17 18:30:00+00:00,2.1626065124395377,3.2547019068999794,True
2016-01-17 19:00:00+00:00,2.7032355231773555,2.5918474210071354,False
2016-01-17 19:30:00+00:00,2.4147872124117074,2.533599405634895,True
2016-01-17 20:00:00+00:00,1.878663638005143,2.477264973749969,False
2016-01-17 20:30:00+00:00,1.1344954773284264,1.8394015799621133,True
2016-01-17 21:00:00+00:00,0.6380025802926258,1.2539228785289906,False
2016-01-17 21:30:00+00:00,0.9464379601619344,1.2723047059517982,True
2016-01-17 22:00:00+00:00,1.4979048552378522,1.3234935307950673,False
2016-01-17 22:30:00+00:00,2.178439912891276,1.9167486403935787,True
2016-01-17 23:00:00+00:00,2.61594345533809,2.4771967525716287,False
2016-01-17 23:30:00+00:00,2.06697066611516,2.3137253860464546,True
2016-01-18 00:00:00+00:00,1.1935091434431968,1.9596457445727435,False
2016-01-18 00:30:00+00:00,0.43451020499708193,1.2353711675273131,True
2016-01-18 01:00:00+00:00,0.0,0.5124766839252175,False
2016-01-18 01:30:00+00:00,0.0,0.1616242512100077,True
2016-01-18 02:00:00+00:00,0.0,0.0,False
2016-01-18 02:30:00+00:00,0.0,0.0,True
2016-01-18 03:00:00+00:00,0.0,0.0,False
2016-01-18 03:30:00+00:00,0.0,0.0,True
2016-01-18 04:00:00+00:00,0.0,0.0,False
2016-01-18 04:30:00+00:00,0.0,0.0,True
2016-01-18 05:00:00+00:00,0.0,0.0,False
2016-01-18 05:30:00+00:00,1.7556353172906656,1.1240033665020208,True
2016-01-18 06:00:00+00:00,4.56113544085852,3.2087212273574828,False
2016-01-18 06:30:00+00:00,6.649149910905937,5.57146775704381,True
2016-01-18 07:00:00+00:00,8.452062748299067,7.998099891977241,False
2016-01-18 07:30:00+00:00,9.73535617383059,9.843010115504965,True
2016-01-18 08:00:00+00:00,10.972293718077998,11.579762852053362,False
2016-01-18 08:30:00+00:00,12.580570592129378,13.412894186634352,True
2016-01-18 09:00:00+00:00,14.314595591974497,15.333685943912686,False
2016-01-18 09:30:00+00:00,16.442500099186255,17.994922212058853,True
2016-01-18 10:00:00+00:00,17.726249188265488,19.65205544488646,False
2016-01-18 10:30:00+00:00,16.032467062507752,19.0285238671058,True
2016-01-18 11:00:00+00:00,14.33868493675002,18.12394184736281,False
2016-01-18 11:30:00+00:00,14.509861224809127,17.53882930790569,True
2016-01-18 12:00:00+00:00,14.91979559302364,17.234767210410894,False
2016-01-18 12:30:00+00:00,15.976065915925084,18.094422452479556,True
2016-01-18 13:00:00+00:00,17.5984101923851,19.786575719596527,False
2016-01-18 13:30:00+00:00,20.01760319857627,22.598343110810152,True
2016-01-18 14:00:00+00:00,21.631964171053472,24.577612476975467,False
2016-01-18 14:30:00+00:00,20.228745729412868,24.132493794204283,True
2016-01-18 15:00:00+00:00,18.825527287772264,23.574285423809894,False
2016-01-18 15:30:00+00:00,19.273715748178287,23.44111597498529,True
2016-01-18 16:00:00+00:00,19.72190420858431,23.282279293571648,False
2016-01-18 16:30:00+00:00,17.294343057200177,21.318652454464033,True
2016-01-18 17:00:00+00:00,12.839308929323735,17.690634103520114,False
2016-01-18 17:30:00+00:00,7.085672279731213,12.522145983493598,True
2016-01-18 18:00:00+00:00,2.9694316378476597,7.533659505960543,False
2016-01-18 18:30:00+00:00,2.384211680647401,4.444431020293062,True
2016-01-18 19:00:00+00:00,2.1223185484340696,2.762418968129841,False
2016-01-18 19:30:00+00:00,2.0462418928723163,2.5054221664540712,True
2016-01-18 20:00:00+00:00,1.9638434751564915,2.287578917471281,False
2016-01-18 20:30:00+00:00,0.9882247068576597,1.5212636659994196,True
2016-01-18 21:00:00+00:00,0.0856778445093133,0.9034059871270856,False
2016-01-18 21:30:00+00:00,0.6190754954836932,0.87234860341667,True
2016-01-18 22:00:00+00:00,1.152473146458073,0.8443510796361084,False
2016-01-18 22:30:00+00:00,0.5762365732290367,0.697018306823302,True
2016-01-18 23:00:00+00:00,0.0,0.4948522914076101,False
2016-01-18 23:30:00+00:00,0.1096195282382057,0.3069440399988719,True
2016-01-19 00:00:00+00:00,0.2840153117606884,0.1991284020214919,False
2016-01-19 00:30:00+00:00,0.3932142977606777,0.29741338323462996,True
2016-01-19 01:00:00+00:00,0.5222273368860065,0.4879851030203398,False
2016-01-19 01:30:00+00:00,0.8564248173896369,0.7897558097143509,True
2016-01-19 02:00:00+00:00,1.106031989483651,0.99923977783579,False
2016-01-19 02:30:00+00:00,0.5530159947418256,0.7993728750145483,True
2016-01-19 03:00:00+00:00,0.0,0.4749066054810361,False
2016-01-19 03:30:00+00:00,0.0,0.17515361938438262,True
2016-01-19 04:00:00+00:00,0.0,0.0,False
2016-01-19 04:30:00+00:00,0.742988687889993,0.5048495869882488,True
2016-01-19 05:00:00+00:00,2.3745362375102297,1.6643962526703653,False
2016-01-19 05:30:00+00:00,6.01822361330489,4.431378740547731,True
2016-01-19 06:00:00+00:00,9.437977248190496,7.803376156689126,False
2016-01-19 06:30:00+00:00,10.306399476002388,10.078117223171231,True
2016-01-19 07:00:00+00:00,11.075362722174091,12.076467624463458,False
2016-01-19 07:30:00+00:00,13.18299064834603,14.286615405122237,True
2016-01-19 08:00:00+00:00,14.725452435336967,15.720010081858176,False
2016-01-19 08:30:00+00:00,14.095519134374484,15.949639232360145,True
2016-01-19 09:00:00+00:00,13.465585833412003,16.185982562840906,False
2016-01-19 09:30:00+00:00,16.660315385703846,18.8145642870794,True
2016-01-19 10:00:00+00:00,19.85504493799569,21.229863593493924,False
2016-01-19 10:30:00+00:00,18.101967154751264,20.955010116136283,True
2016-01-19 11:00:00+00:00,16.348889371506843,20.680156638778637,False
2016-01-19 11:30:00+00:00,17.228553198099913,20.804104859849257,True
2016-01-19 12:00:00+00:00,18.408983630784405,21.091719793872738,False
2016-01-19 12:30:00+00:00,18.98417435606693,21.973261156249336,True
2016-01-19 13:00:00+00:00,19.258598475258037,22.69113580567308,False
2016-01-19 13:30:00+00:00,16.36209215433502,20.353598492299096,True
2016-01-19 14:00:00+00:00,13.465585833412003,18.01606117892511,False
2016-01-19 14:30:00+00:00,14.944697176127438,18.08819187258706,True
2016-01-19 15:00:00+00:00,16.423808518842872,18.160322566249015,False
2016-01-19 15:30:00+00:00,15.20111071905578,17.61842326784759,True
2016-01-19 16:00:00+00:00,12.874594657728569,16.396582566632794,False
2016-01-19 16:30:00+00:00,9.988914406060946,13.784532029492663,True
2016-01-19 17:00:00+00:00,7.034175379701371,10.457652333941136,False
2016-01-19 17:30:00+00:00,4.79755605450748,7.602510647465881,True
2016-01-19 18:00:00+00:00,3.113860699908444,5.197301984225762,False
2016-01-19 18:30:00+00:00,1.8971525774806528,3.3852885581841,True
2016-01-19 19:00:00+00:00,1.3003975206900795,2.248233284481889,False
2016-01-19 19:30:00+00:00,1.3845837941794155,1.8306279555902083,True
2016-01-19 20:00:00+00:00,1.4687700676687514,1.5875521163756443,False
2016-01-19 20:30:00+00:00,1.225824204453004,1.4058380684465246,True
2016-01-19 21:00:00+00:00,0.9828783412372566,1.3194739164904583,False
2016-01-19 21:30:00+00:00,1.135296711587357,1.3494144727235065,True
2016-01-19 22:00:00+00:00,1.4331583269436587,1.4262308292354429,False
2016-01-19 22:30:00+00:00,1.9167510580659712,1.8344588557623753,True
2016-01-19 23:00:00+00:00,2.254900544182082,2.1958110820104197,False
2016-01-19 23:30:00+00:00,2.024133676690914,2.1696947369043857,True
2016-01-20 00:00:00+00:00,1.6165836819797927,2.101060333774976,False
2016-01-20 00:30:00+00:00,1.2101489943744934,1.7602144369113464,True
2016-01-20 01:00:00+00:00,0.824004856992608,1.2716686011837672,False
2016-01-20 01:30:00+00:00,0.5352783334838475,0.8925349575506054,True
2016-01-20 02:00:00+00:00,0.3067640746526887,0.5688588568456083,False
2016-01-20 02:30:00+00:00,0.10524188116687602,0.2828924300079718,True
2016-01-20 03:00:00+00:00,0.0,0.1316864571294954,False
2016-01-20 03:30:00+00:00,0.13137014152799312,0.1683901470933023,True
2016-01-20 04:00:00+00:00,0.3609188042422654,0.2530281612993178,False
2016-01-20 04:30:00+00:00,0.5247922523832079,0.40167479240710513,True
2016-01-20 05:00:00+00:00,0.791571394081226,0.7097014920227293,False
2016-01-20 05:30:00+00:00,3.4588756568561116,2.4929020331451053,True
2016-01-20 06:00:00+00:00,6.871963919895391,5.213256173905815,False
2016-01-20 06:30:00+00:00,8.257732134327192,7.471482541315186,True
2016-01-20 07:00:00+00:00,9.62228794256428,9.86793934091835,False
2016-01-20 07:30:00+00:00,12.801194740847052,12.89965085862703,True
2016-01-20 08:00:00+00:00,15.285954858440142,15.583340542037948,False
2016-01-20 08:30:00+00:00,15.6538300088921,17.439650498018867,True
2016-01-20 09:00:00+00:00,15.790196031220702,18.36128386371538,False
2016-01-20 09:30:00+00:00,14.09793983673519,17.061429674420285,True
2016-01-20 10:00:00+00:00,12.405683642249674,15.761575485125189,False
2016-01-20 10:30:00+00:00,13.937798946297033,16.209084652743616,True
2016-01-20 11:00:00+00:00,15.469914250344392,16.90283206994081,False
2016-01-20 11:30:00+00:00,15.237469774188693,17.291525566103786,True
2016-01-20 12:00:00+00:00,15.005025298032994,17.76913801852793,False
2016-01-20 12:30:00+00:00,16.356827757603686,18.95781352392891,True
2016-01-20 13:00:00+00:00,18.616841369387,20.732007596599303,False
2016-01-20 13:30:00+00:00,20.898006666969238,23.624622238354064,True
2016-01-20 14:00:00+00:00,22.27096081233886,25.596561106999477,False
2016-01-20 14:30:00+00:00,19.29606822171454,23.716226717641465,True
2016-01-20 15:00:00+00:00,14.83469075441899,20.33980270810409,False
2016-01-20 15:30:00+00:00,12.130282154616085,16.81825359913243,True
2016-01-20 16:00:00+00:00,9.88144888153652,13.394069195781183,False
2016-01-20 16:30:00+00:00,8.108885319101079,10.951819112724875,True
2016-01-20 17:00:00+00:00,6.349385429825024,8.710122168288127,False
2016-01-20 17:30:00+00:00,3.437920245168119,6.007004233445328,True
2016-01-20 18:00:00+00:00,1.544300937299714,3.803526083640776,False
2016-01-20 18:30:00+00:00,1.6192751619653927,2.4776585837395264,True
2016-01-20 19:00:00+00:00,1.6942493866310713,1.8503230747394173,False
2016-01-20 19:30:00+00:00,1.6903657209684673,1.877231437046221,True
2016-01-20 20:00:00+00:00,1.6791485970948148,1.904139799353025,False
2016-01-20 20:30:00+00:00,1.5050266898985973,1.7874249504523463,True
2016-01-20 21:00:00+00:00,1.168672121812331,1.5399772477494815,False
2016-01-20 21:30:00+00:00,0.5787100362202031,1.0110327033027182,True
2016-01-20 22:00:00+00:00,0.1583140697291725,0.612821012658141,False
2016-01-20 22:30:00+00:00,0.5830214424934642,0.6744854005980984,True
2016-01-20 23:00:00+00:00,1.007728815257756,0.7741385907621288,False
2016-01-20 23:30:00+00:00,0.849907318299562,0.8421474019580909,True
2016-01-21 00:00:00+00:00,0.6920858213413681,0.917758545335184,False
2016-01-21 00:30:00+00:00,0.967092154726724,1.065422259500779,True
2016-01-21 01:00:00+00:00,1.2420984881120798,1.16749483926117,False
2016-01-21 01:30:00+00:00,0.7218829248410739,0.9628545921218439,True
2016-01-21 02:00:00+00:00,0.2016673615700679,0.6747499447695956,False
2016-01-21 02:30:00+00:00,0.3011840583187363,0.5067911468191925,True
2016-01-21 03:00:00+00:00,0.4789334326534711,0.4222967490817115,False
2016-01-21 03:30:00+00:00,0.6601476922776949,0.5636708911536122,True
2016-01-21 04:00:00+00:00,0.8380582438103151,0.7929367479239104,False
2016-01-21 04:30:00+00:00,0.943338437914253,0.9282794137460432,True
2016-01-21 05:00:00+00:00,1.0952308363101355,1.1272974022941529,False
2016-01-21 05:30:00+00:00,2.718945757133003,2.278630541303675,True
2016-01-21 06:00:00+00:00,5.531925715646912,4.373125449473708,False
2016-01-21 06:30:00+00:00,9.194250067324438,7.71663637116264,True
2016-01-21 07:00:00+00:00,11.940061264328865,11.100503176207225,False
2016-01-21 07:30:00+00:00,12.4259438509543,13.042254110875387,True
2016-01-21 08:00:00+00:00,12.839308929323735,14.526927461019776,False
2016-01-21 08:30:00+00:00,13.850320381116482,15.673389522629913,True
2016-01-21 09:00:00+00:00,15.102584600663892,16.771062611319493,False
2016-01-21 09:30:00+00:00,16.504628970816313,18.518209087712332,True
2016-01-21 10:00:00+00:00,17.34364502466572,19.63613743160897,False
2016-01-21 10:30:00+00:00,15.314092376877534,18.54513332668695,True
2016-01-21 11:00:00+00:00,12.874594657728569,16.768182016038804,False
2016-01-21 11:30:00+00:00,12.167570948895648,15.110244652979743,True
2016-01-21 12:00:00+00:00,11.87049231142351,14.138254495646814,False
2016-01-21 12:30:00+00:00,12.320439791968475,14.361466368998556,True
2016-01-21 13:00:00+00:00,13.38251277004336,14.939627012474483,False
2016-01-21 13:30:00+00:00,16.904852409546194,18.22665331977951,True
2016-01-21 14:00:00+00:00,19.81506655151911,21.158730856960347,False
2016-01-21 14:30:00+00:00,17.810803712014888,20.512594778030184,True
2016-01-21 15:00:00+00:00,14.495504039103595,19.088719590407194,False
2016-01-21 15:30:00+00:00,11.89465419514372,16.327373843724136,True
2016-01-21 16:00:00+00:00,9.324663460644445,12.830895258081055,False
2016-01-21 16:30:00+00:00,6.53185073199033,9.712708199722197,True
2016-01-21 17:00:00+00:00,4.253119596928828,6.97257145074213,False
2016-01-21 17:30:00+00:00,2.9527163030206456,4.8433827512896945,True
2016-01-21 18:00:00+00:00,2.057638297127728,3.2675034941250622,False
2016-01-21 18:30:00+00:00,1.3398728980131918,2.204092931401316,True
2016-01-21 19:00:00+00:00,0.9828783412372566,1.5723773887375163,False
2016-01-21 19:30:00+00:00,1.052555715421936,1.3307441484869218,True
2016-01-21 20:00:00+00:00,1.1222330896066153,1.2084067593091183,False
2016-01-21 20:30:00+00:00,1.0629588955993943,1.17241416687341,True
2016-01-21 21:00:00+00:00,0.9320909385701756,1.1350634793114032,False
2016-01-21 21:30:00+00:00,0.6063760329244688,0.875171987427779,True
2016-01-21 22:00:00+00:00,0.3522548903007596,0.6471599155239697,False
2016-01-21 22:30:00+00:00,0.825786439180271,0.8544111921012429,True
2016-01-21 23:00:00+00:00,1.2993179880597825,1.0616624686785163,False
2016-01-21 23:30:00+00:00,0.6496589940298914,0.8097915076453858,True
2016-01-22 00:00:00+00:00,0.0,0.5579205466122554,False
2016-01-22 00:30:00+00:00,0.4768517972341238,0.6131293803180858,True
2016-01-22 01:00:00+00:00,0.9537035944682476,0.6683382140239162,False
2016-01-22 01:30:00+00:00,0.4768517972341238,0.5389119008421265,True
2016-01-22 02:00:00+00:00,0.0,0.4094855876603368,False
2016-01-22 02:30:00+00:00,0.3238691810530052,0.4317438335288367,True
2016-01-22 03:00:00+00:00,0.6477383621060103,0.4540020793973366,False
2016-01-22 03:30:00+00:00,0.3238691810530051,0.3703320311855111,True
2016-01-22 04:00:00+00:00,0.0,0.2780914613623381,False
2016-01-22 04:30:00+00:00,0.10225282389540268,0.2643103903215055,True
2016-01-22 05:00:00+00:00,0.3695824000102451,0.2590998408920206,False
2016-01-22 05:30:00+00:00,1.5530628225939982,1.0446101267560943,True
2016-01-22 06:00:00+00:00,3.4642398276184445,2.590064032899189,False
2016-01-22 06:30:00+00:00,5.48495825780991,4.5635841878188455,True
2016-01-22 07:00:00+00:00,7.685162486431166,6.958086977330742,False
2016-01-22 07:30:00+00:00,9.819036674879333,9.42706907467794,True
2016-01-22 08:00:00+00:00,12.04454728357012,12.10053438635047,False
2016-01-22 08:30:00+00:00,15.123977014648268,15.797248991609198,True
2016-01-22 09:00:00+00:00,17.039511192393874,18.108554127671333,False
2016-01-22 09:30:00+00:00,14.524606020068282,17.029931930194078,True
2016-01-22 10:00:00+00:00,12.009700847742687,15.95130973271682,False
2016-01-22 10:30:00+00:00,13.391839218354713,16.050739243622733,True
2016-01-22 11:00:00+00:00,14.773977588966742,16.15016875452864,False
2016-01-22 11:30:00+00:00,13.160366926656174,15.519917054275334,True
2016-01-22 12:00:00+00:00,11.546756264345603,14.66361116180748,False
2016-01-22 12:30:00+00:00,11.976219953297637,14.348122126280254,True
2016-01-22 13:00:00+00:00,12.405683642249674,14.01390777741839,False
2016-01-22 13:30:00+00:00,11.248723750804443,13.203132006765134,True
2016-01-22 14:00:00+00:00,9.402059962663962,12.027774016781184,False
2016-01-22 14:30:00+00:00,7.8164294913060575,10.361651171246477,True
2016-01-22 15:00:00+00:00,6.851154047232724,8.873597230075683,False
2016-01-22 15:30:00+00:00,6.777787627548176,8.24571386117091,True
2016-01-22 16:00:00+00:00,6.704481431723409,7.686322785144668,False
2016-01-22 16:30:00+00:00,5.762902683766972,6.869160630590963,True
2016-01-22 17:00:00+00:00,4.193711916765728,5.820311857409626,False
2016-01-22 17:30:00+00:00,2.2787380559393866,4.073189701155782,True
2016-01-22 18:00:00+00:00,1.0606648597087502,2.543326673312732,False
2016-01-22 18:30:00+00:00,1.320823951347215,1.9009835374769253,True
2016-01-22 19:00:00+00:00,1.58098304298568,1.5632225374897684,False
2016-01-22 19:30:00+00:00,1.3683233392610101,1.4750134900531562,True
2016-01-22 20:00:00+00:00,1.018532777711238,1.392644017553127,False
2016-01-22 20:30:00+00:00,0.6823325400541773,1.0536251700875179,True
2016-01-22 21:00:00+00:00,0.4832631602222187,0.776090967595706,False
2016-01-22 21:30:00+00:00,0.639579612409232,0.768014994892266,True
2016-01-22 22:00:00+00:00,0.7958960645962452,0.7652606842840702,False
2016-01-22 22:30:00+00:00,0.7567239541562221,0.7854145198731883,True
2016-01-22 23:00:00+00:00,0.6618005361077315,0.8055683554623065,False
2016-01-22 23:30:00+00:00,0.30302461424963206,0.5622725644689113,True
2016-01-23 00:00:00+00:00,0.0,0.2841299696242663,False
2016-01-23 00:30:00+00:00,0.10592623450089855,0.22648372057065855,True
2016-01-23 01:00:00+00:00,0.290515188534454,0.2036842753683004,False
2016-01-23 01:30:00+00:00,0.5014266803060432,0.3862722013209716,True
2016-01-23 02:00:00+00:00,0.6336754525449756,0.5688601272736429,False
2016-01-23 02:30:00+00:00,0.5059605656728525,0.5530420115891974,True
2016-01-23 03:00:00+00:00,0.3782456788007295,0.5372238959047522,False
2016-01-23 03:30:00+00:00,0.5795591700141732,0.625630946375774,True
2016-01-23 04:00:00+00:00,0.9256068510827986,0.8110329097586019,False
2016-01-23 04:30:00+00:00,1.1704626841892918,1.0533477193157925,True
2016-01-23 05:00:00+00:00,1.5399852138003252,1.4764889763665645,False
2016-01-23 05:30:00+00:00,3.272682271123264,2.768387917012354,True
2016-01-23 06:00:00+00:00,5.9200207639762175,4.843619052823565,False
2016-01-23 06:30:00+00:00,8.766067234185929,7.695784951573671,True
2016-01-23 07:00:00+00:00,11.075362722174091,10.58426194303006,False
2016-01-23 07:30:00+00:00,12.06887796353685,12.60268362087458,True
2016-01-23 08:00:00+00:00,12.804042477392375,14.137934547418448,False
2016-01-23 08:30:00+00:00,13.705659187654794,15.367204539422278,True
2016-01-23 09:00:00+00:00,14.21833528575626,16.015714990463266,False
2016-01-23 09:30:00+00:00,13.907344555500657,16.050130565235325,True
2016-01-23 10:00:00+00:00,13.596353825245057,16.085267925713815,False
2016-01-23 10:30:00+00:00,16.21132944769134,17.9383460422546,True
2016-01-23 11:00:00+00:00,19.179589406323085,20.664350348760067,False
2016-01-23 11:30:00+00:00,19.760702438010473,22.62046836566194,True
2016-01-23 12:00:00+00:00,19.98853113351239,23.669404050879105,False
2016-01-23 12:30:00+00:00,18.34029343126861,22.552221710665556,True
2016-01-23 13:00:00+00:00,16.586483922009567,20.939119526102743,False
2016-01-23 13:30:00+00:00,16.472352082459913,20.13207889671967,True
2016-01-23 14:00:00+00:00,16.36136883426195,19.38140282614568,False
2016-01-23 14:30:00+00:00,15.371484986427651,18.399277935706532,True
2016-01-23 15:00:00+00:00,14.086229258833034,17.363435172438518,False
2016-01-23 15:30:00+00:00,13.530807707545337,16.504047430452847,True
2016-01-23 16:00:00+00:00,12.862830602536574,15.433265139393107,False
2016-01-23 16:30:00+00:00,10.180838987283463,13.157836096956318,True
2016-01-23 17:00:00+00:00,6.702293489035666,10.210384613637812,False
2016-01-23 17:30:00+00:00,3.897115842394886,7.024363422579774,True
2016-01-23 18:00:00+00:00,2.162202587047433,4.387110672668146,False
2016-01-23 18:30:00+00:00,1.8743752350258487,3.0098194305552743,True
2016-01-23 19:00:00+00:00,1.633843707910113,2.073351692506516,False
2016-01-23 19:30:00+00:00,0.8707571364195118,1.2980451756778122,True
2016-01-23 20:00:00+00:00,0.2970148808693765,0.9098368619633984,False
2016-01-23 20:30:00+00:00,0.8337879099753629,0.9864086166743773,True
2016-01-23 21:00:00+00:00,1.370560939081349,1.0878584705944343,False
2016-01-23 21:30:00+00:00,1.173572000223309,1.134826230889815,True
2016-01-23 22:00:00+00:00,0.8110319042987545,1.156915891976117,False
2016-01-23 22:30:00+00:00,0.32274037361612007,0.7683794773225208,True
2016-01-23 23:00:00+00:00,0.0,0.3482145145955375,False
2016-01-23 23:30:00+00:00,0.1994098512661175,0.3071699052013408,True
2016-01-24 00:00:00+00:00,0.398819702532235,0.2795895320571753,False
2016-01-24 00:30:00+00:00,0.23152279052673846,0.24549060349790905,True
2016-01-24 01:00:00+00:00,0.0444701227234952,0.2023965837201156,False
2016-01-24 01:30:00+00:00,0.012357183462874259,0.10148447681076286,True
2016-01-24 02:00:00+00:00,0.0,0.0190879050678641,False
2016-01-24 02:30:00+00:00,0.0,0.005222018596217529,True
2016-01-24 03:00:00+00:00,0.0,0.0,False
2016-01-24 03:30:00+00:00,0.0,0.0,True
2016-01-24 04:00:00+00:00,0.0,0.0,False
2016-01-24 04:30:00+00:00,0.13940279659921048,0.09724336792271875,True
2016-01-24 05:00:00+00:00,0.5114045601775217,0.3584818902246078,False
2016-01-24 05:30:00+00:00,2.814754776051639,1.8884815532537915,True
2016-01-24 06:00:00+00:00,5.660110801619395,4.2145818432270366,False
2016-01-24 06:30:00+00:00,6.73978767341853,6.0166909710292344,True
2016-01-24 07:00:00+00:00,7.876094198128535,8.039375739138192,False
2016-01-24 07:30:00+00:00,10.802040597767958,10.82218027179656,True
2016-01-24 08:00:00+00:00,14.531752072661194,14.210849446231178,False
2016-01-24 08:30:00+00:00,18.41984494038196,18.76915317579685,True
2016-01-24 09:00:00+00:00,20.960041373854715,22.697266962106298,False
2016-01-24 09:30:00+00:00,21.29237434668758,24.497744702057847,True
2016-01-24 10:00:00+00:00,21.59056934777067,25.87629924178325,False
2016-01-24 10:30:00+00:00,22.99718366246255,27.608715170098787,True
2016-01-24 11:00:00+00:00,24.15083287831478,28.606708178490454,False
2016-01-24 11:30:00+00:00,19.776857447687895,25.50378508695485,True
2016-01-24 12:00:00+00:00,14.398950972475324,20.705563663322224,False
2016-01-24 12:30:00+00:00,12.632756119656577,16.888253702004853,True
2016-01-24 13:00:00+00:00,11.87049231142351,14.766242072784502,False
2016-01-24 13:30:00+00:00,15.914688641524073,17.36164214789622,True
2016-01-24 14:00:00+00:00,20.89197468713137,21.534242505195355,False
2016-01-24 14:30:00+00:00,22.534969024167804,25.27682000450843,True
2016-01-24 15:00:00+00:00,23.2448736456975,27.442197221634096,False
2016-01-24 15:30:00+00:00,18.003664749368035,23.711375981546645,True
2016-01-24 16:00:00+00:00,11.258954949115356,17.814814051212917,False
2016-01-24 16:30:00+00:00,9.00704750431235,13.523709331301303,True
2016-01-24 17:00:00+00:00,7.244920780413116,9.940644060966784,False
2016-01-24 17:30:00+00:00,4.849050090931007,7.279127912791148,True
2016-01-24 18:00:00+00:00,3.1483536344894985,5.311192350071774,False
2016-01-24 18:30:00+00:00,2.7186015703463506,3.9638982867763395,True
2016-01-24 19:00:00+00:00,2.393935822324483,3.0298510556723355,False
2016-01-24 19:30:00+00:00,1.8472596653162474,2.4424845904595376,True
2016-01-24 20:00:00+00:00,1.410494810512629,2.0163461679873365,False
2016-01-24 20:30:00+00:00,1.2389309392260595,1.648722429908881,True
2016-01-24 21:00:00+00:00,1.148153296084999,1.4102191220125395,False
2016-01-24 21:30:00+00:00,1.1092308788519634,1.3043270084606786,True
2016-01-24 22:00:00+00:00,1.093070565126357,1.258960245007597,False
2016-01-24 22:30:00+00:00,1.33489388013316,1.4008818440062603,True
2016-01-24 23:00:00+00:00,1.6931707724604346,1.6557678141230778,False
2016-01-24 23:30:00+00:00,1.9417165646591503,1.9745710743214944,True
2016-01-25 00:00:00+00:00,2.0738087795373947,2.180409963401756,False
2016-01-25 00:30:00+00:00,1.7333722404908936,2.0361660367003047,True
2016-01-25 01:00:00+00:00,1.2442578687898298,1.7624193513159203,False
2016-01-25 01:30:00+00:00,0.9381697353402523,1.3725044811396108,True
2016-01-25 02:00:00+00:00,0.7807594345452376,1.0814632218872229,False
2016-01-25 02:30:00+00:00,0.8660097485655861,1.0324917514295024,True
2016-01-25 03:00:00+00:00,0.9688315739473172,1.0141494287307928,False
2016-01-25 03:30:00+00:00,0.9992267641557251,1.0696706932957307,True
2016-01-25 04:00:00+00:00,1.0120504430027504,1.1251919578606688,False
2016-01-25 04:30:00+00:00,0.9005338605515144,1.057145309419516,True
2016-01-25 05:00:00+00:00,0.6769435990808533,0.9090064086576796,False
2016-01-25 05:30:00+00:00,0.28243496003071406,0.5597734148167111,True
2016-01-25 06:00:00+00:00,0.0,0.2906326732964259,False
2016-01-25 06:30:00+00:00,0.5927918872933533,0.4970692691849079,True
2016-01-25 07:00:00+00:00,1.195668804727198,0.8378342292142216,False
2016-01-25 07:30:00+00:00,1.2058721043828526,1.0613171570769846,True
2016-01-25 08:00:00+00:00,1.216184957535851,1.3656106053584285,False
2016-01-25 08:30:00+00:00,2.58197881219324,2.3265624552623403,True
2016-01-25 09:00:00+00:00,4.510318246919496,3.6947766175702506,False
2016-01-25 09:30:00+00:00,5.662568915947904,5.190890136005335,True
2016-01-25 10:00:00+00:00,6.266471960735867,6.3685581600023,False
2016-01-25 10:30:00+00:00,6.30375774417908,6.913934963320887,True
2016-01-25 11:00:00+00:00,6.3166509881560335,7.155356064114086,False
2016-01-25 11:30:00+00:00,5.061649130628525,6.358191993152801,True
2016-01-25 12:00:00+00:00,3.1957832115287235,4.949533820486544,False
2016-01-25 12:30:00+00:00,2.0252007201787894,3.5030555106895607,True
2016-01-25 13:00:00+00:00,1.1881099346693096,2.204721906790055,False
2016-01-25 13:30:00+00:00,0.6661474694446342,1.3334039860872933,True
2016-01-25 14:00:00+00:00,0.4215573599517992,0.8056814110475052,False
2016-01-25 14:30:00+00:00,0.44010271729735945,0.6013144464631769,True
2016-01-25 15:00:00+00:00,0.4789334326534711,0.5167015320233657,False
2016-01-25 15:30:00+00:00,0.5583334441935921,0.5726929764949421,True
2016-01-25 16:00:00+00:00,0.6174480977231617,0.6383883293044924,False
2016-01-25 16:30:00+00:00,0.6033724720814159,0.6547855444818576,True
2016-01-25 17:00:00+00:00,0.5655138436822236,0.6614788513212488,False
2016-01-25 17:30:00+00:00,0.2708654204623886,0.45213136310475543,True
2016-01-25 18:00:00+00:00,0.0,0.242783874888262,False
2016-01-25 18:30:00+00:00,0.24679279868795112,0.2965884280333176,True
2016-01-25 19:00:00+00:00,0.5871543697616651,0.4115564665453569,False
2016-01-25 19:30:00+00:00,0.7712812629375708,0.6643920995848828,True
2016-01-25 20:00:00+00:00,0.8618393837277134,0.8560642472574249,False
2016-01-25 20:30:00+00:00,0.6963623044918729,0.8121842658768734,True
2016-01-25 21:00:00+00:00,0.5308852252560324,0.7421652633470612,False
2016-01-25 21:30:00+00:00,0.5633476511401545,0.680780880077592,True
2016-01-25 22:00:00+00:00,0.5958100770242766,0.6455355179573832,False
2016-01-25 22:30:00+00:00,0.5763336019829888,0.6456823626221391,True
2016-01-25 23:00:00+00:00,0.556857126941701,0.6461220833237507,False
2016-01-25 23:30:00+00:00,0.8190962527784176,0.8011865365108886,True
2016-01-26 00:00:00+00:00,1.1837905103445991,1.0685799490789898,False
2016-01-26 00:30:00+00:00,1.387219553679739,1.3661411492406694,True
2016-01-26 01:00:00+00:00,1.488193465285414,1.55108051398453,False
2016-01-26 01:30:00+00:00,1.2576859663408153,1.4494762584400476,True
2016-01-26 02:00:00+00:00,0.844544197377553,1.230914048453242,False
2016-01-26 02:30:00+00:00,0.33095496367944466,0.73828117883484,True
2016-01-26 03:00:00+00:00,0.0,0.3626062636587613,False
2016-01-26 03:30:00+00:00,0.1838273114380528,0.36366637341821584,True
2016-01-26 04:00:00+00:00,0.5233095890896238,0.3668235208636231,False
2016-01-26 04:30:00+00:00,0.8381312060420401,0.6094096203268287,True
2016-01-26 05:00:00+00:00,1.2917611770900517,1.1298129968544532,False
2016-01-26 05:30:00+00:00,2.3112317229639157,1.9764334519891802,True
2016-01-26 06:00:00+00:00,3.812645426315585,3.232301542492008,False
2016-01-26 06:30:00+00:00,5.9346322948076065,5.154545775098167,True
2016-01-26 07:00:00+00:00,7.856213030653442,7.2340299212967025,False
2016-01-26 07:30:00+00:00,8.733833670623211,8.816595634359809,True
2016-01-26 08:00:00+00:00,9.46717096794091,10.167924152843932,False
2016-01-26 08:30:00+00:00,10.441621063319278,11.303418159951923,True
2016-01-26 09:00:00+00:00,11.327921913189623,12.28680800790971,False
2016-01-26 09:30:00+00:00,12.044427692496651,13.340942228788185,True
2016-01-26 10:00:00+00:00,12.417365714823038,13.932015939684996,False
2016-01-26 10:30:00+00:00,11.832416284012076,13.694511317766597,True
2016-01-26 11:00:00+00:00,11.247466853201114,13.457006695848197,False
2016-01-26 11:30:00+00:00,12.196616293898662,13.971961975065959,True
2016-01-26 12:00:00+00:00,13.145765734596209,14.486917254283725,False
2016-01-26 12:30:00+00:00,11.507964999259865,13.588998630190336,True
2016-01-26 13:00:00+00:00,9.870164263923524,12.691080006096946,False
2016-01-26 13:30:00+00:00,11.254941495113682,13.074588008674514,True
2016-01-26 14:00:00+00:00,12.639718726303842,13.500234252181318,False
2016-01-26 14:30:00+00:00,12.090520361258415,13.56834073294741,True
2016-01-26 15:00:00+00:00,11.304925597479402,13.594308972784264,False
2016-01-26 15:30:00+00:00,10.961649983344602,13.216455337015246,True
2016-01-26 16:00:00+00:00,10.57281384014029,12.46791555121561,False
2016-01-26 16:30:00+00:00,9.660520137967765,11.598302517431344,True
2016-01-26 17:00:00+00:00,8.118276895492265,10.299003678400052,False
2016-01-26 17:30:00+00:00,4.336622957775262,7.4244743928512955,True
2016-01-26 18:00:00+00:00,1.0206935275130853,4.188359109267948,False
2016-01-26 18:30:00+00:00,0.2872557834309204,1.7323284218126371,True
2016-01-26 19:00:00+00:00,0.0,0.4382556876695624,False
2016-01-26 19:30:00+00:00,1.03713819148986,0.8518404867867309,True
2016-01-26 20:00:00+00:00,2.212863988843011,1.5509032829372682,False
2016-01-26 20:30:00+00:00,2.4405900387041934,2.2800209629708834,True
2016-01-26 21:00:00+00:00,2.5297284827020854,2.7236606459711306,False
2016-01-26 21:30:00+00:00,1.2648642413510425,2.0655373818223373,True
2016-01-26 22:00:00+00:00,0.0,1.0863114579775792,False
2016-01-26 22:30:00+00:00,0.021150535119728246,0.40028359871209657,True
2016-01-26 23:00:00+00:00,0.0423010702394565,0.0296658900265827,False
2016-01-26 23:30:00+00:00,0.021150535119728253,0.021065123323690007,True
2016-01-27 00:00:00+00:00,0.0,0.018156865736793,False
2016-01-27 00:30:00+00:00,0.2968230885213214,0.17921972993115792,True
2016-01-27 01:00:00+00:00,0.5936461770426428,0.4161047934214267,False
2016-01-27 01:30:00+00:00,0.5900464121315696,0.5765203784635958,True
2016-01-27 02:00:00+00:00,0.5795803905777732,0.6611137642098611,False
2016-01-27 02:30:00+00:00,0.286357066967525,0.4574614439337842,True
2016-01-27 03:00:00+00:00,0.0,0.2488240078708674,False
2016-01-27 03:30:00+00:00,0.15205842722354002,0.24122279368174115,True
2016-01-27 04:00:00+00:00,0.3403414869164725,0.2386066952794548,False
2016-01-27 04:30:00+00:00,0.3825994401632529,0.29868350854278297,True
2016-01-27 05:00:00+00:00,0.4323840642382028,0.4492128659103469,False
2016-01-27 05:30:00+00:00,1.047362375576403,0.9062255901561171,True
2016-01-27 06:00:00+00:00,2.20639669964668,1.7319852353937368,False
2016-01-27 06:30:00+00:00,3.7365578161084527,3.0836929805976983,True
2016-01-27 07:00:00+00:00,5.691627599434966,4.965197771700604,False
2016-01-27 07:30:00+00:00,8.615817906064606,8.007167510266394,True
2016-01-27 08:00:00+00:00,10.527292229799867,10.060140737837154,False
2016-01-27 08:30:00+00:00,7.758487399768911,9.031306110031409,True
2016-01-27 09:00:00+00:00,4.989682569737954,8.002471482225662,False
2016-01-27 09:30:00+00:00,8.656824562157732,9.204901594376027,True
2016-01-27 10:00:00+00:00,12.323966554577511,11.175048623503807,False
2016-01-27 10:30:00+00:00,12.248218636081265,12.56770611124408,True
2016-01-27 11:00:00+00:00,12.17247071758502,14.150525639938357,False
2016-01-27 11:30:00+00:00,15.37513798273643,17.318995601381527,True
2016-01-27 12:00:00+00:00,18.57780524788784,19.529586604893275,False
2016-01-27 12:30:00+00:00,16.54344030831088,19.045028063095,True
2016-01-27 13:00:00+00:00,13.82288061675346,18.037976130723145,False
2016-01-27 13:30:00+00:00,12.515180005238662,16.032302917193647,True
2016-01-27 14:00:00+00:00,11.89367414570432,14.547983878905208,False
2016-01-27 14:30:00+00:00,12.39001750373163,14.546837189698094,True
2016-01-27 15:00:00+00:00,12.88636086175894,14.545703959802012,False
2016-01-27 15:30:00+00:00,12.687932016048324,14.4988123742791,True
2016-01-27 16:00:00+00:00,12.149193924397707,14.36500010380072,False
2016-01-27 16:30:00+00:00,8.010768228850166,11.629658508635151,True
2016-01-27 17:00:00+00:00,3.276634388925378,7.463928344000438,False
2016-01-27 17:30:00+00:00,1.6223046231801554,4.198564720695653,True
2016-01-27 18:00:00+00:00,0.9039922477521796,2.040386987879251,False
2016-01-27 18:30:00+00:00,0.9391132486978068,1.3677411999362217,True
2016-01-27 19:00:00+00:00,0.974234249643434,1.0708561430570591,False
2016-01-27 19:30:00+00:00,0.9299923369531004,1.0318638725694673,True
2016-01-27 20:00:00+00:00,0.8218427380358558,0.9942729102212404,False
2016-01-27 20:30:00+00:00,0.400671332075744,0.7238419050773476,True
2016-01-27 21:00:00+00:00,0.0292862793885942,0.3733960640986406,False
2016-01-27 21:30:00+00:00,0.007582473217322691,0.1359323048901287,True
2016-01-27 22:00:00+00:00,0.0,0.0125704622709198,False
2016-01-27 22:30:00+00:00,0.47955326350217553,0.281240572590964,True
2016-01-27 23:00:00+00:00,0.959106527004351,0.6721229010634304,False
2016-01-27 23:30:00+00:00,0.9502412932587888,0.9273989192993277,True
2016-01-28 00:00:00+00:00,0.9256068510827986,1.0604627193828031,False
2016-01-28 00:30:00+00:00,0.7046678294007143,0.9196026246757277,True
2016-01-28 01:00:00+00:00,0.3869086418097495,0.6686613638092975,False
2016-01-28 01:30:00+00:00,0.1371596337352205,0.3935472422894665,True
2016-01-28 02:00:00+00:00,0.0,0.1660955800327062,False
2016-01-28 02:30:00+00:00,0.0,0.05183843656821094,True
2016-01-28 03:00:00+00:00,0.0,0.0,False
2016-01-28 03:30:00+00:00,0.0,0.0,True
2016-01-28 04:00:00+00:00,0.0,0.0,False
2016-01-28 04:30:00+00:00,0.3797170167363717,0.2620872185309283,True
2016-01-28 05:00:00+00:00,1.3036361009414403,0.913470448674818,False
2016-01-28 05:30:00+00:00,4.22237716893147,3.0367947075742054,True
2016-01-28 06:00:00+00:00,7.895978999912346,6.186521364147549,False
2016-01-28 06:30:00+00:00,10.28122360815961,9.350675971082035,True
2016-01-28 07:00:00+00:00,12.184112126028456,12.301269397134632,False
2016-01-28 07:30:00+00:00,13.911680966449067,14.883423741192654,True
2016-01-28 08:00:00+00:00,14.822543066788551,16.26344085684564,False
2016-01-28 08:30:00+00:00,13.375502307181712,15.70709043802491,True
2016-01-28 09:00:00+00:00,11.92846154757487,14.985806665134849,False
2016-01-28 09:30:00+00:00,12.234722775341858,14.681002235259905,True
2016-01-28 10:00:00+00:00,12.862830602536574,14.541131159454288,False
2016-01-28 10:30:00+00:00,13.741506342552112,15.254777795092368,True
2016-01-28 11:00:00+00:00,14.931963601597936,16.636878963126346,False
2016-01-28 11:30:00+00:00,16.883768111887083,18.81723248296089,True
2016-01-28 12:00:00+00:00,18.20194450371821,20.32913147039953,False
2016-01-28 12:30:00+00:00,16.436075460425084,19.574257837813587,True
2016-01-28 13:00:00+00:00,14.278479805176902,18.264738826311376,False
2016-01-28 13:30:00+00:00,13.593151557462066,16.78858504166914,True
2016-01-28 14:00:00+00:00,13.299549921702283,15.867076635943173,False
2016-01-28 14:30:00+00:00,13.728900504095336,16.018869764498668,True
2016-01-28 15:00:00+00:00,14.158251086488391,16.170662893054157,False
2016-01-28 15:30:00+00:00,12.67949546193386,15.181874856575801,True
2016-01-28 16:00:00+00:00,9.994380224450856,13.20335618141464,False
2016-01-28 16:30:00+00:00,7.04760430273034,10.396972219248198,True
2016-01-28 17:00:00+00:00,4.25744055842902,7.2574171407844545,False
2016-01-28 17:30:00+00:00,2.118007185174534,4.503779103415682,True
2016-01-28 18:00:00+00:00,0.9461393338162398,2.4904049264360646,False
2016-01-28 18:30:00+00:00,0.8185741206695415,1.4279462753437093,True
2016-01-28 19:00:00+00:00,0.7731908211359287,0.9481255188423082,False
2016-01-28 19:30:00+00:00,1.000086649941711,1.0699299660419033,True
2016-01-28 20:00:00+00:00,1.2269824787474934,1.1917344132414984,False
2016-01-28 20:30:00+00:00,0.6134912393737466,0.8592937541468497,True
2016-01-28 21:00:00+00:00,0.0,0.526853095052201,False
2016-01-28 21:30:00+00:00,1.0482234889569102,0.9980339158729876,True
2016-01-28 22:00:00+00:00,2.0964469779138213,1.469214736693774,False
2016-01-28 22:30:00+00:00,1.0688317567125298,1.2511457405441269,True
2016-01-28 23:00:00+00:00,0.0412165355112381,0.92917375716409,False
2016-01-28 23:30:00+00:00,0.4299080326418391,0.7434009577992401,True
2016-01-29 00:00:00+00:00,0.81859952977244,0.5913895372964538,False
2016-01-29 00:30:00+00:00,0.4092997648862201,0.4720032000669092,True
2016-01-29 01:00:00+00:00,0.0,0.3514643917290342,False
2016-01-29 01:30:00+00:00,0.0,0.14008515612618877,True
2016-01-29 02:00:00+00:00,0.0,0.0,False
2016-01-29 02:30:00+00:00,0.36334674625197194,0.25001521609954375,True
2016-01-29 03:00:00+00:00,0.7266934925039439,0.5093154224826407,False
2016-01-29 03:30:00+00:00,0.5178119993166023,0.5190978302980372,True
2016-01-29 04:00:00+00:00,0.3089305061292607,0.5285880976624913,False
2016-01-29 04:30:00+00:00,0.48523469515774786,0.6043748662994121,True
2016-01-29 05:00:00+00:00,0.9493811820093572,0.7979269806404409,False
2016-01-29 05:30:00+00:00,3.3398500973485694,2.4118479111821594,True
2016-01-29 06:00:00+00:00,6.642138672413768,5.11341799181599,False
2016-01-29 06:30:00+00:00,9.067932640069667,8.035518728180781,True
2016-01-29 07:00:00+00:00,10.789411989839625,10.6689697614962,False
2016-01-29 07:30:00+00:00,11.687898150083235,12.44835036436948,True
2016-01-29 08:00:00+00:00,12.091036970663676,13.445991278978354,False
2016-01-29 08:30:00+00:00,11.951804372250198,13.60100471701991,True
2016-01-29 09:00:00+00:00,11.81257177383672,13.76735991736203,False
2016-01-29 09:30:00+00:00,17.210078489908586,18.53344044724814,True
2016-01-29 10:00:00+00:00,22.607585205980453,23.144161260518626,False
2016-01-29 10:30:00+00:00,17.106020877735993,20.877920440552113,True
2016-01-29 11:00:00+00:00,11.604456549491536,17.838847860876317,False
2016-01-29 11:30:00+00:00,12.829319119340704,16.36187439691737,True
2016-01-29 12:00:00+00:00,14.3868928789821,15.657732692667713,False
2016-01-29 12:30:00+00:00,14.822186432759871,17.891476357615197,True
2016-01-29 13:00:00+00:00,15.261471623961071,20.125220022562686,False
2016-01-29 13:30:00+00:00,16.893602985749347,19.378560039426205,True
2016-01-29 14:00:00+00:00,18.18903152032196,17.660492144609535,False
2016-01-29 14:30:00+00:00,15.238533195774211,12.587317675848455,True
2016-01-29 15:00:00+00:00,10.74376106589188,8.48555111876756,False
2016-01-29 15:30:00+00:00,7.995118231979351,9.14239101293755,True
2016-01-29 16:00:00+00:00,5.465694707884746,9.79923090710754,False
2016-01-29 16:30:00+00:00,2.1767367467596825,7.856625918370646,True
2016-01-29 17:00:00+00:00,0.1431383809028703,5.214202817938851,False
2016-01-29 17:30:00+00:00,0.036721740327233146,3.856981056266575,True
2016-01-29 18:00:00+00:00,0.0,3.199577406289201,False
2016-01-29 18:30:00+00:00,0.0,4.195252455708448,True
2016-01-29 19:00:00+00:00,0.0,5.190927505127694,False
2016-01-29 19:30:00+00:00,0.32711434367541226,4.489297903594471,True
2016-01-29 20:00:00+00:00,0.6542286873508246,3.2355219716317745,False
2016-01-29 20:30:00+00:00,0.32711434367541237,1.6909096683868976,True
2016-01-29 21:00:00+00:00,0.0,0.6984436955714945,False
2016-01-29 21:30:00+00:00,0.10039627809276416,2.8359668274683973,True
2016-01-29 22:00:00+00:00,0.3118401396344665,5.372963031809664,False
2016-01-29 22:30:00+00:00,0.7532250316840376,6.054523677460534,True
2016-01-29 23:00:00+00:00,1.0835623402846706,6.336611250667041,False
2016-01-29 23:30:00+00:00,0.7928902862499952,5.308897499438766,True
2016-01-30 00:00:00+00:00,0.5022182322153198,3.5911595864925285,False
2016-01-30 00:30:00+00:00,0.7021432332991531,2.0163798977290828,True
2016-01-30 01:00:00+00:00,0.9020682343829864,0.8162608784163436,False
2016-01-30 01:30:00+00:00,0.6086531769621907,0.2504486930745433,True
2016-01-30 02:00:00+00:00,0.3152381195413948,0.0,False
2016-01-30 02:30:00+00:00,0.7221522138421923,0.18707813495703507,True
2016-01-30 03:00:00+00:00,1.1290663081429897,0.6089807757250444,False
2016-01-30 03:30:00+00:00,0.7257619139033731,1.752746284318908,True
2016-01-30 04:00:00+00:00,0.3224575196637563,2.6616872871017976,False
2016-01-30 04:30:00+00:00,0.35378638009137625,1.4460408781919498,True
2016-01-30 05:00:00+00:00,0.4431851717084722,0.2303944692821016,False
2016-01-30 05:30:00+00:00,1.5101708321520888,1.4497239546028018,True
2016-01-30 06:00:00+00:00,3.499404814566166,3.746008101233853,False
2016-01-30 06:30:00+00:00,6.349284249284465,6.379246875526469,True
2016-01-30 07:00:00+00:00,8.968762276615628,9.306916533926756,False
2016-01-30 07:30:00+00:00,10.068223873249329,12.450577269193019,True
2016-01-30 08:00:00+00:00,11.035288909770644,14.71910800573302,False
2016-01-30 08:30:00+00:00,12.770713534078224,15.34496821952746,True
2016-01-30 09:00:00+00:00,14.104786224050889,15.934503603457308,False
2016-01-30 09:30:00+00:00,14.356949488387025,17.634210646156916,True
2016-01-30 10:00:00+00:00,14.60800030278392,19.717469070404768,False
2016-01-30 10:30:00+00:00,16.16851864318467,21.661567808737978,True
2016-01-30 11:00:00+00:00,17.56876057653131,22.76218444869577,False
2016-01-30 11:30:00+00:00,17.62894855262394,21.49188080405676,True
2016-01-30 12:00:00+00:00,17.682529430019944,19.68610171527745,False
2016-01-30 12:30:00+00:00,18.021152970095862,18.83608036425702,True
2016-01-30 13:00:00+00:00,18.31160411453625,18.04315063265041,False
2016-01-30 13:30:00+00:00,17.30361777955796,16.658548929336625,True
2016-01-30 14:00:00+00:00,15.543716788834736,15.752331050749332,False
2016-01-30 14:30:00+00:00,13.968078030378992,15.822332014507671,True
2016-01-30 15:00:00+00:00,12.250806143521368,15.89233297826601,False
2016-01-30 15:30:00+00:00,10.36212278855413,13.102113383191911,True
2016-01-30 16:00:00+00:00,8.342792396791392,9.377307865312924,False
2016-01-30 16:30:00+00:00,6.083560869570407,8.015863396407886,True
2016-01-30 17:00:00+00:00,4.038086484297277,6.756109817545846,False
2016-01-30 17:30:00+00:00,2.332973408698163,4.20808800428819,True
2016-01-30 18:00:00+00:00,1.4382980120935056,2.185951572176692,False
2016-01-30 18:30:00+00:00,1.5932873835475672,1.6777871372749644,True
2016-01-30 19:00:00+00:00,1.7482767550016285,1.4766323539889696,False
2016-01-30 19:30:00+00:00,1.475240776194694,2.3770651307427486,True
2016-01-30 20:00:00+00:00,1.1163273624661163,3.277497907496528,False
2016-01-30 20:30:00+00:00,0.9554598341325589,2.8252910656642167,True
2016-01-30 21:00:00+00:00,0.8804697407206447,2.373084223831906,False
2016-01-30 21:30:00+00:00,2.1667005903497953,3.5143209920947216,True
2016-01-30 22:00:00+00:00,3.452931439978946,4.655557760357538,False
2016-01-30 22:30:00+00:00,2.4780245240055425,2.8921935439786126,True
2016-01-30 23:00:00+00:00,1.3310102815434304,1.128829327599687,False
2016-01-30 23:30:00+00:00,1.102121954498029,2.2199799187068443,True
2016-01-31 00:00:00+00:00,0.9201458599115252,3.311130509814001,False
2016-01-31 00:30:00+00:00,0.537009564995138,1.741424026672644,True
2016-01-31 01:00:00+00:00,0.2790683641085611,0.171717543531287,False
2016-01-31 01:30:00+00:00,0.6389232726746547,0.22138358683744114,True
2016-01-31 02:00:00+00:00,0.9987781812407484,0.3509638194951201,False
2016-01-31 02:30:00+00:00,0.8282108574999082,0.9971315219997434,True
2016-01-31 03:00:00+00:00,0.6576435337590681,1.8263368370317787,False
2016-01-31 03:30:00+00:00,1.115147349763121,2.244594039107695,True
2016-01-31 04:00:00+00:00,2.0930220112539457,2.6435342902089616,False
2016-01-31 04:30:00+00:00,3.7813039018027212,3.119173902677384,True
2016-01-31 05:00:00+00:00,5.878422346137054,3.850451737063844,False
2016-01-31 05:30:00+00:00,7.722121560463975,6.43080087118087,True
2016-01-31 06:00:00+00:00,9.529121258039568,9.634178947426165,False
2016-01-31 06:30:00+00:00,11.333513634114931,11.49022751443571,True
2016-01-31 07:00:00+00:00,13.021973258194809,13.302369270922298,False
2016-01-31 07:30:00+00:00,14.77134628407978,16.458848252780783,True
2016-01-31 08:00:00+00:00,15.818755818362568,18.53693203021163,False
2016-01-31 08:30:00+00:00,15.896927851723142,18.186944228616703,True
2016-01-31 09:00:00+00:00,15.97638970548246,17.836956427021775,False
2016-01-31 09:30:00+00:00,18.06625378723814,18.853741937328433,True
2016-01-31 10:00:00+00:00,20.080216409671745,19.870527447635094,False
2016-01-31 10:30:00+00:00,18.992322206077407,19.312333203575804,True
2016-01-31 11:00:00+00:00,17.90442800248307,18.75413895951651,False
2016-01-31 11:30:00+00:00,18.685612882626913,21.62436972033435,True
2016-01-31 12:00:00+00:00,19.46679776277076,24.49460048115219,False
2016-01-31 12:30:00+00:00,18.322688507298228,21.191306895361755,True
2016-01-31 13:00:00+00:00,17.178579251825695,17.888013309571328,False
2016-01-31 13:30:00+00:00,19.250313435643864,20.227390621878868,True
2016-01-31 14:00:00+00:00,21.32204761946203,22.5667679341864,False
2016-01-31 14:30:00+00:00,18.091818984862137,19.495403566726786,True
2016-01-31 15:00:00+00:00,13.232502215194318,14.907643826889592,False
2016-01-31 15:30:00+00:00,10.268489867606807,12.103302467150133,True
2016-01-31 16:00:00+00:00,7.777078681900653,9.886708480203,False
2016-01-31 16:30:00+00:00,5.525198916224249,8.4010412311004,True
2016-01-31 17:00:00+00:00,3.761659452437528,6.9390390061788745,False
2016-01-31 17:30:00+00:00,2.5634676204795364,4.141832364945071,True
2016-01-31 18:00:00+00:00,1.7588502487518165,2.2496086991154454,False
2016-01-31 18:30:00+00:00,1.2940567315925362,3.2859688211095057,True
2016-01-31 19:00:00+00:00,1.0022580022047824,4.780859888103176,False
2016-01-31 19:30:00+00:00,0.8126050018494652,5.7291593676089905,True
2016-01-31 20:00:00+00:00,0.724529424789235,6.218927902115195,False
2016-01-31 20:30:00+00:00,0.8669678392577931,5.875800973120587,True
2016-01-31 21:00:00+00:00,1.009406253726351,5.213553214762516,False
2016-01-31 21:30:00+00:00,0.8852990460755725,4.180097021076735,True
2016-01-31 22:00:00+00:00,0.6854228406512105,3.465761656754416,False
2016-01-31 22:30:00+00:00,0.505186640827012,4.572297832588038,True
2016-01-31 23:00:00+00:00,0.4007194387763972,5.678834008421661,False
2016-01-31 23:30:00+00:00,0.6607133068074289,5.319813853683296,True
2016-02-01 00:00:00+00:00,0.995290199950446,4.616351633187718,False
2016-02-01 00:30:00+00:00,1.1080861225989092,3.464565973578796,True
2016-02-01 01:00:00+00:00,1.1944119645896465,2.657222379727087,False
2016-02-01 01:30:00+00:00,1.311575515537749,2.8163955935172322,True
2016-02-01 02:00:00+00:00,1.380626122031592,2.975568807307378,False
2016-02-01 02:30:00+00:00,1.1184989404203567,1.7201943625032996,True
2016-02-01 03:00:00+00:00,0.8563717588091214,0.4648199176992216,False
2016-02-01 03:30:00+00:00,1.5569070817237574,0.8296592648464169,True
2016-02-01 04:00:00+00:00,2.901742256429788,1.628928961863351,False
2016-02-01 04:30:00+00:00,4.401633361121089,2.960903173307129,True
2016-02-01 05:00:00+00:00,6.38451912588051,5.054684322681716,False
2016-02-01 05:30:00+00:00,9.861670675773762,9.056936633230226,True
2016-02-01 06:00:00+00:00,12.777865656067162,12.986732145736616,False
2016-02-01 06:30:00+00:00,13.586629450302395,15.085590157670532,True
2016-02-01 07:00:00+00:00,14.154418176434852,16.12294508200647,False
2016-02-01 07:30:00+00:00,14.934160187329475,16.218936826073513,True
2016-02-01 08:00:00+00:00,15.388539324067212,16.252651167980105,False
2016-02-01 08:30:00+00:00,13.746922528498619,15.362147980968185,True
2016-02-01 09:00:00+00:00,12.105305732930024,14.471644793956266,False
2016-02-01 09:30:00+00:00,16.254668309061103,17.622285329732954,True
2016-02-01 10:00:00+00:00,20.40403088519218,20.850363669256406,False
2016-02-01 10:30:00+00:00,19.296237435037582,20.968447355743873,True
2016-02-01 11:00:00+00:00,17.334522136725962,21.009093238484574,False
2016-02-01 11:30:00+00:00,15.167660401950524,18.691973226337787,True
2016-02-01 12:00:00+00:00,13.484646458002144,15.989193167410258,False
2016-02-01 12:30:00+00:00,12.987509106744916,15.360316681871984,True
2016-02-01 13:00:00+00:00,12.568335248553687,15.077841653967154,False
2016-02-01 13:30:00+00:00,11.900938713933401,15.036216617531418,True
2016-02-01 14:00:00+00:00,10.95633778273693,14.99192210640514,False
2016-02-01 14:30:00+00:00,9.027611467400783,13.686047101584753,True
2016-02-01 15:00:00+00:00,7.078867578056647,11.500204013571636,False
2016-02-01 15:30:00+00:00,6.163328670107097,9.419777511915132,True
2016-02-01 16:00:00+00:00,5.385437167019656,7.593472947527032,False
2016-02-01 16:30:00+00:00,4.463556232165406,6.425575139015182,True
2016-02-01 17:00:00+00:00,3.4491356479504565,5.564201122818696,False
2016-02-01 17:30:00+00:00,1.9341373345396922,4.822593691882905,True
2016-02-01 18:00:00+00:00,0.9633638004756558,4.442236678393924,False
2016-02-01 18:30:00+00:00,1.3666762298143205,4.795975607123813,True
2016-02-01 19:00:00+00:00,1.7699886591529852,5.1497145358537,False
2016-02-01 19:30:00+00:00,1.027991043869415,3.8565325251316667,True
2016-02-01 20:00:00+00:00,0.2686985210215997,2.5633505144096325,False
2016-02-01 20:30:00+00:00,0.24234828654264326,3.3236035972818048,True
2016-02-01 21:00:00+00:00,0.2332929596279322,4.39563102807108,False
2016-02-01 21:30:00+00:00,0.380180965792823,5.0241276377396,True
2016-02-01 22:00:00+00:00,0.5270689719577137,5.340849899491015,False
2016-02-01 22:30:00+00:00,0.43019690915321074,4.8235067994661485,True
2016-02-01 23:00:00+00:00,0.3333248463487077,3.976632624921983,False
2016-02-01 23:30:00+00:00,0.47173227124106376,3.1743449764412697,True
2016-02-02 00:00:00+00:00,0.6101396961334198,2.701588402479853,False
2016-02-02 00:30:00+00:00,0.5537383488984203,2.9806148702941186,True
2016-02-02 01:00:00+00:00,0.444596820657341,3.391477583510252,False
2016-02-02 01:30:00+00:00,0.2808514975947771,3.619564206764404,True
2016-02-02 02:00:00+00:00,0.1538743479083391,3.818267061519896,False
2016-02-02 02:30:00+00:00,0.12794472700096224,4.066558143927298,True
2016-02-02 03:00:00+00:00,0.1179871137235394,4.212396749431493,False
2016-02-02 03:30:00+00:00,0.16951028135151516,3.278661357121215,True
2016-02-02 04:00:00+00:00,0.3006305796778403,2.344925964810937,False
2016-02-02 04:30:00+00:00,0.7228895874298965,2.674367817826785,True
2016-02-02 05:00:00+00:00,1.5405784674667196,3.4415288854693538,False
2016-02-02 05:30:00+00:00,3.302228671655541,5.722416708179458,True
2016-02-02 06:00:00+00:00,5.60419461064524,7.7822272149225,False
2016-02-02 06:30:00+00:00,7.914960832096804,8.021992717600549,True
2016-02-02 07:00:00+00:00,9.663322849354618,8.263556810166644,False
2016-02-02 07:30:00+00:00,10.25485066089398,10.182512724557343,True
2016-02-02 08:00:00+00:00,10.829443460802358,12.994496772608397,False
2016-02-02 08:30:00+00:00,12.541828246308988,15.301203334200068,True
2016-02-02 09:00:00+00:00,14.286833732810088,17.18770699842796,False
2016-02-02 09:30:00+00:00,15.083953173952297,18.564629003811365,True
2016-02-02 10:00:00+00:00,15.57264773969442,19.250285284350504,False
2016-02-02 10:30:00+00:00,15.866113166495223,17.42856605892171,True
2016-02-02 11:00:00+00:00,15.99937924574239,14.818864524919166,False
2016-02-02 11:30:00+00:00,15.747968218110813,13.201993036884465,True
2016-02-02 12:00:00+00:00,15.161466004152995,12.373103857423512,False
2016-02-02 12:30:00+00:00,13.8627258269331,14.006056267160968,True
2016-02-02 13:00:00+00:00,11.813515278776697,15.639008676898428,False
2016-02-02 13:30:00+00:00,8.783241892882145,13.67918264390527,True
2016-02-02 14:00:00+00:00,5.636898466649114,10.08998929099931,False
2016-02-02 14:30:00+00:00,3.069127359330212,5.327590893629903,True
2016-02-02 15:00:00+00:00,1.702987849612546,2.194559816173298,False
2016-02-02 15:30:00+00:00,1.8232763759505515,2.801665415891481,True
2016-02-02 16:00:00+00:00,1.943564902288557,3.4087710156096644,False
2016-02-02 16:30:00+00:00,1.2393449250813073,3.212417210191748,True
2016-02-02 17:00:00+00:00,0.5351249478740578,2.833017069509642,False
2016-02-02 17:30:00+00:00,0.6554138196948075,2.238827639067886,True
2016-02-02 18:00:00+00:00,0.8394701374826287,1.827684543890319,False
2016-02-02 18:30:00+00:00,0.9811173509922568,1.842739236362241,True
2016-02-02 19:00:00+00:00,1.0589971185348137,1.8786631541038408,False
2016-02-02 19:30:00+00:00,0.9430873464467169,2.0042347489983605,True
2016-02-02 20:00:00+00:00,0.7224809980907968,2.108937118623203,False
2016-02-02 20:30:00+00:00,0.3929830630511111,1.3780472711175105,True
2016-02-02 21:00:00+00:00,0.1681817042792486,0.647157423611818,False
2016-02-02 21:30:00+00:00,0.36465284106609436,1.4759047072160605,True
2016-02-02 22:00:00+00:00,0.7335338914146164,2.8871208367244434,False
2016-02-02 22:30:00+00:00,1.2617253290484363,4.392008922325802,True
2016-02-02 23:00:00+00:00,1.6175068531205796,5.31442816202302,False
2016-02-02 23:30:00+00:00,1.3609513133959175,3.2275669664000812,True
2016-02-03 00:00:00+00:00,0.954337448968938,0.8723878812021927,False
2016-02-03 00:30:00+00:00,0.6402116934480327,0.4788719681609357,True
2016-02-03 01:00:00+00:00,0.4061301238369451,0.2620137839496204,False
2016-02-03 01:30:00+00:00,0.27709014417859446,0.08517681160230611,True
2016-02-03 02:00:00+00:00,0.2180643033127434,0.0,False
2016-02-03 02:30:00+00:00,0.25278206089496824,1.0479583164664812,True
2016-02-03 03:00:00+00:00,0.3359125491696971,2.570304602915688,False
2016-02-03 03:30:00+00:00,0.6268025019970043,3.5594566696075467,True
2016-02-03 04:00:00+00:00,0.8786908283144332,4.074220766316679,False
2016-02-03 04:30:00+00:00,0.8931455620985898,2.5606402954147574,True
2016-02-03 05:00:00+00:00,0.8981891917001202,1.0470598245128362,False
2016-02-03 05:30:00+00:00,0.8726667231052306,1.5769870970931428,True
2016-02-03 06:00:00+00:00,0.847144254510341,2.1069143696734494,False
2016-02-03 06:30:00+00:00,1.137695144201661,1.906212310293436,True
2016-02-03 07:00:00+00:00,1.656366955680279,1.7055102509134228,False
2016-02-03 07:30:00+00:00,2.293403732569283,1.8837836855342136,True
2016-02-03 08:00:00+00:00,2.7023195876709893,2.0620571201550044,False
2016-02-03 08:30:00+00:00,2.501583151863332,1.599542214968555,True
2016-02-03 09:00:00+00:00,2.3008467160556743,1.1370273097821053,False
2016-02-03 09:30:00+00:00,3.0549834656777506,2.8371300674300093,True
2016-02-03 10:00:00+00:00,4.105454320516309,5.103483476495967,False
2016-02-03 10:30:00+00:00,4.539351248304472,5.913615361412658,True
2016-02-03 11:00:00+00:00,4.987951881648467,6.688553455450836,False
2016-02-03 11:30:00+00:00,5.998701265143473,8.339864543919493,True
2016-02-03 12:00:00+00:00,7.095993238388266,9.907798943317951,False
2016-02-03 12:30:00+00:00,7.933162858082263,10.751804089772365,True
2016-02-03 13:00:00+00:00,8.37275207725416,11.14812906475744,False
2016-02-03 13:30:00+00:00,7.523262144307837,10.854817798500655,True
2016-02-03 14:00:00+00:00,6.384403207477306,10.168741755523534,False
2016-02-03 14:30:00+00:00,5.909528007176096,7.988075394309229,True
2016-02-03 15:00:00+00:00,5.568055167988131,6.200173809815259,False
2016-02-03 15:30:00+00:00,5.346632352307471,6.843039203295653,True
2016-02-03 16:00:00+00:00,5.063220358714896,7.485904596776048,False
2016-02-03 16:30:00+00:00,3.357802695167028,5.516840816673796,True
2016-02-03 17:00:00+00:00,1.8703408523020344,3.547777036571544,False
2016-02-03 17:30:00+00:00,2.1147092985627944,3.642833321020231,True
2016-02-03 18:00:00+00:00,2.3590777448235545,3.737889605468918,False
2016-02-03 18:30:00+00:00,1.4474085112295998,2.4514689225853457,True
2016-02-03 19:00:00+00:00,0.5357392776356447,1.1650482397017736,False
2016-02-03 19:30:00+00:00,0.7055079535476168,3.30191060005534,True
2016-02-03 20:00:00+00:00,0.8752766294595888,5.438772960408906,False
2016-02-03 20:30:00+00:00,0.6487093563581551,3.4715297551170305,True
2016-02-03 21:00:00+00:00,0.4221420832567215,1.504286549825156,False
2016-02-03 21:30:00+00:00,0.7636496274494632,2.1505192974884793,True
2016-02-03 22:00:00+00:00,1.2923675341488805,2.796752045151802,False
2016-02-03 22:30:00+00:00,1.7145601886968527,2.5708015430549835,True
2016-02-03 23:00:00+00:00,1.9495424807381492,2.1187107754499563,False
2016-02-03 23:30:00+00:00,1.5383242089382874,1.3706945332067708,True
2016-02-04 00:00:00+00:00,0.9825705676669028,0.760348523016412,False
2016-02-04 00:30:00+00:00,0.7041347155665187,0.6480519275760132,True
2016-02-04 01:00:00+00:00,0.5702342329376572,0.5569083720018999,False
2016-02-04 01:30:00+00:00,0.6529562642938537,0.32421277477856414,True
2016-02-04 02:00:00+00:00,0.7356782956500502,0.1588341711443254,False
2016-02-04 02:30:00+00:00,0.6873739834059822,0.6593261353172848,True
2016-02-04 03:00:00+00:00,0.6390696711619144,1.2074327354355263,False
2016-02-04 03:30:00+00:00,0.8662981718458291,1.2586416474336626,True
2016-02-04 04:00:00+00:00,1.398071349487582,1.312174180937191,False
2016-02-04 04:30:00+00:00,2.6700976733407615,2.0049797352990173,True
2016-02-04 05:00:00+00:00,4.48187278937429,3.4625050698828206,False
2016-02-04 05:30:00+00:00,6.2882054633771505,6.73010550242417,True
2016-02-04 06:00:00+00:00,8.214106668552303,10.18701384240741,False
2016-02-04 06:30:00+00:00,10.409690103990348,11.856789442565598,True
2016-02-04 07:00:00+00:00,12.201182001481593,13.04975857178113,False
2016-02-04 07:30:00+00:00,13.053575696732992,13.938032291589499,True
2016-02-04 08:00:00+00:00,13.757813368281532,14.718749383630229,False
2016-02-04 08:30:00+00:00,14.611993816521075,15.45835986374854,True
2016-02-04 09:00:00+00:00,15.505099355006063,16.406688295053783,False
2016-02-04 09:30:00+00:00,16.66066332815295,19.17986497606001,True
2016-02-04 10:00:00+00:00,17.365687772393578,21.324720859475057,False
2016-02-04 10:30:00+00:00,15.416427444613634,20.110710220904426,True
2016-02-04 11:00:00+00:00,13.467167116833688,18.89669958233379,False
2016-02-04 11:30:00+00:00,15.312993099634275,19.220147836832833,True
2016-02-04 12:00:00+00:00,17.15881908243486,19.543596091331874,False
2016-02-04 12:30:00+00:00,16.842685661995972,19.10407938974932,True
2016-02-04 13:00:00+00:00,16.29206618349266,18.19788143376264,False
2016-02-04 13:30:00+00:00,15.805435103720772,16.4415226621142,True
2016-02-04 14:00:00+00:00,15.27018941432636,15.151845144869888,False
2016-02-04 14:30:00+00:00,14.740623997988758,16.50541208434922,True
2016-02-04 15:00:00+00:00,14.00045234187948,17.858979023828557,False
2016-02-04 15:30:00+00:00,12.097090251300102,14.839380089510783,True
2016-02-04 16:00:00+00:00,9.559599903376371,10.73579918182351,False
2016-02-04 16:30:00+00:00,7.190714362767904,9.082510809853597,True
2016-02-04 17:00:00+00:00,4.975497259068519,7.619326073485634,False
2016-02-04 17:30:00+00:00,2.884549685969733,5.075816309849646,True
2016-02-04 18:00:00+00:00,1.5869757657715162,3.4261848839812115,False
2016-02-04 18:30:00+00:00,1.294189302170868,5.191713478758478,True
2016-02-04 19:00:00+00:00,1.1821959135635418,6.957242073535747,False
2016-02-04 19:30:00+00:00,1.2505443663978177,6.49284340452067,True
2016-02-04 20:00:00+00:00,1.318892819232094,6.028444735505593,False
2016-02-04 20:30:00+00:00,1.3020246918987675,6.109356424194184,True
2016-02-04 21:00:00+00:00,1.285156564565441,6.190268112882775,False
2016-02-04 21:30:00+00:00,2.170397233064036,4.81406324163777,True
2016-02-04 22:00:00+00:00,3.0556379015626307,2.8793713949079627,False
2016-02-04 22:30:00+00:00,1.6396929455198348,1.75730302655757,True
2016-02-04 23:00:00+00:00,0.2237479894770389,1.1937216336919807,False
2016-02-04 23:30:00+00:00,0.5683098042474716,2.0744242369967583,True
2016-02-05 00:00:00+00:00,0.9128716190179044,2.9551268403015354,False
2016-02-05 00:30:00+00:00,0.8889910829209279,1.790616018869005,True
2016-02-05 01:00:00+00:00,0.8358082213231435,0.5545811623385863,False
2016-02-05 01:30:00+00:00,0.6988228177388962,0.4427629342607955,True
2016-02-05 02:00:00+00:00,0.591139739655457,0.4024687412808934,False
2016-02-05 02:30:00+00:00,1.1049621333834458,0.9665413889583345,True
2016-02-05 03:00:00+00:00,1.6187845271114347,1.830872456842264,False
2016-02-05 03:30:00+00:00,1.5770079737749374,2.328218057561488,True
2016-02-05 04:00:00+00:00,1.5352314204384403,2.866980784987121,False
2016-02-05 04:30:00+00:00,3.182312573307934,3.6426319286564226,True
2016-02-05 05:00:00+00:00,5.907824224076438,4.874099818921397,False
2016-02-05 05:30:00+00:00,8.1038710353195,9.156680412639023,True
2016-02-05 06:00:00+00:00,10.16423956969892,12.641768712848078,False
2016-02-05 06:30:00+00:00,12.32810653456432,12.330296496633169,True
2016-02-05 07:00:00+00:00,13.549221278394354,12.01882428041826,False
2016-02-05 07:30:00+00:00,13.264477927435614,13.917467342660125,True
2016-02-05 08:00:00+00:00,12.979734576476874,16.50953241818216,False
2016-02-05 08:30:00+00:00,14.736465802897555,17.859494780673142,True
2016-02-05 09:00:00+00:00,16.493197029318235,18.51603512988395,False
2016-02-05 09:30:00+00:00,16.316647320507727,18.389199282717918,True
2016-02-05 10:00:00+00:00,16.140097611697215,18.11896572748381,False
2016-02-05 10:30:00+00:00,16.29570446175718,17.720848603149193,True
2016-02-05 11:00:00+00:00,16.451311311817147,17.08628623203443,False
2016-02-05 11:30:00+00:00,14.104330476424604,15.713331385807702,True
2016-02-05 12:00:00+00:00,11.75734964103206,14.212548155875703,False
2016-02-05 12:30:00+00:00,12.633712351790871,13.173672630968627,True
2016-02-05 13:00:00+00:00,13.510075062549683,12.64246844461504,False
2016-02-05 13:30:00+00:00,13.496871711972995,12.976367506740567,True
2016-02-05 14:00:00+00:00,13.483668361396306,13.825797296626217,False
2016-02-05 14:30:00+00:00,15.088236207487867,18.089951410268718,True
2016-02-05 15:00:00+00:00,16.692804053579426,21.8385747961511,False
2016-02-05 15:30:00+00:00,14.34392205010608,19.46310211838737,True
2016-02-05 16:00:00+00:00,10.378051320559289,15.353660893893906,False
2016-02-05 16:30:00+00:00,6.546327494189475,11.064238163547811,True
2016-02-05 17:00:00+00:00,3.749275738887656,7.899419481116693,False
2016-02-05 17:30:00+00:00,2.9132382273462754,6.86627262766065,True
2016-02-05 18:00:00+00:00,2.336411200743896,6.442490273019357,False
2016-02-05 18:30:00+00:00,1.7092965606711652,6.563820245408611,True
2016-02-05 19:00:00+00:00,1.1455054655832035,6.685150217797866,False
2016-02-05 19:30:00+00:00,0.5547800084933253,6.638322464274772,True
2016-02-05 20:00:00+00:00,0.2238371764851309,6.518601665730478,False
2016-02-05 20:30:00+00:00,0.5021275321619669,6.07407060472546,True
2016-02-05 21:00:00+00:00,0.9530406357262502,5.349161250672605,False
2016-02-05 21:30:00+00:00,1.3671928591391813,4.337300105544633,True
2016-02-05 22:00:00+00:00,1.6087223346646653,3.5641891262307506,False
2016-02-05 22:30:00+00:00,1.1916629001951287,3.403594531341068,True
2016-02-05 23:00:00+00:00,0.7746034657255918,3.30143035296217,False
2016-02-05 23:30:00+00:00,1.2211266754272638,3.1755060656399166,True
2016-02-06 00:00:00+00:00,1.7261325182856826,3.105672534061827,False
2016-02-06 00:30:00+00:00,1.822052889761863,3.166658077393026,True
2016-02-06 01:00:00+00:00,1.8594906280812968,3.2276436207242254,False
2016-02-06 01:30:00+00:00,1.5725094074446315,3.143327662991873,True
2016-02-06 02:00:00+00:00,1.2855281868079664,2.950399467159772,False
2016-02-06 02:30:00+00:00,1.669927586286106,2.394389417987016,True
2016-02-06 03:00:00+00:00,2.2924162954471634,1.9469916069140083,False
2016-02-06 03:30:00+00:00,2.6671049151556403,2.5840665251251624,True
2016-02-06 04:00:00+00:00,3.195845759435375,3.9419843449173992,False
2016-02-06 04:30:00+00:00,5.703872736203176,6.129734889180956,True
2016-02-06 05:00:00+00:00,9.142684766556556,9.14009867655222,False
2016-02-06 05:30:00+00:00,12.187445607890393,13.71206061821335,True
2016-02-06 06:00:00+00:00,13.909279861384476,16.74056641518569,False
2016-02-06 06:30:00+00:00,13.586064694145787,15.549296928996485,True
2016-02-06 07:00:00+00:00,13.262849526907097,14.358027442807282,False
2016-02-06 07:30:00+00:00,13.313329045055083,16.26939638856982,True
2016-02-06 08:00:00+00:00,13.439965415635118,18.18076533433236,False
2016-02-06 08:30:00+00:00,13.787140734910073,16.904615929853055,True
2016-02-06 09:00:00+00:00,14.52765903771584,15.628466525373748,False
2016-02-06 09:30:00+00:00,18.19679197270922,16.745565723524578,True
2016-02-06 10:00:00+00:00,21.39642507173974,17.86266492167541,False
2016-02-06 10:30:00+00:00,19.109127839204803,17.17015217769785,True
2016-02-06 11:00:00+00:00,16.82183060666987,16.47763943372029,False
2016-02-06 11:30:00+00:00,18.40995371733553,17.007206367243924,True
2016-02-06 12:00:00+00:00,20.29258014917352,18.053320420345653,False
2016-02-06 12:30:00+00:00,20.794529401681675,19.811655451985416,True
2016-02-06 13:00:00+00:00,21.001975333017494,21.053443364047087,False
2016-02-06 13:30:00+00:00,18.03236436685068,16.806815143465528,True
2016-02-06 14:00:00+00:00,14.280646283577116,12.56018692288397,False
2016-02-06 14:30:00+00:00,13.214130731287376,13.695767984574422,True
2016-02-06 15:00:00+00:00,12.241987275845718,14.831349046264874,False
2016-02-06 15:30:00+00:00,10.384857948201393,13.137728977164082,True
2016-02-06 16:00:00+00:00,8.013758932806674,10.41545323984844,False
2016-02-06 16:30:00+00:00,4.805844787907445,8.214035891610937,True
2016-02-06 17:00:00+00:00,2.444897462630699,6.563620660333492,False
2016-02-06 17:30:00+00:00,1.9765919643198842,5.916454118171724,True
2016-02-06 18:00:00+00:00,1.6318374244742204,5.293242391576559,False
2016-02-06 18:30:00+00:00,1.0375859672522236,3.4785155973228035,True
2016-02-06 19:00:00+00:00,0.5598313649991237,2.117487538757234,False
2016-02-06 19:30:00+00:00,0.35657524893581144,2.543634010501307,True
2016-02-06 20:00:00+00:00,0.2680092078250239,3.3035721750936786,False
2016-02-06 20:30:00+00:00,0.6763229047679057,4.108445122021844,True
2016-02-06 21:00:00+00:00,1.0846366017107874,4.830685940530269,False
2016-02-06 21:30:00+00:00,0.6206599647223124,5.330535078251825,True
2016-02-06 22:00:00+00:00,0.1566833277338375,5.579224651544821,False
2016-02-06 22:30:00+00:00,0.3817737640487902,4.876562564547333,True
2016-02-06 23:00:00+00:00,0.606864200363743,4.052078578211395,False
2016-02-06 23:30:00+00:00,0.39628517294954835,3.8462206043769647,True
2016-02-07 00:00:00+00:00,0.1857061455353537,3.762184529880985,False
2016-02-07 00:30:00+00:00,0.4136244041720284,3.867808945241555,True
2016-02-07 01:00:00+00:00,0.6415426628087033,3.9734333606021246,False
2016-02-07 01:30:00+00:00,0.4308662135970014,2.0039944629252493,True
2016-02-07 02:00:00+00:00,0.2201897643852996,0.034555565248375,False
2016-02-07 02:30:00+00:00,0.27014911396796715,0.769997511358037,True
2016-02-07 03:00:00+00:00,0.3201084635506347,1.8681319710758768,False
2016-02-07 03:30:00+00:00,0.31668245471784473,2.4545968498613893,True
2016-02-07 04:00:00+00:00,0.3070497125477727,3.068329785925642,False
2016-02-07 04:30:00+00:00,0.1783394131855771,4.376933203556334,True
2016-02-07 05:00:00+00:00,0.0558358471606636,5.295576050300108,False
2016-02-07 05:30:00+00:00,0.7370094069161264,3.4246289392984464,True
2016-02-07 06:00:00+00:00,1.4181829666715888,1.5536818282967848,False
2016-02-07 06:30:00+00:00,1.2886176847438382,3.220214750050221,True
2016-02-07 07:00:00+00:00,1.1590524028160878,4.886747671803656,False
2016-02-07 07:30:00+00:00,1.9047305131089374,4.367788405019638,True
2016-02-07 08:00:00+00:00,3.1540621322459583,3.848829138235619,False
2016-02-07 08:30:00+00:00,4.115117560476014,4.89852911607969,True
2016-02-07 09:00:00+00:00,5.188669587426376,6.641720831667796,False
2016-02-07 09:30:00+00:00,6.6560265895676425,8.345111916258725,True
2016-02-07 10:00:00+00:00,8.313715803587884,9.39701778361459,False
2016-02-07 10:30:00+00:00,10.38372849115307,9.442863073612406,True
2016-02-07 11:00:00+00:00,11.6472588592748,9.48367307131856,False
2016-02-07 11:30:00+00:00,11.183275352483827,9.64973943905517,True
2016-02-07 12:00:00+00:00,10.397678849465349,9.9876917828176,False
2016-02-07 12:30:00+00:00,9.574089291491223,11.258915765879447,True
2016-02-07 13:00:00+00:00,9.0721127297446,12.427151584824015,False
2016-02-07 13:30:00+00:00,9.302973350406896,12.596017670819073,True
2016-02-07 14:00:00+00:00,9.533833971069194,12.65901471668827,False
2016-02-07 14:30:00+00:00,8.919164752596286,11.415075610856771,True
2016-02-07 15:00:00+00:00,7.937052644215797,9.748155074817353,False
2016-02-07 15:30:00+00:00,7.319660195815593,9.16029916076689,True
2016-02-07 16:00:00+00:00,6.575574568814052,8.555611616460617,False
2016-02-07 16:30:00+00:00,4.8242863049782505,7.083885870659888,True
2016-02-07 17:00:00+00:00,2.9702974049332576,5.203312939341688,False
2016-02-07 17:30:00+00:00,1.9027222968247035,3.0599495109923844,True
2016-02-07 18:00:00+00:00,1.1857905280299714,1.7652463286242777,False
2016-02-07 18:30:00+00:00,0.722683858687072,2.471131595030268,True
2016-02-07 19:00:00+00:00,0.5057705547484599,3.4350487939915317,False
2016-02-07 19:30:00+00:00,1.0522920983247448,3.937513613439553,True
2016-02-07 20:00:00+00:00,1.5988136419010297,4.181946500332302,False
2016-02-07 20:30:00+00:00,1.480314104412814,3.2116780680113246,True
2016-02-07 21:00:00+00:00,1.2940182697817726,2.2414096356903475,False
2016-02-07 21:30:00+00:00,1.1815929100724918,2.712148586956322,True
2016-02-07 22:00:00+00:00,1.049766988797764,3.1828875382222965,False
2016-02-07 22:30:00+00:00,0.701291845317901,2.0231607428230562,True
2016-02-07 23:00:00+00:00,0.4400135605463108,0.8634339474238165,False
2016-02-07 23:30:00+00:00,0.693783911223554,1.8993148837054499,True
2016-02-08 00:00:00+00:00,1.0853459108761376,2.935195819987084,False
2016-02-08 00:30:00+00:00,1.3947329769692025,2.496098900993306,True
2016-02-08 01:00:00+00:00,1.5663283940869268,2.057001981999528,False
2016-02-08 01:30:00+00:00,1.0527050544416399,2.141024420971685,True
2016-02-08 02:00:00+00:00,0.5390817147963529,2.225046859943842,False
2016-02-08 02:30:00+00:00,0.6387240325071486,1.4504520913705092,True
2016-02-08 03:00:00+00:00,0.8570621924482614,0.6758573227971763,False
2016-02-08 03:30:00+00:00,1.1778573460162365,0.9218036582086169,True
2016-02-08 04:00:00+00:00,1.7937423216099069,1.5599009048007897,False
2016-02-08 04:30:00+00:00,5.552913312171773,5.231737139527198,True
2016-02-08 05:00:00+00:00,8.898298638477625,8.511422463072874,False
2016-02-08 05:30:00+00:00,8.81267056837106,8.451448045827476,True
2016-02-08 06:00:00+00:00,8.727042498264494,8.39147362858208,False
2016-02-08 06:30:00+00:00,9.277480766262695,9.95601653244294,True
2016-02-08 07:00:00+00:00,10.009592452214134,11.921555423437244,False
2016-02-08 07:30:00+00:00,10.241364546874353,12.417112944583915,True
2016-02-08 08:00:00+00:00,10.516564696446348,12.959313508458438,False
2016-02-08 08:30:00+00:00,12.63936044011567,16.4435270430845,True
2016-02-08 09:00:00+00:00,14.53705471091998,19.480101547849262,False
2016-02-08 09:30:00+00:00,14.017907631790578,17.6749786522432,True
2016-02-08 10:00:00+00:00,13.498760552661178,14.936704543535354,False
2016-02-08 10:30:00+00:00,14.042194948857189,12.886443227542264,True
2016-02-08 11:00:00+00:00,14.885021585230502,11.76933312465096,False
2016-02-08 11:30:00+00:00,15.411565865308413,13.5717078036851,True
2016-02-08 12:00:00+00:00,15.93911213521368,15.374082482719242,False
2016-02-08 12:30:00+00:00,16.78783397825256,15.28614821402599,True
2016-02-08 13:00:00+00:00,17.336161591286782,15.080947238229877,False
2016-02-08 13:30:00+00:00,15.775569082574728,14.555593133796366,True
2016-02-08 14:00:00+00:00,13.53178165149386,13.90777552360322,False
2016-02-08 14:30:00+00:00,12.484685967082902,13.546178600181795,True
2016-02-08 15:00:00+00:00,11.399588364162764,13.096934733288291,False
2016-02-08 15:30:00+00:00,9.36733812972638,11.38847880589237,True
2016-02-08 16:00:00+00:00,6.941102013819354,9.69560546790778,False
2016-02-08 16:30:00+00:00,4.215492002841433,9.328228906314868,True
2016-02-08 17:00:00+00:00,2.4781243242955187,8.932023609962716,False
2016-02-08 17:30:00+00:00,2.3276884744763713,5.7219924399648985,True
2016-02-08 18:00:00+00:00,2.208930176357017,2.614103664624409,False
2016-02-08 18:30:00+00:00,1.9134576623305057,2.326424608301613,True
2016-02-08 19:00:00+00:00,1.5569739841635644,2.0981940329474766,False
2016-02-08 19:30:00+00:00,1.1786562352179062,1.4235171751377242,True
2016-02-08 20:00:00+00:00,0.9566124886295134,0.9278727433844656,False
2016-02-08 20:30:00+00:00,1.085150742622854,1.765162538512945,True
2016-02-08 21:00:00+00:00,1.3811959197521178,2.6024523336414247,False
2016-02-08 21:30:00+00:00,2.2589763300922874,2.340350012538242,True
2016-02-08 22:00:00+00:00,2.9692498172965345,2.078247691435059,False
2016-02-08 22:30:00+00:00,2.0560456427214295,2.323968212841287,True
2016-02-08 23:00:00+00:00,1.015886884229649,2.781694274737515,False
2016-02-08 23:30:00+00:00,0.8311649023687414,3.4213964921157074,True
2016-02-09 00:00:00+00:00,0.7240420768227395,3.8490931690039,False
2016-02-09 00:30:00+00:00,0.6247833528028078,2.252890493664406,True
2016-02-09 01:00:00+00:00,0.5748800563846463,0.6435880556267555,False
2016-02-09 01:30:00+00:00,1.020335075693935,0.6238304610991398,True
2016-02-09 02:00:00+00:00,1.4657900950032234,0.6171726292696815,False
2016-02-09 02:30:00+00:00,1.185135811471245,0.8195265543051383,True
2016-02-09 03:00:00+00:00,0.9044815279392664,1.0587982149430168,False
2016-02-09 03:30:00+00:00,1.0227087928968677,1.1002542862218854,True
2016-02-09 04:00:00+00:00,1.328348599213795,1.1474564793485962,False
2016-02-09 04:30:00+00:00,2.517889058352434,1.8415401618331062,True
2016-02-09 05:00:00+00:00,4.567940115189328,3.418855567487506,False
2016-02-09 05:30:00+00:00,7.551765635540644,8.893811574793624,True
2016-02-09 06:00:00+00:00,10.504302162101457,13.44287200147959,False
2016-02-09 06:30:00+00:00,12.558856330806949,13.325300978612058,True
2016-02-09 07:00:00+00:00,13.59677635424536,13.207729955744528,False
2016-02-09 07:30:00+00:00,13.283981365730291,13.891528114637806,True
2016-02-09 08:00:00+00:00,12.971186377215218,15.368662231864242,False
2016-02-09 08:30:00+00:00,14.599843587213304,18.750640358156865,True
2016-02-09 09:00:00+00:00,16.22850079721139,21.33928252611633,False
2016-02-09 09:30:00+00:00,16.015346291856915,17.740182983052538,True
2016-02-09 10:00:00+00:00,15.80219178650244,14.141083439988748,False
2016-02-09 10:30:00+00:00,15.887187120049619,14.205965089990647,True
2016-02-09 11:00:00+00:00,15.9721824535968,14.270846739992544,False
2016-02-09 11:30:00+00:00,15.800169235672385,14.084455751213948,True
2016-02-09 12:00:00+00:00,15.628156017747973,13.89806476243535,False
2016-02-09 12:30:00+00:00,16.59436554044381,17.39647141981277,True
2016-02-09 13:00:00+00:00,17.929582284786285,20.894878077190192,False
2016-02-09 13:30:00+00:00,18.65728436688003,20.55294423655021,True
2016-02-09 14:00:00+00:00,19.01597922732713,19.78249032174623,False
2016-02-09 14:30:00+00:00,17.109358762211272,17.851814870300153,True
2016-02-09 15:00:00+00:00,14.067421141163171,16.048909350724944,False
2016-02-09 15:30:00+00:00,12.030708214137134,15.707588752195315,True
2016-02-09 16:00:00+00:00,9.871496711746692,15.331893972953392,False
2016-02-09 16:30:00+00:00,6.598470576009445,10.026292782131044,True
2016-02-09 17:00:00+00:00,3.5896162791574326,5.055815914314127,False
2016-02-09 17:30:00+00:00,1.6393498187327904,5.786254082811558,True
2016-02-09 18:00:00+00:00,0.6827272507195621,6.516692251308989,False
2016-02-09 18:30:00+00:00,0.9387939750393768,6.459241211790502,True
2016-02-09 19:00:00+00:00,1.1948606993591913,6.306963973532972,False
2016-02-09 19:30:00+00:00,1.1123300619977254,5.474244470507812,True
2016-02-09 20:00:00+00:00,0.935238655541798,4.325707355696263,False
2016-02-09 20:30:00+00:00,0.539732965113426,3.4189953534295974,True
2016-02-09 21:00:00+00:00,0.2387880437795161,2.9229271616883645,False
2016-02-09 21:30:00+00:00,1.200624487610368,3.2492048054409444,True
2016-02-09 22:00:00+00:00,2.1624609314412204,3.904681134261901,False
2016-02-09 22:30:00+00:00,1.3368405421187295,5.06877179503831,True
2016-02-09 23:00:00+00:00,0.4010039904383751,5.90366377074634,False
2016-02-09 23:30:00+00:00,0.2199141292514701,5.843610719598249,True
2016-02-10 00:00:00+00:00,0.1490404304224286,5.67779059667589,False
2016-02-10 00:30:00+00:00,0.40685366248315646,4.241552934313762,True
2016-02-10 01:00:00+00:00,0.7993478458897832,2.34563446836785,False
2016-02-10 01:30:00+00:00,1.0593542688505833,1.2069642635896622,True
2016-02-10 02:00:00+00:00,1.2591722483052468,0.6337419341695294,False
2016-02-10 02:30:00+00:00,1.3667644723278465,1.309973794493394,True
2016-02-10 03:00:00+00:00,1.4795656370680854,2.336180420707609,False
2016-02-10 03:30:00+00:00,1.6725287946892748,2.857773521645891,True
2016-02-10 04:00:00+00:00,2.055579106126218,3.524842915075108,False
2016-02-10 04:30:00+00:00,6.153000509577369,6.21722950268742,True
2016-02-10 05:00:00+00:00,10.58564505555366,9.480779063913026,False
2016-02-10 05:30:00+00:00,11.47530514231532,11.675914534767498,True
2016-02-10 06:00:00+00:00,11.995688812163475,12.80443597362739,False
2016-02-10 06:30:00+00:00,12.351186663570353,12.437646533616288,True
2016-02-10 07:00:00+00:00,12.70399193146359,12.070857093605184,False
2016-02-10 07:30:00+00:00,13.501986830606926,14.468337844553322,True
2016-02-10 08:00:00+00:00,14.06693898527911,16.865818595501462,False
2016-02-10 08:30:00+00:00,13.365235807204048,16.574197557754474,True
2016-02-10 09:00:00+00:00,12.663532629128984,16.28257652000748,False
2016-02-10 09:30:00+00:00,14.182682908988186,16.665858980643502,True
2016-02-10 10:00:00+00:00,16.598829911027394,17.473284269706514,False
2016-02-10 10:30:00+00:00,18.695832655654442,19.160231760376362,True
2016-02-10 11:00:00+00:00,19.89583867810149,20.423036422619216,False
2016-02-10 11:30:00+00:00,19.106485586269976,20.104261034379473,True
2016-02-10 12:00:00+00:00,17.731905277256672,19.34434721352808,False
2016-02-10 12:30:00+00:00,16.559682841903584,17.181051203247222,True
2016-02-10 13:00:00+00:00,15.182495042979577,14.498915835816218,False
2016-02-10 13:30:00+00:00,12.708479322109303,12.428926945960526,True
2016-02-10 14:00:00+00:00,11.024656181991745,11.318915845866622,False
2016-02-10 14:30:00+00:00,12.73410693628272,14.077702575187143,True
2016-02-10 15:00:00+00:00,14.443557690573696,16.836489304507662,False
2016-02-10 15:30:00+00:00,12.382921100490663,14.096280629975368,True
2016-02-10 16:00:00+00:00,8.874573033564266,10.226218449525296,False
2016-02-10 16:30:00+00:00,5.44137682054305,8.251006938585839,True
2016-02-10 17:00:00+00:00,2.8434550741041544,6.792807071212657,False
2016-02-10 17:30:00+00:00,1.768719635886051,5.533307430412694,True
2016-02-10 18:00:00+00:00,1.3064212079289903,4.886649651964232,False
2016-02-10 18:30:00+00:00,1.3670099747193853,5.77198728621649,True
2016-02-10 19:00:00+00:00,1.4275987415097804,6.859174435937777,False
2016-02-10 19:30:00+00:00,1.0672431265792288,7.21388975717199,True
2016-02-10 20:00:00+00:00,0.7068875116486775,7.366755562937173,False
2016-02-10 20:30:00+00:00,0.9744411000341363,7.009938101481339,True
2016-02-10 21:00:00+00:00,1.4844510900185812,6.42298751399413,False
2016-02-10 21:30:00+00:00,2.2498780533712908,6.04322188793604,True
2016-02-10 22:00:00+00:00,2.7728486151250142,5.524573928964301,False
2016-02-10 22:30:00+00:00,2.0936401636913886,3.272956908228465,True
2016-02-10 23:00:00+00:00,1.0976079896367412,1.3903553464376532,False
2016-02-10 23:30:00+00:00,0.4296344478938629,2.413906836312087,True
2016-02-11 00:00:00+00:00,0.0784846287720061,3.437458326186521,False
2016-02-11 00:30:00+00:00,0.26749812404533757,2.778249417319255,True
2016-02-11 01:00:00+00:00,0.4565116193186689,1.7674530677973854,False
2016-02-11 01:30:00+00:00,0.23421945054517523,0.9843626710353643,True
2016-02-11 02:00:00+00:00,0.0119272817716816,0.5528597149279472,False
2016-02-11 02:30:00+00:00,0.10090191295136837,1.4940608717818336,True
2016-02-11 03:00:00+00:00,0.2449172248536023,2.4352620286357194,False
2016-02-11 03:30:00+00:00,0.3366654648158328,2.073917272425932,True
2016-02-11 04:00:00+00:00,0.4535914264098273,1.7125725162161445,False
2016-02-11 04:30:00+00:00,0.6954791655537704,3.1084192187073327,True
2016-02-11 05:00:00+00:00,1.1476384586030095,4.634435958213615,False
2016-02-11 05:30:00+00:00,2.578507676860419,4.774688844807202,True
2016-02-11 06:00:00+00:00,4.713904099848069,4.920241506250824,False
2016-02-11 06:30:00+00:00,7.077353480169792,7.368607759857466,True
2016-02-11 07:00:00+00:00,9.21641013473786,10.129204369665178,False
2016-02-11 07:30:00+00:00,10.439767573912889,10.690358086807906,True
2016-02-11 08:00:00+00:00,11.559834550541424,11.210470044916985,False
2016-02-11 08:30:00+00:00,13.443773352678104,12.875608023452896,True
2016-02-11 09:00:00+00:00,14.660378182125084,14.492482768210914,False
2016-02-11 09:30:00+00:00,14.38661278909187,14.954711353997101,True
2016-02-11 10:00:00+00:00,14.112847396058656,15.40956312555716,False
2016-02-11 10:30:00+00:00,14.371759610645015,16.78694702645703,True
2016-02-11 11:00:00+00:00,14.91306377475219,18.403486135966112,False
2016-02-11 11:30:00+00:00,16.014087652408044,19.672854867516737,True
2016-02-11 12:00:00+00:00,16.83271958054308,20.352050029429616,False
2016-02-11 12:30:00+00:00,16.699941786052758,18.849210835917695,True
2016-02-11 13:00:00+00:00,16.375369449733853,16.998908434253586,False
2016-02-11 13:30:00+00:00,15.445460205562183,16.534587058409404,True
2016-02-11 14:00:00+00:00,13.996952597463574,16.12231022255956,False
2016-02-11 14:30:00+00:00,12.40920794070396,15.400688115574594,True
2016-02-11 15:00:00+00:00,10.468223082926098,14.309861433932824,False
2016-02-11 15:30:00+00:00,7.8274955036994065,12.268186322436106,True
2016-02-11 16:00:00+00:00,5.112002147478715,9.323976292822548,False
2016-02-11 16:30:00+00:00,2.6096726424108807,4.4125132448333115,True
2016-02-11 17:00:00+00:00,1.1518345435819612,0.8839220997145685,False
2016-02-11 17:30:00+00:00,1.0342783566315847,0.6464953475417646,True
2016-02-11 18:00:00+00:00,0.9546688038477114,0.4985192536634539,False
2016-02-11 18:30:00+00:00,0.7972534164633966,0.2877871342145815,True
2016-02-11 19:00:00+00:00,0.6957988724414269,0.1250496517143875,False
2016-02-11 19:30:00+00:00,1.1766579079486912,0.03910434444828013,True
2016-02-11 20:00:00+00:00,1.6575169434559551,0.0,False
2016-02-11 20:30:00+00:00,0.8287584717279777,0.0,True
2016-02-11 21:00:00+00:00,0.0,0.0,False
2016-02-11 21:30:00+00:00,0.0,0.0,True
2016-02-11 22:00:00+00:00,0.0,0.0,False
2016-02-11 22:30:00+00:00,0.0,0.0,True
2016-02-11 23:00:00+00:00,0.0,0.0,False
2016-02-11 23:30:00+00:00,0.36983513052924966,0.4179876656948834,True
2016-02-12 00:00:00+00:00,0.7396702610584993,0.8359753313897668,False
2016-02-12 00:30:00+00:00,0.36983513052924966,0.4179876656948834,True
2016-02-12 01:00:00+00:00,0.0,0.0,False
2016-02-12 01:30:00+00:00,0.0,0.0,True
2016-02-12 02:00:00+00:00,0.0,0.0,False
2016-02-12 02:30:00+00:00,0.0,0.0,True
2016-02-12 03:00:00+00:00,0.0,0.0,False
2016-02-12 03:30:00+00:00,0.0,0.0,True
2016-02-12 04:00:00+00:00,0.0,0.0,False
2016-02-12 04:30:00+00:00,0.056916200914139146,0.06433584320146124,True
2016-02-12 05:00:00+00:00,0.2157553432087406,0.2438958990525562,False
2016-02-12 05:30:00+00:00,1.680742647016105,1.8985600649368888,True
2016-02-12 06:00:00+00:00,3.908688250579636,4.423523010045427,False
2016-02-12 06:30:00+00:00,5.589536258879809,6.342234128995897,True
2016-02-12 07:00:00+00:00,7.16255592862637,8.153626979991566,False
2016-02-12 07:30:00+00:00,8.629710537121385,9.863633842150072,True
2016-02-12 08:00:00+00:00,9.994380224450856,11.473081830195095,False
2016-02-12 08:30:00+00:00,11.227527879018032,12.945896552396581,True
2016-02-12 09:00:00+00:00,12.429049845130873,14.399523511068963,False
2016-02-12 09:30:00+00:00,13.909401931700655,16.21962716384754,True
2016-02-12 10:00:00+00:00,14.98066116555479,17.548928532506608,False
2016-02-12 10:30:00+00:00,15.344498855508906,18.005222540499297,True
2016-02-12 11:00:00+00:00,15.494487105215534,18.19386074633505,False
2016-02-12 11:30:00+00:00,13.920895584427766,16.24695995089341,True
2016-02-12 12:00:00+00:00,12.347304063639998,14.30005915545177,False
2016-02-12 12:30:00+00:00,13.433485494010633,15.636732160992612,True
2016-02-12 13:00:00+00:00,14.51966692438127,16.973405166533457,False
2016-02-12 13:30:00+00:00,13.527447123606843,15.749590394980952,True
2016-02-12 14:00:00+00:00,11.80099348445114,13.637545488742749,False
2016-02-12 14:30:00+00:00,10.276676611363804,11.809234411196844,True
2016-02-12 15:00:00+00:00,8.60769187936558,9.83735026627554,False
2016-02-12 15:30:00+00:00,6.679489584777074,7.596957377619604,True
2016-02-12 16:00:00+00:00,4.697414346249744,5.321539087972826,False
2016-02-12 16:30:00+00:00,2.6617321171790373,3.0083689289164903,True
2016-02-12 17:00:00+00:00,1.1297933463449092,1.2767992540080455,False
2016-02-12 17:30:00+00:00,0.35038108167525106,0.3957855675519977,True
2016-02-12 18:00:00+00:00,0.0,0.0,False
2016-02-12 18:30:00+00:00,0.0,0.0,True
2016-02-12 19:00:00+00:00,0.0,0.0,False
2016-02-12 19:30:00+00:00,0.4779323892701705,0.540132918796856,True
2016-02-12 20:00:00+00:00,0.9558647785403408,1.0802658375937122,False
2016-02-12 20:30:00+00:00,0.4779323892701703,0.5401329187968562,True
2016-02-12 21:00:00+00:00,0.0,0.0,False
2016-02-12 21:30:00+00:00,0.0,0.0,True
2016-02-12 22:00:00+00:00,0.0,0.0,False
2016-02-12 22:30:00+00:00,0.0,0.0,True
2016-02-12 23:00:00+00:00,0.0,0.0,False
2016-02-12 23:30:00+00:00,0.0,0.0,True
2016-02-13 00:00:00+00:00,0.0,0.0,False
2016-02-13 00:30:00+00:00,0.0,0.0,True
2016-02-13 01:00:00+00:00,0.0,0.0,False
2016-02-13 01:30:00+00:00,0.0,0.0,True
2016-02-13 02:00:00+00:00,0.0,0.0,False
2016-02-13 02:30:00+00:00,0.0,0.0,True
2016-02-13 03:00:00+00:00,0.0,0.0,False
2016-02-13 03:30:00+00:00,0.0,0.0,True
2016-02-13 04:00:00+00:00,0.0,0.0,False
2016-02-13 04:30:00+00:00,0.5427223185534359,0.611507216183238,True
2016-02-13 05:00:00+00:00,1.874350464114773,2.1183326330795293,False
2016-02-13 05:30:00+00:00,6.380048002871202,7.290569987966093,True
2016-02-13 06:00:00+00:00,11.847318268913028,13.693575668320594,False
2016-02-13 06:30:00+00:00,15.419936627212225,18.117227025015694,True
2016-02-13 07:00:00+00:00,17.242076431218123,20.414791855529803,False
2016-02-13 07:30:00+00:00,15.724195030426289,18.499328457049316,True
2016-02-13 08:00:00+00:00,14.206313629634456,16.583865058568833,False
2016-02-13 08:30:00+00:00,15.870459432542043,18.687285919738546,True
2016-02-13 09:00:00+00:00,17.534605235449632,20.790706780908263,False
2016-02-13 09:30:00+00:00,15.393398495594568,18.098335673122016,True
2016-02-13 10:00:00+00:00,13.252191755739505,15.405964565335772,False
2016-02-13 10:30:00+00:00,13.440182841312721,15.637011933478663,True
2016-02-13 11:00:00+00:00,13.930476100525016,16.242069179941765,False
2016-02-13 11:30:00+00:00,16.864564737709724,19.979189228488472,True
2016-02-13 12:00:00+00:00,19.496351201255354,23.34229939871497,False
2016-02-13 12:30:00+00:00,15.945603604454599,18.848492997719163,True
2016-02-13 13:00:00+00:00,11.650650859455771,13.455892233420744,False
2016-02-13 13:30:00+00:00,10.598240026418294,12.190300882394974,True
2016-02-13 14:00:00+00:00,9.813764216283555,11.25882300734446,False
2016-02-13 14:30:00+00:00,8.899061125975814,10.179013653374986,True
2016-02-13 15:00:00+00:00,7.835231281596896,8.934884931519377,False
2016-02-13 15:30:00+00:00,6.233543138166154,7.083515427674581,True
2016-02-13 16:00:00+00:00,4.434649413909318,5.022012876828111,False
2016-02-13 16:30:00+00:00,2.4297719352784353,2.746342514852984,True
2016-02-13 17:00:00+00:00,1.2474969168401608,1.4098054550930177,False
2016-02-13 17:30:00+00:00,1.2782652964377932,1.4445753376816943,True
2016-02-13 18:00:00+00:00,1.3090336760354258,1.479345220270371,False
2016-02-13 18:30:00+00:00,0.8057324133285738,0.910603841318514,True
2016-02-13 19:00:00+00:00,0.3024311506217221,0.3418624623666572,False
2016-02-13 19:30:00+00:00,0.6653435954245368,0.7519636422516515,True
2016-02-13 20:00:00+00:00,1.0282560402273513,1.1620648221366456,False
2016-02-13 20:30:00+00:00,0.9212656182688274,1.04117054706749,True
2016-02-13 21:00:00+00:00,0.8142751963103035,0.9202762719983342,False
2016-02-13 21:30:00+00:00,1.6957110290085624,1.9168321877185586,True
2016-02-13 22:00:00+00:00,2.577146861706821,2.9133881034387827,False
2016-02-13 22:30:00+00:00,2.29475311244786,2.593887074650995,True
2016-02-13 23:00:00+00:00,2.0123593631888985,2.274386045863208,False
2016-02-13 23:30:00+00:00,2.07272876668674,2.34266148091518,True
2016-02-14 00:00:00+00:00,2.133098170184582,2.410936915967151,False
2016-02-14 00:30:00+00:00,1.5970768626781708,1.8050459151674754,True
2016-02-14 01:00:00+00:00,0.8802144283277831,0.9947845987354758,False
2016-02-14 01:30:00+00:00,0.5439087762030793,0.6147439058926691,True
2016-02-14 02:00:00+00:00,0.3717482493777864,0.4202042159830819,False
2016-02-14 02:30:00+00:00,0.3455307188763293,0.3905737817075346,True
2016-02-14 03:00:00+00:00,0.3360091899194381,0.3798126601310918,False
2016-02-14 03:30:00+00:00,0.4714307813646845,0.5327934460664779,True
2016-02-14 04:00:00+00:00,0.8294100849214165,0.9373780453081916,False
2016-02-14 04:30:00+00:00,2.5398953321004125,2.8672211987401126,True
2016-02-14 05:00:00+00:00,5.377783439215845,6.098943966458214,False
2016-02-14 05:30:00+00:00,9.374529179263194,10.7783483708786,True
2016-02-14 06:00:00+00:00,12.021314347262615,13.90426934770648,False
2016-02-14 06:30:00+00:00,11.465985267296983,13.234862452913825,True
2016-02-14 07:00:00+00:00,10.629753760019945,12.229814614780093,False
2016-02-14 07:30:00+00:00,10.01820878787565,11.501756126056488,True
2016-02-14 08:00:00+00:00,9.68756624304276,11.109338580673962,False
2016-02-14 08:30:00+00:00,9.769348935011212,11.206185147022898,True
2016-02-14 09:00:00+00:00,9.971781511908135,11.446253289592176,False
2016-02-14 09:30:00+00:00,10.819912301648998,12.460383347012517,True
2016-02-14 10:00:00+00:00,11.569830714448043,13.358358206925692,False
2016-02-14 10:30:00+00:00,11.604135251127673,13.399746364698197,True
2016-02-14 11:00:00+00:00,11.616002279820648,13.414068143757529,False
2016-02-14 11:30:00+00:00,11.334224165754161,13.074987610766932,True
2016-02-14 12:00:00+00:00,11.052446051687674,12.735907077776336,False
2016-02-14 12:30:00+00:00,11.507856318868113,13.284921414720154,True
2016-02-14 13:00:00+00:00,11.963266586048553,13.83393575166397,False
2016-02-14 13:30:00+00:00,11.378725900759425,13.129440692547215,True
2016-02-14 14:00:00+00:00,10.243383291265152,11.76908183469632,False
2016-02-14 14:30:00+00:00,8.746313839317265,10.003035422896215,True
2016-02-14 15:00:00+00:00,7.179024500973661,8.17270524089017,False
2016-02-14 15:30:00+00:00,6.166792466654339,7.003591121047888,True
2016-02-14 16:00:00+00:00,5.090435571290274,5.770271089894573,False
2016-02-14 16:30:00+00:00,2.755660444564159,3.1179334615384544,True
2016-02-14 17:00:00+00:00,1.106031989483651,1.2499493134334416,False
2016-02-14 17:30:00+00:00,1.3920509714593932,1.5731921358145833,True
2016-02-14 18:00:00+00:00,1.678069953435135,1.896434958195725,False
2016-02-14 18:30:00+00:00,1.4689661327720132,1.6601093793830168,True
2016-02-14 19:00:00+00:00,1.133033406670381,1.2804604824931205,False
2016-02-14 19:30:00+00:00,0.832379992639986,0.9407270265798334,True
2016-02-14 20:00:00+00:00,0.6585554840481009,0.744316888743735,False
2016-02-14 20:30:00+00:00,0.8709523303865466,0.9843175762764007,True
2016-02-14 21:00:00+00:00,1.0833491767249923,1.2243182638090664,False
2016-02-14 21:30:00+00:00,0.9890907583054633,1.117813651930579,True
2016-02-14 22:00:00+00:00,0.7872466588984579,0.8897351030145649,False
2016-02-14 22:30:00+00:00,0.3398304889554908,0.3840805829885192,True
2016-02-14 23:00:00+00:00,0.0,0.0,False
2016-02-14 23:30:00+00:00,0.4611823783588465,0.5212062110516805,True
2016-02-15 00:00:00+00:00,0.922364756717693,1.042412422103361,False
2016-02-15 00:30:00+00:00,0.8034033263123971,0.9079943167772409,True
2016-02-15 01:00:00+00:00,0.5763343320518352,0.6514057602854291,False
2016-02-15 01:30:00+00:00,0.23411338409828453,0.2646176545598688,True
2016-02-15 02:00:00+00:00,0.0,0.0,False
2016-02-15 02:30:00+00:00,0.10818707436814252,0.12229780930636219,True
2016-02-15 03:00:00+00:00,0.2450121496461679,0.2769646307357625,False
2016-02-15 03:30:00+00:00,0.2789208228658741,0.3152903317578909,True
2016-02-15 04:00:00+00:00,0.319762358870526,0.3614504700772528,False
2016-02-15 04:30:00+00:00,0.794015001371809,0.8968114159666929,True
2016-02-15 05:00:00+00:00,1.793473257404019,2.0268938213132186,False
2016-02-15 05:30:00+00:00,3.841289076229883,4.347214316699757,True
2016-02-15 06:00:00+00:00,6.486949125359592,7.372944140783433,False
2016-02-15 06:30:00+00:00,9.143082363769999,10.477378584711936,True
2016-02-15 07:00:00+00:00,11.063903494719506,12.749655394556369,False
2016-02-15 07:30:00+00:00,11.652794179097498,13.45793199641697,True
2016-02-15 08:00:00+00:00,12.102664367413418,14.002909752831483,False
2016-02-15 08:30:00+00:00,12.629631221046145,14.643287356901228,True
2016-02-15 09:00:00+00:00,13.358797887697348,15.536966332838473,False
2016-02-15 09:30:00+00:00,15.760181319365184,18.553394348770322,True
2016-02-15 10:00:00+00:00,17.675076834007918,20.971643234790328,False
2016-02-15 10:30:00+00:00,15.47392028601497,18.201416757957883,True
2016-02-15 11:00:00+00:00,13.193044061547866,15.333346968937276,False
2016-02-15 11:30:00+00:00,13.103176168165406,15.223067685793584,True
2016-02-15 12:00:00+00:00,13.027723769820106,15.130624518462383,False
2016-02-15 12:30:00+00:00,12.81965152165707,14.875896105230225,True
2016-02-15 13:00:00+00:00,12.405683642249674,14.371083777467096,False
2016-02-15 13:30:00+00:00,10.6431365929821,12.257496375817164,True
2016-02-15 14:00:00+00:00,8.169216985186585,9.324357054119506,False
2016-02-15 14:30:00+00:00,6.016274637274055,6.8327968510552894,True
2016-02-15 15:00:00+00:00,4.503831588303177,5.100837843634137,False
2016-02-15 15:30:00+00:00,4.069179340551705,4.605735709121197,True
2016-02-15 16:00:00+00:00,3.662684979375824,4.144032254994624,False
2016-02-15 16:30:00+00:00,2.4628321967636846,2.7848443261365183,True
2016-02-15 17:00:00+00:00,1.187030083370607,1.3414766176891415,False
2016-02-15 17:30:00+00:00,0.422986863382502,0.4779163567828311,True
2016-02-15 18:00:00+00:00,0.0488081598673888,0.0551790303907352,False
2016-02-15 18:30:00+00:00,0.29203641960861676,0.3300831651237556,True
2016-02-15 19:00:00+00:00,0.6812700338048244,0.7699841910542812,False
2016-02-15 19:30:00+00:00,1.0255093216517643,1.1589720909204568,True
2016-02-15 20:00:00+00:00,1.2237432550437248,1.382963099589127,False
2016-02-15 20:30:00+00:00,0.9059948664884498,1.0239240888754373,True
2016-02-15 21:00:00+00:00,0.4464580599755766,0.504636525367776,False
2016-02-15 21:30:00+00:00,0.15233482100898912,0.17219398628690247,True
2016-02-15 22:00:00+00:00,0.0,0.0,False
2016-02-15 22:30:00+00:00,0.4320006059035799,0.4882322185333936,True
2016-02-15 23:00:00+00:00,0.8640012118071598,0.9764644370667872,False
2016-02-15 23:30:00+00:00,0.4320006059035799,0.4882322185333936,True
2016-02-16 00:00:00+00:00,0.0,0.0,False
2016-02-16 00:30:00+00:00,0.027924463518615432,0.03156954737179372,True
2016-02-16 01:00:00+00:00,0.0954363863580145,0.1078907691992032,False
2016-02-16 01:30:00+00:00,0.34756363772439913,0.39285333715656284,True
2016-02-16 02:00:00+00:00,0.5601034297700002,0.6330642306583066,False
2016-02-16 02:30:00+00:00,0.4962437470041015,0.5608977626048945,True
2016-02-16 03:00:00+00:00,0.4323840642382028,0.4887312945514824,False
2016-02-16 03:30:00+00:00,0.6161932644933782,0.6964125982910434,True
2016-02-16 04:00:00+00:00,1.0174523974847205,1.1498571297823794,False
2016-02-16 04:30:00+00:00,1.7513384153168268,1.979156661988753,True
2016-02-16 05:00:00+00:00,2.711856976504975,3.0659068167286643,False
2016-02-16 05:30:00+00:00,3.544819708888739,4.009464458729343,True
2016-02-16 06:00:00+00:00,4.578436975571436,5.185870394451634,False
2016-02-16 06:30:00+00:00,6.795733352002422,7.738989676428731,True
2016-02-16 07:00:00+00:00,8.749085880758825,10.003191483254325,False
2016-02-16 07:30:00+00:00,9.27156379639965,10.617460466573755,True
2016-02-16 08:00:00+00:00,9.68081098115351,11.10134188309414,False
2016-02-16 08:30:00+00:00,10.292813167731289,11.828145918716453,True
2016-02-16 09:00:00+00:00,10.937969250701036,12.59862918646918,False
2016-02-16 09:30:00+00:00,11.62694758884543,13.427949149162432,True
2016-02-16 10:00:00+00:00,12.091036970663676,13.988805833131442,False
2016-02-16 10:30:00+00:00,12.216261383457008,14.140790998799758,True
2016-02-16 11:00:00+00:00,12.265658424354925,14.200803109005523,False
2016-02-16 11:30:00+00:00,11.93505748692323,13.800468914715546,True
2016-02-16 12:00:00+00:00,11.604456549491536,13.400134720425571,False
2016-02-16 12:30:00+00:00,12.529084012097755,14.526931218121831,True
2016-02-16 13:00:00+00:00,13.453711474703972,15.653727715818093,False
2016-02-16 13:30:00+00:00,12.395488013381982,14.365190946463075,True
2016-02-16 14:00:00+00:00,10.812247812622337,12.448050764798976,False
2016-02-16 14:30:00+00:00,9.94095000637861,11.408842263136611,True
2016-02-16 15:00:00+00:00,9.069397068878018,10.379659319769932,False
2016-02-16 15:30:00+00:00,7.905081830351546,9.016904100596143,True
2016-02-16 16:00:00+00:00,6.42470196282412,7.301203752063087,False
2016-02-16 16:30:00+00:00,3.704704343643934,4.196698955418119,True
2016-02-16 17:00:00+00:00,1.7988653882208996,2.032989823299386,False
2016-02-16 17:30:00+00:00,1.7577754853023968,1.9865361748655526,True
2016-02-16 18:00:00+00:00,1.7438634183222206,1.9708098452781493,False
2016-02-16 18:30:00+00:00,2.122247002581758,2.3987933219517386,True
2016-02-16 19:00:00+00:00,2.500630586841296,2.8267767986253274,False
2016-02-16 19:30:00+00:00,2.017610545867443,2.2805174767108496,True
2016-02-16 20:00:00+00:00,1.5345905048935906,1.7342581547963716,False
2016-02-16 20:30:00+00:00,1.7777984001584988,2.0091708777248947,True
2016-02-16 21:00:00+00:00,2.232265649961618,2.5231112744287665,False
2016-02-16 21:30:00+00:00,2.8735557063647246,3.2493145507973407,True
2016-02-16 22:00:00+00:00,3.303586408229621,3.7364901533905663,False
2016-02-16 22:30:00+00:00,3.08243554485412,3.485809808318956,True
2016-02-16 23:00:00+00:00,2.71940075423369,3.074449288839321,False
2016-02-16 23:30:00+00:00,2.4739904973877964,2.7966199195262194,True
2016-02-17 00:00:00+00:00,2.1675922065020514,2.449953101543317,False
2016-02-17 00:30:00+00:00,1.2997387431337524,1.4689301460832305,True
2016-02-17 01:00:00+00:00,0.6347572410502332,0.717424813700968,False
2016-02-17 01:30:00+00:00,0.8613301021316677,0.9734438532225328,True
2016-02-17 02:00:00+00:00,1.1351934303656743,1.2829012847465104,False
2016-02-17 02:30:00+00:00,1.2135947516494174,1.3714954177910326,True
2016-02-17 03:00:00+00:00,1.2518156048016305,1.41468573284706,False
2016-02-17 03:30:00+00:00,1.2594303239260363,1.4232905641410614,True
2016-02-17 04:00:00+00:00,1.2680102517373002,1.4329863707312789,False
2016-02-17 04:30:00+00:00,3.685236462578283,4.177023523663942,True
2016-02-17 05:00:00+00:00,7.1812204759992495,8.1752493800598,False
2016-02-17 05:30:00+00:00,9.44320794018273,10.82738455025931,True
2016-02-17 06:00:00+00:00,10.618362394078323,12.21620546768549,False
2016-02-17 06:30:00+00:00,10.2053523103008,11.724820467380228,True
2016-02-17 07:00:00+00:00,9.792342226523278,11.233435467074964,False
2016-02-17 07:30:00+00:00,11.841037084684062,13.708657683291346,True
2016-02-17 08:00:00+00:00,14.956307272972426,17.518451052049407,False
2016-02-17 08:30:00+00:00,17.30684833015181,20.505453013191563,True
2016-02-17 09:00:00+00:00,18.59081405720361,22.15788382179204,False
2016-02-17 09:30:00+00:00,17.1288049493303,20.284418565649524,True
2016-02-17 10:00:00+00:00,15.666795841456985,18.410953309507,False
2016-02-17 10:30:00+00:00,16.48616508960923,19.45359538600975,True
2016-02-17 11:00:00+00:00,17.305534337761472,20.496237462512493,False
2016-02-17 11:30:00+00:00,16.91915246034024,20.00222817634625,True
2016-02-17 12:00:00+00:00,16.47381125163394,19.43320408495258,False
2016-02-17 12:30:00+00:00,16.40896943715282,19.3507064228513,True
2016-02-17 13:00:00+00:00,16.33641272802143,19.258520814979292,False
2016-02-17 13:30:00+00:00,14.0411551379614,16.412682513819682,True
2016-02-17 14:00:00+00:00,11.81257177383672,13.651546963658232,False
2016-02-17 14:30:00+00:00,11.911136310789702,13.77087068023776,True
2016-02-17 15:00:00+00:00,12.009700847742687,13.890194396817286,False
2016-02-17 15:30:00+00:00,8.200493770028384,9.431458295997606,True
2016-02-17 16:00:00+00:00,4.072766966854978,4.610085678284703,False
2016-02-17 16:30:00+00:00,3.688345007546134,4.172869894118595,True
2016-02-17 17:00:00+00:00,3.3801350322482264,3.8233244999070366,False
2016-02-17 17:30:00+00:00,2.6629958200471564,3.0108740892075674,True
2016-02-17 18:00:00+00:00,1.7665118947564384,1.9964135809756307,False
2016-02-17 18:30:00+00:00,0.6724297201093113,0.7597186782522458,True
2016-02-17 19:00:00+00:00,0.0,0.0,False
2016-02-17 19:30:00+00:00,0.0,0.0,True
2016-02-17 20:00:00+00:00,0.0,0.0,False
2016-02-17 20:30:00+00:00,0.10896132280177519,0.12317280647376784,True
2016-02-17 21:00:00+00:00,0.2179226456035504,0.2463456129475357,False
2016-02-17 21:30:00+00:00,0.10896132280177522,0.12317280647376787,True
2016-02-17 22:00:00+00:00,0.0,0.0,False
2016-02-17 22:30:00+00:00,0.10432559573898449,0.11793181045198893,True
2016-02-17 23:00:00+00:00,0.3305937055888659,0.3736920976489173,False
2016-02-17 23:30:00+00:00,0.8070082279656744,0.9120588638468224,True
2016-02-18 00:00:00+00:00,1.2604528346373074,1.4244461518688254,False
2016-02-18 00:30:00+00:00,1.4356787462450389,1.6224720089760865,True
2016-02-18 01:00:00+00:00,1.511932059447049,1.7086488675143108,False
2016-02-18 01:30:00+00:00,0.9607897427496577,1.0858424271505478,True
2016-02-18 02:00:00+00:00,0.4096474260522664,0.4630359867867848,False
2016-02-18 02:30:00+00:00,0.5946628211622151,0.6721095145333486,True
2016-02-18 03:00:00+00:00,0.7796782162721639,0.8811830422799122,False
2016-02-18 03:30:00+00:00,0.5443043612007123,0.6151956054411059,True
2016-02-18 04:00:00+00:00,0.3089305061292607,0.3492081686022997,False
2016-02-18 04:30:00+00:00,1.227406605791436,1.386598809145775,True
2016-02-18 05:00:00+00:00,2.7657412759185083,3.1269280714241887,False
2016-02-18 05:30:00+00:00,3.971494828925641,4.494491720343163,True
2016-02-18 06:00:00+00:00,5.268219598956688,5.973561519865893,False
2016-02-18 06:30:00+00:00,6.85609970537287,7.79969670442891,True
2016-02-18 07:00:00+00:00,8.559865192174916,9.781300936472356,False
2016-02-18 07:30:00+00:00,10.359509421933023,11.91072770570665,True
2016-02-18 08:00:00+00:00,11.882082253424628,13.735640887613894,False
2016-02-18 08:30:00+00:00,12.978358840639425,15.071268055930378,True
2016-02-18 09:00:00+00:00,13.524991658246044,15.741494991754791,False
2016-02-18 09:30:00+00:00,13.524991658246044,15.741494991754791,True
2016-02-18 10:00:00+00:00,13.524991658246044,15.741494991754791,False
2016-02-18 10:30:00+00:00,13.94388784221797,16.259853029463404,True
2016-02-18 11:00:00+00:00,14.362784026189898,16.778211067172013,False
2016-02-18 11:30:00+00:00,13.454394431857274,15.660095467902108,True
2016-02-18 12:00:00+00:00,12.546004837524649,14.541979868632202,False
2016-02-18 12:30:00+00:00,13.190415567005555,15.332884224147406,True
2016-02-18 13:00:00+00:00,13.834826296486462,16.123788579662612,False
2016-02-18 13:30:00+00:00,13.569903248517088,15.79684229488261,True
2016-02-18 14:00:00+00:00,12.90989972567881,14.986365040186293,False
2016-02-18 14:30:00+00:00,10.615107291615642,12.232047657679656,True
2016-02-18 15:00:00+00:00,7.486848566004324,8.529751479396566,False
2016-02-18 15:30:00+00:00,4.912607399787923,5.5669546636816225,True
2016-02-18 16:00:00+00:00,2.9942206835016294,3.385761763280928,False
2016-02-18 16:30:00+00:00,2.10981129972502,2.384038318791086,True
2016-02-18 17:00:00+00:00,1.456899803397388,1.646451566180891,False
2016-02-18 17:30:00+00:00,0.7203976715945928,0.8140824746356751,True
2016-02-18 18:00:00+00:00,0.2298424317694438,0.2598185281701761,False
2016-02-18 18:30:00+00:00,0.07053119811360631,0.07973319701986116,True
2016-02-18 19:00:00+00:00,0.0043389714172255,0.0049054584098062,False
2016-02-18 19:30:00+00:00,0.001105220658181145,0.0012495187654550616,True
2016-02-18 20:00:00+00:00,0.0,0.0,False
2016-02-18 20:30:00+00:00,0.0,0.0,True
2016-02-18 21:00:00+00:00,0.0,0.0,False
2016-02-18 21:30:00+00:00,0.0,0.0,True
2016-02-18 22:00:00+00:00,0.0,0.0,False
2016-02-18 22:30:00+00:00,0.2681481278791563,0.3030804905830129,True
2016-02-18 23:00:00+00:00,0.5362962557583127,0.6061609811660259,False
2016-02-18 23:30:00+00:00,0.4404849797091474,0.49788309729653546,True
2016-02-19 00:00:00+00:00,0.3446737036599821,0.389605213427045,False
2016-02-19 00:30:00+00:00,0.6529706889524198,0.737988034685626,True
2016-02-19 01:00:00+00:00,0.9612676742448576,1.086370855944207,False
2016-02-19 01:30:00+00:00,0.613974537868615,0.6939137624282472,True
2016-02-19 02:00:00+00:00,0.2666814014923722,0.3014566689122876,False
2016-02-19 02:30:00+00:00,0.4994449744924448,0.5645000408644898,True
2016-02-19 03:00:00+00:00,0.7764345370390187,0.8775178011639194,False
2016-02-19 03:30:00+00:00,0.826209204158607,0.9337595170391383,True
2016-02-19 04:00:00+00:00,0.8834569674246933,0.998448511736204,False
2016-02-19 04:30:00+00:00,1.9192418551951098,2.16653739229485,True
2016-02-19 05:00:00+00:00,3.936749681922163,4.4554210627684885,False
2016-02-19 05:30:00+00:00,7.288160779934337,8.321734868283288,True
2016-02-19 06:00:00+00:00,10.334122500567494,11.877126729214597,False
2016-02-19 06:30:00+00:00,11.37444116469244,13.121513740290073,True
2016-02-19 07:00:00+00:00,12.219048426789875,14.14417829912986,False
2016-02-19 07:30:00+00:00,13.598259891564378,15.835571103105863,True
2016-02-19 08:00:00+00:00,14.66485247143502,17.154345651708923,False
2016-02-19 08:30:00+00:00,15.042402034220538,17.626237179638068,True
2016-02-19 09:00:00+00:00,15.200309236666811,17.824174902675274,False
2016-02-19 09:30:00+00:00,14.811691871001399,17.33867985810437,True
2016-02-19 10:00:00+00:00,14.423074505335984,16.85318481353346,False
2016-02-19 10:30:00+00:00,17.56925015925062,20.903841580629294,True
2016-02-19 11:00:00+00:00,20.71542581316525,24.954498347725128,False
2016-02-19 11:30:00+00:00,19.516663481286525,23.37793357049648,True
2016-02-19 12:00:00+00:00,17.82874159316957,21.169887446610037,False
2016-02-19 12:30:00+00:00,17.17096508878337,20.321613370013726,True
2016-02-19 13:00:00+00:00,16.34888937150684,19.274372298208363,False
2016-02-19 13:30:00+00:00,10.771070100172114,12.540396726967302,True
2016-02-19 14:00:00+00:00,5.165217106161209,5.855757406142291,False
2016-02-19 14:30:00+00:00,4.287461223448712,4.852827425615731,True
2016-02-19 15:00:00+00:00,3.6130673510596494,4.0876911202340604,False
2016-02-19 15:30:00+00:00,2.1285849795924823,2.4063144868413446,True
2016-02-19 16:00:00+00:00,1.1222330896066153,1.2682562697545434,False
2016-02-19 16:30:00+00:00,1.3627266798905957,1.5400392234238705,True
2016-02-19 17:00:00+00:00,1.6856204145822271,1.9049699636637307,False
2016-02-19 17:30:00+00:00,1.8432898967865312,2.0832181136721664,True
2016-02-19 18:00:00+00:00,1.9185592345831843,2.168318477110069,False
2016-02-19 18:30:00+00:00,1.344793779023524,1.5198637231615792,True
2016-02-19 19:00:00+00:00,0.771028323463864,0.8714089692130893,False
2016-02-19 19:30:00+00:00,1.2143018205823968,1.372338607976229,True
2016-02-19 20:00:00+00:00,1.65757531770093,1.8732682467393689,False
2016-02-19 20:30:00+00:00,1.4704355549464774,1.661768742811928,True
2016-02-19 21:00:00+00:00,1.1319533898685643,1.2792400763499394,False
2016-02-19 21:30:00+00:00,0.6994601209623412,0.7905179589805837,True
2016-02-19 22:00:00+00:00,0.4183092543795791,0.4728250041457763,False
2016-02-19 22:30:00+00:00,0.5254514570182537,0.5939024771253033,True
2016-02-19 23:00:00+00:00,0.6325936596569283,0.7149799501048303,False
2016-02-19 23:30:00+00:00,0.6169067042732732,0.6972534583905053,True
2016-02-20 00:00:00+00:00,0.6012197488896183,0.6795269666761802,False
2016-02-20 00:30:00+00:00,0.6731484100375266,0.7608059210976013,True
2016-02-20 01:00:00+00:00,0.7450770711854349,0.8420848755190224,False
2016-02-20 01:30:00+00:00,0.42905821745511363,0.48493787427539686,True
2016-02-20 02:00:00+00:00,0.0780875559740238,0.0882787754953034,False
2016-02-20 02:30:00+00:00,0.02156787411162762,0.024383338979417735,True
2016-02-20 03:00:00+00:00,0.0,0.0,False
2016-02-20 03:30:00+00:00,0.0,0.0,True
2016-02-20 04:00:00+00:00,0.0,0.0,False
2016-02-20 04:30:00+00:00,1.9905021106314718,2.2528666936864763,True
2016-02-20 05:00:00+00:00,3.981004221262944,4.505733387372952,False
2016-02-20 05:30:00+00:00,2.025750607612499,2.292715646609433,True
2016-02-20 06:00:00+00:00,0.0704969939620548,0.0796979058459149,False
2016-02-20 06:30:00+00:00,2.7359985988371562,3.102093616336835,True
2016-02-20 07:00:00+00:00,5.8939033652624095,6.69066025637926,False
2016-02-20 07:30:00+00:00,6.603180343114747,7.506937048237018,True
2016-02-20 08:00:00+00:00,7.0791485517440975,8.057038783633038,False
2016-02-20 08:30:00+00:00,7.669062188449908,8.741894483095031,True
2016-02-20 09:00:00+00:00,7.9998814328285555,9.126754309467255,False
2016-02-20 09:30:00+00:00,7.1047772433123155,8.08992784922352,True
2016-02-20 10:00:00+00:00,5.675325122606703,6.4398433838793805,False
2016-02-20 10:30:00+00:00,4.419090742350862,5.004910237876463,True
2016-02-20 11:00:00+00:00,3.697204293284394,4.183235096973951,False
2016-02-20 11:30:00+00:00,5.342391979215795,6.064647967381521,True
2016-02-20 12:00:00+00:00,7.8374396972630676,8.937456719334909,False
2016-02-20 12:30:00+00:00,9.704122828364918,11.133834805629302,True
2016-02-20 13:00:00+00:00,10.720945927350895,12.338817010377875,False
2016-02-20 13:30:00+00:00,9.212582422006601,10.559922768963455,True
2016-02-20 14:00:00+00:00,6.868677932917065,7.813573499187117,False
2016-02-20 14:30:00+00:00,5.266935873521399,5.97169508941651,True
2016-02-20 15:00:00+00:00,3.9173223401708746,4.43333719647172,False
2016-02-20 15:30:00+00:00,2.660736301873231,3.0078738784832146,True
2016-02-20 16:00:00+00:00,1.9875627212756863,2.246345072030811,False
2016-02-20 16:30:00+00:00,2.4213766814366897,2.7372939697778893,True
2016-02-20 17:00:00+00:00,2.855190641597693,3.228242867524968,False
2016-02-20 17:30:00+00:00,2.7634142382339837,3.124302781880485,True
2016-02-20 18:00:00+00:00,2.535116958289744,2.8658113005649706,False
2016-02-20 18:30:00+00:00,1.543115902046607,1.744218689496592,True
2016-02-20 19:00:00+00:00,0.6769435990808533,0.7650953602549471,False
2016-02-20 19:30:00+00:00,0.665661798116066,0.7523469706930328,True
2016-02-20 20:00:00+00:00,0.6553103930269126,0.7406499404841898,False
2016-02-20 20:30:00+00:00,0.5850923465021813,0.6613032606207361,True
2016-02-20 21:00:00+00:00,0.4551185780012328,0.5144238373520912,False
2016-02-20 21:30:00+00:00,0.1928005642987516,0.2179301697278364,True
2016-02-20 22:00:00+00:00,0.0,0.0,False
2016-02-20 22:30:00+00:00,0.13225728488029004,0.1495037954863196,True
2016-02-20 23:00:00+00:00,0.2645145697605801,0.2990075909726392,False
2016-02-20 23:30:00+00:00,0.13225728488029004,0.1495037954863196,True
2016-02-21 00:00:00+00:00,0.0,0.0,False
2016-02-21 00:30:00+00:00,0.29279645424523604,0.33093205984329954,True
2016-02-21 01:00:00+00:00,0.6985750893947789,0.7895386800283392,False
2016-02-21 01:30:00+00:00,0.9220673343242254,1.0420805166286606,True
2016-02-21 02:00:00+00:00,1.0325773983493651,1.1669477928872425,False
2016-02-21 02:30:00+00:00,0.5162886991746825,0.5834738964436212,True
2016-02-21 03:00:00+00:00,0.0,0.0,False
2016-02-21 03:30:00+00:00,0.0,0.0,True
2016-02-21 04:00:00+00:00,0.0,0.0,False
2016-02-21 04:30:00+00:00,0.8784031806778114,0.9914061321162346,True
2016-02-21 05:00:00+00:00,2.542660812973865,2.874350436723235,False
2016-02-21 05:30:00+00:00,4.6245182240373675,5.241801265636632,True
2016-02-21 06:00:00+00:00,6.65854193703742,7.5708664721480226,False
2016-02-21 06:30:00+00:00,7.913955301946999,9.02652431683993,True
2016-02-21 07:00:00+00:00,8.959898177935363,10.25084104178424,False
2016-02-21 07:30:00+00:00,9.84799799581903,11.297831785033313,True
2016-02-21 08:00:00+00:00,10.91509506997693,12.571218161169735,False
2016-02-21 08:30:00+00:00,13.830227791285997,16.14961174575548,True
2016-02-21 09:00:00+00:00,16.037812991687254,18.87979826711271,False
2016-02-21 09:30:00+00:00,14.274354780880993,16.68949799533421,True
2016-02-21 10:00:00+00:00,12.510896570074731,14.499197723555712,False
2016-02-21 10:30:00+00:00,13.776243653754848,16.06220594169671,True
2016-02-21 11:00:00+00:00,15.041590737434968,17.625214159837704,False
2016-02-21 11:30:00+00:00,14.939358426572719,17.497242182049618,True
2016-02-21 12:00:00+00:00,14.689084942929744,17.18457402399036,False
2016-02-21 12:30:00+00:00,13.895479806324158,16.20098306033761,True
2016-02-21 13:00:00+00:00,12.839308929323735,14.900024096170291,False
2016-02-21 13:30:00+00:00,11.895566097436665,13.753200558484329,True
2016-02-21 14:00:00+00:00,11.36243017872516,13.108441201584109,False
2016-02-21 14:30:00+00:00,11.373937544853728,13.122294297668994,True
2016-02-21 15:00:00+00:00,11.385444910982295,13.136147393753877,False
2016-02-21 15:30:00+00:00,7.728942051723421,8.87328484258698,True
2016-02-21 16:00:00+00:00,3.467474832589225,3.922426419755847,False
2016-02-21 16:30:00+00:00,2.606489777626713,2.9456535220158893,True
2016-02-21 17:00:00+00:00,2.0393113959355103,2.3048655660402355,False
2016-02-21 17:30:00+00:00,1.4223943262274636,1.607404686126396,True
2016-02-21 18:00:00+00:00,0.9364135887695216,1.0582869217165476,False
2016-02-21 18:30:00+00:00,0.6359082166567688,0.7187149975854289,True
2016-02-21 19:00:00+00:00,0.4009852862791008,0.4532465620987121,False
2016-02-21 19:30:00+00:00,0.14317318683013913,0.1618411181735866,True
2016-02-21 20:00:00+00:00,0.0,0.0,False
2016-02-21 20:30:00+00:00,0.3022327492778485,0.3415973659385545,True
2016-02-21 21:00:00+00:00,0.604465498555697,0.6831947318771089,False
2016-02-21 21:30:00+00:00,0.39818955810306356,0.45007093834021744,True
2016-02-21 22:00:00+00:00,0.1919136176504301,0.216947144803326,False
2016-02-21 22:30:00+00:00,0.3906159705402277,0.44151260478955834,True
2016-02-21 23:00:00+00:00,0.5893183234300252,0.6660780647757907,False
2016-02-21 23:30:00+00:00,0.29465916171501255,0.33303903238789534,True
2016-02-22 00:00:00+00:00,0.0,0.0,False
2016-02-22 00:30:00+00:00,0.05480843899210461,0.06196092086647146,True
2016-02-22 01:00:00+00:00,0.170237081274079,0.1924452245469863,False
2016-02-22 01:30:00+00:00,0.41116977187403525,0.4647459886955936,True
2016-02-22 02:00:00+00:00,0.5914822591841217,0.6685233700301575,False
2016-02-22 02:30:00+00:00,0.2957411295920608,0.3342616850150787,True
2016-02-22 03:00:00+00:00,0.0,0.0,False
2016-02-22 03:30:00+00:00,0.0,0.0,True
2016-02-22 04:00:00+00:00,0.0,0.0,False
2016-02-22 04:30:00+00:00,0.5378173279512385,0.6063611332317611,True
2016-02-22 05:00:00+00:00,1.8204334488462928,2.057373696440557,False
2016-02-22 05:30:00+00:00,5.549609929424895,6.316820905341314,True
2016-02-22 06:00:00+00:00,10.01698519634946,11.499923675590823,False
2016-02-22 06:30:00+00:00,13.082417623537127,15.211288159312765,True
2016-02-22 07:00:00+00:00,14.66485247143502,17.154345651708923,False
2016-02-22 07:30:00+00:00,13.325666122862764,15.50820125164667,True
2016-02-22 08:00:00+00:00,11.986479774290505,13.862056851584418,False
2016-02-22 08:30:00+00:00,12.081245201315387,13.976953930263388,True
2016-02-22 09:00:00+00:00,12.277315986322444,14.214969849248552,False
2016-02-22 09:30:00+00:00,12.55312339176157,14.55066375655596,True
2016-02-22 10:00:00+00:00,12.945224196246404,15.0295957665133,False
2016-02-22 10:30:00+00:00,13.628080476329956,15.869816361882304,True
2016-02-22 11:00:00+00:00,14.194294383982768,16.568950209347754,False
2016-02-22 11:30:00+00:00,14.317429883752807,16.721781635149362,True
2016-02-22 12:00:00+00:00,14.43513994937542,16.86819466730593,False
2016-02-22 12:30:00+00:00,14.945069188714035,17.50554141111241,True
2016-02-22 13:00:00+00:00,15.359467477602932,18.024036353511352,False
2016-02-22 13:30:00+00:00,13.748297261317768,16.033143349758042,True
2016-02-22 14:00:00+00:00,11.47757802011794,13.247127591075508,False
2016-02-22 14:30:00+00:00,10.508362312665824,12.083006074791253,True
2016-02-22 15:00:00+00:00,9.479525116660774,10.863299395760867,False
2016-02-22 15:30:00+00:00,6.981293774285316,7.955565758779724,True
2016-02-22 16:00:00+00:00,4.344952159432151,4.919850422359813,False
2016-02-22 16:30:00+00:00,2.8486887836303376,3.21949019277837,True
2016-02-22 17:00:00+00:00,1.7708257929894304,2.001290446877656,False
2016-02-22 17:30:00+00:00,0.9679396915328482,1.0936937516294605,True
2016-02-22 18:00:00+00:00,0.4388798554308371,0.4960723013776773,False
2016-02-22 18:30:00+00:00,0.1369128600005065,0.1547592064703489,True
2016-02-22 19:00:00+00:00,0.0,0.0,False
2016-02-22 19:30:00+00:00,0.0,0.0,True
2016-02-22 20:00:00+00:00,0.0,0.0,False
2016-02-22 20:30:00+00:00,0.0,0.0,True
2016-02-22 21:00:00+00:00,0.0,0.0,False
2016-02-22 21:30:00+00:00,0.0,0.0,True
2016-02-22 22:00:00+00:00,0.0,0.0,False
2016-02-22 22:30:00+00:00,0.0,0.0,True
2016-02-22 23:00:00+00:00,0.0,0.0,False
2016-02-22 23:30:00+00:00,0.0178968884573584,0.020233098473010552,True
2016-02-23 00:00:00+00:00,0.0357937769147168,0.0404661969460211,False
2016-02-23 00:30:00+00:00,0.0178968884573584,0.020233098473010545,True
2016-02-23 01:00:00+00:00,0.0,0.0,False
2016-02-23 01:30:00+00:00,0.0,0.0,True
2016-02-23 02:00:00+00:00,0.0,0.0,False
2016-02-23 02:30:00+00:00,0.0,0.0,True
2016-02-23 03:00:00+00:00,0.0,0.0,False
2016-02-23 03:30:00+00:00,0.0,0.0,True
2016-02-23 04:00:00+00:00,0.0,0.0,False
2016-02-23 04:30:00+00:00,0.0,0.0,True
2016-02-23 05:00:00+00:00,0.0,0.0,False
2016-02-23 05:30:00+00:00,0.2709367674616172,0.3057935929144742,True
2016-02-23 06:00:00+00:00,0.9828783412372566,1.1107899191679684,False
2016-02-23 06:30:00+00:00,5.291353756533889,6.046719709434775,True
2016-02-23 07:00:00+00:00,9.577297612384832,10.978869560589429,False
2016-02-23 07:30:00+00:00,10.250156170505985,11.777301098732814,True
2016-02-23 08:00:00+00:00,10.504541481758809,12.080309842649331,False
2016-02-23 08:30:00+00:00,10.390969895270253,11.944941348848568,True
2016-02-23 09:00:00+00:00,10.277398308781695,11.809572855047804,False
2016-02-23 09:30:00+00:00,12.645041596602493,14.69748374597512,True
2016-02-23 10:00:00+00:00,15.740803516333424,18.50432232337601,False
2016-02-23 10:30:00+00:00,17.097585668254517,20.230437347313146,True
2016-02-23 11:00:00+00:00,17.72624918826548,21.037624684776716,False
2016-02-23 11:30:00+00:00,16.772868733956916,19.819244266235298,True
2016-02-23 12:00:00+00:00,15.188084574617704,17.80883837869328,False
2016-02-23 12:30:00+00:00,13.6157884624486,15.857997409812478,True
2016-02-23 13:00:00+00:00,12.674896055310144,14.699181909932278,False
2016-02-23 13:30:00+00:00,13.858243396372556,16.16219803488499,True
2016-02-23 14:00:00+00:00,15.041590737434968,17.625214159837704,False
2016-02-23 14:30:00+00:00,13.55980085154405,15.795893599294654,True
2016-02-23 15:00:00+00:00,10.857940273245362,12.502755123526798,False
2016-02-23 15:30:00+00:00,7.320275023061601,8.354467440132419,True
2016-02-23 16:00:00+00:00,5.002680465285616,5.66999767196285,False
2016-02-23 16:30:00+00:00,5.194029816777914,5.888818449658385,True
2016-02-23 17:00:00+00:00,5.385379168270213,6.10763922735392,False
2016-02-23 17:30:00+00:00,3.8861307384416035,4.40285023495957,True
2016-02-23 18:00:00+00:00,2.2398106588691387,2.5316466695334205,False
2016-02-23 18:30:00+00:00,2.072809362842322,2.3427237504392306,True
2016-02-23 19:00:00+00:00,1.915324539821332,2.1646609835718182,False
2016-02-23 19:30:00+00:00,0.9425661232503548,1.0652397185351208,True
2016-02-23 20:00:00+00:00,0.1073628834174051,0.1213728743034446,False
2016-02-23 20:30:00+00:00,0.6531355781579553,0.7381359876115955,True
2016-02-23 21:00:00+00:00,1.1989082728985054,1.354899100919746,False
2016-02-23 21:30:00+00:00,1.0062558606708927,1.1372098706890683,True
2016-02-23 22:00:00+00:00,0.7288563289729647,0.8237558684459667,False
2016-02-23 22:30:00+00:00,0.5957477811765304,0.6733445332587429,True
2016-02-23 23:00:00+00:00,0.4637787908601974,0.5242107541362281,False
2016-02-23 23:30:00+00:00,0.19550924262981517,0.22099347137021225,True
2016-02-24 00:00:00+00:00,0.0108472563896468,0.0122634045519114,False
2016-02-24 00:30:00+00:00,0.17451130242431834,0.19726212147242117,True
2016-02-24 01:00:00+00:00,0.3381753484589899,0.382260838392931,False
2016-02-24 01:30:00+00:00,0.16908767422949492,0.1911304191964655,True
2016-02-24 02:00:00+00:00,0.0,0.0,False
2016-02-24 02:30:00+00:00,0.0,0.0,True
2016-02-24 03:00:00+00:00,0.0,0.0,False
2016-02-24 03:30:00+00:00,0.0,0.0,True
2016-02-24 04:00:00+00:00,0.0,0.0,False
2016-02-24 04:30:00+00:00,0.0,0.0,True
2016-02-24 05:00:00+00:00,0.0,0.0,False
2016-02-24 05:30:00+00:00,1.4421195646177525,1.6267125996322789,True
2016-02-24 06:00:00+00:00,4.003673035942025,4.531508674747407,False
2016-02-24 06:30:00+00:00,6.92832734014156,7.896838839327011,True
2016-02-24 07:00:00+00:00,9.08281411121333,10.395452403039624,False
2016-02-24 07:30:00+00:00,9.50680519840929,10.895041177570691,True
2016-02-24 08:00:00+00:00,9.892735040628514,11.35245765156148,False
2016-02-24 08:30:00+00:00,11.040184081860863,12.723510990631102,True
2016-02-24 09:00:00+00:00,12.581131855848568,14.584800964949672,False
2016-02-24 09:30:00+00:00,14.008642222775856,16.338645093604523,True
2016-02-24 10:00:00+00:00,15.543664730676138,18.25577789294857,False
2016-02-24 10:30:00+00:00,17.444402834634793,20.679370267933976,True
2016-02-24 11:00:00+00:00,19.140129932981427,22.87502764904155,False
2016-02-24 11:30:00+00:00,20.36050028509687,24.484201505009423,True
2016-02-24 12:00:00+00:00,20.973665640493973,25.29859047484142,False
2016-02-24 12:30:00+00:00,19.557264712155064,23.431793350922547,True
2016-02-24 13:00:00+00:00,17.07743440506114,20.20374201750849,False
2016-02-24 13:30:00+00:00,14.204004325690454,16.599679065794373,True
2016-02-24 14:00:00+00:00,12.39400362507478,14.356870323575446,False
2016-02-24 14:30:00+00:00,12.651951675376795,14.671617681880868,True
2016-02-24 15:00:00+00:00,12.90989972567881,14.986365040186293,False
2016-02-24 15:30:00+00:00,10.118992917168637,11.665507528847192,True
2016-02-24 16:00:00+00:00,6.3351996283785645,7.198104848888929,False
2016-02-24 16:30:00+00:00,4.6546471448857325,5.270672711426961,True
2016-02-24 17:00:00+00:00,3.4901203128934246,3.948126292653744,False
2016-02-24 17:30:00+00:00,2.703645031003674,3.056324838699816,True
2016-02-24 18:00:00+00:00,2.0554822108511703,2.3231534069705635,False
2016-02-24 18:30:00+00:00,1.2856787624506485,1.4528857951707994,True
2016-02-24 19:00:00+00:00,0.7731908211359285,0.8738525165341209,False
2016-02-24 19:30:00+00:00,0.6744342291346116,0.7622591635470763,True
2016-02-24 20:00:00+00:00,0.5871543697616651,0.6636327370594842,False
2016-02-24 20:30:00+00:00,0.28029864308168695,0.3168213338994064,True
2016-02-24 21:00:00+00:00,0.0292862793885942,0.0331093529640271,False
2016-02-24 21:30:00+00:00,0.007686757523762002,0.008690303572763108,True
2016-02-24 22:00:00+00:00,0.0,0.0,False
2016-02-24 22:30:00+00:00,0.0,0.0,True
2016-02-24 23:00:00+00:00,0.0,0.0,False
2016-02-24 23:30:00+00:00,0.0,0.0,True
2016-02-25 00:00:00+00:00,0.0,0.0,False
2016-02-25 00:30:00+00:00,0.0964986941435978,0.10908608208278364,True
2016-02-25 01:00:00+00:00,0.1929973882871956,0.2181721641655673,False
2016-02-25 01:30:00+00:00,0.0964986941435978,0.10908608208278367,True
2016-02-25 02:00:00+00:00,0.0,0.0,False
2016-02-25 02:30:00+00:00,0.0,0.0,True
2016-02-25 03:00:00+00:00,0.0,0.0,False
2016-02-25 03:30:00+00:00,0.0,0.0,True
2016-02-25 04:00:00+00:00,0.0,0.0,False
2016-02-25 04:30:00+00:00,0.0,0.0,True
2016-02-25 05:00:00+00:00,0.0,0.0,False
2016-02-25 05:30:00+00:00,2.690477713197285,3.0440863994527527,True
2016-02-25 06:00:00+00:00,6.707763411212084,7.62768458592086,False
2016-02-25 06:30:00+00:00,9.56642896786255,10.979059618987337,True
2016-02-25 07:00:00+00:00,11.0982865396955,12.790922865038462,False
2016-02-25 07:30:00+00:00,11.092555138041458,12.784043074356825,True
2016-02-25 08:00:00+00:00,11.08682373638742,12.777163283675188,False
2016-02-25 08:30:00+00:00,12.63694427316515,14.66595282070491,True
2016-02-25 09:00:00+00:00,15.065980551412704,17.655765276002423,False
2016-02-25 09:30:00+00:00,17.079878470161162,20.213128932515485,True
2016-02-25 10:00:00+00:00,18.214860647439803,21.669469670760755,False
2016-02-25 10:30:00+00:00,16.639260838211108,19.661152449122145,True
2016-02-25 11:00:00+00:00,15.005025298032994,17.579427006614978,False
2016-02-25 11:30:00+00:00,14.942734416312936,17.50144674104703,True
2016-02-25 12:00:00+00:00,14.883306847720618,17.427144211605547,False
2016-02-25 12:30:00+00:00,14.240652854797606,16.62878718321894,True
2016-02-25 13:00:00+00:00,13.548769913055413,15.770788321723012,False
2016-02-25 13:30:00+00:00,13.431255436412721,15.626012476068741,True
2016-02-25 14:00:00+00:00,13.299549921702283,15.464141391083173,False
2016-02-25 14:30:00+00:00,11.137855315703053,12.862484035085547,True
2016-02-25 15:00:00+00:00,7.816461544135259,8.913028693895994,False
2016-02-25 15:30:00+00:00,4.779906761128094,5.418140774182821,True
2016-02-25 16:00:00+00:00,3.022243548398099,3.4175183968442875,False
2016-02-25 16:30:00+00:00,4.060132248698824,4.5982295611244615,True
2016-02-25 17:00:00+00:00,5.098020948999548,5.778940725404635,False
2016-02-25 17:30:00+00:00,4.619317869480286,5.233051108857069,True
2016-02-25 18:00:00+00:00,3.761934281021824,4.256760922535779,False
2016-02-25 18:30:00+00:00,2.929087219975782,3.312115111891017,True
2016-02-25 19:00:00+00:00,2.01343746105247,2.2756052222212344,False
2016-02-25 19:30:00+00:00,0.8163899615507036,0.9223577331181408,True
2016-02-25 20:00:00+00:00,0.0585684134815325,0.0662129116075669,False
2016-02-25 20:30:00+00:00,0.02719483182485873,0.030744790411001227,True
2016-02-25 21:00:00+00:00,0.0130166388809613,0.0147159890176438,False
2016-02-25 21:30:00+00:00,0.003977386104931356,0.004496663807314295,True
2016-02-25 22:00:00+00:00,0.0,0.0,False
2016-02-25 22:30:00+00:00,0.31683772627248785,0.35810119230907017,True
2016-02-25 23:00:00+00:00,0.6336754525449756,0.7162023846181405,False
2016-02-25 23:30:00+00:00,0.31683772627248774,0.3581011923090703,True
2016-02-26 00:00:00+00:00,0.0,0.0,False
2016-02-26 00:30:00+00:00,0.38929849696583035,0.43998065003429737,True
2016-02-26 01:00:00+00:00,0.7785969939316605,0.8799613000685947,False
2016-02-26 01:30:00+00:00,0.5665089463059861,0.6402913142359606,True
2016-02-26 02:00:00+00:00,0.3544208986803119,0.4006213284033267,False
2016-02-26 02:30:00+00:00,0.8705858493541203,0.9838971172227868,True
2016-02-26 03:00:00+00:00,1.3867508000279287,1.567172906042247,False
2016-02-26 03:30:00+00:00,1.374878128172476,1.5537554547622077,True
2016-02-26 04:00:00+00:00,1.3630054563170233,1.5403380034821683,False
2016-02-26 04:30:00+00:00,4.587525528939491,5.224112540656959,True
2016-02-26 05:00:00+00:00,7.812045601561958,8.907887077831749,False
2016-02-26 05:30:00+00:00,6.721409042223595,7.648323779296212,True
2016-02-26 06:00:00+00:00,5.630772482885231,6.388760480760674,False
2016-02-26 06:30:00+00:00,6.597978309376231,7.5043583568675425,True
2016-02-26 07:00:00+00:00,7.933549145073351,9.049425007653806,False
2016-02-26 07:30:00+00:00,8.63684250297477,9.871842296382729,True
2016-02-26 08:00:00+00:00,9.016865979521311,10.31784397284183,False
2016-02-26 08:30:00+00:00,9.064304299644647,10.373652311706557,True
2016-02-26 09:00:00+00:00,9.115246814750884,10.433636634861138,False
2016-02-26 09:30:00+00:00,13.183941832535735,15.428431572343072,True
2016-02-26 10:00:00+00:00,17.20403752748645,20.365997363125587,False
2016-02-26 10:30:00+00:00,13.825865661271399,16.189246011055424,True
2016-02-26 11:00:00+00:00,10.447693795056349,12.01249465898526,False
2016-02-26 11:30:00+00:00,14.318362657689155,16.824240321902995,True
2016-02-26 12:00:00+00:00,18.18903152032196,21.63598598482073,False
2016-02-26 12:30:00+00:00,15.390308320329678,18.113523975243986,True
2016-02-26 13:00:00+00:00,11.50062993586853,13.274911678056188,False
2016-02-26 13:30:00+00:00,9.74682483053651,11.176726980950766,True
2016-02-26 14:00:00+00:00,8.262302804886101,9.433101591197463,False
2016-02-26 14:30:00+00:00,6.262523016775028,7.11743227153904,True
2016-02-26 15:00:00+00:00,4.925786740682395,5.582173027529746,False
2016-02-26 15:30:00+00:00,4.749675243614123,5.381087317600897,True
2016-02-26 16:00:00+00:00,4.57519285702772,5.1821722421852,False
2016-02-26 16:30:00+00:00,3.0407993207773036,3.4415151218107445,True
2016-02-26 17:00:00+00:00,1.566957855591019,1.7708415858044315,False
2016-02-26 17:30:00+00:00,1.4593274114134334,1.6491868573548178,True
2016-02-26 18:00:00+00:00,1.3608467217369034,1.5378984103744642,False
2016-02-26 18:30:00+00:00,0.7462776769476029,0.8434042326316036,True
2016-02-26 19:00:00+00:00,0.2190062888800678,0.247570459147994,False
2016-02-26 19:30:00+00:00,1.1658115392506723,1.3176709649693361,True
2016-02-26 20:00:00+00:00,2.112616789621277,2.3877714707906788,False
2016-02-26 20:30:00+00:00,1.0563083948106384,1.1938857353953392,True
2016-02-26 21:00:00+00:00,0.0,0.0,False
2016-02-26 21:30:00+00:00,0.05043002851537948,0.05701119590394711,True
2016-02-26 22:00:00+00:00,0.134466080319823,0.1520106011988964,False
2016-02-26 22:30:00+00:00,0.2184601580671395,0.24695226480065188,True
2016-02-26 23:00:00+00:00,0.268848212525392,0.3039057190114052,False
2016-02-26 23:30:00+00:00,0.134424106262696,0.1519528595057026,True
2016-02-27 00:00:00+00:00,0.0,0.0,False
2016-02-27 00:30:00+00:00,0.0,0.0,True
2016-02-27 01:00:00+00:00,0.0,0.0,False
2016-02-27 01:30:00+00:00,0.0,0.0,True
2016-02-27 02:00:00+00:00,0.0,0.0,False
2016-02-27 02:30:00+00:00,0.022813037592140456,0.02579091281318397,True
2016-02-27 03:00:00+00:00,0.0845935342888026,0.0956335044994505,False
2016-02-27 03:30:00+00:00,0.41836973481703005,0.4727414802319346,True
2016-02-27 04:00:00+00:00,1.074707710694381,1.214553644503165,False
2016-02-27 04:30:00+00:00,2.136962057767353,2.4134611484623787,True
2016-02-27 05:00:00+00:00,3.755460903133863,4.2494071159487365,False
2016-02-27 05:30:00+00:00,6.880349282541911,7.847158865504682,True
2016-02-27 06:00:00+00:00,9.577297612384832,10.978869560589429,False
2016-02-27 06:30:00+00:00,10.292795489898127,11.827593482295816,True
2016-02-27 07:00:00+00:00,10.7551712125166,12.379752431837057,False
2016-02-27 07:30:00+00:00,11.26931950257472,12.996733843011517,True
2016-02-27 08:00:00+00:00,11.5467562643456,13.330526949883351,False
2016-02-27 08:30:00+00:00,11.196635407356503,12.909800245658019,True
2016-02-27 09:00:00+00:00,10.84651455036741,12.489073541432688,False
2016-02-27 09:30:00+00:00,12.328725911553027,14.291670129384736,True
2016-02-27 10:00:00+00:00,13.810937272738643,16.094266717336783,False
2016-02-27 10:30:00+00:00,13.419330521279374,15.612445617899583,True
2016-02-27 11:00:00+00:00,13.027723769820106,15.130624518462383,False
2016-02-27 11:30:00+00:00,13.18613433176475,15.324963046710193,True
2016-02-27 12:00:00+00:00,13.489341350078854,15.697590253759255,False
2016-02-27 12:30:00+00:00,13.86527331541632,16.161618794689893,True
2016-02-27 13:00:00+00:00,14.266446061664563,16.658513789359713,False
2016-02-27 13:30:00+00:00,14.653816158625515,17.140806798094246,True
2016-02-27 14:00:00+00:00,14.871149018306234,17.41194467428834,False
2016-02-27 14:30:00+00:00,12.796826406928014,14.874597890255384,True
2016-02-27 15:00:00+00:00,9.836319636598528,11.285559425139684,False
2016-02-27 15:30:00+00:00,8.419864257676277,9.615374904034825,True
2016-02-27 16:00:00+00:00,7.10109248517452,8.082444645360484,False
2016-02-27 16:30:00+00:00,5.038664503661979,5.713995372106441,True
2016-02-27 17:00:00+00:00,3.3769004296280816,3.819654836481199,False
2016-02-27 17:30:00+00:00,2.7367439133793545,3.0938779487352517,True
2016-02-27 18:00:00+00:00,2.3971690680497715,2.709687297639315,False
2016-02-27 18:30:00+00:00,2.2890357590116803,2.5873284306773563,True
2016-02-27 19:00:00+00:00,2.184838811555134,2.469461561952219,False
2016-02-27 19:30:00+00:00,1.75600750475816,1.9846089091297845,True
2016-02-27 20:00:00+00:00,1.410494810512629,1.5940067024439482,False
2016-02-27 20:30:00+00:00,1.890898882444029,2.1372122890031924,True
2016-02-27 21:00:00+00:00,2.3713029543754294,2.6804178755624366,False
2016-02-27 21:30:00+00:00,1.6078735620424984,1.8174265154462383,True
2016-02-27 22:00:00+00:00,0.6163662388129452,0.6966427776788845,False
2016-02-27 22:30:00+00:00,0.19414415395816137,0.21942520001386462,True
2016-02-27 23:00:00+00:00,0.0,0.0,False
2016-02-27 23:30:00+00:00,0.5254712718554011,0.5938498749658925,True
2016-02-28 00:00:00+00:00,1.050942543710802,1.1876997499317845,False
2016-02-28 00:30:00+00:00,0.6891434491387906,0.7788597149002847,True
2016-02-28 01:00:00+00:00,0.3273443545667793,0.370019679868785,False
2016-02-28 01:30:00+00:00,0.5346751838042768,0.6043013006394515,True
2016-02-28 02:00:00+00:00,0.9385748914875872,1.0607290896722612,False
2016-02-28 02:30:00+00:00,1.5249455592917045,1.7234297694934302,True
2016-02-28 03:00:00+00:00,2.0403894595652567,2.306084752155952,False
2016-02-28 03:30:00+00:00,2.19136306911112,2.476808137740377,True
2016-02-28 04:00:00+00:00,2.3659141366829384,2.67432021434958,False
2016-02-28 04:30:00+00:00,3.6884136423584706,4.172015458158007,True
2016-02-28 05:00:00+00:00,5.952673224422421,6.758156246761814,False
2016-02-28 05:30:00+00:00,9.171917533858611,10.52432855869537,True
2016-02-28 06:00:00+00:00,11.52368934438176,13.302711452292822,False
2016-02-28 06:30:00+00:00,11.810993409523117,13.649477345441033,True
2016-02-28 07:00:00+00:00,12.009700847742687,13.890194396817286,False
2016-02-28 07:30:00+00:00,12.270675638796002,14.206784776298452,True
2016-02-28 08:00:00+00:00,12.61627768811844,14.627661134338624,False
2016-02-28 08:30:00+00:00,13.521064547758408,15.73965430914103,True
2016-02-28 09:00:00+00:00,14.206313629634456,16.583865058568833,False
2016-02-28 09:30:00+00:00,13.628814142003538,15.871697741652593,True
2016-02-28 10:00:00+00:00,13.051314654372618,15.159530424736356,False
2016-02-28 10:30:00+00:00,17.190249350464413,20.466645186515862,True
2016-02-28 11:00:00+00:00,21.329184046556204,25.773759948295368,False
2016-02-28 11:30:00+00:00,18.21588432361005,21.737695754907037,True
2016-02-28 12:00:00+00:00,15.102584600663892,17.701631561518706,False
2016-02-28 12:30:00+00:00,15.339760537870795,17.999333417069877,True
2016-02-28 13:00:00+00:00,15.889111489689748,18.6916583683042,False
2016-02-28 13:30:00+00:00,17.559188374854934,20.834812359587303,True
2016-02-28 14:00:00+00:00,18.917090245408065,22.583343255187263,False
2016-02-28 14:30:00+00:00,16.606286880512183,19.632871298052883,True
2016-02-28 15:00:00+00:00,12.862830602536574,14.928786599824983,False
2016-02-28 15:30:00+00:00,10.072101314368279,11.5674934205282,True
2016-02-28 16:00:00+00:00,7.423019797848386,8.45564639578933,False
2016-02-28 16:30:00+00:00,4.320094582118992,4.893397596086243,True
2016-02-28 17:00:00+00:00,2.5081745078209257,2.8353153829187625,False
2016-02-28 17:30:00+00:00,3.8307341048597467,4.338720131916488,True
2016-02-28 18:00:00+00:00,5.153293701898567,5.842124880914214,False
2016-02-28 18:30:00+00:00,4.810028403247399,5.450352104050236,True
2016-02-28 19:00:00+00:00,4.368724829265648,4.946922749708028,False
2016-02-28 19:30:00+00:00,4.206423296394196,4.762144454975623,True
2016-02-28 20:00:00+00:00,4.107318600911549,4.649387860299312,False
2016-02-28 20:30:00+00:00,4.064529586116717,4.6007135590115045,True
2016-02-28 21:00:00+00:00,4.01230911181769,4.541328834802131,False
2016-02-28 21:30:00+00:00,3.3738560103196913,3.816844986655344,True
2016-02-28 22:00:00+00:00,2.710779294456355,3.064686476646468,False
2016-02-28 22:30:00+00:00,2.630901228583073,2.974236808759439,True
2016-02-28 23:00:00+00:00,2.5566707968698443,2.890209165336136,False
2016-02-28 23:30:00+00:00,2.172024718545677,2.4550610188248934,True
2016-02-29 00:00:00+00:00,1.850627517872766,2.0915108100557145,False
2016-02-29 00:30:00+00:00,2.1626965504081976,2.444506668389164,True
2016-02-29 01:00:00+00:00,2.474765582943629,2.7975025267226146,False
2016-02-29 01:30:00+00:00,2.283499131140568,2.581107286468126,True
2016-02-29 02:00:00+00:00,1.9465926582911943,2.200016744517946,False
2016-02-29 02:30:00+00:00,1.6572472309275987,1.8729094420660155,True
2016-02-29 03:00:00+00:00,1.2971589139654047,1.4659259518773495,False
2016-02-29 03:30:00+00:00,0.5403880016602468,0.6106772312224614,True
2016-02-29 04:00:00+00:00,0.0,0.0,False
2016-02-29 04:30:00+00:00,0.7614591189777776,0.8593039157255296,True
2016-02-29 05:00:00+00:00,2.288313261194025,2.586518635471796,False
2016-02-29 05:30:00+00:00,4.520766271082979,5.1235083320731505,True
2016-02-29 06:00:00+00:00,6.912497834554253,7.864231842741267,False
2016-02-29 06:30:00+00:00,8.90463521322378,10.19125170221222,True
2016-02-29 07:00:00+00:00,9.994380224450856,11.473081830195095,False
2016-02-29 07:30:00+00:00,10.016928147648514,11.499853071426191,True
2016-02-29 08:00:00+00:00,10.039596446291933,11.526778861877288,False
2016-02-29 08:30:00+00:00,12.503066095959118,14.52830423542805,True
2016-02-29 09:00:00+00:00,14.944134160802202,17.50322017315939,False
2016-02-29 09:30:00+00:00,13.815380103792977,16.108359676406188,True
2016-02-29 10:00:00+00:00,12.686626046783752,14.713499179652986,False
2016-02-29 10:30:00+00:00,12.737098326129678,14.775116092675473,True
2016-02-29 11:00:00+00:00,12.874594657728569,14.94317452401546,False
2016-02-29 11:30:00+00:00,13.819984244925484,16.109385867484338,True
2016-02-29 12:00:00+00:00,15.224766369166773,17.85486394405087,False
2016-02-29 12:30:00+00:00,16.365208244304863,19.296194746189347,True
2016-02-29 13:00:00+00:00,17.267450622106885,20.447351857815324,False
2016-02-29 13:30:00+00:00,17.86298961139675,21.2143474449732,True
2016-02-29 14:00:00+00:00,18.150311508725352,21.58580847122842,False
2016-02-29 14:30:00+00:00,16.088381885929284,18.966465432937056,True
2016-02-29 15:00:00+00:00,12.358975882580973,14.314255559390729,False
2016-02-29 15:30:00+00:00,8.068577091409944,9.229599303293055,True
2016-02-29 16:00:00+00:00,4.496264001719768,5.092214238586776,False
2016-02-29 16:30:00+00:00,2.8555529883477115,3.2263943158823105,True
2016-02-29 17:00:00+00:00,1.9929533600287277,2.252440923758265,False
2016-02-29 17:30:00+00:00,1.7805955123217807,2.012305763167047,True
2016-02-29 18:00:00+00:00,1.596086649947644,1.8037654914370995,False
2016-02-29 18:30:00+00:00,1.0069209314442564,1.1379591531540425,True
2016-02-29 19:00:00+00:00,0.5611855216263765,0.634287039292866,False
2016-02-29 19:30:00+00:00,0.7455575563389478,0.8426236784942732,True
2016-02-29 20:00:00+00:00,0.9299295910515192,1.0509603176956803,False
2016-02-29 20:30:00+00:00,0.46496479552575964,0.5254801588478402,True
2016-02-29 21:00:00+00:00,0.0,0.0,False
2016-02-29 21:30:00+00:00,0.19886845166270897,0.2247877111773135,True
2016-02-29 22:00:00+00:00,0.3977369033254179,0.4495754223546269,False
2016-02-29 22:30:00+00:00,0.2612867180859765,0.29535086827984813,True
2016-02-29 23:00:00+00:00,0.090015029766668,0.1017622330446761,False
2016-02-29 23:30:00+00:00,0.02759676334340043,0.0311990759421414,True
2016-03-01 00:00:00+00:00,0.0,0.0,False
2016-03-01 00:30:00+00:00,0.05711775668134092,0.06457133975136733,True
2016-03-01 01:00:00+00:00,0.1615658649192096,0.182643633953057,False
2016-03-01 01:30:00+00:00,0.29952669412278615,0.33857689665796603,True
2016-03-01 02:00:00+00:00,0.390157171769835,0.4410092049125527,False
2016-03-01 02:30:00+00:00,0.2503863100964206,0.28302942831347017,True
2016-03-01 03:00:00+00:00,0.1106154484230062,0.1250496517143876,False
2016-03-01 03:30:00+00:00,0.5159497497519775,0.5831204645046137,True
2016-03-01 04:00:00+00:00,0.9212840510809488,1.0411912772948402,False
2016-03-01 04:30:00+00:00,0.4606420255404743,0.52059563864742,True
2016-03-01 05:00:00+00:00,0.0,0.0,False
2016-03-01 05:30:00+00:00,0.1480827682687595,0.16722615931912663,True
2016-03-01 06:00:00+00:00,0.5622676089434508,0.6355098421946218,False
2016-03-01 06:30:00+00:00,5.672142850490644,6.515225407415646,True
2016-03-01 07:00:00+00:00,10.515916019631904,12.093883449080302,False
2016-03-01 07:30:00+00:00,9.909079217785981,11.373949302643869,True
2016-03-01 08:00:00+00:00,9.302242415940055,10.654015156207432,False
2016-03-01 08:30:00+00:00,12.180757716882821,14.148257963043093,True
2016-03-01 09:00:00+00:00,15.901488195240438,18.707305882910795,False
2016-03-01 09:30:00+00:00,17.45345919890841,20.687319454504664,True
2016-03-01 10:00:00+00:00,18.16321502516153,21.60252791306649,False
2016-03-01 10:30:00+00:00,17.156407412393612,20.311981661934443,True
2016-03-01 11:00:00+00:00,16.149599799625697,19.0214354108024,False
2016-03-01 11:30:00+00:00,16.93792449394559,20.029530047789557,True
2016-03-01 12:00:00+00:00,17.72624918826548,21.037624684776716,False
2016-03-01 12:30:00+00:00,16.021840121027747,18.87953207332456,True
2016-03-01 13:00:00+00:00,14.074233989402602,16.420073504059914,False
2016-03-01 13:30:00+00:00,13.795685677567768,16.07503818184769,True
2016-03-01 14:00:00+00:00,13.513105947986729,15.72685538267428,False
2016-03-01 14:30:00+00:00,11.79207514621257,13.638514596637226,True
2016-03-01 15:00:00+00:00,9.351576244407005,10.712219619900145,False
2016-03-01 15:30:00+00:00,7.259465348974882,8.268048410135941,True
2016-03-01 16:00:00+00:00,5.740543912983113,6.514646305398944,False
2016-03-01 16:30:00+00:00,5.203429053481355,5.899031948128778,True
2016-03-01 17:00:00+00:00,4.734199831929521,5.363501073241051,False
2016-03-01 17:30:00+00:00,3.8096206061836257,4.311488233157683,True
2016-03-01 18:00:00+00:00,2.8886001238408827,3.26609001634777,False
2016-03-01 18:30:00+00:00,2.2328441149376057,2.523731552474973,True
2016-03-01 19:00:00+00:00,1.8991508474059269,2.146373503392776,False
2016-03-01 19:30:00+00:00,1.9730043303563711,2.229886690914629,True
2016-03-01 20:00:00+00:00,2.046857813306816,2.313399878436482,False
2016-03-01 20:30:00+00:00,1.5499804479957677,1.7517704822821611,True
2016-03-01 21:00:00+00:00,1.0531030826847192,1.1901410861278403,False
2016-03-01 21:30:00+00:00,1.2792805501740792,1.4457364367608152,True
2016-03-01 22:00:00+00:00,1.5054580176634391,1.70133178739379,False
2016-03-01 22:30:00+00:00,1.3359518713629563,1.509776470182473,True
2016-03-01 23:00:00+00:00,1.0466214239711409,1.1828170332384775,False
2016-03-01 23:30:00+00:00,0.7358753943628477,0.8316786094045446,True
2016-03-02 00:00:00+00:00,0.544953665845887,0.6159443053032903,False
2016-03-02 00:30:00+00:00,0.6168333829786218,0.6971692395550082,True
2016-03-02 01:00:00+00:00,0.7537277521165303,0.8518598881429118,False
2016-03-02 01:30:00+00:00,0.9586068109117277,1.0833657021205345,True
2016-03-02 02:00:00+00:00,1.0984712177017515,1.2414058017619716,False
2016-03-02 02:30:00+00:00,0.9548682313766712,1.0791405792201525,True
2016-03-02 03:00:00+00:00,0.7840030649832359,0.886069962956999,False
2016-03-02 03:30:00+00:00,0.7524943157927,0.850466344696246,True
2016-03-02 04:00:00+00:00,0.7180419791652153,0.8115359021615809,False
2016-03-02 04:30:00+00:00,0.3439181058299558,0.3887018420831674,True
2016-03-02 05:00:00+00:00,0.0,0.0,False
2016-03-02 05:30:00+00:00,1.16214695053077,1.3073102735103628,True
2016-03-02 06:00:00+00:00,3.642190196254019,4.120759084769159,False
2016-03-02 06:30:00+00:00,9.070653829615484,10.472867409245428,True
2016-03-02 07:00:00+00:00,13.181221167784472,15.318837195973268,False
2016-03-02 07:30:00+00:00,11.854256698792168,13.713148892622913,True
2016-03-02 08:00:00+00:00,10.527292229799867,12.107460589272554,False
2016-03-02 08:30:00+00:00,11.742092295246922,13.574856809698494,True
2016-03-02 09:00:00+00:00,13.4418393792982,15.639116226570442,False
2016-03-02 09:30:00+00:00,14.411126808161704,16.839164192127036,True
2016-03-02 10:00:00+00:00,14.89546721842098,17.44234896123762,False
2016-03-02 10:30:00+00:00,14.061996621032453,16.409626361824667,True
2016-03-02 11:00:00+00:00,13.228526023643926,15.376903762411716,False
2016-03-02 11:30:00+00:00,13.65441024432258,15.901095274975606,True
2016-03-02 12:00:00+00:00,14.67696745639537,17.169457270046255,False
2016-03-02 12:30:00+00:00,18.363235342729954,21.926520846520322,True
2016-03-02 13:00:00+00:00,21.4528302376704,25.93941394048763,False
2016-03-02 13:30:00+00:00,18.109011068607206,21.602697181642085,True
2016-03-02 14:00:00+00:00,13.323242392945442,15.493257486102376,False
2016-03-02 14:30:00+00:00,10.939479019401617,12.596815810101818,True
2016-03-02 15:00:00+00:00,8.853875048433453,10.126233053001371,False
2016-03-02 15:30:00+00:00,6.187992302070755,7.032490016211293,True
2016-03-02 16:00:00+00:00,4.167791741355377,4.718189187539616,False
2016-03-02 16:30:00+00:00,3.44690253346998,3.89855266434181,True
2016-03-02 17:00:00+00:00,2.9026106907110747,3.28196253762365,False
2016-03-02 17:30:00+00:00,2.088053986688021,2.3600666154154495,True
2016-03-02 18:00:00+00:00,1.595007835914057,1.8025461064032584,False
2016-03-02 18:30:00+00:00,1.8074569274423187,2.0427331969949774,True
2016-03-02 19:00:00+00:00,2.0199060189705804,2.282920287586696,False
2016-03-02 19:30:00+00:00,1.35491435846628,1.5313409446975474,True
2016-03-02 20:00:00+00:00,0.6899226979619798,0.7797616018083987,False
2016-03-02 20:30:00+00:00,0.6974934513377433,0.7883164368329546,True
2016-03-02 21:00:00+00:00,0.7050642047135067,0.7968712718575105,False
2016-03-02 21:30:00+00:00,0.4880396037959169,0.5516130065818002,True
2016-03-02 22:00:00+00:00,0.271015002878327,0.30635474130609,False
2016-03-02 22:30:00+00:00,0.9381875271059331,1.0602905707778656,True
2016-03-02 23:00:00+00:00,1.725528298418164,1.950082757778024,False
2016-03-02 23:30:00+00:00,1.9096746004714042,2.1582764971706316,True
2016-03-03 00:00:00+00:00,2.01343746105247,2.2756052222212344,False
2016-03-03 00:30:00+00:00,2.088309391231009,2.3602801699970604,True
2016-03-03 01:00:00+00:00,2.1233965157970984,2.399963774586509,False
2016-03-03 01:30:00+00:00,1.8268356048785468,2.064672013933187,True
2016-03-03 02:00:00+00:00,1.5302746939599954,1.729380253279865,False
2016-03-03 02:30:00+00:00,1.607408238788384,1.8165654667954731,True
2016-03-03 03:00:00+00:00,1.6845417836167724,1.9037506803110809,False
2016-03-03 03:30:00+00:00,1.6327624133012262,1.8452223254521845,True
2016-03-03 04:00:00+00:00,1.5809830429856797,1.7866939705932876,False
2016-03-03 04:30:00+00:00,2.6230914934800253,2.9619253886236963,True
2016-03-03 05:00:00+00:00,4.834845765153636,5.4783491577959085,False
2016-03-03 05:30:00+00:00,9.072173170591755,10.429672814638053,True
2016-03-03 06:00:00+00:00,13.157582006644642,15.289831360263015,False
2016-03-03 06:30:00+00:00,15.013653509579536,17.592303950267386,True
2016-03-03 07:00:00+00:00,15.851997760720396,18.64474930034713,False
2016-03-03 07:30:00+00:00,14.222421400219577,16.62191632047887,True
2016-03-03 08:00:00+00:00,12.59284503971876,14.599083340610616,False
2016-03-03 08:30:00+00:00,16.223944988857223,19.206825808356097,True
2016-03-03 09:00:00+00:00,19.85504493799569,23.81456827610158,False
2016-03-03 09:30:00+00:00,18.301096407477395,21.79801868724595,True
2016-03-03 10:00:00+00:00,16.686832082287044,19.704550352130124,False
2016-03-03 10:30:00+00:00,16.623127749521686,19.623313375612895,True
2016-03-03 11:00:00+00:00,16.56142556519669,19.544730833634155,False
2016-03-03 11:30:00+00:00,15.835456216348089,18.62667319233094,True
2016-03-03 12:00:00+00:00,14.89546721842098,17.44234896123762,False
2016-03-03 12:30:00+00:00,14.354681590971905,16.768378532443123,True
2016-03-03 13:00:00+00:00,14.08622925883303,16.434939005160437,False
2016-03-03 13:30:00+00:00,14.333173341697181,16.741823373234702,True
2016-03-03 14:00:00+00:00,14.580117424561331,17.048707741308966,False
2016-03-03 14:30:00+00:00,12.761201722464131,14.823877091772474,True
2016-03-03 15:00:00+00:00,9.857752962169451,11.310971111002289,False
2016-03-03 15:30:00+00:00,7.546354643733746,8.601266517170336,True
2016-03-03 16:00:00+00:00,5.846031903131777,6.635699215318311,False
2016-03-03 16:30:00+00:00,5.12464467754576,5.8088868864262215,True
2016-03-03 17:00:00+00:00,4.606554243790534,5.217925232452847,False
2016-03-03 17:30:00+00:00,4.1522906493124,4.700462693329292,True
2016-03-03 18:00:00+00:00,3.648662149110136,4.128108226467036,False
2016-03-03 18:30:00+00:00,2.661840223762894,3.009706935131996,True
2016-03-03 19:00:00+00:00,1.7287639499289809,1.9537404967106204,False
2016-03-03 19:30:00+00:00,1.2942212987221233,1.4625526560649105,True
2016-03-03 20:00:00+00:00,0.9936831293260504,1.1229988525693395,False
2016-03-03 20:30:00+00:00,0.7223670385002414,0.8164152323280276,True
2016-03-03 21:00:00+00:00,0.5828264086074031,0.6587420140966604,False
2016-03-03 21:30:00+00:00,1.2245173907830122,1.3839335066345824,True
2016-03-03 22:00:00+00:00,1.9023856152467329,2.1500310014997246,False
2016-03-03 22:30:00+00:00,1.9440389420276016,2.197128701558295,True
2016-03-03 23:00:00+00:00,1.978937623570004,2.236591720881329,False
2016-03-03 23:30:00+00:00,2.1208518658737363,2.3970968276335256,True
2016-03-04 00:00:00+00:00,2.233343511127823,2.52433061279404,False
2016-03-04 00:30:00+00:00,2.0732557898643376,2.343276633487806,True
2016-03-04 01:00:00+00:00,1.9131680686008523,2.1622226541815723,False
2016-03-04 01:30:00+00:00,2.017204324255222,2.2798739808910162,True
2016-03-04 02:00:00+00:00,2.121240579909592,2.39752530760046,False
2016-03-04 02:30:00+00:00,1.8753846674913157,2.119545529034718,True
2016-03-04 03:00:00+00:00,1.629528755073039,1.8415657504689755,False
2016-03-04 03:30:00+00:00,1.9088159536571714,2.157276942066552,True
2016-03-04 04:00:00+00:00,2.458599841265864,2.7792067739573523,False
2016-03-04 04:30:00+00:00,3.0572511290489204,3.4562505105551966,True
2016-03-04 05:00:00+00:00,4.015547688610478,4.545011538279176,False
2016-03-04 05:30:00+00:00,6.923855973539476,7.891145881458455,True
2016-03-04 06:00:00+00:00,10.629753760019945,12.229814614780093,False
2016-03-04 06:30:00+00:00,13.855977941371554,16.167848011851344,True
2016-03-04 07:00:00+00:00,15.65447066036863,18.39541108736088,False
2016-03-04 07:30:00+00:00,14.170548353576192,16.554455133506934,True
2016-03-04 08:00:00+00:00,12.686626046783752,14.713499179652986,False
2016-03-04 08:30:00+00:00,14.41189699677177,16.859587240952976,True
2016-03-04 09:00:00+00:00,16.137167946759785,19.00567530225296,False
2016-03-04 09:30:00+00:00,13.457582309457127,15.706368075067045,True
2016-03-04 10:00:00+00:00,10.77799667215447,12.407060847881128,False
2016-03-04 10:30:00+00:00,13.111674340641594,15.269545727216586,True
2016-03-04 11:00:00+00:00,15.445352009128715,18.132030606552046,False
2016-03-04 11:30:00+00:00,14.70586780408701,17.209267504500623,True
2016-03-04 12:00:00+00:00,13.966383599045304,16.286504402449197,False
2016-03-04 12:30:00+00:00,15.465063946135519,18.17236533820935,True
2016-03-04 13:00:00+00:00,16.963744293225734,20.0582262739695,False
2016-03-04 13:30:00+00:00,15.096664036894294,17.715813972761378,True
2016-03-04 14:00:00+00:00,12.335634288417513,14.285867002720376,False
2016-03-04 14:30:00+00:00,10.902670973666813,12.553803364754083,True
2016-03-04 15:00:00+00:00,9.422261613990516,10.795661351051384,False
2016-03-04 15:30:00+00:00,6.5822062887264465,7.493962083221762,True
2016-03-04 16:00:00+00:00,4.099760158945659,4.640789716959704,False
2016-03-04 16:30:00+00:00,3.13585586199641,3.5456469614131363,True
2016-03-04 17:00:00+00:00,2.6040889582393687,2.9438881940033608,False
2016-03-04 17:30:00+00:00,2.4141526011269065,2.7288823359423,True
2016-03-04 18:00:00+00:00,2.2236427272013697,2.513356612204797,False
2016-03-04 18:30:00+00:00,1.3855384406001805,1.5659476916015076,True
2016-03-04 19:00:00+00:00,0.6996566192075154,0.7907607915395845,False
2016-03-04 19:30:00+00:00,0.7688574315089153,0.8689554359667162,True
2016-03-04 20:00:00+00:00,0.8380582438103151,0.947150080393848,False
2016-03-04 20:30:00+00:00,0.4190291219051575,0.473575040196924,True
2016-03-04 21:00:00+00:00,0.0,0.0,False
2016-03-04 21:30:00+00:00,0.0010894134245715225,0.001231646927202753,True
2016-03-04 22:00:00+00:00,0.0043389714172255,0.0049054584098062,False
2016-03-04 22:30:00+00:00,0.5071139656215319,0.5731087512044171,True
2016-03-04 23:00:00+00:00,1.007728815257756,1.1388698794436276,False
2016-03-04 23:30:00+00:00,0.8699146838054629,0.9831458197090943,True
2016-03-05 00:00:00+00:00,0.73210055235317,0.827421759974561,False
2016-03-05 00:30:00+00:00,0.9610633914804538,1.0861217194191946,True
2016-03-05 01:00:00+00:00,1.382433564702181,1.5622939165335674,False
2016-03-05 01:30:00+00:00,1.949899741221147,2.203872791456364,True
2016-03-05 02:00:00+00:00,2.324958583645669,2.6279794287094216,False
2016-03-05 02:30:00+00:00,1.80728032264038,2.042682839477972,True
2016-03-05 03:00:00+00:00,1.2896020616350907,1.457386250246523,False
2016-03-05 03:30:00+00:00,1.3497160955465093,1.525301523742965,True
2016-03-05 04:00:00+00:00,1.5205639761628011,1.718404875836377,False
2016-03-05 04:30:00+00:00,4.269706504718453,4.851378736808686,True
2016-03-05 05:00:00+00:00,6.908115186569231,7.859164519184026,False
2016-03-05 05:30:00+00:00,6.2477160453274445,7.099056524465206,True
2016-03-05 06:00:00+00:00,5.587316904085658,6.338948529746386,False
2016-03-05 06:30:00+00:00,6.233121180437073,7.0796635717002765,True
2016-03-05 07:00:00+00:00,7.724866875019869,8.806419919075532,False
2016-03-05 07:30:00+00:00,12.205220132878056,14.210792656219214,True
2016-03-05 08:00:00+00:00,15.83963197250486,18.62912408794153,False
2016-03-05 08:30:00+00:00,13.044262157835291,15.202110691535959,True
2016-03-05 09:00:00+00:00,9.913054018977675,11.376561091416187,False
2016-03-05 09:30:00+00:00,9.371539844512222,10.735638539520968,True
2016-03-05 10:00:00+00:00,9.155524279596523,10.48107255063353,False
2016-03-05 10:30:00+00:00,9.139724527402109,10.462462511763796,True
2016-03-05 11:00:00+00:00,9.134264489845986,10.45603211360048,False
2016-03-05 11:30:00+00:00,14.884205977710817,17.65120807995799,True
2016-03-05 12:00:00+00:00,20.634147465575648,24.8463840463155,False
2016-03-05 12:30:00+00:00,20.364610441051195,24.488504250582725,True
2016-03-05 13:00:00+00:00,19.73520280212664,23.65658459818753,False
2016-03-05 13:30:00+00:00,18.200822777654224,21.65743117698363,True
2016-03-05 14:00:00+00:00,16.124738873451612,18.989920866266957,False
2016-03-05 14:30:00+00:00,14.5145960508105,16.963986981278286,True
2016-03-05 15:00:00+00:00,12.522597246354252,14.513454118185946,False
2016-03-05 15:30:00+00:00,7.7908140923962135,8.932378816934582,True
2016-03-05 16:00:00+00:00,3.591495848240392,4.06319964183124,False
2016-03-05 16:30:00+00:00,2.3132272387935755,2.6132297187822573,True
2016-03-05 17:00:00+00:00,1.7859241954899816,2.0183593938641136,False
2016-03-05 17:30:00+00:00,1.791316368493613,2.024455409042972,True
2016-03-05 18:00:00+00:00,1.7967085414972446,2.0305514242218305,False
2016-03-05 18:30:00+00:00,1.404850392332369,1.5876873230012314,True
2016-03-05 19:00:00+00:00,0.90939604030948,1.027758404213435,False
2016-03-05 19:30:00+00:00,0.7224420943707749,0.8165040312319648,True
2016-03-05 20:00:00+00:00,0.6390843512900835,0.7223144758176919,False
2016-03-05 20:30:00+00:00,0.6417887460237629,0.7253704538184444,True
2016-03-05 21:00:00+00:00,0.6444931407574425,0.7284264318191969,False
2016-03-05 21:30:00+00:00,0.5402494288495855,0.6106259388415022,True
2016-03-05 22:00:00+00:00,0.3890743333613105,0.4397854338168339,False
2016-03-05 22:30:00+00:00,0.2914104995140033,0.3294056538036656,True
2016-03-05 23:00:00+00:00,0.240678049247114,0.272065885837471,False
2016-03-05 23:30:00+00:00,0.35541042001331674,0.40173322676699963,True
2016-03-06 00:00:00+00:00,0.5774163560639645,0.6526284834017256,False
2016-03-06 00:30:00+00:00,0.9266810215803702,1.0472942171584332,True
2016-03-06 01:00:00+00:00,1.168672121812331,1.3207320352099434,False
2016-03-06 01:30:00+00:00,0.5843360609061654,0.6603660176049717,True
2016-03-06 02:00:00+00:00,0.0,0.0,False
2016-03-06 02:30:00+00:00,0.2253941786044965,0.25476511545217373,True
2016-03-06 03:00:00+00:00,0.4507883572089929,0.5095302309043473,False
2016-03-06 03:30:00+00:00,0.2253941786044964,0.2547651154521736,True
2016-03-06 04:00:00+00:00,0.0,0.0,False
2016-03-06 04:30:00+00:00,0.6415462113322989,0.7245044460250347,True
2016-03-06 05:00:00+00:00,1.8646457232580531,2.107360086229114,False
2016-03-06 05:30:00+00:00,3.208142340566112,3.6264589692974587,True
2016-03-06 06:00:00+00:00,4.956108025735963,5.616800475084988,False
2016-03-06 06:30:00+00:00,7.664154665158298,8.74578094596617,True
2016-03-06 07:00:00+00:00,10.402245508730145,11.958305659508463,False
2016-03-06 07:30:00+00:00,12.531143240058675,14.529797089944175,True
2016-03-06 08:00:00+00:00,13.643974398782449,15.888150460820544,False
2016-03-06 08:30:00+00:00,12.555014632485541,14.560695939923049,True
2016-03-06 09:00:00+00:00,11.466054866188632,13.233241419025552,False
2016-03-06 09:30:00+00:00,12.83314118401032,14.904748759911541,True
2016-03-06 10:00:00+00:00,14.290515973175337,16.688408125424466,False
2016-03-06 10:30:00+00:00,14.3881007775583,16.80963405345369,True
2016-03-06 11:00:00+00:00,14.483426297433835,16.928284581137774,False
2016-03-06 11:30:00+00:00,15.535142574366635,18.251450518028232,True
2016-03-06 12:00:00+00:00,16.498829664463532,19.4650398306369,False
2016-03-06 12:30:00+00:00,16.10414290409197,18.963970520110642,True
2016-03-06 13:00:00+00:00,15.188084574617704,17.80883837869328,False
2016-03-06 13:30:00+00:00,12.848631204931225,14.930212700614792,True
2016-03-06 14:00:00+00:00,10.088231980234644,11.584562857078396,False
2016-03-06 14:30:00+00:00,8.532201697765542,9.746968962903132,True
2016-03-06 15:00:00+00:00,7.09889791983555,8.079903672321771,False
2016-03-06 15:30:00+00:00,5.149685974074245,5.839806615948081,True
2016-03-06 16:00:00+00:00,3.469631511335231,3.9248739040009215,False
2016-03-06 16:30:00+00:00,2.600571661040471,2.9394534070870533,True
2016-03-06 17:00:00+00:00,1.889446454801181,2.135401000909219,False
2016-03-06 17:30:00+00:00,0.913229127963368,1.0319215042027343,True
2016-03-06 18:00:00+00:00,0.3295105936214877,0.3724679650888,False
2016-03-06 18:30:00+00:00,1.3644175779943546,1.5422972154398336,True
2016-03-06 19:00:00+00:00,2.399324562367221,2.7121264657908672,False
2016-03-06 19:30:00+00:00,1.1996622811836102,1.3560632328954334,True
2016-03-06 20:00:00+00:00,0.0,0.0,False
2016-03-06 20:30:00+00:00,0.046234771676482274,0.05226890111407276,True
2016-03-06 21:00:00+00:00,0.1485583918589567,0.1679403596017991,False
2016-03-06 21:30:00+00:00,0.40325470854573153,0.4557979204387413,True
2016-03-06 22:00:00+00:00,0.6066293094332132,0.68563988090864,False
2016-03-06 22:30:00+00:00,0.6114935640036615,0.691136581767891,True
2016-03-06 23:00:00+00:00,0.6163662388129452,0.6966427776788845,False
2016-03-06 23:30:00+00:00,0.8689872991098742,0.9820966331219376,True
2016-03-07 00:00:00+00:00,1.1168328064612687,1.2621540365066377,False
2016-03-07 00:30:00+00:00,0.9871742436663341,1.1156450640940454,True
2016-03-07 01:00:00+00:00,0.8575156808713994,0.969136091681453,False
2016-03-07 01:30:00+00:00,0.9223579903762551,1.0424048158168178,True
2016-03-07 02:00:00+00:00,0.9872002998811108,1.1156735399521824,False
2016-03-07 02:30:00+00:00,0.6274825547380858,0.7091773686959196,True
2016-03-07 03:00:00+00:00,0.2677648095950608,0.3026811974396567,False
2016-03-07 03:30:00+00:00,0.40852353531289065,0.4617585127277522,True
2016-03-07 04:00:00+00:00,0.5492822610307204,0.6208358280158476,False
2016-03-07 04:30:00+00:00,0.27464113051536027,0.31041791400792373,True
2016-03-07 05:00:00+00:00,0.0,0.0,False
2016-03-07 05:30:00+00:00,0.349188793770274,0.3945780913957356,True
2016-03-07 06:00:00+00:00,1.030416726339316,1.1645063150609256,False
2016-03-07 06:30:00+00:00,1.7936795897256463,2.026302692085343,True
2016-03-07 07:00:00+00:00,2.898299737760346,3.277078612325959,False
2016-03-07 07:30:00+00:00,5.648833068500069,6.424555828664882,True
2016-03-07 08:00:00+00:00,7.725969975792656,8.807703369518153,False
2016-03-07 08:30:00+00:00,6.8915872150256865,7.842986891255227,True
2016-03-07 09:00:00+00:00,6.057204454258717,6.878270412992301,False
2016-03-07 09:30:00+00:00,6.765422107486783,7.6963417284893225,True
2016-03-07 10:00:00+00:00,7.47363976071485,8.514413043986345,False
2016-03-07 10:30:00+00:00,6.71478929122443,7.638160248201705,True
2016-03-07 11:00:00+00:00,5.9559388217340095,6.761907452417064,False
2016-03-07 11:30:00+00:00,8.710996843961322,9.997574435721306,True
2016-03-07 12:00:00+00:00,11.466054866188632,13.233241419025552,False
2016-03-07 12:30:00+00:00,11.354024865762208,13.012082142032007,True
2016-03-07 13:00:00+00:00,11.0982865396955,12.790922865038462,False
2016-03-07 13:30:00+00:00,10.598269713935618,13.224401115812256,True
2016-03-07 14:00:00+00:00,9.782785144508832,13.657879366586048,False
2016-03-07 14:30:00+00:00,8.429471282885817,13.177196733687387,True
2016-03-07 15:00:00+00:00,6.740872061133877,12.146332661620958,False
2016-03-07 15:30:00+00:00,4.892599144051338,10.06234390855774,True
2016-03-07 16:00:00+00:00,3.414376705990556,8.101305169543998,False
2016-03-07 16:30:00+00:00,2.671609446653869,7.5501686772661785,True
2016-03-07 17:00:00+00:00,2.2747583654325423,7.018009230373895,False
2016-03-07 17:30:00+00:00,2.183350354485166,5.276757465705271,True
2016-03-07 18:00:00+00:00,2.0926874094059205,3.7025552254055976,False
2016-03-07 18:30:00+00:00,1.5210635437294744,3.2996756708325177,True
2016-03-07 19:00:00+00:00,1.0271893844838966,3.138000971623239,False
2016-03-07 19:30:00+00:00,1.1619638885463512,4.398243201395662,True
2016-03-07 20:00:00+00:00,1.2967383926088054,5.658485431168083,False
2016-03-07 20:30:00+00:00,1.2603862588117072,5.425075400806766,True
2016-03-07 21:00:00+00:00,1.2114827085747129,4.994654343345951,False
2016-03-07 21:30:00+00:00,1.1957376752804734,4.411428052748068,True
2016-03-07 22:00:00+00:00,1.1759040261466698,4.0252127892496805,False
2016-03-07 22:30:00+00:00,0.9100247036011615,4.691562592497804,True
2016-03-07 23:00:00+00:00,0.6607854133351133,5.357912395745928,False
2016-03-07 23:30:00+00:00,1.1713857458685752,4.243258759356693,True
2016-03-08 00:00:00+00:00,1.6819860784020368,3.128605122967458,False
2016-03-08 00:30:00+00:00,1.560524821462276,4.193621730796301,True
2016-03-08 01:00:00+00:00,1.439063564522515,5.258638338625143,False
2016-03-08 01:30:00+00:00,1.9960840689321528,5.208827614469539,True
2016-03-08 02:00:00+00:00,2.5531045733417903,5.073249557042283,False
2016-03-08 02:30:00+00:00,1.9116558254079676,4.031916429569237,True
2016-03-08 03:00:00+00:00,1.007338712259466,2.7778591449603804,False
2016-03-08 03:30:00+00:00,0.4775502741738929,2.225203421352226,True
2016-03-08 04:00:00+00:00,0.2106302013029993,1.9710391881515328,False
2016-03-08 04:30:00+00:00,0.3835206110361773,3.20930455353982,True
2016-03-08 05:00:00+00:00,0.8078824140260172,4.927316460945391,False
2016-03-08 05:30:00+00:00,1.9789777940960003,5.624620527329332,True
2016-03-08 06:00:00+00:00,3.99296903994048,6.3478643667742976,False
2016-03-08 06:30:00+00:00,8.003789294818716,7.954576485176673,True
2016-03-08 07:00:00+00:00,10.98980177228226,9.859081581502366,False
2016-03-08 07:30:00+00:00,11.09555211265258,11.498010818986696,True
2016-03-08 08:00:00+00:00,11.131742971406434,12.822114315300762,False
2016-03-08 08:30:00+00:00,10.528694282670997,13.596263990025522,True
2016-03-08 09:00:00+00:00,9.92564559393556,14.280418974906986,False
2016-03-08 09:30:00+00:00,10.908977351826461,15.052173011828218,True
2016-03-08 10:00:00+00:00,12.665761628963535,16.039503896839133,False
2016-03-08 10:30:00+00:00,14.611271332810526,18.241111550891603,True
2016-03-08 11:00:00+00:00,16.218108458606444,20.112120867542803,False
2016-03-08 11:30:00+00:00,17.011201672161228,20.583478384393505,True
2016-03-08 12:00:00+00:00,17.369514944520912,20.771198528567723,False
2016-03-08 12:30:00+00:00,16.247703333782418,19.648108948709435,True
2016-03-08 13:00:00+00:00,14.964884567557698,18.266828954736077,False
2016-03-08 13:30:00+00:00,14.782012775586686,17.956297604951484,True
2016-03-08 14:00:00+00:00,14.593080370602708,17.616318011155133,False
2016-03-08 14:30:00+00:00,13.327236610172134,15.57059808479187,True
2016-03-08 15:00:00+00:00,11.295033794192015,12.642156813412338,False
2016-03-08 15:30:00+00:00,9.133468098256069,10.42125763268227,True
2016-03-08 16:00:00+00:00,6.993048952760253,8.22090044823454,False
2016-03-08 16:30:00+00:00,4.9901010295042125,5.492370429642106,True
2016-03-08 17:00:00+00:00,3.8247455520335047,3.4286762615277304,False
2016-03-08 17:30:00+00:00,3.743945344084164,2.57813044697913,True
2016-03-08 18:00:00+00:00,3.667978832941912,2.212566788813222,False
2016-03-08 18:30:00+00:00,2.99109435613953,3.484464318231561,True
2016-03-08 19:00:00+00:00,2.38406401035334,4.7563618476499006,False
2016-03-08 19:30:00+00:00,2.41116845778627,4.699773681753443,True
2016-03-08 20:00:00+00:00,2.473126062622188,4.6431855158569855,False
2016-03-08 20:30:00+00:00,2.6509233702774817,5.472572880370789,True
2016-03-08 21:00:00+00:00,2.793867520529788,6.301960244884592,False
2016-03-08 21:30:00+00:00,2.5356652236395436,3.991336591484774,True
2016-03-08 22:00:00+00:00,2.2026264799323783,1.680712938084956,False
2016-03-08 22:30:00+00:00,2.0971771996543715,2.919912792610606,True
2016-03-08 23:00:00+00:00,2.0022208166393702,4.159112647136256,False
2016-03-08 23:30:00+00:00,1.8241552812392863,4.105314632173766,True
2016-03-09 00:00:00+00:00,1.6426260067464973,3.963908116929456,False
2016-03-09 00:30:00+00:00,1.4998594114956454,3.0644915702742366,True
2016-03-09 01:00:00+00:00,1.4249001048914147,2.252683523900836,False
2016-03-09 01:30:00+00:00,1.5989810967943807,3.371194057594663,True
2016-03-09 02:00:00+00:00,1.8698435172648828,4.48970459128849,False
2016-03-09 02:30:00+00:00,2.0688897153707937,3.6028744058315625,True
2016-03-09 03:00:00+00:00,2.212449643187235,2.349561600170819,False
2016-03-09 03:30:00+00:00,2.2612929948257006,1.60894563672474,True
2016-03-09 04:00:00+00:00,2.321273596865158,1.2348122934824772,False
2016-03-09 04:30:00+00:00,3.3301069550041427,2.193833896632423,True
2016-03-09 05:00:00+00:00,5.203670944370375,4.072202396020416,False
2016-03-09 05:30:00+00:00,7.792889380411914,6.517695556158299,True
2016-03-09 06:00:00+00:00,10.248420084905195,9.29610431275679,False
2016-03-09 06:30:00+00:00,11.452135816019442,11.897657933755259,True
2016-03-09 07:00:00+00:00,12.521373139200945,14.107277313804763,False
2016-03-09 07:30:00+00:00,14.358898397290496,15.730766035549545,True
2016-03-09 08:00:00+00:00,15.54742675495475,16.78591569683242,False
2016-03-09 08:30:00+00:00,15.192149275194938,17.153245802396587,True
2016-03-09 09:00:00+00:00,14.836871795435124,17.532703676785122,False
2016-03-09 09:30:00+00:00,15.102136565782692,19.323912180714345,True
2016-03-09 10:00:00+00:00,15.684302314149802,20.81100372453141,False
2016-03-09 10:30:00+00:00,17.099848562363373,20.672349771752067,True
2016-03-09 11:00:00+00:00,18.1984938325574,20.533695818972717,False
2016-03-09 11:30:00+00:00,18.19786172938231,20.573926848454327,True
2016-03-09 12:00:00+00:00,18.19596827653264,20.64904758310382,False
2016-03-09 12:30:00+00:00,17.343016791550944,20.754804508818818,True
2016-03-09 13:00:00+00:00,15.96567704127648,20.825671729365936,False
2016-03-09 13:30:00+00:00,15.057931466019783,19.295917545493914,True
2016-03-09 14:00:00+00:00,13.976941369132822,16.959421597687907,False
2016-03-09 14:30:00+00:00,11.866256004376318,15.662038118048091,True
2016-03-09 15:00:00+00:00,9.272916263084282,14.190323861806418,False
2016-03-09 15:30:00+00:00,6.750699026821874,11.031558512030509,True
2016-03-09 16:00:00+00:00,4.524343320758188,7.457126481413358,False
2016-03-09 16:30:00+00:00,2.7638875849186157,4.371652355064969,True
2016-03-09 17:00:00+00:00,1.699037201959531,2.682917450093662,False
2016-03-09 17:30:00+00:00,1.4261967696455562,3.4783954334510674,True
2016-03-09 18:00:00+00:00,1.259767332263512,4.452674970864922,False
2016-03-09 18:30:00+00:00,1.0827715753022458,4.681483217767057,True
2016-03-09 19:00:00+00:00,0.9894464534629912,4.900834736086779,False
2016-03-09 19:30:00+00:00,1.0729211893998976,5.67878802944999,True
2016-03-09 20:00:00+00:00,1.1563959253368044,6.287396497339167,False
2016-03-09 20:30:00+00:00,0.7764624983295613,5.71485079744076,True
2016-03-09 21:00:00+00:00,0.3965290713223182,4.746022125434692,False
2016-03-09 21:30:00+00:00,0.5553503885895636,3.9095375591320773,True
2016-03-09 22:00:00+00:00,0.8089128772455034,3.1145756976376813,False
2016-03-09 22:30:00+00:00,1.031561472709286,2.3094093448567814,True
2016-03-09 23:00:00+00:00,1.1594688967843747,1.8590032593753236,False
2016-03-09 23:30:00+00:00,1.090221013123919,2.582451193889398,True
2016-03-10 00:00:00+00:00,1.001677477608338,3.3058991284034724,False
2016-03-10 00:30:00+00:00,0.9769564349092489,3.2547508020541365,True
2016-03-10 01:00:00+00:00,0.9505921530975424,3.134268814046625,False
2016-03-10 01:30:00+00:00,0.8239494690720779,2.7385983919085795,True
2016-03-10 02:00:00+00:00,0.7182456760143564,2.4122616314287098,False
2016-03-10 02:30:00+00:00,0.9220002727626674,4.0161807967007865,True
2016-03-10 03:00:00+00:00,1.1257548695109785,5.620099961972862,False
2016-03-10 03:30:00+00:00,0.7806818420404065,5.086803173526826,True
2016-03-10 04:00:00+00:00,0.4356088145698345,4.467753744053904,False
2016-03-10 04:30:00+00:00,0.5715761864261275,4.324130474722778,True
2016-03-10 05:00:00+00:00,0.8458768565887785,4.26625984641854,False
2016-03-10 05:30:00+00:00,1.1634548805944573,4.672720843528535,True
2016-03-10 06:00:00+00:00,1.695474422986463,5.466546691422213,False
2016-03-10 06:30:00+00:00,3.3053162752694307,6.315943856355168,True
2016-03-10 07:00:00+00:00,5.856820156741247,7.651677134107663,False
2016-03-10 07:30:00+00:00,9.650227985801658,12.169914311143426,True
2016-03-10 08:00:00+00:00,12.707942596287278,16.374666411074642,False
2016-03-10 08:30:00+00:00,13.524164693251505,17.297552415280816,True
2016-03-10 09:00:00+00:00,14.043228459278444,17.660222532988318,False
2016-03-10 09:30:00+00:00,14.477589016646043,17.554377581345715,True
2016-03-10 10:00:00+00:00,14.903429371643991,17.39741305166161,False
2016-03-10 10:30:00+00:00,15.644773620843612,17.28818456625914,True
2016-03-10 11:00:00+00:00,16.133052776043428,17.230075658898173,False
2016-03-10 11:30:00+00:00,15.903834453290742,17.503035481873024,True
2016-03-10 12:00:00+00:00,15.674616130538055,18.13027239955265,False
2016-03-10 12:30:00+00:00,17.220227430942135,19.971545993480305,True
2016-03-10 13:00:00+00:00,18.765838731346214,21.458542492703184,False
2016-03-10 13:30:00+00:00,17.46054258736135,19.46726552683602,True
2016-03-10 14:00:00+00:00,15.0242433038204,16.392745809339225,False
2016-03-10 14:30:00+00:00,12.301136032259762,14.546913194913701,True
2016-03-10 15:00:00+00:00,9.304065942398807,12.607372527479018,False
2016-03-10 15:30:00+00:00,6.263228242235648,9.524188799840783,True
2016-03-10 16:00:00+00:00,3.781057924261783,6.38273222858214,False
2016-03-10 16:30:00+00:00,2.2677935840770047,3.717057639902783,True
2016-03-10 17:00:00+00:00,1.3405292281593757,2.286606699482625,False
2016-03-10 17:30:00+00:00,0.8795003268770575,2.606802758258066,True
2016-03-10 18:00:00+00:00,0.6787700169946972,3.090907394041857,False
2016-03-10 18:30:00+00:00,1.2060022363323353,3.449538149023606,True
2016-03-10 19:00:00+00:00,1.7332344556699737,3.644260326997004,False
2016-03-10 19:30:00+00:00,1.3382657255000219,2.4803295507013647,True
2016-03-10 20:00:00+00:00,0.843272975240677,1.3163987744057255,False
2016-03-10 20:30:00+00:00,0.664233873094508,2.6189261195359785,True
2016-03-10 21:00:00+00:00,0.5852187910377322,3.921453464666231,False
2016-03-10 21:30:00+00:00,0.7992336197038128,2.2097650481728905,True
2016-03-10 22:00:00+00:00,1.0132484483698931,0.49807663167955,False
2016-03-10 22:30:00+00:00,0.8567531967304657,0.525656725089406,True
2016-03-10 23:00:00+00:00,0.7002579450910383,0.5767519706556888,False
2016-03-10 23:30:00+00:00,0.7983020532642028,0.6277321453705045,True
2016-03-11 00:00:00+00:00,0.9937306965371916,0.6936779014797637,False
2016-03-11 00:30:00+00:00,1.3319735371065071,0.8255031792023267,True
2016-03-11 01:00:00+00:00,1.5728318425759982,0.9188477233740194,False
2016-03-11 01:30:00+00:00,1.432440216521712,0.8275954350381842,True
2016-03-11 02:00:00+00:00,1.1988518281067448,0.669450098670786,False
2016-03-11 02:30:00+00:00,0.9664526113599573,0.4917016396796063,True
2016-03-11 03:00:00+00:00,0.8272501569738506,0.3808462287199897,False
2016-03-11 03:30:00+00:00,0.9527629511531641,0.40909344033426037,True
2016-03-11 04:00:00+00:00,1.2007279094759948,0.479690231086482,False
2016-03-11 04:30:00+00:00,1.4846851834082446,0.6813453178783918,True
2016-03-11 05:00:00+00:00,1.912121563841626,1.07156694230683,False
2016-03-11 05:30:00+00:00,2.717137735751729,1.8567400215332595,True
2016-03-11 06:00:00+00:00,4.019631679412015,3.173522737917241,False
2016-03-11 06:30:00+00:00,6.373703524910152,5.511090058943154,True
2016-03-11 07:00:00+00:00,9.560924460722946,8.730061185710316,False
2016-03-11 07:30:00+00:00,14.126806173578842,13.578402760738655,True
2016-03-11 08:00:00+00:00,17.096129753725247,16.782814776093712,False
2016-03-11 08:30:00+00:00,15.302849987610205,15.752723264715332,True
2016-03-11 09:00:00+00:00,13.509570221495164,14.722631753336952,False
2016-03-11 09:30:00+00:00,14.661564982269187,16.010208902339016,True
2016-03-11 10:00:00+00:00,15.81355974304321,17.297786051341085,False
2016-03-11 10:30:00+00:00,14.846869392856492,15.96745258456705,True
2016-03-11 11:00:00+00:00,13.880179042669774,14.637119117793016,False
2016-03-11 11:30:00+00:00,14.437511489383416,15.619533273788155,True
2016-03-11 12:00:00+00:00,14.99484393609706,16.601947429783294,False
2016-03-11 12:30:00+00:00,13.403856462953478,14.88702510979311,True
2016-03-11 13:00:00+00:00,11.750440288492658,13.172102789802924,False
2016-03-11 13:30:00+00:00,11.685651892364234,13.320443124289461,True
2016-03-11 14:00:00+00:00,11.62058556580956,13.468783458775995,False
2016-03-11 14:30:00+00:00,10.214703563030847,12.831680632041493,True
2016-03-11 15:00:00+00:00,7.953884188690536,11.48065121907577,False
2016-03-11 15:30:00+00:00,5.933274363206571,8.876587525844915,True
2016-03-11 16:00:00+00:00,4.279425341981485,6.413960186469282,False
2016-03-11 16:30:00+00:00,3.315504255410989,5.567794573870779,True
2016-03-11 17:00:00+00:00,2.7058228343617827,4.934691853711543,False
2016-03-11 17:30:00+00:00,2.3824461892669606,4.274598538028273,True
2016-03-11 18:00:00+00:00,2.1814905299184786,3.536270139743018,False
2016-03-11 18:30:00+00:00,2.081591643316011,2.247816257800021,True
2016-03-11 19:00:00+00:00,1.974421608186796,1.1962192946150765,False
2016-03-11 19:30:00+00:00,1.6146069103262854,0.8534076323619955,True
2016-03-11 20:00:00+00:00,1.208803347734042,0.7114014738895738,False
2016-03-11 20:30:00+00:00,0.9539284595201838,1.915628100089421,True
2016-03-11 21:00:00+00:00,0.8265361323433814,3.119854726289269,False
2016-03-11 21:30:00+00:00,1.001371804049164,2.930882713234301,True
2016-03-11 22:00:00+00:00,1.3483439587284325,2.7419107001793326,False
2016-03-11 22:30:00+00:00,1.9403531956924576,3.8079185537178795,True
2016-03-11 23:00:00+00:00,2.360225949682997,4.873926407256427,False
2016-03-11 23:30:00+00:00,1.8848768399200273,3.2002191490578107,True
2016-03-12 00:00:00+00:00,1.409527730157058,1.3349485139429325,False
2016-03-12 00:30:00+00:00,1.4125863094330617,1.0243472645765417,True
2016-03-12 01:00:00+00:00,1.4213232646161846,0.905309392126413,False
2016-03-12 01:30:00+00:00,1.5768108753470822,1.2548203599443144,True
2016-03-12 02:00:00+00:00,1.7266201101708605,1.6043313277622162,False
2016-03-12 02:30:00+00:00,1.681993333606197,1.3503919239754738,True
2016-03-12 03:00:00+00:00,1.6373665570415334,1.0964525201887312,False
2016-03-12 03:30:00+00:00,1.7676559220440633,1.2952774359160217,True
2016-03-12 04:00:00+00:00,2.063556310632133,1.728539918195108,False
2016-03-12 04:30:00+00:00,2.608560504680072,2.470100406190014,True
2016-03-12 05:00:00+00:00,3.5499925739659908,3.544396484182176,False
2016-03-12 05:30:00+00:00,5.561376433379922,4.818972432348513,True
2016-03-12 06:00:00+00:00,8.161089483386972,6.566816458072159,False
2016-03-12 06:30:00+00:00,10.424809721963877,9.640237751674418,True
2016-03-12 07:00:00+00:00,12.752977383469338,13.246636111904914,False
2016-03-12 07:30:00+00:00,15.940234331222838,17.008211072034843,True
2016-03-12 08:00:00+00:00,17.912675766631146,19.19636773143017,False
2016-03-12 08:30:00+00:00,15.344717770162077,16.474857901517524,True
2016-03-12 09:00:00+00:00,12.776759773693009,13.75334807160488,False
2016-03-12 09:30:00+00:00,15.224443554892012,16.348817453884987,True
2016-03-12 10:00:00+00:00,17.6841593992792,19.146284391233905,False
2016-03-12 10:30:00+00:00,17.70226678572578,19.465638107314064,True
2016-03-12 11:00:00+00:00,17.708342108984176,19.582994268325404,False
2016-03-12 11:30:00+00:00,16.913773669700632,18.474588261949073,True
2016-03-12 12:00:00+00:00,16.001876713055058,17.36618225557274,False
2016-03-12 12:30:00+00:00,15.866983447608119,18.49414772900767,True
2016-03-12 13:00:00+00:00,15.729807250601343,19.622113202442595,False
2016-03-12 13:30:00+00:00,15.010774962094038,17.905520558142346,True
2016-03-12 14:00:00+00:00,13.748314026095702,15.249190591360817,False
2016-03-12 14:30:00+00:00,11.803511260365992,13.530610131376024,True
2016-03-12 15:00:00+00:00,9.73921016299315,11.95303310839421,False
2016-03-12 15:30:00+00:00,8.308403182128291,10.003793546244744,True
2016-03-12 16:00:00+00:00,7.171908062016128,8.85328786957358,False
2016-03-12 16:30:00+00:00,6.381678752893802,9.567633023621575,True
2016-03-12 17:00:00+00:00,5.596114107357496,10.281978177669568,False
2016-03-12 17:30:00+00:00,4.257347390474902,7.002600135407266,True
2016-03-12 18:00:00+00:00,3.092314872069728,3.688142357596528,False
2016-03-12 18:30:00+00:00,2.6257069123501564,3.6508401057191593,True
2016-03-12 19:00:00+00:00,2.268867785667307,3.61722835008165,False
2016-03-12 19:30:00+00:00,1.861565182924828,3.327926841410379,True
2016-03-12 20:00:00+00:00,1.4905711778872186,3.0700145720476835,False
2016-03-12 20:30:00+00:00,1.1763744753018666,4.426439849141966,True
2016-03-12 21:00:00+00:00,0.9251435052983378,5.782865126236248,False
2016-03-12 21:30:00+00:00,0.7181344311924273,4.41215995810297,True
2016-03-12 22:00:00+00:00,0.6119098990029999,3.041454789969693,False
2016-03-12 22:30:00+00:00,0.7184084517947648,4.662074404978856,True
2016-03-12 23:00:00+00:00,0.8249070045865295,6.282694019988021,False
2016-03-12 23:30:00+00:00,0.7885079825994072,3.6604276971873304,True
2016-03-13 00:00:00+00:00,0.7521089606122848,1.0381613743866394,False
2016-03-13 00:30:00+00:00,0.8664326031441493,1.2331474174641415,True
2016-03-13 01:00:00+00:00,0.9918527158796698,1.5941361391019475,False
2016-03-13 01:30:00+00:00,1.0096294017852712,2.08921741887867,True
2016-03-13 02:00:00+00:00,1.0163096174872164,2.418296020095088,False
2016-03-13 02:30:00+00:00,0.6626689238881405,2.2914442346054047,True
2016-03-13 03:00:00+00:00,0.3090282302890647,2.1645924491157214,False
2016-03-13 03:30:00+00:00,0.4439781625399438,2.5143842615210383,True
2016-03-13 04:00:00+00:00,0.6843600384823811,2.925966450846809,False
2016-03-13 04:30:00+00:00,0.9776819708835652,3.0306247070410146,True
2016-03-13 05:00:00+00:00,1.165571959593191,3.073492586314767,False
2016-03-13 05:30:00+00:00,0.7974437801553432,3.0068424177118223,True
2016-03-13 06:00:00+00:00,0.4293156007174954,2.853444258645142,False
2016-03-13 06:30:00+00:00,0.8721736276546737,2.4000211130240268,True
2016-03-13 07:00:00+00:00,1.5412131145710917,2.0333459578666475,False
2016-03-13 07:30:00+00:00,1.878495339746135,2.4994912371019185,True
2016-03-13 08:00:00+00:00,2.303843628144082,3.2723707429772784,False
2016-03-13 08:30:00+00:00,3.908204146001462,3.7859794713223875,True
2016-03-13 09:00:00+00:00,5.877167746921343,4.487453349964045,False
2016-03-13 09:30:00+00:00,7.311433348721589,7.3953199273823795,True
2016-03-13 10:00:00+00:00,8.06684834425719,9.808587127864076,False
2016-03-13 10:30:00+00:00,7.523178703356418,9.48252776407999,True
2016-03-13 11:00:00+00:00,6.979509062455644,9.156468400295903,False
2016-03-13 11:30:00+00:00,7.760760458811414,9.426981833771,True
2016-03-13 12:00:00+00:00,8.685548418995264,10.004940450307627,False
2016-03-13 12:30:00+00:00,8.929892356346752,11.275440009945124,True
2016-03-13 13:00:00+00:00,9.03069972987016,12.238494386521088,False
2016-03-13 13:30:00+00:00,8.884575955724012,10.935174774995057,True
2016-03-13 14:00:00+00:00,8.53320261406361,8.909372764288902,False
2016-03-13 14:30:00+00:00,7.443994714751628,7.271575523121579,True
2016-03-13 15:00:00+00:00,6.185767261066129,6.356260681134382,False
2016-03-13 15:30:00+00:00,5.585736320976472,6.772146375447247,True
2016-03-13 16:00:00+00:00,5.086794021090464,7.188032069760113,False
2016-03-13 16:30:00+00:00,4.564992730549956,5.826319053066124,True
2016-03-13 17:00:00+00:00,4.000252690892002,4.037183323305311,False
2016-03-13 17:30:00+00:00,3.2372317583236634,3.2369117001758836,True
2016-03-13 18:00:00+00:00,2.4881486154832,2.86406279011328,False
2016-03-13 18:30:00+00:00,1.8336877802567981,4.108448479531849,True
2016-03-13 19:00:00+00:00,1.4814083861040883,5.352834168950418,False
2016-03-13 19:30:00+00:00,2.0890971973968626,5.2944748745936865,True
2016-03-13 20:00:00+00:00,2.6967860086896365,5.1319016872681145,False
2016-03-13 20:30:00+00:00,2.4189497734937944,3.2629031830975883,True
2016-03-13 21:00:00+00:00,2.1411135382979523,1.4494076115073689,False
2016-03-13 21:30:00+00:00,2.1937071261420384,1.375017483389479,True
2016-03-13 22:00:00+00:00,2.2999695914588107,1.349338315660123,False
2016-03-13 22:30:00+00:00,2.492291368639928,1.8784825092243664,True
2016-03-13 23:00:00+00:00,2.630944268348359,2.65487558720681,False
2016-03-13 23:30:00+00:00,2.5232372792149023,3.176498687776705,True
2016-03-14 00:00:00+00:00,2.415530290081446,3.4508729039283987,False
2016-03-14 00:30:00+00:00,2.4497638255767313,2.461059479281358,True
2016-03-14 01:00:00+00:00,2.483997361072017,1.354619578143604,False
2016-03-14 01:30:00+00:00,2.4036569069912814,1.1650778963685566,True
2016-03-14 02:00:00+00:00,2.276228173308647,1.0921626910842224,False
2016-03-14 02:30:00+00:00,2.1860189752595094,2.0426323678360623,True
2016-03-14 03:00:00+00:00,2.1039723899867546,2.993102044587902,False
2016-03-14 03:30:00+00:00,2.0134835482265743,2.1686286237198296,True
2016-03-14 04:00:00+00:00,1.9619203732919104,1.3441552028517565,False
2016-03-14 04:30:00+00:00,2.507617029146536,1.8346558540680755,True
2016-03-14 05:00:00+00:00,3.6646609568576594,2.8433308327521627,False
2016-03-14 05:30:00+00:00,5.648008797448495,4.252563101261463,True
2016-03-14 06:00:00+00:00,8.001602516719556,6.2002411504304815,False
2016-03-14 06:30:00+00:00,9.847601465795526,9.124669522341033,True
2016-03-14 07:00:00+00:00,11.588418902846325,11.904292311232895,False
2016-03-14 07:30:00+00:00,13.740659311655055,13.700527134079314,True
2016-03-14 08:00:00+00:00,15.016488081952234,14.584947431816934,False
2016-03-14 08:30:00+00:00,13.759058338353993,14.35755442811282,True
2016-03-14 09:00:00+00:00,12.501628594755752,14.130161424408708,False
2016-03-14 09:30:00+00:00,13.57990859408355,15.270692917274344,True
2016-03-14 10:00:00+00:00,14.826091473465526,16.41122441013998,False
2016-03-14 10:30:00+00:00,15.029607603532407,15.705515279695165,True
2016-03-14 11:00:00+00:00,15.218601583191107,14.999806149250348,False
2016-03-14 11:30:00+00:00,15.997384479135306,16.64623845505199,True
2016-03-14 12:00:00+00:00,16.622786645433507,18.292670760853635,False
2016-03-14 12:30:00+00:00,15.089859783636516,16.132000400217105,True
2016-03-14 13:00:00+00:00,12.78615426206412,13.971330039580574,False
2016-03-14 13:30:00+00:00,11.42571726148424,14.048548689093092,True
2016-03-14 14:00:00+00:00,10.209162848472484,14.12576733860561,False
2016-03-14 14:30:00+00:00,9.017184287680948,14.05989339955054,True
2016-03-14 15:00:00+00:00,7.76734500149438,13.875565407008317,False
2016-03-14 15:30:00+00:00,6.263671112795654,11.876976965472508,True
2016-03-14 16:00:00+00:00,4.648731293753342,9.416738270570226,False
2016-03-14 16:30:00+00:00,2.6625264324006177,8.616453972271714,True
2016-03-14 17:00:00+00:00,1.396354745193184,7.848454573901829,False
2016-03-14 17:30:00+00:00,1.3096561820100934,6.2139053218527565,True
2016-03-14 18:00:00+00:00,1.2369257381558203,4.213013777522203,False
2016-03-14 18:30:00+00:00,0.9721234732212869,1.9168821061392753,True
2016-03-14 19:00:00+00:00,0.6780619431487656,0.5349121339628287,False
2016-03-14 19:30:00+00:00,0.49685647665611704,3.0939666020488428,True
2016-03-14 20:00:00+00:00,0.4069317097732428,5.653021070134857,False
2016-03-14 20:30:00+00:00,0.5090488256425333,5.360297656749376,True
2016-03-14 21:00:00+00:00,0.6111659415118238,5.067574243363895,False
2016-03-14 21:30:00+00:00,0.5110475376492386,5.362581552940413,True
2016-03-14 22:00:00+00:00,0.4109291337866535,5.65758886251693,False
2016-03-14 22:30:00+00:00,0.4920693295636983,5.364318766383363,True
2016-03-14 23:00:00+00:00,0.5732095253407431,5.071048670249795,False
2016-03-14 23:30:00+00:00,0.43795462829936316,5.337442446471508,True
2016-03-15 00:00:00+00:00,0.3026997312579833,5.6038362226932215,False
2016-03-15 00:30:00+00:00,0.3984417559847458,5.417552919356029,True
2016-03-15 01:00:00+00:00,0.4941837807115083,5.13943076803709,False
2016-03-15 01:30:00+00:00,0.4405437820494706,5.006030335264568,True
2016-03-15 02:00:00+00:00,0.3513313687783564,4.83557437598891,False
2016-03-15 02:30:00+00:00,0.26267950078923724,3.9209560714696483,True
2016-03-15 03:00:00+00:00,0.2096000474091945,3.135232141435271,False
2016-03-15 03:30:00+00:00,0.30288953711317484,4.2220129249821206,True
2016-03-15 04:00:00+00:00,0.4843558669036527,5.30879370852897,False
2016-03-15 04:30:00+00:00,0.7746492996169164,5.093879926967133,True
2016-03-15 05:00:00+00:00,0.9767658922436826,4.700545232343716,False
2016-03-15 05:30:00+00:00,0.6339746392446066,4.200345330336968,True
2016-03-15 06:00:00+00:00,0.2911833862455306,3.837208892891425,False
2016-03-15 06:30:00+00:00,1.137694596083933,3.770790471707897,True
2016-03-15 07:00:00+00:00,2.6724173169116403,3.745729499024744,False
2016-03-15 07:30:00+00:00,4.4043102379024575,4.552836208877859,True
2016-03-15 08:00:00+00:00,5.934309852659172,6.094111161514662,False
2016-03-15 08:30:00+00:00,6.870409209256636,8.420307478219865,True
2016-03-15 09:00:00+00:00,7.320190361098898,10.012335552141382,False
2016-03-15 09:30:00+00:00,6.597546688763035,9.44781852300393,True
2016-03-15 10:00:00+00:00,5.874903016427173,8.883301493866478,False
2016-03-15 10:30:00+00:00,5.8899073258518335,9.142697274843492,True
2016-03-15 11:00:00+00:00,5.932020767463696,9.402093055820506,False
2016-03-15 11:30:00+00:00,6.3034362480558235,8.817728536274148,True
2016-03-15 12:00:00+00:00,7.00008063013837,8.233364016727789,False
2016-03-15 12:30:00+00:00,8.211843739812222,9.286786247943088,True
2016-03-15 13:00:00+00:00,9.071268815808455,10.340208479158386,False
2016-03-15 13:30:00+00:00,9.018443999114213,9.492795384289229,True
2016-03-15 14:00:00+00:00,8.874485207271716,8.223533702227966,False
2016-03-15 14:30:00+00:00,7.8036970298156705,7.466533054729802,True
2016-03-15 15:00:00+00:00,6.403543525789446,6.8206555016889245,False
2016-03-15 15:30:00+00:00,5.761371672936568,6.322744504698837,True
2016-03-15 16:00:00+00:00,5.128616486133253,5.7049789250273015,False
2016-03-15 16:30:00+00:00,4.01563304352999,3.6022346573839306,True
2016-03-15 17:00:00+00:00,2.813490057972687,1.9300704651568237,False
2016-03-15 17:30:00+00:00,1.6824266088866973,2.982232230803823,True
2016-03-15 18:00:00+00:00,1.0516053384236177,4.034393996450823,False
2016-03-15 18:30:00+00:00,1.0529393569734524,3.384541125211254,True
2016-03-15 19:00:00+00:00,1.0569089108767131,2.3193055663254074,False
2016-03-15 19:30:00+00:00,1.3255938378459182,1.306005867316757,True
2016-03-15 20:00:00+00:00,1.9170320928661375,0.7080888559543835,False
2016-03-15 20:30:00+00:00,3.4166292260575313,1.3070147946052515,True
2016-03-15 21:00:00+00:00,4.590837495844485,1.9059407332561191,False
2016-03-15 21:30:00+00:00,3.109987775846223,1.3701034511801093,True
2016-03-15 22:00:00+00:00,1.629138055847961,0.8342661691040997,False
2016-03-15 22:30:00+00:00,1.8518519126652957,1.0243110542021847,True
2016-03-15 23:00:00+00:00,2.0745657694826307,1.227707164728475,False
2016-03-15 23:30:00+00:00,1.9716786401710533,1.2487061135091535,True
2016-03-16 00:00:00+00:00,1.794313566945869,1.2563538368616267,False
2016-03-16 00:30:00+00:00,1.5981012995970967,0.9721502415003721,True
2016-03-16 01:00:00+00:00,1.4763669761619314,0.6879466461391177,False
2016-03-16 01:30:00+00:00,1.5407384045163872,0.7323021233165432,True
2016-03-16 02:00:00+00:00,1.6193802456815198,0.8523388114425589,False
2016-03-16 02:30:00+00:00,1.6360106152885179,1.8450253991214802,True
2016-03-16 03:00:00+00:00,1.6550370085486334,2.7620307758518123,False
2016-03-16 03:30:00+00:00,1.9190928247926669,2.0098521798446245,True
2016-03-16 04:00:00+00:00,2.166482204572905,1.2576735838374362,False
2016-03-16 04:30:00+00:00,1.9363840265932566,2.094047440436943,True
2016-03-16 05:00:00+00:00,1.7062858486136083,3.3864587721130435,False
2016-03-16 05:30:00+00:00,2.5974865245881262,4.106765453254272,True
2016-03-16 06:00:00+00:00,4.144848279821394,4.9822468107503575,False
2016-03-16 06:30:00+00:00,5.520914178187236,7.479302141090861,True
2016-03-16 07:00:00+00:00,6.986319670076258,10.206991191995783,False
2016-03-16 07:30:00+00:00,8.701470008379879,11.818848777006432,True
2016-03-16 08:00:00+00:00,10.12347749368468,12.69124089973033,False
2016-03-16 08:30:00+00:00,10.821956373500875,12.804473765070325,True
2016-03-16 09:00:00+00:00,11.394836620964284,12.914394874466732,False
2016-03-16 09:30:00+00:00,12.025148808275501,13.576293843931683,True
2016-03-16 10:00:00+00:00,12.73961122100658,14.681821660624523,False
2016-03-16 10:30:00+00:00,13.762867947757325,16.173409460553373,True
2016-03-16 11:00:00+00:00,14.852908629433085,17.494529579222696,False
2016-03-16 11:30:00+00:00,15.963591267327722,18.17358987820343,True
2016-03-16 12:00:00+00:00,16.59658053744716,18.506955187954823,False
2016-03-16 12:30:00+00:00,16.5866381279788,18.54822528770593,True
2016-03-16 13:00:00+00:00,16.557039442370503,18.562960556952493,False
2016-03-16 13:30:00+00:00,13.146401063809853,14.759084605438058,True
2016-03-16 14:00:00+00:00,9.755418961389136,10.955208653923624,False
2016-03-16 14:30:00+00:00,9.794186295806568,11.104277165315942,True
2016-03-16 15:00:00+00:00,9.832953630224,11.25334567670826,False
2016-03-16 15:30:00+00:00,7.625581759008105,8.876332916636406,True
2016-03-16 16:00:00+00:00,4.571274221878926,5.818273619314889,False
2016-03-16 16:30:00+00:00,3.021319243252463,4.83474276788561,True
2016-03-16 17:00:00+00:00,2.073211625486444,4.000666889726494,False
2016-03-16 17:30:00+00:00,1.645746809213594,2.454125911013427,True
2016-03-16 18:00:00+00:00,1.4633702979935832,1.4391764962798588,False
2016-03-16 18:30:00+00:00,1.8929416161975288,1.59791936614751,True
2016-03-16 19:00:00+00:00,2.3225129344014745,1.8942764871159108,False
2016-03-16 19:30:00+00:00,2.1771642583900728,2.1842509950882776,True
2016-03-16 20:00:00+00:00,1.8672264315513611,2.590643041818797,False
2016-03-16 20:30:00+00:00,1.1907181715648103,3.4817145486106686,True
2016-03-16 21:00:00+00:00,0.6787990624055685,4.469521931576812,False
2016-03-16 21:30:00+00:00,0.6844756150013934,5.204682865010521,True
2016-03-16 22:00:00+00:00,0.697312742963326,5.589076132411055,False
2016-03-16 22:30:00+00:00,0.7259646710813673,5.494210433096628,True
2016-03-16 23:00:00+00:00,0.7605531302494045,5.283683376091168,False
2016-03-16 23:30:00+00:00,0.7894593518076041,4.773679201894554,True
2016-03-17 00:00:00+00:00,0.8052684669497001,4.329933644681778,False
2016-03-17 00:30:00+00:00,0.6967821226182734,4.274818230283853,True
2016-03-17 01:00:00+00:00,0.5882957782868468,4.2197092629618,False
2016-03-17 01:30:00+00:00,0.6621217511916813,3.7931367539325556,True
2016-03-17 02:00:00+00:00,0.7434589587514019,3.2671596094331945,False
2016-03-17 02:30:00+00:00,0.7517396064145807,2.976344532188313,True
2016-03-17 03:00:00+00:00,0.7600917708538107,2.834330384044872,False
2016-03-17 03:30:00+00:00,0.8498380879585663,3.4159128100160414,True
2016-03-17 04:00:00+00:00,0.9320016536323844,4.299966291237751,False
2016-03-17 04:30:00+00:00,0.6071340378425563,4.966265876679688,True
2016-03-17 05:00:00+00:00,0.2822664220527281,5.330094406871085,False
2016-03-17 05:30:00+00:00,0.2953455491198475,4.402257467093033,True
2016-03-17 06:00:00+00:00,0.3332639402708287,3.4744205273149813,False
2016-03-17 06:30:00+00:00,0.9207072262116973,3.7292680550468487,True
2016-03-17 07:00:00+00:00,2.2540378267439154,4.3926078276654605,False
2016-03-17 07:30:00+00:00,6.542144552629553,7.938135282034128,True
2016-03-17 08:00:00+00:00,10.05952469983998,11.804899826440158,False
2016-03-17 08:30:00+00:00,9.952813801400334,12.766467527893848,True
2016-03-17 09:00:00+00:00,9.846102902960686,13.622174596840814,False
2016-03-17 09:30:00+00:00,11.500911503573043,15.9247436657896,True
2016-03-17 10:00:00+00:00,13.2672496780491,17.603444032321004,False
2016-03-17 10:30:00+00:00,13.442322966313549,17.151819394193083,True
2016-03-17 11:00:00+00:00,13.5058666807143,16.70019475606516,False
2016-03-17 11:30:00+00:00,13.500043524911254,16.93147848347984,True
2016-03-17 12:00:00+00:00,13.483045244148922,17.16276221089452,False
2016-03-17 12:30:00+00:00,13.070811174878944,17.14187056487931,True
2016-03-17 13:00:00+00:00,12.400534069014125,17.081427911854767,False
2016-03-17 13:30:00+00:00,11.937937027576533,16.011289763687586,True
2016-03-17 14:00:00+00:00,11.329241516726205,14.199310797756397,False
2016-03-17 14:30:00+00:00,9.75727354608805,12.614948445697205,True
2016-03-17 15:00:00+00:00,7.631685416221599,10.785370635538191,False
2016-03-17 15:30:00+00:00,5.484909181131207,8.101840735096157,True
2016-03-17 16:00:00+00:00,3.559703000488064,5.634036901663262,False
2016-03-17 16:30:00+00:00,2.0955796921574223,4.045132523243018,True
2016-03-17 17:00:00+00:00,1.1980652449472708,3.267109360686793,False
2016-03-17 17:30:00+00:00,0.9619944641776473,3.6123868875447496,True
2016-03-17 18:00:00+00:00,0.771206663330907,3.957664414402706,False
2016-03-17 18:30:00+00:00,0.33255606490163514,3.7423161779359853,True
2016-03-17 19:00:00+00:00,0.0293803611769087,3.5140468328636545,False
2016-03-17 19:30:00+00:00,0.19961370094724762,3.4938659124505924,True
2016-03-17 20:00:00+00:00,0.3862787277177195,3.48660610064314,False
2016-03-17 20:30:00+00:00,0.4125927469854033,3.863790433654248,True
2016-03-17 21:00:00+00:00,0.4224750792529541,4.483382699827002,False
2016-03-17 21:30:00+00:00,0.41794875263944786,4.962630464233792,True
2016-03-17 22:00:00+00:00,0.4051326787555347,5.427308824324763,False
2016-03-17 22:30:00+00:00,0.21254502794571437,5.981705611729041,True
2016-03-17 23:00:00+00:00,0.0282471244063009,6.3082638702874885,False
2016-03-17 23:30:00+00:00,0.032946212625479025,5.645458324622925,True
2016-03-18 00:00:00+00:00,0.0463030989528076,4.982652778958362,False
2016-03-18 00:30:00+00:00,0.261774026199564,5.486389495923372,True
2016-03-18 01:00:00+00:00,0.4685871553381701,5.990126212888382,False
2016-03-18 01:30:00+00:00,0.24211724089598857,5.8704402515786365,True
2016-03-18 02:00:00+00:00,0.015647326453807,5.619448770803867,False
2016-03-18 02:30:00+00:00,0.12829086443282053,5.1983630999510755,True
2016-03-18 03:00:00+00:00,0.240934402411834,4.718669385793653,False
2016-03-18 03:30:00+00:00,0.23523304159735525,4.29533275929501,True
2016-03-18 04:00:00+00:00,0.2295316807828765,4.061909695566022,False
2016-03-18 04:30:00+00:00,0.29533526355707385,4.7546171315663495,True
2016-03-18 05:00:00+00:00,0.3611388463312712,5.447324567566677,False
2016-03-18 05:30:00+00:00,0.19009483856831,5.108519434961557,True
2016-03-18 06:00:00+00:00,0.0190508308053488,4.769714302356438,False
2016-03-18 06:30:00+00:00,1.0377518592407764,4.8708277222281895,True
2016-03-18 07:00:00+00:00,3.110885539021534,5.156190168399595,False
2016-03-18 07:30:00+00:00,6.183721626501231,8.927369682268651,True
2016-03-18 08:00:00+00:00,9.74411634067185,13.077932401311765,False
2016-03-18 08:30:00+00:00,13.396957185668528,14.016892362839588,True
2016-03-18 09:00:00+00:00,15.507806752628955,14.392220092893696,False
2016-03-18 09:30:00+00:00,13.479006482260424,14.239564973559556,True
2016-03-18 10:00:00+00:00,11.450206211891889,14.086909854225414,False
2016-03-18 10:30:00+00:00,13.17138234355391,17.149577319395682,True
2016-03-18 11:00:00+00:00,14.89255847521593,20.21224478456595,False
2016-03-18 11:30:00+00:00,14.536451028042093,18.015231088703747,True
2016-03-18 12:00:00+00:00,13.944959364804973,15.812673256626638,False
2016-03-18 12:30:00+00:00,13.359491411165267,15.806721968149317,True
2016-03-18 13:00:00+00:00,13.009407673588846,15.801556967732294,False
2016-03-18 13:30:00+00:00,13.915627994633399,15.778953424599177,True
2016-03-18 14:00:00+00:00,14.821848315677949,15.735469426038817,False
2016-03-18 14:30:00+00:00,14.335702358380262,15.663265106280681,True
2016-03-18 15:00:00+00:00,13.230636439438316,15.506669217178402,False
2016-03-18 15:30:00+00:00,10.76558165934039,12.968010785852945,True
2016-03-18 16:00:00+00:00,7.656720427227974,9.746137336409914,False
2016-03-18 16:30:00+00:00,4.716544369709429,8.465400805888043,True
2016-03-18 17:00:00+00:00,3.039094725849633,7.556646968999967,False
2016-03-18 17:30:00+00:00,3.139236512093855,6.863386845295219,True
2016-03-18 18:00:00+00:00,3.2393782983380763,6.187125329772741,False
2016-03-18 18:30:00+00:00,2.154116620954646,4.998089435185124,True
2016-03-18 19:00:00+00:00,0.8583606069408887,4.213317129825009,False
2016-03-18 19:30:00+00:00,0.5252455824931949,5.4711529040942635,True
2016-03-18 20:00:00+00:00,0.3469490565831049,6.7289886783635176,False
2016-03-18 20:30:00+00:00,0.24793862433387404,6.035245643236576,True
2016-03-18 21:00:00+00:00,0.2046040301773668,5.341502608109633,False
2016-03-18 21:30:00+00:00,0.3998313620147687,5.427523737702752,True
2016-03-18 22:00:00+00:00,0.5950586938521707,5.539099620284556,False
2016-03-18 22:30:00+00:00,0.3712383116574876,5.5863478057134355,True
2016-03-18 23:00:00+00:00,0.1474179294628047,5.608041238153629,False
2016-03-18 23:30:00+00:00,0.1884051435134412,4.90848136410577,True
2016-03-19 00:00:00+00:00,0.2518795738333106,4.064004968546866,False
2016-03-19 00:30:00+00:00,0.3026115277225023,3.890450507457973,True
2016-03-19 01:00:00+00:00,0.3308562653424612,3.707194588003337,False
2016-03-19 01:30:00+00:00,0.16984643264797888,2.4702435189258054,True
2016-03-19 02:00:00+00:00,0.0088365999534966,1.3879104297250593,False
2016-03-19 02:30:00+00:00,0.14813573005755906,1.6212141313794353,True
2016-03-19 03:00:00+00:00,0.4443902725838185,2.161279619325553,False
2016-03-19 03:30:00+00:00,1.0848616147874062,3.7802756775804105,True
2016-03-19 04:00:00+00:00,1.5683775445687973,5.129645202219182,False
2016-03-19 04:30:00+00:00,1.18490717645579,5.186301074796688,True
2016-03-19 05:00:00+00:00,0.6926118719888268,5.20582169469854,False
2016-03-19 05:30:00+00:00,0.4933842457530053,5.159323855424249,True
2016-03-19 06:00:00+00:00,0.4029815558711396,5.065169445924863,False
2016-03-19 06:30:00+00:00,0.7062238287450406,4.893499616969497,True
2016-03-19 07:00:00+00:00,1.396477752338149,4.769486358239228,False
2016-03-19 07:30:00+00:00,2.7591717400129316,5.841642370373371,True
2016-03-19 08:00:00+00:00,4.900278100238569,7.930302455993782,False
2016-03-19 08:30:00+00:00,8.964302261949559,11.287428218694068,True
2016-03-19 09:00:00+00:00,11.862902400390483,13.628049907908084,False
2016-03-19 09:30:00+00:00,11.749516577560522,13.442180948067978,True
2016-03-19 10:00:00+00:00,11.636130754730557,13.256311988227871,False
2016-03-19 10:30:00+00:00,12.29593782502564,14.383834815208026,True
2016-03-19 11:00:00+00:00,12.955744895320723,15.609413676082251,False
2016-03-19 11:30:00+00:00,12.909719947231094,15.743153825690337,True
2016-03-19 12:00:00+00:00,12.863694999141464,15.823356123198302,False
2016-03-19 12:30:00+00:00,13.80351901212841,15.9218671346193,True
2016-03-19 13:00:00+00:00,14.743343025115356,15.975859964246348,False
2016-03-19 13:30:00+00:00,13.311454527330454,14.377995892144003,True
2016-03-19 14:00:00+00:00,11.029569128397188,12.188170850382146,False
2016-03-19 14:30:00+00:00,9.503670008180208,11.31237455016385,True
2016-03-19 15:00:00+00:00,7.894473779584479,10.465924604610583,False
2016-03-19 15:30:00+00:00,5.3859566492754105,9.006337343735701,True
2016-03-19 16:00:00+00:00,3.2812316804626307,7.219916926855181,False
2016-03-19 16:30:00+00:00,2.4481254902538505,4.8592857288167695,True
2016-03-19 17:00:00+00:00,1.906692361549499,3.2840837710033908,False
2016-03-19 17:30:00+00:00,1.518188279743476,3.122251014230838,True
2016-03-19 18:00:00+00:00,1.1793330181087374,3.0644367882333774,False
2016-03-19 18:30:00+00:00,0.7579339502190635,4.182598773609226,True
2016-03-19 19:00:00+00:00,0.3994202741421186,5.300760758985075,False
2016-03-19 19:30:00+00:00,0.15870724827471666,4.292512722960585,True
2016-03-19 20:00:00+00:00,0.0301987379009771,3.2842646869360954,False
2016-03-19 20:30:00+00:00,0.009564646660367715,3.3080359532993806,True
2016-03-19 21:00:00+00:00,0.0020206144684795,3.375857183874305,False
2016-03-19 21:30:00+00:00,0.15398494698116572,4.553091060217944,True
2016-03-19 22:00:00+00:00,0.305949279493852,5.686274972349944,False
2016-03-19 22:30:00+00:00,0.16284663536860325,5.443573634483324,True
2016-03-19 23:00:00+00:00,0.0197439912433545,5.200872296616706,False
2016-03-19 23:30:00+00:00,0.0228306570136931,5.278355199714788,True
2016-03-20 00:00:00+00:00,0.0259173227840317,5.35583810281287,False
2016-03-20 00:30:00+00:00,0.0225786010902289,4.72402693701157,True
2016-03-20 01:00:00+00:00,0.0192398793964261,4.092215771210271,False
2016-03-20 01:30:00+00:00,0.11316001915703201,5.01886200494353,True
2016-03-20 02:00:00+00:00,0.2070801589176379,5.945508238676789,False
2016-03-20 02:30:00+00:00,0.17086866083462166,5.435205344181263,True
2016-03-20 03:00:00+00:00,0.1346571627516054,4.71046056410914,False
2016-03-20 03:30:00+00:00,0.26505140884655204,4.2747134357777545,True
2016-03-20 04:00:00+00:00,0.3954456549414987,4.053408193022965,False
2016-03-20 04:30:00+00:00,0.2086344189097276,4.320402555342152,True
2016-03-20 05:00:00+00:00,0.0218231828779565,4.587396917661339,False
2016-03-20 05:30:00+00:00,0.05288503773357296,3.2160643271057032,True
2016-03-20 06:00:00+00:00,0.1430098505698501,1.844731736550067,False
2016-03-20 06:30:00+00:00,1.7474439855614357,3.1201824735598644,True
2016-03-20 07:00:00+00:00,4.820058949461886,5.788714927803761,False
2016-03-20 07:30:00+00:00,9.985975650656828,11.230632469289095,True
2016-03-20 08:00:00+00:00,13.624648564962246,15.27946829354033,False
2016-03-20 08:30:00+00:00,12.75108965939774,14.263300774451036,True
2016-03-20 09:00:00+00:00,11.190543042648509,12.851246203605251,False
2016-03-20 09:30:00+00:00,9.269695066421058,12.195275175453482,True
2016-03-20 10:00:00+00:00,8.035834801378332,11.676382483926435,False
2016-03-20 10:30:00+00:00,8.14729402051082,11.084343380996657,True
2016-03-20 11:00:00+00:00,8.388996669665017,10.751112993198644,False
2016-03-20 11:30:00+00:00,8.950444351626892,11.561461184251772,True
2016-03-20 12:00:00+00:00,9.381648603567056,12.709680195010836,False
2016-03-20 12:30:00+00:00,9.025107696555525,13.394463375068227,True
2016-03-20 13:00:00+00:00,8.413407266688386,13.741375735419684,False
2016-03-20 13:30:00+00:00,7.931920801920095,12.184191913191576,True
2016-03-20 14:00:00+00:00,7.334377036920912,9.986861555819226,False
2016-03-20 14:30:00+00:00,6.210476007193523,8.93850162278968,True
2016-03-20 15:00:00+00:00,4.954351846937732,8.04407702926614,False
2016-03-20 15:30:00+00:00,4.024358001914585,7.014726150886731,True
2016-03-20 16:00:00+00:00,3.2091617548233278,6.097167616413652,False
2016-03-20 16:30:00+00:00,2.410206877877902,5.499759371813167,True
2016-03-20 17:00:00+00:00,1.8076718943380816,4.880279543564949,False
2016-03-20 17:30:00+00:00,1.5395244082066706,3.5438501208559203,True
2016-03-20 18:00:00+00:00,1.277906055441631,2.603911133526528,False
2016-03-20 18:30:00+00:00,0.5639298870911337,4.085631053109973,True
2016-03-20 19:00:00+00:00,0.0356470476516681,5.567350972693418,False
2016-03-20 19:30:00+00:00,0.036943239662716114,4.580932651567792,True
2016-03-20 20:00:00+00:00,0.0407695364998844,3.5945143304421667,False
2016-03-20 20:30:00+00:00,0.25013672564682976,3.7811905802027472,True
2016-03-20 21:00:00+00:00,0.4569738099676549,4.113499904078728,False
2016-03-20 21:30:00+00:00,0.2482910591452639,4.518222532922684,True
2016-03-20 22:00:00+00:00,0.0396083083228728,4.777312087651238,False
2016-03-20 22:30:00+00:00,0.06704870108808289,3.8012620906040095,True
2016-03-20 23:00:00+00:00,0.1075562010365903,2.825212093556781,False
2016-03-20 23:30:00+00:00,0.13532401174377998,4.157849739873543,True
2016-03-21 00:00:00+00:00,0.1500247152676723,5.490487386190304,False
2016-03-21 00:30:00+00:00,0.08788311603601484,4.893862061403083,True
2016-03-21 01:00:00+00:00,0.022768128378189,4.040833270137598,False
2016-03-21 01:30:00+00:00,0.019123737014050807,3.5158791665471134,True
2016-03-21 02:00:00+00:00,0.0165298321926618,3.2473285294348924,False
2016-03-21 02:30:00+00:00,0.010554517302722407,3.4705072366386718,True
2016-03-21 03:00:00+00:00,0.0065021042962022,3.764296854421362,False
2016-03-21 03:30:00+00:00,0.012209283437158002,3.8967518607932545,True
2016-03-21 04:00:00+00:00,0.0179164625781138,3.9585959565862368,False
2016-03-21 04:30:00+00:00,0.0089582312890569,3.6929709647285707,True
2016-03-21 05:00:00+00:00,0.0,3.340011273218932,False
2016-03-21 05:30:00+00:00,0.048137558800664074,3.1746452356688173,True
2016-03-21 06:00:00+00:00,0.1664314043031343,3.096613897770676,False
2016-03-21 06:30:00+00:00,0.473267446442359,3.481773980038386,True
2016-03-21 07:00:00+00:00,1.060515014813327,4.316924761987929,False
2016-03-21 07:30:00+00:00,2.383314076102321,5.690154389165886,True
2016-03-21 08:00:00+00:00,4.309441781227303,7.745448203435647,False
2016-03-21 08:30:00+00:00,7.09722551953719,11.644721230676868,True
2016-03-21 09:00:00+00:00,8.931112801077537,14.411939371144452,False
2016-03-21 09:30:00+00:00,8.215372623610133,13.814787073060323,True
2016-03-21 10:00:00+00:00,7.499632446142728,13.21763477497619,False
2016-03-21 10:30:00+00:00,8.559803914151143,13.305884719848466,True
2016-03-21 11:00:00+00:00,9.910258377890626,13.511168865141428,False
2016-03-21 11:30:00+00:00,10.437771896284362,14.147389308730311,True
2016-03-21 12:00:00+00:00,10.675002418947026,14.666575551898504,False
2016-03-21 12:30:00+00:00,10.588111285492653,14.369049380584544,True
2016-03-21 13:00:00+00:00,10.374331322478788,13.658120601632934,False
2016-03-21 13:30:00+00:00,9.75076488602658,11.441528349010197,True
2016-03-21 14:00:00+00:00,8.747161054320726,9.067991074086905,False
2016-03-21 14:30:00+00:00,7.42397832991171,8.270676705462956,True
2016-03-21 15:00:00+00:00,6.057347531080372,7.550078689622831,False
2016-03-21 15:30:00+00:00,5.067373462190185,6.237343281241735,True
2016-03-21 16:00:00+00:00,4.194108075156607,4.726035464235821,False
2016-03-21 16:30:00+00:00,3.296502284094317,3.022081130930707,True
2016-03-21 17:00:00+00:00,2.571422627231047,2.0103304834047893,False
2016-03-21 17:30:00+00:00,2.0715461336767995,2.1354426034461578,True
2016-03-21 18:00:00+00:00,1.8012576993914673,2.432917423641406,False
2016-03-21 18:30:00+00:00,1.7665977324165936,3.4545827897743115,True
2016-03-21 19:00:00+00:00,1.732523140414772,4.3038854557533375,False
2016-03-21 19:30:00+00:00,1.4041478133807292,3.478411221094199,True
2016-03-21 20:00:00+00:00,1.1067385352845451,2.5561653049539417,False
2016-03-21 20:30:00+00:00,1.279704057182449,2.4415974379595555,True
2016-03-21 21:00:00+00:00,1.452669579080353,2.338519771865447,False
2016-03-21 21:30:00+00:00,1.3529794908968853,1.995015337473457,True
2016-03-21 22:00:00+00:00,1.2532894027134178,1.5500695006081808,False
2016-03-21 22:30:00+00:00,1.265469914745273,1.1019608070215217,True
2016-03-21 23:00:00+00:00,1.277650426777128,0.840574996488989,False
2016-03-21 23:30:00+00:00,1.2227985454994106,2.1857345513252397,True
2016-03-22 00:00:00+00:00,1.139822136795841,3.530894106161491,False
2016-03-22 00:30:00+00:00,1.0960745182346416,3.335983386959291,True
2016-03-22 01:00:00+00:00,1.0447892398710374,2.893175649941195,False
2016-03-22 01:30:00+00:00,0.8840103532213518,1.655334952165131,True
2016-03-22 02:00:00+00:00,0.7588936537999229,0.6653912722049635,False
2016-03-22 02:30:00+00:00,0.806596753793404,1.8991114955566315,True
2016-03-22 03:00:00+00:00,0.9135477067526682,3.1328317189082995,False
2016-03-22 03:30:00+00:00,1.1965825699838446,2.300997515101537,True
2016-03-22 04:00:00+00:00,1.4203695802492382,1.4556634651050528,False
2016-03-22 04:30:00+00:00,1.1579545568114131,1.435192814328231,True
2016-03-22 05:00:00+00:00,0.8955395333735884,1.4282220097411318,False
2016-03-22 05:30:00+00:00,2.1578549265701366,2.4555935433343117,True
2016-03-22 06:00:00+00:00,3.5719971011104987,4.035459608144393,False
2016-03-22 06:30:00+00:00,3.7397228922121,4.964397806685912,True
2016-03-22 07:00:00+00:00,3.9145099568272497,5.953230842677551,False
2016-03-22 07:30:00+00:00,5.95019642942044,7.62101478534315,True
2016-03-22 08:00:00+00:00,8.314539079817935,9.342654884958623,False
2016-03-22 08:30:00+00:00,9.117920176110353,10.444165647334172,True
2016-03-22 09:00:00+00:00,9.567237469003182,11.538340026299425,False
2016-03-22 09:30:00+00:00,9.727648788450443,13.460025448230786,True
2016-03-22 10:00:00+00:00,9.906497593576535,14.8344139163653,False
2016-03-22 10:30:00+00:00,11.43738151699358,14.958845475818057,True
2016-03-22 11:00:00+00:00,12.81634752546972,15.073854226373728,False
2016-03-22 11:30:00+00:00,12.747981362493485,15.822814698561398,True
2016-03-22 12:00:00+00:00,12.565616613020874,16.469585791236405,False
2016-03-22 12:30:00+00:00,11.427003828650596,16.150932725045887,True
2016-03-22 13:00:00+00:00,10.051030777697289,15.503349971055732,False
2016-03-22 13:30:00+00:00,9.564710319457276,14.340592919988707,True
2016-03-22 14:00:00+00:00,9.075769961694856,13.442079389223204,False
2016-03-22 14:30:00+00:00,7.9452344377013855,13.374553451248056,True
2016-03-22 15:00:00+00:00,6.492774591541531,13.304043450390797,False
2016-03-22 15:30:00+00:00,5.052484088259795,9.884913471049122,True
2016-03-22 16:00:00+00:00,3.656728785481176,6.373233009916732,False
2016-03-22 16:30:00+00:00,2.4121306967276372,6.182163043497657,True
2016-03-22 17:00:00+00:00,1.3805236556396476,6.03725800398753,False
2016-03-22 17:30:00+00:00,0.5097558182567796,5.737053230440377,True
2016-03-22 18:00:00+00:00,0.0573648074734478,5.326731902427548,False
2016-03-22 18:30:00+00:00,0.8149683673778996,4.607126338757367,True
2016-03-22 19:00:00+00:00,1.572571927282351,4.111693114814864,False
2016-03-22 19:30:00+00:00,0.8361539065817949,4.3817061903891865,True
2016-03-22 20:00:00+00:00,0.0771265572740464,4.818189680365494,False
2016-03-22 20:30:00+00:00,0.042507596325421323,5.151280747908599,True
2016-03-22 21:00:00+00:00,0.0304979639839888,5.447872292470862,False
2016-03-22 21:30:00+00:00,0.12396132164494517,5.7342030804603485,True
2016-03-22 22:00:00+00:00,0.2174246793059015,5.890562977028694,False
2016-03-22 22:30:00+00:00,0.14876192068448704,5.773651965192837,True
2016-03-22 23:00:00+00:00,0.0651619406361685,5.563199985665579,False
2016-03-22 23:30:00+00:00,0.03910999867021371,5.384319832578735,True
2016-03-23 00:00:00+00:00,0.027995278131163,5.12662142151855,False
2016-03-23 00:30:00+00:00,0.05087224272716739,4.221279487302268,True
2016-03-23 01:00:00+00:00,0.1104078608207178,3.4882967787507284,False
2016-03-23 01:30:00+00:00,0.4609024142369502,4.96699958271075,True
2016-03-23 02:00:00+00:00,0.7747383141556367,6.445702386670772,False
2016-03-23 02:30:00+00:00,0.39761921254070476,6.120195137450684,True
2016-03-23 03:00:00+00:00,0.0205001109257727,5.659376292682834,False
2016-03-23 03:30:00+00:00,0.06413856629504372,5.385402016184888,True
2016-03-23 04:00:00+00:00,0.1406609975583335,5.246739335234704,False
2016-03-23 04:30:00+00:00,0.22974785584969262,5.308563341120552,True
2016-03-23 05:00:00+00:00,0.285950738247033,5.3703873470064,False
2016-03-23 05:30:00+00:00,0.1611977612053704,5.173908609353214,True
2016-03-23 06:00:00+00:00,0.0364447841637078,4.698355360039593,False
2016-03-23 06:30:00+00:00,0.11837947757223995,2.911978290960029,True
2016-03-23 07:00:00+00:00,0.3498730069427506,1.404675733540901,False
2016-03-23 07:30:00+00:00,3.0895477724971405,5.274572543171243,True
2016-03-23 08:00:00+00:00,6.9011176978214905,10.051965716671877,False
2016-03-23 08:30:00+00:00,9.419143477804967,11.342362879038621,True
2016-03-23 09:00:00+00:00,10.796632885674128,12.34910939285841,False
2016-03-23 09:30:00+00:00,10.90473681486421,13.932743174139057,True
2016-03-23 10:00:00+00:00,10.96548283359723,15.08017837853454,False
2016-03-23 10:30:00+00:00,11.014907840198195,15.39154281790773,True
2016-03-23 11:00:00+00:00,11.076886092525658,15.515260118842756,False
2016-03-23 11:30:00+00:00,11.279129533138805,15.394302651632671,True
2016-03-23 12:00:00+00:00,11.61263647184218,15.188528649177506,False
2016-03-23 12:30:00+00:00,12.226356937204265,15.038009942212163,True
2016-03-23 13:00:00+00:00,12.66270094558906,14.83572771220991,False
2016-03-23 13:30:00+00:00,11.229353795815683,14.383939300816724,True
2016-03-23 14:00:00+00:00,8.880007678011447,13.625655483200198,False
2016-03-23 14:30:00+00:00,7.032047808156718,12.066894658670689,True
2016-03-23 15:00:00+00:00,5.32748661180706,10.315263020863975,False
2016-03-23 15:30:00+00:00,3.7451821182540543,9.32014460230797,True
2016-03-23 16:00:00+00:00,2.592817331741086,8.24979148718444,False
2016-03-23 16:30:00+00:00,2.1060829335459617,5.610104957712719,True
2016-03-23 17:00:00+00:00,1.67831834569064,3.681599402591061,False
2016-03-23 17:30:00+00:00,0.789074802154659,3.735876824811902,True
2016-03-23 18:00:00+00:00,0.183522035764628,3.7901542470327434,False
2016-03-23 18:30:00+00:00,0.6911027618560229,2.7767232582765216,True
2016-03-23 19:00:00+00:00,1.198683487947418,1.7632922695202995,False
2016-03-23 19:30:00+00:00,0.7660605919216508,3.6838559232645465,True
2016-03-23 20:00:00+00:00,0.3334376958958835,5.798274969278189,False
2016-03-23 20:30:00+00:00,0.5833066509276946,6.109665193089495,True
2016-03-23 21:00:00+00:00,0.9398457406381412,6.227200024631406,False
2016-03-23 21:30:00+00:00,1.1577469002741605,5.922275878644041,True
2016-03-23 22:00:00+00:00,1.268977925231544,5.341129647233564,False
2016-03-23 22:30:00+00:00,1.199385442434935,4.46940654806442,True
2016-03-23 23:00:00+00:00,1.042179213711752,3.873905534318389,False
2016-03-23 23:30:00+00:00,0.6130666447417943,4.680930127356027,True
2016-03-24 00:00:00+00:00,0.2715678216984103,5.487954720393664,False
2016-03-24 00:30:00+00:00,0.4381668116483966,5.417811500243682,True
2016-03-24 01:00:00+00:00,0.6047658015983829,5.245568324783355,False
2016-03-24 01:30:00+00:00,0.36613056773759123,4.618009812119489,True
2016-03-24 02:00:00+00:00,0.1274953338767996,3.9494217867411434,False
2016-03-24 02:30:00+00:00,0.6187141853510043,3.7743226350973145,True
2016-03-24 03:00:00+00:00,1.1099330368252092,3.5820209708361554,False
2016-03-24 03:30:00+00:00,0.5603310086467221,2.2414770414843543,True
2016-03-24 04:00:00+00:00,0.0107289804682354,1.0612650927747076,False
2016-03-24 04:30:00+00:00,0.013525562076616628,3.2723262786152247,True
2016-03-24 05:00:00+00:00,0.0208151438641512,5.483387464455742,False
2016-03-24 05:30:00+00:00,0.04469120135059534,3.711412806418328,True
2016-03-24 06:00:00+00:00,0.1031977224377844,1.939438148380913,False
2016-03-24 06:30:00+00:00,0.7642861318443664,2.659614950038015,True
2016-03-24 07:00:00+00:00,1.6618842838215606,3.493671701253784,False
2016-03-24 07:30:00+00:00,2.2261622548495597,3.6840451883403054,True
2016-03-24 08:00:00+00:00,2.5148070195270487,3.76053872586816,False
2016-03-24 08:30:00+00:00,1.4205371751459188,2.1478021592821612,True
2016-03-24 09:00:00+00:00,0.3262673307647886,0.5350655926961622,False
2016-03-24 09:30:00+00:00,0.6702058406091052,0.795347417653901,True
2016-03-24 10:00:00+00:00,1.0141443504534218,1.05562924261164,False
2016-03-24 10:30:00+00:00,0.9834211124840149,1.0337922561415973,True
2016-03-24 11:00:00+00:00,0.952697874514608,1.0119552696715548,False
2016-03-24 11:30:00+00:00,1.336068427456138,1.1672449244874028,True
2016-03-24 12:00:00+00:00,2.1645768367459093,1.562981835901252,False
2016-03-24 12:30:00+00:00,3.976232301824835,3.444045456590883,True
2016-03-24 13:00:00+00:00,5.519351418044214,5.341363344250734,False
2016-03-24 13:30:00+00:00,5.8050348545770385,5.766780779318488,True
2016-03-24 14:00:00+00:00,5.914116783621169,5.93549669081802,False
2016-03-24 14:30:00+00:00,5.727873121161732,5.81417231689274,True
2016-03-24 15:00:00+00:00,5.310212568060527,5.529000369602546,False
2016-03-24 15:30:00+00:00,4.352879583648022,4.845485326847016,True
2016-03-24 16:00:00+00:00,3.3288812348631,3.8385830313419023,False
2016-03-24 16:30:00+00:00,2.883302640925307,2.4445600594182335,True
2016-03-24 17:00:00+00:00,2.476132379128099,1.5377719136090622,False
2016-03-24 17:30:00+00:00,1.8031477184098639,2.729054222480013,True
2016-03-24 18:00:00+00:00,1.1477822304420822,3.920336531350965,False
2016-03-24 18:30:00+00:00,0.6458996289584226,2.9259917279158705,True
2016-03-24 19:00:00+00:00,0.3860717775979102,1.9210790267683788,False
2016-03-24 19:30:00+00:00,0.479392787760244,1.9103538338225412,True
2016-03-24 20:00:00+00:00,0.619900702898281,1.8997174000177504,False
2016-03-24 20:30:00+00:00,0.6947910357385302,1.3423274229813789,True
2016-03-24 21:00:00+00:00,0.7781403379394104,0.7897550128969922,False
2016-03-24 21:30:00+00:00,0.9790056958264297,0.7812043043879516,True
2016-03-24 22:00:00+00:00,1.15325340596632,0.7783151674982767,False
2016-03-24 22:30:00+00:00,1.2021111242365201,0.971306419726083,True
2016-03-24 23:00:00+00:00,1.2219406159175152,1.203964971825202,False
2016-03-24 23:30:00+00:00,1.019280899314213,1.250148740747124,True
2016-03-25 00:00:00+00:00,0.8166211827109109,1.3014737049382556,False
2016-03-25 00:30:00+00:00,0.9229470490751402,1.8775223992247638,True
2016-03-25 01:00:00+00:00,1.0740345926092645,2.40876259837075,False
2016-03-25 01:30:00+00:00,1.1650452015206187,1.5950703452905137,True
2016-03-25 02:00:00+00:00,1.2112941332620784,0.7813780922102769,False
2016-03-25 02:30:00+00:00,1.009254103333335,1.0136374018647163,True
2016-03-25 03:00:00+00:00,0.8072140734045917,1.5406510408077756,False
2016-03-25 03:30:00+00:00,0.9821435826429323,3.006320696082135,True
2016-03-25 04:00:00+00:00,1.1570730918812728,4.177236022067874,False
2016-03-25 04:30:00+00:00,1.147857059325634,3.024800014871163,True
2016-03-25 05:00:00+00:00,1.1386410267699951,1.8723640076744503,False
2016-03-25 05:30:00+00:00,1.697216118729177,3.11689022579494,True
2016-03-25 06:00:00+00:00,2.8795877771215914,5.237619461326132,False
2016-03-25 06:30:00+00:00,4.807291714172833,7.030221029241404,True
2016-03-25 07:00:00+00:00,7.2820957013496,8.894063700225933,False
2016-03-25 07:30:00+00:00,10.369045869682104,10.969104812299648,True
2016-03-25 08:00:00+00:00,12.28509942145585,12.82726434790318,False
2016-03-25 08:30:00+00:00,12.134488787996025,14.354908582497234,True
2016-03-25 09:00:00+00:00,11.90116819095014,15.151990273081514,False
2016-03-25 09:30:00+00:00,11.78203876646065,14.771487551867901,True
2016-03-25 10:00:00+00:00,11.610520177687418,14.01851633264807,False
2016-03-25 10:30:00+00:00,9.809988989395402,12.85718589302404,True
2016-03-25 11:00:00+00:00,7.770250378449973,11.845321004973028,False
2016-03-25 11:30:00+00:00,7.1181560434413065,11.453231339471616,True
2016-03-25 12:00:00+00:00,6.840368258955852,11.2841446204034,False
2016-03-25 12:30:00+00:00,8.411889773609705,13.207385304975531,True
2016-03-25 13:00:00+00:00,10.094200988562427,15.130625989547667,False
2016-03-25 13:30:00+00:00,10.268481404600118,14.635681373548993,True
2016-03-25 14:00:00+00:00,10.33197212033894,13.759251093185728,False
2016-03-25 14:30:00+00:00,9.738044515789381,13.031626737860437,True
2016-03-25 15:00:00+00:00,8.445749136665253,12.039472014745677,False
2016-03-25 15:30:00+00:00,5.627582228307573,9.123859336809108,True
2016-03-25 16:00:00+00:00,3.0634767654076573,6.844790019407412,False
2016-03-25 16:30:00+00:00,2.3592353336271574,6.8305463380708815,True
2016-03-25 17:00:00+00:00,1.999142644757911,6.825775328353539,False
2016-03-25 17:30:00+00:00,1.8792871009900296,7.040581680350602,True
2016-03-25 18:00:00+00:00,1.7523861664241762,7.255388032347664,False
2016-03-25 18:30:00+00:00,0.8810845131536165,6.0530666733714735,True
2016-03-25 19:00:00+00:00,0.1169858368865844,4.850745314395285,False
2016-03-25 19:30:00+00:00,0.1231163004080723,5.2617697512525545,True
2016-03-25 20:00:00+00:00,0.1298356710257421,5.672794188109826,False
2016-03-25 20:30:00+00:00,0.13077845781382114,5.668743198163246,True
2016-03-25 21:00:00+00:00,0.1311323375057183,5.657437610238252,False
2016-03-25 21:30:00+00:00,0.07316919014164741,5.573317402221762,True
2016-03-25 22:00:00+00:00,0.0152060427775765,5.394496433789095,False
2016-03-25 22:30:00+00:00,0.019504697919702697,4.889375892821943,True
2016-03-25 23:00:00+00:00,0.0321500118039127,4.486210710249383,False
2016-03-25 23:30:00+00:00,0.6005549671832282,5.150454435153316,True
2016-03-26 00:00:00+00:00,1.1606132638204598,5.814698160057249,False
2016-03-26 00:30:00+00:00,0.5938950006509998,4.72264914756677,True
2016-03-26 01:00:00+00:00,0.0271767374815396,2.93181467532442,False
2016-03-26 01:30:00+00:00,0.19997584413877162,1.2261302742880789,True
2016-03-26 02:00:00+00:00,0.4587592510420855,0.2192313330036089,False
2016-03-26 02:30:00+00:00,0.5914678892748844,0.37456697727205784,True
2016-03-26 03:00:00+00:00,0.7446400806813976,0.6928479159149187,False
2016-03-26 03:30:00+00:00,1.2112155431819747,1.281833924744137,True
2016-03-26 04:00:00+00:00,1.578547032718259,1.737668686431477,False
2016-03-26 04:30:00+00:00,1.5869068788666538,1.7700782427547286,True
2016-03-26 05:00:00+00:00,1.593208099034221,1.800860742771021,False
2016-03-26 05:30:00+00:00,1.6045246744629291,1.96584476732787,True
2016-03-26 06:00:00+00:00,1.627727685777105,2.3199364922387,False
2016-03-26 06:30:00+00:00,2.4845434483008986,3.2754625043967693,True
2016-03-26 07:00:00+00:00,4.205189988529429,4.988500807520104,False
2016-03-26 07:30:00+00:00,7.283251238869532,8.90736907727144,True
2016-03-26 08:00:00+00:00,9.7716624789262,12.224430338298372,False
2016-03-26 08:30:00+00:00,10.242511617472589,12.826770780128205,True
2016-03-26 09:00:00+00:00,10.422148298237532,13.056131248437628,False
2016-03-26 09:30:00+00:00,9.943641778162501,12.454967510512851,True
2016-03-26 10:00:00+00:00,9.465135258087471,11.853803772588076,False
2016-03-26 10:30:00+00:00,9.743185136327842,11.887456634169501,True
2016-03-26 11:00:00+00:00,10.324692704944551,11.982127503856438,False
2016-03-26 11:30:00+00:00,11.50886765695502,13.257931245864407,True
2016-03-26 12:00:00+00:00,12.389584918589147,14.472716979766863,False
2016-03-26 12:30:00+00:00,11.998138576933025,14.449628052172653,True
2016-03-26 13:00:00+00:00,11.606692235276904,14.385988465817755,False
2016-03-26 13:30:00+00:00,11.68614989552636,13.93377159579434,True
2016-03-26 14:00:00+00:00,11.765607555775816,13.136023791886757,False
2016-03-26 14:30:00+00:00,10.866828790496834,12.278009495045172,True
2016-03-26 15:00:00+00:00,9.138703856736091,11.115986753352583,False
2016-03-26 15:30:00+00:00,6.730392591025354,9.125795450164713,True
2016-03-26 16:00:00+00:00,4.638420957561226,6.758739696299802,False
2016-03-26 16:30:00+00:00,3.8634176761273786,4.292998210741595,True
2016-03-26 17:00:00+00:00,3.3094081535247417,2.576753750084853,False
2016-03-26 17:30:00+00:00,2.7793666152775454,2.160579737624622,True
2016-03-26 18:00:00+00:00,2.2675414087879853,1.8281909823481712,False
2016-03-26 18:30:00+00:00,1.694997499159659,1.0893531149354412,True
2016-03-26 19:00:00+00:00,1.1132848784928893,0.5841874536103582,False
2016-03-26 19:30:00+00:00,0.4166436644260503,1.3651393609903004,True
2016-03-26 20:00:00+00:00,0.0029676070439616,2.1460912683702422,False
2016-03-26 20:30:00+00:00,0.01984737668920243,2.085363287536409,True
2016-03-26 21:00:00+00:00,0.0491812662089894,1.9323486453377212,False
2016-03-26 21:30:00+00:00,0.08242260077031367,1.2099603287878558,True
2016-03-26 22:00:00+00:00,0.1032098154570918,0.579858673602845,False
2016-03-26 22:30:00+00:00,0.06484694658872744,1.3032298233661974,True
2016-03-26 23:00:00+00:00,0.0264840777203631,2.0266009731295496,False
2016-03-26 23:30:00+00:00,0.5788591667011491,1.3242513704022667,True
2016-03-27 00:00:00+00:00,1.1312342556819353,0.6219017676749838,False
2016-03-27 00:30:00+00:00,0.9499127573696982,0.7415469117847495,True
2016-03-27 01:00:00+00:00,0.6722671866514544,0.9899131071234152,False
2016-03-27 01:30:00+00:00,0.45810276320165266,1.482700270808736,True
2016-03-27 02:00:00+00:00,0.3402624121578577,1.8467663832651569,False
2016-03-27 02:30:00+00:00,0.38363195982915244,1.1340344405923903,True
2016-03-27 03:00:00+00:00,0.4968659284406581,0.4213024979196239,False
2016-03-27 03:30:00+00:00,1.1801670331133374,0.7305373227979247,True
2016-03-27 04:00:00+00:00,1.7936037168458057,1.0397721476762254,False
2016-03-27 04:30:00+00:00,1.1652145520494002,0.8223422969440666,True
2016-03-27 05:00:00+00:00,0.5368253872529942,0.6049124462119078,False
2016-03-27 05:30:00+00:00,1.3988673245014993,1.0394419076946024,True
2016-03-27 06:00:00+00:00,2.868705274302674,1.954510133260156,False
2016-03-27 06:30:00+00:00,4.4422644006344685,3.864021097021764,True
2016-03-27 07:00:00+00:00,5.408027514413592,5.292993296700514,False
2016-03-27 07:30:00+00:00,4.095858328536172,3.510784195688031,True
2016-03-27 08:00:00+00:00,2.783689142658752,1.7285750946755472,False
2016-03-27 08:30:00+00:00,3.521950306258891,2.5164873463096127,True
2016-03-27 09:00:00+00:00,5.052833366109319,4.2260632313760045,False
2016-03-27 09:30:00+00:00,7.704067650941982,7.962653581567594,True
2016-03-27 10:00:00+00:00,10.312585563540818,11.263610405676536,False
2016-03-27 10:30:00+00:00,11.711687341608183,12.011697305978563,True
2016-03-27 11:00:00+00:00,12.410659480704398,12.391453835688168,False
2016-03-27 11:30:00+00:00,12.487802779151055,12.599049038548978,True
2016-03-27 12:00:00+00:00,12.515170192552404,12.688944504652534,False
2016-03-27 12:30:00+00:00,12.019984907142243,12.349661301390386,True
2016-03-27 13:00:00+00:00,11.328379119830643,11.864155569883094,False
2016-03-27 13:30:00+00:00,11.062540675894773,11.667920891037284,True
2016-03-27 14:00:00+00:00,10.741163103907674,11.41105475204157,False
2016-03-27 14:30:00+00:00,9.185248910235755,9.344859493198534,True
2016-03-27 15:00:00+00:00,7.188690303096275,6.6525398130862365,False
2016-03-27 15:30:00+00:00,5.991485537185898,4.9543478712677596,True
2016-03-27 16:00:00+00:00,4.918125927529803,4.089134339113588,False
2016-03-27 16:30:00+00:00,3.561234147015377,4.247062003487051,True
2016-03-27 17:00:00+00:00,2.63860156184407,4.404989667860515,False
2016-03-27 17:30:00+00:00,2.475770746722014,4.017518802516967,True
2016-03-27 18:00:00+00:00,2.333611245955284,3.2537784842333384,False
2016-03-27 18:30:00+00:00,1.8277774371659408,1.9791232584453826,True
2016-03-27 19:00:00+00:00,1.4357720058440966,1.080737485597506,False
2016-03-27 19:30:00+00:00,2.11176188500233,1.5053319124253415,True
2016-03-27 20:00:00+00:00,2.787751764160563,1.929926339253177,False
2016-03-27 20:30:00+00:00,2.180710163585827,1.4330613432847712,True
2016-03-27 21:00:00+00:00,1.53499861773993,0.9361963473163656,False
2016-03-27 21:30:00+00:00,1.4932192789568146,1.2523572704203065,True
2016-03-27 22:00:00+00:00,1.452569913846912,1.5685181935242474,False
2016-03-27 22:30:00+00:00,1.0127260449084923,1.2864203880413707,True
2016-03-27 23:00:00+00:00,0.610422147568021,1.004322582558494,False
2016-03-27 23:30:00+00:00,0.6638124090010136,2.085163824858765,True
2016-03-28 00:00:00+00:00,0.782039722152436,3.1660050671590363,False
2016-03-28 00:30:00+00:00,0.9885570814999585,2.7025611135490655,True
2016-03-28 01:00:00+00:00,1.3126194407444542,2.2391171599390947,False
2016-03-28 01:30:00+00:00,1.9873997588605814,3.6136259863463103,True
2016-03-28 02:00:00+00:00,2.4797980253613057,4.988134812753525,False
2016-03-28 02:30:00+00:00,1.6474489990542904,4.239266035122732,True
2016-03-28 03:00:00+00:00,0.815099972747275,3.2147978807531588,False
2016-03-28 03:30:00+00:00,1.1967304721828198,2.693715825163973,True
2016-03-28 04:00:00+00:00,1.7474663807238942,2.41500197911806,False
2016-03-28 04:30:00+00:00,2.097384261626092,2.362143473449523,True
2016-03-28 05:00:00+00:00,2.27819673342276,2.3425161349764925,False
2016-03-28 05:30:00+00:00,2.024650384511646,2.3685286348718333,True
2016-03-28 06:00:00+00:00,1.7711040356005316,2.445151589195354,False
2016-03-28 06:30:00+00:00,3.392542732673558,5.6410593791994765,True
2016-03-28 07:00:00+00:00,5.76710580532451,9.789457563621044,False
2016-03-28 07:30:00+00:00,7.014593953481033,11.278776295652847,True
2016-03-28 08:00:00+00:00,8.184603697836302,12.549643268211732,False
2016-03-28 08:30:00+00:00,10.054375285633846,14.76059228632972,True
2016-03-28 09:00:00+00:00,11.24850090165472,16.186892215075,False
2016-03-28 09:30:00+00:00,10.728220260415977,15.587683852495129,True
2016-03-28 10:00:00+00:00,10.207939619177232,14.988475489915253,False
2016-03-28 10:30:00+00:00,11.791932776785078,16.037378095984483,True
2016-03-28 11:00:00+00:00,13.37592593439292,17.086280702053717,False
2016-03-28 11:30:00+00:00,12.637895219336917,16.38496304744424,True
2016-03-28 12:00:00+00:00,11.49741655276735,15.482429654001017,False
2016-03-28 12:30:00+00:00,10.8071788617414,15.227825826470498,True
2016-03-28 13:00:00+00:00,10.089084284955009,14.94519839596559,False
2016-03-28 13:30:00+00:00,9.07427599085414,13.566469005471616,True
2016-03-28 14:00:00+00:00,7.876240795271636,11.817566292528795,False
2016-03-28 14:30:00+00:00,6.552023158004546,10.80683874262411,True
2016-03-28 15:00:00+00:00,5.121772867223328,9.873626322687327,False
2016-03-28 15:30:00+00:00,3.481184109843876,8.81751440650913,True
2016-03-28 16:00:00+00:00,2.1080755246726226,7.619461519570782,False
2016-03-28 16:30:00+00:00,1.3491823439094588,5.672408852108338,True
2016-03-28 17:00:00+00:00,0.8163700533317764,4.38919468969513,False
2016-03-28 17:30:00+00:00,0.3791822908851083,4.847803257891691,True
2016-03-28 18:00:00+00:00,0.1210499368488693,5.306411826088252,False
2016-03-28 18:30:00+00:00,0.04329842920333763,5.054357357011233,True
2016-03-28 19:00:00+00:00,0.0124948430234666,4.802302887934214,False
2016-03-28 19:30:00+00:00,0.24585119219873203,4.905714598351797,True
2016-03-28 20:00:00+00:00,0.4792075413739975,5.009126308769379,False
2016-03-28 20:30:00+00:00,0.2941454677087286,3.921937772172104,True
2016-03-28 21:00:00+00:00,0.0806170562681065,2.3426469234736564,False
2016-03-28 21:30:00+00:00,0.033174017546520655,1.381167703622847,True
2016-03-28 22:00:00+00:00,0.0141973166002881,0.7826393658243977,False
2016-03-28 22:30:00+00:00,0.2614943631311968,0.5632841471719328,True
2016-03-28 23:00:00+00:00,0.6596678613169047,0.4730803585682792,False
2016-03-28 23:30:00+00:00,1.018438374180489,1.1095237021280937,True
2016-03-29 00:00:00+00:00,1.226332435389274,1.7459670456879084,False
2016-03-29 00:30:00+00:00,1.1589264743513232,1.5905405225763884,True
2016-03-29 01:00:00+00:00,1.027771443699626,1.287801229704376,False
2016-03-29 01:30:00+00:00,0.8177717979068257,0.8014411560324144,True
2016-03-29 02:00:00+00:00,0.6715212217277721,0.4623938521209453,False
2016-03-29 02:30:00+00:00,0.7789349051144584,0.492907513108311,True
2016-03-29 03:00:00+00:00,0.8863485885011447,0.5234211740956766,False
2016-03-29 03:30:00+00:00,0.8067907335578021,0.5192638688487037,True
2016-03-29 04:00:00+00:00,0.7272328786144594,0.5151065636017307,False
2016-03-29 04:30:00+00:00,1.3194477071305541,0.6944525207529575,True
2016-03-29 05:00:00+00:00,1.9116625356466488,1.0542168132518703,False
2016-03-29 05:30:00+00:00,1.8643303278275394,1.4501194465501734,True
2016-03-29 06:00:00+00:00,1.81699812000843,2.145409062614097,False
2016-03-29 06:30:00+00:00,4.570107471998345,5.87587653965005,True
2016-03-29 07:00:00+00:00,8.504401148839744,10.10335746971282,False
2016-03-29 07:30:00+00:00,10.468508191099538,11.50398832436431,True
2016-03-29 08:00:00+00:00,12.157114602281386,12.692654912443974,False
2016-03-29 08:30:00+00:00,14.406578536718078,14.944143537946081,True
2016-03-29 09:00:00+00:00,15.750358777381228,16.43077765887989,False
2016-03-29 09:30:00+00:00,13.046623248841321,14.48827348086457,True
2016-03-29 10:00:00+00:00,10.342887720301412,12.545769302849251,False
2016-03-29 10:30:00+00:00,10.946086331591728,13.140985785225038,True
2016-03-29 11:00:00+00:00,12.10618560799264,14.303557893734288,False
2016-03-29 11:30:00+00:00,13.896548136462318,16.187825528930777,True
2016-03-29 12:00:00+00:00,15.1300099998214,17.504737537993805,False
2016-03-29 12:30:00+00:00,12.333457555799292,14.769684262916149,True
2016-03-29 13:00:00+00:00,9.328270422792636,11.367225256735262,False
2016-03-29 13:30:00+00:00,9.085585737001745,10.286579531375496,True
2016-03-29 14:00:00+00:00,8.878664765235412,9.661430527661578,False
2016-03-29 14:30:00+00:00,8.288498703459478,9.393015736354434,True
2016-03-29 15:00:00+00:00,7.382015547957141,9.097499422656044,False
2016-03-29 15:30:00+00:00,6.090136289206772,7.88942824822182,True
2016-03-29 16:00:00+00:00,4.55669828380407,5.959671264717608,False
2016-03-29 16:30:00+00:00,2.677498936749926,3.0011809412320916,True
2016-03-29 17:00:00+00:00,1.5290464050345105,1.0033869586651964,False
2016-03-29 17:30:00+00:00,1.7262947636121617,1.137106417978995,True
2016-03-29 18:00:00+00:00,1.923543122189813,1.2708258772927936,False
2016-03-29 18:30:00+00:00,1.8863868767797614,1.26601218324799,True
2016-03-29 19:00:00+00:00,1.7864679773201642,1.2525422548321006,False
2016-03-29 19:30:00+00:00,1.0102103315082456,1.0852457855167992,True
2016-03-29 20:00:00+00:00,0.296715339745873,0.9266055505725832,False
2016-03-29 20:30:00+00:00,1.3663720761897564,2.533724210475662,True
2016-03-29 21:00:00+00:00,2.43602881263364,4.140842870378742,False
2016-03-29 21:30:00+00:00,1.9049477807359834,2.983261618163621,True
2016-03-29 22:00:00+00:00,1.3738667488383265,1.8256803659484997,False
2016-03-29 22:30:00+00:00,1.8753874455040394,2.833820934213248,True
2016-03-29 23:00:00+00:00,2.376908142169752,3.841961502477996,False
2016-03-29 23:30:00+00:00,1.6794381953726352,2.864551341517766,True
2016-03-30 00:00:00+00:00,0.9819682485755182,1.887141180557536,False
2016-03-30 00:30:00+00:00,1.2763658357878305,2.675347512221231,True
2016-03-30 01:00:00+00:00,1.5707634230001428,3.4635538438849256,False
2016-03-30 01:30:00+00:00,1.3639663081773123,2.7334687982427828,True
2016-03-30 02:00:00+00:00,1.1571691933544817,1.7427313541998797,False
2016-03-30 02:30:00+00:00,1.171249845120422,1.2384744394965554,True
2016-03-30 03:00:00+00:00,1.2109889287646023,0.9948699231939924,False
2016-03-30 03:30:00+00:00,1.7084421183586391,1.4356882994509867,True
2016-03-30 04:00:00+00:00,2.314465419631952,1.9672822405277373,False
2016-03-30 04:30:00+00:00,2.508217587143364,2.0787351226835984,True
2016-03-30 05:00:00+00:00,2.6692309293997165,2.190510485173337,False
2016-03-30 05:30:00+00:00,2.855144558434154,2.520088834263096,True
2016-03-30 06:00:00+00:00,3.143649311791464,3.18171638397227,False
2016-03-30 06:30:00+00:00,4.553079703549787,6.287651838146333,True
2016-03-30 07:00:00+00:00,6.066212838593233,8.970440046547347,False
2016-03-30 07:30:00+00:00,6.610012955585498,8.205496103625906,True
2016-03-30 08:00:00+00:00,6.84602948666731,7.440552160704466,False
2016-03-30 08:30:00+00:00,6.188466383276191,8.62503831710794,True
2016-03-30 09:00:00+00:00,5.530903279885074,9.809524473511413,False
2016-03-30 09:30:00+00:00,6.90626573025465,9.76350860520087,True
2016-03-30 10:00:00+00:00,9.156108612122324,9.717492736890328,False
2016-03-30 10:30:00+00:00,11.282985319903974,11.937828912116444,True
2016-03-30 11:00:00+00:00,12.535381596187529,14.7051052674369,False
2016-03-30 11:30:00+00:00,12.420425429334392,15.679169434412376,True
2016-03-30 12:00:00+00:00,12.152361380006989,16.10629342129351,False
2016-03-30 12:30:00+00:00,11.565964451598136,15.626727012587299,True
2016-03-30 13:00:00+00:00,10.625277641927916,14.59660853960634,False
2016-03-30 13:30:00+00:00,9.025051210952753,12.66508034051155,True
2016-03-30 14:00:00+00:00,7.600266104695486,10.5280853816534,False
2016-03-30 14:30:00+00:00,7.16755245634519,8.982121164605022,True
2016-03-30 15:00:00+00:00,6.74966881688135,8.12175052736691,False
2016-03-30 15:30:00+00:00,5.726475843439197,8.045756071377792,True
2016-03-30 16:00:00+00:00,4.255988860187695,7.9721430329493215,False
2016-03-30 16:30:00+00:00,1.8980917351382105,7.1851635696257246,True
2016-03-30 17:00:00+00:00,0.3046150500293605,6.466227932969321,False
2016-03-30 17:30:00+00:00,1.1545267961284749,6.678736096518794,True
2016-03-30 18:00:00+00:00,2.004438542227589,6.944988396674908,False
2016-03-30 18:30:00+00:00,1.174356668495499,7.041164249161834,True
2016-03-30 19:00:00+00:00,0.3055829164998087,7.083595965042117,False
2016-03-30 19:30:00+00:00,0.259073569382447,6.430203952598236,True
2016-03-30 20:00:00+00:00,0.2245060673645861,5.351150489379991,False
2016-03-30 20:30:00+00:00,0.1324848788057422,4.301392784452148,True
2016-03-30 21:00:00+00:00,0.0672137234109977,3.6772965302986673,False
2016-03-30 21:30:00+00:00,0.4593738630331329,4.59784063944909,True
2016-03-30 22:00:00+00:00,0.8515340026552681,5.518384748599512,False
2016-03-30 22:30:00+00:00,0.7033393126772481,3.871153315046806,True
2016-03-30 23:00:00+00:00,0.4522525828770922,2.2239218814941,False
2016-03-30 23:30:00+00:00,0.18848902043223512,3.495172919831546,True
2016-03-31 00:00:00+00:00,0.0276174978095141,4.766423958168993,False
2016-03-31 00:30:00+00:00,0.16097606532233505,4.70949017479869,True
2016-03-31 01:00:00+00:00,0.331086286753003,4.652556391428387,False
2016-03-31 01:30:00+00:00,0.39796060945308237,5.424257818737943,True
2016-03-31 02:00:00+00:00,0.4280832782353147,6.1959592460475,False
2016-03-31 02:30:00+00:00,0.2309648879552858,5.380106422769245,True
2016-03-31 03:00:00+00:00,0.0338464976752569,4.56425359949099,False
2016-03-31 03:30:00+00:00,0.034911424050952405,4.787278404401176,True
2016-03-31 04:00:00+00:00,0.0359763504266479,5.0103032093113615,False
2016-03-31 04:30:00+00:00,0.0220910335420385,4.610790762891022,True
2016-03-31 05:00:00+00:00,0.0082057166574291,4.211278316470682,False
2016-03-31 05:30:00+00:00,0.012878749337522602,4.228282901247434,True
2016-03-31 06:00:00+00:00,0.0267989285984782,4.277754271764788,False
2016-03-31 06:30:00+00:00,1.7695571351841242,5.693289563020711,True
2016-03-31 07:00:00+00:00,3.503068195188908,7.076358068536032,False
2016-03-31 07:30:00+00:00,3.382485127422706,6.528542695436295,True
2016-03-31 08:00:00+00:00,3.2619020596565043,5.980727322336558,False
2016-03-31 08:30:00+00:00,3.3679242690119784,6.736753062225247,True
2016-03-31 09:00:00+00:00,3.473946478367452,7.492778802113936,False
2016-03-31 09:30:00+00:00,1.7830686225779493,4.1822579273301965,True
2016-03-31 10:00:00+00:00,0.0921907667884464,0.8717370525464561,False
2016-03-31 10:30:00+00:00,2.8024413787500957,4.86208748706712,True
2016-03-31 11:00:00+00:00,6.967081772608678,10.252317301179897,False
2016-03-31 11:30:00+00:00,10.215328171230237,12.947704045682503,True
2016-03-31 12:00:00+00:00,12.009184787954863,14.243211410592998,False
2016-03-31 12:30:00+00:00,11.182428678738304,13.991489991066656,True
2016-03-31 13:00:00+00:00,9.944787903669354,13.515832621957216,False
2016-03-31 13:30:00+00:00,9.301627605026837,13.02620161577977,True
2016-03-31 14:00:00+00:00,8.579569464363495,12.350306719902653,False
2016-03-31 14:30:00+00:00,7.102289281038659,11.126828317931812,True
2016-03-31 15:00:00+00:00,5.111895795987862,9.579734649954512,False
2016-03-31 15:30:00+00:00,2.3092601915713136,7.964520285616493,True
2016-03-31 16:00:00+00:00,0.3540353474947781,6.458969712363295,False
2016-03-31 16:30:00+00:00,0.11166277818369857,5.106643724149686,True
2016-03-31 17:00:00+00:00,0.0213191759766969,4.37846905014049,False
2016-03-31 17:30:00+00:00,0.016628785137867693,4.829791193707502,True
2016-03-31 18:00:00+00:00,0.0142603651723425,5.351177861577197,False
2016-03-31 18:30:00+00:00,0.012022225195511608,5.4680670018330195,True
2016-03-31 19:00:00+00:00,0.010918196500458,5.514891617786159,False
2016-03-31 19:30:00+00:00,0.015214932255943715,5.155803992248285,True
2016-03-31 20:00:00+00:00,0.0278063896096997,4.689184681238789,False
2016-03-31 20:30:00+00:00,0.5008504904025769,4.490015425458402,True
2016-03-31 21:00:00+00:00,0.9655998695971838,4.398377855149638,False
2016-03-31 21:30:00+00:00,0.5000077310318872,5.030189960118083,True
2016-03-31 22:00:00+00:00,0.0344155924665906,5.662002065086529,False
2016-03-31 22:30:00+00:00,0.26699154718506085,4.431934548807523,True
2016-03-31 23:00:00+00:00,0.4995675019035311,3.201867032528516,False
2016-03-31 23:30:00+00:00,0.2543282212674498,4.042442962077333,True
2016-04-01 00:00:00+00:00,0.0090889406313685,4.883018891626149,False
2016-04-01 00:30:00+00:00,0.0210600319450576,4.757391867964416,True
2016-04-01 01:00:00+00:00,0.0330311232587467,4.428867481351838,False
2016-04-01 01:30:00+00:00,0.0202083118763867,2.4218678978540122,True
2016-04-01 02:00:00+00:00,0.0073855004940267,0.6177656773070321,False
2016-04-01 02:30:00+00:00,0.009623534716338325,2.59449709385494,True
2016-04-01 03:00:00+00:00,0.0160885895592853,4.571228510402848,False
2016-04-01 03:30:00+00:00,0.10340958331529403,2.413707741773293,True
2016-04-01 04:00:00+00:00,0.3115188916835926,0.2561869731437386,False
2016-04-01 04:30:00+00:00,1.0442104771695537,2.217926386916419,True
2016-04-01 05:00:00+00:00,1.9385505176617668,4.179665800689101,False
2016-04-01 05:30:00+00:00,2.347006736840656,3.0524030419939616,True
2016-04-01 06:00:00+00:00,2.8238295573197667,1.9251402832988227,False
2016-04-01 06:30:00+00:00,4.795113109238637,4.9998098055784475,True
2016-04-01 07:00:00+00:00,6.41136626961811,8.074479327858073,False
2016-04-01 07:30:00+00:00,5.168450636232352,7.403590146712211,True
2016-04-01 08:00:00+00:00,3.925535002846594,6.732700965566348,False
2016-04-01 08:30:00+00:00,4.393702022336862,7.034385185128743,True
2016-04-01 09:00:00+00:00,5.383936985040966,7.7287769613616035,False
2016-04-01 09:30:00+00:00,7.482883667834326,9.78198506409503,True
2016-04-01 10:00:00+00:00,9.059762407413851,11.442485610157991,False
2016-04-01 10:30:00+00:00,8.843453495697878,10.273913601323713,True
2016-04-01 11:00:00+00:00,8.419786345030738,8.952720549971689,False
2016-04-01 11:30:00+00:00,7.726989965250581,8.702463339466549,True
2016-04-01 12:00:00+00:00,7.241551824421592,8.604827171479153,False
2016-04-01 12:30:00+00:00,8.232197550902892,9.734366346934332,True
2016-04-01 13:00:00+00:00,9.222843277384197,10.86390552238951,False
2016-04-01 13:30:00+00:00,8.63446040619246,10.664747206549997,True
2016-04-01 14:00:00+00:00,8.046077535000727,10.465588890710483,False
2016-04-01 14:30:00+00:00,8.098902081204555,10.505044817274122,True
2016-04-01 15:00:00+00:00,8.151726627408385,10.54450074383776,False
2016-04-01 15:30:00+00:00,6.567078349307383,8.758321270913283,True
2016-04-01 16:00:00+00:00,4.373253675417725,6.426779157972148,False
2016-04-01 16:30:00+00:00,3.295181948053221,5.483020133645929,True
2016-04-01 17:00:00+00:00,2.5750907844173585,4.943030062808449,False
2016-04-01 17:30:00+00:00,2.1009043103038705,4.754658117629578,True
2016-04-01 18:00:00+00:00,1.8779136682503976,4.593044717785399,False
2016-04-01 18:30:00+00:00,2.2070924474001403,4.320056936001876,True
2016-04-01 19:00:00+00:00,2.536271226549883,3.924955192990404,False
2016-04-01 19:30:00+00:00,1.7041793530989064,2.9912886276580366,True
2016-04-01 20:00:00+00:00,0.8720874796479304,2.294571164746844,False
2016-04-01 20:30:00+00:00,1.1281876643960782,2.4201261744512443,True
2016-04-01 21:00:00+00:00,1.5076040800592891,2.5456811841556437,False
2016-04-01 21:30:00+00:00,1.7707862590402108,2.356495818120466,True
2016-04-01 22:00:00+00:00,1.9106522071060696,2.008606885170539,False
2016-04-01 22:30:00+00:00,1.735124964395745,1.5412334923534032,True
2016-04-01 23:00:00+00:00,1.5595977216854204,1.2325636664510171,False
2016-04-01 23:30:00+00:00,1.6142771584045328,3.0697569216401233,True
2016-04-02 00:00:00+00:00,1.6689565951236454,4.90695017682923,False
2016-04-02 00:30:00+00:00,1.5503210697710044,3.396083899097036,True
2016-04-02 01:00:00+00:00,1.4316855444183634,1.8852176213648413,False
2016-04-02 01:30:00+00:00,1.5877708210833488,2.8284879866964534,True
2016-04-02 02:00:00+00:00,1.7438560977483344,3.7717583520280655,False
2016-04-02 02:30:00+00:00,1.486192404562446,3.7438025496010763,True
2016-04-02 03:00:00+00:00,1.0610377663003254,3.715846747174087,False
2016-04-02 03:30:00+00:00,0.6485001544922757,4.14269973165636,True
2016-04-02 04:00:00+00:00,0.4034534877604581,4.569552716138632,False
2016-04-02 04:30:00+00:00,0.611753347878229,4.074854698080511,True
2016-04-02 05:00:00+00:00,1.061258832249671,3.58015668002239,False
2016-04-02 05:30:00+00:00,1.7913685110802615,4.152671151778547,True
2016-04-02 06:00:00+00:00,2.870514130915164,5.292667228014989,False
2016-04-02 06:30:00+00:00,4.34860907552954,6.784538340652637,True
2016-04-02 07:00:00+00:00,6.267285596097654,8.657995635875118,False
2016-04-02 07:30:00+00:00,9.001840137511557,10.856530356379967,True
2016-04-02 08:00:00+00:00,11.512442644940002,13.011785691781544,False
2016-04-02 08:30:00+00:00,13.081309819170004,15.015931556697874,True
2016-04-02 09:00:00+00:00,13.843305886173743,16.114289019652357,False
2016-04-02 09:30:00+00:00,11.49467492163615,15.331815023443403,True
2016-04-02 10:00:00+00:00,8.954472952497001,14.282233011298263,False
2016-04-02 10:30:00+00:00,8.7392678324892,13.925107787750624,True
2016-04-02 11:00:00+00:00,8.53875041309843,13.528123330069288,False
2016-04-02 11:30:00+00:00,7.263426817553976,11.72322771256038,True
2016-04-02 12:00:00+00:00,6.164986525994044,10.22529934512135,False
2016-04-02 12:30:00+00:00,9.856553058779046,12.819305176320643,True
2016-04-02 13:00:00+00:00,13.548119591564047,15.413311007519937,False
2016-04-02 13:30:00+00:00,12.636900295152797,14.332185217743083,True
2016-04-02 14:00:00+00:00,11.008628128577726,12.926134630418591,False
2016-04-02 14:30:00+00:00,9.470587747792914,12.507732843928805,True
2016-04-02 15:00:00+00:00,7.713941749037583,12.046437791827309,False
2016-04-02 15:30:00+00:00,5.5363865212226955,9.896304262128787,True
2016-04-02 16:00:00+00:00,3.382386961261417,7.554326344734207,False
2016-04-02 16:30:00+00:00,1.3506382285044904,6.529097784441722,True
2016-04-02 17:00:00+00:00,0.230992316028293,6.063531675004644,False
2016-04-02 17:30:00+00:00,0.3690424096270172,6.067989833052831,True
2016-04-02 18:00:00+00:00,0.5070925032257413,6.0724479911010185,False
2016-04-02 18:30:00+00:00,0.2603296553022918,5.169786214858108,True
2016-04-02 19:00:00+00:00,0.0135668073788422,4.2671244386152,False
2016-04-02 19:30:00+00:00,0.16727324374971375,4.5869538817341935,True
2016-04-02 20:00:00+00:00,0.3209796801205853,4.906783324853186,False
2016-04-02 20:30:00+00:00,0.17244081407650746,3.064338448200088,True
2016-04-02 21:00:00+00:00,0.0239019480324296,1.221893571546989,False
2016-04-02 21:30:00+00:00,0.20946950289508226,3.1285780264936034,True
2016-04-02 22:00:00+00:00,0.395037057757735,5.035262481440218,False
2016-04-02 22:30:00+00:00,0.249996909520396,5.018593461723226,True
2016-04-02 23:00:00+00:00,0.1049567612830569,5.001924442006235,False
2016-04-02 23:30:00+00:00,0.15998375316459504,5.316821272070947,True
2016-04-03 00:00:00+00:00,0.2811074874005424,5.63171810213566,False
2016-04-03 00:30:00+00:00,0.5455387189662676,4.794210007965313,True
2016-04-03 01:00:00+00:00,0.8108490629232469,3.956701913794968,False
2016-04-03 01:30:00+00:00,0.9339802526936428,4.378143599863185,True
2016-04-03 02:00:00+00:00,0.9901355877183752,4.7995852859314,False
2016-04-03 02:30:00+00:00,0.7461263316176049,2.5754557939087936,True
2016-04-03 03:00:00+00:00,0.5021170755168346,0.3513263018861876,False
2016-04-03 03:30:00+00:00,1.2666294420091833,1.123288539898907,True
2016-04-03 04:00:00+00:00,2.0311418085015323,2.434481101813897,False
2016-04-03 04:30:00+00:00,1.9704333034588994,3.8221481954198335,True
2016-04-03 05:00:00+00:00,1.9097247984162669,4.6705849651235,False
2016-04-03 05:30:00+00:00,2.0691615147586404,4.167031188383471,True
2016-04-03 06:00:00+00:00,2.469040598868487,3.6634774116434414,False
2016-04-03 06:30:00+00:00,3.853074171144715,5.3010101379959735,True
2016-04-03 07:00:00+00:00,5.898376042224756,7.918649475355791,False
2016-04-03 07:30:00+00:00,7.881623344607728,9.95966864217512,True
2016-04-03 08:00:00+00:00,9.702105069607256,11.553156722146044,False
2016-04-03 08:30:00+00:00,11.280064989233969,12.490596578771484,True
2016-04-03 09:00:00+00:00,12.11907981967284,13.059876267820025,False
2016-04-03 09:30:00+00:00,10.33384658556377,13.262767165709027,True
2016-04-03 10:00:00+00:00,8.548613351454698,13.48050650818511,False
2016-04-03 10:30:00+00:00,11.6640311366678,14.526765149568716,True
2016-04-03 11:00:00+00:00,14.7794489218809,15.908866338624398,False
2016-04-03 11:30:00+00:00,14.167733201322546,17.061077547685056,True
2016-04-03 12:00:00+00:00,13.118375240428936,17.69818240790457,False
2016-04-03 12:30:00+00:00,12.22459671635046,16.885532114988965,True
2016-04-03 13:00:00+00:00,11.2681181827101,15.566207289703854,False
2016-04-03 13:30:00+00:00,10.221972616098567,14.63637013867906,True
2016-04-03 14:00:00+00:00,9.08875923211343,13.634878240653192,False
2016-04-03 14:30:00+00:00,7.883455630906561,12.36570637144563,True
2016-04-03 15:00:00+00:00,6.539972928754204,10.751215699903332,False
2016-04-03 15:30:00+00:00,4.775806370565545,7.7193648497216145,True
2016-04-03 16:00:00+00:00,3.170150934853301,5.61116208124521,False
2016-04-03 16:30:00+00:00,2.066223775713167,5.952255244765494,True
2016-04-03 17:00:00+00:00,1.4606360482839222,6.469397692842959,False
2016-04-03 17:30:00+00:00,1.3838149319335613,6.855941812498542,True
2016-04-03 18:00:00+00:00,1.3111362149582295,7.066436647596944,False
2016-04-03 18:30:00+00:00,0.8515053091715148,6.475508870234893,True
2016-04-03 19:00:00+00:00,0.3600423857603245,5.34399070213975,False
2016-04-03 19:30:00+00:00,0.19087367023414706,3.6216632134918183,True
2016-04-03 20:00:00+00:00,0.1181331869863403,2.4399261155769785,False
2016-04-03 20:30:00+00:00,0.4220071647259178,3.191745041951263,True
2016-04-03 21:00:00+00:00,0.7258811424654954,3.943563968325548,False
2016-04-03 21:30:00+00:00,0.72110298889831,3.8755828921550726,True
2016-04-03 22:00:00+00:00,0.7074869832944817,3.807601815984597,False
2016-04-03 22:30:00+00:00,0.5149919379132116,4.820768787066586,True
2016-04-03 23:00:00+00:00,0.2549469216926624,5.866981517927679,False
2016-04-03 23:30:00+00:00,0.10143395221413806,5.917645856902666,True
2016-04-04 00:00:00+00:00,0.024308805611536,5.935264436098549,False
2016-04-04 00:30:00+00:00,0.38265239101854953,5.344550451845339,True
2016-04-04 01:00:00+00:00,0.8550744605811027,4.325312674577089,False
2016-04-04 01:30:00+00:00,1.069384065177099,3.2340145173005004,True
2016-04-04 02:00:00+00:00,1.1696151856175552,2.492668739595177,False
2016-04-04 02:30:00+00:00,1.1010950030459141,2.405831829930075,True
2016-04-04 03:00:00+00:00,1.0325748204742728,2.320787714133536,False
2016-04-04 03:30:00+00:00,1.2857929639583994,1.5621985699898848,True
2016-04-04 04:00:00+00:00,1.5390111074425257,0.8803880454214444,False
2016-04-04 04:30:00+00:00,0.7817841547790709,2.4525400595333275,True
2016-04-04 05:00:00+00:00,0.0245572021156165,4.024692073645211,False
2016-04-04 05:30:00+00:00,0.07438713727696879,3.9678670168298544,True
2016-04-04 06:00:00+00:00,0.1969118243200041,3.893672123482802,False
2016-04-04 06:30:00+00:00,0.6979067605603998,3.8718029426766605,True
2016-04-04 07:00:00+00:00,1.1262069449191126,3.8463977452761062,False
2016-04-04 07:30:00+00:00,0.8830646045214132,3.6550239771077737,True
2016-04-04 08:00:00+00:00,0.6399222641237137,3.4845560620655505,False
2016-04-04 08:30:00+00:00,1.2890288936043957,3.641784210101453,True
2016-04-04 09:00:00+00:00,2.6938168296582514,4.073146786752512,False
2016-04-04 09:30:00+00:00,5.483586333037898,8.087211523260994,True
2016-04-04 10:00:00+00:00,8.415469617165009,12.07639624803874,False
2016-04-04 10:30:00+00:00,9.80637758827919,12.346970491009813,True
2016-04-04 11:00:00+00:00,11.032275445551328,12.608018958712847,False
2016-04-04 11:30:00+00:00,13.064317883343458,15.170980106928944,True
2016-04-04 12:00:00+00:00,14.363575347656992,17.49421261352866,False
2016-04-04 12:30:00+00:00,13.769574798242724,16.287608550076506,True
2016-04-04 13:00:00+00:00,12.412295799271725,14.16953341566476,False
2016-04-04 13:30:00+00:00,8.523969019928453,11.749727783202637,True
2016-04-04 14:00:00+00:00,5.398920690141911,10.133741800776876,False
2016-04-04 14:30:00+00:00,5.465992326249909,10.019868231551252,True
2016-04-04 15:00:00+00:00,5.5330639623579065,9.906305612528714,False
2016-04-04 15:30:00+00:00,4.555502915535588,8.18332192549821,True
2016-04-04 16:00:00+00:00,2.9980320165529912,6.078373801712279,False
2016-04-04 16:30:00+00:00,1.63908573294498,5.176362922625481,True
2016-04-04 17:00:00+00:00,0.860049301497247,4.763656951014251,False
2016-04-04 17:30:00+00:00,0.9052911468895636,4.783710347119717,True
2016-04-04 18:00:00+00:00,0.95053299228188,4.832998155713794,False
2016-04-04 18:30:00+00:00,0.6372590230310398,4.970747304735323,True
2016-04-04 19:00:00+00:00,0.2789940259501632,5.205897085371488,False
2016-04-04 19:30:00+00:00,0.2045461961589728,5.66395279789969,True
2016-04-04 20:00:00+00:00,0.1750893941978188,5.9953734663246445,False
2016-04-04 20:30:00+00:00,0.21284579644260385,5.976396422823975,True
2016-04-04 21:00:00+00:00,0.2621430665802151,5.9350807925246585,False
2016-04-04 21:30:00+00:00,0.28361843281410476,5.869424599625748,True
2016-04-04 22:00:00+00:00,0.2935529311551683,5.762578713241746,False
2016-04-04 22:30:00+00:00,0.2928335905228111,5.5640209986167495,True
2016-04-04 23:00:00+00:00,0.2907073422125678,5.280297478392922,False
2016-04-04 23:30:00+00:00,0.16900606072193847,4.884311911321587,True
2016-04-05 00:00:00+00:00,0.0387067762652799,4.504580248572315,False
2016-04-05 00:30:00+00:00,0.0228364600369757,4.237246774138278,True
2016-04-05 01:00:00+00:00,0.0169710544525869,4.102353481264746,False
2016-04-05 01:30:00+00:00,0.4024068104520715,4.791748384946302,True
2016-04-05 02:00:00+00:00,0.7878425664515561,5.481143288627857,False
2016-04-05 02:30:00+00:00,0.6048760072028055,4.884416385481592,True
2016-04-05 03:00:00+00:00,0.3298084719815088,4.287689482335328,False
2016-04-05 03:30:00+00:00,0.12970233975855464,4.341507414245248,True
2016-04-05 04:00:00+00:00,0.0216971835081465,4.395325346155167,False
2016-04-05 04:30:00+00:00,0.03484881832418605,4.324292565057454,True
2016-04-05 05:00:00+00:00,0.0480004531402256,4.253259783959741,False
2016-04-05 05:30:00+00:00,0.03623463223281055,4.501454725253344,True
2016-04-05 06:00:00+00:00,0.0244688113253955,4.889135120041205,False
2016-04-05 06:30:00+00:00,0.6472832742625264,5.092900788794778,True
2016-04-05 07:00:00+00:00,1.995027147946114,5.386160947625076,False
2016-04-05 07:30:00+00:00,5.100946863945473,8.41390335020023,True
2016-04-05 08:00:00+00:00,7.481937169198376,11.212665809204404,False
2016-04-05 08:30:00+00:00,6.9666219235997335,9.467005189120167,True
2016-04-05 09:00:00+00:00,6.451306678001092,7.721344569035931,False
2016-04-05 09:30:00+00:00,8.942078741622277,11.415788977300345,True
2016-04-05 10:00:00+00:00,11.432850805243463,15.11023338556476,False
2016-04-05 10:30:00+00:00,8.9332890375786,13.15705792956257,True
2016-04-05 11:00:00+00:00,6.433727269913737,11.203882473560377,False
2016-04-05 11:30:00+00:00,8.29564345999422,12.066236086131926,True
2016-04-05 12:00:00+00:00,10.157559650074704,12.928589698703476,False
2016-04-05 12:30:00+00:00,7.510343906164859,10.23174574999112,True
2016-04-05 13:00:00+00:00,4.863128162255015,7.534901801278761,False
2016-04-05 13:30:00+00:00,6.691903282134107,8.678857520503577,True
2016-04-05 14:00:00+00:00,8.520678402013198,9.993015290107255,False
2016-04-05 14:30:00+00:00,8.421777742701623,10.275676924046547,True
2016-04-05 15:00:00+00:00,8.147695551447928,10.388136507606974,False
2016-04-05 15:30:00+00:00,5.291194714698465,7.914358417899614,True
2016-04-05 16:00:00+00:00,2.370478633219352,5.440580328192252,False
2016-04-05 16:30:00+00:00,2.08048171835966,5.597261495535717,True
2016-04-05 17:00:00+00:00,1.8484187625326824,5.831455495279282,False
2016-04-05 17:30:00+00:00,1.1623757611581684,5.998674515902939,True
2016-04-05 18:00:00+00:00,0.6577955774227127,6.0883807041264975,False
2016-04-05 18:30:00+00:00,1.0490832861342771,4.149770743813925,True
2016-04-05 19:00:00+00:00,1.4403709948458412,2.2111607835013527,False
2016-04-05 19:30:00+00:00,1.2895024253079757,2.384924066008903,True
2016-04-05 20:00:00+00:00,1.0958568034322222,2.558687348516454,False
2016-04-05 20:30:00+00:00,1.017558728834818,1.912529499609278,True
2016-04-05 21:00:00+00:00,0.9820377065753016,1.266371650702102,False
2016-04-05 21:30:00+00:00,0.9885524636439584,1.575897917663226,True
2016-04-05 22:00:00+00:00,1.0069978482443656,1.8854241846243496,False
2016-04-05 22:30:00+00:00,1.2094668040503187,1.5155746159234558,True
2016-04-05 23:00:00+00:00,1.5489830756293856,1.145725047222562,False
2016-04-05 23:30:00+00:00,1.954349654953555,1.2226882760720854,True
2016-04-06 00:00:00+00:00,2.21073829097286,1.405489774870864,False
2016-04-06 00:30:00+00:00,1.9676962492409673,2.030130379391919,True
2016-04-06 01:00:00+00:00,1.6904290838322955,2.548932713963719,False
2016-04-06 01:30:00+00:00,1.633906775702836,1.8268914512424992,True
2016-04-06 02:00:00+00:00,1.611609591250156,1.1048501885212794,False
2016-04-06 02:30:00+00:00,1.7433518665894214,1.3414566403090393,True
2016-04-06 03:00:00+00:00,1.875094141928687,1.5780630920967995,False
2016-04-06 03:30:00+00:00,1.1668559204709843,0.9706266536738841,True
2016-04-06 04:00:00+00:00,0.4586176990132818,0.363190215250969,False
2016-04-06 04:30:00+00:00,0.7586239193740518,1.1335889600027158,True
2016-04-06 05:00:00+00:00,1.29758041426515,2.2098425564571325,False
2016-04-06 05:30:00+00:00,1.753725354575149,2.6242609057285273,True
2016-04-06 06:00:00+00:00,2.408028364239384,3.124553184590928,False
2016-04-06 06:30:00+00:00,4.0818670367445025,5.487450309148877,True
2016-04-06 07:00:00+00:00,6.517442671663397,8.58451677635072,False
2016-04-06 07:30:00+00:00,9.792171145127298,10.82060263777371,True
2016-04-06 08:00:00+00:00,12.273689511007964,12.416837291954591,False
2016-04-06 08:30:00+00:00,12.948690619823605,13.151676219134577,True
2016-04-06 09:00:00+00:00,13.218056529924144,13.71931277893722,False
2016-04-06 09:30:00+00:00,13.148879136642048,14.312421167109997,True
2016-04-06 10:00:00+00:00,13.079701743359951,14.968698196342835,False
2016-04-06 10:30:00+00:00,14.245386800958542,16.143062828110484,True
2016-04-06 11:00:00+00:00,15.411071858557133,16.93541426949996,False
2016-04-06 11:30:00+00:00,13.778064104084512,16.254031533556546,True
2016-04-06 12:00:00+00:00,12.145056349611892,15.572648797613128,False
2016-04-06 12:30:00+00:00,14.04378568865336,15.69648676126482,True
2016-04-06 13:00:00+00:00,15.942515027694826,15.92032560283794,False
2016-04-06 13:30:00+00:00,14.983421670678188,16.205761790091334,True
2016-04-06 14:00:00+00:00,13.294133852452186,16.391197099423298,False
2016-04-06 14:30:00+00:00,11.791971607099942,15.83972247935914,True
2016-04-06 15:00:00+00:00,10.038501064045477,14.572767925999813,False
2016-04-06 15:30:00+00:00,7.466809184824036,11.433348697145066,True
2016-04-06 16:00:00+00:00,5.094442344965994,7.857141367928794,False
2016-04-06 16:30:00+00:00,3.6215791727450295,5.795952015742636,True
2016-04-06 17:00:00+00:00,2.8059973225252954,4.348620368391519,False
2016-04-06 17:30:00+00:00,2.6550530917280475,3.3029298579473063,True
2016-04-06 18:00:00+00:00,2.5255978159757277,2.794955295031995,False
2016-04-06 18:30:00+00:00,2.0798525784115673,2.7939131018563326,True
2016-04-06 19:00:00+00:00,1.7375147833494349,2.7935652899734205,False
2016-04-06 19:30:00+00:00,1.8618594430153679,3.3438783087598294,True
2016-04-06 20:00:00+00:00,1.9862041026813009,3.8941913275462383,False
2016-04-06 20:30:00+00:00,1.9003020609582024,2.7775214223904294,True
2016-04-06 21:00:00+00:00,1.814400019235104,1.6608515172346203,False
2016-04-06 21:30:00+00:00,1.860805452207982,1.8892041754910704,True
2016-04-06 22:00:00+00:00,1.9348163338960456,2.117556833747521,False
2016-04-06 22:30:00+00:00,1.999598663016994,2.030857264808994,True
2016-04-06 23:00:00+00:00,2.036775543422757,1.844375942903788,False
2016-04-06 23:30:00+00:00,1.719644032136272,1.424212905862553,True
2016-04-07 00:00:00+00:00,1.3824515344980586,1.103831621787997,False
2016-04-07 00:30:00+00:00,1.3510495963602003,1.2237980128537664,True
2016-04-07 01:00:00+00:00,1.339708644574071,1.508035089864547,False
2016-04-07 01:30:00+00:00,1.6787669348670553,2.4677403695540603,True
2016-04-07 02:00:00+00:00,2.01782522516004,3.263174963298562,False
2016-04-07 02:30:00+00:00,1.1283232285375189,1.7293293214026235,True
2016-04-07 03:00:00+00:00,0.2388212319149976,0.1954836795066852,False
2016-04-07 03:30:00+00:00,0.3756148712684257,0.8779913035899483,True
2016-04-07 04:00:00+00:00,0.6464435664303649,1.560498927673211,False
2016-04-07 04:30:00+00:00,0.9875992754986572,1.1826406071027384,True
2016-04-07 05:00:00+00:00,1.4294577129747963,0.8047822865322657,False
2016-04-07 05:30:00+00:00,1.9070937029400452,1.8482614755810407,True
2016-04-07 06:00:00+00:00,2.601900395319375,3.687888374425495,False
2016-04-07 06:30:00+00:00,4.3201789639774875,5.335354651667239,True
2016-04-07 07:00:00+00:00,6.546696297741217,7.244379446805402,False
2016-04-07 07:30:00+00:00,8.446307411622334,10.04888477595556,True
2016-04-07 08:00:00+00:00,10.288442237096854,12.465083871425676,False
2016-04-07 08:30:00+00:00,12.484023955324856,13.580267833306452,True
2016-04-07 09:00:00+00:00,13.776934710223395,14.265612229431266,False
2016-04-07 09:30:00+00:00,13.313232445166637,14.582245887754732,True
2016-04-07 10:00:00+00:00,12.84953018010988,14.918454511684994,False
2016-04-07 10:30:00+00:00,14.36334830990214,16.30515725445673,True
2016-04-07 11:00:00+00:00,15.877166439694395,17.432724603365568,False
2016-04-07 11:30:00+00:00,12.587846153261625,16.81669698044218,True
2016-04-07 12:00:00+00:00,9.298525866828856,16.200669357518795,False
2016-04-07 12:30:00+00:00,11.768503171533672,16.362873485348587,True
2016-04-07 13:00:00+00:00,14.238480476238488,16.525077613178375,False
2016-04-07 13:30:00+00:00,13.389604428809301,16.10314078140772,True
2016-04-07 14:00:00+00:00,11.841113522296787,15.271605525725862,False
2016-04-07 14:30:00+00:00,10.275539499063505,14.256181054027442,True
2016-04-07 15:00:00+00:00,8.480386192350874,12.90711340375021,False
2016-04-07 15:30:00+00:00,6.1250763769752385,10.9368271063095,True
2016-04-07 16:00:00+00:00,4.323177923682033,8.903990246810869,False
2016-04-07 16:30:00+00:00,3.817222757481824,7.152303487995456,True
2016-04-07 17:00:00+00:00,3.405755036836076,6.20640889372798,False
2016-04-07 17:30:00+00:00,2.5378149594283728,6.367524685063552,True
2016-04-07 18:00:00+00:00,1.951170216946452,6.621715398997908,False
2016-04-07 18:30:00+00:00,2.014132225106154,6.83693493491195,True
2016-04-07 19:00:00+00:00,2.077094233265857,6.9590795482272085,False
2016-04-07 19:30:00+00:00,1.1062257216009843,4.887011248000833,True
2016-04-07 20:00:00+00:00,0.127033071300024,2.8149429477744583,False
2016-04-07 20:30:00+00:00,0.11734813941756315,3.3609370157457312,True
2016-04-07 21:00:00+00:00,0.1102414386492197,4.178676333043511,False
2016-04-07 21:30:00+00:00,0.09525965772123147,4.76635180152502,True
2016-04-07 22:00:00+00:00,0.07383144286768,5.082282020680021,False
2016-04-07 22:30:00+00:00,0.03081955071007322,4.270084106669616,True
2016-04-07 23:00:00+00:00,0.0,3.1636922985150995,False
2016-04-07 23:30:00+00:00,0.2639596756630703,2.5922707678938472,True
2016-04-08 00:00:00+00:00,0.7588743284486774,2.3150431314167066,False
2016-04-08 00:30:00+00:00,1.4492444711289572,3.3444389661256095,True
2016-04-08 01:00:00+00:00,1.939257016680361,4.497030930412571,False
2016-04-08 01:30:00+00:00,1.9742129614184014,4.697507415868499,True
2016-04-08 02:00:00+00:00,2.00379777295249,4.774787771746368,False
2016-04-08 02:30:00+00:00,2.131976674841648,3.896663799445659,True
2016-04-08 03:00:00+00:00,2.2349293299410964,3.0185398271449504,False
2016-04-08 03:30:00+00:00,1.9878503640733711,3.125600008980789,True
2016-04-08 04:00:00+00:00,1.740771398205646,3.339569564905704,False
2016-04-08 04:30:00+00:00,1.8399902430806456,3.6059369589638037,True
2016-04-08 05:00:00+00:00,2.0662367866149927,3.979822741592223,False
2016-04-08 05:30:00+00:00,2.4830434745562395,4.47671845141372,True
2016-04-08 06:00:00+00:00,3.224145327183963,5.278683493584685,False
2016-04-08 06:30:00+00:00,4.895417154045705,7.608596948580015,True
2016-04-08 07:00:00+00:00,7.318675118533238,10.47176706966038,False
2016-04-08 07:30:00+00:00,10.520630693154219,12.402266234450451,True
2016-04-08 08:00:00+00:00,13.156639618337769,14.013081143206524,False
2016-04-08 08:30:00+00:00,14.290728037096969,15.630608836481334,True
2016-04-08 09:00:00+00:00,14.787454104321982,16.515067024696243,False
2016-04-08 09:30:00+00:00,14.053601392715853,16.46207564674122,True
2016-04-08 10:00:00+00:00,13.319748681109724,16.409084268786195,False
2016-04-08 10:30:00+00:00,14.822997008806599,17.599551103265508,True
2016-04-08 11:00:00+00:00,16.326245336503472,18.79001793774482,False
2016-04-08 11:30:00+00:00,14.382574117872373,16.66414409231459,True
2016-04-08 12:00:00+00:00,12.438902899241274,14.53827024688436,False
2016-04-08 12:30:00+00:00,12.81870133648377,16.797480196230406,True
2016-04-08 13:00:00+00:00,13.198499773726269,19.05669014557645,False
2016-04-08 13:30:00+00:00,11.87637040624513,17.521002127925506,True
2016-04-08 14:00:00+00:00,9.589418722437976,15.09065632277353,False
2016-04-08 14:30:00+00:00,7.501735226388217,13.529520964077351,True
2016-04-08 15:00:00+00:00,5.442644362811018,11.83047963371614,False
2016-04-08 15:30:00+00:00,3.3515471731109883,8.497292491937335,True
2016-04-08 16:00:00+00:00,2.0285761607212582,6.1966691093245965,False
2016-04-08 16:30:00+00:00,1.8290171440736749,6.301400282120888,True
2016-04-08 17:00:00+00:00,1.6556439190729078,6.40613145491718,False
2016-04-08 17:30:00+00:00,0.9906605343315513,5.880101785650423,True
2016-04-08 18:00:00+00:00,0.4675948644865293,4.991275923180154,False
2016-04-08 18:30:00+00:00,1.1161773724982094,4.06516341042988,True
2016-04-08 19:00:00+00:00,1.8022797872148413,3.501847090883117,False
2016-04-08 19:30:00+00:00,1.8607947901529651,4.973143911093651,True
2016-04-08 20:00:00+00:00,1.881789886386137,6.444440731304184,False
2016-04-08 20:30:00+00:00,1.108787723760652,6.1764040867702485,True
2016-04-08 21:00:00+00:00,0.2389237617650876,5.843880650912571,False
2016-04-08 21:30:00+00:00,0.08085518121063535,5.748294512710992,True
2016-04-08 22:00:00+00:00,0.0193028947862335,5.679634249597676,False
2016-04-08 22:30:00+00:00,0.01878354640457,5.623352710443384,True
2016-04-08 23:00:00+00:00,0.0186097032629355,5.5411932921424905,False
2016-04-08 23:30:00+00:00,0.8492800619712979,4.842540704216368,True
2016-04-09 00:00:00+00:00,1.6799504206796598,4.022167249439081,False
2016-04-09 00:30:00+00:00,1.3253277525696427,3.684736104644972,True
2016-04-09 01:00:00+00:00,0.9707050844596258,3.5324646220841065,False
2016-04-09 01:30:00+00:00,1.408395809475351,3.5518621854035493,True
2016-04-09 02:00:00+00:00,1.8534818020209916,3.571259748722992,False
2016-04-09 02:30:00+00:00,1.8610523402843582,3.298299079844707,True
2016-04-09 03:00:00+00:00,1.8685243686589348,3.0253384109664214,False
2016-04-09 03:30:00+00:00,2.1166035050441714,3.522671359911305,True
2016-04-09 04:00:00+00:00,2.3573858837882824,4.020004308856189,False
2016-04-09 04:30:00+00:00,2.1891606532728023,4.001253599866598,True
2016-04-09 05:00:00+00:00,2.020935422757322,3.982502890877009,False
2016-04-09 05:30:00+00:00,2.281925072997806,4.3313818661579315,True
2016-04-09 06:00:00+00:00,2.942673169810404,5.203596569480925,False
2016-04-09 06:30:00+00:00,5.594757641554246,8.766588663121825,True
2016-04-09 07:00:00+00:00,8.972289853451215,12.53112559723768,False
2016-04-09 07:30:00+00:00,11.012860021015237,13.489887695387637,True
2016-04-09 08:00:00+00:00,12.562760989251062,14.338472707983229,False
2016-04-09 08:30:00+00:00,13.861458587850956,16.568138678463782,True
2016-04-09 09:00:00+00:00,14.525619199053809,18.183101165981675,False
2016-04-09 09:30:00+00:00,14.278451277426559,16.9886656663527,True
2016-04-09 10:00:00+00:00,14.031283355799308,15.794230166723723,False
2016-04-09 10:30:00+00:00,14.527025295362908,16.93209778736049,True
2016-04-09 11:00:00+00:00,15.022767234926508,18.347001039359004,False
2016-04-09 11:30:00+00:00,14.17676095579511,18.826501919742704,True
2016-04-09 12:00:00+00:00,13.330754676663709,19.05466965240649,False
2016-04-09 12:30:00+00:00,14.843873160963536,19.095236646986386,True
2016-04-09 13:00:00+00:00,16.35699164526336,19.110101157924444,False
2016-04-09 13:30:00+00:00,12.675428587327266,16.141004589224153,True
2016-04-09 14:00:00+00:00,8.630359921900912,12.648910321800669,False
2016-04-09 14:30:00+00:00,8.224380773413069,12.012247617019568,True
2016-04-09 15:00:00+00:00,7.827838140872627,11.400871178404794,False
2016-04-09 15:30:00+00:00,4.6474897172281935,9.067489679193882,True
2016-04-09 16:00:00+00:00,1.8067038729260247,6.483030141630287,False
2016-04-09 16:30:00+00:00,1.7919170464409868,5.031984703477941,True
2016-04-09 17:00:00+00:00,1.777550371463259,4.32972873623514,False
2016-04-09 17:30:00+00:00,1.4313898499982916,5.792576389932999,True
2016-04-09 18:00:00+00:00,0.9401215797416032,7.281534943407263,False
2016-04-09 18:30:00+00:00,0.6539260555611924,7.32117155293762,True
2016-04-09 19:00:00+00:00,0.426428671117975,7.3346972626915745,False
2016-04-09 19:30:00+00:00,0.21108984195067196,6.912909824467142,True
2016-04-09 20:00:00+00:00,0.0962469825311809,6.223744827137517,False
2016-04-09 20:30:00+00:00,0.18032670301363057,5.600114840724693,True
2016-04-09 21:00:00+00:00,0.3660779854217316,5.192696116706812,False
2016-04-09 21:30:00+00:00,0.8295324258495816,5.134133620721077,True
2016-04-09 22:00:00+00:00,1.1913153043517803,5.079087785216987,False
2016-04-09 22:30:00+00:00,0.9933322360872889,4.864758406347205,True
2016-04-09 23:00:00+00:00,0.7953491678227973,4.48775257149728,False
2016-04-09 23:30:00+00:00,1.3741846666390884,3.6539100240062945,True
2016-04-10 00:00:00+00:00,1.9530201654553796,3.0303935687240577,False
2016-04-10 00:30:00+00:00,1.6951300538644154,3.5794039420891335,True
2016-04-10 01:00:00+00:00,1.4372399422734516,4.346240162951486,False
2016-04-10 01:30:00+00:00,1.438669874468799,4.780791646766537,True
2016-04-10 02:00:00+00:00,1.4427705931300332,4.997517283084311,False
2016-04-10 02:30:00+00:00,1.4885811959501298,4.03359732090888,True
2016-04-10 03:00:00+00:00,1.5990150354183992,3.069677358733449,False
2016-04-10 03:30:00+00:00,2.1181683649032315,3.5718640585246644,True
2016-04-10 04:00:00+00:00,2.5700276712740044,4.185306454319888,False
2016-04-10 04:30:00+00:00,2.1901432957312266,4.379908248325298,True
2016-04-10 05:00:00+00:00,1.8102589201884485,4.463254346326697,False
2016-04-10 05:30:00+00:00,2.1519716741638497,4.061689236471552,True
2016-04-10 06:00:00+00:00,2.995127444542558,3.660124126616407,False
2016-04-10 06:30:00+00:00,6.510690761651951,7.6866107918009545,True
2016-04-10 07:00:00+00:00,9.524811062358037,11.860800192284144,False
2016-04-10 07:30:00+00:00,8.44776598909677,12.015044677200335,True
2016-04-10 08:00:00+00:00,7.370720915835503,12.167244423795346,False
2016-04-10 08:30:00+00:00,11.317257714614941,15.19058585184953,True
2016-04-10 09:00:00+00:00,15.263794513394378,18.068269282926256,False
2016-04-10 09:30:00+00:00,14.455010156612708,17.79577494155754,True
2016-04-10 10:00:00+00:00,13.646225799831036,17.17899035042185,False
2016-04-10 10:30:00+00:00,14.485821656590579,15.481322274247924,True
2016-04-10 11:00:00+00:00,15.325417513350123,14.127944447840974,False
2016-04-10 11:30:00+00:00,15.27627195985994,16.240931897934708,True
2016-04-10 12:00:00+00:00,15.227126406369758,18.43864965556815,False
2016-04-10 12:30:00+00:00,15.264299369891788,18.569212299197005,True
2016-04-10 13:00:00+00:00,15.301472333413818,18.61504463528616,False
2016-04-10 13:30:00+00:00,12.9511600596278,16.825365286798935,True
2016-04-10 14:00:00+00:00,9.561472332275171,14.090826686173408,False
2016-04-10 14:30:00+00:00,7.879984395518789,12.21804315050317,True
2016-04-10 15:00:00+00:00,6.302467030273736,10.845618799500103,False
2016-04-10 15:30:00+00:00,3.7954374052832898,10.134437752417078,True
2016-04-10 16:00:00+00:00,1.910449642337396,9.621197800524635,False
2016-04-10 16:30:00+00:00,1.4895865880077073,9.220561260319965,True
2016-04-10 17:00:00+00:00,1.1794061689628794,8.79557022704794,False
2016-04-10 17:30:00+00:00,0.6231195804597027,8.114952421699808,True
2016-04-10 18:00:00+00:00,0.2695133766823923,7.21929735588295,False
2016-04-10 18:30:00+00:00,0.4317900202788808,5.708904439674065,True
2016-04-10 19:00:00+00:00,0.5940666638753694,4.684462249281809,False
2016-04-10 19:30:00+00:00,0.322821507256288,4.940805718559543,True
2016-04-10 20:00:00+00:00,0.0515763506372066,5.197149187837275,False
2016-04-10 20:30:00+00:00,0.05200460589161546,4.691787668761344,True
2016-04-10 21:00:00+00:00,0.0524328611460243,4.1864261496854125,False
2016-04-10 21:30:00+00:00,0.0368760185613606,4.239725936596921,True
2016-04-10 22:00:00+00:00,0.0213191759766969,4.293025723508428,False
2016-04-10 22:30:00+00:00,0.059508105141206254,3.4049947985694704,True
2016-04-10 23:00:00+00:00,0.1265484454995858,2.5169638736305124,False
2016-04-10 23:30:00+00:00,0.17544966174879734,3.515178703907065,True
2016-04-11 00:00:00+00:00,0.2543094336501245,4.513393534183618,False
2016-04-11 00:30:00+00:00,1.0246254838701285,3.7739422874835373,True
2016-04-11 01:00:00+00:00,1.7361315672441464,2.893597604387372,False
2016-04-11 01:30:00+00:00,1.1016770449042337,2.652585064071216,True
2016-04-11 02:00:00+00:00,0.4672225225643212,2.552465960151144,False
2016-04-11 02:30:00+00:00,1.3092582326124431,3.7559096445409654,True
2016-04-11 03:00:00+00:00,2.151293942660565,4.959353328930787,False
2016-04-11 03:30:00+00:00,2.0126195176135773,4.626648004614012,True
2016-04-11 04:00:00+00:00,1.7097199456434202,3.878093363711531,False
2016-04-11 04:30:00+00:00,0.9865608672942002,1.8684423967062544,True
2016-04-11 05:00:00+00:00,0.4276269358681493,0.2746407462866847,False
2016-04-11 05:30:00+00:00,1.0730504271161454,1.9080914469137151,True
2016-04-11 06:00:00+00:00,2.5126135188992254,4.914498585905036,False
2016-04-11 06:30:00+00:00,6.243175979639489,8.316218649158461,True
2016-04-11 07:00:00+00:00,9.17959883984467,11.6415395705377,False
2016-04-11 07:30:00+00:00,9.176201780834646,14.399675348804614,True
2016-04-11 08:00:00+00:00,9.17280472182462,15.86125383058142,False
2016-04-11 08:30:00+00:00,10.778594319610782,15.11985485495711,True
2016-04-11 09:00:00+00:00,12.384383917396944,14.237182040003752,False
2016-04-11 09:30:00+00:00,8.076798260402102,13.99551661987299,True
2016-04-11 10:00:00+00:00,3.7692126034072615,13.895125039071278,False
2016-04-11 10:30:00+00:00,7.473291473634509,14.18333213552056,True
2016-04-11 11:00:00+00:00,12.206539785839414,14.656584673377871,False
2016-04-11 11:30:00+00:00,13.810521645677772,14.974653622480602,True
2016-04-11 12:00:00+00:00,14.929052793176345,15.376645401823977,False
2016-04-11 12:30:00+00:00,16.106241159781824,16.574543984521664,True
2016-04-11 13:00:00+00:00,16.739710796749435,17.50347429557068,False
2016-04-11 13:30:00+00:00,15.100483789222888,16.906951464107173,True
2016-04-11 14:00:00+00:00,12.262592632028957,15.705583536916333,False
2016-04-11 14:30:00+00:00,9.657415291074077,14.071994194195293,True
2016-04-11 15:00:00+00:00,7.101916424118092,12.00805086297574,False
2016-04-11 15:30:00+00:00,4.780256847174468,9.47663367142903,True
2016-04-11 16:00:00+00:00,2.9593007255166555,7.303237062953209,False
2016-04-11 16:30:00+00:00,1.8558189464442585,6.01373307158947,True
2016-04-11 17:00:00+00:00,1.0720654932718212,5.401407581380694,False
2016-04-11 17:30:00+00:00,0.4037281832228249,5.618326225282551,True
2016-04-11 18:00:00+00:00,0.0639447676565487,6.000091897006275,False
2016-04-11 18:30:00+00:00,0.2646904109393179,6.44941096334763,True
2016-04-11 19:00:00+00:00,0.465436054222087,6.73388300186712,False
2016-04-11 19:30:00+00:00,0.24726117012080284,5.346838827374635,True
2016-04-11 20:00:00+00:00,0.0286183478516369,3.959794652882149,False
2016-04-11 20:30:00+00:00,0.028115971909972788,4.240105189610243,True
2016-04-11 21:00:00+00:00,0.0276804621076911,4.743329042736654,False
2016-04-11 21:30:00+00:00,0.025558402099350338,5.371979178741151,True
2016-04-11 22:00:00+00:00,0.0221381744540688,5.777715998347332,False
2016-04-11 22:30:00+00:00,0.017962704237371643,5.508028135795458,True
2016-04-11 23:00:00+00:00,0.0133522443702942,5.238340273243583,False
2016-04-11 23:30:00+00:00,0.008134314427722533,5.430705022312011,True
2016-04-12 00:00:00+00:00,0.0050506138009712,5.623069771380438,False
2016-04-12 00:30:00+00:00,0.085896668606892,5.44198754827178,True
2016-04-12 01:00:00+00:00,0.1756927029834942,5.029355792946356,False
2016-04-12 01:30:00+00:00,0.18546787587948016,3.861065737685073,True
2016-04-12 02:00:00+00:00,0.1956903711012614,2.9243252146405565,False
2016-04-12 02:30:00+00:00,0.35659357458437624,4.367732580052971,True
2016-04-12 03:00:00+00:00,0.5080994761710145,6.063306544499548,False
2016-04-12 03:30:00+00:00,0.2584680380622556,6.489827020742883,True
2016-04-12 04:00:00+00:00,0.0088365999534966,6.664180897952052,False
2016-04-12 04:30:00+00:00,0.018352976383801553,5.438221600922395,True
2016-04-12 05:00:00+00:00,0.0278693528141065,3.9531782110337983,False
2016-04-12 05:30:00+00:00,0.02002444419318275,3.558997073221792,True
2016-04-12 06:00:00+00:00,0.012179535572259,3.312566553844101,False
2016-04-12 06:30:00+00:00,0.08823922182810325,3.0862515942029383,True
2016-04-12 07:00:00+00:00,0.3072353691865184,2.971270108986397,False
2016-04-12 07:30:00+00:00,4.63141809910303,6.1217177519360515,True
2016-04-12 08:00:00+00:00,9.49260911516801,10.36697150344054,False
2016-04-12 08:30:00+00:00,10.362353385960624,12.055428563008334,True
2016-04-12 09:00:00+00:00,11.08881618157083,13.477505644473426,False
2016-04-12 09:30:00+00:00,12.995429739913474,15.664353972833615,True
2016-04-12 10:00:00+00:00,14.365380026187486,17.022776170741672,False
2016-04-12 10:30:00+00:00,13.54716362883056,15.924707933336272,True
2016-04-12 11:00:00+00:00,12.117017098294268,14.484735674985576,False
2016-04-12 11:30:00+00:00,10.771357927288404,14.00426697923507,True
2016-04-12 12:00:00+00:00,9.4311460360551,13.548751355423072,False
2016-04-12 12:30:00+00:00,8.263275782722939,12.703110538883033,True
2016-04-12 13:00:00+00:00,7.219279890400487,11.584644229826855,False
2016-04-12 13:30:00+00:00,6.391192165427232,9.980195185610306,True
2016-04-12 14:00:00+00:00,5.506744528483898,8.631670302776579,False
2016-04-12 14:30:00+00:00,4.087497653684456,8.198193028787873,True
2016-04-12 15:00:00+00:00,2.5978111664202976,7.768877414484922,False
2016-04-12 15:30:00+00:00,1.3160246240676783,6.205613054394153,True
2016-04-12 16:00:00+00:00,0.5000546598353823,4.972039314757731,False
2016-04-12 16:30:00+00:00,0.2618918455459673,5.568529012834745,True
2016-04-12 17:00:00+00:00,0.1673204699681219,6.165018710911759,False
2016-04-12 17:30:00+00:00,0.19459743348749695,5.856715126343515,True
2016-04-12 18:00:00+00:00,0.221874397006872,5.548411541775271,False
2016-04-12 18:30:00+00:00,0.13050538673411594,5.551654578932514,True
2016-04-12 19:00:00+00:00,0.0362403280310011,5.554897616089756,False
2016-04-12 19:30:00+00:00,0.03180298353782536,5.3384612004371474,True
2016-04-12 20:00:00+00:00,0.0302616874750084,5.122024784784539,False
2016-04-12 20:30:00+00:00,0.46585797381707517,5.284198156393183,True
2016-04-12 21:00:00+00:00,1.0023140720304409,5.446371528001826,False
2016-04-12 21:30:00+00:00,1.1800149777504674,4.484109562746882,True
2016-04-12 22:00:00+00:00,1.2568560715991943,2.9321272900620765,False
2016-04-12 22:30:00+00:00,1.0767408022712999,1.5264663718644302,True
2016-04-12 23:00:00+00:00,0.8966255329434054,0.7105257610966464,False
2016-04-12 23:30:00+00:00,1.049674959367769,1.8972549284299713,True
2016-04-13 00:00:00+00:00,1.2027243857921326,3.083984095763297,False
2016-04-13 00:30:00+00:00,0.692384137358669,2.601597092089109,True
2016-04-13 01:00:00+00:00,0.1820438889252056,2.119210088414921,False
2016-04-13 01:30:00+00:00,0.46241207771643755,3.5331499534813657,True
2016-04-13 02:00:00+00:00,0.7427802665076695,5.0357064470781205,False
2016-04-13 02:30:00+00:00,0.4671388538108777,5.174364980668487,True
2016-04-13 03:00:00+00:00,0.1914974411140859,5.224406885728543,False
2016-04-13 03:30:00+00:00,0.7712278476311538,3.5914934024979406,True
2016-04-13 04:00:00+00:00,1.350958254148222,1.9585799192673383,False
2016-04-13 04:30:00+00:00,1.1579558090064472,2.1304678972861453,True
2016-04-13 05:00:00+00:00,0.9649533638646725,2.4547883167533437,False
2016-04-13 05:30:00+00:00,1.3104744771893098,2.7554658214175816,True
2016-04-13 06:00:00+00:00,2.0351739171161243,3.2453900537222347,False
2016-04-13 06:30:00+00:00,3.3587809088710716,5.5323219065372875,True
2016-04-13 07:00:00+00:00,4.637619653322579,8.283129394554562,False
2016-04-13 07:30:00+00:00,5.080798197076138,9.654885258552266,True
2016-04-13 08:00:00+00:00,5.53777746576899,10.651739630191775,False
2016-04-13 08:30:00+00:00,6.788055949382565,11.292611113324673,True
2016-04-13 09:00:00+00:00,8.614743362892806,12.00521591020454,False
2016-04-13 09:30:00+00:00,11.39436376663632,14.206401983014427,True
2016-04-13 10:00:00+00:00,13.249364436245138,15.905201430144508,False
2016-04-13 10:30:00+00:00,10.724042800408483,14.407979501793777,True
2016-04-13 11:00:00+00:00,8.198721164571827,12.910757573443048,False
2016-04-13 11:30:00+00:00,9.252180807867733,14.77645920908028,True
2016-04-13 12:00:00+00:00,10.77896497507314,16.64216084471751,False
2016-04-13 12:30:00+00:00,11.763237783459044,16.44831821401588,True
2016-04-13 13:00:00+00:00,12.274186067935442,15.98850369866632,False
2016-04-13 13:30:00+00:00,11.032651271979699,14.834466613216632,True
2016-04-13 14:00:00+00:00,8.740743508153292,13.13171954422914,False
2016-04-13 14:30:00+00:00,5.92431352811809,11.224199751026179,True
2016-04-13 15:00:00+00:00,3.559698915682576,9.339424389797855,False
2016-04-13 15:30:00+00:00,2.6801570748368153,7.89292224456323,True
2016-04-13 16:00:00+00:00,2.002867298912984,6.619597437996899,False
2016-04-13 16:30:00+00:00,0.9973808492224463,5.174878578704856,True
2016-04-13 17:00:00+00:00,0.3881999348809548,4.348919816955618,False
2016-04-13 17:30:00+00:00,0.6226134705171517,5.2642820165153825,True
2016-04-13 18:00:00+00:00,0.8570270061533486,6.179644216075145,False
2016-04-13 18:30:00+00:00,0.7187100794919478,4.90927153454958,True
2016-04-13 19:00:00+00:00,0.4776819309146808,3.638898853024017,False
2016-04-13 19:30:00+00:00,0.20234863761281935,3.9532419762605056,True
2016-04-13 20:00:00+00:00,0.0296321757983829,4.528694767016655,False
2016-04-13 20:30:00+00:00,0.0294905503685842,5.291320109524757,True
2016-04-13 21:00:00+00:00,0.0294433153672266,5.792835784513199,False
2016-04-13 21:30:00+00:00,0.7615992546560776,5.5220085751364145,True
2016-04-13 22:00:00+00:00,1.4937551939449285,5.219413395845943,False
2016-04-13 22:30:00+00:00,1.4739331834608995,5.185250524216285,True
2016-04-13 23:00:00+00:00,1.422720497037092,5.147960368480876,False
2016-04-13 23:30:00+00:00,1.20291795550972,3.630757820679272,True
2016-04-14 00:00:00+00:00,0.8823754264084189,2.148450526897108,False
2016-04-14 00:30:00+00:00,0.6083462838201368,2.9531539073642916,True
2016-04-14 01:00:00+00:00,0.3651689311817827,4.040855685700667,False
2016-04-14 01:30:00+00:00,0.14805150409201476,4.586112613381193,True
2016-04-14 02:00:00+00:00,0.0322129505660265,4.848371143192526,False
2016-04-14 02:30:00+00:00,0.15065094892393224,2.6552008013865813,True
2016-04-14 03:00:00+00:00,0.4113491191804889,0.4620304595806361,False
2016-04-14 03:30:00+00:00,1.0525315893299978,1.1972667233475829,True
2016-04-14 04:00:00+00:00,1.5514538875808557,2.373969078746219,False
2016-04-14 04:30:00+00:00,1.41161419035416,3.4149652834631783,True
2016-04-14 05:00:00+00:00,1.1340357419396692,4.014495396548448,False
2016-04-14 05:30:00+00:00,0.7064755945160082,3.5974745916391053,True
2016-04-14 06:00:00+00:00,0.3239132459304162,2.7946276541408457,False
2016-04-14 06:30:00+00:00,0.15726315161179316,1.551646312132143,True
2016-04-14 07:00:00+00:00,0.0833540096428962,0.6944911027123581,False
2016-04-14 07:30:00+00:00,0.08584758885605372,1.9576028926510247,True
2016-04-14 08:00:00+00:00,0.0933002858251317,3.8864012914611297,False
2016-04-14 08:30:00+00:00,1.223767861656619,4.904980921999459,True
2016-04-14 09:00:00+00:00,3.611386988216093,6.17048583531364,False
2016-04-14 09:30:00+00:00,8.710064310521323,11.169526517733727,True
2016-04-14 10:00:00+00:00,12.546630964342649,15.255955308506524,False
2016-04-14 10:30:00+00:00,12.079066074895982,14.673400038468188,True
2016-04-14 11:00:00+00:00,11.159409601130626,14.090844768429852,False
2016-04-14 11:30:00+00:00,9.635016988907669,14.117292348998053,True
2016-04-14 12:00:00+00:00,8.5627159610034,14.189501538993952,False
2016-04-14 12:30:00+00:00,9.376162016565598,14.8452638011232,True
2016-04-14 13:00:00+00:00,10.189608072127797,15.455264453824752,False
2016-04-14 13:30:00+00:00,9.249840252227013,14.200200907014521,True
2016-04-14 14:00:00+00:00,7.594163805769997,11.970231758188024,False
2016-04-14 14:30:00+00:00,6.087274032259496,9.571781899059907,True
2016-04-14 15:00:00+00:00,4.400527152648232,7.544058835561879,False
2016-04-14 15:30:00+00:00,1.984395029225654,6.557295014483048,True
2016-04-14 16:00:00+00:00,0.3198771396535577,5.881937417305209,False
2016-04-14 16:30:00+00:00,0.09269116086144373,5.283540803020919,True
2016-04-14 17:00:00+00:00,0.0096566808758424,4.97791677122182,False
2016-04-14 17:30:00+00:00,0.40076943249864616,5.569391284803883,True
2016-04-14 18:00:00+00:00,0.79188218412145,6.160865798385947,False
2016-04-14 18:30:00+00:00,0.5170623655977867,5.252200711115079,True
2016-04-14 19:00:00+00:00,0.1778513607627974,4.343535623844212,False
2016-04-14 19:30:00+00:00,0.06417550097709246,4.8528650741837716,True
2016-04-14 20:00:00+00:00,0.0148908275027137,5.36219452452333,False
2016-04-14 20:30:00+00:00,0.017649648152632313,4.795181649206338,True
2016-04-14 21:00:00+00:00,0.025854348152509,4.228168773889347,False
2016-04-14 21:30:00+00:00,0.8605782411195536,4.509666658306023,True
2016-04-14 22:00:00+00:00,1.6898562547366405,4.7911645427227,False
2016-04-14 22:30:00+00:00,1.585713407457204,4.152442546971695,True
2016-04-14 23:00:00+00:00,1.344753890599982,3.5137205512206915,False
2016-04-14 23:30:00+00:00,0.6165787798238023,4.438484268580057,True
2016-04-15 00:00:00+00:00,0.023461032971338,5.363247985939422,False
2016-04-15 00:30:00+00:00,0.02149284079472323,4.618294399961398,True
2016-04-15 01:00:00+00:00,0.0199330265596195,3.3474654802036388,False
2016-04-15 01:30:00+00:00,0.013488542622295612,1.9849268913810643,True
2016-04-15 02:00:00+00:00,0.0083949863975305,1.1482636363382257,False
2016-04-15 02:30:00+00:00,0.008694905739642858,1.8279496448782873,True
2016-04-15 03:00:00+00:00,0.0095936004188282,2.507635653418349,False
2016-04-15 03:30:00+00:00,0.587148888463719,1.6528543359747268,True
2016-04-15 04:00:00+00:00,1.3594829821759604,0.7980730185311048,False
2016-04-15 04:30:00+00:00,1.732146970727596,2.2207293618042225,True
2016-04-15 05:00:00+00:00,1.9094333782748087,3.64338570507734,False
2016-04-15 05:30:00+00:00,1.0135400587111296,3.615169825904192,True
2016-04-15 06:00:00+00:00,0.0861022638114639,3.533947132666786,False
2016-04-15 06:30:00+00:00,0.03765496327277895,1.8136964464019556,True
2016-04-15 07:00:00+00:00,0.0207521380700804,0.1464525742013827,False
2016-04-15 07:30:00+00:00,0.7289153289006212,1.5612383543126112,True
2016-04-15 08:00:00+00:00,2.327371741924224,4.41071681404763,False
2016-04-15 08:30:00+00:00,6.676393541356364,9.3719632313525,True
2016-04-15 09:00:00+00:00,10.135122118595444,13.182673682823475,False
2016-04-15 09:30:00+00:00,9.750056349463506,13.511470363264927,True
2016-04-15 10:00:00+00:00,9.364990580331565,13.790357440706211,False
2016-04-15 10:30:00+00:00,10.253505218602367,14.930173996871735,True
2016-04-15 11:00:00+00:00,11.14201985687317,15.835743442247528,False
2016-04-15 11:30:00+00:00,9.607312394689906,14.37820338006599,True
2016-04-15 12:00:00+00:00,8.072604932506644,12.920663317884452,False
2016-04-15 12:30:00+00:00,11.394745102392477,15.150681587187233,True
2016-04-15 13:00:00+00:00,14.716885272278311,17.380699856490015,False
2016-04-15 13:30:00+00:00,13.699503095190046,16.43710125706974,True
2016-04-15 14:00:00+00:00,11.742329049406154,14.742648474891531,False
2016-04-15 14:30:00+00:00,9.323695839634658,13.028505079956732,True
2016-04-15 15:00:00+00:00,6.636330883606597,11.256391444805496,False
2016-04-15 15:30:00+00:00,4.0862850444876,9.676383979431128,True
2016-04-15 16:00:00+00:00,2.046645531674315,8.238348545671396,False
2016-04-15 16:30:00+00:00,0.7036381662485895,6.710038077706591,True
2016-04-15 17:00:00+00:00,0.0399518828621903,5.848580001101527,False
2016-04-15 17:30:00+00:00,0.01139873169288479,6.596625282855687,True
2016-04-15 18:00:00+00:00,0.0016417871307349,7.344670564609846,False
2016-04-15 18:30:00+00:00,0.004514154554931803,6.334509966619363,True
2016-04-15 19:00:00+00:00,0.0123056598576183,5.32434936862888,False
2016-04-15 19:30:00+00:00,0.05500123683757638,5.68700082658921,True
2016-04-15 20:00:00+00:00,0.1393823381266535,6.049652284549539,False
2016-04-15 20:30:00+00:00,0.3185423066340877,5.806515954389669,True
2016-04-15 21:00:00+00:00,0.4891212448756016,5.5633796242298,False
2016-04-15 21:30:00+00:00,0.5567218424219464,5.76831278879388,True
2016-04-15 22:00:00+00:00,0.5862988080466031,5.973245953357958,False
2016-04-15 22:30:00+00:00,0.5097508541157365,5.720009033262319,True
2016-04-15 23:00:00+00:00,0.4332029001848699,5.46677211316668,False
2016-04-15 23:30:00+00:00,1.0558138873047607,6.033893047915974,True
2016-04-16 00:00:00+00:00,1.6784248744246515,6.601013982665268,False
2016-04-16 00:30:00+00:00,0.8946525717339929,6.111312723506141,True
2016-04-16 01:00:00+00:00,0.0831215600841592,5.311488729667873,False
2016-04-16 01:30:00+00:00,0.040482648508171175,4.558902817775498,True
2016-04-16 02:00:00+00:00,0.0256024458913581,4.116439640562263,False
2016-04-16 02:30:00+00:00,0.8511463556628909,4.745931168439051,True
2016-04-16 03:00:00+00:00,1.6766902654344231,5.488967935116548,False
2016-04-16 03:30:00+00:00,1.3944088480956642,5.681796873471414,True
2016-04-16 04:00:00+00:00,0.9058619792549336,5.761080573025571,False
2016-04-16 04:30:00+00:00,0.3593388830207262,5.3608908114723635,True
2016-04-16 05:00:00+00:00,0.0183576214494251,4.960701049919156,False
2016-04-16 05:30:00+00:00,0.017594489559071145,4.992826487734799,True
2016-04-16 06:00:00+00:00,0.0169080239447842,5.024951925550442,False
2016-04-16 06:30:00+00:00,0.010561172076634803,3.3077812022858963,True
2016-04-16 07:00:00+00:00,0.004861270771484,1.590610479021351,False
2016-04-16 07:30:00+00:00,1.018268687048612,2.482740682012914,True
2016-04-16 08:00:00+00:00,2.7132842321151505,4.239561333883078,False
2016-04-16 08:30:00+00:00,4.0394428404805645,6.749381820202401,True
2016-04-16 09:00:00+00:00,5.4579674120087365,9.221286728566426,False
2016-04-16 09:30:00+00:00,7.6200455842358155,10.746049594189877,True
2016-04-16 10:00:00+00:00,9.008149664510723,11.696375666047272,False
2016-04-16 10:30:00+00:00,8.667916407705688,12.018822579688381,True
2016-04-16 11:00:00+00:00,8.327683150900652,12.330313071054826,False
2016-04-16 11:30:00+00:00,8.611452568413675,13.279271569799741,True
2016-04-16 12:00:00+00:00,9.22058652936976,14.354745361089126,False
2016-04-16 12:30:00+00:00,10.582896962178813,15.116654620824583,True
2016-04-16 13:00:00+00:00,11.619842851544805,15.510666933132988,False
2016-04-16 13:30:00+00:00,10.746992340298297,14.759925857016393,True
2016-04-16 14:00:00+00:00,9.046594356025178,13.24081869521822,False
2016-04-16 14:30:00+00:00,6.819917457772128,11.093594516109125,True
2016-04-16 15:00:00+00:00,4.407968733602023,8.48284247499574,False
2016-04-16 15:30:00+00:00,2.103582474659906,5.312038933609821,True
2016-04-16 16:00:00+00:00,0.8120155146614567,3.373129339909769,False
2016-04-16 16:30:00+00:00,0.9686820531502917,3.383838982779392,True
2016-04-16 17:00:00+00:00,1.1362836833517682,3.3945486256490147,False
2016-04-16 17:30:00+00:00,1.1534771742768406,3.3093375817980237,True
2016-04-16 18:00:00+00:00,1.1597355734892714,3.140347798696931,False
2016-04-16 18:30:00+00:00,0.5938654258102172,2.8526620098556164,True
2016-04-16 19:00:00+00:00,0.027995278131163,2.6487549602644043,False
2016-04-16 19:30:00+00:00,0.38890871269061195,3.1308870499789494,True
2016-04-16 20:00:00+00:00,0.9340636212652204,3.7571030877957527,False
2016-04-16 20:30:00+00:00,1.3367124504008945,4.023852478566884,True
2016-04-16 21:00:00+00:00,1.5551198055214093,4.146517921235756,False
2016-04-16 21:30:00+00:00,1.2918571489413206,4.022776691292479,True
2016-04-16 22:00:00+00:00,1.0285944923612322,3.8990354613492,False
2016-04-16 22:30:00+00:00,1.1107440904152655,4.428211837881782,True
2016-04-16 23:00:00+00:00,1.257374877543178,4.957388214414364,False
2016-04-16 23:30:00+00:00,1.4114640476704896,4.188853678277559,True
2016-04-17 00:00:00+00:00,1.552953435192789,3.4203191421407544,False
2016-04-17 00:30:00+00:00,1.6588408149418916,3.574591423267921,True
2016-04-17 01:00:00+00:00,1.7128467882221274,3.919959899876725,False
2016-04-17 01:30:00+00:00,1.4285881140612955,4.82845627893075,True
2016-04-17 02:00:00+00:00,1.0508092009834626,5.545856462503138,False
2016-04-17 02:30:00+00:00,0.8737032076138673,4.775490441470408,True
2016-04-17 03:00:00+00:00,0.7901174531612728,4.005124420437679,False
2016-04-17 03:30:00+00:00,0.8372748160536662,4.402968908659172,True
2016-04-17 04:00:00+00:00,0.9437444881509696,4.800813396880665,False
2016-04-17 04:30:00+00:00,1.1594359388288662,4.682931212371952,True
2016-04-17 05:00:00+00:00,1.4643927800052567,4.400189709273565,False
2016-04-17 05:30:00+00:00,1.7817889542533936,3.3862812942152565,True
2016-04-17 06:00:00+00:00,2.156645000745524,2.537232197746621,False
2016-04-17 06:30:00+00:00,2.623845365829484,3.777045456245745,True
2016-04-17 07:00:00+00:00,3.1747865870765386,5.130853857235144,False
2016-04-17 07:30:00+00:00,3.798113685789645,5.254080267139994,True
2016-04-17 08:00:00+00:00,4.520184400661634,5.380816952775128,False
2016-04-17 08:30:00+00:00,5.289116542279846,6.965767368719428,True
2016-04-17 09:00:00+00:00,6.3595906923930725,9.309590242072993,False
2016-04-17 09:30:00+00:00,9.207180727747172,11.012368261270261,True
2016-04-17 10:00:00+00:00,11.88699520880274,12.474169505721926,False
2016-04-17 10:30:00+00:00,12.792130285865952,13.612225361015046,True
2016-04-17 11:00:00+00:00,13.174976864463307,14.597732187341126,False
2016-04-17 11:30:00+00:00,12.744419418202098,15.724729825705957,True
2016-04-17 12:00:00+00:00,12.313861971940886,16.3688753921536,False
2016-04-17 12:30:00+00:00,12.40682034702354,16.30934893456998,True
2016-04-17 13:00:00+00:00,12.499778722106196,16.145270139882907,False
2016-04-17 13:30:00+00:00,11.740579310836598,14.90084800452074,True
2016-04-17 14:00:00+00:00,10.09453574233245,12.920784659283123,False
2016-04-17 14:30:00+00:00,6.707428419135218,10.997188081918985,True
2016-04-17 15:00:00+00:00,3.339536371651508,9.41169234163764,False
2016-04-17 15:30:00+00:00,1.9027208591609637,8.670309032715139,True
2016-04-17 16:00:00+00:00,1.004423130069398,8.004941717451032,False
2016-04-17 16:30:00+00:00,0.38157204337462103,6.973396816976745,True
2016-04-17 17:00:00+00:00,0.087832054801889,5.843431722532402,False
2016-04-17 17:30:00+00:00,0.2617610694999821,4.5621371270662205,True
2016-04-17 18:00:00+00:00,0.4356900841980752,3.805339441807802,False
2016-04-17 18:30:00+00:00,0.24480122726513326,4.2405748123435725,True
2016-04-17 19:00:00+00:00,0.0441653991844954,4.857531278466969,False
2016-04-17 19:30:00+00:00,0.031706898837334734,5.226004242586197,True
2016-04-17 20:00:00+00:00,0.0236499988680821,5.4127561111177975,False
2016-04-17 20:30:00+00:00,0.009815356241437308,5.377560298625493,True
2016-04-17 21:00:00+00:00,0.0013260843845804,5.28036134885515,False
2016-04-17 21:30:00+00:00,0.515937813340535,4.4205250559429485,True
2016-04-17 22:00:00+00:00,1.0696246130787868,3.323181245215313,False
2016-04-17 22:30:00+00:00,1.1117167692649217,2.741814902960369,True
2016-04-17 23:00:00+00:00,1.1539429661013336,2.459959215798898,False
2016-04-17 23:30:00+00:00,1.7338822282183453,2.613711891968353,True
2016-04-18 00:00:00+00:00,2.2746123789027823,2.82337345462144,False
2016-04-18 00:30:00+00:00,1.8163367410648958,2.8961674336143735,True
2016-04-18 01:00:00+00:00,1.3580611032270091,2.984886736263101,False
2016-04-18 01:30:00+00:00,1.7007585576085495,3.670973028857884,True
2016-04-18 02:00:00+00:00,2.0434560119900897,4.285225111313241,False
2016-04-18 02:30:00+00:00,1.6850888423983035,3.9942041298869166,True
2016-04-18 03:00:00+00:00,1.2684296437544356,3.4176734562797133,False
2016-04-18 03:30:00+00:00,1.1957861701074173,2.43961523690547,True
2016-04-18 04:00:00+00:00,1.1312031658134898,1.7470667097121062,False
2016-04-18 04:30:00+00:00,0.9185881940466608,1.8558772481497008,True
2016-04-18 05:00:00+00:00,0.756204781978823,2.1123472557110987,False
2016-04-18 05:30:00+00:00,1.125970240104076,2.7880782360546084,True
2016-04-18 06:00:00+00:00,1.7380753052445526,3.654253830961175,False
2016-04-18 06:30:00+00:00,2.1270080836631196,4.168356246918599,True
2016-04-18 07:00:00+00:00,2.695236511919816,4.858656900234532,False
2016-04-18 07:30:00+00:00,5.991988613258302,8.276136134291258,True
2016-04-18 08:00:00+00:00,9.782258299345427,11.905674372785723,False
2016-04-18 08:30:00+00:00,11.22321527049752,12.937635636141898,True
2016-04-18 09:00:00+00:00,12.249847569402876,13.735639047623756,False
2016-04-18 09:30:00+00:00,13.34330037052983,15.048009776349495,True
2016-04-18 10:00:00+00:00,13.935925002301532,15.867977031466443,False
2016-04-18 10:30:00+00:00,13.47007172732339,15.860322029522811,True
2016-04-18 11:00:00+00:00,13.004218452345246,15.852667027579178,False
2016-04-18 11:30:00+00:00,13.457816221256977,16.170552066399555,True
2016-04-18 12:00:00+00:00,13.928678812894642,16.714084281989095,False
2016-04-18 12:30:00+00:00,13.95524592857927,17.300854511892005,True
2016-04-18 13:00:00+00:00,13.964548221537964,17.661977565025747,False
2016-04-18 13:30:00+00:00,12.886071678188602,16.60440532507654,True
2016-04-18 14:00:00+00:00,10.764454449369753,14.582645590884798,False
2016-04-18 14:30:00+00:00,7.80758947893467,12.016552869831088,True
2016-04-18 15:00:00+00:00,4.770360637194384,9.42336784707584,False
2016-04-18 15:30:00+00:00,2.5590370313469633,7.31779985837614,True
2016-04-18 16:00:00+00:00,1.1758906674157814,6.203511665620518,False
2016-04-18 16:30:00+00:00,0.7386029149234603,6.361825248014686,True
2016-04-18 17:00:00+00:00,0.4690927825016867,6.57722745914846,False
2016-04-18 17:30:00+00:00,0.20573379783932408,6.687975066006738,True
2016-04-18 18:00:00+00:00,0.0699245079648672,6.7416340441254095,False
2016-04-18 18:30:00+00:00,0.1989363244252154,6.677077096168253,True
2016-04-18 19:00:00+00:00,0.3279481408855635,6.517026443911225,False
2016-04-18 19:30:00+00:00,0.1751691507877116,5.8313114324976585,True
2016-04-18 20:00:00+00:00,0.0223901606898597,5.241090125383962,False
2016-04-18 20:30:00+00:00,0.5265021735753876,5.67662090355239,True
2016-04-18 21:00:00+00:00,1.0306141864609155,6.112151681720818,False
2016-04-18 21:30:00+00:00,0.5253996272533388,6.094882693602941,True
2016-04-18 22:00:00+00:00,0.0201850680457621,6.048081917777493,False
2016-04-18 22:30:00+00:00,0.05517124849408615,5.655364882731925,True
2016-04-18 23:00:00+00:00,0.0901574289424102,5.292179635393929,False
2016-04-18 23:30:00+00:00,0.06036440566888598,5.354559963204736,True
2016-04-19 00:00:00+00:00,0.0233350537865834,5.416940291015543,False
2016-04-19 00:30:00+00:00,0.010479997974644524,4.475228895090498,True
2016-04-19 01:00:00+00:00,0.004861270771484,3.5335174991654523,False
2016-04-19 01:30:00+00:00,0.11125198129993895,4.473768347712938,True
2016-04-19 02:00:00+00:00,0.2680991694792438,5.414019196260425,False
2016-04-19 02:30:00+00:00,0.35734792136205895,4.939074023343929,True
2016-04-19 03:00:00+00:00,0.4317469351806534,4.022684903504342,False
2016-04-19 03:30:00+00:00,0.48570181708927995,2.5939769889475057,True
2016-04-19 04:00:00+00:00,0.5578249003194693,1.6067130213137593,False
2016-04-19 04:30:00+00:00,0.9506344689841535,1.9402242241641663,True
2016-04-19 05:00:00+00:00,1.289669096740646,2.6136050902967685,False
2016-04-19 05:30:00+00:00,0.64862194236354,3.8295714053263836,True
2016-04-19 06:00:00+00:00,0.0075747879864339,4.705668057073804,False
2016-04-19 06:30:00+00:00,0.2127357170015824,3.472489816775969,True
2016-04-19 07:00:00+00:00,0.6693317659243927,2.2393115764781344,False
2016-04-19 07:30:00+00:00,1.8422666522804874,4.1027037255581025,True
2016-04-19 08:00:00+00:00,2.76376641872892,5.966095874638071,False
2016-04-19 08:30:00+00:00,1.7232165071688885,4.61354809113573,True
2016-04-19 09:00:00+00:00,0.6826665956088576,3.261000307633388,False
2016-04-19 09:30:00+00:00,2.2202933379484824,3.943440119273023,True
2016-04-19 10:00:00+00:00,5.013843966295174,5.547511174947498,False
2016-04-19 10:30:00+00:00,8.109727147624291,10.283960397312226,True
2016-04-19 11:00:00+00:00,10.993661057544918,15.0560393673532,False
2016-04-19 11:30:00+00:00,13.11970519937275,16.733265555217457,True
2016-04-19 12:00:00+00:00,14.201774726602,17.45323075137063,False
2016-04-19 12:30:00+00:00,12.308326215802504,16.39440209288474,True
2016-04-19 13:00:00+00:00,10.14522770401287,14.851631830692584,False
2016-04-19 13:30:00+00:00,9.824864215448526,14.08673597235323,True
2016-04-19 14:00:00+00:00,9.52323675356302,13.310333129026985,False
2016-04-19 14:30:00+00:00,8.496091220426756,12.121177379735743,True
2016-04-19 15:00:00+00:00,6.925661476816671,10.535506996433217,False
2016-04-19 15:30:00+00:00,4.834815500714313,7.591752006320207,True
2016-04-19 16:00:00+00:00,2.8372098554736294,5.539960238911636,False
2016-04-19 16:30:00+00:00,1.4592795206792735,6.204514048078607,True
2016-04-19 17:00:00+00:00,0.7037321230751086,6.869067857245579,False
2016-04-19 17:30:00+00:00,0.611554697216502,6.028606478488625,True
2016-04-19 18:00:00+00:00,0.5340863519800735,5.188145099731669,False
2016-04-19 18:30:00+00:00,0.24365881504807896,5.835675407487099,True
2016-04-19 19:00:00+00:00,0.0170971142271654,6.48320571524253,False
2016-04-19 19:30:00+00:00,0.18186288489467312,5.253089711618598,True
2016-04-19 20:00:00+00:00,0.3466286555621808,4.022973707994664,False
2016-04-19 20:30:00+00:00,0.19237817642922436,4.411383178794591,True
2016-04-19 21:00:00+00:00,0.038127697296268,5.057713705538808,False
2016-04-19 21:30:00+00:00,0.32652768940760435,5.700997456195138,True
2016-04-19 22:00:00+00:00,0.6149276815189407,6.086360150907176,False
2016-04-19 22:30:00+00:00,0.31229218119739155,4.3407886461048255,True
2016-04-19 23:00:00+00:00,0.0096566808758424,2.3302165340076746,False
2016-04-19 23:30:00+00:00,0.556011662581005,1.958595709644842,True
2016-04-20 00:00:00+00:00,1.1023666442861677,1.713144988218391,False
2016-04-20 00:30:00+00:00,0.9005841848486991,1.3913263938622369,True
2016-04-20 01:00:00+00:00,0.6988017254112304,1.208338303864503,False
2016-04-20 01:30:00+00:00,1.242411412892844,1.5804447521029155,True
2016-04-20 02:00:00+00:00,1.7860211003744575,1.952551200341328,False
2016-04-20 02:30:00+00:00,1.395940204896227,1.7995168236610763,True
2016-04-20 03:00:00+00:00,1.0058593094179968,1.646482446980825,False
2016-04-20 03:30:00+00:00,1.0272819199722751,1.8163554574738399,True
2016-04-20 04:00:00+00:00,1.0844620319940008,1.9862284679668551,False
2016-04-20 04:30:00+00:00,1.4988910288118298,1.8879606939455291,True
2016-04-20 05:00:00+00:00,1.8775625241622107,1.6796254879293957,False
2016-04-20 05:30:00+00:00,1.8011403283328211,1.234309154510266,True
2016-04-20 06:00:00+00:00,1.724718132503432,0.8990602530859436,False
2016-04-20 06:30:00+00:00,3.2810693987571184,2.4293419179894893,True
2016-04-20 07:00:00+00:00,6.029120169525467,5.320137084573581,False
2016-04-20 07:30:00+00:00,9.154309713322547,9.27044261105113,True
2016-04-20 08:00:00+00:00,11.369615421228444,12.396323466515604,False
2016-04-20 08:30:00+00:00,11.683596396387072,13.035033111993142,True
2016-04-20 09:00:00+00:00,11.999750701232784,13.65996736165531,False
2016-04-20 09:30:00+00:00,15.020755949060465,16.934671459646232,True
2016-04-20 10:00:00+00:00,17.75777219857759,19.68706212278506,False
2016-04-20 10:30:00+00:00,16.010258564252922,18.59320496447831,True
2016-04-20 11:00:00+00:00,14.262744929928251,17.499347806171556,False
2016-04-20 11:30:00+00:00,15.896564046218796,18.289964265985663,True
2016-04-20 12:00:00+00:00,17.626914877076153,19.1621844222268,False
2016-04-20 12:30:00+00:00,17.7775894964896,19.293471046493607,True
2016-04-20 13:00:00+00:00,17.83173240133623,19.34315397433338,False
2016-04-20 13:30:00+00:00,15.6123387925183,15.538784676119558,True
2016-04-20 14:00:00+00:00,11.966221956530696,11.109514135304744,False
2016-04-20 14:30:00+00:00,8.856740046856665,10.295211813882176,True
2016-04-20 15:00:00+00:00,6.409593666229876,9.63605147978662,False
2016-04-20 15:30:00+00:00,4.972888041325728,8.470184634277123,True
2016-04-20 16:00:00+00:00,4.300570114544014,7.043373102279924,False
2016-04-20 16:30:00+00:00,4.441599480920053,5.003372742494513,True
2016-04-20 17:00:00+00:00,4.582628847296093,3.694076324470789,False
2016-04-20 17:30:00+00:00,3.9219251343313677,3.959061275741303,True
2016-04-20 18:00:00+00:00,2.928871894406136,4.224046227011818,False
2016-04-20 18:30:00+00:00,2.2069911994798166,3.855017347408972,True
2016-04-20 19:00:00+00:00,1.817460031514004,3.1555389094430226,False
2016-04-20 19:30:00+00:00,1.829484489140907,2.1240710800272855,True
2016-04-20 20:00:00+00:00,1.8453394785151604,1.4230528089746524,False
2016-04-20 20:30:00+00:00,1.8525367248598457,1.6391316479923226,True
2016-04-20 21:00:00+00:00,1.8559034394571807,1.855210487009993,False
2016-04-20 21:30:00+00:00,1.5240958522222827,1.2803742053286056,True
2016-04-20 22:00:00+00:00,1.1922882649873847,0.705537923647218,False
2016-04-20 22:30:00+00:00,1.3470488882283318,0.7875346567563142,True
2016-04-20 23:00:00+00:00,1.5018095114692789,0.8695313898654102,False
2016-04-20 23:30:00+00:00,0.9476274637158759,0.749881691933534,True
2016-04-21 00:00:00+00:00,0.3934454159624731,0.6302319940016577,False
2016-04-21 00:30:00+00:00,0.5473531182390216,0.7469894146787778,True
2016-04-21 01:00:00+00:00,0.70126082051557,0.863746835355898,False
2016-04-21 01:30:00+00:00,0.36171094493311085,0.6311921186019159,True
2016-04-21 02:00:00+00:00,0.0221610693506517,0.3986374018479339,False
2016-04-21 02:30:00+00:00,1.0008742996470374,1.2687329307071638,True
2016-04-21 03:00:00+00:00,2.072581061660196,2.153582902421064,False
2016-04-21 03:30:00+00:00,2.2213479567543373,2.1686447321243008,True
2016-04-21 04:00:00+00:00,2.277121320131705,2.183596457110016,False
2016-04-21 04:30:00+00:00,2.1684679961644884,2.797266718047612,True
2016-04-21 05:00:00+00:00,1.9488642973425108,3.39629264084806,False
2016-04-21 05:30:00+00:00,1.550952893671576,2.129537116483056,True
2016-04-21 06:00:00+00:00,1.2639918648554025,0.8627815921180524,False
2016-04-21 06:30:00+00:00,1.6654326091851634,0.9924800549847507,True
2016-04-21 07:00:00+00:00,2.066873353514924,1.1981158169940982,False
2016-04-21 07:30:00+00:00,1.951513906625286,1.319252126087245,True
2016-04-21 08:00:00+00:00,1.8361544597356476,1.475717770299991,False
2016-04-21 08:30:00+00:00,2.3677300531777568,1.8448013377507788,True
2016-04-21 09:00:00+00:00,3.5566514839755987,2.597510859478936,False
2016-04-21 09:30:00+00:00,6.672280164525858,7.050516327279836,True
2016-04-21 10:00:00+00:00,9.130563007720385,11.00862920654112,False
2016-04-21 10:30:00+00:00,9.056445196191492,9.75871156376981,True
2016-04-21 11:00:00+00:00,8.898599487766909,8.508793920998501,False
2016-04-21 11:30:00+00:00,8.689501435868744,9.863136675067318,True
2016-04-21 12:00:00+00:00,8.296444712277786,11.217479429136135,False
2016-04-21 12:30:00+00:00,5.748932795650918,8.49164397473017,True
2016-04-21 13:00:00+00:00,3.4691074476125303,5.091785405529865,False
2016-04-21 13:30:00+00:00,3.7795353768172637,4.119448862105147,True
2016-04-21 14:00:00+00:00,4.089963306021997,3.3633786480295798,False
2016-04-21 14:30:00+00:00,2.459905271848327,2.161199046381061,True
2016-04-21 15:00:00+00:00,0.8298472376746575,1.4167762301777305,False
2016-04-21 15:30:00+00:00,1.446194929499006,2.285251514229807,True
2016-04-21 16:00:00+00:00,2.062542621323354,3.153726798281883,False
2016-04-21 16:30:00+00:00,1.53724264124707,1.9190813281933665,True
2016-04-21 17:00:00+00:00,1.011942661170786,0.6844358581048502,False
2016-04-21 17:30:00+00:00,1.212339298958338,1.0674185800183604,True
2016-04-21 18:00:00+00:00,1.4127359367458896,1.450401301931871,False
2016-04-21 18:30:00+00:00,1.0281965991501312,0.922328732884099,True
2016-04-21 19:00:00+00:00,0.6436572615543729,0.3942561638363274,False
2016-04-21 19:30:00+00:00,1.467256102037289,0.6359280087118082,True
2016-04-21 20:00:00+00:00,2.2908549425202054,1.0979550736258856,False
2016-04-21 20:30:00+00:00,1.917150764981486,1.7977544578514613,True
2016-04-21 21:00:00+00:00,1.5434465874427663,2.27719862203844,False
2016-04-21 21:30:00+00:00,1.5887595182273486,1.5882167187434226,True
2016-04-21 22:00:00+00:00,1.69043279071035,0.8992348154484046,False
2016-04-21 22:30:00+00:00,1.9603776472366912,0.9958110347515959,True
2016-04-21 23:00:00+00:00,2.173962162064613,1.172205025129406,False
2016-04-21 23:30:00+00:00,2.1441027433639537,1.4043575919781066,True
2016-04-22 00:00:00+00:00,2.068397960358253,1.556692387752188,False
2016-04-22 00:30:00+00:00,1.6966347786990006,1.2770962601385358,True
2016-04-22 01:00:00+00:00,1.370716961344789,0.9975001325248832,False
2016-04-22 01:30:00+00:00,2.29115890119638,1.888623873072592,True
2016-04-22 02:00:00+00:00,3.2116008410479706,2.7797476136203008,False
2016-04-22 02:30:00+00:00,2.6158313215697526,2.03583716379964,True
2016-04-22 03:00:00+00:00,2.020061802091535,1.2919267139789792,False
2016-04-22 03:30:00+00:00,2.0201817246577782,2.2421755099162977,True
2016-04-22 04:00:00+00:00,2.0205412475756632,3.192424305853617,False
2016-04-22 04:30:00+00:00,2.4899596439929015,3.177152689384512,True
2016-04-22 05:00:00+00:00,2.959138440058497,3.1348911813313576,False
2016-04-22 05:30:00+00:00,2.890423091866352,2.6843954977607267,True
2016-04-22 06:00:00+00:00,2.8217077436742075,2.260889705774145,False
2016-04-22 06:30:00+00:00,4.718622059013274,4.96683028019538,True
2016-04-22 07:00:00+00:00,7.260684181662717,8.294324529684081,False
2016-04-22 07:30:00+00:00,8.167648611643843,9.073795786206523,True
2016-04-22 08:00:00+00:00,9.079729093688869,9.860022744936163,False
2016-04-22 08:30:00+00:00,11.42353742450813,13.356992844174973,True
2016-04-22 09:00:00+00:00,13.6421975333265,16.225653566139115,False
2016-04-22 09:30:00+00:00,14.586891383892107,15.21275453632593,True
2016-04-22 10:00:00+00:00,15.006469597084324,13.57858671881188,False
2016-04-22 10:30:00+00:00,13.732919585483314,12.48363538406941,True
2016-04-22 11:00:00+00:00,11.701342491694666,11.236819916119916,False
2016-04-22 11:30:00+00:00,10.388343613239197,9.156806082456145,True
2016-04-22 12:00:00+00:00,8.900589321131035,6.684978756164036,False
2016-04-22 12:30:00+00:00,6.028766098813674,3.97843813535454,True
2016-04-22 13:00:00+00:00,3.3134923246921777,1.9120045552780436,False
2016-04-22 13:30:00+00:00,1.8504597960887026,0.9767817523666027,True
2016-04-22 14:00:00+00:00,1.163660315129698,0.566398322258384,False
2016-04-22 14:30:00+00:00,1.5320967964658643,0.7099382247610395,True
2016-04-22 15:00:00+00:00,1.9005332778020303,0.8534781272636951,False
2016-04-22 15:30:00+00:00,1.6242542710331576,0.754830484133221,True
2016-04-22 16:00:00+00:00,1.3479752642642848,0.6561828410027468,False
2016-04-22 16:30:00+00:00,1.3691344755405637,0.7258090006763002,True
2016-04-22 17:00:00+00:00,1.4284580196989438,0.8964991387906006,False
2016-04-22 17:30:00+00:00,2.186949037018191,1.5783111458223218,True
2016-04-22 18:00:00+00:00,2.907275721455337,2.168474855051542,False
2016-04-22 18:30:00+00:00,2.2611802399135006,2.1827398681546946,True
2016-04-22 19:00:00+00:00,1.615084758371664,2.1875892006196005,False
2016-04-22 19:30:00+00:00,1.9959470375302226,2.1456340523402684,True
2016-04-22 20:00:00+00:00,2.3984890109735013,2.04915339942881,False
2016-04-22 20:30:00+00:00,2.4322787703755226,1.765013486370842,True
2016-04-22 21:00:00+00:00,2.444388835492825,1.5353990779450002,False
2016-04-22 21:30:00+00:00,2.1372520400979664,1.9333313568338195,True
2016-04-22 22:00:00+00:00,1.657894619176297,2.367468123091908,False
2016-04-22 22:30:00+00:00,1.265371870458088,2.4101051272200475,True
2016-04-22 23:00:00+00:00,1.0450697472666894,2.446778947522069,False
2016-04-22 23:30:00+00:00,1.7691225002176492,2.58928620589835,True
2016-04-23 00:00:00+00:00,2.4931752531686096,2.70155216073148,False
2016-04-23 00:30:00+00:00,2.23661296727464,2.565417439248978,True
2016-04-23 01:00:00+00:00,1.8758682140625744,2.257944574754567,False
2016-04-23 01:30:00+00:00,1.666511270358164,1.4192197114119698,True
2016-04-23 02:00:00+00:00,1.561336793971849,0.7518329910812819,False
2016-04-23 02:30:00+00:00,1.7031143164803937,1.2130609052722572,True
2016-04-23 03:00:00+00:00,1.8448918389889384,2.21788486090013,False
2016-04-23 03:30:00+00:00,1.7914112939416142,4.593205135592378,True
2016-04-23 04:00:00+00:00,1.6555688111567817,6.424929368847731,False
2016-04-23 04:30:00+00:00,1.0132610266101771,5.486966732339469,True
2016-04-23 05:00:00+00:00,0.3878006210822651,4.549004095831208,False
2016-04-23 05:30:00+00:00,0.2819770809337235,5.104482936853683,True
2016-04-23 06:00:00+00:00,0.241668099503998,5.659961777876156,False
2016-04-23 06:30:00+00:00,0.7482646055049625,5.234713298670167,True
2016-04-23 07:00:00+00:00,1.901223019763221,4.809464819464178,False
2016-04-23 07:30:00+00:00,4.802248345247684,6.957846304284418,True
2016-04-23 08:00:00+00:00,7.749544354386269,10.157681322770904,False
2016-04-23 08:30:00+00:00,8.755199933680997,11.983389232740137,True
2016-04-23 09:00:00+00:00,9.564774917239257,13.623237536843208,False
2016-04-23 09:30:00+00:00,10.908175120018337,15.785635021127192,True
2016-04-23 10:00:00+00:00,11.757518448082344,17.08243857761109,False
2016-04-23 10:30:00+00:00,11.760021542641251,15.661860099219282,True
2016-04-23 11:00:00+00:00,11.762520073695258,14.133908338305549,False
2016-04-23 11:30:00+00:00,12.231414263150251,13.964413934568684,True
2016-04-23 12:00:00+00:00,12.977246438100297,13.902292813353746,False
2016-04-23 12:30:00+00:00,13.634486427735567,15.104142601550759,True
2016-04-23 13:00:00+00:00,14.01229787392081,16.305992389747775,False
2016-04-23 13:30:00+00:00,12.331260244690545,15.06353815600046,True
2016-04-23 14:00:00+00:00,9.33829801276793,13.13092400837388,False
2016-04-23 14:30:00+00:00,6.163539831938657,11.931446961617544,True
2016-04-23 15:00:00+00:00,3.3563616184111003,10.689016570994315,False
2016-04-23 15:30:00+00:00,1.5767802669945308,8.872514407399791,True
2016-04-23 16:00:00+00:00,0.5962011039272762,7.019385083132119,False
2016-04-23 16:30:00+00:00,0.3975810240396357,5.36776807932168,True
2016-04-23 17:00:00+00:00,0.2712993473861551,4.367306296540726,False
2016-04-23 17:30:00+00:00,0.1022093909299164,4.222972625626006,True
2016-04-23 18:00:00+00:00,0.0061234782808384,4.106843177138199,False
2016-04-23 18:30:00+00:00,0.14989184055545224,3.8525024869255304,True
2016-04-23 19:00:00+00:00,0.2936602028300661,3.516113810729966,False
2016-04-23 19:30:00+00:00,0.2691380597310422,3.0156224667920677,True
2016-04-23 20:00:00+00:00,0.2446159166320183,2.68756008379998,False
2016-04-23 20:30:00+00:00,0.6032420220251975,4.0326841387038765,True
2016-04-23 21:00:00+00:00,0.9618681274183766,5.377808193607773,False
2016-04-23 21:30:00+00:00,0.5716145413997633,3.7947233223670955,True
2016-04-23 22:00:00+00:00,0.18136095538115,2.2116384511264173,False
2016-04-23 22:30:00+00:00,0.25553631160142193,2.438305734613769,True
2016-04-23 23:00:00+00:00,0.4061671267514919,2.9487231497158617,False
2016-04-23 23:30:00+00:00,0.6834601374842473,4.3238946545037695,True
2016-04-24 00:00:00+00:00,0.8842976892872049,5.415316027676937,False
2016-04-24 00:30:00+00:00,0.6369399993597781,4.844025801027518,True
2016-04-24 01:00:00+00:00,0.389582309432351,3.71110988064869,False
2016-04-24 01:30:00+00:00,0.5637063505184832,1.7827918815892931,True
2016-04-24 02:00:00+00:00,0.8958266864429038,0.4160995762593045,False
2016-04-24 02:30:00+00:00,1.395239995113471,1.4452569227547891,True
2016-04-24 03:00:00+00:00,1.7366570089457498,2.4744142692502744,False
2016-04-24 03:30:00+00:00,1.2713987597733576,1.9312947216470742,True
2016-04-24 04:00:00+00:00,0.8061405106009654,1.3881751740438737,False
2016-04-24 04:30:00+00:00,0.951607682209791,1.472337761753569,True
2016-04-24 05:00:00+00:00,1.0970748538186168,1.694701257420232,False
2016-04-24 05:30:00+00:00,0.9212400403438058,3.170049451296463,True
2016-04-24 06:00:00+00:00,0.6548034867985185,4.507196737215726,False
2016-04-24 06:30:00+00:00,0.4560155068993287,2.527301177086382,True
2016-04-24 07:00:00+00:00,0.3478292670706152,0.5474056169570387,False
2016-04-24 07:30:00+00:00,2.6222926612665205,2.9121929964632183,True
2016-04-24 08:00:00+00:00,6.327390650760372,6.809628838403176,False
2016-04-24 08:30:00+00:00,9.694799304834625,10.246122199943938,True
2016-04-24 09:00:00+00:00,11.814090966503828,12.814012988290074,False
2016-04-24 09:30:00+00:00,12.029247867775343,13.806172207172265,True
2016-04-24 10:00:00+00:00,12.205143238732331,14.519289859566664,False
2016-04-24 10:30:00+00:00,12.812647921257495,15.413771355679359,True
2016-04-24 11:00:00+00:00,13.276896531204292,15.923248529040691,False
2016-04-24 11:30:00+00:00,13.12555930577102,14.651527137217665,True
2016-04-24 12:00:00+00:00,12.97422208033775,13.379805745394636,False
2016-04-24 12:30:00+00:00,14.340902149650013,14.87590629344233,True
2016-04-24 13:00:00+00:00,15.707582218962273,16.372006841490023,False
2016-04-24 13:30:00+00:00,14.384317006911198,15.470819803799282,True
2016-04-24 14:00:00+00:00,11.868360666066646,13.736742613457857,False
2016-04-24 14:30:00+00:00,8.718877794954302,11.435393163555837,True
2016-04-24 15:00:00+00:00,5.56916996130704,9.208796200528925,False
2016-04-24 15:30:00+00:00,3.052518324482634,7.689892826784051,True
2016-04-24 16:00:00+00:00,1.7287827789866252,6.92912711881475,False
2016-04-24 16:30:00+00:00,1.8416931240975178,7.297012109150154,True
2016-04-24 17:00:00+00:00,1.9546034692084109,7.664897099485558,False
2016-04-24 17:30:00+00:00,0.9883708218312395,6.410031944068541,True
2016-04-24 18:00:00+00:00,0.0221381744540688,5.155166788651523,False
2016-04-24 18:30:00+00:00,0.22422587924878984,5.219091390332377,True
2016-04-24 19:00:00+00:00,0.442674909072251,5.283015992013231,False
2016-04-24 19:30:00+00:00,0.4600665720080188,5.2573728692332455,True
2016-04-24 20:00:00+00:00,0.4781586033243929,5.23172974645326,False
2016-04-24 20:30:00+00:00,0.9317446614279701,5.778337621776239,True
2016-04-24 21:00:00+00:00,1.3682690261222006,6.324945497099217,False
2016-04-24 21:30:00+00:00,0.7391306044646027,5.939581216658687,True
2016-04-24 22:00:00+00:00,0.1099921828070048,5.158702274026104,False
2016-04-24 22:30:00+00:00,0.40746276680114313,3.731602703692176,True
2016-04-24 23:00:00+00:00,0.7049333507952815,2.7000177955503,False
2016-04-24 23:30:00+00:00,0.37456983386504517,3.8405241941576738,True
2016-04-25 00:00:00+00:00,0.0442063169348089,4.981030592765047,False
2016-04-25 00:30:00+00:00,0.04720746381555181,4.075389390530871,True
2016-04-25 01:00:00+00:00,0.0558219087854793,3.169748188296695,False
2016-04-25 01:30:00+00:00,0.19468906174803868,4.660904888754585,True
2016-04-25 02:00:00+00:00,0.3910532966021726,6.152061589212474,False
2016-04-25 02:30:00+00:00,0.4883456383581034,5.809050476649612,True
2016-04-25 03:00:00+00:00,0.5934983156300881,5.03860401077732,False
2016-04-25 03:30:00+00:00,0.7931364070900487,2.984378615805003,True
2016-04-25 04:00:00+00:00,1.0684343753240833,1.3575885741421148,False
2016-04-25 04:30:00+00:00,1.5250726580055864,2.4204993682805114,True
2016-04-25 05:00:00+00:00,1.8350803484162028,3.70687544979126,False
2016-04-25 05:30:00+00:00,1.6394812960941512,4.094573256542546,True
2016-04-25 06:00:00+00:00,1.2564046804229687,4.258805775921479,False
2016-04-25 06:30:00+00:00,0.6301290052413389,3.629893469194923,True
2016-04-25 07:00:00+00:00,0.19133089340884,3.000981162468366,False
2016-04-25 07:30:00+00:00,0.9613062928007312,3.412108647247049,True
2016-04-25 08:00:00+00:00,2.2042793381625616,4.22136952259318,False
2016-04-25 08:30:00+00:00,3.017018389394378,5.1890548620012025,True
2016-04-25 09:00:00+00:00,3.989024757052539,6.512586851278502,False
2016-04-25 09:30:00+00:00,6.013500832287546,8.708808605278083,True
2016-04-25 10:00:00+00:00,8.32734996253023,10.923735650622689,False
2016-04-25 10:30:00+00:00,10.259585887890193,12.310741980160534,True
2016-04-25 11:00:00+00:00,11.532389356729237,13.302447338735568,False
2016-04-25 11:30:00+00:00,11.85444411428112,13.90973031030818,True
2016-04-25 12:00:00+00:00,12.15939098963036,14.408013985499752,False
2016-04-25 12:30:00+00:00,13.405255584376595,15.063865083480923,True
2016-04-25 13:00:00+00:00,14.40602250044244,15.451331117024193,False
2016-04-25 13:30:00+00:00,12.45137781775692,12.856659741076442,True
2016-04-25 14:00:00+00:00,9.0360701144537,10.088691572886496,False
2016-04-25 14:30:00+00:00,5.102436111913578,9.883703064564237,True
2016-04-25 15:00:00+00:00,2.6294651299911536,9.718149421388972,False
2016-04-25 15:30:00+00:00,2.8522709212729835,9.377534619893291,True
2016-04-25 16:00:00+00:00,3.075076712554813,8.75331168786193,False
2016-04-25 16:30:00+00:00,2.2946161571495116,5.443743328928154,True
2016-04-25 17:00:00+00:00,1.4613624573730082,2.5516450276252565,False
2016-04-25 17:30:00+00:00,1.3784766140224303,3.9825111148679295,True
2016-04-25 18:00:00+00:00,1.3483839150430548,5.892298549994399,False
2016-04-25 18:30:00+00:00,1.710152979145913,6.803197455576209,True
2016-04-25 19:00:00+00:00,2.071922043248771,7.235175013274222,False
2016-04-25 19:30:00+00:00,1.410048548477706,6.466031996355927,True
2016-04-25 20:00:00+00:00,0.6571561372141733,5.696888979437633,False
2016-04-25 20:30:00+00:00,0.5421878070884306,5.931352060148934,True
2016-04-25 21:00:00+00:00,0.4482366477128308,6.165815140860237,False
2016-04-25 21:30:00+00:00,0.20102483100323715,5.6263542584940645,True
2016-04-25 22:00:00+00:00,0.0238147600359693,5.086893376127891,False
2016-04-25 22:30:00+00:00,0.4397771643024728,5.305534979242954,True
2016-04-25 23:00:00+00:00,0.8557395685689766,5.638242287668959,False
2016-04-25 23:30:00+00:00,0.5666420702946153,5.889850007986302,True
2016-04-26 00:00:00+00:00,0.2775445720202538,6.027392022992705,False
2016-04-26 00:30:00+00:00,0.8213983617819527,5.3222511977281,True
2016-04-26 01:00:00+00:00,1.3652521515436518,4.190481676577784,False
2016-04-26 01:30:00+00:00,0.6990603579394442,3.332284094495644,True
2016-04-26 02:00:00+00:00,0.0257913731477679,2.5970768850799666,False
2016-04-26 02:30:00+00:00,0.015100001376928329,1.954633090633391,True
2016-04-26 03:00:00+00:00,0.0114858207935577,1.615827619406064,False
2016-04-26 03:30:00+00:00,0.3726734857811643,3.6246427768059184,True
2016-04-26 04:00:00+00:00,0.7768442804024488,5.633457934205772,False
2016-04-26 04:30:00+00:00,0.8255132104389228,5.446959898472807,True
2016-04-26 05:00:00+00:00,0.8736882002150796,5.080392923019686,False
2016-04-26 05:30:00+00:00,1.2392656076054718,4.601741195287512,True
2016-04-26 06:00:00+00:00,1.5672629180844584,4.04798416579185,False
2016-04-26 06:30:00+00:00,1.572213770708246,3.4157730877879517,True
2016-04-26 07:00:00+00:00,1.577222084118685,3.038736251267696,False
2016-04-26 07:30:00+00:00,3.0233420521225387,4.685477161599935,True
2016-04-26 08:00:00+00:00,5.373354639908299,7.352701083096637,False
2016-04-26 08:30:00+00:00,7.270264940599186,9.69104973906129,True
2016-04-26 09:00:00+00:00,8.861147922430748,11.226286764921753,False
2016-04-26 09:30:00+00:00,10.083875643227367,11.475656368584993,True
2016-04-26 10:00:00+00:00,10.7037715098528,11.715990243082343,False
2016-04-26 10:30:00+00:00,10.590687687873023,13.217113510039805,True
2016-04-26 11:00:00+00:00,10.477603865893249,14.509901125102887,False
2016-04-26 11:30:00+00:00,10.777155498029426,13.953782247980563,True
2016-04-26 12:00:00+00:00,11.076707130165603,13.397663370858236,False
2016-04-26 12:30:00+00:00,9.725048103618638,13.679484035832909,True
2016-04-26 13:00:00+00:00,8.308218028689481,13.96130470080758,False
2016-04-26 13:30:00+00:00,8.240319256389862,13.2838174385926,True
2016-04-26 14:00:00+00:00,8.171436161071316,12.094664531026782,False
2016-04-26 14:30:00+00:00,6.538417690939223,11.059688119254728,True
2016-04-26 15:00:00+00:00,4.123749896099893,9.829549883706475,False
2016-04-26 15:30:00+00:00,2.240861464909351,7.595782638107396,True
2016-04-26 16:00:00+00:00,1.2057777298271597,6.068842861635354,False
2016-04-26 16:30:00+00:00,1.2608754445502945,6.189814591547723,True
2016-04-26 17:00:00+00:00,1.3159731592734294,6.3107863214600926,False
2016-04-26 17:30:00+00:00,0.864056539139749,6.090402998577378,True
2016-04-26 18:00:00+00:00,0.345167704250044,5.724131659975201,False
2016-04-26 18:30:00+00:00,0.2339900932195347,5.416923920155499,True
2016-04-26 19:00:00+00:00,0.18978469694505,5.143649551364864,False
2016-04-26 19:30:00+00:00,0.2588684997802701,4.905415857490774,True
2016-04-26 20:00:00+00:00,0.3986147334721417,4.779136808307083,False
2016-04-26 20:30:00+00:00,0.6525430869360762,4.853083250503793,True
2016-04-26 21:00:00+00:00,0.8358090095433591,4.9270296927005015,False
2016-04-26 21:30:00+00:00,0.570441535291508,4.906238373174543,True
2016-04-26 22:00:00+00:00,0.3050740610396567,4.8463085589127495,False
2016-04-26 22:30:00+00:00,0.3702489401358228,3.5341381958771096,True
2016-04-26 23:00:00+00:00,0.5194070094451679,2.2611063275773047,False
2016-04-26 23:30:00+00:00,0.9496172189418605,3.7160934503913277,True
2016-04-27 00:00:00+00:00,1.295844238225374,5.17108057320535,False
2016-04-27 00:30:00+00:00,1.2210263408842474,3.5178316740401026,True
2016-04-27 01:00:00+00:00,1.1462084435431208,1.6625020792000618,False
2016-04-27 01:30:00+00:00,1.2087120849715505,1.3330723238015234,True
2016-04-27 02:00:00+00:00,1.2712157263999804,1.2057232640777793,False
2016-04-27 02:30:00+00:00,0.9440394704366072,3.1854794872584593,True
2016-04-27 03:00:00+00:00,0.6168632144732342,5.16523571043914,False
2016-04-27 03:30:00+00:00,0.9958122148157424,4.244419800553371,True
2016-04-27 04:00:00+00:00,1.4411895592872943,3.2563896852615186,False
2016-04-27 04:30:00+00:00,1.5535953973761552,3.183679718324187,True
2016-04-27 05:00:00+00:00,1.5995728913359724,3.1117770892343373,False
2016-04-27 05:30:00+00:00,1.2394829872585287,2.2646586864634193,True
2016-04-27 06:00:00+00:00,0.8793930831810852,1.4839471512511024,False
2016-04-27 06:30:00+00:00,4.3903579998661,5.751812999052973,True
2016-04-27 07:00:00+00:00,8.56350409619852,10.156500984149686,False
2016-04-27 07:30:00+00:00,9.694669338683708,10.308174822948667,True
2016-04-27 08:00:00+00:00,10.163653401521495,10.43906084337519,False
2016-04-27 08:30:00+00:00,10.026414417972848,10.911246577452108,True
2016-04-27 09:00:00+00:00,9.8891754344242,11.73776742734954,False
2016-04-27 09:30:00+00:00,11.147372133854505,13.6794520805425,True
2016-04-27 10:00:00+00:00,12.405568833284809,15.150767298992564,False
2016-04-27 10:30:00+00:00,10.92815016900386,13.669234189018123,True
2016-04-27 11:00:00+00:00,9.45073150472291,12.187701079043682,False
2016-04-27 11:30:00+00:00,10.237597266596163,13.4243524703747,True
2016-04-27 12:00:00+00:00,11.024463028469414,14.661003861705716,False
2016-04-27 12:30:00+00:00,9.515520467151012,11.843973811028462,True
2016-04-27 13:00:00+00:00,8.006577905832607,9.026943760351209,False
2016-04-27 13:30:00+00:00,8.855526689653846,9.767722236184536,True
2016-04-27 14:00:00+00:00,9.704475473475089,10.50850071201786,False
2016-04-27 14:30:00+00:00,8.229163600409764,9.862494222885811,True
2016-04-27 15:00:00+00:00,5.897761043846038,8.639331929961008,False
2016-04-27 15:30:00+00:00,4.03821079014224,7.044389158020609,True
2016-04-27 16:00:00+00:00,2.785952673679916,5.62110213705125,False
2016-04-27 16:30:00+00:00,2.4709331850327185,4.863859595650357,True
2016-04-27 17:00:00+00:00,2.193641405385827,4.5121171070711785,False
2016-04-27 17:30:00+00:00,1.3534292884258035,5.190590395637255,True
2016-04-27 18:00:00+00:00,0.7242880087223991,5.869063684203329,False
2016-04-27 18:30:00+00:00,1.651372163600588,3.5345163520971896,True
2016-04-27 19:00:00+00:00,2.5784563184787768,1.1999690199910495,False
2016-04-27 19:30:00+00:00,1.778518098537341,3.6213972057344526,True
2016-04-27 20:00:00+00:00,0.978579878595905,6.042825391477855,False
2016-04-27 20:30:00+00:00,1.0677986475149126,3.3688261879704973,True
2016-04-27 21:00:00+00:00,1.15701741643392,0.5214960077737602,False
2016-04-27 21:30:00+00:00,0.6284357451732888,0.24988773275011295,True
2016-04-27 22:00:00+00:00,0.0998540739126576,0.1516104344158461,False
2016-04-27 22:30:00+00:00,0.6127223545591678,3.055739940398962,True
2016-04-27 23:00:00+00:00,1.2739475692977178,6.122545389023399,False
2016-04-27 23:30:00+00:00,1.5466545933247329,6.360539249671494,True
2016-04-28 00:00:00+00:00,1.671004683259708,6.466647126705191,False
2016-04-28 00:30:00+00:00,1.472902197817377,6.519543204074625,True
2016-04-28 01:00:00+00:00,1.274799712375046,6.541649322417136,False
2016-04-28 01:30:00+00:00,1.5161521795645094,3.950299043353662,True
2016-04-28 02:00:00+00:00,1.7575046467539728,1.3589487642901883,False
2016-04-28 02:30:00+00:00,1.4188979808859872,1.4561076669876372,True
2016-04-28 03:00:00+00:00,1.0802913150180016,1.638706866738984,False
2016-04-28 03:30:00+00:00,1.8109536813775482,1.8104668199933907,True
2016-04-28 04:00:00+00:00,2.5416160477370946,2.077780385974888,False
2016-04-28 04:30:00+00:00,2.3211954240665844,3.1992030931639324,True
2016-04-28 05:00:00+00:00,2.100774800396074,4.139631890571989,False
2016-04-28 05:30:00+00:00,2.6737018067273652,3.5113022163009684,True
2016-04-28 06:00:00+00:00,3.8665480761441615,2.882972542029948,False
2016-04-28 06:30:00+00:00,5.5854809464417885,6.166862249132809,True
2016-04-28 07:00:00+00:00,8.029181820189663,10.917138981679251,False
2016-04-28 07:30:00+00:00,12.500884418380938,13.959740697014276,True
2016-04-28 08:00:00+00:00,15.62789975003646,15.535955386905718,False
2016-04-28 08:30:00+00:00,13.705892581854247,15.050506231892678,True
2016-04-28 09:00:00+00:00,11.783885413672031,14.178784653996027,False
2016-04-28 09:30:00+00:00,11.94296170149917,13.232220342059028,True
2016-04-28 10:00:00+00:00,12.102037989326307,12.385372358040016,False
2016-04-28 10:30:00+00:00,10.848701755940446,11.820957557675493,True
2016-04-28 11:00:00+00:00,9.595365522554586,11.543098852276591,False
2016-04-28 11:30:00+00:00,12.598279165567087,13.630479429276107,True
2016-04-28 12:00:00+00:00,15.601192808579588,15.717860006275624,False
2016-04-28 12:30:00+00:00,13.397034755056705,14.828211070445466,True
2016-04-28 13:00:00+00:00,11.19287670153382,13.544520351975958,False
2016-04-28 13:30:00+00:00,12.241344023218899,12.98591283408117,True
2016-04-28 14:00:00+00:00,13.28981134490398,12.308089574376869,False
2016-04-28 14:30:00+00:00,9.152654378904488,9.673739814188034,True
2016-04-28 15:00:00+00:00,4.333525788177611,6.261783240031453,False
2016-04-28 15:30:00+00:00,3.2345703032403446,3.36356242017029,True
2016-04-28 16:00:00+00:00,2.7245539148222133,1.7562059387257354,False
2016-04-28 16:30:00+00:00,2.604358345648543,2.630979791305236,True
2016-04-28 17:00:00+00:00,2.51415823829261,3.505753643884736,False
2016-04-28 17:30:00+00:00,2.325352188288833,2.6438536448146275,True
2016-04-28 18:00:00+00:00,2.199583204675571,1.6642623526304878,False
2016-04-28 18:30:00+00:00,2.347194522251857,1.4916088854300573,True
2016-04-28 19:00:00+00:00,2.4948058398281434,1.3943833704075437,False
2016-04-28 19:30:00+00:00,2.430961200801187,1.3384761059763433,True
2016-04-28 20:00:00+00:00,2.26922337049274,1.2713097703972092,False
2016-04-28 20:30:00+00:00,1.4791395916685817,0.8335879269831324,True
2016-04-28 21:00:00+00:00,0.7869490041259144,0.4493884956531034,False
2016-04-28 21:30:00+00:00,1.656120399116758,0.8939830378705538,True
2016-04-28 22:00:00+00:00,2.56453948390914,1.371513358269742,False
2016-04-28 22:30:00+00:00,2.625224196878626,1.4234507745545038,True
2016-04-28 23:00:00+00:00,2.646661220046574,1.4424524126575275,False
2016-04-28 23:30:00+00:00,2.5438898614228833,1.4351465374840695,True
2016-04-29 00:00:00+00:00,2.3140216352734555,1.414240466566097,False
2016-04-29 00:30:00+00:00,1.7115352030091793,1.0281351010727833,True
2016-04-29 01:00:00+00:00,1.23614563827064,0.6556299313239838,False
2016-04-29 01:30:00+00:00,1.4365157914433604,0.805644184982284,True
2016-04-29 02:00:00+00:00,1.6368859446160806,0.955658438640584,False
2016-04-29 02:30:00+00:00,1.5677841849300245,0.8299855143752304,True
2016-04-29 03:00:00+00:00,1.4986824252439683,0.7043125901098768,False
2016-04-29 03:30:00+00:00,1.5514584330791408,0.7846414855728597,True
2016-04-29 04:00:00+00:00,1.604234440914313,0.8649703810358426,False
2016-04-29 04:30:00+00:00,1.487529652669602,0.7640036301748521,True
2016-04-29 05:00:00+00:00,1.2269944761021576,0.5772746190194096,False
2016-04-29 05:30:00+00:00,0.5493741874848951,0.3220049620347901,True
2016-04-29 06:00:00+00:00,0.0155842871903659,0.1524975653446227,False
2016-04-29 06:30:00+00:00,0.5551936253967216,0.5332124169191577,True
2016-04-29 07:00:00+00:00,1.2630968320137277,0.9139272684936928,False
2016-04-29 07:30:00+00:00,1.5314684866671648,0.8773201025008606,True
2016-04-29 08:00:00+00:00,1.7240541145793893,0.8407129365080284,False
2016-04-29 08:30:00+00:00,1.8545528868523264,1.2888808490293857,True
2016-04-29 09:00:00+00:00,2.033120695562075,2.181515381109743,False
2016-04-29 09:30:00+00:00,3.659955827371396,3.6765775254048725,True
2016-04-29 10:00:00+00:00,5.146214081074468,4.819189835648537,False
2016-04-29 10:30:00+00:00,4.553931571773893,4.964116666773545,True
2016-04-29 11:00:00+00:00,3.788437856848528,5.017026712391019,False
2016-04-29 11:30:00+00:00,3.469290433607609,4.551015886178159,True
2016-04-29 12:00:00+00:00,3.3233542159914804,4.0850050599653,False
2016-04-29 12:30:00+00:00,4.0917073047598125,4.938199197620956,True
2016-04-29 13:00:00+00:00,5.208154711986141,6.071688527975964,False
2016-04-29 13:30:00+00:00,5.934180499958674,6.602314019694679,True
2016-04-29 14:00:00+00:00,6.312111969473215,6.852644318714042,False
2016-04-29 14:30:00+00:00,5.299283310554077,6.782908971655013,True
2016-04-29 15:00:00+00:00,3.6915209156121658,6.713173624595987,False
2016-04-29 15:30:00+00:00,2.346261949065708,6.859799853082187,True
2016-04-29 16:00:00+00:00,1.5120949998346112,7.006426081568387,False
2016-04-29 16:30:00+00:00,1.4043085390216559,6.415188983888032,True
2016-04-29 17:00:00+00:00,1.330434756001641,5.42385370628838,False
2016-04-29 17:30:00+00:00,1.2285517253851237,4.414495135410087,True
2016-04-29 18:00:00+00:00,1.1086772492398644,3.805234744451092,False
2016-04-29 18:30:00+00:00,0.8994087498269103,4.061748444256896,True
2016-04-29 19:00:00+00:00,0.7580607368571669,4.511639434902697,False
2016-04-29 19:30:00+00:00,0.8941461158629521,5.035678553629751,True
2016-04-29 20:00:00+00:00,1.0822680994418932,5.366340381516807,False
2016-04-29 20:30:00+00:00,1.1849244429547587,5.126652636368081,True
2016-04-29 21:00:00+00:00,1.2355441818944684,4.886964891219354,False
2016-04-29 21:30:00+00:00,1.0092007985948765,5.075894428709068,True
2016-04-29 22:00:00+00:00,0.7828574152952845,5.264823966198781,False
2016-04-29 22:30:00+00:00,0.8894493864990904,4.894030690030809,True
2016-04-29 23:00:00+00:00,0.9960413577028964,4.445107178903143,False
2016-04-29 23:30:00+00:00,0.5192381956869623,4.309510212205113,True
2016-04-30 00:00:00+00:00,0.0424350336710283,4.25204348046678,False
2016-04-30 00:30:00+00:00,0.8211220124317404,4.607906143655392,True
2016-04-30 01:00:00+00:00,1.5998089911924525,4.963768806844006,False
2016-04-30 01:30:00+00:00,1.3821586334052935,4.262750005622051,True
2016-04-30 02:00:00+00:00,1.123714839792397,3.202754255132708,False
2016-04-30 02:30:00+00:00,1.0540883174903053,2.417199748323784,True
2016-04-30 03:00:00+00:00,1.0252552310139509,1.990622190782248,False
2016-04-30 03:30:00+00:00,1.2545895906457465,3.9155134646312058,True
2016-04-30 04:00:00+00:00,1.483923950277542,5.840404738480163,False
2016-04-30 04:30:00+00:00,0.8966230860498143,5.19144487504395,True
2016-04-30 05:00:00+00:00,0.3093222218220868,4.482517382248666,False
2016-04-30 05:30:00+00:00,0.5528906387883169,4.386756155136595,True
2016-04-30 06:00:00+00:00,1.0927881578789638,4.350962557383595,False
2016-04-30 06:30:00+00:00,2.147276934828445,4.513855946079775,True
2016-04-30 07:00:00+00:00,3.526271908006677,4.896650795139553,False
2016-04-30 07:30:00+00:00,5.104331725513961,6.084786095347698,True
2016-04-30 08:00:00+00:00,6.061556244668077,7.163209440908642,False
2016-04-30 08:30:00+00:00,5.8138564768609395,7.282905687197654,True
2016-04-30 09:00:00+00:00,5.566156709053802,7.407323860447891,False
2016-04-30 09:30:00+00:00,8.027524055312682,9.404481102002492,True
2016-04-30 10:00:00+00:00,10.48889140157156,11.332934374930938,False
2016-04-30 10:30:00+00:00,9.552107382916075,11.403359591770158,True
2016-04-30 11:00:00+00:00,8.615323364260592,11.427577344557914,False
2016-04-30 11:30:00+00:00,8.63815799083185,10.9996416589617,True
2016-04-30 12:00:00+00:00,8.701280956156827,10.571705973365486,False
2016-04-30 12:30:00+00:00,9.365012503169256,10.911836765950433,True
2016-04-30 13:00:00+00:00,9.988455711427967,11.296482136403696,False
2016-04-30 13:30:00+00:00,9.957039275338133,11.369487764812712,True
2016-04-30 14:00:00+00:00,9.865777404647442,11.397978815353412,False
2016-04-30 14:30:00+00:00,7.636725793688787,9.900288322133754,True
2016-04-30 15:00:00+00:00,4.950704609522675,8.12453893159667,False
2016-04-30 15:30:00+00:00,4.259763325546171,7.779711832698688,True
2016-04-30 16:00:00+00:00,3.6418184404921385,7.454607981448293,False
2016-04-30 16:30:00+00:00,2.0701311867440975,6.1961993791007455,True
2016-04-30 17:00:00+00:00,0.8837912122079431,5.196126426423042,False
2016-04-30 17:30:00+00:00,0.7934952082922798,5.278545243108986,True
2016-04-30 18:00:00+00:00,0.761670534050568,5.360964059794928,False
2016-04-30 18:30:00+00:00,0.9304288221150055,4.709213560573608,True
2016-04-30 19:00:00+00:00,1.235013742291202,4.005839636712469,False
2016-04-30 19:30:00+00:00,1.6216966138725857,3.924146930119239,True
2016-04-30 20:00:00+00:00,1.8725528533422109,3.894077648165827,False
2016-04-30 20:30:00+00:00,1.0992794939338357,4.414760732307421,True
2016-04-30 21:00:00+00:00,0.3260061345254608,5.056554446127443,False
2016-04-30 21:30:00+00:00,0.33069369488759115,5.2700980246408395,True
2016-04-30 22:00:00+00:00,0.3377055351407498,5.362530973475809,False
2016-04-30 22:30:00+00:00,0.3427243330693848,5.132023029828469,True
2016-04-30 23:00:00+00:00,0.3454188511069915,4.90151508618113,False
2016-04-30 23:30:00+00:00,0.19286433499936986,4.993999997580592,True
2016-05-01 00:00:00+00:00,0.0288767147741661,5.086484908980054,False
2016-05-01 00:30:00+00:00,0.010836853734151415,4.063225279534214,True
2016-05-01 01:00:00+00:00,0.0042300968117189,3.0399656500883734,False
2016-05-01 01:30:00+00:00,0.26961458508485897,4.215890409564795,True
2016-05-01 02:00:00+00:00,0.5349990733579991,5.391815169041217,False
2016-05-01 02:30:00+00:00,0.31522189847536447,5.316981808928682,True
2016-05-01 03:00:00+00:00,0.0954447235927297,5.108411434910151,False
2016-05-01 03:30:00+00:00,0.10006069551707968,2.662241742276894,True
2016-05-01 04:00:00+00:00,0.1136270177814432,0.3498090635496361,False
2016-05-01 04:30:00+00:00,0.6960199998401967,2.7762440876095,True
2016-05-01 05:00:00+00:00,1.2694626315589368,5.202679111669363,False
2016-05-01 05:30:00+00:00,0.6347313157794683,5.108395049381602,True
2016-05-01 06:00:00+00:00,0.0,4.86180802069823,False
2016-05-01 06:30:00+00:00,0.006406315943066453,3.3540985099341967,True
2016-05-01 07:00:00+00:00,0.0252875596394634,1.998691965565773,False
2016-05-01 07:30:00+00:00,0.6270802953188573,2.5858339783535893,True
2016-05-01 08:00:00+00:00,1.8935529962659676,3.89324473796072,False
2016-05-01 08:30:00+00:00,4.355284589583111,6.876821454520916,True
2016-05-01 09:00:00+00:00,6.816565635333976,9.904439580979998,False
2016-05-01 09:30:00+00:00,7.827439844875435,11.000922464019402,True
2016-05-01 10:00:00+00:00,8.68311671157016,11.95434070017422,False
2016-05-01 10:30:00+00:00,9.924562490138458,13.662341996400952,True
2016-05-01 11:00:00+00:00,11.047113406404897,15.108851317884811,False
2016-05-01 11:30:00+00:00,11.859011350201651,15.754783400772224,True
2016-05-01 12:00:00+00:00,12.26829715369224,16.040961948568896,False
2016-05-01 12:30:00+00:00,10.959361172341248,14.636934620481089,True
2016-05-01 13:00:00+00:00,9.174502614129494,13.030504797480107,False
2016-05-01 13:30:00+00:00,8.506356044505585,12.803399821533334,True
2016-05-01 14:00:00+00:00,7.799673984396781,12.562810722830973,False
2016-05-01 14:30:00+00:00,5.935314979299338,9.84860634044343,True
2016-05-01 15:00:00+00:00,3.710248537657092,6.9410661414287045,False
2016-05-01 15:30:00+00:00,1.7792528894300008,6.321800240564553,True
2016-05-01 16:00:00+00:00,0.6501548346328497,5.983164640318565,False
2016-05-01 16:30:00+00:00,0.5595543151057953,5.743079265115031,True
2016-05-01 17:00:00+00:00,0.4962490736996782,5.631586023589279,False
2016-05-01 17:30:00+00:00,0.38988907805792894,5.955872987191087,True
2016-05-01 18:00:00+00:00,0.2678631378183051,6.280159950792896,False
2016-05-01 18:30:00+00:00,0.10311228044042604,5.2636892337568275,True
2016-05-01 19:00:00+00:00,0.0,4.24721851672076,False
2016-05-01 19:30:00+00:00,0.0037325589566205835,5.044890913576057,True
2016-05-01 20:00:00+00:00,0.0133776462540977,5.842563310431355,False
2016-05-01 20:30:00+00:00,0.046068307225927474,5.668940756647848,True
2016-05-01 21:00:00+00:00,0.115266405547801,5.49531820286434,False
2016-05-01 21:30:00+00:00,0.33066559516222893,5.756451778798136,True
2016-05-01 22:00:00+00:00,0.6222945362628501,6.017585354731934,False
2016-05-01 22:30:00+00:00,0.9046536701132565,5.525976595075781,True
2016-05-01 23:00:00+00:00,1.0683630867865692,5.034367835419628,False
2016-05-01 23:30:00+00:00,0.5435274417176607,5.130950231459609,True
2016-05-02 00:00:00+00:00,0.0160255532284832,5.22753262749959,False
2016-05-02 00:30:00+00:00,0.012012608690801311,4.426510480027761,True
2016-05-02 01:00:00+00:00,0.0106659075733882,3.263845321919079,False
2016-05-02 01:30:00+00:00,0.18532446218089121,2.6857792939618674,True
2016-05-02 02:00:00+00:00,0.3599830167883943,2.11880653789948,False
2016-05-02 02:30:00+00:00,0.195185301176248,1.087983439099201,True
2016-05-02 03:00:00+00:00,0.0303875855641017,0.3104825590204954,False
2016-05-02 03:30:00+00:00,0.1120355276360261,0.15292633681348505,True
2016-05-02 04:00:00+00:00,0.1936834697079505,0.092597634626931,False
2016-05-02 04:30:00+00:00,0.1587558579126106,1.2013659353443389,True
2016-05-02 05:00:00+00:00,0.1238282461172707,2.3101342360617467,False
2016-05-02 05:30:00+00:00,0.35926301642485436,2.053426852800155,True
2016-05-02 06:00:00+00:00,0.594697786732438,1.5867435579921954,False
2016-05-02 06:30:00+00:00,0.3360381575300151,0.9811782551175516,True
2016-05-02 07:00:00+00:00,0.0773785283275922,0.5855888637892754,False
2016-05-02 07:30:00+00:00,0.07895284802556521,0.7566149602479448,True
2016-05-02 08:00:00+00:00,0.0836665643174159,1.188266471792179,False
2016-05-02 08:30:00+00:00,1.8449344892153143,2.7770910745865542,True
2016-05-02 09:00:00+00:00,4.355236727268912,5.0462872833989305,False
2016-05-02 09:30:00+00:00,5.55922503276782,6.917023235320645,True
2016-05-02 10:00:00+00:00,6.677393686642841,8.720717354182366,False
2016-05-02 10:30:00+00:00,8.574450166613277,10.824580177722002,True
2016-05-02 11:00:00+00:00,9.805152588458022,12.054487813218069,False
2016-05-02 11:30:00+00:00,7.876297351089263,11.390812800028558,True
2016-05-02 12:00:00+00:00,5.947442113720505,10.566525479295604,False
2016-05-02 12:30:00+00:00,6.345648395448315,10.357756808538953,True
2016-05-02 13:00:00+00:00,6.743854677176124,10.156861747454451,False
2016-05-02 13:30:00+00:00,6.101859802956183,9.691721948041831,True
2016-05-02 14:00:00+00:00,4.788186205789149,8.955715660364637,False
2016-05-02 14:30:00+00:00,2.40826540842135,7.488095848597752,True
2016-05-02 15:00:00+00:00,0.4976186782424551,6.080551100836851,False
2016-05-02 15:30:00+00:00,0.1729256452964007,5.412213336556512,True
2016-05-02 16:00:00+00:00,0.0506372681085345,5.107405694406051,False
2016-05-02 16:30:00+00:00,0.18341699870475164,5.137177938826691,True
2016-05-02 17:00:00+00:00,0.4279358088677384,5.21335823592447,False
2016-05-02 17:30:00+00:00,0.7138358749283236,5.610868586034859,True
2016-05-02 18:00:00+00:00,0.9760945277677648,5.961970883468109,False
2016-05-02 18:30:00+00:00,1.1499720099759303,5.158670458348526,True
2016-05-02 19:00:00+00:00,1.2357518258384697,4.355370033228942,False
2016-05-02 19:30:00+00:00,0.6798836765858691,4.842645910169527,True
2016-05-02 20:00:00+00:00,0.1123024375054108,5.329921787110114,False
2016-05-02 20:30:00+00:00,0.09448335989326762,4.937047202501444,True
2016-05-02 21:00:00+00:00,0.0883773721089824,4.544172617892772,False
2016-05-02 21:30:00+00:00,0.17356744808861418,4.569355669585815,True
2016-05-02 22:00:00+00:00,0.2943573366565955,4.63779314284804,False
2016-05-02 22:30:00+00:00,0.35228541894493376,5.2288358249939675,True
2016-05-02 23:00:00+00:00,0.4031691732950242,5.776624085570711,False
2016-05-02 23:30:00+00:00,0.4621858468784592,5.773159266757737,True
2016-05-03 00:00:00+00:00,0.5233673398190409,5.769694447944763,False
2016-05-03 00:30:00+00:00,0.6015708827054473,5.911560737071979,True
2016-05-03 01:00:00+00:00,0.6490541215846051,6.053427026199194,False
2016-05-03 01:30:00+00:00,0.5059058329753313,5.816788006385698,True
2016-05-03 02:00:00+00:00,0.3627575443660575,5.307274183119738,False
2016-05-03 02:30:00+00:00,0.3637637937846676,4.154853635175806,True
2016-05-03 03:00:00+00:00,0.3667183489890547,3.2753078906843416,False
2016-05-03 03:30:00+00:00,0.45253434876951626,4.649500828541365,True
2016-05-03 04:00:00+00:00,0.607144949371027,6.023693766398389,False
2016-05-03 04:30:00+00:00,0.8144220143377415,5.9720964923804765,True
2016-05-03 05:00:00+00:00,0.95095617269763,5.886519992270249,False
2016-05-03 05:30:00+00:00,0.5946878941175071,5.834977288266111,True
2016-05-03 06:00:00+00:00,0.1879475842361285,5.751837134366606,False
2016-05-03 06:30:00+00:00,0.10454413647608421,3.21670022030513,True
2016-05-03 07:00:00+00:00,0.0716127200172956,0.7471399822313383,False
2016-05-03 07:30:00+00:00,1.171456353660198,2.3359518281218956,True
2016-05-03 08:00:00+00:00,3.1451556697178424,5.172419360574742,False
2016-05-03 08:30:00+00:00,5.2796738053716235,8.289904059333752,True
2016-05-03 09:00:00+00:00,7.196700379301432,10.89399087480404,False
2016-05-03 09:30:00+00:00,8.286726856598166,11.965023120381723,True
2016-05-03 10:00:00+00:00,9.13862574131075,12.869562615454006,False
2016-05-03 10:30:00+00:00,10.082451524621597,14.488689190099688,True
2016-05-03 11:00:00+00:00,10.608040779825824,15.540050711977203,False
2016-05-03 11:30:00+00:00,10.34294857548857,14.674514658031901,True
2016-05-03 12:00:00+00:00,9.781775872161983,13.50565131040484,False
2016-05-03 12:30:00+00:00,8.886664807739834,13.101253887553069,True
2016-05-03 13:00:00+00:00,7.69175587644748,12.641226717710824,False
2016-05-03 13:30:00+00:00,6.355850674200871,10.463849085536603,True
2016-05-03 14:00:00+00:00,4.918854546561987,8.405472015613519,False
2016-05-03 14:30:00+00:00,3.330853979171301,8.127336400452085,True
2016-05-03 15:00:00+00:00,2.1158389056089177,7.864236867431387,False
2016-05-03 15:30:00+00:00,1.63066734387976,6.4198035602047785,True
2016-05-03 16:00:00+00:00,1.273044098101613,5.200290649258535,False
2016-05-03 16:30:00+00:00,0.8068645216100796,5.615301227885899,True
2016-05-03 17:00:00+00:00,0.5371204265910465,6.030311806513263,False
2016-05-03 17:30:00+00:00,0.5410657377540339,5.03335719465622,True
2016-05-03 18:00:00+00:00,0.5526202796722962,3.9575846236274086,False
2016-05-03 18:30:00+00:00,0.9755631033295763,3.8328699828964625,True
2016-05-03 19:00:00+00:00,1.3908966962315814,3.7869733013372864,False
2016-05-03 19:30:00+00:00,1.1218328754166247,4.571047886096512,True
2016-05-03 20:00:00+00:00,0.8412948906652782,5.355122470855738,False
2016-05-03 20:30:00+00:00,0.8235836710830653,5.022188531173888,True
2016-05-03 21:00:00+00:00,0.817346615437242,4.647103313969846,False
2016-05-03 21:30:00+00:00,1.2211476041890503,4.60142323069726,True
2016-05-03 22:00:00+00:00,1.6249485929408585,4.551406287837108,False
2016-05-03 22:30:00+00:00,1.1652040480768744,2.893034646556577,True
2016-05-03 23:00:00+00:00,0.6841786399682095,1.2811511423858044,False
2016-05-03 23:30:00+00:00,0.6512489483239463,1.6163957907265094,True
2016-05-04 00:00:00+00:00,0.6396001199243643,2.259903080920459,False
2016-05-04 00:30:00+00:00,0.778165671454681,3.2469732655947094,True
2016-05-04 01:00:00+00:00,0.9582158069673284,3.925780808415715,False
2016-05-04 01:30:00+00:00,1.0350490579037852,2.3850826475041047,True
2016-05-04 02:00:00+00:00,1.070397724857911,0.8443844865924943,False
2016-05-04 02:30:00+00:00,1.06329804858898,0.9289515721153475,True
2016-05-04 03:00:00+00:00,1.0561983723200492,1.1248072188226337,False
2016-05-04 03:30:00+00:00,1.4504613774940869,1.7199538483077588,True
2016-05-04 04:00:00+00:00,1.844724382668124,2.203811916608451,False
2016-05-04 04:30:00+00:00,1.6346757203051718,1.9536646143739491,True
2016-05-04 05:00:00+00:00,1.4246270579422198,1.7035173121394476,False
2016-05-04 05:30:00+00:00,1.6421087533037004,1.7902771086506521,True
2016-05-04 06:00:00+00:00,2.156040074976316,2.025486071661452,False
2016-05-04 06:30:00+00:00,3.5336056567315097,3.5253892997062635,True
2016-05-04 07:00:00+00:00,5.286806414330021,5.8384243115797485,False
2016-05-04 07:30:00+00:00,6.473302818722235,7.829209247589361,True
2016-05-04 08:00:00+00:00,7.64227973911878,9.718723477264003,False
2016-05-04 08:30:00+00:00,9.259714759434573,11.346968812043094,True
2016-05-04 09:00:00+00:00,10.589327896940986,12.810165881608691,False
2016-05-04 09:30:00+00:00,11.110403193945544,14.421444970877218,True
2016-05-04 10:00:00+00:00,11.565863375607933,15.33746208136594,False
2016-05-04 10:30:00+00:00,12.502105104712575,15.179476728301882,True
2016-05-04 11:00:00+00:00,13.137218513809984,15.021491375237822,False
2016-05-04 11:30:00+00:00,12.947220516514607,15.223581537646684,True
2016-05-04 12:00:00+00:00,12.465442949786905,15.425671700055542,False
2016-05-04 12:30:00+00:00,10.097626982120161,14.360402948761484,True
2016-05-04 13:00:00+00:00,8.021590583885745,13.295134197467426,False
2016-05-04 13:30:00+00:00,9.62815342998387,13.561683113301399,True
2016-05-04 14:00:00+00:00,11.234716276081995,13.828232029135371,False
2016-05-04 14:30:00+00:00,8.484977448551826,12.401261372195837,True
2016-05-04 15:00:00+00:00,4.921779565159418,10.066563807183162,False
2016-05-04 15:30:00+00:00,3.6775534591377856,8.075229512662403,True
2016-05-04 16:00:00+00:00,2.7300189360129816,6.5576313338407015,False
2016-05-04 16:30:00+00:00,1.493733726542264,5.867894165746202,True
2016-05-04 17:00:00+00:00,0.7742159900369604,5.40437673068251,False
2016-05-04 17:30:00+00:00,0.7774072046226937,4.97568589320549,True
2016-05-04 18:00:00+00:00,0.7866478679627388,4.754766115071745,False
2016-05-04 18:30:00+00:00,1.0155297435635648,5.181310374094041,True
2016-05-04 19:00:00+00:00,1.2383621704100791,5.607854633116337,False
2016-05-04 19:30:00+00:00,1.082021074013377,5.556489507090563,True
2016-05-04 20:00:00+00:00,0.9256799776166752,5.4217917034230085,False
2016-05-04 20:30:00+00:00,1.1178352681514345,4.580792323589858,True
2016-05-04 21:00:00+00:00,1.3099905586861935,3.823125621398488,False
2016-05-04 21:30:00+00:00,0.6556938558016734,4.477482261239913,True
2016-05-04 22:00:00+00:00,0.0009316561405500312,5.148535925004484,False
2016-05-04 22:30:00+00:00,0.00023307968197337035,5.174013019867886,True
2016-05-04 23:00:00+00:00,0.0,5.182793090808143,False
2016-05-04 23:30:00+00:00,0.00835946496793575,4.611950872469819,True
2016-05-05 00:00:00+00:00,0.0167189299358715,3.930578918135713,False
2016-05-05 00:30:00+00:00,0.01334550319776185,3.7410888928221695,True
2016-05-05 01:00:00+00:00,0.0099720764596522,3.6621286035044096,False
2016-05-05 01:30:00+00:00,0.6635567188986278,4.46133368225858,True
2016-05-05 02:00:00+00:00,1.3171413613376035,5.26053876101275,False
2016-05-05 02:30:00+00:00,1.0739490757079238,5.101504631222759,True
2016-05-05 03:00:00+00:00,0.6661358456432889,4.689202559885482,False
2016-05-05 03:30:00+00:00,0.2507574506041668,2.329537209266791,True
2016-05-05 04:00:00+00:00,0.0,0.2231398001953869,False
2016-05-05 04:30:00+00:00,0.32358819232696606,0.4143826909349565,True
2016-05-05 05:00:00+00:00,0.8655380748487215,0.8199774981486139,False
2016-05-05 05:30:00+00:00,1.2501344063220527,1.4176223351412802,True
2016-05-05 06:00:00+00:00,1.7470393824953456,2.3417804303111915,False
2016-05-05 06:30:00+00:00,2.850593791000394,4.0204309768432545,True
2016-05-05 07:00:00+00:00,4.3949816799630455,6.082482490593983,False
2016-05-05 07:30:00+00:00,6.1502697770774235,7.880207995732367,True
2016-05-05 08:00:00+00:00,8.092752501678813,9.736915939435768,False
2016-05-05 08:30:00+00:00,10.156936620484208,11.94906470762299,True
2016-05-05 09:00:00+00:00,12.075114922291103,13.994442158254827,False
2016-05-05 09:30:00+00:00,13.854591452729032,15.600541362873319,True
2016-05-05 10:00:00+00:00,14.821375357326096,16.64338740366136,False
2016-05-05 10:30:00+00:00,14.366702475791007,17.08308122570995,True
2016-05-05 11:00:00+00:00,13.865315600516968,17.269550948709362,False
2016-05-05 11:30:00+00:00,13.815697339842995,17.113855926747252,True
2016-05-05 12:00:00+00:00,13.761768824055752,16.702152128440876,False
2016-05-05 12:30:00+00:00,10.209945947321334,13.951255848775052,True
2016-05-05 13:00:00+00:00,6.709147319439129,11.456368345453493,False
2016-05-05 13:30:00+00:00,7.852905264731578,11.88630219318383,True
2016-05-05 14:00:00+00:00,8.996663210024025,12.31623604091417,False
2016-05-05 14:30:00+00:00,7.840439959087186,10.842954090141355,True
2016-05-05 15:00:00+00:00,5.873603482487169,8.727473391982633,False
2016-05-05 15:30:00+00:00,4.029946253434595,7.579635263110953,True
2016-05-05 16:00:00+00:00,2.502265851634754,6.727183747219658,False
2016-05-05 16:30:00+00:00,1.6271095913425642,6.177963550353875,True
2016-05-05 17:00:00+00:00,1.1021475343443443,5.665359145608669,False
2016-05-05 17:30:00+00:00,0.8479340063464309,4.939243766519152,True
2016-05-05 18:00:00+00:00,0.7381626734649928,4.173060583349353,False
2016-05-05 18:30:00+00:00,0.7689510854563946,3.3377639369972356,True
2016-05-05 19:00:00+00:00,0.7997394974477964,2.852731437010348,False
2016-05-05 19:30:00+00:00,0.5176041933421718,3.143119170825046,True
2016-05-05 20:00:00+00:00,0.1779364069427175,3.744107580499473,False
2016-05-05 20:30:00+00:00,0.07857378974857808,4.882894659111412,True
2016-05-05 21:00:00+00:00,0.0367436548482683,5.793610650711845,False
2016-05-05 21:30:00+00:00,0.376253922029402,5.924633832955063,True
2016-05-05 22:00:00+00:00,0.7157641892105356,5.973127426350061,False
2016-05-05 22:30:00+00:00,0.37244636502608724,5.443344032697755,True
2016-05-05 23:00:00+00:00,0.0291285408416388,4.91356063904545,False
2016-05-05 23:30:00+00:00,0.36764663224352334,5.597072107690445,True
2016-05-06 00:00:00+00:00,0.7847913519530906,6.280583576335439,False
2016-05-06 00:30:00+00:00,0.9233932194543657,4.756510852973941,True
2016-05-06 01:00:00+00:00,0.9833684586479582,2.924674670447652,False
2016-05-06 01:30:00+00:00,0.5691847278544194,2.393901639503926,True
2016-05-06 02:00:00+00:00,0.1550009970608805,2.170892067724992,False
2016-05-06 02:30:00+00:00,1.0795268287129824,3.4812502507597394,True
2016-05-06 03:00:00+00:00,2.004052660365084,4.960993347818267,False
2016-05-06 03:30:00+00:00,1.4138845933898465,5.238479425232587,True
2016-05-06 04:00:00+00:00,0.7885043710803448,5.346580588623127,False
2016-05-06 04:30:00+00:00,0.7335206155566049,4.514690126730587,True
2016-05-06 05:00:00+00:00,0.7137490153671292,3.515167169069779,False
2016-05-06 05:30:00+00:00,0.7893828048281754,3.2605479274328375,True
2016-05-06 06:00:00+00:00,0.9816348307862875,3.10477419394208,False
2016-05-06 06:30:00+00:00,1.8505727787792328,2.9837271452782472,True
2016-05-06 07:00:00+00:00,2.7848650908905457,2.8978260230863038,False
2016-05-06 07:30:00+00:00,3.008061369827672,2.8311583310665327,True
2016-05-06 08:00:00+00:00,3.240839392737977,2.798131700196956,False
2016-05-06 08:30:00+00:00,4.42387172190528,3.613016764216921,True
2016-05-06 09:00:00+00:00,5.6382352380170255,4.951319322096679,False
2016-05-06 09:30:00+00:00,5.99785227399846,6.085312642642316,True
2016-05-06 10:00:00+00:00,6.185824971597131,6.988673478531361,False
2016-05-06 10:30:00+00:00,6.243991258770954,7.3787394025339665,True
2016-05-06 11:00:00+00:00,6.311903102982698,7.810430294599128,False
2016-05-06 11:30:00+00:00,8.21566973598326,9.774479258051336,True
2016-05-06 12:00:00+00:00,10.05844961879561,11.40411824423779,False
2016-05-06 12:30:00+00:00,9.36936368422411,10.937694358203435,True
2016-05-06 13:00:00+00:00,8.236392885876947,9.95845302696996,False
2016-05-06 13:30:00+00:00,7.384649865105079,8.152196500738539,True
2016-05-06 14:00:00+00:00,6.505054656752937,6.428411047107372,False
2016-05-06 14:30:00+00:00,5.441407719803462,5.849680887866581,True
2016-05-06 15:00:00+00:00,4.4317621594130365,5.290200473962689,False
2016-05-06 15:30:00+00:00,3.5232066151074872,3.603991132714891,True
2016-05-06 16:00:00+00:00,3.032386745598825,2.3288784187290634,False
2016-05-06 16:30:00+00:00,4.0745118196056325,4.310119531378695,True
2016-05-06 17:00:00+00:00,5.116636893612441,6.291360644028326,False
2016-05-06 17:30:00+00:00,4.892161181960688,5.340731525117981,True
2016-05-06 18:00:00+00:00,4.434125360207559,4.277964636346666,False
2016-05-06 18:30:00+00:00,3.738275987886661,4.153600387299018,True
2016-05-06 19:00:00+00:00,2.953959177851719,4.025574993288282,False
2016-05-06 19:30:00+00:00,2.228082329481626,2.5620046498264615,True
2016-05-06 20:00:00+00:00,1.813789423781373,1.2142332211887004,False
2016-05-06 20:30:00+00:00,1.7979291253465455,1.824382401841354,True
2016-05-06 21:00:00+00:00,1.7925124320572992,2.4345315824940075,False
2016-05-06 21:30:00+00:00,1.8636785862209089,2.0845997851444205,True
2016-05-06 22:00:00+00:00,1.97911931230675,1.7346679877948337,False
2016-05-06 22:30:00+00:00,2.0568418206301398,1.8039281054201868,True
2016-05-06 23:00:00+00:00,2.147631049242324,1.9628033075142168,False
2016-05-06 23:30:00+00:00,2.3558081578763477,2.4256520094223495,True
2016-05-07 00:00:00+00:00,2.5066439742993456,2.798885626861804,False
2016-05-07 00:30:00+00:00,2.30149792594641,2.546032627077131,True
2016-05-07 01:00:00+00:00,2.026722105230758,2.293179627292458,False
2016-05-07 01:30:00+00:00,1.911189699635664,2.8274566762687114,True
2016-05-07 02:00:00+00:00,1.8305345722561752,3.361733725244965,False
2016-05-07 02:30:00+00:00,1.767359699542026,3.1520396981525103,True
2016-05-07 03:00:00+00:00,1.7228953373696592,2.71997103493495,False
2016-05-07 03:30:00+00:00,1.6990914450988241,1.8844079553542776,True
2016-05-07 04:00:00+00:00,1.6771871585899176,1.27121951189871,False
2016-05-07 04:30:00+00:00,1.6330152041419106,2.041759827685218,True
2016-05-07 05:00:00+00:00,1.602985627537304,2.8123001434717256,False
2016-05-07 05:30:00+00:00,2.020412009295249,2.443501568377522,True
2016-05-07 06:00:00+00:00,2.437838391053193,2.0747029932833176,False
2016-05-07 06:30:00+00:00,2.271318084358688,2.7655525004070536,True
2016-05-07 07:00:00+00:00,2.104797777664183,3.456402007530789,False
2016-05-07 07:30:00+00:00,2.3100199585005954,3.431185937093066,True
2016-05-07 08:00:00+00:00,2.635035571423554,3.38333579984442,False
2016-05-07 08:30:00+00:00,2.850061136749412,3.3125259604785358,True
2016-05-07 09:00:00+00:00,3.0721166103649984,3.264350187923575,False
2016-05-07 09:30:00+00:00,3.3648192993516157,3.5001667481402876,True
2016-05-07 10:00:00+00:00,3.676497141046225,3.9559258551744287,False
2016-05-07 10:30:00+00:00,4.031117635936242,4.670238051593564,True
2016-05-07 11:00:00+00:00,4.239939637741994,5.164607701195272,False
2016-05-07 11:30:00+00:00,4.083182752683483,5.144769801768616,True
2016-05-07 12:00:00+00:00,3.926425867624972,5.12493190234196,False
2016-05-07 12:30:00+00:00,4.2166601272763105,5.412506824298004,True
2016-05-07 13:00:00+00:00,4.705701257961565,5.877072397418346,False
2016-05-07 13:30:00+00:00,5.211027852719973,6.299910966646095,True
2016-05-07 14:00:00+00:00,5.517547576444463,6.545758884709544,False
2016-05-07 14:30:00+00:00,5.06714716217414,6.1726113801618645,True
2016-05-07 15:00:00+00:00,4.37521429319117,5.513405463389528,False
2016-05-07 15:30:00+00:00,3.980361703747296,4.953131933063777,True
2016-05-07 16:00:00+00:00,3.538193823357097,4.230094303149648,False
2016-05-07 16:30:00+00:00,2.4614591597760924,2.512217887367476,True
2016-05-07 17:00:00+00:00,1.6735722418540628,1.2431639833983412,False
2016-05-07 17:30:00+00:00,2.0383525612428377,1.994048815997568,True
2016-05-07 18:00:00+00:00,2.4031328806316123,2.744933648596795,False
2016-05-07 18:30:00+00:00,1.8322800669469625,2.7415870999471736,True
2016-05-07 19:00:00+00:00,1.2614272532623128,2.7382405512975523,False
2016-05-07 19:30:00+00:00,1.4547944582169186,3.1552714527529324,True
2016-05-07 20:00:00+00:00,1.790191590928757,3.848763855542632,False
2016-05-07 20:30:00+00:00,2.168108823286147,4.53759857663511,True
2016-05-07 21:00:00+00:00,2.403996127886304,4.949971796393268,False
2016-05-07 21:30:00+00:00,2.0718059267983575,3.9636397997384223,True
2016-05-07 22:00:00+00:00,1.6339112056624805,2.977307803083576,False
2016-05-07 22:30:00+00:00,1.4834065599645245,3.0902625363148912,True
2016-05-07 23:00:00+00:00,1.3425026816726362,3.2032172695462062,False
2016-05-07 23:30:00+00:00,1.0817949007092307,3.0211792571437672,True
2016-05-08 00:00:00+00:00,0.7778824172332932,2.839141244741328,False
2016-05-08 00:30:00+00:00,0.4332091185440597,3.348377419084557,True
2016-05-08 01:00:00+00:00,0.2278442750092217,3.857613593427786,False
2016-05-08 01:30:00+00:00,0.5605800912328496,3.5874604832349264,True
2016-05-08 02:00:00+00:00,0.9173702969153124,3.094523795234485,False
2016-05-08 02:30:00+00:00,0.9431450186738387,2.5106494056975155,True
2016-05-08 03:00:00+00:00,0.9690874206884555,2.023709606680148,False
2016-05-08 03:30:00+00:00,1.2894783922475237,1.7962652574852094,True
2016-05-08 04:00:00+00:00,1.7345636015053385,1.6946698955782502,False
2016-05-08 04:30:00+00:00,2.0527798106002826,1.9979874251648755,True
2016-05-08 05:00:00+00:00,2.2220797122815545,2.389362294098281,False
2016-05-08 05:30:00+00:00,1.9469140189389755,2.496820833171026,True
2016-05-08 06:00:00+00:00,1.6717483255963963,2.6252874483782507,False
2016-05-08 06:30:00+00:00,2.4154881598525924,3.784145039517555,True
2016-05-08 07:00:00+00:00,3.7447928657085545,5.517364265797239,False
2016-05-08 07:30:00+00:00,4.981043042586713,6.740833547407534,True
2016-05-08 08:00:00+00:00,6.436625983663199,8.10914775884113,False
2016-05-08 08:30:00+00:00,8.74321720791054,10.818633306971803,True
2016-05-08 09:00:00+00:00,10.441384449176113,12.699846874657531,False
2016-05-08 09:30:00+00:00,10.757470296348831,12.658743512333404,True
2016-05-08 10:00:00+00:00,10.877082490705227,12.550493723361434,False
2016-05-08 10:30:00+00:00,10.49179802825376,12.081844760430396,True
2016-05-08 11:00:00+00:00,9.614719301168488,11.218709927602667,False
2016-05-08 11:30:00+00:00,7.141851554306994,9.482959842029079,True
2016-05-08 12:00:00+00:00,5.160778072079304,8.208842053000021,False
2016-05-08 12:30:00+00:00,6.397560125882362,9.36477636635641,True
2016-05-08 13:00:00+00:00,8.201528333137682,10.71347814634696,False
2016-05-08 13:30:00+00:00,9.389806359886835,11.037700155462572,True
2016-05-08 14:00:00+00:00,10.010898233183724,11.16915469794402,False
2016-05-08 14:30:00+00:00,6.907916037119467,8.899116410651033,True
2016-05-08 15:00:00+00:00,3.804933841055209,6.59708263251544,False
2016-05-08 15:30:00+00:00,3.9124571133648947,6.564272552178749,True
2016-05-08 16:00:00+00:00,4.05884694034016,6.532183316294766,False
2016-05-08 16:30:00+00:00,4.13429524728133,5.721146679334752,True
2016-05-08 17:00:00+00:00,4.17087699955692,4.8047935971650855,False
2016-05-08 17:30:00+00:00,3.6308145037847614,4.594660243387212,True
2016-05-08 18:00:00+00:00,3.090752008012603,4.480292394243218,False
2016-05-08 18:30:00+00:00,3.2393244283394758,4.405327611883057,True
2016-05-08 19:00:00+00:00,3.3878968486663483,4.371188416488562,False
2016-05-08 19:30:00+00:00,3.1935102500309007,4.399830963865652,True
2016-05-08 20:00:00+00:00,2.999123651395454,4.428473511242741,False
2016-05-08 20:30:00+00:00,3.0916901361721787,4.301409862169879,True
2016-05-08 21:00:00+00:00,3.263764776447589,4.174346213097018,False
2016-05-08 21:30:00+00:00,3.5027251478154264,4.503720424740981,True
2016-05-08 22:00:00+00:00,3.662177363684578,4.833094636384944,False
2016-05-08 22:30:00+00:00,3.1835445634440807,4.484374168652871,True
2016-05-08 23:00:00+00:00,2.7049117632035835,4.135653700920797,False
2016-05-08 23:30:00+00:00,2.9016134869497385,4.295927880932195,True
2016-05-09 00:00:00+00:00,3.098315210695894,4.554559069208545,False
2016-05-09 00:30:00+00:00,2.8289403817357495,4.78917358804161,True
2016-05-09 01:00:00+00:00,2.523681035950552,4.925431098609722,False
2016-05-09 01:30:00+00:00,2.468908711516568,4.916918383771713,True
2016-05-09 02:00:00+00:00,2.441669108589716,4.897731556694059,False
2016-05-09 02:30:00+00:00,2.4317911453504775,4.845842265962037,True
2016-05-09 03:00:00+00:00,2.42069332309911,4.804627087469659,False
2016-05-09 03:30:00+00:00,2.335524738621654,5.137287617149896,True
2016-05-09 04:00:00+00:00,2.201565894391787,5.4699481468301325,False
2016-05-09 04:30:00+00:00,2.0594732664909223,4.672254182143347,True
2016-05-09 05:00:00+00:00,1.9517954546887104,3.796210706279511,False
2016-05-09 05:30:00+00:00,1.910193470560745,3.670593505507714,True
2016-05-09 06:00:00+00:00,1.8925385844165863,3.623325815912968,False
2016-05-09 06:30:00+00:00,2.906483476076486,4.827349935936928,True
2016-05-09 07:00:00+00:00,4.701412516428938,6.99638830972367,False
2016-05-09 07:30:00+00:00,6.59824948045806,9.34512780077629,True
2016-05-09 08:00:00+00:00,8.220020429742526,11.50779055845322,False
2016-05-09 08:30:00+00:00,9.011875940009354,13.051967885840563,True
2016-05-09 09:00:00+00:00,9.640275483968836,13.887386366224268,False
2016-05-09 09:30:00+00:00,10.472955371628661,13.997053234468092,True
2016-05-09 10:00:00+00:00,10.963173091647938,14.036541429328462,False
2016-05-09 10:30:00+00:00,8.94689922718441,12.205599345946615,True
2016-05-09 11:00:00+00:00,6.930625362720882,10.374657262564766,False
2016-05-09 11:30:00+00:00,7.523490363198465,11.743897141719327,True
2016-05-09 12:00:00+00:00,8.116355363676048,13.113137020873888,False
2016-05-09 12:30:00+00:00,8.048060111134525,13.079009043910458,True
2016-05-09 13:00:00+00:00,7.8584971256861476,12.98075169214128,False
2016-05-09 13:30:00+00:00,5.9690656952762176,11.13909246684871,True
2016-05-09 14:00:00+00:00,3.777005399144563,8.866065839322971,False
2016-05-09 14:30:00+00:00,3.160907398585819,8.084424091347751,True
2016-05-09 15:00:00+00:00,2.7069424699360485,7.560678891049486,False
2016-05-09 15:30:00+00:00,2.2221709499238016,7.1891631570939305,True
2016-05-09 16:00:00+00:00,1.6819285281988643,6.813472709739107,False
2016-05-09 16:30:00+00:00,0.6907065148512186,6.007391163332567,True
2016-05-09 17:00:00+00:00,0.0167189299358715,5.443084559687262,False
2016-05-09 17:30:00+00:00,0.7176141208673301,5.856578899342146,True
2016-05-09 18:00:00+00:00,1.418509311798789,6.27007323899703,False
2016-05-09 18:30:00+00:00,0.7092546558993944,5.203000241270273,True
2016-05-09 19:00:00+00:00,0.0,4.1359272435435175,False
2016-05-09 19:30:00+00:00,0.11044918105021742,4.827892159325206,True
2016-05-09 20:00:00+00:00,0.3300753511434424,5.519857075106894,False
2016-05-09 20:30:00+00:00,0.7072219382568695,5.127977887783642,True
2016-05-09 21:00:00+00:00,0.9751915363272892,4.73609870046039,False
2016-05-09 21:30:00+00:00,0.4875957681636447,5.238814258621651,True
2016-05-09 22:00:00+00:00,0.0,5.741529816782912,False
2016-05-09 22:30:00+00:00,0.3620084407399835,4.1798441533382125,True
2016-05-09 23:00:00+00:00,0.724016881479967,2.618158489893513,False
2016-05-09 23:30:00+00:00,0.6302897581922432,2.6747121167655123,True
2016-05-10 00:00:00+00:00,0.5365626349045195,2.731265743637511,False
2016-05-10 00:30:00+00:00,1.35930248900528,1.941093460098525,True
2016-05-10 01:00:00+00:00,2.182042343106041,1.1509211765595386,False
2016-05-10 01:30:00+00:00,1.2071015356328272,1.5525273906357688,True
2016-05-10 02:00:00+00:00,0.1663134834751085,2.385001401131792,False
2016-05-10 02:30:00+00:00,0.06293987702811617,3.9531405295488944,True
2016-05-10 03:00:00+00:00,0.0254135152656287,5.24109428740417,False
2016-05-10 03:30:00+00:00,0.2741537088166082,5.484892963811814,True
2016-05-10 04:00:00+00:00,0.5228939023675878,5.578009214361492,False
2016-05-10 04:30:00+00:00,0.30767666812705796,4.485120769878311,True
2016-05-10 05:00:00+00:00,0.0642730607995737,3.280885639542244,False
2016-05-10 05:30:00+00:00,0.018043343856309672,3.156809091908948,True
2016-05-10 06:00:00+00:00,0.0,3.0342857812613904,False
2016-05-10 06:30:00+00:00,0.49991876154145876,1.9770905903514855,True
2016-05-10 07:00:00+00:00,1.4242086570310857,1.0296888483087268,False
2016-05-10 07:30:00+00:00,2.356663974444195,2.5943823893769205,True
2016-05-10 08:00:00+00:00,3.5247415610355173,5.188174617025251,False
2016-05-10 08:30:00+00:00,5.41080233416263,7.439063419487821,True
2016-05-10 09:00:00+00:00,7.07696701879161,9.263321869948085,False
2016-05-10 09:30:00+00:00,7.803242309715923,10.229549133967595,True
2016-05-10 10:00:00+00:00,8.247106875142295,10.974100300292696,False
2016-05-10 10:30:00+00:00,8.541816519534816,11.850816786440472,True
2016-05-10 11:00:00+00:00,8.678839574797028,12.346741035704827,False
2016-05-10 11:30:00+00:00,8.533496765529105,12.094807930307708,True
2016-05-10 12:00:00+00:00,8.172754779111422,11.539155534271448,False
2016-05-10 12:30:00+00:00,6.714958128170947,10.375339705916705,True
2016-05-10 13:00:00+00:00,5.27687481582163,9.088163078971771,False
2016-05-10 13:30:00+00:00,5.051419916122234,8.367428783793635,True
2016-05-10 14:00:00+00:00,4.824344710722695,7.777104814818182,False
2016-05-10 14:30:00+00:00,3.42176648471136,7.213037603202166,True
2016-05-10 15:00:00+00:00,1.7411148699527743,6.693250307772495,False
2016-05-10 15:30:00+00:00,0.8232430620843929,6.094657230060715,True
2016-05-10 16:00:00+00:00,0.3664612247962726,5.748453999189239,False
2016-05-10 16:30:00+00:00,0.3514388584464305,5.765408877913261,True
2016-05-10 17:00:00+00:00,0.337275323451414,5.782363756637283,False
2016-05-10 17:30:00+00:00,0.16192229619025322,4.820437667934182,True
2016-05-10 18:00:00+00:00,0.0,3.858511579231082,False
2016-05-10 18:30:00+00:00,0.011982467183730798,4.018845153047922,True
2016-05-10 19:00:00+00:00,0.0239649343674616,4.363439657851189,False
2016-05-10 19:30:00+00:00,0.016116870695811802,5.13763960767244,True
2016-05-10 20:00:00+00:00,0.008268807024162,5.727578626507264,False
2016-05-10 20:30:00+00:00,0.009142769439965882,5.6947113166360825,True
2016-05-10 21:00:00+00:00,0.0117380868360624,5.610664696339676,False
2016-05-10 21:30:00+00:00,0.19607689412002927,5.264821999704077,True
2016-05-10 22:00:00+00:00,0.4612597654796204,4.788480269377905,False
2016-05-10 22:30:00+00:00,0.6330493004121206,4.372087316152348,True
2016-05-10 23:00:00+00:00,0.7222734162887039,4.137372707042593,False
2016-05-10 23:30:00+00:00,0.37503990294920175,4.481877283567483,True
2016-05-11 00:00:00+00:00,0.0278063896096997,4.826381860092373,False
2016-05-11 00:30:00+00:00,0.408080033592648,4.354959778007376,True
2016-05-11 01:00:00+00:00,0.7883536775755964,3.4459442503287105,False
2016-05-11 01:30:00+00:00,0.6668259431279075,2.1864199994435913,True
2016-05-11 02:00:00+00:00,0.5041970870765404,1.0547731826825568,False
2016-05-11 02:30:00+00:00,0.4258158594076042,0.4819168447298781,True
2016-05-11 03:00:00+00:00,0.3885357533423462,0.218776518246783,False
2016-05-11 03:30:00+00:00,0.5139964954072749,0.2849063372517204,True
2016-05-11 04:00:00+00:00,0.6394572374722036,0.3510361562566578,False
2016-05-11 04:30:00+00:00,0.5886055046794233,0.3039949040943323,True
2016-05-11 05:00:00+00:00,0.5377537718866431,0.2569536519320067,False
2016-05-11 05:30:00+00:00,0.6678355852979398,0.4208583362278866,True
2016-05-11 06:00:00+00:00,0.8479033287903854,0.5847630205237666,False
2016-05-11 06:30:00+00:00,0.9221347360590656,0.5612483783923508,True
2016-05-11 07:00:00+00:00,0.995427203173321,0.5377337362609351,False
2016-05-11 07:30:00+00:00,1.0963593754821268,0.8554089428440151,True
2016-05-11 08:00:00+00:00,1.2881893888783589,1.659238371707627,False
2016-05-11 08:30:00+00:00,4.239480253132705,4.992091452077925,True
2016-05-11 09:00:00+00:00,7.653771715188955,8.968060541940634,False
2016-05-11 09:30:00+00:00,8.455271695775956,10.81876815024808,True
2016-05-11 10:00:00+00:00,9.141495850905253,12.236644666757892,False
2016-05-11 10:30:00+00:00,10.801293141153211,13.798471329272648,True
2016-05-11 11:00:00+00:00,11.97342082804282,14.663858851812094,False
2016-05-11 11:30:00+00:00,11.686402459425972,14.644043729193637,True
2016-05-11 12:00:00+00:00,10.974068834474936,14.585928926030563,False
2016-05-11 12:30:00+00:00,7.9034538571631305,12.323602726445337,True
2016-05-11 13:00:00+00:00,5.258154136185517,10.099576207404729,False
2016-05-11 13:30:00+00:00,5.7777575777933246,10.610774609236604,True
2016-05-11 14:00:00+00:00,6.297361019401131,11.12197301106848,False
2016-05-11 14:30:00+00:00,4.544331365266384,9.650228522570618,True
2016-05-11 15:00:00+00:00,2.102212109588706,7.615954266084071,False
2016-05-11 15:30:00+00:00,0.7371409254998146,6.5272030436175825,True
2016-05-11 16:00:00+00:00,0.0497700944878952,5.959277491682224,False
2016-05-11 16:30:00+00:00,0.0325584025918753,5.913265441150376,True
2016-05-11 17:00:00+00:00,0.0267359591618141,5.871447339149886,False
2016-05-11 17:30:00+00:00,0.474824990557173,5.629472478426632,True
2016-05-11 18:00:00+00:00,0.9229140219525318,5.357074274971734,False
2016-05-11 18:30:00+00:00,0.4793569609604573,5.269485526507929,True
2016-05-11 19:00:00+00:00,0.035799899968383,5.172437039106223,False
2016-05-11 19:30:00+00:00,0.9972583724574537,4.6550368615742075,True
2016-05-11 20:00:00+00:00,1.9587168449465244,4.21502991463794,False
2016-05-11 20:30:00+00:00,1.0012190668860013,4.917711695087969,True
2016-05-11 21:00:00+00:00,0.0347142224726783,5.620393475537997,False
2016-05-11 21:30:00+00:00,0.021118494156270214,5.527029311840223,True
2016-05-11 22:00:00+00:00,0.0165298321926618,5.304368011655958,False
2016-05-11 22:30:00+00:00,0.3571383543143152,4.5282386802597445,True
2016-05-11 23:00:00+00:00,0.6977468764359687,3.88140648535002,False
2016-05-11 23:30:00+00:00,0.3775764942650598,4.308020228032278,True
2016-05-12 00:00:00+00:00,0.0574061120941509,4.734633970714539,False
2016-05-12 00:30:00+00:00,0.26046253406072495,3.9448015367463793,True
2016-05-12 01:00:00+00:00,0.5953562405929703,2.9259372453408656,False
2016-05-12 01:30:00+00:00,0.8569859147924813,2.504713893263599,True
2016-05-12 02:00:00+00:00,1.112514126163201,2.3125223986236865,False
2016-05-12 02:30:00+00:00,1.3590470225365265,2.355913096357006,True
2016-05-12 03:00:00+00:00,1.6020033160947558,2.4666253761686416,False
2016-05-12 03:30:00+00:00,1.9069766877742165,3.033408250358444,True
2016-05-12 04:00:00+00:00,2.0897908405318937,3.53286954246993,False
2016-05-12 04:30:00+00:00,1.9336454749053644,3.278763390946861,True
2016-05-12 05:00:00+00:00,1.777500109278835,2.9380212903249867,False
2016-05-12 05:30:00+00:00,1.8700182181741338,2.7724591661409943,True
2016-05-12 06:00:00+00:00,1.962536327069433,2.6935329910558075,False
2016-05-12 06:30:00+00:00,1.6115629361989277,2.7345195629884933,True
2016-05-12 07:00:00+00:00,1.2605895453284224,2.852181861519335,False
2016-05-12 07:30:00+00:00,2.854285316064085,4.676374766356311,True
2016-05-12 08:00:00+00:00,5.349776027692353,7.444803814125668,False
2016-05-12 08:30:00+00:00,7.039058058137156,9.350916079752535,True
2016-05-12 09:00:00+00:00,8.576598889809409,11.121035229675954,False
2016-05-12 09:30:00+00:00,10.353298899302517,13.205590078232033,True
2016-05-12 10:00:00+00:00,11.379945166675572,14.533935480305605,False
2016-05-12 10:30:00+00:00,10.297425247753942,14.737499319127773,True
2016-05-12 11:00:00+00:00,9.214905328832316,14.81235385060536,False
2016-05-12 11:30:00+00:00,9.813207000166889,14.773429033378772,True
2016-05-12 12:00:00+00:00,10.411508671501464,14.664991359329916,False
2016-05-12 12:30:00+00:00,9.161109241175206,13.401512250465059,True
2016-05-12 13:00:00+00:00,7.910709810848949,12.207545998422466,False
2016-05-12 13:30:00+00:00,7.91896647615247,12.751854661593269,True
2016-05-12 14:00:00+00:00,7.92722314145599,13.296163324764072,False
2016-05-12 14:30:00+00:00,5.482709855595922,11.205570729267425,True
2016-05-12 15:00:00+00:00,2.56825237849587,8.461371256484513,False
2016-05-12 15:30:00+00:00,1.7633843261491375,7.2455003011170165,True
2016-05-12 16:00:00+00:00,1.42846046504239,6.669743649637255,False
2016-05-12 16:30:00+00:00,1.6888251399476313,6.656069209065077,True
2016-05-12 17:00:00+00:00,1.9491898148528728,6.642345842392459,False
2016-05-12 17:30:00+00:00,0.9805900803645751,5.4570564331523865,True
2016-05-12 18:00:00+00:00,0.0119903458762774,4.285308523411284,False
2016-05-12 18:30:00+00:00,0.0644269475739924,4.8988454243701085,True
2016-05-12 19:00:00+00:00,0.148295929710194,5.512382325328932,False
2016-05-12 19:30:00+00:00,0.19581937315441,5.284504745121457,True
2016-05-12 20:00:00+00:00,0.2649724263630039,5.031061224281763,False
2016-05-12 20:30:00+00:00,0.8781963937693726,5.00379008114793,True
2016-05-12 21:00:00+00:00,1.438358370972877,4.973851856271001,False
2016-05-12 21:30:00+00:00,1.2049751463002247,2.7868000237297763,True
2016-05-12 22:00:00+00:00,0.8320174714852997,0.627981213563868,False
2016-05-12 22:30:00+00:00,0.5428706945523325,1.5450790356263238,True
2016-05-12 23:00:00+00:00,0.3147083817099425,2.870072698154595,False
2016-05-12 23:30:00+00:00,0.16252244997668103,3.7152180638068883,True
2016-05-13 00:00:00+00:00,0.0889265042951154,4.152467588993366,False
2016-05-13 00:30:00+00:00,0.4542917918344,2.957847708593663,True
2016-05-13 01:00:00+00:00,0.8577965702513509,1.634278825015414,False
2016-05-13 01:30:00+00:00,0.9130908940441885,1.4261423056810614,True
2016-05-13 02:00:00+00:00,0.9424765886217352,1.3469547895252536,False
2016-05-13 02:30:00+00:00,0.9657912707680039,1.8121621793365639,True
2016-05-13 03:00:00+00:00,0.9768750912518972,2.277369569147874,False
2016-05-13 03:30:00+00:00,0.7356166468592767,1.5637873728416298,True
2016-05-13 04:00:00+00:00,0.4273709341074062,0.6575471541308682,False
2016-05-13 04:30:00+00:00,0.305292080897126,0.3084273994745169,True
2016-05-13 05:00:00+00:00,0.2502004960460958,0.1519656672226831,False
2016-05-13 05:30:00+00:00,0.6543483004239716,0.3545293922035403,True
2016-05-13 06:00:00+00:00,1.0584961048018475,0.7521889300881693,False
2016-05-13 06:30:00+00:00,0.7386413934237999,1.4072768673316591,True
2016-05-13 07:00:00+00:00,0.4187866820457522,1.8672689916713772,False
2016-05-13 07:30:00+00:00,0.6378734580802644,1.5103356596044748,True
2016-05-13 08:00:00+00:00,0.920284081820751,1.1534023275375722,False
2016-05-13 08:30:00+00:00,1.0067322547534572,1.358178056170526,True
2016-05-13 09:00:00+00:00,1.0897212967827083,1.7318304605005486,False
2016-05-13 09:30:00+00:00,1.247949988009424,2.0574498113942528,True
2016-05-13 10:00:00+00:00,1.4978389239474668,2.543573340977709,False
2016-05-13 10:30:00+00:00,1.9939629979641786,4.456011942254693,True
2016-05-13 11:00:00+00:00,2.674984808254388,6.039069689144854,False
2016-05-13 11:30:00+00:00,3.628479144050093,5.997073870535136,True
2016-05-13 12:00:00+00:00,4.245550782058454,5.955078051925417,False
2016-05-13 12:30:00+00:00,3.8973139526240566,6.04047765055546,True
2016-05-13 13:00:00+00:00,3.549077123189658,6.2694651886111945,False
2016-05-13 13:30:00+00:00,4.3877403770571854,8.000212280351295,True
2016-05-13 14:00:00+00:00,5.226403630924713,9.587371432665702,False
2016-05-13 14:30:00+00:00,3.966987828526354,8.879131485187445,True
2016-05-13 15:00:00+00:00,2.083213788704583,7.750422244270577,False
2016-05-13 15:30:00+00:00,0.7351391522339195,6.928665095400339,True
2016-05-13 16:00:00+00:00,0.0114227531866667,6.199473436797976,False
2016-05-13 16:30:00+00:00,0.016000386453910158,5.46738545584239,True
2016-05-13 17:00:00+00:00,0.0254135152656287,5.063201278057541,False
2016-05-13 17:30:00+00:00,0.04349234040818454,5.31897193044894,True
2016-05-13 18:00:00+00:00,0.0567356700062653,5.574742582840339,False
2016-05-13 18:30:00+00:00,0.046866823025575544,5.507255994451343,True
2016-05-13 19:00:00+00:00,0.035799899968383,5.320378040389366,False
2016-05-13 19:30:00+00:00,0.03384794056026826,3.3116836245210894,True
2016-05-13 20:00:00+00:00,0.0330940572286563,1.4223805743257945,False
2016-05-13 20:30:00+00:00,0.06822565746684721,2.6324907193253035,True
2016-05-13 21:00:00+00:00,0.1547499574362493,3.842600864324812,False
2016-05-13 21:30:00+00:00,0.4249909080893478,2.185845133766531,True
2016-05-13 22:00:00+00:00,0.8173953460594516,0.5290894032082496,False
2016-05-13 22:30:00+00:00,1.268655765425155,1.1541391764428155,True
2016-05-13 23:00:00+00:00,1.5463599977426417,2.3442823446612366,False
2016-05-13 23:30:00+00:00,0.8762610009272818,4.1242660208026125,True
2016-05-14 00:00:00+00:00,0.2061620041119216,5.339156301960134,False
2016-05-14 00:30:00+00:00,0.4027586748989381,3.985681940073028,True
2016-05-14 01:00:00+00:00,0.5993553456859545,2.632207578185922,False
2016-05-14 01:30:00+00:00,0.3873278632293319,3.9054737874547323,True
2016-05-14 02:00:00+00:00,0.1753003807727092,5.178739996723541,False
2016-05-14 02:30:00+00:00,0.23677437108444227,4.511280830456572,True
2016-05-14 03:00:00+00:00,0.2982483613961753,3.843821664189605,False
2016-05-14 03:30:00+00:00,0.15610306720739892,4.052655821831166,True
2016-05-14 04:00:00+00:00,0.0139577730186226,4.261489979472728,False
2016-05-14 04:30:00+00:00,0.1671396006157776,2.336059989294149,True
2016-05-14 05:00:00+00:00,0.3203214282129326,0.4106299991155691,False
2016-05-14 05:30:00+00:00,0.17267853604404085,1.6193390150079296,True
2016-05-14 06:00:00+00:00,0.0250356438751491,2.82804803090029,False
2016-05-14 06:30:00+00:00,0.45079807073681083,1.724119131127142,True
2016-05-14 07:00:00+00:00,1.2353868128967431,0.620190231353994,False
2016-05-14 07:30:00+00:00,2.0096785439768534,2.066746805972164,True
2016-05-14 08:00:00+00:00,2.998354698229888,4.526882680784449,False
2016-05-14 08:30:00+00:00,4.603241763890143,6.703388741615582,True
2016-05-14 09:00:00+00:00,6.276460319152894,8.740419564927478,False
2016-05-14 09:30:00+00:00,7.65137723426667,10.483371442221653,True
2016-05-14 10:00:00+00:00,8.384751921306757,11.728312920345662,False
2016-05-14 10:30:00+00:00,8.211383634221402,12.418987442823727,True
2016-05-14 11:00:00+00:00,8.038015347136048,12.733568301797073,False
2016-05-14 11:30:00+00:00,8.357404000944815,12.153324591744369,True
2016-05-14 12:00:00+00:00,8.67679265475358,11.573080881691665,False
2016-05-14 12:30:00+00:00,8.395938192651592,11.643145176816535,True
2016-05-14 13:00:00+00:00,7.781694487827464,11.713209471941408,False
2016-05-14 13:30:00+00:00,6.7139131594658945,10.856119649153866,True
2016-05-14 14:00:00+00:00,5.16767454791953,9.541976750804562,False
2016-05-14 14:30:00+00:00,2.6188396540903547,8.728301386059938,True
2016-05-14 15:00:00+00:00,0.8818512861681154,7.96318808047135,False
2016-05-14 15:30:00+00:00,0.9899014949397271,7.213192792534837,True
2016-05-14 16:00:00+00:00,1.097951703711339,6.270052429324325,False
2016-05-14 16:30:00+00:00,0.564515851811324,3.8897743240512495,True
2016-05-14 17:00:00+00:00,0.0310799999113089,2.111132310457901,False
2016-05-14 17:30:00+00:00,0.2711851592688364,3.7292952092315477,True
2016-05-14 18:00:00+00:00,0.511290318626364,5.347458108005194,False
2016-05-14 18:30:00+00:00,0.45093454563455576,4.989306918117636,True
2016-05-14 19:00:00+00:00,0.3639809618693261,4.51296392797754,False
2016-05-14 19:30:00+00:00,0.3153574431493611,4.288964792873448,True
2016-05-14 20:00:00+00:00,0.2807177402486484,4.183157458021894,False
2016-05-14 20:30:00+00:00,0.2641580265623728,4.543225146417161,True
2016-05-14 21:00:00+00:00,0.2445231106623661,4.903292834812428,False
2016-05-14 21:30:00+00:00,0.11877217020246891,4.380587466878331,True
2016-05-14 22:00:00+00:00,0.008710426910472,3.3385928134302336,False
2016-05-14 22:30:00+00:00,0.25789950101957093,1.5646578426477384,True
2016-05-14 23:00:00+00:00,0.5070885751286698,0.2498308722461316,False
2016-05-14 23:30:00+00:00,0.38855105685794017,0.15711871556935225,True
2016-05-15 00:00:00+00:00,0.2700135385872105,0.1245878440256864,False
2016-05-15 00:30:00+00:00,0.43555808070137597,0.20965388410760455,True
2016-05-15 01:00:00+00:00,0.7038986351906177,0.4115886598675001,False
2016-05-15 01:30:00+00:00,0.950666817957472,0.8587204233611755,True
2016-05-15 02:00:00+00:00,1.0946389883492502,1.6710447758793634,False
2016-05-15 02:30:00+00:00,0.5593334543349486,3.967836644926106,True
2016-05-15 03:00:00+00:00,0.024027920320647,5.78256718927036,False
2016-05-15 03:30:00+00:00,0.2456989822614572,5.023937879959384,True
2016-05-15 04:00:00+00:00,0.4673700442022674,3.763636812249216,False
2016-05-15 04:30:00+00:00,0.2533533967628149,2.7122943366647156,True
2016-05-15 05:00:00+00:00,0.0393367493233624,1.769045523221351,False
2016-05-15 05:30:00+00:00,0.41911799942514194,0.922095282481301,True
2016-05-15 06:00:00+00:00,0.8253085419182352,0.4687231379993062,False
2016-05-15 06:30:00+00:00,0.8530814278002654,0.48197182327105154,True
2016-05-15 07:00:00+00:00,0.8819323380382917,0.5209027121640437,False
2016-05-15 07:30:00+00:00,1.5325654953143588,1.6989202477752405,True
2016-05-15 08:00:00+00:00,2.7694796246190845,3.8087850145524142,False
2016-05-15 08:30:00+00:00,4.4175715486509795,5.988541910802919,True
2016-05-15 09:00:00+00:00,6.280079232231718,8.395309410045565,False
2016-05-15 09:30:00+00:00,8.262164561377997,11.43766204515811,True
2016-05-15 10:00:00+00:00,9.41606584219946,13.29547464249129,False
2016-05-15 10:30:00+00:00,8.222273458303036,12.784425486037986,True
2016-05-15 11:00:00+00:00,7.028481074406613,12.27337632958468,False
2016-05-15 11:30:00+00:00,7.966733547952205,12.872607699576125,True
2016-05-15 12:00:00+00:00,9.494514713844303,13.471839069567572,False
2016-05-15 12:30:00+00:00,10.918901756147733,13.421866311859333,True
2016-05-15 13:00:00+00:00,11.753760106104655,13.289963505598292,False
2016-05-15 13:30:00+00:00,9.673628225373854,12.703092174301817,True
2016-05-15 14:00:00+00:00,6.459224299221884,11.635710091093054,False
2016-05-15 14:30:00+00:00,4.288467895797361,9.916728619997437,True
2016-05-15 15:00:00+00:00,2.4899841143301864,8.120526279764178,False
2016-05-15 15:30:00+00:00,0.8720681581693264,6.892689624647419,True
2016-05-15 16:00:00+00:00,0.0161516254722893,6.109194737613263,False
2016-05-15 16:30:00+00:00,0.020480837867873657,5.769136390380332,True
2016-05-15 17:00:00+00:00,0.0318353128207308,5.62439794466753,False
2016-05-15 17:30:00+00:00,0.10281339192945772,5.780494602132999,True
2016-05-15 18:00:00+00:00,0.1667662084809119,5.936591259598467,False
2016-05-15 18:30:00+00:00,0.09391668578097509,5.6070296937431925,True
2016-05-15 19:00:00+00:00,0.0210671630810383,5.277468127887917,False
2016-05-15 19:30:00+00:00,0.18544827212571446,5.809409732356994,True
2016-05-15 20:00:00+00:00,0.3498293811703906,6.341351336826071,False
2016-05-15 20:30:00+00:00,0.32273215552768786,5.86270248681128,True
2016-05-15 21:00:00+00:00,0.2641545082187146,5.207450396325212,False
2016-05-15 21:30:00+00:00,0.13267943935572307,4.862645635822414,True
2016-05-15 22:00:00+00:00,0.0266729893559582,4.694444115790893,False
2016-05-15 22:30:00+00:00,0.01733467743866554,5.004276659708433,True
2016-05-15 23:00:00+00:00,0.0140081683244168,5.314109203625973,False
2016-05-15 23:30:00+00:00,0.014375091578722075,4.537136850382078,True
2016-05-16 00:00:00+00:00,0.015269084565925,3.760164497138183,False
2016-05-16 00:30:00+00:00,0.017641258574650195,4.481789542981361,True
2016-05-16 01:00:00+00:00,0.0216971835081465,5.203414588824539,False
2016-05-16 01:30:00+00:00,0.029885411704942525,4.678543479573692,True
2016-05-16 02:00:00+00:00,0.0358628192440698,4.153672370322846,False
2016-05-16 02:30:00+00:00,0.027330789800024454,4.572484437986663,True
2016-05-16 03:00:00+00:00,0.0187987603559791,4.99129650565048,False
2016-05-16 03:30:00+00:00,0.023132611113640202,4.9263461788016425,True
2016-05-16 04:00:00+00:00,0.0353594558447415,4.7559953700808055,False
2016-05-16 04:30:00+00:00,0.19161205865183734,3.6910225112000323,True
2016-05-16 05:00:00+00:00,0.3728118817530711,2.731450134191259,False
2016-05-16 05:30:00+00:00,0.4300088536082345,3.5581207583569108,True
2016-05-16 06:00:00+00:00,0.4543656111958198,4.384791382522562,False
2016-05-16 06:30:00+00:00,0.22721438148078535,2.2592155278743133,True
2016-05-16 07:00:00+00:00,6.315176575088884e-05,0.1336396732260636,False
2016-05-16 07:30:00+00:00,1.3000469779388495,0.9558787157215158,True
2016-05-16 08:00:00+00:00,3.432456764316984,2.6082586771961127,False
2016-05-16 08:30:00+00:00,5.144897949629025,5.093293001272752,True
2016-05-16 09:00:00+00:00,6.665436853480733,7.653546009812562,False
2016-05-16 09:30:00+00:00,8.046596062120123,9.319502390404482,True
2016-05-16 10:00:00+00:00,8.787231592014813,10.47791029039281,False
2016-05-16 10:30:00+00:00,8.067961903934789,11.09459109573953,True
2016-05-16 11:00:00+00:00,7.348692215854764,11.5855558228787,False
2016-05-16 11:30:00+00:00,8.214528432234347,12.256490112589837,True
2016-05-16 12:00:00+00:00,9.080364648613932,12.6553293576698,False
2016-05-16 12:30:00+00:00,7.164116640745719,11.539999807031709,True
2016-05-16 13:00:00+00:00,5.094473767591528,10.40880474704905,False
2016-05-16 13:30:00+00:00,4.9273302076029095,10.392737505341996,True
2016-05-16 14:00:00+00:00,4.762101718149951,10.376619122770157,False
2016-05-16 14:30:00+00:00,3.173927706386222,9.202983572761251,True
2016-05-16 15:00:00+00:00,1.3385424557664258,7.468571265019377,False
2016-05-16 15:30:00+00:00,0.6194519714711801,6.329610221936531,True
2016-05-16 16:00:00+00:00,0.2990525207823188,5.557031669016171,False
2016-05-16 16:30:00+00:00,0.9478403254535226,5.18223179547501,True
2016-05-16 17:00:00+00:00,1.5966281301247265,5.017742839713688,False
2016-05-16 17:30:00+00:00,1.0500756785188639,5.277421030541618,True
2016-05-16 18:00:00+00:00,0.3663461513458796,5.537099221369546,False
2016-05-16 18:30:00+00:00,0.12146182223542384,5.413910620445713,True
2016-05-16 19:00:00+00:00,0.0132515366872546,5.15982693870254,False
2016-05-16 19:30:00+00:00,0.012495551307514624,4.666754017923541,True
2016-05-16 20:00:00+00:00,0.0122425979326098,4.304576177963881,False
2016-05-16 20:30:00+00:00,0.016181843845379327,4.7956706463906835,True
2016-05-16 21:00:00+00:00,0.0276174978095141,5.286765114817485,False
2016-05-16 21:30:00+00:00,0.3330181953894736,5.261703493192353,True
2016-05-16 22:00:00+00:00,0.6309224849180679,5.190404832806799,False
2016-05-16 22:30:00+00:00,0.315461242459034,4.283660244147552,True
2016-05-16 23:00:00+00:00,0.0,2.8974662569072334,False
2016-05-16 23:30:00+00:00,0.33062719752013625,1.6637789581959208,True
2016-05-17 00:00:00+00:00,0.6612543950402725,0.9557780968261036,False
2016-05-17 00:30:00+00:00,0.334288399394452,3.116762846550377,True
2016-05-17 01:00:00+00:00,0.0073224037486314,5.27774759627465,False
2016-05-17 01:30:00+00:00,0.3061875343275452,4.047497848311902,True
2016-05-17 02:00:00+00:00,0.7983581593319328,2.584321438851008,False
2016-05-17 02:30:00+00:00,1.2731073299579627,2.1862193876325526,True
2016-05-17 03:00:00+00:00,1.5545510061585186,2.021043997912244,False
2016-05-17 03:30:00+00:00,1.348112175365683,2.6926527668078686,True
2016-05-17 04:00:00+00:00,1.0763336170193187,3.364261535703494,False
2016-05-17 04:30:00+00:00,0.9537553120108545,3.0060921382153856,True
2016-05-17 05:00:00+00:00,0.8965167345559192,2.647922740727277,False
2016-05-17 05:30:00+00:00,1.4155419926688215,3.5824674036239097,True
2016-05-17 06:00:00+00:00,2.4273614671734958,5.063828463431339,False
2016-05-17 06:30:00+00:00,3.9456881572979516,6.2835040244765095,True
2016-05-17 07:00:00+00:00,5.194469084847512,7.061989105927005,False
2016-05-17 07:30:00+00:00,5.450362867506785,7.17583066743639,True
2016-05-17 08:00:00+00:00,5.726874192277103,7.298215543314071,False
2016-05-17 08:30:00+00:00,8.501032354155372,10.689279058681196,True
2016-05-17 09:00:00+00:00,11.539564894186933,14.136420333968848,False
2016-05-17 09:30:00+00:00,12.409638954232793,14.348238804062385,True
2016-05-17 10:00:00+00:00,12.77147264019744,14.49475693222237,False
2016-05-17 10:30:00+00:00,11.786856393520893,14.800567563068494,True
2016-05-17 11:00:00+00:00,10.802240146844348,15.001431544243232,False
2016-05-17 11:30:00+00:00,10.927803846704848,14.025982296930238,True
2016-05-17 12:00:00+00:00,11.127126538337548,13.050533049617243,False
2016-05-17 12:30:00+00:00,11.238324524074136,13.15909450232783,True
2016-05-17 13:00:00+00:00,11.397335793234427,13.42621286881476,False
2016-05-17 13:30:00+00:00,12.671878167877303,14.522577027269342,True
2016-05-17 14:00:00+00:00,13.824848267324274,15.46038427194758,False
2016-05-17 14:30:00+00:00,9.361341124632764,12.894204346536043,True
2016-05-17 15:00:00+00:00,4.298992959714112,9.544711625457555,False
2016-05-17 15:30:00+00:00,3.471127693848776,8.271501289736737,True
2016-05-17 16:00:00+00:00,2.9290711894181274,7.413751890966354,False
2016-05-17 16:30:00+00:00,2.1960604296993957,6.6680097145544455,True
2016-05-17 17:00:00+00:00,1.7760819307731168,6.290119396859055,False
2016-05-17 17:30:00+00:00,2.6986726402864716,6.433412973940532,True
2016-05-17 18:00:00+00:00,3.621263349799827,6.57670655102201,False
2016-05-17 18:30:00+00:00,2.7802967134329393,6.161568204588687,True
2016-05-17 19:00:00+00:00,1.939330077066052,5.629736626322774,False
2016-05-17 19:30:00+00:00,2.724189065175175,5.41653078650955,True
2016-05-17 20:00:00+00:00,3.7077348357236346,5.320018178528915,False
2016-05-17 20:30:00+00:00,4.035591745406192,5.780490046886423,True
2016-05-17 21:00:00+00:00,4.220281381918039,6.240961915243932,False
2016-05-17 21:30:00+00:00,4.292628332852205,5.8454323036684315,True
2016-05-17 22:00:00+00:00,4.362028825051119,5.449902692092931,False
2016-05-17 22:30:00+00:00,4.591917050968768,5.574504523377072,True
2016-05-17 23:00:00+00:00,4.769232226353043,5.699106354661212,False
2016-05-17 23:30:00+00:00,4.601582022512411,5.6135817836691375,True
2016-05-18 00:00:00+00:00,4.252196221390314,5.528057212677063,False
2016-05-18 00:30:00+00:00,3.5494444440353323,5.5929640658286655,True
2016-05-18 01:00:00+00:00,3.0284282639618185,5.7558367960224,False
2016-05-18 01:30:00+00:00,4.508787957915732,6.505483709842773,True
2016-05-18 02:00:00+00:00,5.989147651869646,7.157164746621013,False
2016-05-18 02:30:00+00:00,5.743012305439156,6.317235188698326,True
2016-05-18 03:00:00+00:00,5.211978905088786,5.189378813153583,False
2016-05-18 03:30:00+00:00,4.001819766246126,4.638370936513256,True
2016-05-18 04:00:00+00:00,3.0765586813233465,4.375289877494986,False
2016-05-18 04:30:00+00:00,3.311294204306928,5.671128696678978,True
2016-05-18 05:00:00+00:00,3.5460297272905104,6.96696751586297,False
2016-05-18 05:30:00+00:00,3.3084987163602455,4.509756863778026,True
2016-05-18 06:00:00+00:00,3.070967705429981,2.052546211693085,False
2016-05-18 06:30:00+00:00,3.5055963699061876,2.8659794012901063,True
2016-05-18 07:00:00+00:00,4.32393029287452,4.228428175380811,False
2016-05-18 07:30:00+00:00,5.254267216748583,5.325302042373,True
2016-05-18 08:00:00+00:00,6.304225971731853,6.445048720556316,False
2016-05-18 08:30:00+00:00,7.398848079418078,7.664665050695822,True
2016-05-18 09:00:00+00:00,8.351666350850605,8.80822520907186,False
2016-05-18 09:30:00+00:00,9.091323123678974,9.910482383357037,True
2016-05-18 10:00:00+00:00,9.469456643159711,10.51690733372087,False
2016-05-18 10:30:00+00:00,9.06239180227212,10.293343828305433,True
2016-05-18 11:00:00+00:00,8.655326961384528,10.069780322889995,False
2016-05-18 11:30:00+00:00,8.894274027181254,11.371719582412723,True
2016-05-18 12:00:00+00:00,9.133221092977976,12.67365884193545,False
2016-05-18 12:30:00+00:00,6.88556080380253,9.130546912819092,True
2016-05-18 13:00:00+00:00,4.637900514627086,5.361353186581679,False
2016-05-18 13:30:00+00:00,4.775260811153606,5.110846391464686,True
2016-05-18 14:00:00+00:00,4.912621107680126,4.87938672322452,False
2016-05-18 14:30:00+00:00,3.8473870120238045,3.4044919285502973,True
2016-05-18 15:00:00+00:00,2.560547062629656,1.940123214139332,False
2016-05-18 15:30:00+00:00,2.225353040686866,1.6150289150429848,True
2016-05-18 16:00:00+00:00,2.014427663081741,1.4864432059276091,False
2016-05-18 16:30:00+00:00,1.8145042638524895,2.032643535402955,True
2016-05-18 17:00:00+00:00,1.711918074023399,3.1110217569361738,False
2016-05-18 17:30:00+00:00,1.7284867196400198,4.9203624946645625,True
2016-05-18 18:00:00+00:00,1.7450553652566403,6.197525340335078,False
2016-05-18 18:30:00+00:00,1.6631010102668025,4.813885629376876,True
2016-05-18 19:00:00+00:00,1.5811466552769649,2.8509569323148285,False
2016-05-18 19:30:00+00:00,1.5929197254766345,1.6752801293048152,True
2016-05-18 20:00:00+00:00,1.6046927956763044,1.0788923123986476,False
2016-05-18 20:30:00+00:00,1.1615348580206255,1.3124009068451485,True
2016-05-18 21:00:00+00:00,0.6922557553482701,1.5459095012916495,False
2016-05-18 21:30:00+00:00,0.6514875873217976,0.9602394393826288,True
2016-05-18 22:00:00+00:00,0.6368405843120016,0.3745693774736081,False
2016-05-18 22:30:00+00:00,1.0151356562246043,1.7181158517197233,True
2016-05-18 23:00:00+00:00,1.393430728137207,3.481872070873106,False
2016-05-18 23:30:00+00:00,0.8711109934772838,4.147174643811448,True
2016-05-19 00:00:00+00:00,0.3487912588173607,4.633866906847133,False
2016-05-19 00:30:00+00:00,0.991807846625379,5.170819405860387,True
2016-05-19 01:00:00+00:00,1.6348244344333975,5.466172469869028,False
2016-05-19 01:30:00+00:00,1.6118212186714789,3.1739313967957,True
2016-05-19 02:00:00+00:00,1.5675707381928772,0.8816903237223719,False
2016-05-19 02:30:00+00:00,1.4992328419286591,1.5023561959715501,True
2016-05-19 03:00:00+00:00,1.4521422103811237,2.123022068220728,False
2016-05-19 03:30:00+00:00,1.582100132027912,1.512133424754035,True
2016-05-19 04:00:00+00:00,1.7120580536747003,0.9012447812873424,False
2016-05-19 04:30:00+00:00,1.3527128876564045,2.19856792930263,True
2016-05-19 05:00:00+00:00,0.836684720716744,3.4958910773179177,False
2016-05-19 05:30:00+00:00,0.5142963668774381,2.7993734873056724,True
2016-05-19 06:00:00+00:00,0.3485910139594966,2.102855897293427,False
2016-05-19 06:30:00+00:00,0.4771421167933221,3.503524205234976,True
2016-05-19 07:00:00+00:00,0.8078580466983345,5.689481465926029,False
2016-05-19 07:30:00+00:00,2.599003630796643,7.4791848949240896,True
2016-05-19 08:00:00+00:00,4.187984387823765,8.483599371172646,False
2016-05-19 08:30:00+00:00,4.101136905262133,8.141060682072265,True
2016-05-19 09:00:00+00:00,3.9045143763123535,7.407379476582396,False
2016-05-19 09:30:00+00:00,3.4518131235564677,5.779669971279235,True
2016-05-19 10:00:00+00:00,2.9308606458604505,4.543102982365559,False
2016-05-19 10:30:00+00:00,2.5611875201856353,4.607182322830303,True
2016-05-19 11:00:00+00:00,2.3695406658391,4.785825539583914,False
2016-05-19 11:30:00+00:00,4.275688521810029,6.495185303736005,True
2016-05-19 12:00:00+00:00,7.10365315546087,8.87668785835506,False
2016-05-19 12:30:00+00:00,9.074340518514889,10.548441937011946,True
2016-05-19 13:00:00+00:00,10.123211103888998,11.433489348912996,False
2016-05-19 13:30:00+00:00,6.801726372359819,9.535323042708946,True
2016-05-19 14:00:00+00:00,2.752466094628216,7.478618598284128,False
2016-05-19 14:30:00+00:00,1.6271912596562759,7.305920110223629,True
2016-05-19 15:00:00+00:00,0.9387477109425704,7.133905421023862,False
2016-05-19 15:30:00+00:00,0.3648958441276632,5.17890820690858,True
2016-05-19 16:00:00+00:00,0.0819882372569451,3.381765332153336,False
2016-05-19 16:30:00+00:00,0.6353296209724868,4.402718814344015,True
2016-05-19 17:00:00+00:00,1.1886710046880282,5.423672296534692,False
2016-05-19 17:30:00+00:00,0.6059085434056699,2.7597646247013348,True
2016-05-19 18:00:00+00:00,0.0231460821233112,0.0958569528679789,False
2016-05-19 18:30:00+00:00,0.33160134695562055,2.8144102223371976,True
2016-05-19 19:00:00+00:00,0.6400566117879299,5.532963491806418,False
2016-05-19 19:30:00+00:00,0.32655949044682375,4.158801793700995,True
2016-05-19 20:00:00+00:00,0.0130623691057175,2.7846400955955706,False
2016-05-19 20:30:00+00:00,0.29948693379810465,3.7428827419057056,True
2016-05-19 21:00:00+00:00,0.6636368641635908,4.70112538821584,False
2016-05-19 21:30:00+00:00,0.8046278313444384,4.404678364656066,True
2016-05-19 22:00:00+00:00,0.8678934328521868,3.728099338721371,False
2016-05-19 22:30:00+00:00,0.5550648474051856,1.79957316715321,True
2016-05-19 23:00:00+00:00,0.2422362619581843,0.2511789979599703,False
2016-05-19 23:30:00+00:00,0.67981567633851,1.9487878280944635,True
2016-05-20 00:00:00+00:00,1.1173950907188357,3.646396658228957,False
2016-05-20 00:30:00+00:00,0.906003724790241,2.6941960512287673,True
2016-05-20 01:00:00+00:00,0.6946123588616462,1.451142616990882,False
2016-05-20 01:30:00+00:00,0.8602052267504625,0.9404331995286186,True
2016-05-20 02:00:00+00:00,1.0257980946392788,0.659724337084067,False
2016-05-20 02:30:00+00:00,0.894306335753162,0.5573874754531348,True
2016-05-20 03:00:00+00:00,0.7628145768670449,0.5159028860421858,False
2016-05-20 03:30:00+00:00,1.1048471217543108,1.2953952229070487,True
2016-05-20 04:00:00+00:00,1.4468796666415766,2.074887559771912,False
2016-05-20 04:30:00+00:00,1.3767133233913058,1.745273002686425,True
2016-05-20 05:00:00+00:00,1.2430495731042772,1.415658445600938,False
2016-05-20 05:30:00+00:00,1.042853738189979,1.433169709565118,True
2016-05-20 06:00:00+00:00,0.9061553103124382,1.450680973529298,False
2016-05-20 06:30:00+00:00,0.9482729858546635,1.2151858998842187,True
2016-05-20 07:00:00+00:00,1.0670530679341403,0.9796908262391392,False
2016-05-20 07:30:00+00:00,2.31572282969931,3.334038281695695,True
2016-05-20 08:00:00+00:00,4.324652335656016,6.538695894266605,False
2016-05-20 08:30:00+00:00,6.394290827923518,8.12424874519412,True
2016-05-20 09:00:00+00:00,7.767554859630597,8.988881023232864,False
2016-05-20 09:30:00+00:00,7.990871561295438,9.198244781673617,True
2016-05-20 10:00:00+00:00,8.073640572791913,9.278218955888786,False
2016-05-20 10:30:00+00:00,7.493176763867947,9.145634885755307,True
2016-05-20 11:00:00+00:00,6.912712954943981,9.013050815621828,False
2016-05-20 11:30:00+00:00,7.924489291916243,9.213666794486969,True
2016-05-20 12:00:00+00:00,8.936265628888505,9.599850557245368,False
2016-05-20 12:30:00+00:00,8.650153690364897,10.197545050266172,True
2016-05-20 13:00:00+00:00,8.333663411484048,10.609671759393716,False
2016-05-20 13:30:00+00:00,8.301237677278731,9.685696414315258,True
2016-05-20 14:00:00+00:00,8.2660941356636,8.7617210692368,False
2016-05-20 14:30:00+00:00,6.990047205735387,9.494270541016716,True
2016-05-20 15:00:00+00:00,5.017997181394783,10.226820012796631,False
2016-05-20 15:30:00+00:00,3.3303641185934474,8.836054772075943,True
2016-05-20 16:00:00+00:00,2.3718302979715595,6.959464482137082,False
2016-05-20 16:30:00+00:00,2.3977745680466263,6.134468565673708,True
2016-05-20 17:00:00+00:00,2.4237188381216934,5.576566537814395,False
2016-05-20 17:30:00+00:00,1.6368254544098644,5.190917770829027,True
2016-05-20 18:00:00+00:00,0.8499320706980354,4.936686116591154,False
2016-05-20 18:30:00+00:00,1.3206324443988673,4.772942536037728,True
2016-05-20 19:00:00+00:00,1.791332818099699,4.696513003350918,False
2016-05-20 19:30:00+00:00,1.7133428918574076,4.880395250464644,True
2016-05-20 20:00:00+00:00,1.6353529656151162,5.239286207920962,False
2016-05-20 20:30:00+00:00,1.790986283070902,5.8195905020920815,True
2016-05-20 21:00:00+00:00,1.9466196005266876,6.224886085920607,False
2016-05-20 21:30:00+00:00,1.5694802571873343,3.766536811228444,True
2016-05-20 22:00:00+00:00,0.9529887751109626,1.30818753653628,False
2016-05-20 22:30:00+00:00,0.3714455440492964,2.080602588372604,True
2016-05-20 23:00:00+00:00,0.0292544517246487,3.287611913595472,False
2016-05-20 23:30:00+00:00,1.5809455887055972,4.279741275483612,True
2016-05-21 00:00:00+00:00,3.1326367256865457,4.837276363985207,False
2016-05-21 00:30:00+00:00,1.7424560291034654,4.1945685041879575,True
2016-05-21 01:00:00+00:00,0.3522753325203847,3.067433635828968,False
2016-05-21 01:30:00+00:00,1.036148549497378,1.7548434750281463,True
2016-05-21 02:00:00+00:00,1.720021766474371,0.9266803227890636,False
2016-05-21 02:30:00+00:00,1.1736587186278504,1.8224212596976526,True
2016-05-21 03:00:00+00:00,0.6272956707813296,2.718162196606241,False
2016-05-21 03:30:00+00:00,1.2449630387278314,2.318039792478257,True
2016-05-21 04:00:00+00:00,1.862630406674333,1.7304663268233904,False
2016-05-21 04:30:00+00:00,1.1053249167397496,1.3346087324663467,True
2016-05-21 05:00:00+00:00,0.348019426805166,1.1262021996361864,False
2016-05-21 05:30:00+00:00,0.6477063848751796,3.5490309845836796,True
2016-05-21 06:00:00+00:00,0.9473933429451932,5.971859769531174,False
2016-05-21 06:30:00+00:00,0.48756838449309176,4.150157483743669,True
2016-05-21 07:00:00+00:00,0.0277434260409905,2.328455197956164,False
2016-05-21 07:30:00+00:00,0.6860191311656757,4.532119928375792,True
2016-05-21 08:00:00+00:00,1.842081749612268,7.122635909478662,False
2016-05-21 08:30:00+00:00,2.918154023598304,7.619992225817604,True
2016-05-21 09:00:00+00:00,4.048220089028325,8.045230042469615,False
2016-05-21 09:30:00+00:00,5.388890368364089,9.065216431151601,True
2016-05-21 10:00:00+00:00,6.256328266771189,10.026412082179409,False
2016-05-21 10:30:00+00:00,6.341251473825944,10.364718447404186,True
2016-05-21 11:00:00+00:00,6.425457687713241,10.7166297446895,False
2016-05-21 11:30:00+00:00,7.441859272145382,12.082487251979638,True
2016-05-21 12:00:00+00:00,8.380429525907756,13.178797813867106,False
2016-05-21 12:30:00+00:00,7.003711463209719,11.986206851010841,True
2016-05-21 13:00:00+00:00,5.334094718122958,10.236134821681423,False
2016-05-21 13:30:00+00:00,4.9762630514887425,9.266349333005522,True
2016-05-21 14:00:00+00:00,4.608832476045861,8.441006373979688,False
2016-05-21 14:30:00+00:00,2.818885155666167,7.633638323394044,True
2016-05-21 15:00:00+00:00,0.9604505867029494,6.910732030845224,False
2016-05-21 15:30:00+00:00,0.30926566589245913,6.170563851804471,True
2016-05-21 16:00:00+00:00,0.0290655848628837,5.758972451549978,False
2016-05-21 16:30:00+00:00,0.3508862491837912,5.996534759887335,True
2016-05-21 17:00:00+00:00,0.6727069135046988,6.234097068224692,False
2016-05-21 17:30:00+00:00,0.3563538363621695,5.818446466419482,True
2016-05-21 18:00:00+00:00,0.0349819194521494,5.402795864614273,False
2016-05-21 18:30:00+00:00,0.027373400882088013,5.557214581261117,True
2016-05-21 19:00:00+00:00,0.0247837220795174,5.71163329790796,False
2016-05-21 19:30:00+00:00,0.080973439718654,4.965601062505773,True
2016-05-21 20:00:00+00:00,0.1607449668421069,4.219568827103587,False
2016-05-21 20:30:00+00:00,0.19275115261947476,4.890805508103968,True
2016-05-21 21:00:00+00:00,0.2329588834322075,5.562042189104349,False
2016-05-21 21:30:00+00:00,0.5142773471743383,4.484877028638013,True
2016-05-21 22:00:00+00:00,0.7638124563967877,2.776791296519988,False
2016-05-21 22:30:00+00:00,0.634571654993217,1.3078185783547225,True
2016-05-21 23:00:00+00:00,0.5053308535896461,0.4697664318411444,False
2016-05-21 23:30:00+00:00,0.662770484421701,0.6650342773041663,True
2016-05-22 00:00:00+00:00,0.8202101152537558,1.1301635524338816,False
2016-05-22 00:30:00+00:00,0.43620228820892026,2.741927100143721,True
2016-05-22 01:00:00+00:00,0.0521944611640849,4.0838292181868665,False
2016-05-22 01:30:00+00:00,0.4280846299560822,2.287993816523159,True
2016-05-22 02:00:00+00:00,0.8907270817630778,0.4921584148594516,False
2016-05-22 02:30:00+00:00,1.0434890134184192,0.5214973537028615,True
2016-05-22 03:00:00+00:00,1.1094986620587624,0.5701740456996102,False
2016-05-22 03:30:00+00:00,0.8319474008575343,0.5993592267471826,True
2016-05-22 04:00:00+00:00,0.5543961396563063,0.6468716682506039,False
2016-05-22 04:30:00+00:00,0.5800336327517462,2.7780373545245713,True
2016-05-22 05:00:00+00:00,0.6056711258471862,4.871538027189351,False
2016-05-22 05:30:00+00:00,0.5618872919952858,3.271694915299764,True
2016-05-22 06:00:00+00:00,0.4649628494710618,1.6718518034101757,False
2016-05-22 06:30:00+00:00,0.22119933542668524,2.7320671323363266,True
2016-05-22 07:00:00+00:00,0.0305764300546322,3.7922824612624777,False
2016-05-22 07:30:00+00:00,0.2672502825343439,2.673611669281473,True
2016-05-22 08:00:00+00:00,0.8648919304666977,1.5549408773004685,False
2016-05-22 08:30:00+00:00,3.3611287041550124,3.1558158350185783,True
2016-05-22 09:00:00+00:00,6.224587061339502,5.803879776740941,False
2016-05-22 09:30:00+00:00,7.560084335495327,8.007120013482481,True
2016-05-22 10:00:00+00:00,8.224359918967453,9.934133829239723,False
2016-05-22 10:30:00+00:00,8.284335333900808,11.389356058578812,True
2016-05-22 11:00:00+00:00,8.345178852620293,12.394618057258198,False
2016-05-22 11:30:00+00:00,9.731622336185046,12.989449744314312,True
2016-05-22 12:00:00+00:00,11.060230027698552,13.263279099010171,False
2016-05-22 12:30:00+00:00,10.271873060641758,11.654982568149343,True
2016-05-22 13:00:00+00:00,9.483516093584962,10.046686037288517,False
2016-05-22 13:30:00+00:00,10.750470306150795,11.891326965942469,True
2016-05-22 14:00:00+00:00,12.01742451871663,13.73596789459642,False
2016-05-22 14:30:00+00:00,10.354383811825722,12.693256253448796,True
2016-05-22 15:00:00+00:00,7.787646285131078,10.71598414381505,False
2016-05-22 15:30:00+00:00,5.938740678075553,8.255638539548974,True
2016-05-22 16:00:00+00:00,4.6317170840713615,5.811216355534051,False
2016-05-22 16:30:00+00:00,3.9813519215243263,3.8830434975567107,True
2016-05-22 17:00:00+00:00,3.692801565729691,2.873507687814343,False
2016-05-22 17:30:00+00:00,3.74041023656771,4.589440666703191,True
2016-05-22 18:00:00+00:00,3.78801890740573,6.305373645592039,False
2016-05-22 18:30:00+00:00,3.541186232352436,5.434447067129639,True
2016-05-22 19:00:00+00:00,3.2943535572991425,4.320492647078472,False
2016-05-22 19:30:00+00:00,3.4976244932657554,3.8771391230003918,True
2016-05-22 20:00:00+00:00,3.700895429232368,3.6768134405110784,False
2016-05-22 20:30:00+00:00,3.577704768102216,3.7169832418811355,True
2016-05-22 21:00:00+00:00,3.354316298252458,3.823721064453476,False
2016-05-22 21:30:00+00:00,3.1609564279280216,4.567115950738065,True
2016-05-22 22:00:00+00:00,2.879208420065312,5.243942815820372,False
2016-05-22 22:30:00+00:00,2.019775471995617,4.023657900849744,True
2016-05-22 23:00:00+00:00,1.0494689597788789,2.803372985879116,False
2016-05-22 23:30:00+00:00,0.4545622596932569,4.112785304424472,True
2016-05-23 00:00:00+00:00,0.1591150700125559,5.422197622969828,False
2016-05-23 00:30:00+00:00,0.9872312249552063,5.171310308751223,True
2016-05-23 01:00:00+00:00,1.8153473798978568,4.718628446774165,False
2016-05-23 01:30:00+00:00,1.019896393585737,4.144445002006717,True
2016-05-23 02:00:00+00:00,0.2244454072736172,3.77205610499772,False
2016-05-23 02:30:00+00:00,0.25050250751583797,4.250747786402316,True
2016-05-23 03:00:00+00:00,0.2765596077580588,5.047954320781131,False
2016-05-23 03:30:00+00:00,0.2759195362253926,5.84332469751413,True
2016-05-23 04:00:00+00:00,0.274028513538224,6.320180221272911,False
2016-05-23 04:30:00+00:00,0.17432892537488173,5.780667706633455,True
2016-05-23 05:00:00+00:00,0.0571002518094428,5.083574883492709,False
2016-05-23 05:30:00+00:00,0.02499761811773185,4.793307419504698,True
2016-05-23 06:00:00+00:00,0.0116750209826199,4.660620264017979,False
2016-05-23 06:30:00+00:00,0.06381029458321455,5.230166393887847,True
2016-05-23 07:00:00+00:00,0.1159455681838092,5.799712523757718,False
2016-05-23 07:30:00+00:00,0.0664267960642967,4.212946078600902,True
2016-05-23 08:00:00+00:00,0.0169080239447842,2.6261796334440866,False
2016-05-23 08:30:00+00:00,1.6522944126100052,3.487910381525401,True
2016-05-23 09:00:00+00:00,4.475951691513664,5.255714001259265,False
2016-05-23 09:30:00+00:00,7.184146359568043,8.08465799960245,True
2016-05-23 10:00:00+00:00,9.56459225536259,11.08537613335318,False
2016-05-23 10:30:00+00:00,11.295153982626037,13.33457138652336,True
2016-05-23 11:00:00+00:00,12.165193591910873,14.505919632633445,False
2016-05-23 11:30:00+00:00,11.463699220595146,13.349996893534463,True
2016-05-23 12:00:00+00:00,10.160201881466328,11.796506735562817,False
2016-05-23 12:30:00+00:00,8.469985613043582,11.247749247995275,True
2016-05-23 13:00:00+00:00,7.146388158240176,10.671096258332208,False
2016-05-23 13:30:00+00:00,6.872001361820539,8.912396511888025,True
2016-05-23 14:00:00+00:00,6.588471268514391,7.182227539560577,False
2016-05-23 14:30:00+00:00,4.779088723718895,6.674989728291526,True
2016-05-23 15:00:00+00:00,2.626169285000959,6.154515571637119,False
2016-05-23 15:30:00+00:00,1.4958328789951907,3.9550945988524617,True
2016-05-23 16:00:00+00:00,0.9535608179921212,2.0890775778701784,False
2016-05-23 16:30:00+00:00,1.1762460911008583,2.0063063847327003,True
2016-05-23 17:00:00+00:00,1.3989313642095955,1.92952300428221,False
2016-05-23 17:30:00+00:00,1.216731017980419,1.2667985739870833,True
2016-05-23 18:00:00+00:00,1.0345306717512424,0.6748508714394041,False
2016-05-23 18:30:00+00:00,1.5773302590969633,0.8754941046646982,True
2016-05-23 19:00:00+00:00,2.1201298464426843,1.2581035112027898,False
2016-05-23 19:30:00+00:00,1.4449756645416474,1.8330010109484136,True
2016-05-23 20:00:00+00:00,0.7698214826406107,2.22593233738124,False
2016-05-23 20:30:00+00:00,0.9054881704349272,1.5610518403145481,True
2016-05-23 21:00:00+00:00,1.0836309601308491,0.8961713432478564,False
2016-05-23 21:30:00+00:00,1.1631123132446999,1.2514504941194562,True
2016-05-23 22:00:00+00:00,1.200117564456945,1.606729644991056,False
2016-05-23 22:30:00+00:00,0.969134897483127,1.0013319641087748,True
2016-05-23 23:00:00+00:00,0.7381522305093089,0.3959342832264937,False
2016-05-23 23:30:00+00:00,0.7850041541037233,0.40284934212759965,True
2016-05-24 00:00:00+00:00,0.8973758188626203,0.4231871548801229,False
2016-05-24 00:30:00+00:00,1.3002836120781895,1.3278881237601468,True
2016-05-24 01:00:00+00:00,1.637671664129276,2.219166338788753,False
2016-05-24 01:30:00+00:00,1.3885998193420634,1.4167360960108515,True
2016-05-24 02:00:00+00:00,1.1003949064568326,0.6143058532329502,False
2016-05-24 02:30:00+00:00,1.0350227048225058,0.7025633836316166,True
2016-05-24 03:00:00+00:00,1.0087835712861977,0.9344708563995726,False
2016-05-24 03:30:00+00:00,1.63819924347839,2.4057030548621317,True
2016-05-24 04:00:00+00:00,2.2676149156705825,3.7332853109554014,False
2016-05-24 04:30:00+00:00,1.719837029273269,2.4667889600454327,True
2016-05-24 05:00:00+00:00,0.9179039601146162,1.200292609135464,False
2016-05-24 05:30:00+00:00,0.3831299175456536,2.296968527567975,True
2016-05-24 06:00:00+00:00,0.1025110577380299,3.393644446000487,False
2016-05-24 06:30:00+00:00,0.3672762940448169,2.8304316034344024,True
2016-05-24 07:00:00+00:00,0.9363640381061064,2.267218760868318,False
2016-05-24 07:30:00+00:00,2.2153070656340983,2.5477812720249498,True
2016-05-24 08:00:00+00:00,3.189927585407588,3.189787391210572,False
2016-05-24 08:30:00+00:00,2.697568043713094,5.023790706274058,True
2016-05-24 09:00:00+00:00,2.2052085020185994,6.529672934394335,False
2016-05-24 09:30:00+00:00,2.363080278622513,6.563648050158195,True
2016-05-24 10:00:00+00:00,2.749826572514453,6.5976749076086,False
2016-05-24 10:30:00+00:00,4.2991732516584396,8.424980685558985,True
2016-05-24 11:00:00+00:00,5.619645413514399,10.21891220073704,False
2016-05-24 11:30:00+00:00,3.293109337032357,7.259842809774936,True
2016-05-24 12:00:00+00:00,0.966573260550316,4.30077341881283,False
2016-05-24 12:30:00+00:00,1.526153275317683,5.581360492122469,True
2016-05-24 13:00:00+00:00,2.0857332900850496,6.861947565432108,False
2016-05-24 13:30:00+00:00,1.8282567329522155,6.375527735417422,True
2016-05-24 14:00:00+00:00,1.3894467768494625,5.889107905402734,False
2016-05-24 14:30:00+00:00,0.9749886016711363,5.930952927110846,True
2016-05-24 15:00:00+00:00,0.6325370720977833,5.972797948818958,False
2016-05-24 15:30:00+00:00,0.4386727574636672,5.823245634491678,True
2016-05-24 16:00:00+00:00,0.3250608891386372,5.55322688905826,False
2016-05-24 16:30:00+00:00,0.2758218788235028,5.24245117720522,True
2016-05-24 17:00:00+00:00,0.2533507529748467,4.987343121102197,False
2016-05-24 17:30:00+00:00,0.24973255575438025,4.870896670491209,True
2016-05-24 18:00:00+00:00,0.2484207811232951,4.819248995236342,False
2016-05-24 18:30:00+00:00,0.2486348187651424,4.831443221552632,True
2016-05-24 19:00:00+00:00,0.2492747973597137,4.862631252112063,False
2016-05-24 19:30:00+00:00,0.41992079550467526,5.0248710273995725,True
2016-05-24 20:00:00+00:00,0.590140852696913,5.16811699844394,False
2016-05-24 20:30:00+00:00,0.5677485150912217,5.001124066456522,True
2016-05-24 21:00:00+00:00,0.5113280716478595,4.834131134469103,False
2016-05-24 21:30:00+00:00,0.24499199404588884,4.939562227168743,True
2016-05-24 22:00:00+00:00,0.012684022281589,5.044993319868383,False
2016-05-24 22:30:00+00:00,0.12877688030324633,5.016062514548775,True
2016-05-24 23:00:00+00:00,0.2913104778862301,4.937354061718994,False
2016-05-24 23:30:00+00:00,0.3841942049468969,4.249667923715096,True
2016-05-25 00:00:00+00:00,0.4306371924462372,3.61175943322137,False
2016-05-25 00:30:00+00:00,0.2309787303398274,3.9426104669920568,True
2016-05-25 01:00:00+00:00,0.0244688113253955,4.3403230876607,False
2016-05-25 01:30:00+00:00,0.013952407659215267,4.455646293743226,True
2016-05-25 02:00:00+00:00,0.0102874609010571,4.504107912927794,False
2016-05-25 02:30:00+00:00,0.09360032613506886,3.918605729770097,True
2016-05-25 03:00:00+00:00,0.1769131913690806,3.333103546612401,False
2016-05-25 03:30:00+00:00,0.1233154157391643,4.401263284927075,True
2016-05-25 04:00:00+00:00,0.069717640109248,5.469423023241748,False
2016-05-25 04:30:00+00:00,0.15948971702695736,2.928829495511813,True
2016-05-25 05:00:00+00:00,0.373963770275969,0.3882359677818785,False
2016-05-25 05:30:00+00:00,1.0886852735857673,1.0760736894287537,True
2016-05-25 06:00:00+00:00,1.7575738109273669,1.7639114110756289,False
2016-05-25 06:30:00+00:00,1.8467906876704159,1.6451354880515925,True
2016-05-25 07:00:00+00:00,1.9356086348909451,1.526359565027556,False
2016-05-25 07:30:00+00:00,2.4893679885109,2.784980116855412,True
2016-05-25 08:00:00+00:00,3.2601529050791287,4.835086436828363,False
2016-05-25 08:30:00+00:00,3.854912869680173,6.502444645925025,True
2016-05-25 09:00:00+00:00,4.327279809677758,7.870059211731852,False
2016-05-25 09:30:00+00:00,4.558292368966595,8.743175377451754,True
2016-05-25 10:00:00+00:00,4.839741761766881,9.32502612271521,False
2016-05-25 10:30:00+00:00,6.703578271292101,9.702003786809945,True
2016-05-25 11:00:00+00:00,8.343875328120475,9.878504746505865,False
2016-05-25 11:30:00+00:00,7.814332103783508,9.86204114583325,True
2016-05-25 12:00:00+00:00,7.007035309313201,9.827174746997866,False
2016-05-25 12:30:00+00:00,6.53952916380692,9.782353333828505,True
2016-05-25 13:00:00+00:00,6.056577193140251,9.697101847096274,False
2016-05-25 13:30:00+00:00,5.422892659500527,9.218904960076568,True
2016-05-25 14:00:00+00:00,4.525652284318048,8.463529551051634,False
2016-05-25 14:30:00+00:00,2.25115666811847,7.7728701524704285,True
2016-05-25 15:00:00+00:00,0.4416993185542239,6.987277359120255,False
2016-05-25 15:30:00+00:00,0.32564628154453623,5.7504639733359735,True
2016-05-25 16:00:00+00:00,0.2496388312045212,4.916242523463757,False
2016-05-25 16:30:00+00:00,0.11194238522853753,4.886969605860526,True
2016-05-25 17:00:00+00:00,0.0259173227840317,4.857940486809509,False
2016-05-25 17:30:00+00:00,0.1158317415289443,4.2048216634926145,True
2016-05-25 18:00:00+00:00,0.3039744875125078,3.285127376072257,False
2016-05-25 18:30:00+00:00,0.6105157481801083,2.781678216687503,True
2016-05-25 19:00:00+00:00,0.9734087859973554,2.342554868499409,False
2016-05-25 19:30:00+00:00,1.264697316996222,1.776763314621708,True
2016-05-25 20:00:00+00:00,1.5478671036892695,1.4413304676863663,False
2016-05-25 20:30:00+00:00,1.919944349702665,2.026296158054456,True
2016-05-25 21:00:00+00:00,2.1455602356335817,2.9276266801740287,False
2016-05-25 21:30:00+00:00,1.3813384269472966,3.491867710848208,True
2016-05-25 22:00:00+00:00,0.4480145962229119,4.029384596427509,False
2016-05-25 22:30:00+00:00,0.152288998101146,4.784976703014644,True
2016-05-25 23:00:00+00:00,0.0256654220174801,5.250928122945176,False
2016-05-25 23:30:00+00:00,0.5955579796143449,3.9425415077270793,True
2016-05-26 00:00:00+00:00,1.1654505372112094,2.634154892508984,False
2016-05-26 00:30:00+00:00,0.6281816083023565,3.4601616530178134,True
2016-05-26 01:00:00+00:00,0.0624414767926322,4.286168413526643,False
2016-05-26 01:30:00+00:00,0.01818484932416107,3.7161493327022423,True
2016-05-26 02:00:00+00:00,0.0023994244565612,3.1461302518778407,False
2016-05-26 02:30:00+00:00,0.01607875271438,3.9695109335700276,True
2016-05-26 03:00:00+00:00,0.0297580809721988,4.792891615262214,False
2016-05-26 03:30:00+00:00,0.014879040486099398,3.101414611705795,True
2016-05-26 04:00:00+00:00,0.0,1.4099376081493769,False
2016-05-26 04:30:00+00:00,0.7262414720307242,1.7507209988032302,True
2016-05-26 05:00:00+00:00,1.758837012872969,2.352794030391101,False
2016-05-26 05:30:00+00:00,2.2386649812096415,2.915544519118223,True
2016-05-26 06:00:00+00:00,2.699092313835414,3.525156704224955,False
2016-05-26 06:30:00+00:00,3.3274283966348928,4.090462390127131,True
2016-05-26 07:00:00+00:00,4.1720588178582885,4.824531326653989,False
2016-05-26 07:30:00+00:00,5.847998328757572,6.6067318783659355,True
2016-05-26 08:00:00+00:00,7.3502506998667165,8.411270604025605,False
2016-05-26 08:30:00+00:00,7.8530247938521685,9.18099062741807,True
2016-05-26 09:00:00+00:00,8.181832725951432,9.794986033825944,False
2016-05-26 09:30:00+00:00,8.409090186724807,10.515989994539254,True
2016-05-26 10:00:00+00:00,8.67910898833208,11.159628130310978,False
2016-05-26 10:30:00+00:00,9.759125040764623,11.617602101433949,True
2016-05-26 11:00:00+00:00,10.640785282515056,12.032411233561488,False
2016-05-26 11:30:00+00:00,10.07902022231265,12.599940530212505,True
2016-05-26 12:00:00+00:00,9.074605059241431,12.9444723458991,False
2016-05-26 12:30:00+00:00,7.8350832343842916,12.110932163056361,True
2016-05-26 13:00:00+00:00,7.038211512395964,10.978089012394443,False
2016-05-26 13:30:00+00:00,7.433061833851451,10.542781876177237,True
2016-05-26 14:00:00+00:00,7.827912155306939,10.117503995408144,False
2016-05-26 14:30:00+00:00,5.968117475466638,9.3301521907514,True
2016-05-26 15:00:00+00:00,3.4030538249203506,8.35217462428636,False
2016-05-26 15:30:00+00:00,2.1631972344923387,7.087112417423047,True
2016-05-26 16:00:00+00:00,1.3324608702987286,6.2487639696054105,False
2016-05-26 16:30:00+00:00,0.8268547142278916,6.188830480126064,True
2016-05-26 17:00:00+00:00,0.502852015966642,6.136726711126552,False
2016-05-26 17:30:00+00:00,0.3040650367125028,5.920530328850584,True
2016-05-26 18:00:00+00:00,0.1863661168953274,5.66015019002237,False
2016-05-26 18:30:00+00:00,0.1361868515010382,5.520380444886026,True
2016-05-26 19:00:00+00:00,0.1015107308569234,5.373273075636781,False
2016-05-26 19:30:00+00:00,0.061408314869217606,5.096351302742047,True
2016-05-26 20:00:00+00:00,0.0392599813563736,4.776383117901284,False
2016-05-26 20:30:00+00:00,0.07798453111413008,4.442989242013286,True
2016-05-26 21:00:00+00:00,0.1796959784817687,4.249519153390315,False
2016-05-26 21:30:00+00:00,0.8228271176881237,4.7817195093364075,True
2016-05-26 22:00:00+00:00,1.4029713592845965,5.313919865282499,False
2016-05-26 22:30:00+00:00,1.236256980053665,5.300723445761484,True
2016-05-26 23:00:00+00:00,1.0133053686945153,5.262050765741398,False
2016-05-26 23:30:00+00:00,0.9394080980649427,3.807613283141653,True
2016-05-27 00:00:00+00:00,0.8551927665155467,2.3786520610409805,False
2016-05-27 00:30:00+00:00,0.4010198394780022,2.594799483334631,True
2016-05-27 01:00:00+00:00,0.0134022054884994,2.8579081101578243,False
2016-05-27 01:30:00+00:00,1.3372251231119519,2.9397963856826377,True
2016-05-27 02:00:00+00:00,2.661048040735404,2.974723456677909,False
2016-05-27 02:30:00+00:00,2.574095131125602,2.358888650010414,True
2016-05-27 03:00:00+00:00,2.451181728422368,1.7430538433429192,False
2016-05-27 03:30:00+00:00,2.4037880210781384,2.1985649527305586,True
2016-05-27 04:00:00+00:00,2.3417630726924257,2.6540760621181985,False
2016-05-27 04:30:00+00:00,1.7756299392412362,1.8070166670168013,True
2016-05-27 05:00:00+00:00,0.9973663441651625,0.9599572719154046,False
2016-05-27 05:30:00+00:00,0.4347190229849773,2.417781290858411,True
2016-05-27 06:00:00+00:00,0.1347938975645931,4.251679671569285,False
2016-05-27 06:30:00+00:00,0.3607500539521027,4.798325671550368,True
2016-05-27 07:00:00+00:00,0.7522864230077392,5.226593226712969,False
2016-05-27 07:30:00+00:00,1.043545344098604,5.733301400647948,True
2016-05-27 08:00:00+00:00,1.4664539483790506,6.320039873189264,False
2016-05-27 08:30:00+00:00,2.9630490302633565,7.084484612761287,True
2016-05-27 09:00:00+00:00,5.012957297966454,8.086981061617907,False
2016-05-27 09:30:00+00:00,7.072793592311317,9.83038441269519,True
2016-05-27 10:00:00+00:00,8.282086804979679,11.393415800079984,False
2016-05-27 10:30:00+00:00,8.114835588832046,12.110824675087825,True
2016-05-27 11:00:00+00:00,7.861879464338238,12.43282758894784,False
2016-05-27 11:30:00+00:00,7.7343009850857545,11.755344160914964,True
2016-05-27 12:00:00+00:00,7.572376329062398,11.02121805437836,False
2016-05-27 12:30:00+00:00,7.013965122416669,10.9588810220108,True
2016-05-27 13:00:00+00:00,6.165312094374558,10.898047976486788,False
2016-05-27 13:30:00+00:00,5.28859977107218,10.529765428921786,True
2016-05-27 14:00:00+00:00,4.19658331193734,9.844515387296642,False
2016-05-27 14:30:00+00:00,2.3037557421076897,8.65710678995422,True
2016-05-27 15:00:00+00:00,0.7636318258451771,7.309757096048575,False
2016-05-27 15:30:00+00:00,0.30270424479789526,6.1267248718857195,True
2016-05-27 16:00:00+00:00,0.1146700525293649,5.475739930006413,False
2016-05-27 16:30:00+00:00,0.5459673914259865,5.912362340754956,True
2016-05-27 17:00:00+00:00,0.977264730322608,6.348984751503498,False
2016-05-27 17:30:00+00:00,0.5062491710126885,5.815951855651371,True
2016-05-27 18:00:00+00:00,0.035233611702769,5.181873761030771,False
2016-05-27 18:30:00+00:00,0.24855736207542212,5.020342656746349,True
2016-05-27 19:00:00+00:00,0.4949809450955404,4.937462475135999,False
2016-05-27 19:30:00+00:00,0.5501985020356466,4.898846547077753,True
2016-05-27 20:00:00+00:00,0.5723162263282875,4.882624895113907,False
2016-05-27 20:30:00+00:00,0.29940015202432535,4.994063507419012,True
2016-05-27 21:00:00+00:00,0.0264840777203631,5.1968428794665344,False
2016-05-27 21:30:00+00:00,0.08846134103093001,5.42226866170671,True
2016-05-27 22:00:00+00:00,0.2269685451860734,5.6332376000384645,False
2016-05-27 22:30:00+00:00,0.5887590495518029,5.7903934393450625,True
2016-05-27 23:00:00+00:00,0.874019613072956,5.870665362817662,False
2016-05-27 23:30:00+00:00,0.49462000979513254,5.084025168881509,True
2016-05-28 00:00:00+00:00,0.0853050525746121,4.2973849749453565,False
2016-05-28 00:30:00+00:00,0.03915936027461089,4.757437225109056,True
2016-05-28 01:00:00+00:00,0.0205631183076285,5.337134054022959,False
2016-05-28 01:30:00+00:00,0.01682771105042485,5.55236742297721,True
2016-05-28 02:00:00+00:00,0.0154582074028994,5.647956213181257,False
2016-05-28 02:30:00+00:00,0.1426619999474707,2.885840432590226,True
2016-05-28 03:00:00+00:00,0.2698657924920419,0.1237246519991955,False
2016-05-28 03:30:00+00:00,0.18397909515208244,1.6365945641753092,True
2016-05-28 04:00:00+00:00,0.0721557022478128,3.1494644763514223,False
2016-05-28 04:30:00+00:00,0.02402510482785023,1.5828775489704392,True
2016-05-28 05:00:00+00:00,0.0018312029721978,0.0162906215894561,False
2016-05-28 05:30:00+00:00,0.21305829953063976,1.5507510814776815,True
2016-05-28 06:00:00+00:00,0.4242853960890818,3.085211541365907,False
2016-05-28 06:30:00+00:00,0.2121426980445409,1.6037086852175853,True
2016-05-28 07:00:00+00:00,0.0,0.1222058290692645,False
2016-05-28 07:30:00+00:00,0.060693766188875446,0.13036687478973105,True
2016-05-28 08:00:00+00:00,0.231779542127366,0.154683739577781,False
2016-05-28 08:30:00+00:00,2.1637455385374222,2.8510729247966946,True
2016-05-28 09:00:00+00:00,4.885784693062799,6.466101990222114,False
2016-05-28 09:30:00+00:00,6.794272399666483,8.015653601329836,True
2016-05-28 10:00:00+00:00,7.823506134608259,9.122615552536269,False
2016-05-28 10:30:00+00:00,7.845353213792024,9.949348902948234,True
2016-05-28 11:00:00+00:00,7.866550106805181,10.686578065452936,False
2016-05-28 11:30:00+00:00,8.337314267685487,11.718201596662656,True
2016-05-28 12:00:00+00:00,8.787517418533373,12.34712327640684,False
2016-05-28 12:30:00+00:00,7.605454330738733,10.91402887863594,True
2016-05-28 13:00:00+00:00,6.423391242944095,9.480934480865038,False
2016-05-28 13:30:00+00:00,6.78969774515599,9.644716241603282,True
2016-05-28 14:00:00+00:00,7.156004247367885,9.808498002341524,False
2016-05-28 14:30:00+00:00,6.320732148171935,9.5237729271037,True
2016-05-28 15:00:00+00:00,4.721476431773883,8.92496965577171,False
2016-05-28 15:30:00+00:00,2.411549270251715,7.860539500751454,True
2016-05-28 16:00:00+00:00,0.6181888957206682,6.751692719697703,False
2016-05-28 16:30:00+00:00,0.21313494299571537,6.255942414225121,True
2016-05-28 17:00:00+00:00,0.0554978204817427,5.681699823366093,False
2016-05-28 17:30:00+00:00,0.8317594097534778,3.077856578857427,True
2016-05-28 18:00:00+00:00,1.6080209990252134,0.91100044186287,False
2016-05-28 18:30:00+00:00,0.8214699972933202,1.8727051775999408,True
2016-05-28 19:00:00+00:00,0.0349189955614263,3.308086542234075,False
2016-05-28 19:30:00+00:00,0.5610675969002948,4.180410568566095,True
2016-05-28 20:00:00+00:00,1.0872161982391635,4.874504339849049,False
2016-05-28 20:30:00+00:00,0.9508143483687401,5.496630985992008,True
2016-05-28 21:00:00+00:00,0.6889973621289989,5.823311258286969,False
2016-05-28 21:30:00+00:00,0.2874394212075174,5.321181750143393,True
2016-05-28 22:00:00+00:00,0.0112966166553537,4.296049297705442,False
2016-05-28 22:30:00+00:00,0.24113633682924113,2.5335171215746803,True
2016-05-28 23:00:00+00:00,0.4709760570031285,0.976558703912274,False
2016-05-28 23:30:00+00:00,0.34600461220516865,0.42534967997268847,True
2016-05-29 00:00:00+00:00,0.2210331674072088,0.1915698418591223,False
2016-05-29 00:30:00+00:00,0.9051276432015528,0.4514342379534407,True
2016-05-29 01:00:00+00:00,2.0330076701009894,1.0336814216884374,False
2016-05-29 01:30:00+00:00,3.124789179128186,2.322057352630565,True
2016-05-29 02:00:00+00:00,3.77278513705029,3.7850143329549018,False
2016-05-29 02:30:00+00:00,2.206929932008077,4.8115256618445255,True
2016-05-29 03:00:00+00:00,0.641074726965864,5.34107315371126,False
2016-05-29 03:30:00+00:00,1.2887804450940863,4.788614418383737,True
2016-05-29 04:00:00+00:00,2.3197234645233946,3.906559060417399,False
2016-05-29 04:30:00+00:00,3.1277740103475296,3.1319345055664307,True
2016-05-29 05:00:00+00:00,3.730245397477582,2.686906573354279,False
2016-05-29 05:30:00+00:00,3.9736294366258837,3.065905099513482,True
2016-05-29 06:00:00+00:00,4.205206287332079,3.9199797466620474,False
2016-05-29 06:30:00+00:00,4.646123370003227,5.999310306200834,True
2016-05-29 07:00:00+00:00,5.304930938938586,8.061091663120425,False
2016-05-29 07:30:00+00:00,6.482094273200038,8.649792331926935,True
2016-05-29 08:00:00+00:00,7.845309416529846,9.235695546215286,False
2016-05-29 08:30:00+00:00,8.976716585359206,11.477531921438754,True
2016-05-29 09:00:00+00:00,9.911983883284885,13.26463883281021,False
2016-05-29 09:30:00+00:00,10.569724242028192,13.016982350612842,True
2016-05-29 10:00:00+00:00,11.08257475246674,12.769325868415478,False
2016-05-29 10:30:00+00:00,11.572502852352992,14.313233508798435,True
2016-05-29 11:00:00+00:00,11.833667421950215,15.85714114918139,False
2016-05-29 11:30:00+00:00,11.31137129563223,15.517418557267353,True
2016-05-29 12:00:00+00:00,10.3866053186097,14.706573224600128,False
2016-05-29 12:30:00+00:00,9.278379970652844,11.868994010871937,True
2016-05-29 13:00:00+00:00,8.572624473400532,9.50253753789694,False
2016-05-29 13:30:00+00:00,9.90066816440434,10.101546988136912,True
2016-05-29 14:00:00+00:00,11.22871185540815,10.700556438376884,False
2016-05-29 14:30:00+00:00,9.373457246166625,9.538547327650713,True
2016-05-29 15:00:00+00:00,6.613602971992408,7.746249333299428,False
2016-05-29 15:30:00+00:00,4.952348506253657,6.595895847335431,True
2016-05-29 16:00:00+00:00,3.6378648949875383,5.547471895183212,False
2016-05-29 16:30:00+00:00,2.466541547818335,4.266055034101863,True
2016-05-29 17:00:00+00:00,1.8530470111091908,3.512997522833849,False
2016-05-29 17:30:00+00:00,2.7628158904942013,3.800908920827502,True
2016-05-29 18:00:00+00:00,3.672584769879211,4.088820318821155,False
2016-05-29 18:30:00+00:00,2.814164358518095,3.6882063698113137,True
2016-05-29 19:00:00+00:00,1.955743947156979,3.2875924208014724,False
2016-05-29 19:30:00+00:00,2.072936614409691,3.920164994194529,True
2016-05-29 20:00:00+00:00,2.372804555160576,4.7276613182561,False
2016-05-29 20:30:00+00:00,3.937485273475337,5.046179246664429,True
2016-05-29 21:00:00+00:00,5.319490718291925,5.189773424404242,False
2016-05-29 21:30:00+00:00,3.6258128517375483,4.085721218461804,True
2016-05-29 22:00:00+00:00,1.932134985183172,2.981669012519365,False
2016-05-29 22:30:00+00:00,2.2782470440380562,3.57807127129068,True
2016-05-29 23:00:00+00:00,2.7208924578580835,4.174473530061996,False
2016-05-29 23:30:00+00:00,2.8683001495967275,4.078868814864442,True
2016-05-30 00:00:00+00:00,2.9765331689556245,3.9832640996668873,False
2016-05-30 00:30:00+00:00,3.0749702276229947,4.425509757015151,True
2016-05-30 01:00:00+00:00,3.184635159542351,4.867755414363414,False
2016-05-30 01:30:00+00:00,3.420158162450261,3.539795661902107,True
2016-05-30 02:00:00+00:00,3.5870946095207885,2.015815663993384,False
2016-05-30 02:30:00+00:00,3.2104082355248256,1.6905450436230995,True
2016-05-30 03:00:00+00:00,2.6691854620535724,1.5612946687002314,False
2016-05-30 03:30:00+00:00,2.396338757902248,2.0829387420567436,True
2016-05-30 04:00:00+00:00,2.1562094321255496,3.105848715728076,False
2016-05-30 04:30:00+00:00,1.8782152398033822,4.784895868647768,True
2016-05-30 05:00:00+00:00,1.6138131552506714,5.962677121252639,False
2016-05-30 05:30:00+00:00,1.4128136371324547,5.080548719768042,True
2016-05-30 06:00:00+00:00,1.19461119375286,4.198420318283445,False
2016-05-30 06:30:00+00:00,0.7441837239089942,4.346282141048005,True
2016-05-30 07:00:00+00:00,0.4291860926577141,4.731110120018054,False
2016-05-30 07:30:00+00:00,2.799490364888525,6.60958152694407,True
2016-05-30 08:00:00+00:00,6.313898850701479,9.027735323714468,False
2016-05-30 08:30:00+00:00,8.594246697148485,10.344444724583315,True
2016-05-30 09:00:00+00:00,10.057936973715258,11.46052322339438,False
2016-05-30 09:30:00+00:00,10.488921149487801,12.546385912745027,True
2016-05-30 10:00:00+00:00,10.851666489496155,13.64881273615317,False
2016-05-30 10:30:00+00:00,11.728566072875628,15.237803192713818,True
2016-05-30 11:00:00+00:00,12.34625784831738,16.23421187122488,False
2016-05-30 11:30:00+00:00,12.048632673060183,14.978821565543967,True
2016-05-30 12:00:00+00:00,11.368083680790402,13.29827439230258,False
2016-05-30 12:30:00+00:00,9.730409811923078,12.703807202428234,True
2016-05-30 13:00:00+00:00,7.8398747494338545,12.101285735454134,False
2016-05-30 13:30:00+00:00,6.547197260914814,10.624839569055688,True
2016-05-30 14:00:00+00:00,5.8518009438145615,8.963950076921279,False
2016-05-30 14:30:00+00:00,5.811730619692688,7.872911970837406,True
2016-05-30 15:00:00+00:00,5.771690189852177,6.926345266692119,False
2016-05-30 15:30:00+00:00,4.934704362194903,6.036740388292626,True
2016-05-30 16:00:00+00:00,3.822711893431789,5.159252292466465,False
2016-05-30 16:30:00+00:00,3.352495794898605,4.134793246263041,True
2016-05-30 17:00:00+00:00,2.8984169697235385,3.230766668597797,False
2016-05-30 17:30:00+00:00,2.091001735270409,2.533751600135387,True
2016-05-30 18:00:00+00:00,1.2307835036287722,2.177370349019069,False
2016-05-30 18:30:00+00:00,0.45208060787278026,4.108369581795416,True
2016-05-30 19:00:00+00:00,0.0235240219873501,6.0393688145717634,False
2016-05-30 19:30:00+00:00,0.06930504744095284,5.99044786209644,True
2016-05-30 20:00:00+00:00,0.1150860728945556,5.857399354544235,False
2016-05-30 20:30:00+00:00,0.1118128229201596,5.04448560944097,True
2016-05-30 21:00:00+00:00,0.1035386725718321,3.624898957268537,False
2016-05-30 21:30:00+00:00,0.06453193534462402,1.4670492475612433,True
2016-05-30 22:00:00+00:00,0.0288137573594842,0.0,False
2016-05-30 22:30:00+00:00,0.026162998745217575,2.8749498019359034,True
2016-05-30 23:00:00+00:00,0.0252245812628142,5.749899603871807,False
2016-05-30 23:30:00+00:00,0.027287523994070403,5.213237255891616,True
2016-05-31 00:00:00+00:00,0.0332828570986759,4.676574907911426,False
2016-05-31 00:30:00+00:00,0.19901696215732737,4.933314019915903,True
2016-05-31 01:00:00+00:00,0.3608186768426296,5.190053131920381,False
2016-05-31 01:30:00+00:00,0.18634144703646754,2.609076031614019,True
2016-05-31 02:00:00+00:00,0.0118642172303056,0.0280989313076569,False
2016-05-31 02:30:00+00:00,0.07423063428520296,2.7820064869574215,True
2016-05-31 03:00:00+00:00,0.2041516685495792,5.535914042607186,False
2016-05-31 03:30:00+00:00,0.44186344842664455,3.75399070975518,True
2016-05-31 04:00:00+00:00,0.6585171899755574,1.9720673769031736,False
2016-05-31 04:30:00+00:00,0.7402271782959404,3.680747219490846,True
2016-05-31 05:00:00+00:00,0.775440587734997,5.389427062078519,False
2016-05-31 05:30:00+00:00,0.5167972241573847,4.95306925232457,True
2016-05-31 06:00:00+00:00,0.2581538605797724,4.186459573874261,False
2016-05-31 06:30:00+00:00,0.8860162168819339,3.2889671719675055,True
2016-05-31 07:00:00+00:00,2.0815837130622694,2.721726638757109,False
2016-05-31 07:30:00+00:00,3.478407885994364,4.494243924034893,True
2016-05-31 08:00:00+00:00,5.090714675310751,6.670670576902036,False
2016-05-31 08:30:00+00:00,7.0777005083224624,7.239284155185441,True
2016-05-31 09:00:00+00:00,8.357677939355101,7.6862400595802525,False
2016-05-31 09:30:00+00:00,8.475673475327183,8.298071611873615,True
2016-05-31 10:00:00+00:00,8.517489657015872,8.957212139097365,False
2016-05-31 10:30:00+00:00,8.180684039453135,9.73605956433888,True
2016-05-31 11:00:00+00:00,7.843878421890399,10.326377458055983,False
2016-05-31 11:30:00+00:00,9.024033195333136,10.574516429241907,True
2016-05-31 12:00:00+00:00,10.20418796877587,10.681624263321094,False
2016-05-31 12:30:00+00:00,9.24245927287531,9.866510664490553,True
2016-05-31 13:00:00+00:00,7.6210995664866,8.992692901154493,False
2016-05-31 13:30:00+00:00,6.057099202698493,8.930955262657513,True
2016-05-31 14:00:00+00:00,4.9247082928495605,8.86651300759725,False
2016-05-31 14:30:00+00:00,4.61649801059729,6.531290563464216,True
2016-05-31 15:00:00+00:00,4.375833483023713,4.257476900399984,False
2016-05-31 15:30:00+00:00,3.9857281735418204,4.374501412235767,True
2016-05-31 16:00:00+00:00,3.6029317083773535,4.491525924071548,False
2016-05-31 16:30:00+00:00,3.3509324776310594,3.343633008947098,True
2016-05-31 17:00:00+00:00,3.0954684920883477,2.195740093822648,False
2016-05-31 17:30:00+00:00,2.6691998160302353,3.514111289182482,True
2016-05-31 18:00:00+00:00,2.276880254988274,4.832482484542316,False
2016-05-31 18:30:00+00:00,2.040342699996458,3.2735318074416875,True
2016-05-31 19:00:00+00:00,1.9264877423377655,1.7145811303410583,False
2016-05-31 19:30:00+00:00,2.0043080843833367,2.4301962027871347,True
2016-05-31 20:00:00+00:00,2.1865932927051404,3.145811275233211,False
2016-05-31 20:30:00+00:00,2.769777505355755,2.4445633315272155,True
2016-05-31 21:00:00+00:00,3.248496851730137,1.7433153878212198,False
2016-05-31 21:30:00+00:00,3.0138771058097524,2.5745831702265423,True
2016-05-31 22:00:00+00:00,2.5379172184029875,3.4058509526318645,False
2016-05-31 22:30:00+00:00,1.6647597492629105,2.8966271742378438,True
2016-05-31 23:00:00+00:00,1.0329424216092138,2.3874033958438234,False
2016-05-31 23:30:00+00:00,1.4406840585789356,3.815172023348333,True
2016-06-01 00:00:00+00:00,2.2387174857454366,5.242940650852843,False
2016-06-01 00:30:00+00:00,3.540668494187029,4.288621443250296,True
2016-06-01 01:00:00+00:00,4.452327712431841,2.956612051711865,False
2016-06-01 01:30:00+00:00,2.663662083170629,2.305582397535591,True
2016-06-01 02:00:00+00:00,0.8749964539094156,1.8285218243479533,False
2016-06-01 02:30:00+00:00,1.0359128666500264,1.4077597030427906,True
2016-06-01 03:00:00+00:00,1.1968292793906368,1.1907186846848763,False
2016-06-01 03:30:00+00:00,1.1281724481716457,2.382497879477998,True
2016-06-01 04:00:00+00:00,1.0595156169526545,3.5742770742711203,False
2016-06-01 04:30:00+00:00,1.251789741566863,3.5329622574043316,True
2016-06-01 05:00:00+00:00,1.444063866181072,3.4169651520056004,False
2016-06-01 05:30:00+00:00,0.8895173939741466,1.9013423841187254,True
2016-06-01 06:00:00+00:00,0.3349709217672213,0.4604019047637929,False
2016-06-01 06:30:00+00:00,1.2416706870736296,2.3641846720649755,True
2016-06-01 07:00:00+00:00,2.564187274851802,4.267967439366158,False
2016-06-01 07:30:00+00:00,3.4353449200272403,4.153952450217591,True
2016-06-01 08:00:00+00:00,3.8906857427309145,4.039937461069022,False
2016-06-01 08:30:00+00:00,3.5071310791581927,4.555851052654905,True
2016-06-01 09:00:00+00:00,3.1235764155854704,5.309915930668864,False
2016-06-01 09:30:00+00:00,3.3915810894181844,5.694183679907568,True
2016-06-01 10:00:00+00:00,3.845721268040957,6.072058279988145,False
2016-06-01 10:30:00+00:00,4.322975490446626,6.779421837522046,True
2016-06-01 11:00:00+00:00,4.614094208062235,7.255027257785999,False
2016-06-01 11:30:00+00:00,4.316506465074105,6.579470874628676,True
2016-06-01 12:00:00+00:00,3.751373455434921,5.806698400492491,False
2016-06-01 12:30:00+00:00,3.1326864557817755,5.699430243144735,True
2016-06-01 13:00:00+00:00,2.3423651271893253,5.582117104876162,False
2016-06-01 13:30:00+00:00,0.9566418815851281,3.3037981313016527,True
2016-06-01 14:00:00+00:00,0.0100982315712894,0.7926813880810475,False
2016-06-01 14:30:00+00:00,0.013345548380211202,0.22631127326763578,True
2016-06-01 15:00:00+00:00,0.016592865189133,0.0,False
2016-06-01 15:30:00+00:00,0.0082964325945665,0.0,True
2016-06-01 16:00:00+00:00,0.0,0.0,False
2016-06-01 16:30:00+00:00,0.5612102762831922,0.45088245907827373,True
2016-06-01 17:00:00+00:00,1.143146765624599,0.9017649181565472,False
2016-06-01 17:30:00+00:00,1.1750159311135102,0.7837643459266735,True
2016-06-01 18:00:00+00:00,1.1861588835442065,0.6657637736968,False
2016-06-01 18:30:00+00:00,1.0502163517270984,1.8691414967191369,True
2016-06-01 19:00:00+00:00,0.7812423943446127,3.0725192197414746,False
2016-06-01 19:30:00+00:00,0.3267885724686285,2.5802632944308925,True
2016-06-01 20:00:00+00:00,0.0053661761580222,2.08800736912031,False
2016-06-01 20:30:00+00:00,0.012421039012617305,2.111731621534026,True
2016-06-01 21:00:00+00:00,0.0322758889839705,2.135455873947742,False
2016-06-01 21:30:00+00:00,0.3016626949322804,1.648237311488668,True
2016-06-01 22:00:00+00:00,0.5582495137638321,1.161018749029594,False
2016-06-01 22:30:00+00:00,0.29290202345500194,2.2429126715864065,True
2016-06-01 23:00:00+00:00,0.0275545331461717,3.365557390193548,False
2016-06-01 23:30:00+00:00,0.4855164774786489,3.428247972775091,True
2016-06-02 00:00:00+00:00,0.943478421811126,3.450187759306304,False
2016-06-02 00:30:00+00:00,0.48009867587349886,2.445363839503535,True
2016-06-02 01:00:00+00:00,0.0167189299358715,1.440539919700766,False
2016-06-02 01:30:00+00:00,0.16123251259835134,2.3347527336327083,True
2016-06-02 02:00:00+00:00,0.443098422566378,3.2289655475646506,False
2016-06-02 02:30:00+00:00,0.8978914688405298,2.427569045575726,True
2016-06-02 03:00:00+00:00,1.215332187809135,1.6261725435868015,False
2016-06-02 03:30:00+00:00,0.6261146504500499,2.454892557918876,True
2016-06-02 04:00:00+00:00,0.0249096837323983,3.283612572250951,False
2016-06-02 04:30:00+00:00,0.006790705048417836,2.187139841900079,True
2016-06-02 05:00:00+00:00,0.0004420520624515896,1.090667111549207,False
2016-06-02 05:30:00+00:00,0.0001124742009496621,1.5514136793907067,True
2016-06-02 06:00:00+00:00,0.0,2.012160247232207,False
2016-06-02 06:30:00+00:00,0.007913719531785745,2.0027382407869885,True
2016-06-02 07:00:00+00:00,0.0304505340797389,1.9814173687159975,False
2016-06-02 07:30:00+00:00,0.2859354976542818,1.9227972917146088,True
2016-06-02 08:00:00+00:00,0.7699087546785061,1.8760760803389929,False
2016-06-02 08:30:00+00:00,1.4700217163428895,2.599856270363241,True
2016-06-02 09:00:00+00:00,2.189699855947869,3.6781139924064754,False
2016-06-02 09:30:00+00:00,2.587573074510419,4.439738427650328,True
2016-06-02 10:00:00+00:00,3.023622083420954,4.846885330875196,False
2016-06-02 10:30:00+00:00,4.254446820900106,4.777274267390629,True
2016-06-02 11:00:00+00:00,5.184419201624828,4.707663203906062,False
2016-06-02 11:30:00+00:00,4.652203699694351,5.253045056774465,True
2016-06-02 12:00:00+00:00,3.6256888316388127,5.798426909642868,False
2016-06-02 12:30:00+00:00,2.027132941926003,4.091129839835073,True
2016-06-02 13:00:00+00:00,0.9228764183382556,2.383832770027277,False
2016-06-02 13:30:00+00:00,0.9757624008846931,3.514379100994719,True
2016-06-02 14:00:00+00:00,1.0286483834311309,4.644925431962161,False
2016-06-02 14:30:00+00:00,0.7153513155144924,3.6908131500822328,True
2016-06-02 15:00:00+00:00,0.3013690781020796,2.736700868202304,False
2016-06-02 15:30:00+00:00,0.11178901155618953,4.677430924559351,True
2016-06-02 16:00:00+00:00,0.0228941145060738,6.618160980916398,False
2016-06-02 16:30:00+00:00,0.3215005867461981,3.741068431151581,True
2016-06-02 17:00:00+00:00,0.6201070589863225,0.8639758813867642,False
2016-06-02 17:30:00+00:00,0.3243974502185265,2.377720873704589,True
2016-06-02 18:00:00+00:00,0.0286878414507305,3.8914658660224153,False
2016-06-02 18:30:00+00:00,0.03650444897261875,2.196453209447273,True
2016-06-02 19:00:00+00:00,0.0577168859781891,0.5014405528721305,False
2016-06-02 19:30:00+00:00,0.22022603673503305,1.4895531607578112,True
2016-06-02 20:00:00+00:00,0.4053262900074565,2.477665768643492,False
2016-06-02 20:30:00+00:00,0.46870358417275065,1.5731653207065392,True
2016-06-02 21:00:00+00:00,0.4960939463387832,0.6686648727695869,False
2016-06-02 21:30:00+00:00,0.2535696055645882,0.813704831948582,True
2016-06-02 22:00:00+00:00,0.008268807024162,1.1336279566155756,False
2016-06-02 22:30:00+00:00,0.004072152049261678,1.9269420046174905,True
2016-06-02 23:00:00+00:00,0.0026519548405925,2.5453728871314074,False
2016-06-02 23:30:00+00:00,0.055600737923282996,2.220773278985802,True
2016-06-03 00:00:00+00:00,0.1085495210059735,1.8961736708401968,False
2016-06-03 00:30:00+00:00,0.05733649964340595,3.143045671157612,True
2016-06-03 01:00:00+00:00,0.0061234782808384,4.389917671475027,False
2016-06-03 01:30:00+00:00,0.18165637234444199,3.160262388923948,True
2016-06-03 02:00:00+00:00,0.3571892664080456,1.6236877445009177,False
2016-06-03 02:30:00+00:00,0.1785946332040228,1.1569979888689754,True
2016-06-03 03:00:00+00:00,0.0,0.8347888466575919,False
2016-06-03 03:30:00+00:00,0.24586086095343745,0.4774017151676683,True
2016-06-03 04:00:00+00:00,0.491721721906875,0.282453332129138,False
2016-06-03 04:30:00+00:00,0.2550396716781501,0.6228054751557531,True
2016-06-03 05:00:00+00:00,0.0183576214494251,1.3887661597419128,False
2016-06-03 05:30:00+00:00,0.037326156710148696,3.4473722489857495,True
2016-06-03 06:00:00+00:00,0.0562946919708723,5.08036979667004,False
2016-06-03 06:30:00+00:00,0.0382398800083172,3.992744567585676,True
2016-06-03 07:00:00+00:00,0.0201850680457621,2.9051193385013123,False
2016-06-03 07:30:00+00:00,0.021602957056982498,3.355067502327185,True
2016-06-03 08:00:00+00:00,0.0244058280370841,3.805015666153058,False
2016-06-03 08:30:00+00:00,0.027125478801803098,3.5052220167693786,True
2016-06-03 09:00:00+00:00,0.0324644059035093,3.112088708525311,False
2016-06-03 09:30:00+00:00,0.5141823316594926,2.9855095805897873,True
2016-06-03 10:00:00+00:00,1.3216301511884805,2.856571207833253,False
2016-06-03 10:30:00+00:00,1.943006006499597,2.4273608445784243,True
2016-06-03 11:00:00+00:00,2.6717451306926896,2.093849385004994,False
2016-06-03 11:30:00+00:00,4.130274520577727,4.578518639677928,True
2016-06-03 12:00:00+00:00,5.151706489501915,7.063187894350861,False
2016-06-03 12:30:00+00:00,4.33886010725223,6.9335314712338505,True
2016-06-03 13:00:00+00:00,3.152532252310347,6.644315774177611,False
2016-06-03 13:30:00+00:00,2.482919746082938,5.951671812014382,True
2016-06-03 14:00:00+00:00,1.9599946300101316,5.304315013689161,False
2016-06-03 14:30:00+00:00,1.594211024861706,5.171836605737348,True
2016-06-03 15:00:00+00:00,1.227981166039811,5.028776188934291,False
2016-06-03 15:30:00+00:00,0.5149976407766982,3.6345111266347603,True
2016-06-03 16:00:00+00:00,0.0292544517246487,2.365100183287699,False
2016-06-03 16:30:00+00:00,0.10963792577352674,2.45114195338024,True
2016-06-03 17:00:00+00:00,0.2699396613995873,2.6815339077637588,False
2016-06-03 17:30:00+00:00,0.5407190891814063,4.400724478974096,True
2016-06-03 18:00:00+00:00,0.7457703612506238,5.975564865893455,False
2016-06-03 18:30:00+00:00,0.7679555485860412,5.626818196286578,True
2016-06-03 19:00:00+00:00,0.7759506300568778,4.903852639108277,False
2016-06-03 19:30:00+00:00,0.39046906499159995,3.5999480603218106,True
2016-06-03 20:00:00+00:00,0.0049874999263221,2.422648477958105,False
2016-06-03 20:30:00+00:00,0.00788977642357985,1.9894820537823557,True
2016-06-03 21:00:00+00:00,0.0107920529208376,1.8039295207552692,False
2016-06-03 21:30:00+00:00,0.0053960264604188,2.69667142663572,True
2016-06-03 22:00:00+00:00,0.0,3.877621745536448,False
2016-06-03 22:30:00+00:00,0.00015814865920048496,4.420888020493961,True
2016-06-03 23:00:00+00:00,0.0006314956037271417,4.675945882431195,False
2016-06-03 23:30:00+00:00,0.1818995053883714,3.3748587403406347,True
2016-06-04 00:00:00+00:00,0.3628523168876895,2.0737715982500737,False
2016-06-04 00:30:00+00:00,0.19028584607365806,2.4171443981454614,True
2016-06-04 01:00:00+00:00,0.0150799579351183,3.037341064597103,False
2016-06-04 01:30:00+00:00,0.01108015074816617,3.748123270478794,True
2016-06-04 02:00:00+00:00,0.0097197608857224,4.338755474928575,False
2016-06-04 02:30:00+00:00,0.043822317611711695,4.623452595426711,True
2016-06-04 03:00:00+00:00,0.077924874337701,4.751475850800504,False
2016-06-04 03:30:00+00:00,0.061319481388015754,4.733575959753747,True
2016-06-04 04:00:00+00:00,0.0447140884383305,4.71567606870699,False
2016-06-04 04:30:00+00:00,0.4301941673073837,4.828430150007609,True
2016-06-04 05:00:00+00:00,0.8156742461764369,5.035562926341734,False
2016-06-04 05:30:00+00:00,0.5865634755545382,5.312986596790827,True
2016-06-04 06:00:00+00:00,0.3380598876094504,5.496031572206416,False
2016-06-04 06:30:00+00:00,0.30725663816526044,4.968088509629804,True
2016-06-04 07:00:00+00:00,0.2958462060442597,4.013703748444248,False
2016-06-04 07:30:00+00:00,1.1326428769469372,2.7962220487722824,True
2016-06-04 08:00:00+00:00,2.393897584971409,2.005182047709261,False
2016-06-04 08:30:00+00:00,3.213532959407214,3.488244323550968,True
2016-06-04 09:00:00+00:00,3.819739552196387,5.037164744772474,False
2016-06-04 09:30:00+00:00,4.1053696458726545,5.1389429262263935,True
2016-06-04 10:00:00+00:00,4.419260030219485,5.174862962300512,False
2016-06-04 10:30:00+00:00,5.72509084063058,5.006452306742774,True
2016-06-04 11:00:00+00:00,6.791632104895951,4.838041651185036,False
2016-06-04 11:30:00+00:00,6.52884681398558,5.469950450213842,True
2016-06-04 12:00:00+00:00,5.987555269684197,6.101859249242647,False
2016-06-04 12:30:00+00:00,4.941896802174719,5.990217826521056,True
2016-06-04 13:00:00+00:00,4.174744588056253,5.8785764037994666,False
2016-06-04 13:30:00+00:00,4.824697353272504,5.889839279401134,True
2016-06-04 14:00:00+00:00,5.474650118488756,5.901102155002801,False
2016-06-04 14:30:00+00:00,3.9641508936363405,4.455218052068585,True
2016-06-04 15:00:00+00:00,2.0419639492122608,2.721754447725936,False
2016-06-04 15:30:00+00:00,1.4189019915546077,2.226870620430091,True
2016-06-04 16:00:00+00:00,0.9587700430863269,2.0195662945426807,False
2016-06-04 16:30:00+00:00,0.3835902453917899,2.8822770078315796,True
2016-06-04 17:00:00+00:00,0.0386309472419864,3.744987721120479,False
2016-06-04 17:30:00+00:00,0.010046868202214159,3.3688016633011992,True
2016-06-04 18:00:00+00:00,0.0,2.607566117326873,False
2016-06-04 18:30:00+00:00,0.12615736711984615,1.2227282033320448,True
2016-06-04 19:00:00+00:00,0.3740581648153674,0.2229397774922638,False
2016-06-04 19:30:00+00:00,0.7836981235194174,3.0495019933952894,True
2016-06-04 20:00:00+00:00,1.071594651647792,5.876064209298313,False
2016-06-04 20:30:00+00:00,0.6598720346556818,5.507486502759951,True
2016-06-04 21:00:00+00:00,0.2481494176635716,4.82914612908023,False
2016-06-04 21:30:00+00:00,0.4088388606403261,4.132277443954156,True
2016-06-04 22:00:00+00:00,0.5695283036170805,3.3115904855134,False
2016-06-04 22:30:00+00:00,0.42929210511933785,2.083131021956838,True
2016-06-04 23:00:00+00:00,0.2890559066215953,1.2882524988563209,False
2016-06-04 23:30:00+00:00,0.35073008883477896,1.3182357223339793,True
2016-06-05 00:00:00+00:00,0.4760140698842142,1.4012046618955567,False
2016-06-05 00:30:00+00:00,0.6823153652768357,2.285036293214554,True
2016-06-05 01:00:00+00:00,0.8741612646972724,3.115882208449632,False
2016-06-05 01:30:00+00:00,0.9640092530781242,2.7738843608191117,True
2016-06-05 02:00:00+00:00,1.0047028385949095,2.431886513188592,False
2016-06-05 02:30:00+00:00,0.9958780854040813,2.525912248288583,True
2016-06-05 03:00:00+00:00,0.9788953185711222,2.681052585236944,False
2016-06-05 03:30:00+00:00,0.9526345426436156,2.8315725533129386,True
2016-06-05 04:00:00+00:00,0.9345317803582396,2.9209779195405625,False
2016-06-05 04:30:00+00:00,1.0595037578839814,2.810031130846131,True
2016-06-05 05:00:00+00:00,1.1844757354097233,2.6990843421516995,False
2016-06-05 05:30:00+00:00,0.9953287078123916,2.7154120015479495,True
2016-06-05 06:00:00+00:00,0.8061816802150599,2.7517186148391275,False
2016-06-05 06:30:00+00:00,1.1614905750476265,2.8074662394545356,True
2016-06-05 07:00:00+00:00,1.868184941271306,2.9176301700542098,False
2016-06-05 07:30:00+00:00,3.082683200640526,3.5563742978278414,True
2016-06-05 08:00:00+00:00,3.945795988618633,4.35948610200487,False
2016-06-05 08:30:00+00:00,3.859498716676768,4.704898646116702,True
2016-06-05 09:00:00+00:00,3.7732014447349034,5.073477650144291,False
2016-06-05 09:30:00+00:00,4.280880386113156,5.958435193410324,True
2016-06-05 10:00:00+00:00,5.266355058035121,7.040686028988088,False
2016-06-05 10:30:00+00:00,6.8323969912888085,8.13168046839555,True
2016-06-05 11:00:00+00:00,7.920643193998787,8.763452219292935,False
2016-06-05 11:30:00+00:00,7.463143014819197,7.425638067597194,True
2016-06-05 12:00:00+00:00,6.716641941131655,6.0878239159014536,False
2016-06-05 12:30:00+00:00,6.080511784519702,7.400590377431891,True
2016-06-05 13:00:00+00:00,5.60495588016727,8.713356838962328,False
2016-06-05 13:30:00+00:00,5.444776488814368,8.55884301841498,True
2016-06-05 14:00:00+00:00,5.270925384439168,8.199076878552592,False
2016-06-05 14:30:00+00:00,4.529740462571126,7.100680242595063,True
2016-06-05 15:00:00+00:00,3.365985437555636,6.164736674328022,False
2016-06-05 15:30:00+00:00,1.696782589330852,6.120188689014741,True
2016-06-05 16:00:00+00:00,0.592248199524243,6.075378255768021,False
2016-06-05 16:30:00+00:00,1.2045108407846834,5.128669164309469,True
2016-06-05 17:00:00+00:00,1.816773482045124,3.696458784283099,False
2016-06-05 17:30:00+00:00,1.118652236515265,2.6160045594573935,True
2016-06-05 18:00:00+00:00,0.4205309909854057,1.7938790108264324,False
2016-06-05 18:30:00+00:00,1.1195867017613468,1.2813019565794224,True
2016-06-05 19:00:00+00:00,1.8186424125372875,1.038959214263476,False
2016-06-05 19:30:00+00:00,1.0227601896182752,1.7284721648883827,True
2016-06-05 20:00:00+00:00,0.2268779666992625,2.7683449644992235,False
2016-06-05 20:30:00+00:00,0.6519930276634636,3.532547272843146,True
2016-06-05 21:00:00+00:00,1.2290888302422434,3.946389732201135,False
2016-06-05 21:30:00+00:00,1.5232201039845155,3.16263846697222,True
2016-06-05 22:00:00+00:00,1.6653706361122087,2.378887201743305,False
2016-06-05 22:30:00+00:00,1.2921655117640638,2.6434450451355165,True
2016-06-05 23:00:00+00:00,0.9189603874159188,2.908002888527728,False
2016-06-05 23:30:00+00:00,1.1368932680969634,2.726523759456697,True
2016-06-06 00:00:00+00:00,1.354826148778008,2.396916171544155,False
2016-06-06 00:30:00+00:00,1.155075175709067,1.9704497708807196,True
2016-06-06 01:00:00+00:00,0.955324202640126,1.6921118290587946,False
2016-06-06 01:30:00+00:00,1.3562647164399053,1.8275264944852245,True
2016-06-06 02:00:00+00:00,1.7572052302396846,1.9629411599116544,False
2016-06-06 02:30:00+00:00,1.7259767833918094,1.6474042742673374,True
2016-06-06 03:00:00+00:00,1.6947483365439342,1.3318673886230203,False
2016-06-06 03:30:00+00:00,1.8350855882626758,1.8466377549421482,True
2016-06-06 04:00:00+00:00,1.9754228399814169,2.3614081212612765,False
2016-06-06 04:30:00+00:00,1.9612000620781382,1.9180634289053335,True
2016-06-06 05:00:00+00:00,1.922215790357405,1.3568203457125243,False
2016-06-06 05:30:00+00:00,1.5522172742018192,1.143812006605893,True
2016-06-06 06:00:00+00:00,1.2069802518636876,1.0487020583361275,False
2016-06-06 06:30:00+00:00,1.4662004754054516,1.1988650222570323,True
2016-06-06 07:00:00+00:00,2.020353606062938,1.5018941506161425,False
2016-06-06 07:30:00+00:00,3.021475312308163,1.8687976683924181,True
2016-06-06 08:00:00+00:00,4.166952937423351,2.4415096131875136,False
2016-06-06 08:30:00+00:00,4.94072569024085,3.817833614192755,True
2016-06-06 09:00:00+00:00,5.654273092058747,5.4740541150713575,False
2016-06-06 09:30:00+00:00,6.467978474542241,6.618342574139235,True
2016-06-06 10:00:00+00:00,7.200608802889481,7.680380529101631,False
2016-06-06 10:30:00+00:00,7.8344621034341655,8.756921851308498,True
2016-06-06 11:00:00+00:00,8.170326983129021,9.924947360293354,False
2016-06-06 11:30:00+00:00,7.564694040827624,11.781101129499167,True
2016-06-06 12:00:00+00:00,6.7151563108607455,12.989450124702085,False
2016-06-06 12:30:00+00:00,6.353758131352089,10.595695377797535,True
2016-06-06 13:00:00+00:00,5.981359810339222,8.201940630892986,False
2016-06-06 13:30:00+00:00,5.282268527223941,8.465998035188981,True
2016-06-06 14:00:00+00:00,4.311185703810954,8.730055439484978,False
2016-06-06 14:30:00+00:00,2.856725839986656,7.228230766145521,True
2016-06-06 15:00:00+00:00,1.455781008169689,5.722461840029854,False
2016-06-06 15:30:00+00:00,0.5108926775680886,5.71850697015654,True
2016-06-06 16:00:00+00:00,0.0393857844265585,5.714552589598219,False
2016-06-06 16:30:00+00:00,0.05084278241818829,4.276707130865174,True
2016-06-06 17:00:00+00:00,0.0838298191915265,2.842805435593345,False
2016-06-06 17:30:00+00:00,0.7860047976713345,2.9342355060283376,True
2016-06-06 18:00:00+00:00,1.466649737369434,3.169216441545432,False
2016-06-06 18:30:00+00:00,0.7404235269848611,4.432989979815643,True
2016-06-06 19:00:00+00:00,0.0141973166002881,5.553212653003751,False
2016-06-06 19:30:00+00:00,0.3516062225422016,4.3753984754961905,True
2016-06-06 20:00:00+00:00,0.6890151284841151,3.1975842979886298,False
2016-06-06 20:30:00+00:00,0.3906078439937831,3.8437513797882463,True
2016-06-06 21:00:00+00:00,0.0773442113679758,4.937914702867114,False
2016-06-06 21:30:00+00:00,0.054301177395303137,6.085312636969204,True
2016-06-06 22:00:00+00:00,0.0461144915581058,6.784714329792043,False
2016-06-06 22:30:00+00:00,0.6629960661699827,5.26358892435868,True
2016-06-06 23:00:00+00:00,1.447484183287108,3.351778337441889,False
2016-06-06 23:30:00+00:00,1.751591608096751,2.765505360834942,True
2016-06-07 00:00:00+00:00,1.8880924904011456,2.3401516921649623,False
2016-06-07 00:30:00+00:00,1.5628030619423154,1.8042591053850392,True
2016-06-07 01:00:00+00:00,1.237513633483485,1.4981323921515766,False
2016-06-07 01:30:00+00:00,1.7386172833160003,1.8133115695751136,True
2016-06-07 02:00:00+00:00,2.292950437672423,2.1284907469986507,False
2016-06-07 02:30:00+00:00,2.3589826380954575,2.0919922052423607,True
2016-06-07 03:00:00+00:00,2.411352319003943,2.0554936634860703,False
2016-06-07 03:30:00+00:00,2.52381625575306,2.1102792211332932,True
2016-06-07 04:00:00+00:00,2.6499596351102586,2.165064778780516,False
2016-06-07 04:30:00+00:00,2.7727493631842894,1.9713880792653198,True
2016-06-07 05:00:00+00:00,2.84229266364088,1.777711379750123,False
2016-06-07 05:30:00+00:00,2.330073047444502,1.796874763576003,True
2016-06-07 06:00:00+00:00,1.817853431248124,1.8374974612397872,False
2016-06-07 06:30:00+00:00,2.004456424819289,1.887853013293059,True
2016-06-07 07:00:00+00:00,2.4432244854859246,1.9896209885941405,False
2016-06-07 07:30:00+00:00,3.5263824550799496,3.433244211574603,True
2016-06-07 08:00:00+00:00,5.048900876418726,5.464672174557276,False
2016-06-07 08:30:00+00:00,6.868452571571468,6.721893604984606,True
2016-06-07 09:00:00+00:00,7.996478747883987,7.596711418826945,False
2016-06-07 09:30:00+00:00,7.9226435424709,7.953496940840991,True
2016-06-07 10:00:00+00:00,7.848808337057814,8.34985784621229,False
2016-06-07 10:30:00+00:00,9.425301057204875,10.546980284777282,True
2016-06-07 11:00:00+00:00,11.001793777351937,12.426254479482088,False
2016-06-07 11:30:00+00:00,10.57578242454058,11.5256586121193,True
2016-06-07 12:00:00+00:00,9.80476646808936,10.62506274475651,False
2016-06-07 12:30:00+00:00,9.009466664166073,11.35784567789481,True
2016-06-07 13:00:00+00:00,8.175712472726497,12.09062861103311,False
2016-06-07 13:30:00+00:00,7.505518816731308,11.117110219147179,True
2016-06-07 14:00:00+00:00,6.7265782476280505,9.734950278008894,False
2016-06-07 14:30:00+00:00,5.356893293207442,9.152168495240396,True
2016-06-07 15:00:00+00:00,3.656907423787499,8.48347988607431,False
2016-06-07 15:30:00+00:00,1.4734205171915156,5.877307723559383,True
2016-06-07 16:00:00+00:00,0.1124404298590864,3.765683936694396,False
2016-06-07 16:30:00+00:00,0.5470011023175965,4.760078011557726,True
2016-06-07 17:00:00+00:00,0.9815617747761064,5.754472086421056,False
2016-06-07 17:30:00+00:00,0.5114147663835713,5.085380652518063,True
2016-06-07 18:00:00+00:00,0.041267757991036,4.41628921861507,False
2016-06-07 18:30:00+00:00,0.5152159452020528,5.494368996891653,True
2016-06-07 19:00:00+00:00,0.9891641324130696,6.572448775168237,False
2016-06-07 19:30:00+00:00,0.4972335985171078,5.568841996271799,True
2016-06-07 20:00:00+00:00,0.0053030646211459,3.951073132278344,False
2016-06-07 20:30:00+00:00,0.7647965520259624,2.488292130169698,True
2016-06-07 21:00:00+00:00,1.5242900394307792,1.6396732131580691,False
2016-06-07 21:30:00+00:00,1.3440267441620009,3.3058057551625257,True
2016-06-07 22:00:00+00:00,1.163763448893222,4.971938297166982,False
2016-06-07 22:30:00+00:00,1.1870868422279726,3.1000152548812907,True
2016-06-07 23:00:00+00:00,1.2367354453019326,1.2280922125955993,False
2016-06-07 23:30:00+00:00,1.3192246215932473,1.628631399270042,True
2016-06-08 00:00:00+00:00,1.4257958826033994,2.0783063136403355,False
2016-06-08 00:30:00+00:00,1.5410223856918974,2.158431458078226,True
2016-06-08 01:00:00+00:00,1.641783950207535,2.1894208748202657,False
2016-06-08 01:30:00+00:00,1.7136270171694037,1.681802784002639,True
2016-06-08 02:00:00+00:00,1.7495277282460855,1.067991124524305,False
2016-06-08 02:30:00+00:00,1.506478883697002,0.8838898905823585,True
2016-06-08 03:00:00+00:00,1.2634300391479187,0.8059822253011196,False
2016-06-08 03:30:00+00:00,1.5577206854831098,0.9148406272493574,True
2016-06-08 04:00:00+00:00,1.8520113318183011,1.0236990291975954,False
2016-06-08 04:30:00+00:00,1.541931499581041,0.9973381597670752,True
2016-06-08 05:00:00+00:00,1.2318516673437805,0.9709772903365548,False
2016-06-08 05:30:00+00:00,1.4294790547347471,1.0362381690720133,True
2016-06-08 06:00:00+00:00,1.819350564436769,1.1967742408015245,False
2016-06-08 06:30:00+00:00,2.2673032455350084,1.606858951966033,True
2016-06-08 07:00:00+00:00,2.9320331597164038,2.417480335271518,False
2016-06-08 07:30:00+00:00,4.38000715544701,4.885106709381244,True
2016-06-08 08:00:00+00:00,6.021302245133788,7.701523632053921,False
2016-06-08 08:30:00+00:00,7.199920500018192,9.365303631497667,True
2016-06-08 09:00:00+00:00,7.996059245355327,10.18448121724343,False
2016-06-08 09:30:00+00:00,8.306099728783657,10.046272375310732,True
2016-06-08 10:00:00+00:00,8.561749248163157,9.908063533378034,False
2016-06-08 10:30:00+00:00,9.043238876031158,10.089973695392343,True
2016-06-08 11:00:00+00:00,9.35925652814487,10.440189595076594,False
2016-06-08 11:30:00+00:00,9.105387255158881,10.816135710668808,True
2016-06-08 12:00:00+00:00,8.85151798217289,11.356334738163534,False
2016-06-08 12:30:00+00:00,8.88701408316172,12.736312060800952,True
2016-06-08 13:00:00+00:00,8.98622842017509,13.783730733865918,False
2016-06-08 13:30:00+00:00,10.19811938586391,13.349866609158752,True
2016-06-08 14:00:00+00:00,11.34629211552819,12.312559005857644,False
2016-06-08 14:30:00+00:00,7.154675351361933,8.651699385090648,True
2016-06-08 15:00:00+00:00,2.328182230838496,5.594283242917596,False
2016-06-08 15:30:00+00:00,1.2718280969617992,5.788370216368899,True
2016-06-08 16:00:00+00:00,0.8503503194422806,5.9824571898202015,False
2016-06-08 16:30:00+00:00,1.845818649340639,4.6480456374514505,True
2016-06-08 17:00:00+00:00,2.841286979238997,3.050660027874029,False
2016-06-08 17:30:00+00:00,2.784635442847979,2.5987095872440005,True
2016-06-08 18:00:00+00:00,2.6304981246304653,2.409733203822643,False
2016-06-08 18:30:00+00:00,1.2826126466849987,2.6576593201500107,True
2016-06-08 19:00:00+00:00,0.0322129505660265,3.2124995430301397,False
2016-06-08 19:30:00+00:00,0.041714538472434816,4.669983045872992,True
2016-06-08 20:00:00+00:00,0.0565176728841426,5.820552442163081,False
2016-06-08 20:30:00+00:00,0.06393633650801932,4.442351839079051,True
2016-06-08 21:00:00+00:00,0.0753260368788085,3.06415123599502,False
2016-06-08 21:30:00+00:00,0.7425906872253838,3.2307017395724507,True
2016-06-08 22:00:00+00:00,1.400582754319747,3.397252243149881,False
2016-06-08 22:30:00+00:00,0.7138797459006434,1.7445751909937361,True
2016-06-08 23:00:00+00:00,0.0271767374815396,0.0918981388375913,False
2016-06-08 23:30:00+00:00,0.9676541752113046,0.8842616349257013,True
2016-06-09 00:00:00+00:00,2.1079033793269675,1.6766251310138116,False
2016-06-09 00:30:00+00:00,2.455038021066332,1.67524467062433,True
2016-06-09 01:00:00+00:00,2.602400896419799,1.6738642102348482,False
2016-06-09 01:30:00+00:00,2.2595344843539107,2.0107563811956313,True
2016-06-09 02:00:00+00:00,1.6208832101672863,2.347648552156415,False
2016-06-09 02:30:00+00:00,0.7284861226393375,2.339535743760134,True
2016-06-09 03:00:00+00:00,0.1318738972321252,2.3169197047052563,False
2016-06-09 03:30:00+00:00,1.5554388774720143,2.0509180021172546,True
2016-06-09 04:00:00+00:00,2.979003857711904,1.7994195301878495,False
2016-06-09 04:30:00+00:00,2.4070434740210884,1.8654864260942476,True
2016-06-09 05:00:00+00:00,1.8350830903302735,2.032274193389179,False
2016-06-09 05:30:00+00:00,2.052051277006355,2.613340853286544,True
2016-06-09 06:00:00+00:00,2.5215218288104246,3.525502092467692,False
2016-06-09 06:30:00+00:00,3.4518051322431558,4.765555232279931,True
2016-06-09 07:00:00+00:00,4.432160376436527,5.573792921419856,False
2016-06-09 07:30:00+00:00,4.853827319498415,4.954033739089792,True
2016-06-09 08:00:00+00:00,5.317820413296372,4.334274556759728,False
2016-06-09 08:30:00+00:00,6.804692268540338,5.797134127247289,True
2016-06-09 09:00:00+00:00,8.437047595531235,8.202364593048484,False
2016-06-09 09:30:00+00:00,9.39752970382875,10.511439820588834,True
2016-06-09 10:00:00+00:00,9.867627883754636,11.878144152815548,False
2016-06-09 10:30:00+00:00,9.261060947797548,10.987464940623719,True
2016-06-09 11:00:00+00:00,8.654494011840457,10.096785728431891,False
2016-06-09 11:30:00+00:00,9.028183076881973,10.22570104080248,True
2016-06-09 12:00:00+00:00,9.40187214192349,10.354616353173068,False
2016-06-09 12:30:00+00:00,9.163411170163576,9.541667641271069,True
2016-06-09 13:00:00+00:00,8.611125593845836,8.361215497657748,False
2016-06-09 13:30:00+00:00,7.249505393508238,7.795656910210154,True
2016-06-09 14:00:00+00:00,5.568087315781273,7.196903430401448,False
2016-06-09 14:30:00+00:00,4.165486725888676,6.0146270336913945,True
2016-06-09 15:00:00+00:00,3.396508617943266,4.625847644515077,False
2016-06-09 15:30:00+00:00,3.4235241181214917,3.17151184450942,True
2016-06-09 16:00:00+00:00,3.450539618299718,2.3243773610424614,False
2016-06-09 16:30:00+00:00,2.442963429024736,2.39000629264494,True
2016-06-09 17:00:00+00:00,1.4353872397497542,2.455635224247419,False
2016-06-09 17:30:00+00:00,2.0494496565632385,2.0588134962206555,True
2016-06-09 18:00:00+00:00,2.663512073376723,1.6027285532214386,False
2016-06-09 18:30:00+00:00,1.7305075591301575,1.504268852917731,True
2016-06-09 19:00:00+00:00,0.7975030448835928,1.465072367586477,False
2016-06-09 19:30:00+00:00,1.7224960898905175,1.5471549514839464,True
2016-06-09 20:00:00+00:00,2.647489134897442,1.6292375353814157,False
2016-06-09 20:30:00+00:00,2.3897214624111975,1.3888350559242986,True
2016-06-09 21:00:00+00:00,2.019543436229578,1.1484325764671814,False
2016-06-09 21:30:00+00:00,1.8415623385303146,1.9891499013844016,True
2016-06-09 22:00:00+00:00,1.6693413916224191,2.8298672263016225,False
2016-06-09 22:30:00+00:00,1.429719794485225,2.3342196468801406,True
2016-06-09 23:00:00+00:00,1.1237070304509076,1.6484206482386516,False
2016-06-09 23:30:00+00:00,0.5878541395112994,1.3654346032896412,True
2016-06-10 00:00:00+00:00,0.1774123671933801,1.0875880973732504,False
2016-06-10 00:30:00+00:00,0.11130605054704873,0.4512881085929318,True
2016-06-10 01:00:00+00:00,0.0714888812239615,0.0,False
2016-06-10 01:30:00+00:00,0.025073888683881752,0.0,True
2016-06-10 02:00:00+00:00,0.0,0.0,False
2016-06-10 02:30:00+00:00,0.1576698882172139,0.8777167524188798,True
2016-06-10 03:00:00+00:00,0.4215123094481787,1.7554335048377596,False
2016-06-10 03:30:00+00:00,0.6885566931951514,1.163941725467709,True
2016-06-10 04:00:00+00:00,0.8494285439283733,0.5724499460976581,False
2016-06-10 04:30:00+00:00,0.4284070222112001,0.6146573514490681,True
2016-06-10 05:00:00+00:00,0.0073855004940267,0.656864756800478,False
2016-06-10 05:30:00+00:00,0.049622460515933144,0.5510147913128062,True
2016-06-10 06:00:00+00:00,0.0918594205378396,0.4451648258251345,False
2016-06-10 06:30:00+00:00,0.045929710268919816,1.1093825294994066,True
2016-06-10 07:00:00+00:00,0.0,1.7736002331736782,False
2016-06-10 07:30:00+00:00,0.47633364004637274,1.1603318375232101,True
2016-06-10 08:00:00+00:00,0.9526672800927456,0.4965544665052264,False
2016-06-10 08:30:00+00:00,0.9010156499519272,0.4164524043866317,True
2016-06-10 09:00:00+00:00,0.809853235213093,0.3868593176355527,False
2016-06-10 09:30:00+00:00,0.7256503863944028,0.3879199728396557,True
2016-06-10 10:00:00+00:00,0.6329453819171578,0.3910908134758684,False
2016-06-10 10:30:00+00:00,0.5193685368770821,1.1947760243134196,True
2016-06-10 11:00:00+00:00,0.4229142489222719,1.9963510497188608,False
2016-06-10 11:30:00+00:00,0.36370564330518623,1.7978398927427341,True
2016-06-10 12:00:00+00:00,0.3353874208594055,1.5993287357666075,False
2016-06-10 12:30:00+00:00,0.5301465489705646,2.0686243398883803,True
2016-06-10 13:00:00+00:00,0.8136786061137932,2.537919944010154,False
2016-06-10 13:30:00+00:00,0.9992453504430955,1.9740245006830506,True
2016-06-10 14:00:00+00:00,1.0960391657403283,1.4101290573559475,False
2016-06-10 14:30:00+00:00,0.5707872258718346,1.731652168056704,True
2016-06-10 15:00:00+00:00,0.0341009546833048,2.053175278757461,False
2016-06-10 15:30:00+00:00,0.01669780191575207,1.2880246119606973,True
2016-06-10 16:00:00+00:00,0.0107289804682354,0.5228739451639329,False
2016-06-10 16:30:00+00:00,0.062050121300933375,1.020511096070395,True
2016-06-10 17:00:00+00:00,0.1882721384677037,2.0195642044891917,False
2016-06-10 17:30:00+00:00,0.7050832277068587,3.789866593544897,True
2016-06-10 18:00:00+00:00,1.1469934406119415,5.058753025088268,False
2016-06-10 18:30:00+00:00,0.8011727274130304,4.759008285612007,True
2016-06-10 19:00:00+00:00,0.4553520142141193,4.459263546135745,False
2016-06-10 19:30:00+00:00,0.5148151101074587,5.063530908345739,True
2016-06-10 20:00:00+00:00,0.574278206000798,5.667798270555733,False
2016-06-10 20:30:00+00:00,0.29779869098874745,5.0885791546507395,True
2016-06-10 21:00:00+00:00,0.0213191759766969,4.368114364503164,False
2016-06-10 21:30:00+00:00,0.04707158925776049,4.18230522875795,True
2016-06-10 22:00:00+00:00,0.0728240025388241,4.007170454233816,False
2016-06-10 22:30:00+00:00,0.041800789122302145,3.6345389706045808,True
2016-06-10 23:00:00+00:00,0.0107775757057802,3.06271526698194,False
2016-06-10 23:30:00+00:00,0.9228382267040227,1.8047617531627964,True
2016-06-11 00:00:00+00:00,1.834898877702265,0.8765717723585611,False
2016-06-11 00:30:00+00:00,0.925304621499851,2.4320552179249706,True
2016-06-11 01:00:00+00:00,0.0157103652974368,4.545515009069884,False
2016-06-11 01:30:00+00:00,0.6811660033841342,5.626379844865214,True
2016-06-11 02:00:00+00:00,1.3466216414708316,6.149268335082039,False
2016-06-11 02:30:00+00:00,0.9473792777283416,5.809028933820472,True
2016-06-11 03:00:00+00:00,0.5481369139858516,5.1743040137586975,False
2016-06-11 03:30:00+00:00,1.0476996447814102,4.4154213016246295,True
2016-06-11 04:00:00+00:00,1.547262375576969,3.686646657613132,False
2016-06-11 04:30:00+00:00,1.3025847303310671,3.144298319756051,True
2016-06-11 05:00:00+00:00,0.8995440558505531,2.866327432576607,False
2016-06-11 05:30:00+00:00,0.510462138084774,3.1853620797266258,True
2016-06-11 06:00:00+00:00,0.2797432495536072,3.5043967268766445,False
2016-06-11 06:30:00+00:00,0.43597670866600813,3.3760289736295714,True
2016-06-11 07:00:00+00:00,0.7742693441131347,3.2476612203824984,False
2016-06-11 07:30:00+00:00,1.4424201167079849,3.7354947088178774,True
2016-06-11 08:00:00+00:00,2.1550618054599058,4.223328197253256,False
2016-06-11 08:30:00+00:00,2.540671296865638,4.057428501806455,True
2016-06-11 09:00:00+00:00,2.8294635824293684,3.891528806359653,False
2016-06-11 09:30:00+00:00,3.0953417079882355,4.05178725758442,True
2016-06-11 10:00:00+00:00,3.25117723713362,4.2890337000598295,False
2016-06-11 10:30:00+00:00,3.2723459925122773,4.39939225141791,True
2016-06-11 11:00:00+00:00,3.2946140455992787,4.5403640503465255,False
2016-06-11 11:30:00+00:00,3.7911293787630447,5.34271295297427,True
2016-06-11 12:00:00+00:00,4.266855123982154,6.0374606167808365,False
2016-06-11 12:30:00+00:00,3.557046437529482,5.341314298211553,True
2016-06-11 13:00:00+00:00,2.84723775107681,4.285544747841059,False
2016-06-11 13:30:00+00:00,3.0140390098905634,3.4956350275755526,True
2016-06-11 14:00:00+00:00,3.180840268704317,3.065348539111257,False
2016-06-11 14:30:00+00:00,2.4740302538321073,3.696529842575809,True
2016-06-11 15:00:00+00:00,1.7672202389598977,4.327711146040362,False
2016-06-11 15:30:00+00:00,1.8352860566187965,3.766377619633689,True
2016-06-11 16:00:00+00:00,1.9033518742776956,2.871618685111054,False
2016-06-11 16:30:00+00:00,1.2201955140341396,2.0897607637399607,True
2016-06-11 17:00:00+00:00,0.5370391537905836,1.6413282504848292,False
2016-06-11 17:30:00+00:00,1.1103828963360507,1.678405744383837,True
2016-06-11 18:00:00+00:00,1.6837266388815175,1.7154832382828449,False
2016-06-11 18:30:00+00:00,1.3010529028647273,1.6421088259608472,True
2016-06-11 19:00:00+00:00,0.9183791668479372,1.4863446128794289,False
2016-06-11 19:30:00+00:00,1.1164407612952938,1.1518157780520308,True
2016-06-11 20:00:00+00:00,1.31450235574265,0.8996767439840535,False
2016-06-11 20:30:00+00:00,1.221319821863411,0.9008333768024046,True
2016-06-11 21:00:00+00:00,1.0895476565905968,0.9042743499217056,False
2016-06-11 21:30:00+00:00,1.011508849780872,1.2373890996307741,True
2016-06-11 22:00:00+00:00,0.972059674364722,1.630454099140738,False
2016-06-11 22:30:00+00:00,1.1617644726092433,1.7214747267612058,True
2016-06-11 23:00:00+00:00,1.3926552297417234,1.7806708357583558,False
2016-06-11 23:30:00+00:00,1.4473259471152253,1.8469751529216725,True
2016-06-12 00:00:00+00:00,1.4950882316163367,1.882869398606462,False
2016-06-12 00:30:00+00:00,1.6158681506808437,1.433417203943475,True
2016-06-12 01:00:00+00:00,1.7023705437297827,0.983965009280488,False
2016-06-12 01:30:00+00:00,1.6316737100962528,1.370764597919805,True
2016-06-12 02:00:00+00:00,1.560976876462723,1.7575641865591218,False
2016-06-12 02:30:00+00:00,1.753881965124336,1.7095054027613454,True
2016-06-12 03:00:00+00:00,1.9467870537859493,1.6614466189635693,False
2016-06-12 03:30:00+00:00,1.7457256063124553,1.9074387373312518,True
2016-06-12 04:00:00+00:00,1.520466025190016,2.153430855698934,False
2016-06-12 04:30:00+00:00,1.4918766804336796,2.132836513094677,True
2016-06-12 05:00:00+00:00,1.4658722314841588,2.080947628478404,False
2016-06-12 05:30:00+00:00,1.3512637618691137,1.8843965274464234,True
2016-06-12 06:00:00+00:00,1.2582685300961982,1.6224280064412675,False
2016-06-12 06:30:00+00:00,1.7264231331603683,1.4067953303558909,True
2016-06-12 07:00:00+00:00,2.1945777362245384,1.2878746162557062,False
2016-06-12 07:30:00+00:00,1.953380597244159,1.347930714456024,True
2016-06-12 08:00:00+00:00,1.7121834582637792,1.4992282584547238,False
2016-06-12 08:30:00+00:00,2.0916723010588267,2.12558582720716,True
2016-06-12 09:00:00+00:00,2.7866039369226083,2.835127844486781,False
2016-06-12 09:30:00+00:00,3.5544484732716013,3.080435226594076,True
2016-06-12 10:00:00+00:00,4.314863392640924,3.307274139004816,False
2016-06-12 10:30:00+00:00,4.984882880258123,3.8448050947736214,True
2016-06-12 11:00:00+00:00,5.346889191786258,4.226378625913416,False
2016-06-12 11:30:00+00:00,4.432357945654229,3.844974947673058,True
2016-06-12 12:00:00+00:00,3.517826699522201,3.4635712694327,False
2016-06-12 12:30:00+00:00,3.6064900098183164,3.7771941378617693,True
2016-06-12 13:00:00+00:00,3.793319975915329,4.367893718170785,False
2016-06-12 13:30:00+00:00,4.184043850403114,5.221991340357038,True
2016-06-12 14:00:00+00:00,4.476601069090001,5.7990122506633455,False
2016-06-12 14:30:00+00:00,3.304787946292605,5.403999496715332,True
2016-06-12 15:00:00+00:00,2.1329748234952084,4.763976320562473,False
2016-06-12 15:30:00+00:00,2.2333567739334343,4.33627946489125,True
2016-06-12 16:00:00+00:00,2.3337387243716607,3.833379730159504,False
2016-06-12 16:30:00+00:00,1.9674747968008035,2.6899810812891647,True
2016-06-12 17:00:00+00:00,1.5214129884410377,1.7794842977315093,False
2016-06-12 17:30:00+00:00,1.4029201784624732,1.6404041249586372,True
2016-06-12 18:00:00+00:00,1.3227952604844622,1.58863538813845,False
2016-06-12 18:30:00+00:00,1.230994483795739,1.6075678869446928,True
2016-06-12 19:00:00+00:00,1.1806236958953706,1.6265003857509357,False
2016-06-12 19:30:00+00:00,1.7195789253412297,1.5156830018081242,True
2016-06-12 20:00:00+00:00,2.2585341547870885,1.404865617865313,False
2016-06-12 20:30:00+00:00,2.075508236477695,2.0452234418801023,True
2016-06-12 21:00:00+00:00,1.8778742196765688,2.685581265894892,False
2016-06-12 21:30:00+00:00,1.860991351822364,1.9264599827308926,True
2016-06-12 22:00:00+00:00,1.8462292237885471,1.167338699566893,False
2016-06-12 22:30:00+00:00,1.7807432787631778,1.2725875526862465,True
2016-06-12 23:00:00+00:00,1.727744692409153,1.4168883517364956,False
2016-06-12 23:30:00+00:00,1.8845874983654005,1.4932567890831243,True
2016-06-13 00:00:00+00:00,2.041430304321648,1.530573280498857,False
2016-06-13 00:30:00+00:00,1.6349996840372438,1.4169866456429527,True
2016-06-13 01:00:00+00:00,1.2285690637528393,1.3034000107870487,False
2016-06-13 01:30:00+00:00,1.340995902231031,1.9800786589806583,True
2016-06-13 02:00:00+00:00,1.567132709980752,2.656757307174268,False
2016-06-13 02:30:00+00:00,1.9205268571548817,2.5909698628367748,True
2016-06-13 03:00:00+00:00,2.259894587570679,2.4336925424572486,False
2016-06-13 03:30:00+00:00,2.4496992674573193,1.9295184938885512,True
2016-06-13 04:00:00+00:00,2.5398203948307625,1.415448249500337,False
2016-06-13 04:30:00+00:00,2.3982042841212734,1.2381588740681602,True
2016-06-13 05:00:00+00:00,2.2565881734117843,1.1622555704975326,False
2016-06-13 05:30:00+00:00,2.3413338934580956,1.3535525640126997,True
2016-06-13 06:00:00+00:00,2.426079613504407,1.5677225474108445,False
2016-06-13 06:30:00+00:00,2.376251414607098,1.5941719008430266,True
2016-06-13 07:00:00+00:00,2.326423215709789,1.6192860765590784,False
2016-06-13 07:30:00+00:00,2.678773024416113,1.7048027360574778,True
2016-06-13 08:00:00+00:00,3.291097298105728,1.8809679944694135,False
2016-06-13 08:30:00+00:00,3.8837975459972442,2.6944340682648034,True
2016-06-13 09:00:00+00:00,4.418942786871809,3.454694434372918,False
2016-06-13 09:30:00+00:00,4.835914337509143,3.5479447268994058,True
2016-06-13 10:00:00+00:00,5.050466430180139,3.582214316032784,False
2016-06-13 10:30:00+00:00,4.479882304949985,3.5392089303622867,True
2016-06-13 11:00:00+00:00,3.834703965211749,3.428995378145946,False
2016-06-13 11:30:00+00:00,3.7123786807793997,2.8477244153282104,True
2016-06-13 12:00:00+00:00,3.664647610855134,2.333661619056318,False
2016-06-13 12:30:00+00:00,4.175750910058871,4.482052731297365,True
2016-06-13 13:00:00+00:00,4.686854209262607,6.630443843538413,False
2016-06-13 13:30:00+00:00,4.175271474803627,5.943930623054021,True
2016-06-13 14:00:00+00:00,3.6636887403446474,4.881054837040119,False
2016-06-13 14:30:00+00:00,4.036356893201907,4.208091074331578,True
2016-06-13 15:00:00+00:00,4.409025046059167,3.5598380239904177,False
2016-06-13 15:30:00+00:00,3.126027548565171,2.632112945763219,True
2016-06-13 16:00:00+00:00,1.8430300510711763,2.0560397206981484,False
2016-06-13 16:30:00+00:00,2.375894413299199,2.623626895437377,True
2016-06-13 17:00:00+00:00,2.908758775527221,3.191214070176605,False
2016-06-13 17:30:00+00:00,2.809884442864853,2.865311966842139,True
2016-06-13 18:00:00+00:00,2.711010110202485,2.3726049131757105,False
2016-06-13 18:30:00+00:00,2.893864635238757,2.0076596150245503,True
2016-06-13 19:00:00+00:00,3.076719160275029,1.809519267205352,False
2016-06-13 19:30:00+00:00,2.377244076449379,2.54066958391637,True
2016-06-13 20:00:00+00:00,1.677768992623728,3.2718199006273885,False
2016-06-13 20:30:00+00:00,1.6917800444889046,2.7621901239543285,True
2016-06-13 21:00:00+00:00,1.727517804568981,2.177346136470274,False
2016-06-13 21:30:00+00:00,1.9100745683310267,2.09060631169302,True
2016-06-13 22:00:00+00:00,2.0709046238781728,2.002947775045484,False
2016-06-13 22:30:00+00:00,1.8462455026106384,1.364974058300251,True
2016-06-13 23:00:00+00:00,1.621586381343104,0.8031332642362945,False
2016-06-13 23:30:00+00:00,1.7948980673186732,0.8663919229161782,True
2016-06-14 00:00:00+00:00,1.9682097532942429,0.9296505815960618,False
2016-06-14 00:30:00+00:00,1.6528451567137457,0.9192436365161134,True
2016-06-14 01:00:00+00:00,1.170853203077268,0.908836691436165,False
2016-06-14 01:30:00+00:00,0.8012630992953471,1.6607418812832264,True
2016-06-14 02:00:00+00:00,0.598300352569407,2.4126470711302885,False
2016-06-14 02:30:00+00:00,1.1349856443075619,1.6150691844549532,True
2016-06-14 03:00:00+00:00,1.6716709360457165,0.8174912977796175,False
2016-06-14 03:30:00+00:00,1.4638758651362882,0.9610712875448207,True
2016-06-14 04:00:00+00:00,1.2560807942268597,1.104651277310024,False
2016-06-14 04:30:00+00:00,1.48448303263788,1.00530223889775,True
2016-06-14 05:00:00+00:00,1.7128852710489,0.8972870035477419,False
2016-06-14 05:30:00+00:00,1.6943029515513561,0.8834972831934083,True
2016-06-14 06:00:00+00:00,1.644574461595917,0.8783737597768083,False
2016-06-14 06:30:00+00:00,1.275486175250384,1.8337747121424623,True
2016-06-14 07:00:00+00:00,0.9375440593627464,2.7891756645081163,False
2016-06-14 07:30:00+00:00,1.2331767483779899,1.8896426791151233,True
2016-06-14 08:00:00+00:00,1.7497186355310943,0.9901096937221304,False
2016-06-14 08:30:00+00:00,2.3446172485255454,1.3412708742061041,True
2016-06-14 09:00:00+00:00,2.718606663382136,1.6924320546900775,False
2016-06-14 09:30:00+00:00,2.418694259045895,1.549350430928105,True
2016-06-14 10:00:00+00:00,1.9487737410994144,1.3122824114613143,False
2016-06-14 10:30:00+00:00,1.5762564391230058,1.1057120141121966,True
2016-06-14 11:00:00+00:00,1.339779979731487,0.9404489210347844,False
2016-06-14 11:30:00+00:00,1.3015580169771064,0.8688367214166886,True
2016-06-14 12:00:00+00:00,1.2633156837483768,0.7934345457111743,False
2016-06-14 12:30:00+00:00,0.9401801378783947,0.5215767536981673,True
2016-06-14 13:00:00+00:00,0.6510322335081119,0.3061880292056912,False
2016-06-14 13:30:00+00:00,0.7722859642896491,0.37739242149578206,True
2016-06-14 14:00:00+00:00,1.02953396787539,0.5134578762407527,False
2016-06-14 14:30:00+00:00,1.58079584097538,0.7192493022193243,True
2016-06-14 15:00:00+00:00,1.9960634412711655,0.8601796657430161,False
2016-06-14 15:30:00+00:00,1.7635961404697493,0.8561080152666386,True
2016-06-14 16:00:00+00:00,1.5311288396683334,0.852036364790261,False
2016-06-14 16:30:00+00:00,1.6937725663373127,0.8733311684310476,True
2016-06-14 17:00:00+00:00,1.856416293006292,0.8946259720718344,False
2016-06-14 17:30:00+00:00,1.4229292611590667,0.679722944885528,True
2016-06-14 18:00:00+00:00,0.989442229311842,0.4648199176992216,False
2016-06-14 18:30:00+00:00,1.1266467824338429,0.5290149621946351,True
2016-06-14 19:00:00+00:00,1.2638513355558436,0.5932100066900484,False
2016-06-14 19:30:00+00:00,1.0443116415594509,0.490477746109629,True
2016-06-14 20:00:00+00:00,0.8247719475630584,0.3877454855292095,False
2016-06-14 20:30:00+00:00,0.853717849342489,0.4008264091280702,True
2016-06-14 21:00:00+00:00,0.921992582650743,0.4302743794985452,False
2016-06-14 21:30:00+00:00,1.1180675779653761,0.4888611559758726,True
2016-06-14 22:00:00+00:00,1.3339496736059713,0.5724053809400518,False
2016-06-14 22:30:00+00:00,1.4140996366466438,0.6487483517171313,True
2016-06-14 23:00:00+00:00,1.4998515590109625,0.769893387947696,False
2016-06-14 23:30:00+00:00,1.827067806532373,1.4869824239973926,True
2016-06-15 00:00:00+00:00,2.089546162875352,2.117944899335138,False
2016-06-15 00:30:00+00:00,1.7725041010482059,1.417152580356236,True
2016-06-15 01:00:00+00:00,1.4554620392210595,0.7163602613773341,False
2016-06-15 01:30:00+00:00,1.4970627515582162,0.8371738850119522,True
2016-06-15 02:00:00+00:00,1.6091172931367754,1.0677440693599651,False
2016-06-15 02:30:00+00:00,2.4935711132076452,1.383778687932231,True
2016-06-15 03:00:00+00:00,3.307571104037112,1.6526606912692363,False
2016-06-15 03:30:00+00:00,2.79698197970852,1.7636176408266717,True
2016-06-15 04:00:00+00:00,2.227372308007285,1.8119706449059725,False
2016-06-15 04:30:00+00:00,2.131600626104998,1.4681557906269038,True
2016-06-15 05:00:00+00:00,2.0948494915753537,1.1243409363478352,False
2016-06-15 05:30:00+00:00,2.272551065642462,1.1843868592046267,True
2016-06-15 06:00:00+00:00,2.586773341110054,1.3157154411473293,False
2016-06-15 06:30:00+00:00,2.9618549558095952,1.5430236667646793,True
2016-06-15 07:00:00+00:00,3.2004158691086526,1.8746956055749489,False
2016-06-15 07:30:00+00:00,3.1183697700703106,2.4352621004762116,True
2016-06-15 08:00:00+00:00,2.922430329872848,2.820182223098645,False
2016-06-15 08:30:00+00:00,2.311294593444745,2.751170886320752,True
2016-06-15 09:00:00+00:00,1.6610190627008068,2.571832573345952,False
2016-06-15 09:30:00+00:00,1.3824417503086388,1.5273578019195466,True
2016-06-15 10:00:00+00:00,1.2568975733914272,0.5932100066900484,False
2016-06-15 10:30:00+00:00,1.4048586906127738,0.6792695798246345,True
2016-06-15 11:00:00+00:00,1.7356425902333978,0.8652167128025594,False
2016-06-15 11:30:00+00:00,2.600934795685249,1.2913129141098634,True
2016-06-15 12:00:00+00:00,3.2834042187378225,1.6175215555738285,False
2016-06-15 12:30:00+00:00,2.5711715276980764,1.531393903968731,True
2016-06-15 13:00:00+00:00,1.858938836658331,1.4452662523636333,False
2016-06-15 13:30:00+00:00,3.201289137099324,2.03098872088355,True
2016-06-15 14:00:00+00:00,4.543639437540317,2.6167111894034663,False
2016-06-15 14:30:00+00:00,3.1443522850558905,2.6161869792499095,True
2016-06-15 15:00:00+00:00,1.7140420909630874,2.6146192221184283,False
2016-06-15 15:30:00+00:00,1.6668120190411766,2.1661354799029238,True
2016-06-15 16:00:00+00:00,1.6506049887276422,1.7186952846653425,False
2016-06-15 16:30:00+00:00,2.069359196736725,2.243085817170236,True
2016-06-15 17:00:00+00:00,2.4881134047458087,2.76747634967513,False
2016-06-15 17:30:00+00:00,2.0637894650109727,1.9914723247319264,True
2016-06-15 18:00:00+00:00,1.639465525276137,1.2154682997887225,False
2016-06-15 18:30:00+00:00,1.9761793092966795,1.2478672652172191,True
2016-06-15 19:00:00+00:00,2.312893093317222,1.2802662306457155,False
2016-06-15 19:30:00+00:00,2.046602482580566,1.0983308452875948,True
2016-06-15 20:00:00+00:00,1.7803118718439108,0.916395459929474,False
2016-06-15 20:30:00+00:00,2.108893974935994,1.0284580913272727,True
2016-06-15 21:00:00+00:00,2.437476078028077,1.2109171007814747,False
2016-06-15 21:30:00+00:00,2.0534224764096485,1.3297372181073628,True
2016-06-15 22:00:00+00:00,1.66936887479122,1.4806550463911672,False
2016-06-15 22:30:00+00:00,1.6810756335358363,1.8213834361010668,True
2016-06-15 23:00:00+00:00,1.6927823922804526,2.3346054477806937,False
2016-06-15 23:30:00+00:00,1.6092595381937018,3.244616392077088,True
2016-06-16 00:00:00+00:00,1.4612551788088806,3.879639625389435,False
2016-06-16 00:30:00+00:00,1.2834546419118553,2.3984728529857975,True
2016-06-16 01:00:00+00:00,1.1701356103129008,0.8216817470417959,False
2016-06-16 01:30:00+00:00,1.2061368884807329,0.671865797340917,True
2016-06-16 02:00:00+00:00,1.2860716929956544,0.6176741811804023,False
2016-06-16 02:30:00+00:00,1.4895011196525605,0.7607503143293605,True
2016-06-16 03:00:00+00:00,1.6489970199623776,1.08302763383701,False
2016-06-16 03:30:00+00:00,1.0166363908094886,1.9523481778533611,True
2016-06-16 04:00:00+00:00,0.3620520777102368,2.642467535511021,False
2016-06-16 04:30:00+00:00,0.32792155284930224,2.472855604446809,True
2016-06-16 05:00:00+00:00,0.3160147119347305,2.303243673382597,False
2016-06-16 05:30:00+00:00,0.33072851542188353,2.9350102473479156,True
2016-06-16 06:00:00+00:00,0.3705899376132036,3.6995588560885526,False
2016-06-16 06:30:00+00:00,0.6163862972805372,3.929916611152021,True
2016-06-16 07:00:00+00:00,1.0119173803220598,4.027492331440171,False
2016-06-16 07:30:00+00:00,1.4279952134808496,3.8489978542784358,True
2016-06-16 08:00:00+00:00,1.7812669761140678,3.6705033771167,False
2016-06-16 08:30:00+00:00,1.937139597122195,4.559552754214351,True
2016-06-16 09:00:00+00:00,2.097577689065049,5.554967200186387,False
2016-06-16 09:30:00+00:00,2.4136221284296218,5.673333261031617,True
2016-06-16 10:00:00+00:00,2.98632307116437,5.794767505811759,False
2016-06-16 10:30:00+00:00,5.50691297446572,7.103061001239094,True
2016-06-16 11:00:00+00:00,7.654204631909385,8.301921243857134,False
2016-06-16 11:30:00+00:00,6.798314565208414,7.997614781083324,True
2016-06-16 12:00:00+00:00,5.305068236149346,7.420014722305853,False
2016-06-16 12:30:00+00:00,3.5928648554648452,6.821323877016522,True
2016-06-16 13:00:00+00:00,2.51801773713844,5.982463210189795,False
2016-06-16 13:30:00+00:00,2.7171933060841864,3.9281529495549616,True
2016-06-16 14:00:00+00:00,2.9163688750299324,2.387306106461183,False
2016-06-16 14:30:00+00:00,2.4541236973403313,2.864249699875471,True
2016-06-16 15:00:00+00:00,1.8410023208883095,3.5610772678328027,False
2016-06-16 15:30:00+00:00,1.6147991738881893,4.022643694679661,True
2016-06-16 16:00:00+00:00,1.4215497641391386,4.264326146983475,False
2016-06-16 16:30:00+00:00,1.093194080793437,2.8927561861472864,True
2016-06-16 17:00:00+00:00,0.8827608589590871,1.4432216014244414,False
2016-06-16 17:30:00+00:00,0.9395303690748424,1.32171325263011,True
2016-06-16 18:00:00+00:00,1.0755447118211,1.2781695277224352,False
2016-06-16 18:30:00+00:00,1.5606398225664764,2.276400901839496,True
2016-06-16 19:00:00+00:00,1.9664901006813509,3.2746322759565567,False
2016-06-16 19:30:00+00:00,1.9103830227120788,2.6276092009243563,True
2016-06-16 20:00:00+00:00,1.7632992979194269,1.9805861258921555,False
2016-06-16 20:30:00+00:00,0.8473879036857717,3.6464338927154145,True
2016-06-16 21:00:00+00:00,0.0224531562754959,5.312281659538673,False
2016-06-16 21:30:00+00:00,0.5399908384889118,4.035325359476232,True
2016-06-16 22:00:00+00:00,1.0575285207023275,2.559526074369062,False
2016-06-16 22:30:00+00:00,0.9780648301893615,2.227684217646529,True
2016-06-16 23:00:00+00:00,0.8139518779412213,2.094685345968726,False
2016-06-16 23:30:00+00:00,0.5220716019072043,2.8015375592102836,True
2016-06-17 00:00:00+00:00,0.2587794211656374,3.5083897724518414,False
2016-06-17 00:30:00+00:00,0.16050031791129216,2.8880798972985002,True
2016-06-17 01:00:00+00:00,0.1182823810996708,2.2677700221451595,False
2016-06-17 01:30:00+00:00,0.6809910257086997,2.42203125578893,True
2016-06-17 02:00:00+00:00,1.2436996703177288,2.576292489432701,False
2016-06-17 02:30:00+00:00,1.1542012274864417,2.103882176360204,True
2016-06-17 03:00:00+00:00,1.021164070774951,1.365151582449001,False
2016-06-17 03:30:00+00:00,0.9278677349219867,0.7566027576841187,True
2016-06-17 04:00:00+00:00,0.8781101129492259,0.4143742137579421,False
2016-06-17 04:30:00+00:00,1.0761207255206193,0.4604016283288436,True
2016-06-17 05:00:00+00:00,1.2741313380920125,0.5870129613171765,False
2016-06-17 05:30:00+00:00,0.6542898548323971,1.8401037194427923,True
2016-06-17 06:00:00+00:00,0.0241538910826279,3.012610559150977,False
2016-06-17 06:30:00+00:00,0.008539765400114406,1.8906073553559315,True
2016-06-17 07:00:00+00:00,0.0032201202077545,0.768604151560886,False
2016-06-17 07:30:00+00:00,0.6672700881514899,1.2246695945908936,True
2016-06-17 08:00:00+00:00,1.632205461529198,1.6807350376209014,False
2016-06-17 08:30:00+00:00,2.2598005996319204,1.506307832599951,True
2016-06-17 09:00:00+00:00,2.58651033230067,1.331880627579001,False
2016-06-17 09:30:00+00:00,2.553204042129978,2.721041634439169,True
2016-06-17 10:00:00+00:00,2.5198977519592867,4.110202641299336,False
2016-06-17 10:30:00+00:00,2.8324762724940027,3.810608578787577,True
2016-06-17 11:00:00+00:00,3.381795414645972,3.511014516275817,False
2016-06-17 11:30:00+00:00,4.0254941570453395,3.9675950707007064,True
2016-06-17 12:00:00+00:00,4.432452277827453,4.424175625125596,False
2016-06-17 12:30:00+00:00,3.5948344051851473,3.589449728407151,True
2016-06-17 13:00:00+00:00,2.757216532542841,2.754723831688706,False
2016-06-17 13:30:00+00:00,3.3767252353541846,4.013515360838704,True
2016-06-17 14:00:00+00:00,3.996233938165528,5.272306889988703,False
2016-06-17 14:30:00+00:00,3.4108603369724797,3.803463688880866,True
2016-06-17 15:00:00+00:00,2.3965543742576743,1.813251147821664,False
2016-06-17 15:30:00+00:00,1.2571210787574802,0.8062051508028246,True
2016-06-17 16:00:00+00:00,0.5466201447790442,0.3205284937353509,False
2016-06-17 16:30:00+00:00,1.227042499296288,0.9267705731734523,True
2016-06-17 17:00:00+00:00,1.907464853813532,2.1385355802746293,False
2016-06-17 17:30:00+00:00,1.4025965399706735,4.254996036631988,True
2016-06-17 18:00:00+00:00,0.7846857672861316,5.765933565326274,False
2016-06-17 18:30:00+00:00,0.6286241370455915,4.5104770178400955,True
2016-06-17 19:00:00+00:00,0.5015977020638572,3.255020470353917,False
2016-06-17 19:30:00+00:00,0.2529309736653256,4.74625141757781,True
2016-06-17 20:00:00+00:00,0.0882715088496714,6.237482364801702,False
2016-06-17 20:30:00+00:00,0.12272200403455907,4.085173921713811,True
2016-06-17 21:00:00+00:00,0.1984807152348355,1.9328654786259212,False
2016-06-17 21:30:00+00:00,0.3841253256752494,2.628136660570846,True
2016-06-17 22:00:00+00:00,0.5284617201002745,3.323407842515771,False
2016-06-17 22:30:00+00:00,0.27359873091552667,2.8669756409685396,True
2016-06-17 23:00:00+00:00,0.0187357417307788,2.4105434394213088,False
2016-06-17 23:30:00+00:00,0.020048905046461313,2.6456577682767257,True
2016-06-18 00:00:00+00:00,0.0239019480324296,3.1552337971348283,False
2016-06-18 00:30:00+00:00,0.11761744702388721,4.336506930606535,True
2016-06-18 01:00:00+00:00,0.3274763523665641,5.243318364075556,False
2016-06-18 01:30:00+00:00,0.8341496308584679,5.053092371572991,True
2016-06-18 02:00:00+00:00,1.4158432905853229,4.599489452330591,False
2016-06-18 02:30:00+00:00,1.8134552053067892,3.0194166564293106,True
2016-06-18 03:00:00+00:00,2.017363452771799,1.702720787267868,False
2016-06-18 03:30:00+00:00,1.3464657049662203,1.7411687400216915,True
2016-06-18 04:00:00+00:00,0.6755679571606414,1.8440713744098292,False
2016-06-18 04:30:00+00:00,0.7762116456471831,2.6085986228419413,True
2016-06-18 05:00:00+00:00,0.9761211116503924,3.308671189639739,False
2016-06-18 05:30:00+00:00,1.2386050388072587,2.8640324094027907,True
2016-06-18 06:00:00+00:00,1.56099025160654,2.4193936291658416,False
2016-06-18 06:30:00+00:00,1.9898408534616558,2.499127668093909,True
2016-06-18 07:00:00+00:00,2.259524392157689,2.6644618344994715,False
2016-06-18 07:30:00+00:00,1.2050028637880512,2.8894449818116343,True
2016-06-18 08:00:00+00:00,0.1504813354184141,3.232444823325034,False
2016-06-18 08:30:00+00:00,2.2388307182780207,4.053701830458677,True
2016-06-18 09:00:00+00:00,4.421257051906693,4.671342015913588,False
2016-06-18 09:30:00+00:00,4.566708158937513,3.8381238491975935,True
2016-06-18 10:00:00+00:00,4.618082315199268,3.004905682481599,False
2016-06-18 10:30:00+00:00,4.428404494715218,4.030092043367451,True
2016-06-18 11:00:00+00:00,4.181142054077722,5.067659745075228,False
2016-06-18 11:30:00+00:00,4.1089112668574375,5.086382196199063,True
2016-06-18 12:00:00+00:00,4.024751096913656,5.09272330650097,False
2016-06-18 12:30:00+00:00,3.363870046089658,3.9332790377550424,True
2016-06-18 13:00:00+00:00,2.7725029981425995,2.773834769009115,False
2016-06-18 13:30:00+00:00,2.8032776713618874,2.833903328776399,True
2016-06-18 14:00:00+00:00,2.834052344581175,2.8939718885436823,False
2016-06-18 14:30:00+00:00,2.8085228233932433,2.709659780904852,True
2016-06-18 15:00:00+00:00,2.7385884061301837,2.525347673266022,False
2016-06-18 15:30:00+00:00,2.0793295913923595,2.601405326727472,True
2016-06-18 16:00:00+00:00,1.464475672729663,2.7754204242635896,False
2016-06-18 16:30:00+00:00,1.8048360178712421,3.2767155087299495,True
2016-06-18 17:00:00+00:00,2.145196363012821,3.6800531491216426,False
2016-06-18 17:30:00+00:00,1.7991034814425233,2.546345800782081,True
2016-06-18 18:00:00+00:00,1.4218948591414229,1.4126384524425195,False
2016-06-18 18:30:00+00:00,1.372292089897351,2.2605167335276586,True
2016-06-18 19:00:00+00:00,1.3538050613840815,3.1083950146127983,False
2016-06-18 19:30:00+00:00,1.7338911013607423,3.0055086792982704,True
2016-06-18 20:00:00+00:00,2.113977141337403,2.7836165111000413,False
2016-06-18 20:30:00+00:00,1.5811101230706637,2.2786607313569975,True
2016-06-18 21:00:00+00:00,1.048243104803924,1.892710784497656,False
2016-06-18 21:30:00+00:00,1.2765128812164417,2.5716272161553344,True
2016-06-18 22:00:00+00:00,1.5757434302491986,3.250543647813013,False
2016-06-18 22:30:00+00:00,1.7083034085201172,2.0983414833308833,True
2016-06-18 23:00:00+00:00,1.769902614170797,0.9461393188487536,False
2016-06-18 23:30:00+00:00,1.5377186252054842,1.9194764080027364,True
2016-06-19 00:00:00+00:00,1.305534636240171,2.892813497156719,False
2016-06-19 00:30:00+00:00,1.6757685245080143,1.9618399819881027,True
2016-06-19 01:00:00+00:00,2.0460024127758576,1.0308664668194862,False
2016-06-19 01:30:00+00:00,1.8428288312874226,1.8775040436859571,True
2016-06-19 02:00:00+00:00,1.6396552497989874,2.724141620552427,False
2016-06-19 02:30:00+00:00,1.8441801232925115,1.906680963183986,True
2016-06-19 03:00:00+00:00,2.048704996786036,1.0634467553853186,False
2016-06-19 03:30:00+00:00,1.847221479079562,1.0352922917268468,True
2016-06-19 04:00:00+00:00,1.5373835321374485,1.0102484055432266,False
2016-06-19 04:30:00+00:00,1.2951493766547644,0.8457702088285209,True
2016-06-19 05:00:00+00:00,1.1612696504077205,0.7039549850691905,False
2016-06-19 05:30:00+00:00,1.2974044777897609,0.7367783823185834,True
2016-06-19 06:00:00+00:00,1.4786874437862003,0.7840353781529495,False
2016-06-19 06:30:00+00:00,1.5643591129028513,0.8138215216871634,True
2016-06-19 07:00:00+00:00,1.604882643405103,0.8291740666364038,False
2016-06-19 07:30:00+00:00,1.0240309165356485,0.743550194854253,True
2016-06-19 08:00:00+00:00,0.4431791896661941,0.6579263230721023,False
2016-06-19 08:30:00+00:00,1.3588935639319677,1.0348100570999084,True
2016-06-19 09:00:00+00:00,2.2746079381977413,1.4116937911277143,False
2016-06-19 09:30:00+00:00,2.271394685308413,1.3684387701485656,True
2016-06-19 10:00:00+00:00,2.2681814324190843,1.3251837491694167,False
2016-06-19 10:30:00+00:00,2.4684371982133575,1.3540895679508693,True
2016-06-19 11:00:00+00:00,2.6686929640076302,1.382995386732322,False
2016-06-19 11:30:00+00:00,2.5111923325626577,1.2550879505528358,True
2016-06-19 12:00:00+00:00,2.2511490935690635,1.0646062438128376,False
2016-06-19 12:30:00+00:00,2.0669810607934056,0.9302198209752385,True
2016-06-19 13:00:00+00:00,1.8480962062020727,0.8584076686981515,False
2016-06-19 13:30:00+00:00,1.3490527722140118,1.0275567727712465,True
2016-06-19 14:00:00+00:00,0.9872687675902474,1.196705876844341,False
2016-06-19 14:30:00+00:00,1.0566190925304708,1.1670699846210613,True
2016-06-19 15:00:00+00:00,1.1770373422620006,1.097287082665731,False
2016-06-19 15:30:00+00:00,1.3131588424665346,0.9282628790603794,True
2016-06-19 16:00:00+00:00,1.3982124178797617,0.6798842784999474,False
2016-06-19 16:30:00+00:00,0.7809261648541517,0.3653521437650299,True
2016-06-19 17:00:00+00:00,0.116888568073943,0.120688932898677,False
2016-06-19 17:30:00+00:00,0.04308138877391374,0.035528225040055254,True
2016-06-19 18:00:00+00:00,0.0160255532284832,0.0,False
2016-06-19 18:30:00+00:00,0.1626610158811959,1.5650146196627883,True
2016-06-19 19:00:00+00:00,0.4108755754914373,3.1300292393255766,False
2016-06-19 19:30:00+00:00,0.6618397203485112,1.7630965006047592,True
2016-06-19 20:00:00+00:00,0.8293442086179268,0.3961637618839417,False
2016-06-19 20:30:00+00:00,0.858241258045941,0.3985121045405795,True
2016-06-19 21:00:00+00:00,0.8690188671040849,0.4054675187367091,False
2016-06-19 21:30:00+00:00,0.8628752543511746,0.7880262146563694,True
2016-06-19 22:00:00+00:00,0.8567316415982644,1.362085493784129,False
2016-06-19 22:30:00+00:00,0.9523213391664157,1.755893594353627,True
2016-06-19 23:00:00+00:00,1.0479110367345672,2.026859489464614,False
2016-06-19 23:30:00+00:00,0.9596946651008634,2.117989059234907,True
2016-06-20 00:00:00+00:00,0.8072445082285865,2.214821338803484,False
2016-06-20 00:30:00+00:00,0.6373462816490212,2.7486514180833628,True
2016-06-20 01:00:00+00:00,0.531681840308029,3.2035133382758763,False
2016-06-20 01:30:00+00:00,0.6731088740074763,2.8586553500185863,True
2016-06-20 02:00:00+00:00,0.9463714647416986,2.2234159497337105,False
2016-06-20 02:30:00+00:00,1.374303393060578,1.3655344603036672,True
2016-06-20 03:00:00+00:00,1.670399764344682,0.7980343829012098,False
2016-06-20 03:30:00+00:00,1.4526187797320829,1.0085919984894702,True
2016-06-20 04:00:00+00:00,1.234837795119484,1.504454608494123,False
2016-06-20 04:30:00+00:00,1.8238444073327293,3.1311279227367974,True
2016-06-20 05:00:00+00:00,2.4128510195459745,4.472496242563079,False
2016-06-20 05:30:00+00:00,1.9471554968071108,4.105150849215776,True
2016-06-20 06:00:00+00:00,1.4814599740682473,3.737805455868472,False
2016-06-20 06:30:00+00:00,1.5230455976757096,3.9567845731418103,True
2016-06-20 07:00:00+00:00,1.564631221283172,4.175763690415149,False
2016-06-20 07:30:00+00:00,0.8962685870314939,2.7801747351076993,True
2016-06-20 08:00:00+00:00,0.2279059527798162,1.38458577980025,False
2016-06-20 08:30:00+00:00,1.3710704491403372,1.4304483193757667,True
2016-06-20 09:00:00+00:00,2.514234945500858,1.5464781097780906,False
2016-06-20 09:30:00+00:00,2.512079032824706,1.9512936664559184,True
2016-06-20 10:00:00+00:00,2.5057249298429998,2.6003449050457905,False
2016-06-20 10:30:00+00:00,2.2991729546915143,3.5370553498385204,True
2016-06-20 11:00:00+00:00,1.876928334837374,4.159362861892398,False
2016-06-20 11:30:00+00:00,1.0354713272617395,3.9127619961467595,True
2016-06-20 12:00:00+00:00,0.4139051546943143,3.4044861579688024,False
2016-06-20 12:30:00+00:00,1.320982527816131,2.6028330629478926,True
2016-06-20 13:00:00+00:00,2.228059900937948,1.6981404941511342,False
2016-06-20 13:30:00+00:00,1.5927773132260974,0.8787495625088391,True
2016-06-20 14:00:00+00:00,0.9574947255142464,0.424073077074711,False
2016-06-20 14:30:00+00:00,1.0216524961821152,0.47329825841898754,True
2016-06-20 15:00:00+00:00,1.0858102668499836,0.5710375284747664,False
2016-06-20 15:30:00+00:00,1.083634795417099,0.6711433817086296,True
2016-06-20 16:00:00+00:00,1.0771941669108178,0.8565953350478498,False
2016-06-20 16:30:00+00:00,0.6867079108682433,3.0664812352475668,True
2016-06-20 17:00:00+00:00,0.2204317920590374,5.142506946630423,False
2016-06-20 17:30:00+00:00,0.08195039710317967,5.134948506148732,True
2016-06-20 18:00:00+00:00,0.0235240219873501,5.112479958087826,False
2016-06-20 18:30:00+00:00,0.2555232781043625,2.9398253973274446,True
2016-06-20 19:00:00+00:00,0.5510581963344038,0.782080944146277,False
2016-06-20 19:30:00+00:00,0.6476763976474162,2.4151215240423447,True
2016-06-20 20:00:00+00:00,0.7184506675424728,4.048162103938413,False
2016-06-20 20:30:00+00:00,0.8058692950319205,3.5799610005572817,True
2016-06-20 21:00:00+00:00,0.8555961918262955,3.073487148818849,False
2016-06-20 21:30:00+00:00,0.44682174770156324,3.012816128450434,True
2016-06-20 22:00:00+00:00,0.0293803611769087,2.99041785643932,False
2016-06-20 22:30:00+00:00,0.016194219879803132,3.9606209857397396,True
2016-06-20 23:00:00+00:00,0.0116750209826199,4.930824115040159,False
2016-06-20 23:30:00+00:00,0.07657405843324913,3.8414136190317136,True
2016-06-21 00:00:00+00:00,0.2399493454258481,2.4668126301737363,False
2016-06-21 00:30:00+00:00,1.0068850845611053,1.9531245807628816,True
2016-06-21 01:00:00+00:00,1.6753445741543929,1.7246270242015584,False
2016-06-21 01:30:00+00:00,1.3516667609689272,3.4419751413577027,True
2016-06-21 02:00:00+00:00,0.887070046386022,5.159323258513846,False
2016-06-21 02:30:00+00:00,0.6357630078426278,4.899881004033774,True
2016-06-21 03:00:00+00:00,0.4483862978544805,4.640438749553701,False
2016-06-21 03:30:00+00:00,0.29126590515147965,4.98353150640588,True
2016-06-21 04:00:00+00:00,0.2111340852906716,5.32662426325806,False
2016-06-21 04:30:00+00:00,0.6576098500181393,4.658294607923869,True
2016-06-21 05:00:00+00:00,1.1040856147456073,3.989964952589679,False
2016-06-21 05:30:00+00:00,0.9794101719348857,4.194441740420805,True
2016-06-21 06:00:00+00:00,0.741653638113264,4.398918528251929,False
2016-06-21 06:30:00+00:00,0.40782720378104925,3.3550727408313734,True
2016-06-21 07:00:00+00:00,0.1401380424971609,1.9444175612543328,False
2016-06-21 07:30:00+00:00,0.061039885821711826,1.2378311989289903,True
2016-06-21 08:00:00+00:00,0.0288855471088363,0.8980542287601319,False
2016-06-21 08:30:00+00:00,0.7210500546816501,2.4708615405128214,True
2016-06-21 09:00:00+00:00,1.7926184974173696,4.230485478833219,False
2016-06-21 09:30:00+00:00,2.6482081368788437,4.534301385015205,True
2016-06-21 10:00:00+00:00,3.1243938411774126,4.651300664629481,False
2016-06-21 10:30:00+00:00,3.0096356616186304,4.0269557233116045,True
2016-06-21 11:00:00+00:00,2.894877482059848,3.3600301687629264,False
2016-06-21 11:30:00+00:00,3.25453485147186,3.29315270768683,True
2016-06-21 12:00:00+00:00,3.614192220883872,3.268855859841536,False
2016-06-21 12:30:00+00:00,2.7583041473009926,3.9997109905846404,True
2016-06-21 13:00:00+00:00,1.9024160737181133,4.923777073131201,False
2016-06-21 13:30:00+00:00,2.514310563121402,5.272451194509288,True
2016-06-21 14:00:00+00:00,3.1262050525246905,5.427914364083918,False
2016-06-21 14:30:00+00:00,2.6176045829863086,5.395489401402406,True
2016-06-21 15:00:00+00:00,1.7477460178632245,5.33763532028388,False
2016-06-21 15:30:00+00:00,0.8079357538352955,5.2943315412148175,True
2016-06-21 16:00:00+00:00,0.2293835853920679,5.221162996341835,False
2016-06-21 16:30:00+00:00,1.057789740717003,4.099090614457133,True
2016-06-21 17:00:00+00:00,1.8861958960419385,3.032312116813363,False
2016-06-21 17:30:00+00:00,1.382362749450245,3.1613950171999727,True
2016-06-21 18:00:00+00:00,0.8785296028585515,3.2904779175865824,False
2016-06-21 18:30:00+00:00,1.341421065550273,2.216907181085513,True
2016-06-21 19:00:00+00:00,1.8043125282419947,1.143336444584444,False
2016-06-21 19:30:00+00:00,1.7088651985980015,1.7590890371357593,True
2016-06-21 20:00:00+00:00,1.5758253674440137,2.3748416296870745,False
2016-06-21 20:30:00+00:00,1.5183683125935754,1.7675877782322833,True
2016-06-21 21:00:00+00:00,1.4637668803123267,1.027130323181054,False
2016-06-21 21:30:00+00:00,1.354990976938038,0.7945067678832421,True
2016-06-21 22:00:00+00:00,1.2809519525045543,0.6950868161818686,False
2016-06-21 22:30:00+00:00,1.360937848338723,1.720607912294136,True
2016-06-21 23:00:00+00:00,1.440923744172892,2.746129008406403,False
2016-06-21 23:30:00+00:00,1.0613288948018385,2.6286593258833046,True
2016-06-22 00:00:00+00:00,0.6817340454307851,2.5111896433602063,False
2016-06-22 00:30:00+00:00,1.0599544275593051,3.013884619477612,True
2016-06-22 01:00:00+00:00,1.5450426937654989,3.6204955740985145,False
2016-06-22 01:30:00+00:00,1.7405083790754086,3.8003270401354743,True
2016-06-22 02:00:00+00:00,1.8291061803076447,3.876242527668938,False
2016-06-22 02:30:00+00:00,1.7220498782936249,3.1483893336298787,True
2016-06-22 03:00:00+00:00,1.6149935762796053,2.1790750648515207,False
2016-06-22 03:30:00+00:00,2.045139008273704,1.7288181906845925,True
2016-06-22 04:00:00+00:00,2.475284440267803,1.5040880995609018,False
2016-06-22 04:30:00+00:00,2.297695857236382,1.4793970666359229,True
2016-06-22 05:00:00+00:00,2.1201072742049614,1.4706403254070055,False
2016-06-22 05:30:00+00:00,2.3622262358602155,1.5290679921591201,True
2016-06-22 06:00:00+00:00,2.60434519751547,1.6628554433255716,False
2016-06-22 06:30:00+00:00,2.5317030638675324,2.0496159035748627,True
2016-06-22 07:00:00+00:00,2.3796587158109364,2.3610165794098177,False
2016-06-22 07:30:00+00:00,2.0691614901922093,2.124187583037361,True
2016-06-22 08:00:00+00:00,1.8380664789821413,1.8873585866649043,False
2016-06-22 08:30:00+00:00,2.5035572317309325,1.9800777793844,True
2016-06-22 09:00:00+00:00,3.4129367216634474,2.191788401516224,False
2016-06-22 09:30:00+00:00,3.888202468072509,2.6772814892492574,True
2016-06-22 10:00:00+00:00,4.119579477297847,3.282117921211704,False
2016-06-22 10:30:00+00:00,3.9514572507980525,3.68553962207639,True
2016-06-22 11:00:00+00:00,3.783335024298258,4.129047657398136,False
2016-06-22 11:30:00+00:00,4.338569153911274,5.081127085089318,True
2016-06-22 12:00:00+00:00,4.893803283524288,5.754785404681696,False
2016-06-22 12:30:00+00:00,3.867919932581491,4.778126486134062,True
2016-06-22 13:00:00+00:00,2.8420365816386948,3.8014675675864273,False
2016-06-22 13:30:00+00:00,3.724958957778903,4.531688705861007,True
2016-06-22 14:00:00+00:00,4.607881333919111,5.7323619750281525,False
2016-06-22 14:30:00+00:00,3.781728938502595,6.885166253242427,True
2016-06-22 15:00:00+00:00,2.811519515067849,7.567518400564135,False
2016-06-22 15:30:00+00:00,2.6429104141465256,5.89096381956977,True
2016-06-22 16:00:00+00:00,2.4683682752659983,4.112524911021077,False
2016-06-22 16:30:00+00:00,1.2179777803281318,3.999960886623436,True
2016-06-22 17:00:00+00:00,0.083936665099937,3.895985172115005,False
2016-06-22 17:30:00+00:00,0.032498836046560405,3.174751372254205,True
2016-06-22 18:00:00+00:00,0.0147016932609458,2.546813590058526,False
2016-06-22 18:30:00+00:00,0.41780369314821353,3.837011912379562,True
2016-06-22 19:00:00+00:00,0.9735976539339084,5.127210234700599,False
2016-06-22 19:30:00+00:00,1.2739880219731918,3.3476422001111725,True
2016-06-22 20:00:00+00:00,1.421686429114048,1.3271283125312958,False
2016-06-22 20:30:00+00:00,1.4161014255395308,0.9307176246311706,True
2016-06-22 21:00:00+00:00,1.4105164219650133,0.7752527897214951,False
2016-06-22 21:30:00+00:00,1.6191230630079032,0.8404109868025191,True
2016-06-22 22:00:00+00:00,1.8277297040507932,1.0086994454974652,False
2016-06-22 22:30:00+00:00,1.577671215089524,1.9458416123337896,True
2016-06-22 23:00:00+00:00,1.327612726128255,2.7798535175561927,False
2016-06-22 23:30:00+00:00,1.3385992780924134,1.7535117764815542,True
2016-06-23 00:00:00+00:00,1.3700855613046667,0.7271700354069156,False
2016-06-23 00:30:00+00:00,1.971280079391056,1.7464032854548421,True
2016-06-23 01:00:00+00:00,2.55197486622935,2.765636535502769,False
2016-06-23 01:30:00+00:00,2.522459531114872,2.742413105477172,True
2016-06-23 02:00:00+00:00,2.4423942779898757,2.6767845929497054,False
2016-06-23 02:30:00+00:00,1.7639591265423555,1.7233748957055004,True
2016-06-23 03:00:00+00:00,1.1360738931053538,0.8123702809631642,False
2016-06-23 03:30:00+00:00,1.6254856687780397,1.1392298396267166,True
2016-06-23 04:00:00+00:00,2.1148974444507256,1.4660893982902692,False
2016-06-23 04:30:00+00:00,2.093446546543782,1.2932546143446042,True
2016-06-23 05:00:00+00:00,2.071995648636838,1.1204198303989394,False
2016-06-23 05:30:00+00:00,2.3696756452335075,1.5644348617201178,True
2016-06-23 06:00:00+00:00,2.667355641830177,2.008449893041296,False
2016-06-23 06:30:00+00:00,2.3463800644384447,1.7613496437250147,True
2016-06-23 07:00:00+00:00,2.0254044870467114,1.5142493944087327,False
2016-06-23 07:30:00+00:00,2.5793818739640164,1.6839728285059015,True
2016-06-23 08:00:00+00:00,3.246890230675272,2.007590114945084,False
2016-06-23 08:30:00+00:00,3.3802383672082597,2.3846515433952398,True
2016-06-23 09:00:00+00:00,3.5257983994060456,2.8259233945394,False
2016-06-23 09:30:00+00:00,4.8675755433949774,3.3218825383932007,True
2016-06-23 10:00:00+00:00,6.083609821925161,3.760079040037129,False
2016-06-23 10:30:00+00:00,5.516208249922219,4.053263596709807,True
2016-06-23 11:00:00+00:00,4.9488066779192765,4.248394558172123,False
2016-06-23 11:30:00+00:00,5.3062091120254005,4.327903689314749,True
2016-06-23 12:00:00+00:00,5.663611546131524,4.415636334973533,False
2016-06-23 12:30:00+00:00,5.26238591373678,4.803035589349281,True
2016-06-23 13:00:00+00:00,4.861160281342035,5.31518433815255,False
2016-06-23 13:30:00+00:00,5.6031318043608875,5.757879191282342,True
2016-06-23 14:00:00+00:00,6.34510332737974,6.005312997852675,False
2016-06-23 14:30:00+00:00,5.6863789479490965,5.038655812664943,True
2016-06-23 15:00:00+00:00,4.859929423630825,4.0719986274772095,False
2016-06-23 15:30:00+00:00,4.60280543301341,4.512476603150477,True
2016-06-23 16:00:00+00:00,4.42660613590836,4.952954578823745,False
2016-06-23 16:30:00+00:00,4.290334619367107,3.537666168350498,True
2016-06-23 17:00:00+00:00,4.136968745047454,2.113776269393694,False
2016-06-23 17:30:00+00:00,3.8121300682577157,2.100821601338195,True
2016-06-23 18:00:00+00:00,3.4016568236984006,2.096468421766254,False
2016-06-23 18:30:00+00:00,2.915700637138714,2.2469676523108517,True
2016-06-23 19:00:00+00:00,2.619273827502266,2.572462896994097,False
2016-06-23 19:30:00+00:00,2.728076513094017,3.3210364461088973,True
2016-06-23 20:00:00+00:00,2.926687395385374,3.8946139810850497,False
2016-06-23 20:30:00+00:00,3.1876233292125176,2.8461714427479627,True
2016-06-23 21:00:00+00:00,3.3587510663400546,1.7977289044108755,False
2016-06-23 21:30:00+00:00,2.8460417847782256,1.7990184896269383,True
2016-06-23 22:00:00+00:00,2.3333325032163965,1.802872210847164,False
2016-06-23 22:30:00+00:00,2.7258272406927535,2.4613422742532234,True
2016-06-23 23:00:00+00:00,3.2447939830029515,3.557263830725472,False
2016-06-23 23:30:00+00:00,3.483081318008841,4.660156741655458,True
2016-06-24 00:00:00+00:00,3.5948966481808884,5.323034023515093,False
2016-06-24 00:30:00+00:00,2.876374528221313,5.115557439432823,True
2016-06-24 01:00:00+00:00,2.1578524082617383,4.6771350821242486,False
2016-06-24 01:30:00+00:00,2.458815467234152,3.751001132157451,True
2016-06-24 02:00:00+00:00,2.7597785262065653,3.055812955416959,False
2016-06-24 02:30:00+00:00,1.7247317132008035,4.597290123435033,True
2016-06-24 03:00:00+00:00,0.6896849001950417,6.542561281484575,False
2016-06-24 03:30:00+00:00,0.8973882578893356,7.269969196710055,True
2016-06-24 04:00:00+00:00,1.1050916155836294,7.593583121904068,False
2016-06-24 04:30:00+00:00,0.5594237901117471,6.6401360499234166,True
2016-06-24 05:00:00+00:00,0.013755964639865,5.2948713978125,False
2016-06-24 05:30:00+00:00,0.742505420957293,4.504487261317895,True
2016-06-24 06:00:00+00:00,1.471254877274721,4.105920704953554,False
2016-06-24 06:30:00+00:00,0.7489954182182674,4.591699588325916,True
2016-06-24 07:00:00+00:00,0.0267359591618141,5.0996292699984735,False
2016-06-24 07:30:00+00:00,0.4403291368020318,5.133889076599834,True
2016-06-24 08:00:00+00:00,0.8539223144422493,5.145998084900999,False
2016-06-24 08:30:00+00:00,0.8315534612306327,4.684212598164712,True
2016-06-24 09:00:00+00:00,0.809184608019016,4.222427111428424,False
2016-06-24 09:30:00+00:00,1.0674738031764792,4.297263798059311,True
2016-06-24 10:00:00+00:00,1.6273751013411208,4.469205293045055,False
2016-06-24 10:30:00+00:00,2.9261572305916053,4.97360708315259,True
2016-06-24 11:00:00+00:00,3.923327256834911,5.380904064905266,False
2016-06-24 11:30:00+00:00,3.3439737594614267,3.7506082309228397,True
2016-06-24 12:00:00+00:00,2.4782420093915043,2.1203123969404127,False
2016-06-24 12:30:00+00:00,1.9317490446293017,2.195609005389033,True
2016-06-24 13:00:00+00:00,1.529423133637273,2.270905613837653,False
2016-06-24 13:30:00+00:00,1.304588040298861,2.134391264367517,True
2016-06-24 14:00:00+00:00,1.1232419620843337,1.9978769148973816,False
2016-06-24 14:30:00+00:00,0.8887797731558058,3.090937003017933,True
2016-06-24 15:00:00+00:00,0.7390347545707976,4.183997091138485,False
2016-06-24 15:30:00+00:00,0.7169259319990647,3.711044663079354,True
2016-06-24 16:00:00+00:00,0.7088221228861922,3.2380922350202224,False
2016-06-24 16:30:00+00:00,1.3687975086278805,4.006798205911913,True
2016-06-24 17:00:00+00:00,2.028772894369569,4.775504176803604,False
2016-06-24 17:30:00+00:00,1.6944910998424838,2.705568225828828,True
2016-06-24 18:00:00+00:00,1.1953048007694724,0.6356322748540529,False
2016-06-24 18:30:00+00:00,0.8399643047271041,1.6787092627410318,True
2016-06-24 19:00:00+00:00,0.649528313230662,2.721786250628011,False
2016-06-24 19:30:00+00:00,0.8878797413430607,1.642005166084767,True
2016-06-24 20:00:00+00:00,1.1967990024440471,0.5622240815415225,False
2016-06-24 20:30:00+00:00,1.3271737246714337,0.6827081346525158,True
2016-06-24 21:00:00+00:00,1.3869806139102323,1.0031954650524566,False
2016-06-24 21:30:00+00:00,1.1673947152177715,3.2561591491870296,True
2016-06-24 22:00:00+00:00,0.9478088165253108,5.309119556032656,False
2016-06-24 22:30:00+00:00,0.9803804468235501,4.394895353699168,True
2016-06-24 23:00:00+00:00,1.0448256297300524,3.48067115136568,False
2016-06-24 23:30:00+00:00,1.1537079317557406,4.548455873374746,True
2016-06-25 00:00:00+00:00,1.2307166811731658,5.616240595383812,False
2016-06-25 00:30:00+00:00,0.8768861430217006,5.239537268217448,True
2016-06-25 01:00:00+00:00,0.4165290364130841,4.75893759593284,False
2016-06-25 01:30:00+00:00,0.23387708209917793,4.569854343239912,True
2016-06-25 02:00:00+00:00,0.1279659453095097,4.4846674356652265,False
2016-06-25 02:30:00+00:00,0.0755386416631645,4.530006281013843,True
2016-06-25 03:00:00+00:00,0.0528970889497329,4.575345126362458,False
2016-06-25 03:30:00+00:00,0.28998875672360114,4.448631178348642,True
2016-06-25 04:00:00+00:00,0.60023402674733,4.260575859141294,False
2016-06-25 04:30:00+00:00,0.7366529725308001,4.12938600137664,True
2016-06-25 05:00:00+00:00,0.7999183160644096,4.05953751480552,False
2016-06-25 05:30:00+00:00,0.7709551688429894,4.695872396165218,True
2016-06-25 06:00:00+00:00,0.7000433544068244,5.332207277524915,False
2016-06-25 06:30:00+00:00,0.4168510162203812,2.727927031123028,True
2016-06-25 07:00:00+00:00,0.1756073452486829,0.1236467847211402,False
2016-06-25 07:30:00+00:00,0.3303813837876253,0.6736951864987212,True
2016-06-25 08:00:00+00:00,0.640870925048829,1.365478647271284,False
2016-06-25 08:30:00+00:00,1.0354519263420907,1.5909840872714498,True
2016-06-25 09:00:00+00:00,1.582787843886249,1.7327952963330004,False
2016-06-25 09:30:00+00:00,2.631099644471376,1.8466739628688724,True
2016-06-25 10:00:00+00:00,3.370941026083345,1.9025118013483773,False
2016-06-25 10:30:00+00:00,3.057463766272113,1.8854994590154557,True
2016-06-25 11:00:00+00:00,2.7439865064608813,1.868487116682534,False
2016-06-25 11:30:00+00:00,3.2134330606418304,3.9990539705350514,True
2016-06-25 12:00:00+00:00,3.68287961482278,6.129620824387568,False
2016-06-25 12:30:00+00:00,2.947857609929253,4.806185876494755,True
2016-06-25 13:00:00+00:00,2.212835605035725,3.482750928601943,False
2016-06-25 13:30:00+00:00,2.283753400026585,4.08461057660227,True
2016-06-25 14:00:00+00:00,2.354671195017445,5.049576285232344,False
2016-06-25 14:30:00+00:00,2.0743175103483362,5.907925443661759,True
2016-06-25 15:00:00+00:00,1.5280260196935125,6.403168541461427,False
2016-06-25 15:30:00+00:00,0.6543338974939119,5.418215888214078,True
2016-06-25 16:00:00+00:00,0.0364459409766968,4.43326323496673,False
2016-06-25 16:30:00+00:00,0.021105889992851096,4.568190316080569,True
2016-06-25 17:00:00+00:00,0.0158994793123347,4.703117397194408,False
2016-06-25 17:30:00+00:00,0.22706547834055385,3.44539200603773,True
2016-06-25 18:00:00+00:00,0.5480324296292632,1.8004343339681288,False
2016-06-25 18:30:00+00:00,0.7753352973653015,1.0997839050122806,True
2016-06-25 19:00:00+00:00,0.9219389932167482,0.7441399895661927,False
2016-06-25 19:30:00+00:00,0.9709569191848212,0.677131989025138,True
2016-06-25 20:00:00+00:00,0.9908730647769952,0.6523497558872462,False
2016-06-25 20:30:00+00:00,0.8640639163485286,1.3463212854471516,True
2016-06-25 21:00:00+00:00,0.6230923189663731,2.059768706770667,False
2016-06-25 21:30:00+00:00,0.2649355121382914,2.0895369024146313,True
2016-06-25 22:00:00+00:00,0.0209411542638988,2.0998292062949857,False
2016-06-25 22:30:00+00:00,0.6740326607061111,1.9753319671939018,True
2016-06-25 23:00:00+00:00,1.3271241671483236,1.850834728092818,False
2016-06-25 23:30:00+00:00,1.1481227575237605,1.9275841392511555,True
2016-06-26 00:00:00+00:00,0.9691213478991972,2.004333550409493,False
2016-06-26 00:30:00+00:00,1.0020778177860326,1.3097561552119992,True
2016-06-26 01:00:00+00:00,1.0350342876728678,0.6151787600145058,False
2016-06-26 01:30:00+00:00,1.0085107186790294,1.3010931678374869,True
2016-06-26 02:00:00+00:00,0.9398494610916124,2.4261195089981094,False
2016-06-26 02:30:00+00:00,0.5889911206848194,3.498244683461372,True
2016-06-26 03:00:00+00:00,0.2045477173602179,4.131257924586993,False
2016-06-26 03:30:00+00:00,0.07132199102588693,3.2157539020351935,True
2016-06-26 04:00:00+00:00,0.0138190162029432,2.3002498794833928,False
2016-06-26 04:30:00+00:00,0.04387920072981631,3.14949723157405,True
2016-06-26 05:00:00+00:00,0.1272313744549997,3.998744583664707,False
2016-06-26 05:30:00+00:00,1.0390024351577969,2.468515378465973,True
2016-06-26 06:00:00+00:00,1.8974815066622837,0.938286173267238,False
2016-06-26 06:30:00+00:00,0.9594948440867455,1.5037091500822175,True
2016-06-26 07:00:00+00:00,0.0215081815112075,2.0691321268971974,False
2016-06-26 07:30:00+00:00,1.5439548925385282,2.0495482883494973,True
2016-06-26 08:00:00+00:00,3.4193386248210085,2.029964449801797,False
2016-06-26 08:30:00+00:00,3.928399660814985,2.839081586622111,True
2016-06-26 09:00:00+00:00,4.310304136027434,3.9217279849160023,False
2016-06-26 09:30:00+00:00,4.810671503917906,4.443300196468254,True
2016-06-26 10:00:00+00:00,5.225918619106296,4.691343146546929,False
2016-06-26 10:30:00+00:00,5.4708340979426495,4.6817960806515355,True
2016-06-26 11:00:00+00:00,5.632009516121513,4.656022667344396,False
2016-06-26 11:30:00+00:00,5.7395618255177485,4.525019375929994,True
2016-06-26 12:00:00+00:00,5.790193987799924,4.256325695370055,False
2016-06-26 12:30:00+00:00,5.4188465202868406,3.532554949142185,True
2016-06-26 13:00:00+00:00,5.047499052773757,2.9169459786879246,False
2016-06-26 13:30:00+00:00,5.0647796869527335,2.844958193157563,True
2016-06-26 14:00:00+00:00,5.082060321131711,2.8187253684108726,False
2016-06-26 14:30:00+00:00,4.781328061891287,2.9344506296099624,True
2016-06-26 15:00:00+00:00,4.480595802650864,3.0501758908090517,False
2016-06-26 15:30:00+00:00,4.596154008620476,2.926219042785826,True
2016-06-26 16:00:00+00:00,4.711712214590089,2.6727301907761665,False
2016-06-26 16:30:00+00:00,4.144114182360428,2.244041050745239,True
2016-06-26 17:00:00+00:00,3.402441633868764,1.8467359501036429,False
2016-06-26 17:30:00+00:00,3.1253056694639083,1.678177641255074,True
2016-06-26 18:00:00+00:00,2.928181862203868,1.5892486676600466,False
2016-06-26 18:30:00+00:00,2.725245307115986,1.5583594549143118,True
2016-06-26 19:00:00+00:00,2.6163711111452908,1.545988871512137,False
2016-06-26 19:30:00+00:00,2.877245026309094,1.581880904678053,True
2016-06-26 20:00:00+00:00,3.138118941472897,1.6177729378439691,False
2016-06-26 20:30:00+00:00,2.865121000504755,1.5417336022802555,True
2016-06-26 21:00:00+00:00,2.421684845533139,1.3785870096209103,False
2016-06-26 21:30:00+00:00,2.0113285939876997,1.0143565041132196,True
2016-06-26 22:00:00+00:00,1.7714105564457343,0.7372332557011603,False
2016-06-26 22:30:00+00:00,2.0304051613438694,1.1682232091776261,True
2016-06-26 23:00:00+00:00,2.289399766242005,1.5992131626540922,False
2016-06-26 23:30:00+00:00,1.7599034592550942,1.234385891721894,True
2016-06-27 00:00:00+00:00,1.2304071522681836,0.869558620789696,False
2016-06-27 00:30:00+00:00,1.363182666466037,1.240281345695284,True
2016-06-27 01:00:00+00:00,1.4959581806638902,1.6110040706008717,False
2016-06-27 01:30:00+00:00,1.2829688052222044,1.0500894372534815,True
2016-06-27 02:00:00+00:00,1.0699794297805183,0.4891748039060911,False
2016-06-27 02:30:00+00:00,1.1287897676203003,0.509724577540433,True
2016-06-27 03:00:00+00:00,1.1876001054600824,0.5635520906868465,False
2016-06-27 03:30:00+00:00,1.1692272370336705,0.8966277806923204,True
2016-06-27 04:00:00+00:00,1.1212240753703149,1.1964257311857225,False
2016-06-27 04:30:00+00:00,0.8300043443525482,0.734009811829371,True
2016-06-27 05:00:00+00:00,0.5684149065717256,0.2715938924730194,False
2016-06-27 05:30:00+00:00,0.754564567940806,0.35647068991025266,True
2016-06-27 06:00:00+00:00,0.9407142293098862,0.4413474873474859,False
2016-06-27 06:30:00+00:00,0.882459325395347,0.41590754445320904,True
2016-06-27 07:00:00+00:00,0.8242044214808075,0.3904676015589322,False
2016-06-27 07:30:00+00:00,0.9836798209242523,0.45630823973907103,True
2016-06-27 08:00:00+00:00,1.1932102988807722,0.5679787578080115,False
2016-06-27 08:30:00+00:00,1.2633996313367386,0.6856541245384876,True
2016-06-27 09:00:00+00:00,1.3305915717352728,0.7574996113801619,False
2016-06-27 09:30:00+00:00,1.486066634135603,0.7546198307759714,True
2016-06-27 10:00:00+00:00,1.6294340722425502,0.7517400501717809,False
2016-06-27 10:30:00+00:00,1.671075186445089,0.8602083659834614,True
2016-06-27 11:00:00+00:00,1.7206759309460404,1.0635355663208286,False
2016-06-27 11:30:00+00:00,2.4641554939020156,1.345414448276558,True
2016-06-27 12:00:00+00:00,3.1647253643973188,1.5480886575299124,False
2016-06-27 12:30:00+00:00,1.7915736240847764,1.56463496400184,True
2016-06-27 13:00:00+00:00,0.418421883772234,1.5815597484099044,False
2016-06-27 13:30:00+00:00,0.5157460997820299,1.9713270208562306,True
2016-06-27 14:00:00+00:00,0.6130703157918257,2.345061603543108,False
2016-06-27 14:30:00+00:00,0.5793932552670703,1.2988835571107575,True
2016-06-27 15:00:00+00:00,0.4999430697098688,0.2527055106784067,False
2016-06-27 15:30:00+00:00,0.2371144963897353,0.5472949961886676,True
2016-06-27 16:00:00+00:00,0.0200590481020479,1.1263940453059351,False
2016-06-27 16:30:00+00:00,0.41264038113077467,2.0845257667259802,True
2016-06-27 17:00:00+00:00,1.019867205333792,2.7581479245390184,False
2016-06-27 17:30:00+00:00,1.5033474487789455,2.1376486927211507,True
2016-06-27 18:00:00+00:00,1.7721822010498085,1.5171494609032832,False
2016-06-27 18:30:00+00:00,1.3258730790551525,2.2180432088625865,True
2016-06-27 19:00:00+00:00,0.8795639570604966,2.9189369568218897,False
2016-06-27 19:30:00+00:00,1.4588295466142882,2.7295113328079816,True
2016-06-27 20:00:00+00:00,2.03809513616808,2.5400857087940727,False
2016-06-27 20:30:00+00:00,1.506679692392286,3.0574666953312817,True
2016-06-27 21:00:00+00:00,0.975264248616492,3.923680505200508,False
2016-06-27 21:30:00+00:00,1.0557667869100982,4.801731219854225,True
2016-06-27 22:00:00+00:00,1.1362693252037044,5.330949111175923,False
2016-06-27 22:30:00+00:00,0.6635803432645065,3.073526948470447,True
2016-06-27 23:00:00+00:00,0.1908913613253088,0.8161047857649703,False
2016-06-27 23:30:00+00:00,0.6728224917030967,1.1241862566625516,True
2016-06-28 00:00:00+00:00,1.1547536220808845,1.810241869046088,False
2016-06-28 00:30:00+00:00,0.5832143215317522,3.4215126950873396,True
2016-06-28 01:00:00+00:00,0.0116750209826199,4.965370154546816,False
2016-06-28 01:30:00+00:00,0.6078205391811382,5.436699581578442,True
2016-06-28 02:00:00+00:00,1.203966057379657,5.738737542616899,False
2016-06-28 02:30:00+00:00,0.9239495432475506,6.0319611793599694,True
2016-06-28 03:00:00+00:00,0.5798502358049664,6.183915507192029,False
2016-06-28 03:30:00+00:00,0.4671654955701017,4.157396188013779,True
2016-06-28 04:00:00+00:00,0.418563548645715,2.130876868835529,False
2016-06-28 04:30:00+00:00,0.7769860732225304,2.271351926186842,True
2016-06-28 05:00:00+00:00,1.1354085977993458,2.6186802187116727,False
2016-06-28 05:30:00+00:00,0.8244517269106468,4.083887544090859,True
2016-06-28 06:00:00+00:00,0.4079396591784851,5.342241634296529,False
2016-06-28 06:30:00+00:00,0.20645119353666275,4.34786524490528,True
2016-06-28 07:00:00+00:00,0.1105179247383031,3.353488855514031,False
2016-06-28 07:30:00+00:00,0.2567564020472256,3.5809418388421492,True
2016-06-28 08:00:00+00:00,0.5705055612743741,3.8083948221702673,False
2016-06-28 08:30:00+00:00,1.2187250288099987,2.44151276938178,True
2016-06-28 09:00:00+00:00,1.8036837781732944,1.0746307165932925,False
2016-06-28 09:30:00+00:00,1.9812713425298885,1.202676302979728,True
2016-06-28 10:00:00+00:00,2.054608943140585,1.5157383391641115,False
2016-06-28 10:30:00+00:00,1.456255892919373,2.7565052260864493,True
2016-06-28 11:00:00+00:00,0.8579028426981612,3.812255663210839,False
2016-06-28 11:30:00+00:00,1.1183039520701914,3.642808298597537,True
2016-06-28 12:00:00+00:00,1.3787050614422216,3.3015057670221117,False
2016-06-28 12:30:00+00:00,1.0866475673457077,2.690103813903862,True
2016-06-28 13:00:00+00:00,0.794590073249194,2.250557027747735,False
2016-06-28 13:30:00+00:00,1.4609640797044852,2.582972886085163,True
2016-06-28 14:00:00+00:00,2.127338086159776,3.2919720658191967,False
2016-06-28 14:30:00+00:00,1.9492331356988504,4.82285448594969,True
2016-06-28 15:00:00+00:00,1.6028832106419908,6.013094128689648,False
2016-06-28 15:30:00+00:00,1.058015921645858,6.067980109069012,True
2016-06-28 16:00:00+00:00,0.6640176580845196,6.086925545442305,False
2016-06-28 16:30:00+00:00,0.6372858457254088,6.015979017724597,True
2016-06-28 17:00:00+00:00,0.6279299825274374,5.86065839996926,False
2016-06-28 17:30:00+00:00,0.7120485105446396,5.486561968669411,True
2016-06-28 18:00:00+00:00,0.8841191965483277,5.19683962740719,False
2016-06-28 18:30:00+00:00,1.208750725991919,5.761732501512318,True
2016-06-28 19:00:00+00:00,1.4454300974490246,6.326625375617448,False
2016-06-28 19:30:00+00:00,0.7497145355275683,6.1060684683397515,True
2016-06-28 20:00:00+00:00,0.0363032450203091,5.572068522786487,False
2016-06-28 20:30:00+00:00,0.009303758217253195,3.724435534090129,True
2016-06-28 21:00:00+00:00,0.0,1.8670610121466031,False
2016-06-28 21:30:00+00:00,0.11657743132265742,1.3139869227497103,True
2016-06-28 22:00:00+00:00,0.3417142254844439,1.0840974048755545,False
2016-06-28 22:30:00+00:00,0.6937276023373328,3.2624967451845963,True
2016-06-28 23:00:00+00:00,0.9371816163510924,5.4408960854936375,False
2016-06-28 23:30:00+00:00,0.7287405582095289,5.183227088016997,True
2016-06-29 00:00:00+00:00,0.5163814920173048,4.620102331429754,False
2016-06-29 00:30:00+00:00,0.5104301355284265,3.533012656472488,True
2016-06-29 01:00:00+00:00,0.508396787090209,2.2309894251926137,False
2016-06-29 01:30:00+00:00,0.5921172603064705,1.0487171695987605,True
2016-06-29 02:00:00+00:00,0.675837733522732,0.3868342294381174,False
2016-06-29 02:30:00+00:00,0.49834760984301113,3.1247343489793504,True
2016-06-29 03:00:00+00:00,0.3208574861632902,5.862634468520583,False
2016-06-29 03:30:00+00:00,0.8590035820324131,4.114720866939631,True
2016-06-29 04:00:00+00:00,1.3971496779015358,2.3668072653586805,False
2016-06-29 04:30:00+00:00,1.0546675667923082,3.5397339758842614,True
2016-06-29 05:00:00+00:00,0.5860664709644618,4.712660686409843,False
2016-06-29 05:30:00+00:00,0.33996347439839975,4.320222375087694,True
2016-06-29 06:00:00+00:00,0.2199794625509563,3.665601148133974,False
2016-06-29 06:30:00+00:00,0.3138431185888767,3.1958695834364916,True
2016-06-29 07:00:00+00:00,0.4077067746267971,2.6151920121451755,False
2016-06-29 07:30:00+00:00,0.2054634474172758,1.1399990305836034,True
2016-06-29 08:00:00+00:00,0.0032201202077545,0.037934971247434,False
2016-06-29 08:30:00+00:00,0.6529024449472938,1.285335847327846,True
2016-06-29 09:00:00+00:00,1.5238759565112168,2.532736723408258,False
2016-06-29 09:30:00+00:00,1.946659587287197,2.1375404726661955,True
2016-06-29 10:00:00+00:00,2.148152031238793,1.4746759483662482,False
2016-06-29 10:30:00+00:00,1.3868940984864977,0.7990469495079919,True
2016-06-29 11:00:00+00:00,0.6256361657342022,0.3910862242076209,False
2016-06-29 11:30:00+00:00,2.262958584626186,1.7613647590064034,True
2016-06-29 12:00:00+00:00,3.900281003518169,3.1316432938051864,False
2016-06-29 12:30:00+00:00,3.1368027732320956,2.1023912627628043,True
2016-06-29 13:00:00+00:00,2.373324542946022,1.0731392317204225,False
2016-06-29 13:30:00+00:00,2.4817783826291535,1.9694927241997642,True
2016-06-29 14:00:00+00:00,2.5902322223122853,2.8658462166791057,False
2016-06-29 14:30:00+00:00,2.021111389327832,2.8252002576360433,True
2016-06-29 15:00:00+00:00,1.4519905563433786,2.784554298592981,False
2016-06-29 15:30:00+00:00,1.8307572755488075,3.8443323570032786,True
2016-06-29 16:00:00+00:00,2.2095239947542367,5.161265283672307,False
2016-06-29 16:30:00+00:00,1.3104463917908225,5.571073941353161,True
2016-06-29 17:00:00+00:00,0.4113687888274088,5.817603761461779,False
2016-06-29 17:30:00+00:00,0.777150122033861,5.996031826288085,True
2016-06-29 18:00:00+00:00,1.1429314552403131,6.080583860427897,False
2016-06-29 18:30:00+00:00,0.9489356875649531,4.425329526161454,True
2016-06-29 19:00:00+00:00,0.6149182643716956,2.7700751918950104,False
2016-06-29 19:30:00+00:00,0.24775490450960555,3.305421536265627,True
2016-06-29 20:00:00+00:00,0.0186097032629355,3.840767880636244,False
2016-06-29 20:30:00+00:00,0.015590904003372125,3.1442037254765367,True
2016-06-29 21:00:00+00:00,0.0145756016462861,2.447639570316829,False
2016-06-29 21:30:00+00:00,0.18563591621377268,4.113545475826944,True
2016-06-29 22:00:00+00:00,0.4829091119504375,5.77945138133706,False
2016-06-29 22:30:00+00:00,0.8197885979234971,5.010139822017754,True
2016-06-29 23:00:00+00:00,1.0304552027273786,4.240828262698449,False
2016-06-29 23:30:00+00:00,0.7624221413854336,5.201501748121382,True
2016-06-30 00:00:00+00:00,0.4079396591784851,6.162175233544316,False
2016-06-30 00:30:00+00:00,0.24502164553559053,3.4714382410886575,True
2016-06-30 01:00:00+00:00,0.1685530527576995,0.7807012486329994,False
2016-06-30 01:30:00+00:00,0.876438847233644,0.8168534890092846,True
2016-06-30 02:00:00+00:00,1.5843246417095886,0.8898555880667773,False
2016-06-30 02:30:00+00:00,1.5317401269147652,1.0217303794445276,True
2016-06-30 03:00:00+00:00,1.4069929386072184,1.11675531214107,False
2016-06-30 03:30:00+00:00,0.9832065863499664,0.7092544766801331,True
2016-06-30 04:00:00+00:00,0.6315829076054378,0.3017536412191962,False
2016-06-30 04:30:00+00:00,0.7359564856034899,1.8266722477568345,True
2016-06-30 05:00:00+00:00,0.8403300636015418,3.351590854294473,False
2016-06-30 05:30:00+00:00,0.6049190544188414,1.7640972632617573,True
2016-06-30 06:00:00+00:00,0.3695080452361409,0.176603672229042,False
2016-06-30 06:30:00+00:00,1.0966485039562222,0.5503151823243617,True
2016-06-30 07:00:00+00:00,1.823788962676303,0.9240266924196816,False
2016-06-30 07:30:00+00:00,0.9206636365569556,0.563286958674158,True
2016-06-30 08:00:00+00:00,0.0175383104376084,0.2025472249286347,False
2016-06-30 08:30:00+00:00,0.33247878835511235,0.6316607675587641,True
2016-06-30 09:00:00+00:00,0.9573941529397548,1.3860400281506235,False
2016-06-30 09:30:00+00:00,2.0230604996803585,2.143570904445672,True
2016-06-30 10:00:00+00:00,2.778751959753824,2.830608659058232,False
2016-06-30 10:30:00+00:00,2.385953350277117,3.351607016003227,True
2016-06-30 11:00:00+00:00,1.9931547408004096,3.6178327766689815,False
2016-06-30 11:30:00+00:00,3.3759717855492455,3.094074133445036,True
2016-06-30 12:00:00+00:00,4.758788830298082,2.390615496188682,False
2016-06-30 12:30:00+00:00,3.4146762902358496,2.0466441076005806,True
2016-06-30 13:00:00+00:00,2.070563750173617,1.8823727130448875,False
2016-06-30 13:30:00+00:00,3.135592393360874,2.9580079963361907,True
2016-06-30 14:00:00+00:00,4.200621036548131,4.033643279627494,False
2016-06-30 14:30:00+00:00,3.6103343163016692,3.7970948451306477,True
2016-06-30 15:00:00+00:00,2.605028829846351,3.2585532216510864,False
2016-06-30 15:30:00+00:00,1.532524781772866,1.7395444468134333,True
2016-06-30 16:00:00+00:00,0.8750394999082375,0.5225288609584954,False
2016-06-30 16:30:00+00:00,1.073822205884014,0.6668202359910496,True
2016-06-30 17:00:00+00:00,1.430925439037661,0.8660825407172967,False
2016-06-30 17:30:00+00:00,1.8648595913169572,0.9744092281786709,True
2016-06-30 18:00:00+00:00,2.1666415235590795,1.027764985946352,False
2016-06-30 18:30:00+00:00,2.2032823888289044,0.9901650051475878,True
2016-06-30 19:00:00+00:00,2.222986337257814,0.9525650243488234,False
2016-06-30 19:30:00+00:00,2.2349554873132775,1.0405854334567046,True
2016-06-30 20:00:00+00:00,2.250447427598966,1.1414684502321408,False
2016-06-30 20:30:00+00:00,2.3706415337184894,1.1627901652674577,True
2016-06-30 21:00:00+00:00,2.609169660265202,1.1712492726352195,False
