Data set, n locations, n data points, R2 test, R2 train, MAE, ta,vpd,ppfd_in,swc_shallow, Best parameters 
k_means_0_rf, 73, 1831729, 0.4806707583957147, 0.46872455864950247, 320.24768496111545, 0.2102,0.185,0.3328,0.272, {'max_depth': 25, 'n_estimators': 1200} 
k_means_1_rf, 5, 59346, 0.8349864255013809, 0.832722933048918, 1218.1312906530325, 0.1155,0.0904,0.6141,0.18, {'max_depth': 20, 'n_estimators': 1200} 
k_means_2_rf, 15, 301659, 0.7535119685089914, 0.7479059600800589, 996.8362471574975, 0.1299,0.4859,0.2256,0.1586, {'max_depth': 25, 'n_estimators': 1200} 
k_means_3_rf, 2, 49875, 0.9653891993465078, 0.9637498082361363, 899.4617218020934, 0.012,0.2131,0.7593,0.0156, {'max_depth': 25, 'n_estimators': 800} 
